datetime,s_a,s_b,irr,LAI,temperature_2m,relative_humidity_2m,cloud_cover,wind_speed_10m,wind_direction_100m,soil_temperature_0_to_7cm,soil_temperature_7_to_28cm,soil_temperature_28_to_100cm,rain,precipitation,evapotranspiration,Temp,Hum,Int,UVI,WS,WD,RG,BP
2024-12-12 12:00:00,14.1625005225531,12.5018139511323,0.0,0.0,18.1,35,0,6.4,311,14.3,12.0,17.0,0.0,0.0,0.31,16.0,37.0,42135.0,3.0,2.0,316.0,0.0,100590.0
2024-12-12 13:00:00,14.1350522902936,12.5556383374804,0.0,0.0001827485380116959,18.9,34,0,7.1,334,15.1,12.2,17.0,0.0,0.0,0.32,18.0,34.0,45420.0,3.0,3.0,300.0,0.0,100500.0
2024-12-12 14:00:00,14.0945910300045,12.4284774172434,0.0,0.0003654970760233918,18.9,33,1,7.0,351,16.0,12.5,17.0,0.0,0.0,0.29,19.0,31.0,41185.0,3.0,3.0,324.0,0.0,100440.0
2024-12-12 15:00:00,14.0613572265667,12.6724975986621,0.0,0.0005482456140350877,17.8,41,1,9.6,40,16.2,12.8,17.0,0.0,0.0,0.23,19.0,38.0,28431.0,1.0,4.0,15.0,0.0,100380.0
2024-12-12 16:00:00,14.2385098127389,12.5846055668918,0.0,0.0007309941520467836,15.9,50,0,8.4,74,15.7,13.1,17.0,0.0,0.0,0.13,18.0,44.0,13915.0,1.0,2.0,54.0,0.0,100400.0
2024-12-12 17:00:00,13.9859818847084,12.4865785047401,0.0,0.0009137426900584795,12.4,57,0,6.9,91,14.4,13.3,17.0,0.0,0.0,0.04,18.0,48.0,4766.0,0.0,2.0,63.0,0.0,100410.0
2024-12-12 18:00:00,14.0300097797169,12.2599976602216,0.0,0.0010964912280701754,11.4,60,0,3.0,101,12.9,13.4,16.9,0.0,0.0,0.0,14.0,58.0,156.0,0.0,2.0,110.0,0.0,100450.0
2024-12-12 19:00:00,14.1610288672285,12.6250417570004,0.0,0.0012792397660818713,10.5,63,0,0.7,78,11.8,13.4,16.9,0.0,0.0,0.0,12.0,60.0,0.0,0.0,1.0,337.0,0.0,100460.0
2024-12-12 20:00:00,14.1952975259759,12.4195042993733,0.0,0.0014619883040935672,9.6,65,6,1.0,28,10.9,13.3,16.9,0.0,0.0,0.0,10.0,65.0,0.0,0.0,0.0,154.0,0.0,100520.0
2024-12-12 21:00:00,14.0820658190332,12.6293608847898,0.0,0.001644736842105263,8.6,67,21,4.1,282,10.2,13.2,16.9,0.0,0.0,0.0,8.0,69.0,0.0,0.0,1.0,180.0,0.0,100570.0
2024-12-12 22:00:00,13.9901163121009,12.6277454093242,0.0,0.001827485380116959,8.9,64,94,7.3,254,9.9,13.1,16.9,0.0,0.0,0.02,8.0,69.0,0.0,0.0,1.0,177.0,0.0,100620.0
2024-12-12 23:00:00,14.065521400075,12.4754659478332,0.0,0.002010233918128655,10.1,60,72,6.6,242,10.1,13.0,16.9,0.0,0.0,0.02,9.0,68.0,0.0,0.0,1.0,216.0,0.0,100670.0
2024-12-13 00:00:00,14.0677465423002,12.6834468049841,0.0,0.0021929824561403508,10.4,57,49,7.8,226,10.1,12.9,16.9,0.0,0.0,0.03,6.0,76.0,0.0,0.0,1.0,180.0,0.0,100720.0
2024-12-13 01:00:00,14.2832065373053,12.6240120177503,0.0,0.0023757309941520467,9.2,52,26,8.4,222,9.9,13.0,16.9,0.0,0.0,0.03,7.0,76.0,0.0,0.0,0.0,148.0,0.0,100720.0
2024-12-13 02:00:00,14.1050348147019,12.7911175285726,0.0,0.0025584795321637425,9.9,54,18,8.5,221,9.9,12.9,16.8,0.0,0.0,0.03,6.0,76.0,0.0,0.0,1.0,180.0,0.0,100730.0
2024-12-13 03:00:00,14.0100380582424,12.4929147316518,0.0,0.0027412280701754384,8.6,62,23,7.2,224,9.7,12.8,16.8,0.0,0.0,0.02,8.0,67.0,0.0,0.0,0.0,258.0,0.0,100740.0
2024-12-13 04:00:00,14.2090953635871,12.4978996633429,0.0,0.0029239766081871343,8.1,67,9,7.6,228,9.5,12.7,16.8,0.0,0.0,0.02,5.0,76.0,0.0,0.0,0.0,102.0,0.0,100770.0
2024-12-13 05:00:00,14.010012037743,12.4537808494075,0.0,0.0031067251461988302,7.4,72,0,6.5,225,9.2,12.6,16.8,0.0,0.0,0.01,8.0,60.0,0.0,0.0,2.0,198.0,0.0,100750.0
2024-12-13 06:00:00,14.1607378934816,12.7094982748615,0.0,0.003289473684210526,6.9,76,0,5.5,230,8.9,12.5,16.8,0.0,0.0,0.0,9.0,58.0,0.0,0.0,2.0,192.0,0.0,100780.0
2024-12-13 07:00:00,13.9412623698418,12.3524775214489,0.0,0.003472222222222222,6.8,79,3,5.2,231,8.6,12.3,16.8,0.0,0.0,0.0,9.0,60.0,0.0,0.0,2.0,204.0,0.0,100870.0
2024-12-13 08:00:00,13.9171745654701,12.6841743491169,0.0,0.003654970760233918,8.7,75,1,4.5,238,8.7,12.2,16.8,0.0,0.0,0.02,8.0,63.0,694.0,0.0,1.0,204.0,0.0,100910.0
2024-12-13 09:00:00,14.1301293044777,12.5676773260158,0.0,0.003837719298245614,12.6,67,0,5.7,242,10.0,12.1,16.7,0.0,0.0,0.08,11.0,59.0,6332.0,0.0,1.0,179.0,0.0,100990.0
2024-12-13 10:00:00,14.1052571585181,12.7217354923794,0.0,0.00402046783625731,15.6,58,0,5.6,259,11.8,12.2,16.7,0.0,0.0,0.18,13.0,55.0,17764.0,1.0,2.0,210.0,0.0,101080.0
2024-12-13 11:00:00,14.2275065908063,12.5452181057815,0.0,0.004203216374269006,17.4,51,0,6.4,271,13.7,12.3,16.7,0.0,0.0,0.25,15.0,50.0,32635.0,1.0,3.0,274.0,0.0,101120.0
2024-12-13 12:00:00,14.2008445453122,12.5367456996221,0.0,0.0043859649122807015,18.7,47,0,6.0,275,15.3,12.5,16.7,0.0,0.0,0.3,16.0,47.0,42740.0,2.0,3.0,274.0,0.0,101090.0
2024-12-13 13:00:00,13.9407109817598,12.5038968581895,0.0,0.004568713450292397,20.1,40,0,5.7,287,16.9,12.8,16.7,0.0,0.0,0.32,18.0,43.0,45246.0,2.0,2.0,251.0,0.0,100990.0
2024-12-13 14:00:00,14.1311318205979,12.3009104249527,0.0,0.004751461988304093,20.4,38,0,6.0,325,17.6,13.2,16.7,0.0,0.0,0.29,20.0,40.0,39358.0,2.0,3.0,246.0,0.0,100950.0
2024-12-13 15:00:00,14.2250829831775,12.6428978479393,0.0,0.004934210526315789,18.8,48,0,13.2,14,17.6,13.5,16.7,0.0,0.0,0.24,20.0,41.0,26992.0,1.0,4.0,354.0,0.0,100940.0
2024-12-13 16:00:00,14.0167500832978,12.67881295095,0.0,0.005116959064327485,16.0,62,1,12.0,25,16.9,13.8,16.7,0.0,0.0,0.13,19.0,48.0,11847.0,1.0,4.0,36.0,0.0,100990.0
2024-12-13 17:00:00,14.132817064812,12.5808559030288,0.0,0.005299707602339181,13.1,78,3,4.9,49,15.5,14.0,16.6,0.0,0.0,0.02,17.0,50.0,3858.0,0.0,3.0,33.0,0.0,101060.0
2024-12-13 18:00:00,14.2069921393422,12.6552766360898,0.0,0.005482456140350877,12.6,81,0,2.9,49,14.1,14.1,16.6,0.0,0.0,0.0,14.0,62.0,0.0,0.0,1.0,120.0,0.0,101160.0
2024-12-13 19:00:00,14.0826827405695,12.5304823359299,0.0,0.005665204678362573,12.2,82,0,0.9,53,13.0,14.1,16.6,0.0,0.0,0.0,13.0,66.0,0.0,0.0,1.0,138.0,0.0,101230.0
2024-12-13 20:00:00,14.2314762265768,12.6832915320702,0.0,0.005847953216374269,11.2,82,0,1.1,98,12.1,14.1,16.6,0.0,0.0,0.0,11.0,69.0,0.0,0.0,0.0,186.0,0.0,101290.0
2024-12-13 21:00:00,14.0216421660049,12.6600886155294,0.0,0.006030701754385965,10.4,83,0,3.2,287,11.4,14.0,16.6,0.0,0.0,0.0,8.0,79.0,0.0,0.0,0.0,180.0,0.0,101350.0
2024-12-13 22:00:00,14.2521835106479,12.6893700219033,0.0,0.0062134502923976605,9.9,85,0,3.9,234,10.9,13.9,16.6,0.0,0.0,0.0,8.0,74.0,0.0,0.0,0.0,174.0,0.0,101400.0
2024-12-13 23:00:00,14.1166179737995,12.7004536075864,0.0,0.006396198830409356,9.7,80,0,2.7,205,10.4,13.7,16.6,0.0,0.0,0.0,8.0,69.0,0.0,0.0,1.0,180.0,0.0,101430.0
2024-12-14 00:00:00,13.9836540313482,12.4931506599519,0.0,0.006578947368421052,9.0,82,4,3.2,288,10.0,13.6,16.6,0.0,0.0,0.0,9.0,72.0,0.0,0.0,0.0,186.0,0.0,101470.0
2024-12-14 01:00:00,14.2196545218865,12.9044341744206,0.0,0.006761695906432748,8.2,80,0,4.4,254,9.6,13.5,16.6,0.0,0.0,0.0,7.0,73.0,0.0,0.0,1.0,174.0,0.0,101410.0
2024-12-14 02:00:00,14.042643610438,12.5396336595833,0.0,0.006944444444444444,7.9,75,1,4.7,234,9.4,13.4,16.6,0.0,0.0,0.0,7.0,76.0,0.0,0.0,0.0,180.0,0.0,101420.0
2024-12-14 03:00:00,14.1537653604959,12.513038166928,0.0,0.00712719298245614,7.5,75,99,3.1,293,9.1,13.2,16.6,0.0,0.0,0.0,6.0,75.0,0.0,0.0,1.0,174.0,0.0,101390.0
2024-12-14 04:00:00,14.1904365950361,12.5383929491226,0.0,0.007309941520467836,7.2,74,91,3.3,256,9.0,13.0,16.6,0.0,0.0,0.0,5.0,78.0,0.0,0.0,0.0,173.0,0.0,101430.0
2024-12-14 05:00:00,14.0472715855782,12.5533568593607,0.0,0.007492690058479532,6.4,74,99,4.6,223,9.0,12.9,16.6,0.0,0.0,0.0,5.0,77.0,0.0,0.0,1.0,180.0,0.0,101410.0
2024-12-14 06:00:00,14.047486667141,12.6097253841595,0.0,0.007675438596491228,5.7,78,82,6.6,258,8.9,12.7,16.6,0.0,0.0,0.0,6.0,77.0,0.0,0.0,1.0,168.0,0.0,101470.0
2024-12-14 07:00:00,14.2743263306084,12.5866363781652,0.0,0.007858187134502924,6.6,75,49,6.7,220,8.9,12.6,16.5,0.0,0.0,0.0,6.0,77.0,0.0,0.0,1.0,160.0,0.0,101540.0
2024-12-14 08:00:00,14.17050114168,12.719170161824,0.0,0.00804093567251462,7.7,75,64,6.9,239,9.1,12.4,16.5,0.0,0.0,0.02,6.0,81.0,1049.0,0.0,0.0,353.0,0.0,101580.0
2024-12-14 09:00:00,14.1472321986359,12.4988122373263,0.0,0.008223684210526315,10.4,75,99,6.2,278,10.0,12.4,16.5,0.0,0.0,0.07,9.0,77.0,7526.0,0.0,1.0,264.0,0.0,101620.0
2024-12-14 10:00:00,14.1909456114664,12.511691441102,0.0,0.008406432748538011,13.5,72,57,6.0,277,11.5,12.4,16.5,0.0,0.0,0.14,12.0,69.0,20224.0,1.0,2.0,252.0,0.0,101680.0
2024-12-14 11:00:00,14.2280110307342,12.5694971144637,0.0,0.008589181286549707,15.6,61,57,2.7,322,13.4,12.5,16.5,0.0,0.0,0.23,14.0,71.0,33993.0,2.0,2.0,299.0,0.0,101690.0
2024-12-14 12:00:00,13.9265332532179,12.5459365358751,0.0,0.008771929824561403,16.7,55,60,5.5,9,15.1,12.6,16.5,0.0,0.0,0.28,16.0,70.0,42424.0,3.0,2.0,44.0,0.0,101640.0
2024-12-14 13:00:00,14.1534029178087,12.5134153416951,0.0,0.008954678362573099,17.3,57,68,8.8,24,16.2,13.1,16.5,0.0,0.0,0.29,17.0,62.0,41500.0,3.0,2.0,24.0,0.0,101560.0
2024-12-14 14:00:00,14.3416496755978,12.3693476492303,0.0,0.009137426900584795,17.2,61,85,10.2,33,16.8,13.4,16.5,0.0,0.0,0.26,17.0,63.0,39857.0,2.0,4.0,30.0,0.0,101540.0
2024-12-14 15:00:00,14.0325244972659,12.5747265924547,0.0,0.00932017543859649,16.8,64,98,11.2,45,16.9,13.6,16.5,0.0,0.0,0.19,17.0,63.0,23300.0,1.0,3.0,64.0,0.0,101520.0
2024-12-14 16:00:00,13.9930905537407,12.7353932146745,0.0,0.009502923976608187,15.8,67,0,10.6,52,16.4,13.9,16.5,0.0,0.0,0.11,17.0,64.0,9778.0,0.0,4.0,66.0,0.0,101530.0
2024-12-14 17:00:00,14.0946971405185,12.442489820189,0.0,0.009685672514619883,13.0,83,19,6.3,51,15.2,14.0,16.4,0.0,0.0,0.02,15.0,73.0,2864.0,0.0,3.0,48.0,0.0,101600.0
2024-12-14 18:00:00,14.2496222854081,12.6701022061142,0.0,0.009868421052631578,12.1,86,21,3.6,64,13.9,14.1,16.4,0.0,0.0,0.0,13.0,80.0,0.0,0.0,0.0,72.0,0.0,101650.0
2024-12-14 19:00:00,14.1745905460784,12.4703652705432,0.0,0.010051169590643274,11.9,82,14,1.9,69,12.9,14.1,16.4,0.0,0.0,0.0,11.0,84.0,0.0,0.0,0.0,174.0,0.0,101760.0
2024-12-14 20:00:00,14.2114724381184,12.6568767977702,0.0,0.01023391812865497,11.0,82,60,2.7,99,12.0,14.0,16.4,0.0,0.0,0.0,9.0,82.0,0.0,0.0,0.0,174.0,0.0,101790.0
2024-12-14 21:00:00,14.153652072323,12.3318352454578,0.0,0.010416666666666666,9.8,87,6,2.6,110,11.4,14.0,16.4,0.0,0.0,0.0,9.0,82.5,0.0,0.0,0.0,174.0,0.0,101795.0
2024-12-14 22:00:00,14.2357344687717,12.4167758138467,0.0,0.010599415204678362,9.0,91,62,2.1,37,10.8,13.8,16.4,0.0,0.0,0.0,9.0,83.0,0.0,0.0,0.0,174.0,0.0,101800.0
2024-12-14 23:00:00,14.2703085166499,12.6374014979553,0.0,0.010782163742690058,8.8,92,76,2.4,311,10.4,13.7,16.4,0.0,0.0,0.0,8.0,83.0,0.0,0.0,0.0,186.0,0.0,101840.0
2024-12-15 00:00:00,14.1494999984324,12.5510758075859,0.0,0.010964912280701754,8.7,90,19,4.7,235,10.0,13.5,16.4,0.0,0.0,0.0,9.0,85.0,0.0,0.0,1.0,180.0,0.0,101840.0
2024-12-15 01:00:00,14.2288708779422,12.4835284328914,0.0,0.01114766081871345,8.6,87,98,4.4,262,9.9,13.6,16.4,0.0,0.0,0.0,8.0,86.0,0.0,0.0,1.0,180.0,0.0,101810.0
2024-12-15 02:00:00,13.9104581969823,12.5901985051972,0.0,0.011330409356725146,8.4,86,100,5.0,234,9.7,13.4,16.4,0.0,0.0,0.0,7.0,86.0,0.0,0.0,1.0,180.0,0.0,101810.0
2024-12-15 03:00:00,14.1969454918933,12.6162570911575,0.0,0.011513157894736841,8.2,86,100,5.0,216,9.7,13.3,16.4,0.0,0.0,0.0,7.0,84.0,0.0,0.0,1.0,176.0,0.0,101790.0
2024-12-15 04:00:00,14.0926141545608,12.6128299899539,0.0,0.011695906432748537,7.9,86,100,4.3,266,9.6,13.1,16.4,0.0,0.0,0.0,7.0,86.0,0.0,0.0,0.0,186.0,0.0,101750.0
2024-12-15 05:00:00,14.1411745075753,12.7095557159317,0.0,0.011878654970760233,8.4,84,91,5.5,243,9.7,13.0,16.4,0.0,0.0,0.0,7.0,91.0,0.0,0.0,0.0,102.0,0.0,101760.0
2024-12-15 06:00:00,14.1807388468284,12.677929365262,0.0,0.01206140350877193,8.4,82,34,4.8,197,9.7,12.9,16.4,0.0,0.0,0.0,6.0,90.0,0.0,0.0,1.0,171.0,0.0,101750.0
2024-12-15 07:00:00,14.3129797617195,12.5684918501633,0.0,0.012244152046783625,7.9,84,97,4.3,199,9.6,12.8,16.4,0.0,0.0,0.0,8.0,90.0,0.0,0.0,1.0,186.0,0.0,101790.0
2024-12-15 08:00:00,14.0144765486797,12.4337959556774,0.0,0.012426900584795321,9.2,80,100,6.5,200,9.9,12.7,16.4,0.0,0.0,0.02,7.0,89.0,0.0,0.0,0.0,178.0,0.0,101880.0
2024-12-15 09:00:00,14.1121314564323,12.6104934641127,0.0,0.012609649122807017,11.6,74,30,6.0,193,10.8,12.6,16.3,0.0,0.0,0.06,6.0,91.0,2175.0,0.0,0.0,170.0,0.0,101930.0
2024-12-15 10:00:00,14.2653260137424,12.4480026735821,0.0,0.012792397660818713,13.9,70,92,4.3,270,12.2,12.6,16.3,0.0,0.0,0.14,12.0,74.0,9088.0,1.0,0.0,178.0,0.0,102020.0
2024-12-15 11:00:00,14.1479329946255,12.589966457549,0.0,0.012975146198830409,15.7,64,36,4.7,14,14.0,12.7,16.3,0.0,0.0,0.23,14.0,78.0,21608.0,1.0,1.0,324.0,0.0,102100.0
2024-12-15 12:00:00,14.3122935362182,12.5062806726633,0.0,0.013157894736842105,16.9,60,100,10.2,30,15.4,12.9,16.3,0.0,0.0,0.28,16.0,70.0,29229.0,2.0,0.0,91.0,0.0,102100.0
2024-12-15 13:00:00,14.2019437238927,12.4347381552505,0.0,0.0133406432748538,17.1,60,60,14.9,44,15.7,13.1,16.3,0.0,0.0,0.27,17.0,63.0,46678.0,2.0,2.0,76.0,0.0,102080.0
2024-12-15 14:00:00,14.1986713234242,12.5299044376733,0.0,0.013523391812865496,17.1,58,10,14.1,49,16.3,13.3,16.3,0.0,0.0,0.26,17.0,60.0,25216.0,1.0,3.0,32.0,0.0,102040.0
2024-12-15 15:00:00,14.0126878504422,12.3781040193963,0.0,0.013706140350877192,16.5,62,4,14.5,48,16.5,13.5,16.3,0.0,0.0,0.2,18.0,58.0,39391.0,2.0,4.0,85.0,0.0,101980.0
2024-12-15 16:00:00,14.1522127220924,12.5224843447348,0.0,0.013888888888888888,15.4,69,19,12.5,50,16.0,13.7,16.3,0.0,0.0,0.12,17.0,63.0,30256.0,1.0,5.0,16.0,0.0,101970.0
2024-12-15 17:00:00,13.9798512560881,12.5241565324116,0.0,0.014071637426900584,12.4,85,2,6.8,58,14.9,13.9,16.3,0.0,0.0,0.02,16.0,67.0,9291.0,0.0,4.0,30.0,0.0,102010.0
2024-12-15 18:00:00,14.050649273715,12.6053360858908,0.0,0.01425438596491228,11.0,88,2,6.2,71,13.5,14.0,16.3,0.0,0.0,0.0,15.0,71.0,1857.0,0.0,3.0,30.0,0.0,102030.0
2024-12-15 19:00:00,14.0817678577173,12.6798377568161,0.0,0.014437134502923976,10.5,89,17,4.6,73,12.4,13.9,16.3,0.0,0.0,0.0,13.0,79.0,0.0,0.0,1.0,72.0,0.0,102050.0
2024-12-15 20:00:00,14.1014688219873,12.600655543053,0.0,0.014619883040935672,10.3,88,0,3.5,75,11.5,13.9,16.3,0.0,0.0,0.0,11.0,84.0,0.0,0.0,1.0,99.0,0.0,102090.0
2024-12-15 21:00:00,14.316732011291,12.4187728772676,0.0,0.014802631578947368,10.1,89,2,2.6,84,10.8,13.8,16.3,0.0,0.0,0.0,10.0,88.0,0.0,0.0,1.0,105.0,0.0,102160.0
2024-12-15 22:00:00,14.3062531349451,12.5844428236303,0.0,0.014985380116959063,9.6,89,2,1.5,75,10.2,13.6,16.3,0.0,0.0,0.0,8.0,90.0,0.0,0.0,0.0,186.0,0.0,102210.0
2024-12-15 23:00:00,13.9012213288716,12.773143579639,0.0,0.01516812865497076,9.4,88,37,1.4,63,9.6,13.5,16.3,0.0,0.0,0.0,7.0,93.0,0.0,0.0,0.0,126.0,0.0,102220.0
2024-12-16 00:00:00,14.3334397667789,12.5221549403048,0.0,0.015350877192982455,9.1,86,0,0.4,59,9.2,13.3,16.2,0.0,0.0,0.0,6.0,92.0,0.0,0.0,0.0,204.0,0.0,102240.0
2024-12-16 01:00:00,14.2427427835909,12.6729066306785,0.0,0.015533625730994151,8.5,83,5,0.7,60,8.7,13.3,16.2,0.0,0.0,0.0,6.0,90.0,0.0,0.0,0.0,180.0,0.0,102260.0
2024-12-16 02:00:00,14.335054553624,12.568794194248,0.0,0.015716374269005847,7.8,83,24,0.4,50,8.3,13.1,16.2,0.0,0.0,0.0,6.0,90.0,0.0,0.0,1.0,198.0,0.0,102260.0
2024-12-16 03:00:00,14.3464314578667,12.7583101770793,0.0,0.015899122807017545,7.1,84,5,0.3,39,8.0,12.9,16.2,0.0,0.0,0.0,4.0,88.0,0.0,0.0,0.0,192.0,0.0,102260.0
2024-12-16 04:00:00,14.0416587825626,12.7962540148494,0.0,0.01608187134502924,6.6,83,0,0.4,35,7.6,12.6,16.2,0.0,0.0,0.0,4.0,92.0,0.0,0.0,1.0,160.0,0.0,102280.0
2024-12-16 05:00:00,14.0541056194462,12.6553265792923,0.0,0.016264619883040933,5.8,85,9,1.2,33,7.3,12.4,16.2,0.0,0.0,0.0,3.0,90.0,0.0,0.0,0.0,186.0,0.0,102300.0
2024-12-16 06:00:00,13.9846309518226,12.5817466038252,0.0,0.01644736842105263,5.1,88,0,3.3,310,7.1,12.2,16.2,0.0,0.0,0.0,3.0,92.0,0.0,0.0,0.0,198.0,0.0,102270.0
2024-12-16 07:00:00,14.3269924276081,12.5266944753355,0.0,0.01663011695906433,4.9,89,0,3.8,297,7.0,12.0,16.2,0.0,0.0,0.0,2.0,89.0,0.0,0.0,0.0,168.0,0.0,102340.0
2024-12-16 08:00:00,14.2805896127351,12.6020409691088,0.0,0.016812865497076022,5.6,86,16,3.9,318,7.2,11.8,16.2,0.0,0.0,0.01,2.0,89.0,0.0,0.0,1.0,84.0,0.0,102380.0
2024-12-16 09:00:00,14.1806101777406,12.5662520927793,0.0,0.016995614035087717,10.3,78,15,4.5,324,8.4,11.6,16.2,0.0,0.0,0.07,4.0,89.0,3636.0,0.0,0.0,198.0,0.0,102430.0
2024-12-16 10:00:00,14.2019880412064,12.5300585511801,0.0,0.017178362573099414,13.9,59,0,6.1,310,10.4,11.6,16.1,0.0,0.0,0.17,8.0,80.0,8052.0,1.0,1.0,108.0,0.0,102450.0
2024-12-16 11:00:00,14.29314043812,12.408711178983,0.0,0.017361111111111112,16.0,48,0,5.4,333,12.4,11.7,16.1,0.0,0.0,0.25,10.0,78.0,24529.0,1.0,2.0,282.0,0.0,102470.0
2024-12-16 12:00:00,14.3283108439437,12.6885181918297,0.0,0.017543859649122806,17.2,43,0,6.8,8,14.1,11.9,16.1,0.0,0.0,0.3,16.0,56.0,38842.0,2.0,0.0,168.0,0.0,102430.0
2024-12-16 13:00:00,14.3080285931419,12.8972846345634,0.0,0.0177266081871345,18.1,42,0,9.3,25,15.7,12.2,16.1,0.0,0.0,0.32,16.0,52.0,44479.0,1.0,1.0,19.0,0.0,102340.0
2024-12-16 14:00:00,14.167796967994,12.7857289831981,0.0,0.017909356725146198,17.1,46,0,16.6,31,16.2,12.5,16.1,0.0,0.0,0.29,17.0,43.0,42758.0,2.0,2.0,42.0,0.0,102250.0
2024-12-16 15:00:00,14.2750686321787,12.8612041032982,0.0,0.018092105263157895,16.1,47,0,17.1,35,16.0,12.8,16.1,0.0,0.0,0.23,18.0,50.0,32830.0,2.0,4.0,23.0,0.0,102170.0
2024-12-16 16:00:00,14.301098808053,12.8651187775422,0.0,0.01827485380116959,15.1,53,0,14.8,39,15.5,13.0,16.1,0.0,0.0,0.15,17.0,47.0,18492.0,1.0,3.0,78.0,0.0,102130.0
2024-12-16 17:00:00,14.3871631341332,12.8845056994636,0.0,0.018457602339181284,13.3,59,0,11.3,54,14.4,13.2,16.1,0.0,0.0,0.06,17.0,46.0,6448.0,0.0,2.0,95.0,0.0,102140.0
2024-12-16 18:00:00,14.1908615369511,12.8906414932229,0.0,0.01864035087719298,12.2,64,0,8.8,65,13.3,13.3,16.1,0.0,0.0,0.03,15.0,54.0,1048.0,0.0,3.0,72.0,0.0,102150.0
2024-12-16 19:00:00,14.2483852603634,12.9048530523173,0.0,0.01882309941520468,10.9,65,2,4.8,68,12.1,13.3,16.1,0.0,0.0,0.01,13.0,66.0,0.0,0.0,0.0,105.0,0.0,102180.0
2024-12-16 20:00:00,14.331630554253,12.6400252008021,0.0,0.019005847953216373,9.5,60,6,0.4,44,10.9,13.3,16.0,0.0,0.0,0.0,11.0,74.0,0.0,0.0,0.0,192.0,0.0,102210.0
2024-12-16 21:00:00,14.5716027349771,12.6779278227948,0.0,0.019188596491228067,7.9,60,0,6.7,273,10.1,13.2,16.0,0.0,0.0,0.02,9.0,78.0,0.0,0.0,0.0,252.0,0.0,102220.0
2024-12-16 22:00:00,14.340265663868,12.7261497855785,0.0,0.019371345029239765,6.2,64,0,6.2,263,9.6,13.0,16.0,0.0,0.0,0.01,9.0,74.0,0.0,0.0,2.0,246.0,0.0,102210.0
2024-12-16 23:00:00,14.5068487379847,12.6650207429478,0.0,0.019554093567251463,5.4,61,0,4.4,285,9.0,12.9,16.0,0.0,0.0,0.01,7.0,72.0,0.0,0.0,2.0,174.0,0.0,102200.0
2024-12-17 00:00:00,14.4913252306719,13.0208541641447,0.0,0.019736842105263157,5.4,57,0,4.8,267,8.5,12.7,16.0,0.0,0.0,0.01,7.0,74.0,0.0,0.0,2.0,160.0,0.0,102210.0
2024-12-17 01:00:00,14.3400712861219,12.9706143601123,0.0,0.01991959064327485,5.3,57,0,4.1,268,8.4,12.6,16.0,0.0,0.0,0.01,5.0,78.0,0.0,0.0,0.0,186.0,0.0,102190.0
2024-12-17 02:00:00,14.3943358482015,12.8496978143429,0.0,0.02010233918128655,4.9,54,0,2.9,279,7.8,12.4,16.0,0.0,0.0,0.0,4.0,75.0,0.0,0.0,0.0,178.0,0.0,102150.0
2024-12-17 03:00:00,14.4533408027874,12.8557458036582,0.0,0.020285087719298246,4.4,55,0,3.8,270,7.3,12.2,16.0,0.0,0.0,0.01,4.0,73.0,0.0,0.0,1.0,180.0,0.0,102120.0
2024-12-17 04:00:00,14.2550369106445,12.8829459430184,0.0,0.02046783625730994,4.1,58,13,4.0,274,6.9,12.0,16.0,0.0,0.0,0.01,4.0,76.0,0.0,0.0,1.0,180.0,0.0,102090.0
2024-12-17 05:00:00,14.5909642751566,12.8646959816665,0.0,0.020650584795321635,4.1,59,1,4.8,272,6.7,11.8,16.0,0.0,0.0,0.01,4.0,79.0,0.0,0.0,1.0,198.0,0.0,102070.0
2024-12-17 06:00:00,14.4435508002875,12.9163014975318,0.0,0.020833333333333332,4.3,58,5,5.2,265,6.5,11.5,16.0,0.0,0.0,0.01,4.0,84.0,0.0,0.0,2.0,186.0,0.0,102080.0
2024-12-17 07:00:00,14.2881073485057,12.9332417736742,0.0,0.02101608187134503,3.8,60,64,4.7,264,6.2,11.3,15.9,0.0,0.0,0.01,4.0,85.0,0.0,0.0,0.0,168.0,0.0,102090.0
2024-12-17 08:00:00,14.4701304634274,12.6772802755038,0.0,0.021198830409356724,5.4,60,39,5.5,264,6.3,11.1,15.9,0.0,0.0,0.02,2.0,82.0,53.0,0.0,0.0,180.0,0.0,102140.0
2024-12-17 09:00:00,14.4836494424061,12.9049264546078,0.0,0.021381578947368418,10.2,57,2,5.2,255,7.7,11.0,15.9,0.0,0.0,0.08,3.0,83.0,3755.0,0.0,0.0,126.0,0.0,102160.0
2024-12-17 10:00:00,14.5276634142535,12.8780191774044,0.0,0.021564327485380116,13.9,45,6,5.4,284,9.7,11.0,15.9,0.0,0.0,0.18,10.0,57.0,12178.0,1.0,2.0,240.0,0.0,102210.0
2024-12-17 11:00:00,14.4392668744552,12.8130025994815,0.0,0.021747076023391813,16.0,38,9,5.4,314,11.8,11.0,15.9,0.0,0.0,0.26,12.0,47.0,26818.0,2.0,2.0,245.0,0.0,102220.0
2024-12-17 12:00:00,14.4886779854873,13.3856124797767,0.0,0.021929824561403508,17.1,35,95,7.6,327,13.5,11.2,15.8,0.0,0.0,0.31,15.0,38.0,40435.0,2.0,2.0,279.0,0.0,102130.0
2024-12-17 13:00:00,14.3322161262189,14.0992515713034,0.0,0.0221125730994152,17.3,42,100,8.0,342,14.6,11.4,15.8,0.0,0.0,0.3,17.0,31.0,46226.0,2.0,2.0,252.0,0.0,102050.0
2024-12-17 14:00:00,14.2525851691471,14.6448260838234,0.0,0.0222953216374269,16.9,46,68,7.5,10,15.3,11.7,15.8,0.0,0.0,0.26,18.0,28.0,41018.0,3.0,2.0,306.0,0.0,101960.0
2024-12-17 15:00:00,14.1151489542732,14.7624237620175,0.0,0.022478070175438597,16.1,51,84,8.0,33,15.5,12.0,15.8,0.0,0.0,0.2,19.0,25.0,32844.0,2.0,1.0,319.0,0.0,101900.0
2024-12-17 16:00:00,14.4475017268265,14.9546455737747,0.0,0.02266081871345029,14.5,61,98,5.5,44,14.9,12.3,15.8,0.0,0.0,0.1,18.0,35.0,17129.0,1.0,3.0,343.0,0.0,101930.0
2024-12-17 17:00:00,14.2668266686958,15.2164351033291,0.0,0.022843567251461985,11.6,71,100,2.9,66,13.6,12.4,15.8,0.0,0.0,0.02,17.0,41.0,5944.0,0.0,2.0,26.0,0.0,101940.0
2024-12-17 18:00:00,14.285914913877,15.3517554336169,0.0,0.023026315789473683,11.2,73,100,1.2,54,12.2,12.5,15.8,0.0,0.0,0.0,14.0,61.0,386.0,0.0,1.0,72.0,0.0,101980.0
2024-12-17 19:00:00,14.1015909163667,15.5210790962237,0.0,0.02320906432748538,11.2,73,99,1.6,123,11.4,12.5,15.8,0.0,0.0,0.0,12.0,67.0,0.0,0.0,2.0,110.0,0.0,102020.0
2024-12-17 20:00:00,14.3212469439722,15.5758186715798,0.0,0.023391812865497075,10.7,73,90,2.3,187,10.7,12.5,15.8,0.0,0.0,0.0,12.0,65.0,0.0,0.0,2.0,130.0,0.0,102050.0
2024-12-17 21:00:00,14.3698717774495,15.5826650831919,0.0,0.02357456140350877,9.9,72,19,2.1,246,10.1,12.5,15.7,0.0,0.0,0.0,11.0,65.0,0.0,0.0,0.0,124.0,0.0,102070.0
2024-12-17 22:00:00,14.4127637190766,15.9331251113803,0.0,0.023757309941520467,8.8,73,2,3.9,238,9.4,12.4,15.7,0.0,0.0,0.0,9.0,62.0,0.0,0.0,0.0,180.0,0.0,102090.0
2024-12-17 23:00:00,14.3622395162836,15.7922319061316,0.0,0.023940058479532164,8.3,71,7,4.6,224,9.0,12.2,15.7,0.0,0.0,0.0,9.0,62.0,0.0,0.0,1.0,222.0,0.0,102070.0
2024-12-18 00:00:00,14.3297078783035,15.8966486795327,0.0,0.02412280701754386,8.0,68,0,4.1,236,8.5,12.1,15.7,0.0,0.0,0.0,9.0,69.0,0.0,0.0,0.0,228.0,0.0,102070.0
2024-12-18 01:00:00,14.2719481829211,15.9446786557373,0.0,0.024305555555555552,7.3,70,0,4.7,236,7.8,12.1,15.7,0.0,0.0,0.0,6.0,69.0,0.0,0.0,1.0,178.0,0.0,102010.0
2024-12-18 02:00:00,14.381324832271,16.1420874676404,0.0,0.02448830409356725,7.1,60,0,4.9,218,7.7,11.9,15.7,0.0,0.0,0.01,5.0,74.0,0.0,0.0,1.0,240.0,0.0,102000.0
2024-12-18 03:00:00,14.376177452683,16.0404842046845,0.0,0.024671052631578948,7.1,55,0,4.6,203,7.5,11.7,15.7,0.0,0.0,0.01,5.0,70.0,0.0,0.0,1.0,180.0,0.0,102010.0
2024-12-18 04:00:00,14.2616187441859,16.2731839853345,0.0,0.024853801169590642,7.4,53,0,3.3,224,7.3,11.6,15.7,0.0,0.0,0.01,6.0,71.0,0.0,0.0,1.0,180.0,0.0,102020.0
2024-12-18 05:00:00,14.2449065201252,16.2107854570638,0.0,0.025036549707602336,6.8,58,0,4.8,251,7.1,11.4,15.7,0.0,0.0,0.01,5.0,70.0,0.0,0.0,0.0,192.0,0.0,101960.0
2024-12-18 06:00:00,14.2064771704795,16.2099910063892,0.0,0.025219298245614034,6.6,57,0,6.2,228,7.0,11.2,15.7,0.0,0.0,0.02,4.0,68.0,0.0,0.0,2.0,174.0,0.0,101970.0
2024-12-18 07:00:00,14.3595827322087,16.6228123703527,0.0,0.02540204678362573,6.4,56,0,5.1,231,6.9,11.1,15.6,0.0,0.0,0.01,6.0,66.0,0.0,0.0,1.0,186.0,0.0,101970.0
2024-12-18 08:00:00,14.4149959453546,16.4259399558525,0.0,0.025584795321637425,8.0,56,4,6.1,240,7.0,10.9,15.6,0.0,0.0,0.03,7.0,61.0,224.0,0.0,2.0,198.0,0.0,102010.0
2024-12-18 09:00:00,14.3758555807446,16.5043465349444,0.0,0.02576754385964912,12.1,53,0,7.9,243,8.4,10.8,15.6,0.0,0.0,0.1,8.0,56.0,5217.0,0.0,1.0,198.0,0.0,102040.0
2024-12-18 10:00:00,14.4010665539775,16.4263825659747,0.0,0.025950292397660817,15.0,50,0,5.5,262,10.4,10.8,15.6,0.0,0.0,0.17,12.0,46.0,14401.0,1.0,2.0,276.0,0.0,102070.0
2024-12-18 11:00:00,14.1928990124258,16.4945967915899,0.0,0.026133040935672515,17.1,39,0,4.2,277,12.4,11.0,15.6,0.0,0.0,0.25,14.0,38.0,28797.0,1.0,2.0,233.0,0.0,102110.0
2024-12-18 12:00:00,14.2488907124984,16.4277670517312,0.0,0.02631578947368421,18.7,36,0,3.8,262,14.2,11.2,15.6,0.0,0.0,0.3,17.0,35.0,40151.0,3.0,2.0,270.0,0.0,102030.0
2024-12-18 13:00:00,14.2414324351485,16.6806264809233,0.0,0.026498538011695903,19.9,35,1,5.2,273,14.6,11.4,15.5,0.0,0.0,0.31,18.0,32.0,43666.0,2.0,2.0,228.0,0.0,101920.0
2024-12-18 14:00:00,14.2915955193437,16.5432832800654,0.0,0.0266812865497076,20.6,33,0,4.7,287,15.8,11.7,15.5,0.0,0.0,0.28,20.0,29.0,39799.0,3.0,2.0,258.0,0.0,101810.0
2024-12-18 15:00:00,14.4035078992912,16.7114390225742,0.0,0.0268640350877193,20.6,34,0,2.2,322,16.4,12.1,15.5,0.0,0.0,0.2,21.0,26.0,28016.0,1.0,2.0,304.0,0.0,101740.0
2024-12-18 16:00:00,14.3807906220199,16.4672017935584,0.0,0.027046783625730993,18.3,60,0,3.4,46,16.2,12.4,15.5,0.0,0.0,0.11,20.0,38.0,13674.0,1.0,4.0,43.0,0.0,101760.0
2024-12-18 17:00:00,14.2940737958068,16.4324509983053,0.0,0.027229532163742687,14.4,60,0,4.2,74,14.9,12.6,15.5,0.0,0.0,0.03,19.0,42.0,4865.0,0.0,2.0,48.0,0.0,101750.0
2024-12-18 18:00:00,14.3549486806701,16.5234442534237,0.0,0.027412280701754384,13.7,62,0,0.8,90,13.4,12.8,15.5,0.0,0.0,0.0,15.0,53.0,162.0,0.0,0.0,54.0,0.0,101750.0
2024-12-18 19:00:00,14.3102552405232,16.6178020815817,0.0,0.027595029239766082,12.7,62,0,1.3,184,12.3,12.8,15.5,0.0,0.0,0.0,12.0,55.0,0.0,0.0,0.0,179.0,0.0,101770.0
2024-12-18 20:00:00,14.3375744518276,16.5498729784992,0.0,0.027777777777777776,12.2,57,2,2.4,222,11.5,12.8,15.5,0.0,0.0,0.0,11.0,65.0,0.0,0.0,1.0,180.0,0.0,101780.0
2024-12-18 21:00:00,14.3549949060187,16.6989480493771,0.0,0.02796052631578947,12.1,49,7,3.0,221,10.8,12.8,15.5,0.0,0.0,0.01,11.0,56.0,0.0,0.0,1.0,176.0,0.0,101790.0
2024-12-18 22:00:00,14.2753382778749,16.7593410318446,0.0,0.028143274853801168,12.3,43,0,2.6,232,10.3,12.7,15.5,0.0,0.0,0.01,10.0,48.0,0.0,0.0,1.0,178.0,0.0,101760.0
2024-12-18 23:00:00,14.5667265484674,16.5850456295647,0.0,0.028326023391812866,11.8,43,0,3.9,235,9.9,12.6,15.5,0.0,0.0,0.02,11.0,47.0,0.0,0.0,1.0,184.0,0.0,101760.0
2024-12-19 00:00:00,14.2615259273273,16.6696267005029,0.0,0.02850877192982456,11.3,40,0,5.6,233,9.6,12.5,15.5,0.0,0.0,0.03,11.0,44.0,0.0,0.0,2.0,178.0,0.0,101720.0
2024-12-19 01:00:00,14.3374960401022,16.756449671297,0.0,0.028691520467836254,10.5,37,6,4.4,222,8.4,12.4,15.5,0.0,0.0,0.02,11.0,40.0,0.0,0.0,2.0,186.0,0.0,101640.0
2024-12-19 02:00:00,14.3066154711148,16.9659338473119,0.0,0.02887426900584795,9.3,35,0,6.4,240,8.4,12.3,15.5,0.0,0.0,0.04,13.0,36.0,0.0,0.0,1.0,194.0,0.0,101590.0
2024-12-19 03:00:00,14.4006233236461,17.0224093364532,0.0,0.02905701754385965,8.8,36,9,6.0,253,8.4,12.1,15.5,0.0,0.0,0.03,12.0,38.0,0.0,0.0,2.0,180.0,0.0,101560.0
2024-12-19 04:00:00,14.3777597298841,16.8308023458592,0.0,0.029239766081871343,9.0,35,23,6.1,243,8.3,12.0,15.5,0.0,0.0,0.04,12.0,39.0,0.0,0.0,2.0,180.0,0.0,101540.0
2024-12-19 05:00:00,14.3362027289402,16.7478594478969,0.0,0.029422514619883038,9.2,34,20,7.1,234,8.3,11.8,15.4,0.0,0.0,0.04,13.0,37.0,0.0,0.0,4.0,258.0,0.0,101530.0
2024-12-19 06:00:00,14.4454164476441,16.8570276718214,0.0,0.029605263157894735,9.0,36,2,6.7,257,8.2,11.7,15.4,0.0,0.0,0.04,12.0,37.0,0.0,0.0,2.0,198.0,0.0,101520.0
2024-12-19 07:00:00,14.3631468306505,16.7513011476054,0.0,0.029788011695906433,10.6,30,3,11.4,238,8.3,11.6,15.4,0.0,0.0,0.08,13.0,36.0,0.0,0.0,3.0,233.0,0.0,101530.0
2024-12-19 08:00:00,14.510407296612,17.1679632207767,0.0,0.029970760233918127,12.8,30,12,13.8,225,9.0,11.5,15.4,0.0,0.0,0.11,12.0,37.0,546.0,0.0,3.0,234.0,0.0,101560.0
2024-12-19 09:00:00,14.3679407767082,16.8508418742951,0.0,0.03015350877192982,16.2,32,65,13.0,228,10.3,11.5,15.4,0.0,0.0,0.16,14.0,30.0,6241.0,0.0,4.0,185.0,0.0,101600.0
2024-12-19 10:00:00,14.2305465035741,16.9120718818811,0.0,0.03033625730994152,19.6,31,43,10.2,235,12.2,11.5,15.4,0.0,0.0,0.24,16.0,30.0,16820.0,1.0,2.0,258.0,0.0,101620.0
2024-12-19 11:00:00,14.1465752908032,17.4856657559035,0.0,0.030519005847953216,21.5,31,32,9.6,242,14.1,11.7,15.4,0.0,0.0,0.31,19.0,27.0,30815.0,1.5,3.0,268.5,0.0,101600.0
2024-12-19 12:00:00,14.4490454516286,17.8981520058667,0.0,0.03070175438596491,22.4,28,35,12.3,250,15.8,12.0,15.4,0.0,0.0,0.37,22.0,24.0,44810.0,2.0,4.0,279.0,0.0,101580.0
2024-12-19 13:00:00,14.4817405939585,18.4582260993284,0.0,0.030884502923976605,23.1,28,88,9.0,262,16.7,12.3,15.4,0.0,0.0,0.36,22.0,25.0,22680.0,1.0,4.0,279.0,0.0,101480.0
2024-12-19 14:00:00,14.3456089477847,18.8969080436872,0.0,0.031067251461988302,22.7,33,99,6.3,273,17.3,12.6,15.4,0.0,0.0,0.26,23.0,26.0,44211.0,2.0,2.0,220.0,0.0,101400.0
2024-12-19 15:00:00,14.3353485812485,19.2409584394939,0.0,0.03125,21.4,41,100,4.2,283,17.3,13.0,15.4,0.0,0.0,0.14,23.0,26.0,18441.0,1.0,0.0,306.0,0.0,101350.0
2024-12-19 16:00:00,14.2938502838946,19.4875502081899,0.0,0.031432748538011694,19.6,49,90,3.1,305,16.6,13.2,15.4,0.0,0.0,0.07,22.0,29.0,12148.0,1.0,2.0,258.0,0.0,101340.0
2024-12-19 17:00:00,14.2720442375273,19.6736546158079,0.0,0.03161549707602339,18.2,45,100,2.2,290,15.7,13.4,15.4,0.0,0.0,0.03,21.0,32.0,1889.0,0.0,0.0,206.0,0.0,101320.0
2024-12-19 18:00:00,14.2496791992064,19.8982811484768,0.0,0.03179824561403509,16.2,57,100,1.6,270,14.7,13.6,15.4,0.1,0.1,0.0,19.0,37.0,0.0,0.0,0.0,288.0,0.0,101360.0
2024-12-19 19:00:00,14.3102966348622,19.8683120953958,0.0,0.031980994152046784,14.5,58,37,6.0,201,13.7,13.6,15.4,0.0,0.0,0.02,18.0,39.0,0.0,0.0,2.0,211.0,0.0,101410.0
2024-12-19 20:00:00,14.4552462385306,20.2751371585873,0.0,0.03216374269005848,13.0,59,12,6.9,211,12.9,13.7,15.4,0.0,0.0,0.02,17.0,42.0,0.0,0.0,1.0,216.0,0.0,101460.0
2024-12-19 21:00:00,14.2566820787379,20.249833867175,0.0,0.03234649122807017,13.1,61,24,7.6,219,12.4,13.6,15.4,0.0,0.0,0.02,16.0,47.0,0.0,0.0,0.0,192.0,0.0,101470.0
2024-12-19 22:00:00,14.2641565883207,20.3949976246697,0.0,0.032529239766081866,12.9,66,62,6.8,218,12.1,13.6,15.4,0.0,0.0,0.02,15.0,47.0,0.0,0.0,1.0,182.0,0.0,101470.0
2024-12-19 23:00:00,14.4478984047489,20.3224236339889,0.0,0.03271198830409357,13.1,69,94,6.8,223,11.9,13.5,15.4,0.0,0.0,0.01,15.0,49.0,0.0,0.0,1.0,186.0,0.0,101470.0
2024-12-20 00:00:00,14.266162038246,20.6297233564175,0.0,0.03289473684210526,13.4,70,63,6.5,237,11.9,13.5,15.4,0.0,0.0,0.01,17.0,49.0,0.0,0.0,1.0,174.0,0.0,101440.0
2024-12-20 01:00:00,14.3923432296828,20.7507817014315,0.0,0.033077485380116955,14.5,62,98,6.6,262,13.8,13.9,15.4,0.0,0.0,0.02,15.0,57.0,0.0,0.0,1.0,6.0,0.0,101450.0
2024-12-20 02:00:00,14.5111504202783,20.5882704945293,0.0,0.03326023391812866,15.1,61,100,7.3,255,13.5,13.9,15.4,0.0,0.0,0.03,15.0,50.0,0.0,0.0,1.0,223.0,0.0,101460.0
2024-12-20 03:00:00,14.5329380984373,20.799418141558,0.0,0.03344298245614035,14.4,59,100,7.9,243,13.1,13.9,15.4,0.0,0.0,0.03,16.0,46.0,0.0,0.0,3.0,239.0,0.0,101460.0
2024-12-20 04:00:00,14.435976896403,20.7966297317401,0.0,0.033625730994152045,13.9,60,100,11.4,219,12.9,13.9,15.4,0.0,0.0,0.04,16.0,55.0,0.0,0.0,1.0,228.0,0.0,101470.0
2024-12-20 05:00:00,14.3699446113661,20.5887160837742,0.0,0.03380847953216374,13.7,68,99,11.3,219,12.8,13.8,15.4,0.0,0.0,0.03,15.0,65.0,0.0,0.0,1.0,233.0,0.0,101450.0
2024-12-20 06:00:00,14.3492926809003,20.8837765481631,0.0,0.03399122807017543,13.2,76,99,10.0,222,12.6,13.8,15.4,0.0,0.0,0.02,15.0,65.0,0.0,0.0,1.0,204.0,0.0,101430.0
2024-12-20 07:00:00,14.420528684468,21.0972768062472,0.0,0.034173976608187134,12.7,80,96,7.7,232,12.4,13.8,15.4,0.0,0.0,0.0,15.0,66.0,0.0,0.0,1.0,198.0,0.0,101480.0
2024-12-20 08:00:00,14.3471158262007,21.0392174700007,0.0,0.03435672514619883,13.1,80,94,5.0,229,12.4,13.7,15.4,0.0,0.0,0.02,12.0,76.0,1548.0,0.0,0.0,108.0,0.0,101520.0
2024-12-20 09:00:00,14.3267252216398,20.9718826726045,0.0,0.03453947368421052,15.4,74,99,4.0,210,13.2,13.7,15.4,0.0,0.0,0.07,14.0,70.0,6583.0,0.0,0.0,200.0,0.0,101550.0
2024-12-20 10:00:00,14.4936875768679,21.042723878508,0.0,0.034722222222222224,17.1,66,92,2.4,171,14.4,13.7,15.4,0.0,0.0,0.12,17.0,64.0,23649.0,1.0,2.0,261.0,0.0,101570.0
2024-12-20 11:00:00,14.4513995722776,21.0620212540275,0.0,0.03490497076023392,18.1,62,81,0.8,198,15.7,13.9,15.4,0.0,0.0,0.19,18.0,57.0,15164.0,1.0,2.0,270.0,0.0,101550.0
2024-12-20 12:00:00,14.5255747748454,21.0310980824219,0.0,0.03508771929824561,19.0,58,86,2.7,340,17.2,14.0,15.4,0.0,0.0,0.28,21.0,48.0,57259.0,3.0,1.0,312.0,0.0,101440.0
2024-12-20 13:00:00,14.315751185824,21.0225467640746,0.0,0.035270467836257306,20.5,51,97,5.2,321,18.5,14.3,15.4,0.0,0.0,0.29,20.0,48.0,44619.0,2.0,3.0,325.0,0.0,101320.0
2024-12-20 14:00:00,14.556660437903,21.0338437473225,0.0,0.035453216374269,20.5,51,98,8.0,342,18.8,14.5,15.4,0.0,0.0,0.25,19.0,55.0,18957.0,1.0,4.0,17.0,0.0,101250.0
2024-12-20 15:00:00,14.5590729852751,20.9352912373158,0.0,0.0356359649122807,18.7,61,34,12.5,6,18.4,14.8,15.4,0.0,0.0,0.17,19.0,57.0,24307.0,1.0,4.0,4.0,0.0,101240.0
2024-12-20 16:00:00,14.6311768863519,20.9571301277354,0.0,0.035818713450292396,17.5,68,38,8.5,22,17.9,15.0,15.4,0.0,0.0,0.11,18.0,63.0,10990.0,1.0,3.0,18.0,0.0,101280.0
2024-12-20 17:00:00,14.3331789422665,21.0473062679918,0.0,0.03600146198830409,15.0,83,66,4.7,37,16.8,15.1,15.4,0.0,0.0,0.02,17.5,64.5,6967.5,0.5,3.0,24.0,0.0,101300.0
2024-12-20 18:00:00,14.3360894076631,20.9847208521931,0.0,0.03618421052631579,14.7,84,54,5.6,77,15.9,15.2,15.4,0.0,0.0,0.0,17.0,66.0,2945.0,0.0,3.0,30.0,0.0,101320.0
2024-12-20 19:00:00,14.5510983715775,20.8667856393917,0.0,0.036366959064327485,14.4,84,100,4.2,102,15.3,15.2,15.5,0.0,0.0,0.0,15.0,78.0,0.0,0.0,1.0,85.0,0.0,101360.0
2024-12-20 20:00:00,14.5049377679552,20.9575813221234,0.0,0.03654970760233918,14.4,82,100,3.5,129,15.0,15.2,15.5,0.0,0.0,0.0,14.0,82.0,0.0,0.0,2.0,126.0,0.0,101380.0
2024-12-20 21:00:00,14.489296239049,21.0554915382822,0.0,0.03673245614035087,14.1,82,100,2.2,165,14.7,15.2,15.5,0.0,0.0,0.0,13.0,87.0,0.0,0.0,1.0,110.0,0.0,101400.0
2024-12-20 22:00:00,14.5257594552408,21.1587256886495,0.0,0.03691520467836257,14.4,79,100,1.1,330,14.4,15.2,15.5,0.0,0.0,0.0,14.0,83.0,0.0,0.0,1.0,145.0,0.0,101420.0
2024-12-20 23:00:00,14.5236767075105,20.9689907378788,0.0,0.03709795321637427,14.4,81,100,1.0,352,14.3,15.1,15.5,0.0,0.0,0.0,13.0,84.0,0.0,0.0,0.0,66.0,0.0,101410.0
2024-12-21 00:00:00,14.576110194198,20.9506677093819,0.0,0.03728070175438596,13.9,83,88,0.4,23,14.1,15.1,15.5,0.0,0.0,0.0,12.0,87.0,0.0,0.0,0.0,166.0,0.0,101430.0
2024-12-21 01:00:00,14.5932291687574,21.0920855865079,0.0,0.03746345029239766,12.2,81,88,0.2,29,12.9,15.0,15.5,0.0,0.0,0.0,10.0,87.0,0.0,0.0,0.0,174.0,0.0,101410.0
2024-12-21 02:00:00,14.6496503408036,21.1010049988834,0.0,0.03764619883040936,11.6,82,100,1.7,71,12.4,14.9,15.5,0.0,0.0,0.0,10.0,84.0,0.0,0.0,0.0,204.0,0.0,101400.0
2024-12-21 03:00:00,14.5195163088116,20.8255670088356,0.0,0.03782894736842105,11.8,80,100,1.5,72,12.1,14.7,15.5,0.0,0.0,0.0,10.0,85.0,0.0,0.0,0.0,152.0,0.0,101370.0
2024-12-21 04:00:00,14.6807943731831,20.9996343901838,0.0,0.038011695906432746,12.3,81,100,0.7,56,12.2,14.6,15.5,0.0,0.0,0.0,12.0,82.0,0.0,0.0,0.0,138.0,0.0,101370.0
2024-12-21 05:00:00,14.5523590018303,21.1499881894754,0.0,0.03819444444444444,12.2,83,100,0.6,64,12.2,14.5,15.5,0.0,0.0,0.0,10.0,87.0,0.0,0.0,1.0,349.0,0.0,101360.0
2024-12-21 06:00:00,14.7078301884849,20.9997450502273,0.0,0.038377192982456135,12.5,82,100,1.0,71,12.3,14.4,15.6,0.0,0.0,0.0,10.0,84.0,0.0,0.0,0.0,198.0,0.0,101390.0
2024-12-21 07:00:00,14.660069608507,21.0749288931469,0.0,0.038559941520467836,12.8,81,100,1.8,68,12.3,14.3,15.6,0.0,0.0,0.0,11.0,83.0,0.0,0.0,0.0,180.0,0.0,101430.0
2024-12-21 08:00:00,14.6687878133766,21.0893711206848,0.0,0.03874269005847953,13.1,83,100,4.1,65,12.4,14.2,15.6,0.0,0.0,0.02,11.0,84.0,0.0,0.0,0.0,6.0,0.0,101460.0
2024-12-21 09:00:00,14.6769477821495,20.9676110594023,0.0,0.038925438596491224,14.4,79,100,6.8,52,13.0,14.1,15.6,0.0,0.0,0.05,11.0,85.0,512.0,0.0,0.0,54.0,0.0,101480.0
2024-12-21 10:00:00,14.5503033096742,21.4841963684869,0.0,0.039108187134502925,15.3,74,100,12.5,46,13.8,14.1,15.6,0.0,0.0,0.1,12.0,83.0,6658.0,0.0,1.0,42.0,0.0,101540.0
2024-12-21 11:00:00,14.6684713754122,22.0158817945282,0.0,0.03929093567251462,16.4,67,100,13.7,45,14.8,14.2,15.6,0.0,0.0,0.18,15.0,82.0,13122.0,0.0,2.0,18.0,0.0,101630.0
2024-12-21 12:00:00,14.6030232231394,22.6146787689857,0.0,0.039473684210526314,16.9,65,100,13.9,42,15.7,14.3,15.6,0.0,0.0,0.21,16.0,77.0,17459.0,1.0,4.0,54.0,0.0,101660.0
2024-12-21 13:00:00,14.577346715699,22.5428568637803,0.0,0.03965643274853801,17.1,66,93,15.7,44,16.2,14.4,15.6,0.0,0.0,0.25,16.0,72.0,24553.0,1.0,1.0,48.0,0.0,101610.0
2024-12-21 14:00:00,14.7216743890599,22.5230384212172,0.0,0.0398391812865497,16.9,67,100,18.0,46,16.9,14.6,15.6,0.0,0.0,0.24,17.0,68.0,18620.0,1.0,2.0,54.0,0.0,101560.0
2024-12-21 15:00:00,14.5745516375794,22.6209933943213,0.0,0.0400219298245614,16.3,67,100,17.7,52,16.8,14.7,15.6,0.0,0.0,0.17,16.0,70.0,18015.0,1.0,3.0,72.0,0.0,101530.0
2024-12-21 16:00:00,14.6387214126883,22.8653684876319,0.0,0.0402046783625731,15.5,69,100,14.8,53,16.3,14.8,15.6,0.0,0.0,0.1,16.0,71.0,12153.0,0.0,3.0,86.0,0.0,101500.0
2024-12-21 17:00:00,14.6424564306437,22.7631602860077,0.0,0.04038742690058479,14.3,74,100,12.7,57,15.6,14.9,15.6,0.0,0.0,0.05,16.0,67.0,7078.0,0.0,2.0,48.0,0.0,101550.0
2024-12-21 18:00:00,14.6068064345902,22.7667309809089,0.0,0.04057017543859649,13.6,78,100,10.3,68,14.9,14.9,15.6,0.0,0.0,0.01,15.0,71.0,1220.0,0.0,2.0,60.0,0.0,101610.0
2024-12-21 19:00:00,14.4901356671475,22.6974081337428,0.0,0.04075292397660819,13.2,80,99,8.7,67,14.3,14.9,15.6,0.0,0.0,0.01,14.0,74.0,0.0,0.0,2.0,83.0,0.0,101620.0
2024-12-21 20:00:00,14.6426941465108,22.7062258348243,0.0,0.04093567251461988,12.6,82,77,7.7,62,13.7,14.9,15.6,0.0,0.0,0.0,14.0,74.0,0.0,0.0,2.0,104.0,0.0,101640.0
2024-12-21 21:00:00,14.6253638579587,22.6986647126315,0.0,0.041118421052631575,11.9,82,1,7.9,62,13.1,14.8,15.6,0.0,0.0,0.0,12.0,81.0,0.0,0.0,0.0,138.0,0.0,101670.0
2024-12-21 22:00:00,14.532488395049,22.563062231821,0.0,0.04130116959064327,11.0,82,1,5.2,65,12.4,14.7,15.6,0.0,0.0,0.0,11.0,84.0,0.0,0.0,2.0,72.0,0.0,101660.0
2024-12-21 23:00:00,14.597045405251,22.6885079207117,0.0,0.04148391812865497,10.8,81,0,2.6,48,11.7,14.6,15.6,0.0,0.0,0.0,10.0,84.0,0.0,0.0,1.0,116.0,0.0,101680.0
2024-12-22 00:00:00,14.5831296134792,22.6412031591294,0.0,0.041666666666666664,10.5,81,0,2.2,48,11.2,14.4,15.6,0.0,0.0,0.0,11.0,77.0,0.0,0.0,0.0,86.0,0.0,101700.0
2024-12-22 01:00:00,14.7127459811484,22.7493939120911,0.0,0.04184941520467836,10.5,76,3,1.3,36,11.6,14.4,15.7,0.0,0.0,0.0,8.0,84.0,0.0,0.0,0.0,186.0,0.0,101720.0
2024-12-22 02:00:00,14.7168254399275,22.7568261388935,0.0,0.04203216374269006,9.8,79,18,1.2,7,11.0,14.3,15.7,0.0,0.0,0.0,8.0,87.0,0.0,0.0,0.0,186.0,0.0,101710.0
2024-12-22 03:00:00,14.6113981044621,22.5975057393248,0.0,0.042214912280701754,9.1,82,19,2.7,295,10.5,14.1,15.7,0.0,0.0,0.0,7.0,86.0,0.0,0.0,1.0,165.0,0.0,101710.0
2024-12-22 04:00:00,14.5685595307499,22.6350669280509,0.0,0.04239766081871345,8.4,85,1,3.7,295,10.1,13.9,15.7,0.0,0.0,0.0,7.0,88.0,0.0,0.0,1.0,186.0,0.0,101690.0
2024-12-22 05:00:00,14.6762256461016,22.5777331041064,0.0,0.04258040935672514,8.3,87,0,5.2,288,10.0,13.7,15.7,0.0,0.0,0.0,7.0,85.0,0.0,0.0,0.0,228.0,0.0,101690.0
2024-12-22 06:00:00,14.8335895068283,22.6079916046038,0.0,0.042763157894736836,7.3,92,0,7.2,256,9.8,13.5,15.7,0.0,0.0,0.0,6.0,88.0,0.0,0.0,1.0,159.0,0.0,101670.0
2024-12-22 07:00:00,14.603635478926,22.6798418955417,0.0,0.04294590643274854,6.9,92,0,5.2,273,9.6,13.3,15.7,0.0,0.0,0.0,5.0,88.0,0.0,0.0,0.0,168.0,0.0,101690.0
2024-12-22 08:00:00,14.7201619039124,22.5041830858369,0.0,0.04312865497076023,8.0,87,0,1.9,311,9.6,13.2,15.7,0.0,0.0,0.01,5.0,89.0,0.0,0.0,0.0,180.0,0.0,101730.0
2024-12-22 09:00:00,14.6435573453671,22.6213249675042,0.0,0.043311403508771926,11.6,76,0,2.4,292,10.6,13.0,15.6,0.0,0.0,0.06,5.0,89.0,2816.0,0.0,0.0,180.0,0.0,101780.0
2024-12-22 10:00:00,14.75743124156,22.495593636652,0.0,0.04349415204678363,14.2,63,0,4.2,315,12.2,13.0,15.6,0.0,0.0,0.16,11.0,75.0,9883.0,1.0,0.0,204.0,0.0,101800.0
2024-12-22 11:00:00,14.8574840708022,22.6247732809676,0.0,0.04367690058479532,16.1,57,0,6.1,310,13.9,13.1,15.6,0.0,0.0,0.24,13.0,73.0,23247.0,1.0,2.0,258.0,0.0,101780.0
2024-12-22 12:00:00,14.7233112948903,22.5223095095312,0.0,0.043859649122807015,17.0,53,0,9.3,342,15.3,13.2,15.6,0.0,0.0,0.28,15.0,63.0,36932.0,2.0,1.0,282.0,0.0,101750.0
2024-12-22 13:00:00,14.9294235897341,22.6727828371004,0.0,0.04404239766081871,16.9,55,0,9.3,22,15.8,13.3,15.6,0.0,0.0,0.29,18.0,53.0,42565.0,2.0,1.0,59.0,0.0,101630.0
2024-12-22 14:00:00,14.5399008424661,22.5179627161662,0.0,0.0442251461988304,16.9,57,0,7.7,38,16.6,13.5,15.6,0.0,0.0,0.26,17.0,52.0,40712.0,2.0,0.0,310.0,0.0,101550.0
2024-12-22 15:00:00,14.7823993698539,22.4026147756511,0.0,0.044407894736842105,16.7,58,0,8.8,42,16.8,13.8,15.6,0.0,0.0,0.2,17.0,55.0,31720.0,2.0,2.0,8.0,0.0,101500.0
2024-12-22 16:00:00,14.8522972411035,22.6028174827081,0.0,0.0445906432748538,16.1,62,0,4.5,77,16.4,14.0,15.6,0.0,0.0,0.11,17.0,61.0,18082.0,1.0,4.0,24.0,0.0,101520.0
2024-12-22 17:00:00,14.8834784127124,22.5776931638379,0.0,0.04477339181286549,14.0,69,0,0.7,114,15.2,14.1,15.6,0.0,0.0,0.01,17.0,59.0,6696.0,0.0,2.0,130.0,0.0,101450.0
2024-12-22 18:00:00,14.756653062273,22.3529883883989,0.0,0.044956140350877194,12.7,74,0,1.3,184,13.8,14.1,15.6,0.0,0.0,0.0,16.0,65.0,1020.0,0.0,0.0,222.0,0.0,101450.0
2024-12-22 19:00:00,14.7594999444757,22.5336520383481,0.0,0.04513888888888889,12.3,75,0,0.8,338,12.8,14.1,15.6,0.0,0.0,0.0,13.0,75.0,0.0,0.0,1.0,48.0,0.0,101440.0
2024-12-22 20:00:00,14.805406663814,22.5173515430747,0.0,0.04532163742690058,11.6,77,0,1.9,288,11.9,14.0,15.6,0.0,0.0,0.0,11.0,79.0,0.0,0.0,0.0,162.0,0.0,101470.0
2024-12-22 21:00:00,14.8656458789028,22.3488487655894,0.0,0.045504385964912276,10.9,79,0,2.3,300,11.3,13.9,15.6,0.0,0.0,0.0,10.0,82.0,0.0,0.0,2.0,157.0,0.0,101470.0
2024-12-22 22:00:00,14.8384904737866,22.2895950972489,0.0,0.04568713450292397,9.8,82,0,4.6,194,10.7,13.8,15.6,0.0,0.0,0.0,11.0,83.0,0.0,0.0,2.0,152.0,0.0,101450.0
2024-12-22 23:00:00,14.9466694511332,22.4753241253911,0.0,0.04586988304093567,9.4,83,0,5.1,222,10.4,13.6,15.6,0.0,0.0,0.0,9.0,85.0,0.0,0.0,0.0,186.0,0.0,101400.0
2024-12-23 00:00:00,14.7830563195527,22.4132345592396,0.0,0.046052631578947366,9.1,84,0,5.8,250,10.1,13.5,15.6,0.0,0.0,0.0,7.0,87.0,0.0,0.0,0.0,111.0,0.0,101410.0
2024-12-23 01:00:00,14.8132293022124,22.4019635763018,0.0,0.04623538011695906,9.1,78,0,6.2,224,9.8,13.4,15.6,0.0,0.0,0.0,7.0,88.0,0.0,0.0,0.0,264.0,0.0,101320.0
2024-12-23 02:00:00,14.7366917831355,22.3665076837616,0.0,0.04641812865497076,9.7,73,0,9.8,221,9.8,13.3,15.6,0.0,0.0,0.02,7.0,85.0,0.0,0.0,1.0,186.0,0.0,101220.0
2024-12-23 03:00:00,14.8944160292541,22.263622930763,0.0,0.046600877192982455,9.7,74,0,9.2,231,9.8,13.1,15.6,0.0,0.0,0.01,7.0,87.0,0.0,0.0,2.0,228.0,0.0,101160.0
2024-12-23 04:00:00,14.7731525066205,22.4455264639713,0.0,0.04678362573099415,8.9,77,0,6.0,229,9.6,13.0,15.6,0.0,0.0,0.0,10.0,79.0,0.0,0.0,3.0,258.0,0.0,101090.0
2024-12-23 05:00:00,14.8870410870247,22.3822345411093,0.0,0.046966374269005844,9.0,73,0,1.3,220,9.1,12.8,15.6,0.0,0.0,0.0,10.0,79.0,0.0,0.0,1.0,288.0,0.0,101090.0
2024-12-23 06:00:00,14.896263225967,22.2739356565429,0.0,0.04714912280701754,8.6,73,0,3.4,208,8.8,12.6,15.6,0.0,0.0,0.0,8.0,83.0,0.0,0.0,1.0,180.0,0.0,101100.0
2024-12-23 07:00:00,14.9640795022238,22.5054519203223,0.0,0.04733187134502924,8.7,70,0,6.4,225,8.5,12.5,15.6,0.0,0.0,0.01,10.0,73.0,0.0,0.0,2.0,228.0,0.0,101090.0
2024-12-23 08:00:00,14.9137834124846,22.3457211082804,0.0,0.04751461988304093,9.9,69,0,2.2,247,8.6,12.3,15.6,0.0,0.0,0.01,11.0,70.0,0.0,0.0,3.0,222.0,0.0,101090.0
2024-12-23 09:00:00,15.0025789550686,22.2614137123528,0.0,0.04769736842105263,11.9,66,0,2.3,90,9.9,12.2,15.6,0.0,0.0,0.07,10.0,70.0,4137.0,0.0,2.0,216.0,0.0,101110.0
2024-12-23 10:00:00,15.0951636379552,22.2878361188554,0.0,0.04788011695906433,14.8,57,0,2.4,90,11.7,12.2,15.6,0.0,0.0,0.16,14.0,62.0,11628.0,1.0,2.0,276.0,0.0,101170.0
2024-12-23 11:00:00,15.0208204228522,22.0857481354099,0.0,0.04806286549707602,17.1,51,0,5.1,63,13.5,12.3,15.6,0.0,0.0,0.25,15.0,54.0,27073.0,1.0,3.0,204.0,0.0,101200.0
2024-12-23 12:00:00,15.322021222616,22.143963566017,0.0,0.04824561403508772,18.4,51,0,10.9,60,15.1,12.5,15.6,0.0,0.0,0.3,17.0,47.0,40338.0,2.0,3.0,228.0,0.0,101180.0
2024-12-23 13:00:00,14.9780595829301,22.2496430276006,0.0,0.04842836257309941,19.3,48,0,7.3,52,16.6,12.8,15.6,0.0,0.0,0.31,19.0,43.0,44965.0,2.0,1.0,305.0,0.0,101050.0
2024-12-23 14:00:00,14.8406518712382,22.1666914669067,0.0,0.048611111111111105,19.1,52,0,11.2,48,17.2,13.1,15.6,0.0,0.0,0.29,21.0,38.0,42326.0,3.0,2.0,336.0,0.0,100950.0
2024-12-23 15:00:00,14.98305771106,22.1130289477232,0.0,0.048793859649122806,17.7,57,0,15.5,50,17.2,13.4,15.6,0.0,0.0,0.22,20.0,49.0,30957.0,2.0,3.0,20.0,0.0,100910.0
2024-12-23 16:00:00,15.0154698270278,22.0333567809481,0.0,0.0489766081871345,16.3,63,0,15.7,56,16.6,13.7,15.6,0.0,0.0,0.14,19.0,47.0,16840.0,1.0,3.0,84.0,0.0,100910.0
2024-12-23 17:00:00,14.9844431766004,22.1456850395248,0.0,0.049159356725146194,13.9,73,0,8.5,69,15.5,13.8,15.6,0.0,0.0,0.04,18.0,57.0,5777.0,0.0,5.0,60.0,0.0,100980.0
2024-12-23 18:00:00,15.1167758825136,22.2040186425088,0.0,0.049342105263157895,12.2,79,0,3.3,72,14.0,13.9,15.6,0.0,0.0,0.0,15.0,69.0,515.0,0.0,1.0,104.0,0.0,101010.0
2024-12-23 19:00:00,15.0182557206661,22.3112769261189,0.0,0.04952485380116959,11.4,80,0,4.8,54,12.7,13.9,15.6,0.0,0.0,0.0,13.0,74.0,0.0,0.0,0.0,126.0,0.0,101050.0
2024-12-23 20:00:00,14.9054702572877,22.0739569872373,0.0,0.049707602339181284,11.0,82,0,3.7,70,11.8,13.8,15.6,0.0,0.0,0.0,10.0,83.0,0.0,0.0,0.0,102.0,0.0,101110.0
2024-12-23 21:00:00,15.1335225607548,22.0410636108061,0.0,0.04989035087719298,10.7,81,0,2.2,63,10.9,13.7,15.6,0.0,0.0,0.0,9.0,84.0,0.0,0.0,0.0,180.0,0.0,101190.0
2024-12-23 22:00:00,15.0661759784089,22.0904202269385,0.0,0.05007309941520467,10.5,79,0,2.2,74,10.3,13.6,15.6,0.0,0.0,0.0,8.0,87.0,0.0,0.0,0.0,198.0,0.0,101210.0
2024-12-23 23:00:00,15.1190397497253,22.0585437690556,0.0,0.05025584795321637,10.2,73,0,2.1,78,9.7,13.4,15.6,0.0,0.0,0.0,8.0,87.0,0.0,0.0,0.0,178.0,0.0,101240.0
2024-12-24 00:00:00,15.085326304749,22.0164042365361,0.0,0.05043859649122807,10.0,67,0,1.5,68,9.2,13.2,15.5,0.0,0.0,0.0,7.0,86.0,0.0,0.0,0.0,174.0,0.0,101280.0
2024-12-24 01:00:00,15.165093076492,22.1468364145265,0.0,0.05062134502923976,8.9,73,0,0.4,56,8.4,13.0,15.5,0.0,0.0,0.0,5.0,84.0,0.0,0.0,0.0,78.0,0.0,101290.0
2024-12-24 02:00:00,15.1765285732502,22.1396888350653,0.0,0.05080409356725146,8.5,69,0,1.0,63,8.1,12.8,15.5,0.0,0.0,0.0,4.0,84.0,0.0,0.0,1.0,186.0,0.0,101270.0
2024-12-24 03:00:00,15.0646324257509,22.1064966253191,0.0,0.05098684210526316,8.0,64,0,1.5,65,7.8,12.6,15.5,0.0,0.0,0.0,4.0,86.0,0.0,0.0,0.0,108.0,0.0,101280.0
2024-12-24 04:00:00,15.1696569147804,21.8903934383506,0.0,0.05116959064327485,8.1,59,0,0.4,58,7.5,12.3,15.5,0.0,0.0,0.0,5.0,86.0,0.0,0.0,1.0,192.0,0.0,101320.0
2024-12-24 05:00:00,15.3092257388752,21.9527184871534,0.0,0.051352339181286545,8.3,57,0,0.4,58,7.2,12.1,15.5,0.0,0.0,0.0,4.0,89.0,0.0,0.0,0.0,186.0,0.0,101310.0
2024-12-24 06:00:00,15.1627850697208,21.7585922630887,0.0,0.05153508771929824,8.1,56,0,0.2,54,6.9,11.9,15.5,0.0,0.0,0.0,3.0,85.0,0.0,0.0,0.0,142.0,0.0,101320.0
2024-12-24 07:00:00,15.1772276452703,21.8828771148299,0.0,0.05171783625730994,7.5,56,0,0.8,43,6.7,11.6,15.5,0.0,0.0,0.0,3.0,83.0,0.0,0.0,0.0,174.0,0.0,101340.0
2024-12-24 08:00:00,15.3329143750642,22.0849107324033,0.0,0.051900584795321635,7.5,62,0,3.4,309,6.8,11.4,15.5,0.0,0.0,0.02,3.0,81.0,191.0,0.0,0.0,174.0,0.0,101370.0
2024-12-24 09:00:00,15.0842744683733,21.927899163359,0.0,0.05208333333333333,10.5,65,0,6.1,285,8.1,11.3,15.5,0.0,0.0,0.07,6.0,76.0,4152.0,0.0,0.0,198.0,0.0,101400.0
2024-12-24 10:00:00,15.2008061261243,21.7595462293553,0.0,0.05226608187134503,13.2,54,0,5.9,312,10.0,11.2,15.5,0.0,0.0,0.16,13.0,59.0,14355.0,1.0,0.0,132.0,0.0,101430.0
2024-12-24 11:00:00,15.1312847021163,21.975782538853,0.0,0.052448830409356724,14.9,49,0,5.3,345,11.9,11.3,15.4,0.0,0.0,0.24,14.0,57.0,29393.0,2.0,2.0,282.0,0.0,101450.0
2024-12-24 12:00:00,15.0699720263457,21.963273554434,0.0,0.05263157894736842,15.9,46,0,7.4,8,13.5,11.5,15.4,0.0,0.0,0.29,16.0,43.0,41205.0,3.0,0.0,102.0,0.0,101410.0
2024-12-24 13:00:00,15.0225152480716,21.9120766321443,0.0,0.05281432748538011,16.6,42,0,5.8,10,14.7,11.6,15.4,0.0,0.0,0.3,19.0,36.0,44827.0,3.0,2.0,126.0,0.0,101330.0
2024-12-24 14:00:00,15.2276634575182,21.8920621695768,0.0,0.052997076023391806,16.7,43,0,7.2,22,15.4,11.9,15.4,0.0,0.0,0.27,18.0,35.0,40803.0,2.0,1.0,248.0,0.0,101250.0
2024-12-24 15:00:00,15.3540344509413,21.8078126386969,0.0,0.05317982456140351,16.2,50,0,9.8,40,15.5,12.2,15.4,0.0,0.0,0.21,18.0,38.0,28380.0,2.0,3.0,52.0,0.0,101220.0
2024-12-24 16:00:00,15.4611425635055,21.6704227390378,0.0,0.0533625730994152,15.2,59,0,8.6,47,15.1,12.5,15.4,0.0,0.0,0.12,17.0,45.0,14091.0,1.0,3.0,54.0,0.0,101220.0
2024-12-24 17:00:00,15.1671650152388,21.9374962855213,0.0,0.053545321637426896,12.0,72,0,5.9,58,13.8,12.6,15.4,0.0,0.0,0.03,17.0,46.0,4784.0,0.0,2.0,38.0,0.0,101230.0
2024-12-24 18:00:00,15.1440147986289,21.693790476574,0.0,0.0537280701754386,11.4,74,0,3.6,62,12.4,12.7,15.4,0.0,0.0,0.0,14.0,57.0,185.0,0.0,0.0,91.0,0.0,101250.0
2024-12-24 19:00:00,15.2201804172719,21.7256567997575,0.0,0.05391081871345029,11.2,75,0,2.4,53,11.3,12.7,15.4,0.0,0.0,0.0,11.0,71.0,0.0,0.0,0.0,180.0,0.0,101260.0
2024-12-24 20:00:00,15.1571723459279,21.9710662865797,0.0,0.054093567251461985,11.1,76,0,0.9,41,10.4,12.6,15.4,0.0,0.0,0.0,9.0,78.0,0.0,0.0,0.0,204.0,0.0,101310.0
2024-12-24 21:00:00,15.3650517134003,21.5900523115754,0.0,0.05427631578947368,10.1,81,0,1.8,2,9.7,12.5,15.4,0.0,0.0,0.0,8.0,72.0,0.0,0.0,1.0,174.0,0.0,101350.0
2024-12-24 22:00:00,15.2464430125683,21.8005813089559,0.0,0.054459064327485374,9.3,85,0,4.6,289,9.3,12.4,15.4,0.0,0.0,0.0,8.0,73.0,0.0,0.0,0.0,173.0,0.0,101370.0
2024-12-24 23:00:00,15.3688770424289,21.7170670715579,0.0,0.054641812865497075,8.5,87,0,5.0,276,9.2,12.3,15.3,0.0,0.0,0.0,7.0,74.0,0.0,0.0,1.0,186.0,0.0,101410.0
2024-12-25 00:00:00,15.1393620375887,21.6678972528986,0.0,0.05482456140350877,8.0,83,0,6.4,264,8.9,12.1,15.3,0.0,0.0,0.0,9.0,72.0,0.0,0.0,1.0,186.0,0.0,101410.0
2024-12-25 01:00:00,15.1063542915155,21.6129948589378,0.0,0.05500730994152046,7.2,82,0,5.9,273,8.2,12.1,15.3,0.0,0.0,0.0,7.0,75.0,0.0,0.0,0.0,216.0,0.0,101360.0
2024-12-25 02:00:00,15.3564883066187,21.810950694648,0.0,0.055190058479532164,6.9,75,0,4.6,285,7.9,11.9,15.3,0.0,0.0,0.0,5.0,80.0,0.0,0.0,1.0,166.0,0.0,101340.0
2024-12-25 03:00:00,15.1901283217178,21.6233895132701,0.0,0.05537280701754386,7.0,67,0,2.3,307,7.5,11.7,15.3,0.0,0.0,0.0,4.0,81.0,0.0,0.0,0.0,174.0,0.0,101360.0
2024-12-25 04:00:00,15.4312318476901,21.6307890713316,0.0,0.05555555555555555,6.8,62,0,3.6,268,7.2,11.5,15.3,0.0,0.0,0.0,4.0,80.0,0.0,0.0,1.0,156.0,0.0,101340.0
2024-12-25 05:00:00,15.3883130632685,21.67578446601,0.0,0.05573830409356725,6.4,62,0,5.9,258,7.0,11.3,15.3,0.0,0.0,0.01,4.0,80.0,0.0,0.0,1.0,180.0,0.0,101320.0
2024-12-25 06:00:00,15.1979094328153,21.5750303134276,0.0,0.05592105263157894,6.0,62,0,5.8,257,6.9,11.1,15.3,0.0,0.0,0.01,6.0,84.0,0.0,0.0,0.0,204.0,0.0,101310.0
2024-12-25 07:00:00,15.466332902902,21.8315615419389,0.0,0.05610380116959064,5.3,62,0,4.3,273,6.7,11.0,15.3,0.0,0.0,0.0,4.0,86.0,0.0,0.0,0.0,192.0,0.0,101330.0
2024-12-25 08:00:00,15.3355644437084,21.7270661832769,0.0,0.056286549707602336,6.7,60,0,3.6,268,6.8,10.8,15.2,0.0,0.0,0.02,4.0,85.0,482.0,0.0,0.0,216.0,0.0,101400.0
2024-12-25 09:00:00,15.5452093326325,21.6608212972996,0.0,0.05646929824561403,10.8,60,0,6.0,251,8.0,10.7,15.2,0.0,0.0,0.08,8.0,78.0,5282.0,0.0,0.0,184.0,0.0,101460.0
2024-12-25 10:00:00,15.4503571722275,21.7458366912709,0.0,0.05665204678362573,14.3,57,0,4.3,347,10.0,10.7,15.2,0.0,0.0,0.16,13.0,64.0,17040.0,1.0,0.0,192.0,0.0,101470.0
2024-12-25 11:00:00,15.6335157134816,21.7787900831566,0.0,0.056834795321637425,16.1,48,0,5.9,6,12.0,10.8,15.2,0.0,0.0,0.24,17.0,53.0,31976.0,1.0,0.0,228.0,0.0,101460.0
2024-12-25 12:00:00,15.3484868317339,21.9269714246974,0.0,0.05701754385964912,17.1,47,0,7.4,360,13.6,11.0,15.2,0.0,0.0,0.29,16.0,53.0,41985.0,2.0,1.0,302.0,0.0,101400.0
2024-12-25 13:00:00,15.2971408625706,25.1692850995357,0.0,0.057200292397660814,17.0,49,0,9.6,12,14.2,11.2,15.2,0.0,0.0,0.3,17.0,53.0,43992.0,2.0,3.0,7.0,0.0,101330.0
2024-12-25 14:00:00,15.3847093388472,25.8209037130079,0.0,0.05738304093567251,17.0,54,0,10.6,27,15.0,11.5,15.2,0.0,0.0,0.27,18.0,53.0,38745.0,2.0,1.0,96.0,0.0,101310.0
2024-12-25 15:00:00,15.3347352413762,25.784936851684,0.0,0.05756578947368421,16.9,55,0,9.9,34,15.3,11.8,15.1,0.0,0.0,0.21,18.0,52.0,26372.0,2.0,3.0,30.0,0.0,101270.0
2024-12-25 16:00:00,15.460167682847,25.7272687781694,0.0,0.0577485380116959,15.6,62,0,6.7,43,14.9,12.1,15.1,0.0,0.0,0.12,18.0,52.0,12100.0,1.0,3.0,48.0,0.0,101260.0
2024-12-25 17:00:00,15.3518611913131,25.5441060650389,0.0,0.0579312865497076,12.5,70,0,4.6,55,13.7,12.3,15.1,0.0,0.0,0.03,17.0,59.0,3866.0,0.0,3.0,48.0,0.0,101260.0
2024-12-25 18:00:00,15.5141673542242,25.4468784895534,0.0,0.0581140350877193,12.1,72,0,2.3,54,12.2,12.3,15.1,0.0,0.0,0.0,14.0,78.0,0.0,0.0,2.0,48.0,0.0,101300.0
2024-12-25 19:00:00,15.476265804471,25.4264397946219,0.0,0.05829678362573099,12.2,72,0,1.2,56,11.2,12.4,15.1,0.0,0.0,0.0,12.0,82.0,0.0,0.0,0.0,30.0,0.0,101340.0
2024-12-25 20:00:00,15.4765462242412,25.2692667071673,0.0,0.05847953216374269,12.4,72,0,1.5,54,10.4,12.3,15.1,0.0,0.0,0.0,10.0,84.0,0.0,0.0,1.0,138.0,0.0,101360.0
2024-12-25 21:00:00,15.3367515787559,25.1393663215582,0.0,0.05866228070175438,12.1,72,0,1.7,47,9.8,12.2,15.1,0.0,0.0,0.0,9.0,85.0,0.0,0.0,1.0,192.0,0.0,101350.0
2024-12-25 22:00:00,15.6347212404795,25.1873023547849,0.0,0.058845029239766075,11.7,73,0,1.9,46,9.3,12.1,15.1,0.0,0.0,0.0,8.0,82.0,0.0,0.0,0.0,164.0,0.0,101390.0
2024-12-25 23:00:00,15.6097475226444,25.0118189806154,0.0,0.059027777777777776,11.0,75,0,1.3,40,8.8,12.0,15.1,0.0,0.0,0.0,8.0,83.0,0.0,0.0,1.0,172.0,0.0,101390.0
2024-12-26 00:00:00,15.5847920257036,25.1966986622186,0.0,0.05921052631578947,10.4,78,0,1.5,37,8.4,11.8,15.1,0.0,0.0,0.0,7.0,83.0,0.0,0.0,1.0,171.0,0.0,101370.0
2024-12-26 01:00:00,15.6300595095189,24.8202396553527,0.0,0.059393274853801165,9.6,78,0,1.1,27,7.4,11.8,15.1,0.0,0.0,0.0,6.0,79.0,0.0,0.0,1.0,172.0,0.0,101330.0
2024-12-26 02:00:00,15.6939245309393,25.0775029791126,0.0,0.059576023391812866,9.1,78,0,2.5,357,7.3,11.6,15.1,0.0,0.0,0.0,7.0,88.0,0.0,0.0,0.0,210.0,0.0,101340.0
2024-12-26 03:00:00,15.8679995626122,25.0314957118649,0.0,0.05975877192982456,8.3,80,0,4.8,319,7.3,11.4,15.1,0.0,0.0,0.0,6.0,88.0,0.0,0.0,0.0,198.0,0.0,101340.0
2024-12-26 04:00:00,15.6983071146567,25.0911053296564,0.0,0.059941520467836254,8.2,81,0,5.4,311,7.5,11.2,15.1,0.0,0.0,0.0,5.0,86.0,0.0,0.0,0.0,186.0,0.0,101360.0
2024-12-26 05:00:00,15.5906915313479,24.9715134830539,0.0,0.06012426900584795,7.6,83,0,4.1,334,7.6,11.1,15.0,0.0,0.0,0.0,5.0,86.0,0.0,0.0,0.0,180.0,0.0,101340.0
2024-12-26 06:00:00,15.8125997528874,24.8403285443053,0.0,0.06030701754385964,7.4,79,0,3.0,14,7.4,10.9,15.0,0.0,0.0,0.0,5.0,85.0,0.0,0.0,0.0,174.0,0.0,101360.0
2024-12-26 07:00:00,15.7347036008957,24.7645582476968,0.0,0.06048976608187134,8.1,72,0,1.5,37,7.2,10.8,15.0,0.0,0.0,0.0,5.0,79.0,0.0,0.0,0.0,161.0,0.0,101390.0
2024-12-26 08:00:00,15.8451535262459,24.9511469428422,0.0,0.06067251461988304,9.6,68,0,0.9,48,7.2,10.6,15.0,0.0,0.0,0.01,4.0,83.0,1020.0,0.0,0.0,180.0,0.0,101430.0
2024-12-26 09:00:00,16.0493273148745,24.7830928244175,0.0,0.06085526315789473,12.6,60,0,5.0,39,8.7,10.6,15.0,0.0,0.0,0.08,9.0,70.0,5976.0,0.0,0.0,198.0,0.0,101460.0
2024-12-26 10:00:00,16.150426211865,25.0141078472659,0.0,0.06103801169590643,15.0,58,0,10.6,34,10.5,10.6,15.0,0.0,0.0,0.18,11.0,77.0,19188.0,1.0,1.0,292.0,0.0,101520.0
2024-12-26 11:00:00,16.0251492500725,24.8268373632355,0.0,0.06122076023391813,15.9,56,0,16.3,45,12.1,10.7,15.0,0.0,0.0,0.25,13.0,68.5,26867.5,1.5,0.5,320.0,0.0,101515.0
2024-12-26 12:00:00,15.9694906849678,24.8196629643961,0.0,0.06140350877192982,16.3,53,0,16.3,47,13.5,11.0,14.9,0.0,0.0,0.29,15.0,60.0,34547.0,2.0,0.0,348.0,0.0,101510.0
2024-12-26 13:00:00,15.9797660828404,24.9046953969701,0.0,0.061586257309941515,16.6,54,0,16.6,49,14.5,11.1,14.9,0.0,0.0,0.29,18.0,47.0,43531.0,3.0,4.0,69.0,0.0,101440.0
2024-12-26 14:00:00,16.1153260082352,24.7620269429034,0.0,0.06176900584795321,16.5,56,0,17.0,53,15.1,11.4,14.9,0.0,0.0,0.27,18.0,44.0,44328.0,3.0,5.0,77.0,0.0,101370.0
2024-12-26 15:00:00,16.1927238741106,24.6084165184973,0.0,0.06195175438596491,16.2,59,0,16.6,55,15.2,11.7,14.9,0.0,0.0,0.21,17.0,53.0,36595.0,2.0,5.0,42.0,0.0,101300.0
2024-12-26 16:00:00,16.1449751226475,24.5292219932623,0.0,0.062134502923976605,15.3,65,0,14.5,55,14.8,12.0,14.9,0.0,0.0,0.13,17.0,52.0,23857.0,1.0,4.0,60.0,0.0,101280.0
2024-12-26 17:00:00,16.3457798222187,24.551321911153,0.0,0.0623172514619883,12.9,79,0,8.8,54,13.9,12.2,14.9,0.0,0.0,0.03,17.0,58.0,10021.0,1.0,2.0,96.0,0.0,101300.0
2024-12-26 18:00:00,16.2156828036773,24.4671030460923,0.0,0.0625,11.0,87,0,6.3,62,12.6,12.3,14.9,0.0,0.0,0.0,15.0,63.0,2880.0,0.0,2.0,43.0,0.0,101320.0
2024-12-26 19:00:00,16.4045317142649,24.5313574941304,0.0,0.06268274853801169,11.0,86,0,2.7,65,11.5,12.3,14.9,0.0,0.0,0.0,13.0,75.0,0.0,0.0,1.0,72.0,0.0,101360.0
2024-12-26 20:00:00,16.5463918903923,24.3480819317443,0.0,0.06286549707602339,11.0,83,0,1.7,59,10.6,12.3,14.9,0.0,0.0,0.0,10.0,80.0,0.0,0.0,0.0,228.0,0.0,101410.0
2024-12-26 21:00:00,16.7282880002545,24.188853601335,0.0,0.06304824561403509,10.7,81,0,1.7,49,9.8,12.2,14.9,0.0,0.0,0.0,9.0,86.0,0.0,0.0,0.0,174.0,0.0,101430.0
2024-12-26 22:00:00,16.7452972941742,24.2652101861627,0.0,0.06323099415204678,10.1,81,0,0.9,39,9.1,12.1,14.9,0.0,0.0,0.0,8.0,84.0,0.0,0.0,0.0,180.0,0.0,101440.0
2024-12-26 23:00:00,16.6939179275627,24.2067049491892,0.0,0.06341374269005848,9.2,85,0,1.0,22,8.6,12.0,14.9,0.0,0.0,0.0,7.0,84.0,0.0,0.0,2.0,192.0,0.0,101460.0
2024-12-27 00:00:00,16.9674159850626,24.3107760754079,0.0,0.06359649122807018,8.6,87,0,1.2,22,8.2,11.8,14.9,0.0,0.0,0.0,7.0,86.0,0.0,0.0,0.0,166.0,0.0,101480.0
2024-12-27 01:00:00,16.8923266724932,24.183530372604,0.0,0.06377923976608187,7.9,82,0,2.1,5,7.7,11.8,14.9,0.0,0.0,0.0,6.0,86.0,0.0,0.0,1.0,174.0,0.0,101470.0
2024-12-27 02:00:00,16.8875186289625,24.0522064656818,0.0,0.06396198830409357,7.5,87,0,8.8,253,7.7,11.6,14.9,0.0,0.0,0.0,6.0,84.0,0.0,0.0,1.0,178.0,0.0,101440.0
2024-12-27 03:00:00,16.9254888534676,24.0654189625548,0.0,0.06414473684210525,6.0,94,0,11.0,263,7.7,11.4,14.9,0.0,0.0,0.0,5.0,86.0,0.0,0.0,1.0,180.0,0.0,101440.0
2024-12-27 04:00:00,16.9738922520164,24.1610213653371,0.0,0.06432748538011696,5.5,93,0,7.8,265,7.6,11.2,14.8,0.0,0.0,0.0,4.0,84.0,0.0,0.0,1.0,180.0,0.0,101450.0
2024-12-27 05:00:00,17.1507708713137,24.0314616773826,0.0,0.06451023391812866,5.0,91,11,5.9,261,7.4,11.1,14.8,0.0,0.0,0.0,4.0,85.0,0.0,0.0,0.0,180.0,0.0,101450.0
2024-12-27 06:00:00,17.1791184726208,23.9112389478981,0.0,0.06469298245614034,4.2,90,24,4.4,265,7.1,10.9,14.8,0.0,0.0,0.0,3.0,86.0,0.0,0.0,1.0,168.0,0.0,101430.0
2024-12-27 07:00:00,17.0933575483401,24.0180036991089,0.0,0.06487573099415204,3.9,84,15,3.9,257,6.8,10.8,14.8,0.0,0.0,0.0,3.0,81.0,0.0,0.0,1.0,180.0,0.0,101450.0
2024-12-27 08:00:00,17.1482202237063,24.0031898463789,0.0,0.06505847953216373,5.0,75,13,3.8,275,6.8,10.6,14.8,0.0,0.0,0.01,3.0,83.0,0.0,0.0,2.0,166.0,0.0,101480.0
2024-12-27 09:00:00,17.2640125845505,23.730557006574,0.0,0.06524122807017543,8.1,80,25,4.0,347,7.8,10.5,14.8,0.0,0.0,0.05,3.0,85.0,1905.0,0.0,0.0,180.0,0.0,101510.0
2024-12-27 10:00:00,17.4267701435192,24.193684575138,0.0,0.06542397660818713,11.1,70,3,5.5,6,9.4,10.5,14.8,0.0,0.0,0.13,8.0,76.0,7203.0,0.0,0.0,192.0,0.0,101550.0
2024-12-27 11:00:00,17.3093939634219,23.8474120057962,0.0,0.06560672514619882,13.7,57,0,7.7,350,11.2,10.5,14.8,0.0,0.0,0.23,12.0,62.0,22139.0,1.0,0.0,270.0,0.0,101620.0
2024-12-27 12:00:00,17.3740330935387,23.6724323645079,0.0,0.06578947368421052,15.2,53,0,10.9,15,12.7,10.7,14.7,0.0,0.0,0.28,15.0,56.0,35749.0,1.0,0.0,318.0,0.0,101620.0
2024-12-27 13:00:00,17.3516877885042,23.9241068848376,0.0,0.06597222222222222,15.9,49,0,11.7,37,14.0,11.1,14.7,0.0,0.0,0.3,15.0,59.0,42866.0,2.0,3.0,24.0,0.0,101550.0
2024-12-27 14:00:00,17.6111214250025,23.772206156224,0.0,0.06615497076023391,16.3,45,0,15.9,53,14.6,11.4,14.7,0.0,0.0,0.29,16.0,45.0,42986.0,3.0,2.0,348.0,0.0,101450.0
2024-12-27 15:00:00,17.3779184919765,23.7650022702463,0.0,0.06633771929824561,15.8,46,0,18.4,56,14.7,11.7,14.7,0.0,0.0,0.24,16.0,42.0,34410.0,2.0,4.0,31.0,0.0,101380.0
2024-12-27 16:00:00,17.43009225202,23.6254518626502,0.0,0.06652046783625731,14.9,51,0,15.9,58,14.3,11.9,14.7,0.0,0.0,0.16,17.0,40.0,21302.0,1.0,4.0,84.0,0.0,101360.0
2024-12-27 17:00:00,17.4359690375002,23.6837802047349,0.0,0.066703216374269,12.8,57,0,10.1,60,13.4,12.1,14.7,0.0,0.0,0.06,16.0,42.0,8253.0,0.0,4.0,90.0,0.0,101370.0
2024-12-27 18:00:00,17.5028399540113,23.7499913445252,0.0,0.0668859649122807,10.7,67,0,7.8,67,12.1,12.2,14.7,0.0,0.0,0.02,15.0,56.0,2016.0,0.0,4.0,92.0,0.0,101400.0
2024-12-27 19:00:00,17.4744797096713,23.7805123350901,0.0,0.06706871345029239,10.0,68,0,7.1,75,10.9,12.2,14.7,0.0,0.0,0.01,13.0,67.0,0.0,0.0,2.0,54.0,0.0,101450.0
2024-12-27 20:00:00,17.5919340045405,23.5768017473638,0.0,0.06725146198830409,9.5,71,0,7.7,76,10.0,12.1,14.7,0.0,0.0,0.01,11.0,74.0,0.0,0.0,1.0,94.0,0.0,101500.0
2024-12-27 21:00:00,17.6996365848449,23.5702976636146,0.0,0.06743421052631579,9.2,74,0,6.8,63,9.3,12.0,14.7,0.0,0.0,0.01,9.0,81.0,0.0,0.0,0.0,174.0,0.0,101540.0
2024-12-27 22:00:00,17.6493999700514,23.535767280103,0.0,0.06761695906432748,9.2,75,0,3.2,53,8.7,11.9,14.7,0.0,0.0,0.0,7.0,80.0,0.0,0.0,0.0,186.0,0.0,101560.0
2024-12-27 23:00:00,17.622730511492,23.584748255785,0.0,0.06779970760233918,8.4,78,0,1.5,46,8.1,11.7,14.7,0.0,0.0,0.0,6.0,80.0,0.0,0.0,1.0,172.0,0.0,101570.0
2024-12-28 00:00:00,17.5659260052042,23.5011427368066,0.0,0.06798245614035087,7.5,79,0,0.4,33,7.5,11.5,14.7,0.0,0.0,0.0,5.0,77.0,0.0,0.0,0.0,180.0,0.0,101580.0
2024-12-28 01:00:00,17.6905015636534,23.6590620210895,0.0,0.06816520467836257,6.4,78,0,3.2,300,7.0,11.5,14.7,0.0,0.0,0.0,4.0,73.0,0.0,0.0,0.0,176.0,0.0,101570.0
2024-12-28 02:00:00,17.8091823427344,23.5622935664485,0.0,0.06834795321637427,5.6,79,0,5.1,273,6.8,11.2,14.7,0.0,0.0,0.0,5.0,73.0,0.0,0.0,0.0,186.0,0.0,101530.0
2024-12-28 03:00:00,17.9328280421712,23.4939852273612,0.0,0.06853070175438596,4.7,78,0,5.1,267,6.7,11.0,14.7,0.0,0.0,0.0,3.0,78.0,0.0,0.0,1.0,171.0,0.0,101510.0
2024-12-28 04:00:00,17.8741060387226,23.5006859729672,0.0,0.06871345029239766,4.2,76,0,4.8,255,6.4,10.8,14.6,0.0,0.0,0.0,3.0,84.0,0.0,0.0,0.0,186.0,0.0,101520.0
2024-12-28 05:00:00,17.6864980613018,23.5835721630373,0.0,0.06889619883040936,3.8,73,0,4.6,240,6.1,10.6,14.6,0.0,0.0,0.0,4.0,75.0,0.0,0.0,2.0,180.0,0.0,101500.0
2024-12-28 06:00:00,17.9419380775654,23.3898775111693,0.0,0.06907894736842105,3.4,73,0,4.5,245,5.8,10.4,14.6,0.0,0.0,0.0,4.0,77.0,0.0,0.0,1.0,180.0,0.0,101480.0
2024-12-28 07:00:00,17.9293510211518,23.5841357701691,0.0,0.06926169590643275,3.0,76,0,4.3,257,5.6,10.2,14.6,0.0,0.0,0.0,2.0,78.0,0.0,0.0,0.0,166.0,0.0,101480.0
2024-12-28 08:00:00,18.070857052947,23.5102308376378,0.0,0.06944444444444445,4.3,73,0,4.8,264,5.6,10.0,14.6,0.0,0.0,0.01,2.0,82.0,0.0,0.0,0.0,172.0,0.0,101520.0
2024-12-28 09:00:00,18.227789798182,23.439558776195,0.0,0.06962719298245613,8.6,69,0,6.2,266,6.8,9.9,14.6,0.0,0.0,0.07,2.0,79.0,2977.0,0.0,0.0,171.0,0.0,101550.0
2024-12-28 10:00:00,17.8788956324533,23.4777682688784,0.0,0.06980994152046784,12.1,56,0,7.2,285,8.7,9.8,14.6,0.0,0.0,0.16,9.0,57.0,9964.0,1.0,0.0,170.0,0.0,101600.0
2024-12-28 11:00:00,18.2320898734769,23.4847312850399,0.0,0.06999269005847952,13.9,46,0,6.2,304,10.6,9.9,14.5,0.0,0.0,0.23,13.0,54.0,25233.0,1.0,0.0,210.0,0.0,101640.0
2024-12-28 12:00:00,17.8965469811838,23.3647923533645,0.0,0.07017543859649122,15.1,41,0,6.5,337,12.2,10.1,14.5,0.0,0.0,0.28,14.0,58.0,38540.0,2.0,1.0,268.0,0.0,101610.0
2024-12-28 13:00:00,18.1068295125543,23.1966202541404,0.0,0.07035818713450293,15.9,38,0,8.3,13,13.6,10.6,14.5,0.0,0.0,0.3,16.0,44.0,44240.0,2.0,0.0,180.0,0.0,101500.0
2024-12-28 14:00:00,18.0734241754552,23.2484382383571,0.0,0.07054093567251461,15.8,40,0,10.1,21,14.3,10.9,14.5,0.0,0.0,0.28,17.0,41.0,41747.0,2.0,2.0,48.0,0.0,101400.0
2024-12-28 15:00:00,18.3359884650042,23.1835152489513,0.0,0.07072368421052631,15.1,47,0,10.4,30,14.4,11.1,14.5,0.0,0.0,0.22,16.0,43.0,32936.0,2.0,5.0,26.0,0.0,101320.0
2024-12-28 16:00:00,17.922989192188,23.126465908203,0.0,0.070906432748538,13.9,57,0,8.0,42,14.0,11.4,14.5,0.0,0.0,0.12,16.0,47.0,18992.0,1.0,4.0,43.0,0.0,101330.0
2024-12-28 17:00:00,18.2802449692974,23.1946054040283,0.0,0.0710891812865497,10.8,70,0,3.9,54,12.7,11.6,14.5,0.0,0.0,0.02,15.0,50.0,6722.0,0.0,4.0,66.0,0.0,101350.0
2024-12-28 18:00:00,18.1121366512541,23.2182966472264,0.0,0.0712719298245614,10.1,71,0,1.5,61,11.2,11.7,14.5,0.0,0.0,0.0,13.0,63.0,968.0,0.0,1.0,54.0,0.0,101360.0
2024-12-28 19:00:00,18.2260016811571,23.1835221283647,0.0,0.07145467836257309,9.4,72,0,0.7,72,10.0,11.6,14.5,0.0,0.0,0.0,10.0,76.0,0.0,0.0,0.0,188.0,0.0,101390.0
2024-12-28 20:00:00,18.298689742764,23.2631670896882,0.0,0.07163742690058479,8.8,72,0,0.6,72,9.1,11.6,14.5,0.0,0.0,0.0,7.0,69.0,0.0,0.0,0.0,148.0,0.0,101440.0
2024-12-28 21:00:00,18.2951801148299,23.2832361393823,0.0,0.07182017543859649,8.5,70,0,0.9,58,8.4,11.4,14.5,0.0,0.0,0.0,7.0,73.0,0.0,0.0,0.0,186.0,0.0,101460.0
2024-12-28 22:00:00,18.2530325265242,23.0315609735444,0.0,0.07200292397660818,8.3,69,0,0.4,41,7.8,11.3,14.5,0.0,0.0,0.0,6.0,74.0,0.0,0.0,0.0,180.0,0.0,101470.0
2024-12-28 23:00:00,18.23696772941,23.1371895715948,0.0,0.07218567251461988,8.0,70,2,1.0,18,7.4,11.1,14.5,0.0,0.0,0.0,6.0,73.0,0.0,0.0,1.0,180.0,0.0,101470.0
2024-12-29 00:00:00,18.3816685641233,23.2384332565605,0.0,0.07236842105263158,7.1,74,0,3.2,317,7.1,10.9,14.4,0.0,0.0,0.0,5.0,70.0,0.0,0.0,0.0,150.0,0.0,101480.0
2024-12-29 01:00:00,18.2658120477598,23.1758096961035,0.0,0.07255116959064327,6.2,71,0,5.0,261,6.9,11.0,14.4,0.0,0.0,0.0,4.0,75.0,0.0,0.0,1.0,180.0,0.0,101440.0
2024-12-29 02:00:00,18.2741738327323,23.1715039211768,0.0,0.07273391812865497,5.2,73,0,6.4,255,6.8,10.8,14.4,0.0,0.0,0.0,4.0,76.0,0.0,0.0,1.0,204.0,0.0,101390.0
2024-12-29 03:00:00,18.3605599829435,22.989265813386,0.0,0.07291666666666666,5.0,72,3,7.1,249,6.7,10.6,14.4,0.0,0.0,0.01,3.0,74.0,0.0,0.0,1.0,174.0,0.0,101380.0
2024-12-29 04:00:00,18.4979011449463,22.9655736087116,0.0,0.07309941520467836,4.8,70,0,7.6,244,6.5,10.4,14.4,0.0,0.0,0.01,3.0,84.0,0.0,0.0,1.0,186.0,0.0,101390.0
2024-12-29 05:00:00,18.367348998907,23.1821266868037,0.0,0.07328216374269006,4.6,69,0,7.4,246,6.4,10.3,14.4,0.0,0.0,0.01,3.0,78.0,0.0,0.0,1.0,180.0,0.0,101360.0
2024-12-29 06:00:00,18.5378690898772,23.1437195386095,0.0,0.07346491228070175,4.1,69,0,7.0,246,6.2,10.1,14.4,0.0,0.0,0.01,5.0,72.0,0.0,0.0,0.0,228.0,0.0,101340.0
2024-12-29 07:00:00,18.4289403854418,22.8889661731638,0.0,0.07364766081871345,3.6,71,0,6.8,244,6.0,10.0,14.4,0.0,0.0,0.01,5.0,78.0,0.0,0.0,1.0,216.0,0.0,101360.0
2024-12-29 08:00:00,18.7429594075992,23.0051933756223,0.0,0.07383040935672514,4.5,71,1,7.0,237,6.0,9.8,14.4,0.0,0.0,0.02,5.0,80.0,0.0,0.0,0.0,210.0,0.0,101410.0
2024-12-29 09:00:00,18.3524349458347,22.9764202958881,0.0,0.07401315789473684,9.3,59,4,6.8,233,7.1,9.7,14.3,0.0,0.0,0.07,6.0,78.0,3638.0,0.0,1.0,204.0,0.0,101450.0
2024-12-29 10:00:00,18.6739930811875,23.0670099001603,0.0,0.07419590643274854,13.2,55,24,4.9,282,8.9,9.7,14.3,0.0,0.0,0.16,9.0,67.0,11859.0,1.0,2.0,198.0,0.0,101490.0
2024-12-29 11:00:00,18.6250559173624,22.8486439506379,0.0,0.07437865497076022,15.3,42,60,4.2,353,10.9,9.8,14.3,0.0,0.0,0.24,11.0,57.0,26707.0,1.0,3.0,228.0,0.0,101540.0
2024-12-29 12:00:00,18.5475150079722,22.9729899421735,0.0,0.07456140350877193,16.4,40,67,7.2,8,12.6,10.0,14.3,0.0,0.0,0.29,13.0,51.0,39538.0,2.0,2.0,222.0,0.0,101510.0
2024-12-29 13:00:00,18.5571439780193,23.0510100562041,0.0,0.07474415204678363,16.8,41,65,10.8,12,14.0,10.4,14.3,0.0,0.0,0.31,15.0,47.0,44164.0,2.0,2.0,306.0,0.0,101400.0
2024-12-29 14:00:00,18.3986085472658,23.030978388365,0.0,0.07492690058479531,16.2,45,32,13.1,16,14.6,10.7,14.3,0.0,0.0,0.28,17.0,40.0,43844.0,3.0,2.0,178.0,0.0,101320.0
2024-12-29 15:00:00,18.7693974817849,22.8579348285234,0.0,0.07510964912280702,15.4,52,6,12.0,27,14.6,11.1,14.3,0.0,0.0,0.21,17.0,39.0,30768.0,1.0,1.0,48.0,0.0,101250.0
2024-12-29 16:00:00,18.5949207470245,22.9418636178772,0.0,0.07529239766081872,13.9,64,3,9.8,48,14.2,11.3,14.3,0.0,0.0,0.12,16.0,54.0,16624.0,1.0,4.0,5.0,0.0,101230.0
2024-12-29 17:00:00,18.7209229329501,23.1193209187904,0.0,0.0754751461988304,10.7,75,17,5.4,75,12.9,11.5,14.3,0.0,0.0,0.03,15.0,58.0,6122.0,0.0,3.0,42.0,0.0,101260.0
2024-12-29 18:00:00,18.6383891528567,22.9201652249679,0.0,0.0756578947368421,9.6,73,24,5.9,85,11.4,11.6,14.3,0.0,0.0,0.0,13.0,64.0,490.0,0.0,1.0,72.0,0.0,101300.0
2024-12-29 19:00:00,18.8009369298615,22.9044911108598,0.0,0.07584064327485379,9.5,71,30,5.1,76,10.2,11.6,14.3,0.0,0.0,0.0,10.0,69.0,0.0,0.0,0.0,143.0,0.0,101330.0
2024-12-29 20:00:00,18.6010956239864,22.7569218615577,0.0,0.07602339181286549,9.7,69,5,2.6,64,9.4,11.5,14.2,0.0,0.0,0.0,8.0,78.0,0.0,0.0,0.0,142.0,0.0,101380.0
2024-12-29 21:00:00,18.8108976992025,22.8274946921544,0.0,0.0762061403508772,9.1,68,2,1.2,57,8.6,11.4,14.2,0.0,0.0,0.0,7.0,77.0,0.0,0.0,0.0,173.0,0.0,101410.0
2024-12-29 22:00:00,18.8242313003312,22.7698522346386,0.0,0.07638888888888888,7.5,68,5,0.9,54,8.0,11.3,14.2,0.0,0.0,0.0,6.0,77.0,0.0,0.0,1.0,186.0,0.0,101440.0
2024-12-29 23:00:00,18.6192951913867,22.7594387151262,0.0,0.07657163742690058,5.7,65,50,3.0,194,7.5,11.1,14.2,0.0,0.0,0.0,6.0,79.0,0.0,0.0,1.0,198.0,0.0,101450.0
2024-12-30 00:00:00,18.8522574011162,22.6663689998814,0.0,0.07675438596491227,5.0,67,90,6.6,243,7.3,11.0,14.2,0.0,0.0,0.01,7.0,76.0,0.0,0.0,0.0,210.0,0.0,101460.0
2024-12-30 01:00:00,18.6261436345887,22.8486699700749,0.0,0.07693713450292397,5.4,65,90,6.1,247,7.3,10.9,14.2,0.0,0.0,0.01,5.0,77.0,0.0,0.0,0.0,174.0,0.0,101440.0
2024-12-30 02:00:00,18.9357683871445,22.7419072267636,0.0,0.07711988304093567,5.0,65,29,7.1,247,7.1,10.8,14.2,0.0,0.0,0.01,5.0,77.0,0.0,0.0,1.0,171.0,0.0,101410.0
2024-12-30 03:00:00,18.9403949069118,22.8264391428488,0.0,0.07730263157894736,4.5,66,3,7.5,243,6.8,10.6,14.2,0.0,0.0,0.01,4.0,76.0,0.0,0.0,2.0,172.0,0.0,101410.0
2024-12-30 04:00:00,18.9111101720991,22.6773193880039,0.0,0.07748538011695906,4.0,67,2,6.7,244,6.6,10.4,14.2,0.0,0.0,0.01,3.0,81.0,0.0,0.0,0.0,180.0,0.0,101410.0
2024-12-30 05:00:00,18.8753491993394,22.7995499984097,0.0,0.07766812865497076,3.6,68,6,6.6,240,6.3,10.3,14.2,0.0,0.0,0.01,4.0,76.0,0.0,0.0,2.0,165.0,0.0,101380.0
2024-12-30 06:00:00,18.8861604086568,22.8564236538289,0.0,0.07785087719298245,3.6,68,18,7.1,238,6.1,10.1,14.2,0.0,0.0,0.01,2.0,81.0,0.0,0.0,0.0,172.0,0.0,101400.0
2024-12-30 07:00:00,18.7453512510649,22.8554098799583,0.0,0.07803362573099415,3.6,68,11,6.6,235,5.9,9.9,14.2,0.0,0.0,0.01,2.0,84.0,0.0,0.0,1.0,180.0,0.0,101430.0
2024-12-30 08:00:00,18.8240563714711,22.7626921728627,0.0,0.07821637426900585,4.6,68,4,8.0,229,5.9,9.8,14.1,0.0,0.0,0.03,2.0,85.0,174.0,0.0,0.0,198.0,0.0,101460.0
2024-12-30 09:00:00,19.082007848956,22.7417722624497,0.0,0.07839912280701754,9.3,62,1,9.6,229,7.0,9.6,14.1,0.0,0.0,0.08,6.0,75.0,5133.0,0.0,1.0,204.0,0.0,101510.0
2024-12-30 10:00:00,19.1665447248427,22.6148492365031,0.0,0.07858187134502924,13.4,53,3,6.5,260,8.9,9.6,14.1,0.0,0.0,0.16,9.0,66.0,16260.0,1.0,2.0,234.0,0.0,101560.0
2024-12-30 11:00:00,19.3140233771717,23.2837805137716,0.0,0.07876461988304093,15.1,42,8,6.1,327,10.8,9.7,14.1,0.0,0.0,0.24,11.0,58.0,29798.0,1.0,2.0,264.0,0.0,101590.0
2024-12-30 12:00:00,18.9737481585901,25.360958134196,0.0,0.07894736842105263,15.9,38,18,7.7,358,12.4,10.0,14.1,0.0,0.0,0.29,14.0,46.0,37989.0,2.0,1.0,234.0,0.0,101550.0
2024-12-30 13:00:00,19.022830007995,25.507259466238,0.0,0.07913011695906433,16.4,38,8,8.5,7,13.8,10.3,14.1,0.0,0.0,0.31,15.0,43.0,28905.0,2.0,2.0,256.0,0.0,101470.0
2024-12-30 14:00:00,19.3580602142602,25.4308639083712,0.0,0.07931286549707602,16.2,40,12,10.0,12,14.4,10.6,14.1,0.0,0.0,0.28,19.0,35.0,41144.0,3.0,2.0,132.0,0.0,101370.0
2024-12-30 15:00:00,18.9102529560166,25.4881676001231,0.0,0.07949561403508772,15.4,48,24,10.1,35,14.5,10.9,14.1,0.0,0.0,0.2,17.0,38.0,25980.0,1.0,3.0,24.0,0.0,101320.0
2024-12-30 16:00:00,18.9094586231978,25.4887610290805,0.0,0.0796783625730994,14.2,57,23,7.4,65,14.0,11.2,14.1,0.0,0.0,0.12,16.0,45.0,15077.0,1.0,4.0,27.0,0.0,101330.0
2024-12-30 17:00:00,19.1882945681083,25.3390704874992,0.0,0.0798611111111111,11.4,68,20,3.8,66,12.8,11.4,14.1,0.0,0.0,0.03,15.0,47.0,5298.0,0.0,3.0,63.0,0.0,101350.0
2024-12-30 18:00:00,19.1371499015132,25.2986078661528,0.0,0.0800438596491228,10.8,68,34,1.2,55,11.4,11.5,14.0,0.0,0.0,0.0,13.0,64.0,204.0,0.0,0.0,42.0,0.0,101370.0
2024-12-30 19:00:00,19.0668802525997,25.335093178301,0.0,0.0802266081871345,10.0,66,3,1.1,66,10.3,11.5,14.0,0.0,0.0,0.0,9.0,75.0,0.0,0.0,0.0,144.0,0.0,101410.0
2024-12-30 20:00:00,19.242080681683,25.2993781086559,0.0,0.0804093567251462,9.0,64,6,2.3,102,9.4,11.4,14.0,0.0,0.0,0.0,8.0,78.0,0.0,0.0,0.0,186.0,0.0,101450.0
2024-12-30 21:00:00,19.3769628007576,25.3057384766831,0.0,0.0805921052631579,8.1,68,3,2.2,95,8.7,11.3,14.0,0.0,0.0,0.0,7.0,76.0,0.0,0.0,1.0,186.0,0.0,101480.0
2024-12-30 22:00:00,19.5657831493083,25.111048276574,0.0,0.08077485380116958,7.4,71,4,1.6,88,8.1,11.2,14.0,0.0,0.0,0.0,9.0,70.0,0.0,0.0,1.0,186.0,0.0,101500.0
2024-12-30 23:00:00,19.5396931605431,25.0435969054223,0.0,0.08095760233918128,6.6,74,4,1.8,132,7.6,11.1,14.0,0.0,0.0,0.0,5.0,78.0,0.0,0.0,0.0,180.0,0.0,101520.0
2024-12-31 00:00:00,19.4935949914078,24.9357143432563,0.0,0.08114035087719298,6.6,73,3,1.7,313,7.2,10.9,14.0,0.0,0.0,0.0,7.0,73.0,0.0,0.0,0.0,186.0,0.0,101520.0
2024-12-31 01:00:00,19.7589576395132,24.9879262915225,0.0,0.08132309941520467,5.6,71,9,7.3,240,7.1,10.8,14.0,0.0,0.0,0.01,5.0,71.0,0.0,0.0,1.0,186.0,0.0,101480.0
2024-12-31 02:00:00,19.7513540158055,25.1359400515863,0.0,0.08150584795321637,5.0,69,9,6.7,246,6.9,10.6,14.0,0.0,0.0,0.01,6.0,75.0,0.0,0.0,0.0,222.0,0.0,101460.0
2024-12-31 03:00:00,19.8712673071218,25.0375580616302,0.0,0.08168859649122806,4.8,63,68,7.5,240,6.7,10.5,14.0,0.0,0.0,0.02,4.0,78.0,0.0,0.0,0.0,174.0,0.0,101470.0
2024-12-31 04:00:00,19.7074030893977,24.9169193630775,0.0,0.08187134502923976,4.4,61,5,6.0,236,6.5,10.3,14.0,0.0,0.0,0.01,4.0,73.0,0.0,0.0,1.0,186.0,0.0,101450.0
2024-12-31 05:00:00,19.9883037556773,24.9264677405694,0.0,0.08205409356725146,3.7,63,10,4.7,229,6.2,10.1,14.0,0.0,0.0,0.01,4.0,64.0,0.0,0.0,1.0,180.0,0.0,101410.0
2024-12-31 06:00:00,19.9883849396031,25.0723780987106,0.0,0.08223684210526315,3.9,62,3,6.9,222,6.0,10.0,14.0,0.0,0.0,0.01,7.0,73.0,0.0,0.0,2.0,222.0,0.0,101430.0
2024-12-31 07:00:00,19.9537868642666,25.0486769712499,0.0,0.08241959064327485,4.7,58,0,8.3,218,6.0,9.8,14.0,0.0,0.0,0.02,7.0,69.0,0.0,0.0,2.0,228.0,0.0,101460.0
2024-12-31 08:00:00,19.989268482055,25.1440105549237,0.0,0.08260233918128654,6.0,59,1,8.1,224,6.1,9.7,13.9,0.0,0.0,0.03,6.0,74.0,327.0,0.0,0.0,234.0,0.0,101520.0
2024-12-31 09:00:00,20.2649358863199,24.9563152838908,0.0,0.08278508771929824,9.4,53,15,9.1,242,7.2,9.6,13.9,0.0,0.0,0.09,7.0,72.0,6841.0,0.0,2.0,222.0,0.0,101530.0
2024-12-31 10:00:00,20.4923239663648,24.9724143362698,0.0,0.08296783625730994,12.1,48,13,8.4,246,8.8,9.6,13.9,0.0,0.0,0.16,8.0,68.0,8588.0,1.0,2.0,222.0,0.0,101590.0
2024-12-31 11:00:00,20.2783855821431,24.9314089408166,0.0,0.08315058479532163,14.0,48,16,7.9,272,10.5,9.7,13.9,0.0,0.0,0.23,12.0,54.0,31890.0,2.0,3.0,246.0,0.0,101570.0
2024-12-31 12:00:00,20.4658697432582,24.8425736044772,0.0,0.08333333333333333,14.8,52,7,5.3,309,12.2,9.9,13.9,0.0,0.0,0.26,13.0,53.0,27908.0,1.0,2.0,306.0,0.0,101540.0
2024-12-31 13:00:00,20.3588904563264,24.7679198358139,0.0,0.08351608187134503,15.3,52,25,2.8,344,14.1,10.5,13.9,0.0,0.0,0.25,15.0,54.0,25688.0,1.0,0.0,10.0,0.0,101450.0
2024-12-31 14:00:00,20.4014743657834,24.760534750109,0.0,0.08369883040935672,15.3,48,40,4.5,2,14.6,10.8,13.9,0.0,0.0,0.21,16.0,46.0,51388.0,3.0,2.0,141.0,0.0,101370.0
2024-12-31 15:00:00,20.5112567750401,24.9049852757977,0.0,0.08388157894736842,14.9,49,23,8.4,12,14.5,11.1,13.9,0.0,0.0,0.18,15.0,56.0,27421.0,1.0,3.0,52.0,0.0,101330.0
2024-12-31 16:00:00,20.7200254211102,24.8091410376774,0.0,0.08406432748538012,14.1,54,25,8.7,35,14.0,11.3,13.9,0.0,0.0,0.12,15.0,52.0,9358.0,0.0,3.0,65.0,0.0,101340.0
2024-12-31 17:00:00,20.6594353617314,24.9413064339064,0.0,0.0842470760233918,11.9,67,30,8.1,56,13.0,11.5,13.9,0.0,0.0,0.04,14.0,52.0,4544.0,0.0,2.0,36.0,0.0,101380.0
2024-12-31 18:00:00,20.7518699773085,24.7020304729538,0.0,0.08442982456140351,10.2,76,10,7.4,73,11.9,11.6,13.9,0.0,0.0,0.01,13.0,57.0,0.0,0.0,0.0,48.0,0.0,101410.0
2024-12-31 19:00:00,20.7941515596753,24.6093466618199,0.0,0.0846125730994152,9.4,79,17,5.5,77,10.8,11.6,13.9,0.0,0.0,0.0,11.0,62.0,0.0,0.0,0.0,182.0,0.0,101450.0
2024-12-31 20:00:00,20.9376328008173,24.6131731445941,0.0,0.0847953216374269,8.7,80,9,4.6,109,9.9,11.6,13.9,0.0,0.0,0.0,9.0,68.0,0.0,0.0,0.0,186.0,0.0,101480.0
2024-12-31 21:00:00,21.1567622772844,24.5958468758959,0.0,0.0849780701754386,8.2,80,26,2.7,100,9.1,11.5,13.9,0.0,0.0,0.0,6.0,71.0,0.0,0.0,0.0,167.0,0.0,101500.0
2024-12-31 22:00:00,21.0306205261544,24.4911291074632,0.0,0.08516081871345028,8.5,79,5,1.3,72,8.6,11.4,13.9,0.0,0.0,0.0,6.0,75.0,0.0,0.0,0.0,186.0,0.0,101520.0
2024-12-31 23:00:00,20.9376998815212,24.4420966492156,0.0,0.08534356725146199,7.7,81,7,0.4,48,8.0,11.2,13.9,0.0,0.0,0.0,5.0,70.0,0.0,0.0,0.0,186.0,0.0,101510.0
2025-01-01 00:00:00,20.9496593522865,24.553283473283,0.0,0.08552631578947367,7.1,83,11,1.1,12,7.6,11.1,13.9,0.0,0.0,0.0,4.0,80.0,0.0,0.0,0.0,204.0,0.0,101510.0
2025-01-01 01:00:00,20.9556367444629,24.2431459351729,0.0,0.08570906432748537,5.4,79,2,4.2,283,7.0,11.0,13.9,0.0,0.0,0.0,4.0,76.0,0.0,0.0,1.0,174.0,0.0,101490.0
2025-01-01 02:00:00,21.2253226168765,24.3907755319561,0.0,0.08589181286549707,4.9,80,10,6.1,257,6.8,10.8,13.9,0.0,0.0,0.0,4.0,72.0,0.0,0.0,1.0,174.0,0.0,101470.0
2025-01-01 03:00:00,21.1789371129874,24.5952649061479,0.0,0.08607456140350876,5.2,78,0,6.9,250,6.7,10.6,13.8,0.0,0.0,0.0,2.0,78.0,0.0,0.0,1.0,180.0,0.0,101460.0
2025-01-01 04:00:00,21.0763168258221,24.4146265494384,0.0,0.08625730994152046,4.7,78,0,6.2,249,6.4,10.4,13.8,0.0,0.0,0.0,2.0,80.0,0.0,0.0,0.0,192.0,0.0,101470.0
2025-01-01 05:00:00,21.2269195967302,24.1884222463671,0.0,0.08644005847953216,4.5,76,9,6.7,225,6.2,10.3,13.8,0.0,0.0,0.0,1.0,77.0,0.0,0.0,1.0,166.0,0.0,101460.0
2025-01-01 06:00:00,21.1065563283349,24.4285624582039,0.0,0.08662280701754385,4.3,76,3,6.4,218,5.9,10.1,13.8,0.0,0.0,0.0,4.0,69.0,0.0,0.0,2.0,174.0,0.0,101440.0
2025-01-01 07:00:00,21.2339976844896,24.3557632622032,0.0,0.08680555555555555,4.0,81,6,6.2,220,5.7,9.9,13.8,0.0,0.0,0.0,4.0,74.0,0.0,0.0,0.0,246.0,0.0,101470.0
2025-01-01 08:00:00,21.2101579854902,24.0723630562368,0.0,0.08698830409356725,5.6,77,42,7.5,219,5.8,9.7,13.8,0.0,0.0,0.02,3.5,75.5,445.5,0.0,1.0,225.0,0.0,101480.0
2025-01-01 09:00:00,21.3862937476786,24.1441738425991,0.0,0.08717105263157894,9.0,72,100,9.4,228,7.0,9.6,13.8,0.0,0.0,0.07,3.0,77.0,891.0,0.0,2.0,204.0,0.0,101490.0
2025-01-01 10:00:00,21.3183207797393,24.3628266752454,0.0,0.08735380116959064,11.9,65,79,7.7,239,8.7,9.6,13.8,0.0,0.0,0.14,6.0,71.0,6528.0,0.0,0.0,198.0,0.0,101520.0
2025-01-01 11:00:00,21.271505584591,24.3092240223097,0.0,0.08753654970760233,13.7,59,1,4.0,265,10.6,9.7,13.8,0.0,0.0,0.21,8.0,72.0,11197.0,1.0,1.0,294.0,0.0,101570.0
2025-01-01 12:00:00,21.3647198020407,24.0201639522436,0.0,0.08771929824561403,14.8,56,1,6.1,27,12.3,9.9,13.8,0.0,0.0,0.26,11.0,63.0,17801.0,1.0,2.0,270.0,0.0,101550.0
2025-01-01 13:00:00,21.354177540178,24.3542820780167,0.0,0.08790204678362573,15.3,56,10,11.3,47,13.1,10.4,13.8,0.0,0.0,0.27,13.0,62.0,42124.0,2.0,1.0,300.0,0.0,101520.0
2025-01-01 14:00:00,21.3544286588591,24.1609501892449,0.0,0.08808479532163742,15.0,57,75,13.1,43,13.7,10.6,13.8,0.0,0.0,0.23,15.0,61.0,46206.0,2.0,0.0,283.0,0.0,101430.0
2025-01-01 15:00:00,21.2906244935281,24.1921965707567,0.0,0.08826754385964912,14.7,58,100,13.0,43,13.9,10.9,13.7,0.0,0.0,0.19,15.0,62.0,21218.0,1.0,2.0,37.0,0.0,101360.0
2025-01-01 16:00:00,21.5543688011639,24.1517522767579,0.0,0.0884502923976608,13.5,66,100,11.8,39,13.6,11.1,13.7,0.0,0.0,0.1,14.0,69.0,9489.0,1.0,5.0,24.0,0.0,101360.0
2025-01-01 17:00:00,21.3795487405286,23.9882257437529,0.0,0.08863304093567251,12.1,77,63,7.8,14,12.9,11.3,13.7,0.0,0.0,0.04,15.0,63.0,8732.0,0.0,3.0,60.0,0.0,101360.0
2025-01-01 18:00:00,21.6097354791779,24.0141468858636,0.0,0.08881578947368421,10.6,88,63,2.1,5,11.9,11.4,13.7,0.0,0.0,0.01,14.0,69.0,2540.0,0.0,4.0,342.0,0.0,101370.0
2025-01-01 19:00:00,21.4544827219624,24.1646479233388,0.0,0.0889985380116959,10.2,87,67,0.6,350,11.0,11.5,13.7,0.1,0.1,0.0,12.0,75.0,0.0,0.0,1.0,6.0,0.0,101400.0
2025-01-01 20:00:00,21.5056970763818,24.1747296054414,0.0,0.0891812865497076,9.9,86,71,1.1,50,10.5,11.5,13.7,0.2,0.2,0.0,11.0,89.0,0.0,0.0,2.0,6.0,3.0,101460.0
2025-01-01 21:00:00,21.5515668453816,24.0096442929583,0.0,0.0893640350877193,9.8,89,44,3.5,240,10.2,11.4,13.7,0.1,0.1,0.0,10.0,91.0,0.0,0.0,0.0,180.0,2.0,101500.0
2025-01-01 22:00:00,21.4107797728637,23.9996838755286,0.0,0.08954678362573099,8.7,90,34,3.7,232,9.6,11.4,13.7,0.1,0.1,0.0,11.0,92.0,0.0,0.0,2.0,216.0,0.0,101500.0
2025-01-01 23:00:00,21.3028063651691,23.9881072726805,0.0,0.08972953216374269,8.4,91,40,5.5,238,9.0,11.3,13.7,0.0,0.0,0.0,11.0,93.0,0.0,0.0,0.0,54.0,0.0,101520.0
2025-01-02 00:00:00,21.4615138214301,23.9507743884907,0.0,0.08991228070175439,8.1,93,22,6.4,234,8.7,11.2,13.7,0.0,0.0,0.0,11.0,93.0,0.0,0.0,2.0,240.0,13.0,101550.0
2025-01-02 01:00:00,21.4694336678849,24.0656579273899,0.0,0.09009502923976608,7.3,96,22,6.7,222,9.0,11.2,13.7,0.0,0.0,0.0,10.0,93.0,0.0,0.0,0.0,180.0,2.0,101560.0
2025-01-02 02:00:00,21.4618303978233,23.8355737922112,0.0,0.09027777777777778,6.8,96,54,7.1,223,8.4,11.1,13.7,0.0,0.0,0.0,9.0,94.0,0.0,0.0,0.0,240.0,0.0,101550.0
2025-01-02 03:00:00,21.3833429926743,24.0310344079404,0.0,0.09046052631578946,6.2,96,75,6.6,226,7.9,10.9,13.7,0.0,0.0,0.0,9.0,95.0,0.0,0.0,1.0,204.0,0.0,101530.0
2025-01-02 04:00:00,21.5314674050972,23.9728525174847,0.0,0.09064327485380116,5.7,98,91,7.7,231,7.5,10.8,13.7,0.0,0.0,0.0,8.0,95.0,0.0,0.0,0.0,210.0,0.0,101520.0
2025-01-02 05:00:00,21.5136961023699,24.1445470276529,0.0,0.09082602339181287,5.3,100,100,8.7,222,7.3,10.6,13.7,0.0,0.0,0.0,6.0,95.0,0.0,0.0,0.0,188.0,0.0,101510.0
2025-01-02 06:00:00,21.5992722266225,24.3121774489262,0.0,0.09100877192982455,5.2,100,99,9.0,219,7.2,10.5,13.7,0.0,0.0,0.0,6.0,95.0,0.0,0.0,1.0,180.0,0.0,101500.0
2025-01-02 07:00:00,21.7206455303629,24.3191781843285,0.0,0.09119152046783625,5.4,100,97,9.4,223,7.1,10.4,13.7,0.0,0.0,0.0,6.0,94.0,0.0,0.0,1.0,192.0,0.0,101520.0
2025-01-02 08:00:00,21.6178720643302,24.1652815057624,0.0,0.09137426900584794,6.0,97,24,9.4,225,7.1,10.2,13.7,0.0,0.0,0.01,6.0,94.0,0.0,0.0,1.0,186.0,0.0,101580.0
2025-01-02 09:00:00,21.5518174953714,24.3314744936958,0.0,0.09155701754385964,8.5,91,29,9.6,232,7.9,10.1,13.7,0.0,0.0,0.04,6.0,94.0,1955.0,0.0,0.0,186.0,0.0,101620.0
2025-01-02 10:00:00,21.48947841994,24.2751597208708,0.0,0.09173976608187134,11.0,87,26,9.6,233,9.4,10.1,13.7,0.0,0.0,0.11,7.0,95.0,6003.0,0.0,0.0,239.0,0.0,101700.0
2025-01-02 11:00:00,21.8308292984521,24.6318129016655,0.0,0.09192251461988303,13.4,74,3,10.6,256,11.0,10.2,13.7,0.0,0.0,0.19,11.0,89.0,19511.0,1.0,2.0,239.0,0.0,101750.0
2025-01-02 12:00:00,21.8852562550802,24.4134984642361,0.0,0.09210526315789473,14.8,63,4,6.8,270,12.6,10.4,13.7,0.0,0.0,0.26,12.0,82.0,19802.0,1.0,2.0,276.0,0.0,101770.0
2025-01-02 13:00:00,21.9461296974586,24.6108918732963,0.0,0.09228801169590643,15.9,59,1,3.7,299,14.5,10.7,13.6,0.0,0.0,0.26,14.0,72.0,44928.0,2.0,2.0,234.0,0.0,101680.0
2025-01-02 14:00:00,21.9298189319833,24.4076448511569,0.0,0.09247076023391812,16.4,56,2,4.4,335,15.2,11.0,13.6,0.0,0.0,0.26,15.0,61.0,44847.0,2.0,1.0,198.0,0.0,101570.0
2025-01-02 15:00:00,22.136916929039,24.3680500416957,0.0,0.09265350877192982,16.2,55,1,5.8,1,15.4,11.3,13.6,0.0,0.0,0.2,17.0,55.0,30372.0,2.0,0.0,96.0,0.0,101490.0
2025-01-02 16:00:00,22.0156033034103,24.4477528989491,0.0,0.09283625730994152,15.3,63,0,6.9,27,15.0,11.6,13.6,0.0,0.0,0.12,18.0,53.0,25339.0,1.0,0.0,184.0,0.0,101450.0
2025-01-02 17:00:00,22.1527209304255,24.5575758432084,0.0,0.09301900584795321,12.2,78,0,6.3,52,13.9,11.8,13.6,0.0,0.0,0.03,16.0,62.0,8890.0,1.0,3.0,24.0,0.0,101500.0
2025-01-02 18:00:00,22.1512599963897,24.4383235678758,0.0,0.09320175438596491,10.5,84,0,4.7,67,12.4,11.9,13.6,0.0,0.0,0.02,14.0,71.0,2540.0,0.0,2.0,48.0,0.0,101510.0
2025-01-02 19:00:00,22.2051921785776,24.3071722214269,0.0,0.0933845029239766,10.0,83,0,3.1,91,11.2,11.9,13.6,0.0,0.0,0.0,12.0,81.0,0.0,0.0,0.0,91.0,0.0,101560.0
2025-01-02 20:00:00,22.2236480157158,24.345964909357,0.0,0.0935672514619883,9.1,85,0,2.0,113,10.3,11.9,13.6,0.0,0.0,0.0,10.0,87.0,0.0,0.0,2.0,148.0,0.0,101600.0
2025-01-02 21:00:00,22.1861363155452,24.1909237900299,0.0,0.09375,8.4,86,0,1.2,50,9.5,11.8,13.6,0.0,0.0,0.0,10.0,83.0,0.0,0.0,0.0,156.0,0.0,101620.0
2025-01-02 22:00:00,22.2052288175881,24.2361488784285,0.0,0.09393274853801169,8.1,87,0,1.9,27,8.9,11.7,13.6,0.0,0.0,0.0,8.0,87.0,0.0,0.0,0.0,198.0,0.0,101610.0
2025-01-02 23:00:00,22.2150312261662,24.297950183997,0.0,0.09411549707602339,7.5,87,0,2.8,184,8.5,11.5,13.6,0.0,0.0,0.0,7.0,92.0,0.0,0.0,0.0,192.0,0.0,101630.0
2025-01-03 00:00:00,22.1749407798764,24.1289793030116,0.0,0.09429824561403508,6.9,88,0,4.0,222,8.1,11.4,13.6,0.0,0.0,0.0,6.0,92.0,0.0,0.0,0.0,168.0,0.0,101630.0
2025-01-03 01:00:00,22.1008404686262,24.0971574506473,0.0,0.09448099415204678,6.4,89,0,5.1,234,7.8,11.3,13.6,0.0,0.0,0.0,6.0,92.0,0.0,0.0,0.0,192.0,0.0,101610.0
2025-01-03 02:00:00,22.3187517953171,24.1922972582651,0.0,0.09466374269005848,6.0,90,0,5.6,229,7.5,11.2,13.6,0.0,0.0,0.0,7.0,93.0,0.0,0.0,0.0,198.0,0.0,101600.0
2025-01-03 03:00:00,22.0401411414677,24.1407541423833,0.0,0.09484649122807016,5.8,90,0,5.6,226,7.4,11.0,13.6,0.0,0.0,0.0,6.0,94.0,0.0,0.0,1.0,192.0,0.0,101580.0
2025-01-03 04:00:00,22.2578838257487,24.0586990780035,0.0,0.09502923976608187,5.9,87,0,6.3,219,7.2,10.8,13.6,0.0,0.0,0.0,5.0,94.0,0.0,0.0,1.0,176.0,0.0,101590.0
2025-01-03 05:00:00,22.3359819137742,24.2444181383165,0.0,0.09521198830409357,5.7,86,0,6.2,221,7.0,10.6,13.6,0.0,0.0,0.0,5.0,94.0,0.0,0.0,0.0,180.0,0.0,101540.0
2025-01-03 06:00:00,22.2639827279124,24.0786416865718,0.0,0.09539473684210525,5.5,85,0,6.7,231,6.9,10.5,13.6,0.0,0.0,0.0,6.0,92.0,0.0,0.0,0.0,186.0,0.0,101490.0
2025-01-03 07:00:00,22.3366350377126,24.1144470857729,0.0,0.09557748538011696,5.6,83,0,7.7,237,6.7,10.3,13.6,0.0,0.0,0.0,6.0,91.0,0.0,0.0,1.0,228.0,0.0,101460.0
2025-01-03 08:00:00,22.1893550397463,23.9714965657146,0.0,0.09576023391812866,6.9,77,0,8.0,241,6.8,10.2,13.6,0.0,0.0,0.02,5.0,91.0,0.0,0.0,2.0,252.0,0.0,101460.0
2025-01-03 09:00:00,22.1705088263954,24.1679925951321,0.0,0.09594298245614034,10.7,67,0,10.0,244,7.9,10.1,13.6,0.0,0.0,0.08,7.0,85.0,3023.0,0.0,2.0,246.0,0.0,101510.0
2025-01-03 10:00:00,22.3097629638139,24.0572390561239,0.0,0.09612573099415204,13.7,58,4,10.5,252,9.6,10.1,13.6,0.0,0.0,0.17,9.0,81.0,8189.0,0.0,2.0,240.0,0.0,101560.0
2025-01-03 11:00:00,22.4997933248959,24.0746820952092,0.0,0.09630847953216373,15.9,49,0,11.6,258,11.4,10.2,13.6,0.0,0.0,0.26,11.0,66.0,25677.0,1.0,4.0,258.0,0.0,101630.0
2025-01-03 12:00:00,22.4588741449259,24.1383021639803,0.0,0.09649122807017543,17.3,44,13,11.2,260,13.0,10.4,13.6,0.0,0.0,0.31,13.0,56.0,39736.0,3.0,5.0,282.0,0.0,101590.0
2025-01-03 13:00:00,22.4218438005104,24.2585741714177,0.0,0.09667397660818713,18.6,40,7,11.0,256,14.4,10.7,13.6,0.0,0.0,0.33,15.0,48.0,46343.0,1.0,5.0,287.0,0.0,101490.0
2025-01-03 14:00:00,22.7164381902818,24.1158270236985,0.0,0.09685672514619882,19.1,36,2,11.1,255,15.2,11.0,13.6,0.0,0.0,0.32,17.0,45.0,45229.0,3.0,2.0,265.0,0.0,101400.0
2025-01-03 15:00:00,22.6588721895272,23.9541510557132,0.0,0.09703947368421052,19.3,37,5,8.7,265,15.5,11.3,13.6,0.0,0.0,0.25,18.0,40.0,35877.0,2.0,3.0,238.0,0.0,101300.0
2025-01-03 16:00:00,22.4180072642319,24.1041566972071,0.0,0.09722222222222221,17.5,52,7,4.3,294,15.2,11.6,13.6,0.0,0.0,0.13,19.0,38.0,20865.0,1.0,2.0,244.0,0.0,101280.0
2025-01-03 17:00:00,22.4393043556874,24.0006396119758,0.0,0.09740497076023391,14.7,51,6,0.9,309,13.9,11.8,13.6,0.0,0.0,0.02,19.0,36.0,7495.0,0.0,2.0,300.0,0.0,101300.0
2025-01-03 18:00:00,22.3899176001994,24.0501469201098,0.0,0.09758771929824561,12.7,58,0,0.6,180,12.3,11.9,13.6,0.0,0.0,0.02,15.0,57.0,1333.0,0.0,1.0,64.0,0.0,101310.0
2025-01-03 19:00:00,22.7003434898488,23.8237307231251,0.0,0.0977704678362573,11.5,55,0,2.4,202,11.1,11.9,13.6,0.0,0.0,0.0,11.0,68.0,0.0,0.0,0.0,162.0,0.0,101360.0
2025-01-03 20:00:00,22.3861035682818,24.2187231422527,0.0,0.097953216374269,9.9,55,65,5.8,222,10.1,11.9,13.6,0.0,0.0,0.02,10.0,71.0,0.0,0.0,0.0,180.0,0.0,101400.0
2025-01-03 21:00:00,22.4822319761038,23.9865828541091,0.0,0.0981359649122807,9.2,57,64,6.6,227,9.5,11.8,13.6,0.0,0.0,0.02,9.0,67.0,0.0,0.0,1.0,180.0,0.0,101410.0
2025-01-03 22:00:00,22.4266929024339,24.0068065283385,0.0,0.09831871345029239,9.0,58,76,6.6,230,9.1,11.7,13.6,0.0,0.0,0.02,9.0,66.0,0.0,0.0,1.0,176.0,0.0,101430.0
2025-01-03 23:00:00,22.6072431596853,23.9370854701381,0.0,0.09850146198830409,8.8,58,16,6.2,221,8.7,11.5,13.6,0.0,0.0,0.02,8.0,68.0,0.0,0.0,1.0,180.0,0.0,101440.0
2025-01-04 00:00:00,22.4997021412961,23.9838941237267,0.0,0.09868421052631579,9.1,56,29,4.7,225,8.2,11.4,13.6,0.0,0.0,0.01,9.0,65.0,0.0,0.0,1.0,186.0,0.0,101440.0
2025-01-04 01:00:00,22.5354482753112,23.9062477026718,0.0,0.09886695906432748,8.2,57,100,7.2,223,7.8,11.3,13.6,0.0,0.0,0.02,8.0,68.0,0.0,0.0,0.0,228.0,0.0,101390.0
2025-01-04 02:00:00,22.5394690557008,23.876788759794,0.0,0.09904970760233918,7.4,58,100,7.9,221,7.7,11.1,13.6,0.0,0.0,0.02,8.0,68.0,0.0,0.0,2.0,258.0,0.0,101360.0
2025-01-04 03:00:00,22.575394953183,24.0187278699457,0.0,0.09923245614035087,6.8,61,97,8.4,221,7.6,10.9,13.6,0.0,0.0,0.02,10.0,61.0,0.0,0.0,3.0,258.0,0.0,101340.0
2025-01-04 04:00:00,22.5949073560254,23.7510188040682,0.0,0.09941520467836257,7.0,61,81,9.2,225,7.6,10.8,13.6,0.0,0.0,0.03,8.0,64.0,0.0,0.0,2.0,210.0,0.0,101300.0
2025-01-04 05:00:00,22.3977563136604,23.9325375700044,0.0,0.09959795321637427,6.6,63,7,9.3,224,7.5,10.6,13.6,0.0,0.0,0.02,8.0,61.0,0.0,0.0,2.0,222.0,0.0,101270.0
2025-01-04 06:00:00,22.6847496072384,23.8936940746464,0.0,0.09978070175438596,6.5,63,12,10.1,226,7.3,10.5,13.6,0.0,0.0,0.03,8.0,61.0,0.0,0.0,2.0,222.0,0.0,101240.0
2025-01-04 07:00:00,22.4960426152601,23.9699177621907,0.0,0.09996345029239766,6.6,62,31,10.5,227,7.2,10.4,13.6,0.0,0.0,0.03,7.0,64.0,0.0,0.0,2.0,222.0,0.0,101300.0
2025-01-04 08:00:00,22.5243341988227,23.9332044438858,0.0,0.10014619883040934,7.6,61,47,10.8,228,7.3,10.2,13.5,0.0,0.0,0.04,8.0,61.0,42.0,0.0,1.0,228.0,0.0,101310.0
2025-01-04 09:00:00,22.4752675979466,23.7392003270163,0.0,0.10032894736842105,11.8,56,97,10.9,233,8.3,10.1,13.5,0.0,0.0,0.1,9.0,55.0,6241.0,0.0,3.0,240.0,0.0,101330.0
2025-01-04 10:00:00,22.5796788280545,23.7004506305088,0.0,0.10051169590643275,15.4,48,97,10.6,243,10.0,10.2,13.5,0.0,0.0,0.18,12.0,46.0,13638.0,1.0,3.0,264.0,0.0,101380.0
2025-01-04 11:00:00,22.4864359228105,23.8469832262774,0.0,0.10069444444444443,17.6,38,58,11.5,263,11.8,10.3,13.5,0.0,0.0,0.28,13.0,44.0,13569.0,1.0,3.0,252.0,0.0,101430.0
2025-01-04 12:00:00,22.4897791396685,23.6736868461107,0.0,0.10087719298245613,19.1,33,91,11.7,265,13.4,10.5,13.5,0.0,0.0,0.34,15.0,40.0,41929.0,1.0,2.0,245.0,0.0,101390.0
2025-01-04 13:00:00,22.4453755299401,23.5821672650035,0.0,0.10105994152046784,20.1,31,90,8.8,267,14.6,10.8,13.5,0.0,0.0,0.35,17.0,38.0,38086.0,2.0,3.0,258.0,0.0,101280.0
2025-01-04 14:00:00,22.4619110198663,23.6399370191869,0.0,0.10124269005847952,20.5,30,99,7.7,286,15.5,11.1,13.5,0.0,0.0,0.32,19.0,31.0,45791.0,3.0,2.0,309.0,0.0,101170.0
2025-01-04 15:00:00,22.3755453636551,23.7167571030261,0.0,0.10142543859649122,19.5,34,99,8.1,341,15.8,11.4,13.5,0.0,0.0,0.24,19.0,30.0,43944.0,2.0,2.0,287.0,0.0,101090.0
2025-01-04 16:00:00,22.3761485919197,23.7477360638769,0.0,0.10160818713450293,16.7,49,98,8.0,24,15.3,11.7,13.5,0.0,0.0,0.14,20.0,28.0,21333.0,1.0,2.0,336.0,0.0,101060.0
2025-01-04 17:00:00,22.5240162546473,23.5935107389401,0.0,0.10179093567251461,12.8,67,84,4.6,57,14.0,11.9,13.5,0.0,0.0,0.04,17.0,42.0,6733.0,0.0,3.0,38.0,0.0,101070.0
2025-01-04 18:00:00,22.539715804901,23.6239135270346,0.0,0.10197368421052631,10.9,70,100,5.1,78,12.4,12.0,13.5,0.0,0.0,0.02,14.0,65.0,648.0,0.0,1.0,65.0,0.0,101100.0
2025-01-04 19:00:00,22.6629591369234,23.7344943703835,0.0,0.102156432748538,10.0,68,17,4.4,102,11.2,12.0,13.5,0.0,0.0,0.0,12.0,74.0,0.0,0.0,1.0,132.0,0.0,101120.0
2025-01-04 20:00:00,22.6157950211743,23.7333348598851,0.0,0.1023391812865497,9.4,67,11,2.7,123,10.2,12.0,13.5,0.0,0.0,0.0,12.0,78.0,0.0,0.0,2.0,138.0,0.0,101130.0
2025-01-04 21:00:00,22.4601548978521,23.7361850098819,0.0,0.1025219298245614,9.1,67,97,1.6,120,9.4,11.9,13.5,0.0,0.0,0.0,9.0,81.0,0.0,0.0,1.0,166.0,0.0,101140.0
2025-01-04 22:00:00,22.4934155541241,23.7545797459552,0.0,0.10270467836257309,9.0,67,95,1.5,132,8.8,11.7,13.5,0.0,0.0,0.0,10.0,71.0,0.0,0.0,2.0,173.0,0.0,101110.0
2025-01-04 23:00:00,22.4254262721449,23.6633869372039,0.0,0.10288742690058479,8.8,68,99,2.6,151,8.4,11.6,13.5,0.0,0.0,0.0,9.0,81.0,0.0,0.0,1.0,258.0,0.0,101110.0
2025-01-05 00:00:00,22.446007875756,23.6237481832501,0.0,0.10307017543859648,8.2,70,100,4.2,187,8.0,11.4,13.5,0.0,0.0,0.0,9.0,75.0,0.0,0.0,0.0,228.0,0.0,101070.0
2025-01-05 01:00:00,22.4971950779906,23.5656798617121,0.0,0.10325292397660818,7.6,65,100,5.3,201,7.2,11.3,13.5,0.0,0.0,0.01,8.0,76.0,0.0,0.0,1.0,168.0,0.0,101010.0
2025-01-05 02:00:00,22.611492894662,23.5548846547682,0.0,0.10343567251461988,7.4,60,100,5.5,216,7.2,11.1,13.5,0.0,0.0,0.01,8.0,70.0,0.0,0.0,1.0,176.0,0.0,100960.0
2025-01-05 03:00:00,22.6171012823176,23.5280480160515,0.0,0.10361842105263157,7.3,54,100,5.9,223,7.2,10.9,13.5,0.0,0.0,0.02,7.0,76.0,0.0,0.0,1.0,180.0,0.0,100920.0
2025-01-05 04:00:00,22.5316908260153,23.5397174971367,0.0,0.10380116959064327,6.9,50,100,6.2,235,7.1,10.7,13.5,0.0,0.0,0.02,7.0,75.0,0.0,0.0,1.0,180.0,0.0,100870.0
2025-01-05 05:00:00,22.4578154053891,23.6089390849426,0.0,0.10398391812865497,6.9,49,100,6.6,243,7.0,10.5,13.5,0.0,0.0,0.02,9.0,66.0,0.0,0.0,2.0,210.0,0.0,100810.0
2025-01-05 06:00:00,22.4557077786632,23.6016745880646,0.0,0.10416666666666666,7.2,50,100,6.6,248,7.0,10.4,13.5,0.0,0.0,0.03,8.0,70.0,0.0,0.0,0.0,216.0,0.0,100800.0
2025-01-05 07:00:00,22.4961858775889,23.5198126077256,0.0,0.10434941520467836,7.1,52,100,6.6,252,7.0,10.2,13.5,0.0,0.0,0.02,9.0,66.0,0.0,0.0,1.0,234.0,0.0,100790.0
2025-01-05 08:00:00,22.3403859438775,23.493870247597,0.0,0.10453216374269006,7.7,57,100,6.1,247,7.1,10.1,13.5,0.0,0.0,0.04,9.0,62.0,134.0,0.0,1.0,222.0,0.0,100780.0
2025-01-05 09:00:00,22.5270478975329,23.3442497456953,0.0,0.10471491228070175,11.0,54,100,7.1,248,8.0,10.0,13.5,0.0,0.0,0.08,8.0,65.0,7060.0,0.0,2.0,228.0,0.0,100810.0
2025-01-05 10:00:00,22.5407097489167,23.3830709990429,0.0,0.10489766081871345,14.0,46,100,8.2,254,9.5,10.0,13.5,0.0,0.0,0.16,10.0,59.0,15611.0,1.0,3.0,198.0,0.0,100800.0
2025-01-05 11:00:00,22.6049542377566,23.3660755694483,0.0,0.10508040935672514,16.1,41,100,6.4,278,11.1,10.1,13.5,0.0,0.0,0.21,14.0,45.0,30219.0,2.0,2.0,233.0,0.0,100790.0
2025-01-05 12:00:00,22.4965408549558,23.4642490270365,0.0,0.10526315789473684,16.9,40,100,6.8,285,12.2,10.3,13.5,0.0,0.0,0.21,15.0,42.0,25082.0,1.0,3.0,256.0,0.0,100720.0
2025-01-05 13:00:00,22.4735287518009,23.346268544037,0.0,0.10544590643274854,17.6,39,100,5.9,295,13.1,10.7,13.5,0.0,0.0,0.21,16.0,38.0,55106.0,2.0,3.0,250.0,0.0,100610.0
2025-01-05 14:00:00,22.3849145057929,23.5495279185846,0.0,0.10562865497076022,18.8,36,100,4.5,320,14.3,10.9,13.5,0.0,0.0,0.26,18.0,33.0,47806.0,3.0,2.0,228.0,0.0,100470.0
2025-01-05 15:00:00,22.2720394352144,23.4152229816823,0.0,0.10581140350877193,18.5,42,100,2.8,322,14.7,11.2,13.5,0.0,0.0,0.17,20.0,31.0,35210.0,2.0,3.0,232.0,0.0,100380.0
2025-01-05 16:00:00,22.6051853917005,23.3691499459376,0.0,0.10599415204678361,17.2,59,99,2.8,40,14.6,11.4,13.5,0.0,0.0,0.1,20.0,29.0,17667.0,1.0,2.0,216.0,0.0,100330.0
2025-01-05 17:00:00,22.4919108819721,23.2373789762487,0.0,0.10617690058479531,14.1,61,96,3.4,77,13.6,11.6,13.5,0.0,0.0,0.04,19.0,32.0,7456.0,0.0,1.0,138.0,0.0,100330.0
2025-01-05 18:00:00,22.2362887934942,23.2796147049945,0.0,0.10635964912280702,12.2,66,75,1.1,175,12.1,11.7,13.5,0.0,0.0,0.01,16.0,42.0,267.0,0.0,1.0,174.0,0.0,100320.0
2025-01-05 19:00:00,22.4814262490721,23.5330896784691,0.0,0.1065423976608187,10.1,60,77,4.1,200,10.9,11.8,13.5,0.0,0.0,0.01,14.0,46.0,0.0,0.0,2.0,170.0,0.0,100360.0
2025-01-05 20:00:00,22.5325946827334,23.3334381690437,0.0,0.1067251461988304,9.6,47,9,8.7,209,10.1,11.7,13.5,0.0,0.0,0.04,10.0,55.0,0.0,0.0,1.0,192.0,0.0,100360.0
2025-01-05 21:00:00,22.4555403914754,23.266068019818,0.0,0.1069078947368421,11.2,40,18,10.8,211,9.8,11.6,13.5,0.0,0.0,0.06,8.0,61.0,0.0,0.0,2.0,186.0,0.0,100370.0
2025-01-05 22:00:00,22.3181524669809,23.3231046043297,0.0,0.10709064327485379,11.2,42,90,10.4,212,9.6,11.6,13.5,0.0,0.0,0.06,9.0,56.0,0.0,0.0,1.0,186.0,0.0,100410.0
2025-01-05 23:00:00,22.2927481484595,23.2970496370307,0.0,0.10727339181286549,11.1,45,30,9.9,215,9.4,11.5,13.5,0.0,0.0,0.05,9.0,51.0,0.0,0.0,0.0,156.0,0.0,100400.0
2025-01-06 00:00:00,22.3968695484825,23.4551817357673,0.0,0.1074561403508772,12.4,43,19,12.4,213,9.4,11.4,13.5,0.0,0.0,0.07,12.0,43.0,0.0,0.0,1.0,222.0,0.0,100350.0
2025-01-06 01:00:00,22.4497164431449,23.184117008994,0.0,0.10763888888888888,10.4,50,10,9.4,203,9.6,11.5,13.5,0.0,0.0,0.04,11.0,48.0,0.0,0.0,2.0,198.0,0.0,100330.0
2025-01-06 02:00:00,22.4564540057725,23.2362251314033,0.0,0.10782163742690058,12.0,46,59,11.4,211,9.5,11.4,13.5,0.0,0.0,0.06,12.0,44.0,0.0,0.0,1.0,192.0,0.0,100240.0
2025-01-06 03:00:00,22.3444685326864,23.2370700826801,0.0,0.10800438596491227,14.0,42,100,12.4,212,9.9,11.3,13.5,0.0,0.0,0.08,12.0,45.0,0.0,0.0,2.0,234.0,0.0,100170.0
2025-01-06 04:00:00,22.3473738797569,23.3637092579645,0.0,0.10818713450292397,15.3,36,63,14.9,213,10.5,11.3,13.5,0.0,0.0,0.11,12.0,48.0,0.0,0.0,2.0,168.0,0.0,100110.0
2025-01-06 05:00:00,22.3075365299107,23.2006627987682,0.0,0.10836988304093567,14.0,37,94,12.2,213,10.6,11.3,13.5,0.0,0.0,0.08,12.0,48.0,0.0,0.0,2.0,258.0,0.0,100050.0
2025-01-06 06:00:00,22.4984530474471,23.135039146078,0.0,0.10855263157894736,13.8,35,97,13.9,221,10.6,11.3,13.5,0.0,0.0,0.1,14.0,43.0,0.0,0.0,3.0,294.0,0.0,100050.0
2025-01-06 07:00:00,22.2961138351241,23.3000519856799,0.0,0.10873538011695906,13.9,33,100,15.2,226,10.7,11.3,13.5,0.0,0.0,0.11,14.0,39.0,0.0,0.0,4.0,282.0,0.0,100110.0
2025-01-06 08:00:00,22.3770667719117,23.2422353827923,0.0,0.10891812865497075,13.5,36,100,20.3,230,10.9,11.3,13.5,0.0,0.0,0.14,14.0,39.0,264.0,0.0,2.0,276.0,0.0,100190.0
2025-01-06 09:00:00,22.4357737326309,23.3512428761377,0.0,0.10910087719298245,14.1,44,91,29.0,227,11.3,11.3,13.5,0.0,0.0,0.17,12.0,59.0,1603.0,0.0,2.0,210.0,0.0,100290.0
2025-01-06 10:00:00,22.5884414802568,23.1724206030988,0.0,0.10928362573099415,15.6,49,99,23.8,226,12.0,11.4,13.5,0.2,0.2,0.2,13.0,68.0,5126.0,0.0,3.0,246.0,0.0,100330.0
2025-01-06 11:00:00,22.4322909116258,23.3452238120561,0.0,0.10946637426900584,17.3,44,75,29.7,224,13.1,11.5,13.5,0.0,0.0,0.28,11.0,84.0,11292.0,1.0,4.0,228.0,2.0,100400.0
2025-01-06 12:00:00,22.2385583725698,23.2018682966431,0.0,0.10964912280701754,18.2,44,92,30.3,223,14.3,11.7,13.5,0.0,0.0,0.34,14.0,69.0,11088.0,1.0,4.0,217.0,1.0,100210.0
2025-01-06 13:00:00,22.3338942905806,23.1023531876857,0.0,0.10983187134502924,17.2,50,99,28.6,226,13.8,12.1,13.5,0.0,0.0,0.26,14.0,77.0,25271.0,1.0,3.0,276.0,0.0,100220.0
2025-01-06 14:00:00,22.5673213241941,23.1006727227572,0.0,0.11001461988304093,17.7,50,94,27.1,230,14.5,12.2,13.5,0.0,0.0,0.26,16.0,64.0,38290.0,2.0,5.0,282.0,0.0,100190.0
2025-01-06 15:00:00,22.4570726956569,23.0783177437141,0.0,0.11019736842105263,18.0,50,96,25.5,236,14.8,12.4,13.5,0.0,0.0,0.23,17.0,57.0,26669.0,1.0,4.0,246.0,0.0,100180.0
2025-01-06 16:00:00,22.461520607215,23.1027495647352,0.0,0.11038011695906433,14.6,67,82,14.4,264,14.6,12.6,13.5,0.9,0.9,0.11,16.0,64.0,13896.0,1.0,5.0,284.0,0.0,100250.0
2025-01-06 17:00:00,22.3901618183572,23.0865581335873,0.0,0.11056286549707602,12.1,81,52,3.3,265,13.7,12.7,13.5,0.0,0.0,0.03,15.0,68.0,3448.0,0.0,4.0,294.0,0.0,100280.0
2025-01-06 18:00:00,22.3652905034472,23.066455934584,0.0,0.11074561403508772,11.1,86,2,9.7,188,12.6,12.7,13.5,0.0,0.0,0.02,14.0,78.0,78.0,0.0,3.0,258.0,0.0,100410.0
2025-01-06 19:00:00,22.4048077413599,23.1399299830658,0.0,0.1109283625730994,10.5,87,21,7.3,227,11.7,12.7,13.5,0.0,0.0,0.0,12.0,84.0,0.0,0.0,2.0,228.0,0.0,100520.0
2025-01-06 20:00:00,22.0491539531238,23.065129999766,0.0,0.1111111111111111,11.1,80,8,9.6,222,11.2,12.6,13.5,0.0,0.0,0.01,11.0,88.0,0.0,0.0,0.0,318.0,0.0,100630.0
2025-01-06 21:00:00,22.3652585310639,23.0594011173274,0.0,0.1112938596491228,10.8,80,10,10.8,217,10.8,12.6,13.5,0.0,0.0,0.01,11.0,82.0,0.0,0.0,2.0,270.0,0.0,100680.0
2025-01-06 22:00:00,22.345305047566,23.0015967881944,0.0,0.1114766081871345,10.6,80,13,10.8,221,10.5,12.4,13.5,0.0,0.0,0.01,10.0,89.0,0.0,0.0,2.0,198.0,0.0,100760.0
2025-01-06 23:00:00,22.3356764816114,22.8988429843541,0.0,0.1116593567251462,10.5,82,4,11.9,222,10.3,12.3,13.5,0.0,0.0,0.01,10.0,85.0,0.0,0.0,1.0,192.0,0.0,100820.0
2025-01-07 00:00:00,22.122444139416,23.030889441849,0.0,0.11184210526315788,10.3,84,10,12.9,220,10.2,12.2,13.5,0.0,0.0,0.01,10.0,81.0,0.0,0.0,2.0,216.0,0.0,100860.0
2025-01-07 01:00:00,22.2655790977157,22.9961318757252,0.0,0.11202485380116958,10.8,82,5,10.6,225,11.5,12.5,13.6,0.0,0.0,0.01,10.0,83.0,0.0,0.0,1.0,228.0,0.0,100890.0
2025-01-07 02:00:00,22.2789665686286,22.9817295306808,0.0,0.11220760233918128,10.5,82,15,8.6,229,11.0,12.5,13.6,0.0,0.0,0.0,10.0,81.0,0.0,0.0,0.0,288.0,0.0,100890.0
2025-01-07 03:00:00,22.28254904737,22.7571134237146,0.0,0.11239035087719297,10.4,79,29,8.3,226,10.5,12.4,13.6,0.1,0.1,0.01,9.0,84.0,0.0,0.0,2.0,252.0,0.0,100950.0
2025-01-07 04:00:00,22.2664440154727,22.8599992671735,0.0,0.11257309941520467,10.3,81,22,8.5,227,10.3,12.3,13.6,0.0,0.0,0.0,11.0,77.0,0.0,0.0,3.0,192.0,0.0,100960.0
2025-01-07 05:00:00,22.2558372988599,22.9820021628616,0.0,0.11275584795321637,10.2,81,21,8.6,235,10.1,12.2,13.6,0.0,0.0,0.0,11.0,77.0,0.0,0.0,2.5,204.0,0.0,100975.0
2025-01-07 06:00:00,22.1916500383598,22.9491244583868,0.0,0.11293859649122806,10.0,81,17,9.3,235,10.0,12.1,13.6,0.0,0.0,0.01,11.0,77.0,0.0,0.0,2.0,216.0,0.0,100990.0
2025-01-07 07:00:00,22.272497478035,23.0910261283062,0.0,0.11312134502923976,9.5,83,18,9.4,231,9.7,11.9,13.6,0.0,0.0,0.0,12.0,73.0,0.0,0.0,3.0,256.0,0.0,101010.0
2025-01-07 08:00:00,22.2966146170625,22.8628100709989,0.0,0.11330409356725146,10.0,82,6,10.4,231,9.7,11.8,13.6,0.0,0.0,0.02,11.0,78.0,0.0,0.0,2.0,210.0,0.0,101080.0
2025-01-07 09:00:00,22.0629604834265,23.1113900227307,0.0,0.11348684210526315,12.5,76,9,11.6,225,10.5,11.8,13.6,0.0,0.0,0.07,9.0,83.0,1343.0,0.0,1.0,204.0,0.0,101150.0
2025-01-07 10:00:00,22.1310697447966,22.992771871557,0.0,0.11366959064327485,14.7,65,18,11.3,228,11.9,11.8,13.6,0.0,0.0,0.16,11.0,77.0,8613.0,1.0,2.0,264.0,0.0,101220.0
2025-01-07 11:00:00,22.2892052502894,22.9763066911459,0.0,0.11385233918128654,15.8,61,34,14.7,261,13.2,11.9,13.6,0.0,0.0,0.22,13.0,74.0,18031.0,1.0,2.0,304.0,0.0,101310.0
2025-01-07 12:00:00,22.3314210541766,22.7587922397675,0.0,0.11403508771929824,16.6,56,50,14.8,256,14.2,12.0,13.6,0.0,0.0,0.26,16.0,66.0,42868.0,2.0,4.0,282.0,0.0,101350.0
2025-01-07 13:00:00,22.1796392671502,22.9390827921372,0.0,0.11421783625730994,17.7,49,36,12.0,249,15.5,12.3,13.6,0.0,0.0,0.29,16.0,61.0,47502.0,3.0,5.0,298.0,0.0,101310.0
2025-01-07 14:00:00,22.1599539218872,23.0926625535466,0.0,0.11440058479532163,18.0,45,23,11.3,251,16.1,12.5,13.6,0.0,0.0,0.28,18.0,51.0,49328.0,4.0,3.0,256.0,0.0,101240.0
2025-01-07 15:00:00,22.358689189934,22.9061455293057,0.0,0.11458333333333333,18.0,44,6,10.7,257,16.2,12.8,13.6,0.0,0.0,0.24,18.0,45.0,42352.0,3.0,5.0,286.0,0.0,101170.0
2025-01-07 16:00:00,22.2956742310264,22.9050718320471,0.0,0.11476608187134502,17.2,51,1,4.9,275,15.9,13.0,13.6,0.0,0.0,0.14,18.0,43.0,28375.0,2.0,4.0,264.0,0.0,101120.0
2025-01-07 17:00:00,22.2513569308477,23.0948572641234,0.0,0.11494883040935672,13.9,63,0,3.6,350,14.7,13.2,13.6,0.0,0.0,0.04,19.0,44.0,12185.0,1.0,5.0,290.0,0.0,101140.0
2025-01-07 18:00:00,22.3285180628152,23.0425550143374,0.0,0.11513157894736842,11.3,80,37,5.0,36,13.2,13.2,13.6,0.0,0.0,0.02,16.0,59.0,3481.0,0.0,3.0,18.0,0.0,101180.0
2025-01-07 19:00:00,22.1166192264268,22.7660004436174,0.0,0.1153143274853801,10.6,83,87,6.4,90,12.2,13.2,13.6,0.0,0.0,0.0,13.0,71.0,0.0,0.0,2.0,88.0,0.0,101200.0
2025-01-07 20:00:00,22.2602414902677,22.9216180542599,0.0,0.1154970760233918,9.6,84,99,4.6,88,11.4,13.1,13.6,0.0,0.0,0.0,11.0,78.0,0.0,0.0,2.0,126.0,0.0,101270.0
2025-01-07 21:00:00,22.3636464236853,22.8296520820461,0.0,0.11567982456140351,9.6,81,100,1.5,73,10.7,13.0,13.7,0.0,0.0,0.0,11.0,78.0,0.0,0.0,2.0,134.0,0.0,101280.0
2025-01-07 22:00:00,22.0254685795853,23.0235853866418,0.0,0.1158625730994152,9.3,81,83,0.2,49,10.1,12.8,13.7,0.0,0.0,0.0,9.0,83.0,0.0,0.0,1.0,180.0,0.0,101290.0
2025-01-07 23:00:00,22.2684691557003,22.7517155636552,0.0,0.1160453216374269,8.6,81,3,1.1,49,9.5,12.7,13.7,0.0,0.0,0.0,8.0,82.0,0.0,0.0,0.0,144.0,0.0,101300.0
2025-01-08 00:00:00,22.3148113588763,22.9350901461714,0.0,0.1162280701754386,8.1,81,1,1.3,14,9.0,12.5,13.7,0.0,0.0,0.0,8.0,86.0,0.0,0.0,0.0,198.0,0.0,101310.0
2025-01-08 01:00:00,22.1991433848372,22.8114203870635,0.0,0.11641081871345028,7.8,83,2,2.1,297,8.6,12.4,13.7,0.0,0.0,0.0,7.0,87.0,0.0,0.0,0.0,176.0,0.0,101260.0
2025-01-08 02:00:00,22.2676819198684,22.7974045970872,0.0,0.11659356725146199,6.7,84,42,3.2,254,8.3,12.1,13.7,0.0,0.0,0.0,7.0,91.0,0.0,0.0,0.0,186.0,0.0,101190.0
2025-01-08 03:00:00,22.3448306400962,22.790234927571,0.0,0.11677631578947367,6.0,83,77,3.6,246,7.9,11.9,13.7,0.0,0.0,0.0,6.0,91.0,0.0,0.0,0.0,210.0,0.0,101130.0
2025-01-08 04:00:00,22.1627347989506,22.8765680206743,0.0,0.11695906432748537,5.6,81,97,4.9,239,7.7,11.7,13.7,0.0,0.0,0.0,6.0,92.0,0.0,0.0,2.0,222.0,0.0,101110.0
2025-01-08 05:00:00,22.0429933477716,22.8517643593858,0.0,0.11714181286549707,5.7,78,40,5.9,246,7.4,11.5,13.7,0.0,0.0,0.0,4.0,91.0,0.0,0.0,1.0,180.0,0.0,101110.0
2025-01-08 06:00:00,22.1631643646784,22.8958315612066,0.0,0.11732456140350876,5.8,75,28,6.0,252,7.2,11.3,13.7,0.0,0.0,0.0,7.0,86.0,0.0,0.0,1.0,192.0,0.0,101090.0
2025-01-08 07:00:00,22.0772277147221,22.7505177693869,0.0,0.11750730994152046,5.6,73,54,6.1,244,7.0,11.1,13.7,0.0,0.0,0.0,7.0,83.0,0.0,0.0,2.0,240.0,0.0,101110.0
2025-01-08 08:00:00,22.2211751331078,22.8736371002607,0.0,0.11769005847953215,7.0,70,63,5.1,241,7.0,10.8,13.7,0.0,0.0,0.02,7.0,82.0,0.0,0.0,2.0,234.0,0.0,101140.0
2025-01-08 09:00:00,22.1559423680024,22.7693241451221,0.0,0.11787280701754385,11.1,66,93,5.8,253,8.3,10.7,13.7,0.0,0.0,0.07,7.0,78.0,2401.0,0.0,2.0,210.0,0.0,101150.0
2025-01-08 10:00:00,22.0816635398878,22.9688472640966,0.0,0.11805555555555555,14.7,56,59,5.4,256,10.2,10.7,13.7,0.0,0.0,0.17,10.0,70.0,9115.0,0.0,2.0,222.0,0.0,101150.0
2025-01-08 11:00:00,22.0728715228735,22.8024230916571,0.0,0.11823830409356724,17.9,47,16,6.5,281,12.2,10.8,13.6,0.0,0.0,0.26,12.0,61.0,24305.0,1.0,4.0,216.0,0.0,101160.0
2025-01-08 12:00:00,22.2501814227458,23.3561907687803,0.0,0.11842105263157894,20.5,39,75,8.7,272,14.1,11.0,13.6,0.0,0.0,0.34,15.0,51.0,39675.0,2.0,5.0,256.0,0.0,101090.0
2025-01-08 13:00:00,22.0695485928615,24.4410408586482,0.0,0.11860380116959064,22.0,31,100,9.8,277,15.2,11.3,13.6,0.0,0.0,0.37,17.0,42.0,49708.0,3.0,6.0,252.0,0.0,101030.0
2025-01-08 14:00:00,22.0760029769299,24.7802365641341,0.0,0.11878654970760233,19.7,44,100,14.9,314,15.9,11.6,13.6,0.0,0.0,0.32,19.0,35.0,44480.0,3.0,4.0,263.0,0.0,101010.0
2025-01-08 15:00:00,22.2539349995697,24.8492109853308,0.0,0.11896929824561403,18.5,54,86,3.3,331,16.2,11.9,13.6,0.0,0.0,0.21,20.0,31.0,40098.0,2.0,2.0,265.0,0.0,101040.0
2025-01-08 16:00:00,22.1428201385362,24.8132511685917,0.0,0.11915204678362573,18.0,66,0,1.8,107,16.0,12.2,13.6,0.0,0.0,0.13,19.0,48.0,24730.0,1.0,0.0,53.0,0.0,101050.0
2025-01-08 17:00:00,22.2237057280257,24.8717473387772,0.0,0.11933479532163742,14.7,72,0,3.4,20,14.8,12.5,13.6,0.0,0.0,0.04,18.0,59.0,10369.0,0.0,3.0,54.0,0.0,100990.0
2025-01-08 18:00:00,22.176222500915,24.6607929119119,0.0,0.11951754385964912,13.4,74,0,1.3,4,13.2,12.6,13.6,0.0,0.0,0.02,17.0,64.0,3042.0,0.0,1.0,66.0,0.0,100910.0
2025-01-08 19:00:00,22.1827820008555,24.7423038468132,0.0,0.1197002923976608,12.6,80,0,1.4,339,12.0,12.6,13.7,0.0,0.0,0.0,13.0,83.0,0.0,0.0,0.0,38.0,0.0,100990.0
2025-01-08 20:00:00,22.2386369861951,24.649411871352,0.0,0.11988304093567251,11.5,78,33,2.9,210,11.0,12.5,13.7,0.0,0.0,0.0,11.0,88.0,0.0,0.0,2.0,143.0,0.0,101130.0
2025-01-08 21:00:00,22.0745042660523,24.7140728729688,0.0,0.12006578947368421,10.7,67,12,4.3,238,10.3,12.4,13.7,0.0,0.0,0.0,11.0,87.0,0.0,0.0,0.0,174.0,0.0,101110.0
2025-01-08 22:00:00,22.0761674530241,24.5447444267109,0.0,0.1202485380116959,10.3,68,0,0.9,274,9.6,12.3,13.7,0.0,0.0,0.0,9.0,93.0,0.0,0.0,0.0,162.0,0.0,101180.0
2025-01-08 23:00:00,22.2554563688076,24.6970694454866,0.0,0.1204312865497076,9.7,67,0,2.2,242,9.0,12.1,13.7,0.0,0.0,0.0,8.0,92.0,0.0,0.0,0.0,120.0,0.0,101260.0
2025-01-09 00:00:00,22.2245598690575,24.5430145463266,0.0,0.12061403508771928,8.9,74,0,5.5,231,8.6,12.0,13.7,0.0,0.0,0.0,9.0,87.0,0.0,0.0,2.0,143.0,0.0,101240.0
2025-01-09 01:00:00,22.2985647193583,24.5149640469953,0.0,0.12079678362573099,9.8,71,0,8.2,231,9.0,12.0,13.7,0.0,0.0,0.01,8.0,87.0,0.0,0.0,1.0,228.0,0.0,101190.0
2025-01-09 02:00:00,22.0964369448326,24.5807568609086,0.0,0.12097953216374269,9.9,68,7,2.0,252,8.5,11.8,13.7,0.0,0.0,0.0,6.0,92.0,0.0,0.0,0.0,42.0,0.0,101130.0
2025-01-09 03:00:00,22.4672984629088,24.4177214170523,0.0,0.12116228070175437,9.6,69,0,1.6,241,8.2,11.7,13.7,0.0,0.0,0.0,9.0,80.0,0.0,0.0,0.0,204.0,0.0,101140.0
2025-01-09 04:00:00,22.3782601537929,24.6243972519851,0.0,0.12134502923976608,8.8,73,12,7.8,226,7.9,11.5,13.7,0.0,0.0,0.01,10.0,72.0,0.0,0.0,2.0,180.0,0.0,101130.0
2025-01-09 05:00:00,22.3606754861203,24.7118459366058,0.0,0.12152777777777778,10.3,69,22,10.2,222,8.1,11.3,13.7,0.0,0.0,0.02,11.0,65.0,0.0,0.0,2.0,228.0,0.0,101120.0
2025-01-09 06:00:00,22.4696661591943,24.6245319314639,0.0,0.12171052631578946,11.0,66,35,10.2,222,8.4,11.1,13.7,0.0,0.0,0.03,11.0,66.0,0.0,0.0,2.0,234.0,0.0,101140.0
2025-01-09 07:00:00,22.4116901505973,24.5373434102216,0.0,0.12189327485380116,11.5,63,87,10.9,219,8.7,11.0,13.7,0.0,0.0,0.03,11.0,68.0,0.0,0.0,2.0,240.0,0.0,101150.0
2025-01-09 08:00:00,22.3760504097258,24.4924048629588,0.0,0.12207602339181287,12.3,61,16,10.6,219,9.1,10.9,13.7,0.0,0.0,0.05,10.0,70.0,0.0,0.0,2.0,210.0,0.0,101210.0
2025-01-09 09:00:00,22.6367676226877,24.5762091986179,0.0,0.12225877192982455,15.8,54,4,11.6,223,10.2,10.9,13.7,0.0,0.0,0.12,11.0,65.0,4410.0,0.0,1.0,233.0,0.0,101290.0
2025-01-09 10:00:00,22.5019509164036,24.4720093469995,0.0,0.12244152046783625,18.7,47,11,12.1,234,12.0,11.0,13.7,0.0,0.0,0.21,13.0,60.0,12156.0,1.0,3.0,246.0,0.0,101360.0
2025-01-09 11:00:00,22.409562730122,24.330857727588,0.0,0.12262426900584794,20.5,42,11,12.6,249,13.7,11.2,13.6,0.0,0.0,0.3,17.0,49.0,24696.0,2.0,4.0,264.0,0.0,101410.0
2025-01-09 12:00:00,22.5307631035916,24.3964125080444,0.0,0.12280701754385964,21.7,39,5,11.8,258,15.2,11.4,13.6,0.0,0.0,0.35,19.0,44.0,42795.0,2.0,4.0,264.0,0.0,101410.0
2025-01-09 13:00:00,22.3978077192482,24.3756065282963,0.0,0.12298976608187134,23.0,34,9,11.5,258,16.5,11.8,13.6,0.0,0.0,0.38,21.0,40.0,60140.0,3.0,3.0,272.0,0.0,101350.0
2025-01-09 14:00:00,22.6018708664238,24.5296110729694,0.0,0.12317251461988303,23.4,34,10,8.9,276,17.3,12.1,13.6,0.0,0.0,0.34,22.0,36.0,40160.0,3.0,6.0,286.0,0.0,101230.0
2025-01-09 15:00:00,22.6301893336695,24.3384324767832,0.0,0.12335526315789473,22.6,39,8,7.7,319,17.7,12.5,13.6,0.0,0.0,0.27,23.0,35.0,32652.0,2.0,3.0,303.0,0.0,101170.0
2025-01-09 16:00:00,22.5823201226178,24.3664084536575,0.0,0.12353801169590642,20.1,53,6,4.1,5,17.4,12.8,13.7,0.0,0.0,0.14,24.0,31.0,24172.0,1.0,3.0,289.0,0.0,101170.0
2025-01-09 17:00:00,22.4418051389405,24.5519190479146,0.0,0.12372076023391812,16.7,61,4,2.8,63,16.2,13.1,13.7,0.0,0.0,0.04,21.0,36.0,8088.0,0.0,4.0,38.0,0.0,101210.0
2025-01-09 18:00:00,22.6399510168178,24.3000815656807,0.0,0.12390350877192982,14.2,68,2,5.1,121,14.6,13.2,13.7,0.0,0.0,0.04,20.0,43.0,1887.0,0.0,2.0,120.0,0.0,101230.0
2025-01-09 19:00:00,22.7215541156265,24.4235150251429,0.0,0.12408625730994151,13.5,68,2,3.7,158,13.4,13.3,13.7,0.0,0.0,0.0,16.0,50.0,0.0,0.0,2.0,108.0,0.0,101270.0
2025-01-09 20:00:00,22.8315276318449,24.3513544212385,0.0,0.12426900584795321,13.1,66,0,4.0,190,12.5,13.3,13.7,0.0,0.0,0.0,15.0,55.0,0.0,0.0,2.0,156.0,0.0,101320.0
2025-01-09 21:00:00,22.645267520112,24.3800914813157,0.0,0.12445175438596491,12.9,64,0,4.7,189,11.9,13.2,13.7,0.0,0.0,0.01,15.0,54.0,0.0,0.0,1.0,204.0,0.0,101340.0
2025-01-09 22:00:00,22.7229548823553,24.3450747889107,0.0,0.1246345029239766,12.6,63,0,5.4,196,11.4,13.1,13.7,0.0,0.0,0.01,11.0,65.0,0.0,0.0,0.0,186.0,0.0,101410.0
2025-01-09 23:00:00,22.4676360092583,24.3154367454371,0.0,0.1248172514619883,12.1,68,5,6.6,202,11.1,13.0,13.7,0.0,0.0,0.01,14.0,54.0,0.0,0.0,1.0,162.0,0.0,101430.0
2025-01-10 00:00:00,22.7680441123605,24.3425078740596,0.0,0.125,12.0,78,6,6.9,201,11.0,12.9,13.7,0.0,0.0,0.0,9.0,73.0,0.0,0.0,0.0,322.0,0.0,101470.0
2025-01-10 01:00:00,22.6742349790392,24.35198800754,0.0,0.1251827485380117,11.8,78,0,6.4,200,11.3,13.0,13.7,0.0,0.0,0.0,10.0,67.0,0.0,0.0,2.0,164.0,0.0,101430.0
2025-01-10 02:00:00,22.7357350377526,24.25977469492,0.0,0.12536549707602337,11.4,85,0,5.6,201,11.0,12.9,13.7,0.0,0.0,0.0,10.0,68.0,0.0,0.0,0.0,178.0,0.0,101400.0
2025-01-10 03:00:00,22.6278832821423,24.3683994361673,0.0,0.12554824561403508,11.3,85,0,4.8,211,10.7,12.8,13.7,0.0,0.0,0.0,9.0,73.0,0.0,0.0,0.0,168.0,0.0,101410.0
2025-01-10 04:00:00,22.7517203583182,24.0265129152388,0.0,0.12573099415204678,11.0,86,1,6.8,223,10.5,12.6,13.7,0.0,0.0,0.0,8.0,74.0,0.0,0.0,1.0,172.0,0.0,101410.0
2025-01-10 05:00:00,22.636430983787,24.3275643987881,0.0,0.12591374269005848,10.8,86,0,7.4,227,10.4,12.5,13.7,0.0,0.0,0.0,10.0,73.0,0.0,0.0,2.0,186.0,0.0,101410.0
2025-01-10 06:00:00,22.5983858213501,24.141623825429,0.0,0.12609649122807018,10.6,86,4,7.4,234,10.3,12.4,13.7,0.0,0.0,0.0,10.0,69.0,0.0,0.0,1.0,198.0,0.0,101440.0
2025-01-10 07:00:00,22.8802678264785,24.1202477663235,0.0,0.12627923976608185,10.5,84,12,8.2,238,10.1,12.3,13.7,0.0,0.0,0.0,11.0,67.0,0.0,0.0,2.0,234.0,0.0,101440.0
2025-01-10 08:00:00,22.7054447336199,24.2049440164943,0.0,0.12646198830409355,11.2,80,2,9.1,237,10.2,12.2,13.7,0.0,0.0,0.02,10.0,71.0,52.0,0.0,0.0,204.0,0.0,101500.0
2025-01-10 09:00:00,22.5874606778345,24.1533257092511,0.0,0.12664473684210525,14.5,68,1,10.1,236,11.2,12.1,13.8,0.0,0.0,0.09,12.0,65.0,4832.0,0.0,2.0,234.0,0.0,101560.0
2025-01-10 10:00:00,22.6942222982304,23.8885849033958,0.0,0.12682748538011696,17.6,58,1,7.6,242,12.8,12.2,13.8,0.0,0.0,0.18,14.0,58.0,13603.0,1.0,3.0,222.0,0.0,101600.0
2025-01-10 11:00:00,22.8271565409851,23.982210765578,0.0,0.12701023391812866,19.9,49,0,7.7,271,14.6,12.3,13.8,0.0,0.0,0.28,16.0,49.0,29703.0,1.0,3.0,234.0,0.0,101630.0
2025-01-10 12:00:00,22.7836354704324,23.9489615667595,0.0,0.12719298245614036,21.3,44,0,8.0,274,16.1,12.5,13.8,0.0,0.0,0.34,18.0,46.0,43631.0,2.0,2.0,234.0,0.0,101600.0
2025-01-10 13:00:00,22.7182053050879,24.0232768224177,0.0,0.12737573099415203,22.4,40,0,7.8,277,17.3,12.6,13.8,0.0,0.0,0.36,20.0,40.0,49472.0,3.0,2.0,259.0,0.0,101510.0
2025-01-10 14:00:00,22.6871465024015,24.2579518521948,0.0,0.12755847953216373,22.9,38,0,7.5,288,18.1,13.0,13.8,0.0,0.0,0.34,22.0,37.0,47227.0,3.0,3.0,204.0,0.0,101390.0
2025-01-10 15:00:00,22.5096729778402,23.9577981335836,0.0,0.12774122807017543,22.4,41,0,7.3,332,18.4,13.3,13.8,0.0,0.0,0.27,22.0,36.0,36030.0,2.0,3.0,306.0,0.0,101320.0
2025-01-10 16:00:00,22.825467259286,23.8744177745893,0.0,0.12792397660818713,19.7,57,0,8.6,18,18.0,13.6,13.8,0.0,0.0,0.16,22.0,43.0,20105.0,1.0,3.0,23.0,0.0,101300.0
2025-01-10 17:00:00,22.7609176252005,23.9286162991184,0.0,0.12810672514619884,15.7,79,0,4.9,58,16.8,13.8,13.8,0.0,0.0,0.04,19.0,59.0,6421.0,0.0,4.0,12.0,0.0,101360.0
2025-01-10 18:00:00,22.7820307671103,23.990984857729,0.0,0.1282894736842105,13.8,85,0,6.0,103,15.3,14.0,13.8,0.0,0.0,0.02,17.0,65.0,1091.0,0.0,2.0,108.0,0.0,101390.0
2025-01-10 19:00:00,22.5603145562226,23.8450964464107,0.0,0.1284722222222222,12.5,84,0,4.9,145,14.2,14.0,13.8,0.0,0.0,0.0,15.0,74.0,0.0,0.0,2.0,132.0,0.0,101450.0
2025-01-10 20:00:00,22.821893534006,23.8608438889319,0.0,0.1286549707602339,12.0,81,0,4.5,184,13.2,14.0,13.8,0.0,0.0,0.0,14.0,74.0,0.0,0.0,2.0,144.0,0.0,101490.0
2025-01-10 21:00:00,22.8811129001111,23.8759654435266,0.0,0.1288377192982456,11.9,78,0,5.1,199,12.4,13.9,13.8,0.0,0.0,0.0,12.0,77.0,0.0,0.0,0.0,175.0,0.0,101530.0
2025-01-10 22:00:00,22.9012933355578,23.8574442756986,0.0,0.1290204678362573,12.1,76,0,4.6,206,11.8,13.8,13.8,0.0,0.0,0.0,12.0,75.0,0.0,0.0,0.0,198.0,0.0,101460.0
2025-01-10 23:00:00,22.9694733100027,23.8048483673557,0.0,0.129203216374269,12.2,74,0,4.2,209,11.3,13.7,13.8,0.0,0.0,0.0,12.0,80.0,0.0,0.0,1.0,300.0,0.0,101490.0
2025-01-11 00:00:00,22.9584057037491,23.7208607569084,0.0,0.1293859649122807,12.1,74,0,4.0,215,10.9,13.5,13.9,0.0,0.0,0.0,11.0,79.0,0.0,0.0,1.0,180.0,0.0,101480.0
2025-01-11 01:00:00,22.5680583450231,23.7579455948493,0.0,0.1295687134502924,10.8,79,0,6.3,243,10.4,13.5,13.9,0.0,0.0,0.0,12.0,76.0,0.0,0.0,1.0,228.0,0.0,101470.0
2025-01-11 02:00:00,22.6827142407393,23.9859424682974,0.0,0.1297514619883041,11.2,76,0,9.0,235,10.3,13.3,13.9,0.0,0.0,0.01,11.0,77.0,0.0,0.0,2.0,228.0,0.0,101460.0
2025-01-11 03:00:00,22.7097662410143,23.7305413419609,0.0,0.1299342105263158,10.9,76,0,8.8,222,10.4,13.1,13.9,0.0,0.0,0.01,11.0,76.0,0.0,0.0,2.0,186.0,0.0,101430.0
2025-01-11 04:00:00,22.5958039354833,23.8706868232218,0.0,0.13011695906432746,10.4,84,0,8.6,233,10.3,13.0,13.9,0.0,0.0,0.0,11.0,75.0,0.0,0.0,2.0,264.0,0.0,101370.0
2025-01-11 05:00:00,22.7648472412534,23.8693327494656,0.0,0.13029970760233917,10.6,89,1,9.8,236,10.3,12.8,13.9,0.0,0.0,0.0,11.0,76.0,0.0,0.0,2.0,210.0,0.0,101410.0
2025-01-11 06:00:00,22.6161038975525,23.6694115521943,0.0,0.13048245614035087,11.2,89,0,9.6,215,10.5,12.7,13.9,0.0,0.0,0.0,11.0,76.0,0.0,0.0,2.0,246.0,0.0,101420.0
2025-01-11 07:00:00,23.1037074312393,23.6535024644106,0.0,0.13066520467836257,10.5,91,0,7.2,216,10.4,12.6,13.9,0.0,0.0,0.0,11.0,77.0,0.0,0.0,1.0,228.0,0.0,101470.0
2025-01-11 08:00:00,22.8591143334039,23.6153976954876,0.0,0.13084795321637427,11.4,89,6,11.1,229,10.5,12.5,13.9,0.0,0.0,0.02,11.0,78.0,251.0,0.0,2.0,246.0,0.0,101500.0
2025-01-11 09:00:00,22.787197193044,23.6789307248798,0.0,0.13103070175438597,15.3,75,94,12.3,212,11.6,12.4,13.9,0.0,0.0,0.09,13.0,75.0,6072.0,0.0,2.0,276.0,0.0,101560.0
2025-01-11 10:00:00,22.8087138818318,23.5513488891553,0.0,0.13121345029239764,18.4,62,100,10.3,219,13.3,12.5,13.9,0.0,0.0,0.19,15.0,71.0,21640.0,1.0,4.0,270.0,0.0,101590.0
2025-01-11 11:00:00,22.8037469361377,23.6486531947849,0.0,0.13139619883040934,20.1,55,100,11.7,241,14.9,12.6,13.9,0.0,0.0,0.27,17.0,62.0,45091.0,3.0,3.0,290.0,0.0,101640.0
2025-01-11 12:00:00,22.9563454118602,23.5630533484365,0.0,0.13157894736842105,20.8,51,100,12.3,259,16.1,12.8,13.9,0.0,0.0,0.28,18.0,61.0,33440.0,2.0,3.0,324.0,0.0,101570.0
2025-01-11 13:00:00,22.732344239276,23.6232543372052,0.0,0.13176169590643275,21.3,52,28,15.3,281,17.1,13.1,13.9,0.0,0.0,0.31,19.0,57.0,46572.0,3.0,1.0,342.0,0.0,101500.0
2025-01-11 14:00:00,22.6826387606723,23.5843366007764,0.0,0.13194444444444445,21.7,52,7,14.9,277,17.9,13.4,13.9,0.0,0.0,0.32,20.0,54.0,44640.0,2.0,3.0,245.0,0.0,101380.0
2025-01-11 15:00:00,22.6752117803754,23.7508735498335,0.0,0.13212719298245612,21.1,56,0,14.5,277,18.2,13.7,13.9,0.0,0.0,0.27,21.0,52.0,34452.0,2.0,2.0,252.0,0.0,101330.0
2025-01-11 16:00:00,22.8090233758261,23.3857075672426,0.0,0.13230994152046782,20.2,60,6,9.3,284,18.0,14.0,13.9,0.0,0.0,0.17,21.0,51.0,17760.0,1.0,1.0,193.0,0.0,101310.0
2025-01-11 17:00:00,22.6186000969867,23.58425963991,0.0,0.13249269005847952,17.6,68,3,4.0,293,17.0,14.2,14.0,0.0,0.0,0.05,21.0,53.0,5475.0,0.0,2.0,275.0,0.0,101350.0
2025-01-11 18:00:00,22.7824394922788,23.4988163800597,0.0,0.13267543859649122,16.1,72,10,3.2,250,15.5,14.3,14.0,0.0,0.0,0.03,18.0,67.0,460.0,0.0,0.0,42.0,0.0,101430.0
2025-01-11 19:00:00,22.7750136947811,23.4773234042184,0.0,0.13285818713450293,15.8,75,21,8.6,221,14.6,14.3,14.0,0.0,0.0,0.02,16.0,75.0,0.0,0.0,0.0,119.0,0.0,101420.0
2025-01-11 20:00:00,22.5493823830905,23.6098892629785,0.0,0.13304093567251463,14.6,83,15,6.8,216,14.1,14.3,14.0,0.0,0.0,0.0,13.0,82.0,0.0,0.0,1.0,90.0,0.0,101470.0
2025-01-11 21:00:00,22.7937192777762,23.4005486805636,0.0,0.1332236842105263,13.4,85,23,4.9,193,13.5,14.3,14.0,0.0,0.0,0.0,13.0,80.0,0.0,0.0,0.0,180.0,0.0,101480.0
2025-01-11 22:00:00,22.7043595617123,23.5151572911379,0.0,0.133406432748538,12.8,87,34,5.0,175,12.9,14.2,14.0,0.0,0.0,0.0,11.0,82.0,0.0,0.0,1.0,291.0,0.0,101530.0
2025-01-11 23:00:00,22.8380636871865,23.4334501698888,0.0,0.1335891812865497,12.4,88,17,3.1,180,12.4,14.1,14.0,0.0,0.0,0.0,10.0,84.0,0.0,0.0,0.0,162.0,0.0,101530.0
2025-01-12 00:00:00,22.746685191797,23.571610786119,0.0,0.1337719298245614,12.4,87,18,1.0,180,11.8,14.0,14.0,0.0,0.0,0.0,13.0,78.0,0.0,0.0,0.0,258.0,0.0,101440.0
2025-01-12 01:00:00,22.776824521265,23.563672138619,0.0,0.1339546783625731,12.0,85,70,4.4,246,11.6,13.9,14.0,0.0,0.0,0.0,11.0,87.0,0.0,0.0,0.0,228.0,0.0,101390.0
2025-01-12 02:00:00,22.7041189726432,23.4157675389954,0.0,0.13413742690058478,11.5,87,98,6.0,234,11.3,13.7,14.1,0.0,0.0,0.0,12.0,86.0,0.0,0.0,2.0,204.0,0.0,101360.0
2025-01-12 03:00:00,22.6904420608504,23.349585009534,0.0,0.13432017543859648,11.0,87,81,6.1,239,11.0,13.6,14.1,0.0,0.0,0.0,11.0,87.0,0.0,0.0,2.0,184.0,0.0,101370.0
2025-01-12 04:00:00,22.7696527177354,23.4614492507332,0.0,0.13450292397660818,11.6,85,78,7.7,227,11.0,13.4,14.1,0.0,0.0,0.0,11.0,85.0,0.0,0.0,1.0,204.0,0.0,101370.0
2025-01-12 05:00:00,22.5484715748182,23.5061891394474,0.0,0.13468567251461988,11.7,85,8,7.5,211,11.1,13.3,14.1,0.0,0.0,0.0,12.0,85.0,0.0,0.0,1.0,198.0,0.0,101300.0
2025-01-12 06:00:00,22.7066366643245,23.3011815793134,0.0,0.13486842105263158,10.9,86,2,6.5,208,10.9,13.2,14.1,0.0,0.0,0.0,10.0,89.0,0.0,0.0,2.0,270.0,0.0,101240.0
2025-01-12 07:00:00,22.8447670166783,23.5073931810851,0.0,0.13505116959064326,10.2,87,14,4.3,192,10.5,13.1,14.1,0.0,0.0,0.0,10.0,88.0,0.0,0.0,1.0,216.0,0.0,101290.0
2025-01-12 08:00:00,22.6514850951545,23.3862515075608,0.0,0.13523391812865496,10.9,90,12,4.2,190,10.5,12.9,14.1,0.0,0.0,0.01,11.0,88.0,584.0,0.0,1.0,222.0,0.0,101290.0
2025-01-12 09:00:00,22.750118273079,23.3511806624159,0.0,0.13541666666666666,13.7,83,6,6.1,233,11.6,12.8,14.1,0.0,0.0,0.07,12.0,84.0,6296.0,0.0,1.0,228.0,0.0,101350.0
2025-01-12 10:00:00,22.6845210257725,23.3428543758809,0.0,0.13559941520467836,16.0,77,31,2.8,256,13.2,12.8,14.1,0.0,0.0,0.16,14.0,78.0,19283.0,1.0,2.0,262.0,0.0,101440.0
2025-01-12 11:00:00,22.7156922808014,23.4874457090219,0.0,0.13578216374269006,17.4,73,62,2.1,151,14.9,12.9,14.1,0.0,0.0,0.22,15.0,74.0,19930.0,1.0,1.0,130.0,0.0,101460.0
2025-01-12 12:00:00,22.6836245484801,23.2129645435493,0.0,0.13596491228070173,18.5,67,36,2.6,257,16.4,13.1,14.1,0.0,0.0,0.26,17.0,67.0,29876.0,2.0,2.0,204.0,0.0,101370.0
2025-01-12 13:00:00,22.7933579813226,23.2290067082448,0.0,0.13614766081871343,20.0,57,41,9.7,273,17.4,13.4,14.1,0.0,0.0,0.29,19.0,62.0,49856.0,3.0,2.0,310.0,0.0,101280.0
2025-01-12 14:00:00,22.7273891324757,23.4941689943638,0.0,0.13633040935672514,20.4,54,84,9.6,287,18.0,13.7,14.1,0.0,0.0,0.29,19.0,58.0,36436.0,2.0,4.0,249.0,0.0,101140.0
2025-01-12 15:00:00,22.6812650014381,23.0943802717665,0.0,0.13651315789473684,18.8,66,0,14.8,353,17.8,14.0,14.1,0.0,0.0,0.17,19.0,58.0,24262.0,1.0,1.0,243.0,0.0,101070.0
2025-01-12 16:00:00,22.6288226992673,23.2556334652554,0.0,0.13669590643274854,17.5,76,2,9.9,356,17.5,14.2,14.1,0.0,0.0,0.13,18.0,68.0,5108.0,0.0,6.0,12.0,0.0,101100.0
2025-01-12 17:00:00,22.4808133663253,23.318551054823,0.0,0.13687865497076024,15.1,88,5,4.8,11,16.5,14.4,14.1,0.0,0.0,0.04,18.0,70.0,4832.0,0.0,2.0,30.0,0.0,101030.0
2025-01-12 18:00:00,22.8516737703186,23.2632900860706,0.0,0.1370614035087719,13.3,96,99,12.9,34,15.4,14.4,14.1,0.4,0.4,0.01,16.0,75.0,174.0,0.0,2.0,88.0,0.0,101090.0
2025-01-12 19:00:00,22.4819157504585,23.1970524993497,0.0,0.1372441520467836,13.7,94,33,2.8,57,14.7,14.5,14.2,0.1,0.1,0.0,15.0,87.0,0.0,0.0,3.0,115.0,0.0,101180.0
2025-01-12 20:00:00,22.4600825545715,23.1960341806742,0.0,0.13742690058479531,12.2,93,30,3.6,88,13.5,14.4,14.2,0.0,0.0,0.0,13.0,88.0,0.0,0.0,1.0,113.0,0.0,101230.0
2025-01-12 21:00:00,22.6271275399923,23.2633317188185,0.0,0.13760964912280702,12.1,85,43,4.8,85,12.8,14.3,14.2,0.0,0.0,0.0,12.0,91.0,0.0,0.0,0.0,125.0,0.0,101260.0
2025-01-12 22:00:00,22.7268577429724,23.1233730150386,0.0,0.13779239766081872,12.5,76,76,6.8,88,12.5,14.2,14.2,0.0,0.0,0.01,12.0,88.0,0.0,0.0,1.0,54.0,0.0,101330.0
2025-01-12 23:00:00,22.6572441471021,23.0994300169359,0.0,0.1379751461988304,12.0,71,44,4.4,122,12.2,14.1,14.2,0.0,0.0,0.0,12.0,86.0,0.0,0.0,0.0,120.0,0.0,101340.0
2025-01-13 00:00:00,22.5352238036103,23.4075997573491,0.0,0.1381578947368421,11.1,72,89,2.6,121,11.8,14.0,14.2,0.0,0.0,0.0,12.0,88.0,0.0,0.0,0.0,182.0,0.0,101310.0
2025-01-13 01:00:00,22.617082654352,23.0301648930588,0.0,0.1383406432748538,11.7,66,56,2.1,110,12.2,14.1,14.2,0.0,0.0,0.0,9.0,92.0,0.0,0.0,0.0,258.0,0.0,101230.0
2025-01-13 02:00:00,22.5354033576318,23.2194834787451,0.0,0.1385233918128655,10.3,64,4,0.2,56,11.1,14.0,14.2,0.0,0.0,0.0,8.0,93.0,0.0,0.0,0.0,155.0,0.0,101230.0
2025-01-13 03:00:00,22.6640581492757,23.0816132686689,0.0,0.1387061403508772,9.9,64,6,1.8,26,10.2,13.8,14.2,0.0,0.0,0.0,7.0,93.0,0.0,0.0,0.0,176.5,0.0,101235.0
2025-01-13 04:00:00,22.5902495661013,23.0486931484934,0.0,0.1388888888888889,9.9,68,11,2.1,54,9.4,13.6,14.2,0.0,0.0,0.0,6.0,93.0,0.0,0.0,0.0,198.0,0.0,101240.0
2025-01-13 05:00:00,22.4327820949059,23.020236840069,0.0,0.13907163742690057,9.6,66,6,3.6,62,8.9,13.3,14.2,0.0,0.0,0.0,6.0,81.0,0.0,0.0,1.0,126.0,0.0,101250.0
2025-01-13 06:00:00,22.4557565885069,23.0933519730075,0.0,0.13925438596491227,8.9,66,7,4.6,72,8.4,13.1,14.2,0.0,0.0,0.0,5.0,84.0,0.0,0.0,0.0,174.0,0.0,101280.0
2025-01-13 07:00:00,22.5969673567241,23.0302239203882,0.0,0.13943713450292397,8.1,67,4,4.2,100,8.0,12.8,14.2,0.0,0.0,0.0,8.0,68.0,0.0,0.0,2.0,138.0,0.0,101300.0
2025-01-13 08:00:00,22.5288348790118,22.9835234398728,0.0,0.13961988304093567,7.9,73,5,3.8,120,7.9,12.5,14.2,0.0,0.0,0.01,5.0,80.0,0.0,0.0,1.0,192.0,0.0,101330.0
2025-01-13 09:00:00,22.6551525015907,23.0294050987607,0.0,0.13980263157894737,11.3,72,28,4.0,115,9.1,12.3,14.2,0.0,0.0,0.07,5.0,89.0,1260.0,0.0,1.0,174.0,0.0,101350.0
2025-01-13 10:00:00,22.5223381283771,23.8275972567404,0.0,0.13998538011695905,14.0,56,23,4.2,63,11.0,12.2,14.2,0.0,0.0,0.15,9.0,74.0,6579.0,0.0,0.0,174.0,0.0,101400.0
2025-01-13 11:00:00,22.7686916413728,25.4816313434984,0.0,0.14016812865497075,14.9,49,6,10.9,53,12.5,12.3,14.2,0.0,0.0,0.23,13.0,63.0,23237.0,2.0,0.0,274.0,0.0,101450.0
2025-01-13 12:00:00,22.5437990746334,25.7617190015989,0.0,0.14035087719298245,15.3,43,7,13.2,49,13.9,12.4,14.2,0.0,0.0,0.3,15.0,53.0,40240.0,2.0,4.0,21.0,0.0,101490.0
2025-01-13 13:00:00,22.5198011624939,25.7592573558485,0.0,0.14053362573099415,15.7,44,10,12.0,43,15.1,12.4,14.2,0.0,0.0,0.3,15.0,44.0,38084.0,2.0,3.0,60.0,0.0,101440.0
2025-01-13 14:00:00,22.572442125014,25.7190460717269,0.0,0.14071637426900585,15.5,43,3,13.6,41,15.6,12.6,14.2,0.0,0.0,0.29,16.0,40.0,50510.0,4.0,4.0,72.0,0.0,101340.0
2025-01-13 15:00:00,22.6331658042189,25.7840903550548,0.0,0.14089912280701752,14.9,46,1,14.8,42,15.7,12.8,14.2,0.0,0.0,0.24,16.0,44.0,44604.0,3.0,5.0,54.0,0.0,101270.0
2025-01-13 16:00:00,22.6202533658482,25.5820295152662,0.0,0.14108187134502922,13.7,52,0,14.0,45,15.2,13.0,14.2,0.0,0.0,0.16,15.0,45.0,29588.0,1.0,6.0,12.0,0.0,101270.0
2025-01-13 17:00:00,22.7903676063408,25.4145351713928,0.0,0.14126461988304093,11.9,61,0,9.3,46,14.2,13.1,14.2,0.0,0.0,0.06,15.0,46.0,13298.0,1.0,4.0,36.0,0.0,101280.0
2025-01-13 18:00:00,22.8252166171562,25.623963438457,0.0,0.14144736842105263,9.7,71,0,7.5,55,12.8,13.2,14.2,0.0,0.0,0.03,14.0,54.0,4051.0,0.0,3.0,48.0,0.0,101290.0
2025-01-13 19:00:00,22.6837211858523,25.5187170826407,0.0,0.14163011695906433,8.5,76,0,6.7,67,11.5,13.1,14.2,0.0,0.0,0.0,12.0,60.0,45.0,0.0,3.0,48.0,0.0,101310.0
2025-01-13 20:00:00,22.9569819338354,25.3169335102276,0.0,0.141812865497076,8.0,77,0,6.1,82,10.5,13.0,14.2,0.0,0.0,0.0,10.0,66.0,0.0,0.0,2.0,138.0,0.0,101360.0
2025-01-13 21:00:00,22.959633211582,25.3878784675234,0.0,0.1419956140350877,7.3,79,8,5.4,102,9.7,12.8,14.2,0.0,0.0,0.0,10.0,69.0,0.0,0.0,2.0,128.0,0.0,101420.0
2025-01-13 22:00:00,23.0472362630067,25.4865704153092,0.0,0.1421783625730994,6.8,81,26,4.9,118,9.1,12.7,14.2,0.0,0.0,0.0,7.0,76.0,0.0,0.0,0.0,122.0,0.0,101450.0
2025-01-13 23:00:00,22.987947619736,25.3762300060057,0.0,0.1423611111111111,6.4,82,11,4.2,124,8.8,12.5,14.2,0.0,0.0,0.0,6.0,77.0,0.0,0.0,0.0,180.0,0.0,101450.0
2025-01-14 00:00:00,23.2747385396918,25.2845010813082,0.0,0.1425438596491228,5.6,82,1,2.8,125,8.3,12.3,14.2,0.0,0.0,0.0,5.0,81.0,0.0,0.0,0.0,171.0,0.0,101450.0
2025-01-14 01:00:00,23.2290547588797,25.2319934527358,0.0,0.1427266081871345,4.9,81,0,2.2,103,7.9,12.2,14.2,0.0,0.0,0.0,5.0,78.0,0.0,0.0,0.0,306.0,0.0,101440.0
2025-01-14 02:00:00,23.022687085605,25.285100356318,0.0,0.14290935672514618,4.4,81,0,2.0,82,7.5,12.0,14.2,0.0,0.0,0.0,3.0,83.0,0.0,0.0,0.0,144.0,0.0,101430.0
2025-01-14 03:00:00,23.1679784338779,25.1013500133803,0.0,0.14309210526315788,4.3,79,2,1.1,51,7.1,11.7,14.2,0.0,0.0,0.0,2.0,85.0,0.0,0.0,0.0,186.0,0.0,101410.0
2025-01-14 04:00:00,23.1485308849052,25.3351268332922,0.0,0.14327485380116958,4.3,78,13,2.1,88,6.8,11.5,14.2,0.0,0.0,0.0,2.0,88.0,0.0,0.0,0.0,180.0,0.0,101470.0
2025-01-14 05:00:00,23.1957752763648,25.2268979145463,0.0,0.14345760233918128,4.1,77,24,1.9,87,6.4,11.3,14.2,0.0,0.0,0.0,3.0,89.0,0.0,0.0,1.0,192.0,0.0,101420.0
2025-01-14 06:00:00,23.2602946231952,25.0528204703716,0.0,0.14364035087719298,4.2,77,18,2.1,92,6.3,11.1,14.2,0.0,0.0,0.0,3.0,87.0,0.0,0.0,0.0,142.0,0.0,101440.0
2025-01-14 07:00:00,23.1051693173502,25.202405132603,0.0,0.14382309941520466,4.2,76,7,1.1,70,6.0,10.8,14.2,0.0,0.0,0.0,3.0,87.0,0.0,0.0,0.0,192.0,0.0,101440.0
2025-01-14 08:00:00,23.3618915759818,25.1072246498531,0.0,0.14400584795321636,4.9,77,23,1.5,80,6.0,10.6,14.2,0.0,0.0,0.01,1.0,85.0,0.0,0.0,0.0,168.0,0.0,101500.0
2025-01-14 09:00:00,23.3383424794349,24.8631045680191,0.0,0.14418859649122806,8.9,67,18,1.5,65,7.3,10.5,14.2,0.0,0.0,0.06,2.0,89.0,2415.0,0.0,0.0,174.0,0.0,101570.0
2025-01-14 10:00:00,23.1514600908966,25.0970044854233,0.0,0.14437134502923976,11.6,56,4,6.3,51,9.1,10.4,14.2,0.0,0.0,0.16,8.0,71.0,8682.0,0.0,0.0,198.0,0.0,101600.0
2025-01-14 11:00:00,23.2817504182402,25.1137610400869,0.0,0.14455409356725146,13.2,48,1,11.8,63,10.9,10.5,14.1,0.0,0.0,0.24,9.0,68.0,24380.0,1.0,1.0,299.0,0.0,101660.0
2025-01-14 12:00:00,23.0286104712404,24.8836440155666,0.0,0.14473684210526316,13.8,45,16,14.4,56,12.3,10.6,14.1,0.0,0.0,0.29,12.0,55.0,40176.0,2.0,1.0,80.0,0.0,101670.0
2025-01-14 13:00:00,23.2834860930524,25.0313754250513,0.0,0.14491959064327484,13.9,46,28,16.7,46,13.2,10.8,14.1,0.0,0.0,0.29,14.0,41.0,49260.0,2.0,3.0,106.0,0.0,101580.0
2025-01-14 14:00:00,23.2723579307523,25.0187691996702,0.0,0.14510233918128654,13.0,52,17,20.5,52,13.6,11.0,14.1,0.0,0.0,0.24,14.0,44.0,55381.0,3.0,3.0,60.0,0.0,101490.0
2025-01-14 15:00:00,23.1460937051177,24.9138275755286,0.0,0.14528508771929824,12.5,54,40,20.5,53,13.6,11.2,14.1,0.0,0.0,0.21,14.0,50.0,41676.0,2.0,5.0,90.0,0.0,101440.0
2025-01-14 16:00:00,23.2509523984524,25.0286683416906,0.0,0.14546783625730994,11.8,57,38,19.5,58,13.1,11.4,14.1,0.0,0.0,0.14,13.0,42.0,29122.0,1.0,5.0,60.0,0.0,101460.0
2025-01-14 17:00:00,23.3906595434602,24.9172395824574,0.0,0.14565058479532164,11.0,61,43,16.7,61,12.4,11.5,14.1,0.0,0.0,0.08,13.0,57.0,18949.0,1.0,5.0,43.0,0.0,101470.0
2025-01-14 18:00:00,23.3105318709549,24.6629473337996,0.0,0.14583333333333331,9.7,70,21,8.8,69,11.5,11.6,14.1,0.0,0.0,0.04,11.0,62.0,3775.0,0.0,4.0,54.0,0.0,101510.0
2025-01-14 19:00:00,23.3906558093046,24.8679965665438,0.0,0.14601608187134502,7.9,80,48,5.9,62,10.5,11.6,14.1,0.0,0.0,0.0,11.0,64.0,0.0,0.0,0.0,131.0,0.0,101530.0
2025-01-14 20:00:00,23.1269165537255,24.7945786890816,0.0,0.14619883040935672,8.2,81,43,1.5,59,9.7,11.5,14.1,0.0,0.0,0.0,10.0,69.0,0.0,0.0,0.0,101.0,0.0,101570.0
2025-01-14 21:00:00,23.3695831424357,24.7626473963543,0.0,0.14638157894736842,7.8,83,31,0.7,53,9.0,11.5,14.1,0.0,0.0,0.0,10.0,77.0,0.0,0.0,2.0,37.0,0.0,101610.0
2025-01-14 22:00:00,23.2256685913441,24.8199892381368,0.0,0.14656432748538012,6.9,85,52,2.3,103,8.4,11.4,14.1,0.0,0.0,0.0,9.0,86.0,0.0,0.0,0.0,210.0,0.0,101560.0
2025-01-14 23:00:00,23.3021233592542,24.62083895261,0.0,0.1467470760233918,6.8,87,24,3.1,281,8.2,11.2,14.1,0.1,0.1,0.0,7.0,91.0,0.0,0.0,1.0,264.0,0.0,101570.0
2025-01-15 00:00:00,23.2144317629265,24.5782911273878,0.0,0.1469298245614035,5.7,92,51,3.0,302,7.8,11.1,14.0,0.1,0.1,0.0,8.0,91.0,0.0,0.0,0.0,180.0,3.0,101630.0
2025-01-15 01:00:00,23.229363045517,24.604535413704,0.0,0.1471125730994152,7.8,88,51,2.7,151,8.9,11.2,14.0,0.2,0.2,0.0,8.0,89.0,0.0,0.0,0.0,204.0,1.0,101590.0
2025-01-15 02:00:00,23.2841828497756,24.4843438308475,0.0,0.1472953216374269,6.8,87,10,3.4,219,8.1,11.1,14.0,0.5,0.5,0.0,8.0,89.0,0.0,0.0,0.0,210.0,0.0,101570.0
2025-01-15 03:00:00,23.0573544646919,24.6920902124195,0.0,0.1474780701754386,5.8,93,96,3.1,283,7.4,10.9,14.0,0.1,0.1,0.0,7.0,92.0,0.0,0.0,0.0,180.0,0.0,101590.0
2025-01-15 04:00:00,23.2537419932805,24.4586938965366,0.0,0.14766081871345027,6.3,96,27,6.8,213,7.4,10.8,14.0,0.2,0.2,0.0,8.0,91.0,0.0,0.0,1.0,180.0,0.0,101610.0
2025-01-15 05:00:00,23.2802685961776,24.4926072793953,0.0,0.14784356725146197,5.5,96,48,5.9,237,7.0,10.7,14.0,0.0,0.0,0.0,8.0,91.0,0.0,0.0,0.0,198.0,0.0,101580.0
2025-01-15 06:00:00,22.9762784939675,24.4774817618859,0.0,0.14802631578947367,5.6,95,24,5.9,237,6.8,10.5,14.0,0.0,0.0,0.0,7.0,91.0,0.0,0.0,0.0,222.0,0.0,101540.0
2025-01-15 07:00:00,23.2535932523607,24.7120914320807,0.0,0.14820906432748537,5.7,94,34,7.3,248,6.6,10.3,14.0,0.0,0.0,0.0,7.0,93.0,0.0,0.0,0.0,228.0,0.0,101560.0
2025-01-15 08:00:00,23.4458698681743,24.5768690127019,0.0,0.14839181286549707,6.2,92,88,9.8,247,6.6,10.2,14.0,0.0,0.0,0.01,7.0,92.0,0.0,0.0,1.0,246.0,0.0,101590.0
2025-01-15 09:00:00,23.2821891001078,24.4964437359812,0.0,0.14857456140350878,8.1,91,95,11.7,240,7.5,10.1,14.0,0.0,0.0,0.04,7.0,92.0,3732.0,0.0,1.0,192.0,0.0,101600.0
2025-01-15 10:00:00,23.4997804231092,24.6094295971271,0.0,0.14875730994152045,10.2,81,10,10.1,237,8.8,10.0,13.9,0.0,0.0,0.1,9.0,85.0,11392.0,0.0,1.0,192.0,0.0,101620.0
2025-01-15 11:00:00,23.2281202679199,24.6255403499652,0.0,0.14894005847953215,12.2,71,46,7.9,258,10.5,10.1,13.9,0.0,0.0,0.21,11.0,76.0,29968.0,1.0,2.0,240.0,0.0,101660.0
2025-01-15 12:00:00,23.3228455566849,24.4628562237627,0.0,0.14912280701754385,13.1,66,42,4.6,265,12.1,10.3,13.9,0.0,0.0,0.23,13.0,69.0,58798.0,3.0,3.0,256.0,0.0,101610.0
2025-01-15 13:00:00,23.3692631493409,24.5746749883335,0.0,0.14930555555555555,14.0,59,40,1.8,302,13.6,10.7,13.9,0.0,0.0,0.23,13.0,68.0,30333.0,2.0,2.0,300.0,0.0,101550.0
2025-01-15 14:00:00,23.1441239466554,24.5694883922378,0.0,0.14948830409356725,14.5,57,51,3.0,326,14.4,11.0,13.9,0.0,0.0,0.23,15.0,53.0,35673.0,3.0,1.0,180.0,0.0,101450.0
2025-01-15 15:00:00,23.423045249615,24.7614323852844,0.0,0.14967105263157893,14.3,57,66,5.1,355,14.5,11.2,13.9,0.0,0.0,0.17,14.0,57.0,23190.0,1.0,2.0,291.0,0.0,101390.0
2025-01-15 16:00:00,23.3405293641591,24.3987994663798,0.0,0.14985380116959063,13.5,63,42,8.1,13,14.1,11.5,13.9,0.0,0.0,0.11,14.0,62.0,14990.0,1.0,1.0,6.0,0.0,101370.0
2025-01-15 17:00:00,23.4348673684273,24.4597474236659,0.0,0.15003654970760233,11.5,77,20,4.8,29,13.3,11.6,13.9,0.0,0.0,0.04,14.0,63.0,10052.0,0.0,2.0,0.0,0.0,101350.0
2025-01-15 18:00:00,23.5722343437819,24.6250949535002,0.0,0.15021929824561403,9.7,84,12,2.9,41,11.9,11.7,13.9,0.0,0.0,0.02,13.0,68.0,2284.0,0.0,2.0,54.0,0.0,101360.0
2025-01-15 19:00:00,23.4279556123225,24.7240947164946,0.0,0.15040204678362573,8.7,86,4,2.8,117,10.7,11.7,13.9,0.0,0.0,0.0,10.0,78.0,0.0,0.0,0.0,114.0,0.0,101380.0
2025-01-15 20:00:00,23.417395354552,24.26971651153,0.0,0.15058479532163743,7.4,89,2,3.8,174,9.8,11.7,13.9,0.0,0.0,0.0,8.0,79.0,0.0,0.0,0.0,168.0,0.0,101410.0
2025-01-15 21:00:00,23.406285043473,24.6188641279969,0.0,0.1507675438596491,6.5,92,8,5.2,193,9.2,11.6,13.9,0.0,0.0,0.0,8.0,81.0,0.0,0.0,0.0,162.0,0.0,101430.0
2025-01-15 22:00:00,23.4383188931956,24.4351177927958,0.0,0.1509502923976608,5.7,93,16,4.5,216,8.7,11.5,13.9,0.0,0.0,0.0,8.0,79.0,0.0,0.0,1.0,176.0,0.0,101380.0
2025-01-15 23:00:00,23.3888694537193,24.5060379368084,0.0,0.1511330409356725,5.7,90,7,5.8,231,8.1,11.3,13.9,0.0,0.0,0.0,6.0,87.0,0.0,0.0,0.0,210.0,0.0,101380.0
2025-01-16 00:00:00,23.291685267297,24.531062737145,0.0,0.1513157894736842,5.9,89,14,7.2,232,7.8,11.2,13.9,0.0,0.0,0.0,6.0,85.0,0.0,0.0,1.0,186.0,0.0,101310.0
2025-01-16 01:00:00,23.3583775658865,24.4173550533738,0.0,0.1514985380116959,4.5,90,52,6.1,234,7.2,11.1,13.9,0.0,0.0,0.0,6.0,87.0,0.0,0.0,2.0,252.0,0.0,101230.0
2025-01-16 02:00:00,23.2533653556897,24.4960223505609,0.0,0.15168128654970758,4.5,89,98,6.6,231,6.9,10.9,13.8,0.0,0.0,0.0,5.0,89.0,0.0,0.0,1.0,198.0,0.0,101160.0
2025-01-16 03:00:00,23.3653924183409,24.4461344021363,0.0,0.15186403508771928,5.3,86,100,8.2,226,6.9,10.7,13.8,0.0,0.0,0.0,5.0,87.0,0.0,0.0,1.0,192.0,0.0,101120.0
2025-01-16 04:00:00,23.3057781400302,24.5011313107359,0.0,0.15204678362573099,6.3,81,91,8.6,225,7.0,10.6,13.8,0.0,0.0,0.0,5.0,86.0,0.0,0.0,2.0,192.0,0.0,101090.0
2025-01-16 05:00:00,23.2336416418286,24.2423239874572,0.0,0.1522295321637427,5.8,83,53,7.4,224,6.9,10.4,13.8,0.0,0.0,0.0,6.0,84.0,0.0,0.0,1.0,198.0,0.0,101050.0
2025-01-16 06:00:00,23.3574945772897,24.3922176666614,0.0,0.1524122807017544,5.9,80,8,8.6,225,6.8,10.3,13.8,0.0,0.0,0.0,7.0,82.0,0.0,0.0,1.0,228.0,0.0,101020.0
2025-01-16 07:00:00,23.5105371391688,24.3184101182773,0.0,0.15259502923976606,5.3,80,5,9.4,226,6.6,10.2,13.8,0.0,0.0,0.01,6.0,85.0,0.0,0.0,2.0,234.0,0.0,100990.0
2025-01-16 08:00:00,23.3760943723652,24.4187251688606,0.0,0.15277777777777776,6.0,75,7,10.2,225,6.6,10.0,13.8,0.0,0.0,0.03,6.0,81.0,67.0,0.0,2.0,240.0,0.0,101010.0
2025-01-16 09:00:00,23.4359809495999,24.2852361010132,0.0,0.15296052631578946,9.9,64,0,10.4,225,7.6,9.9,13.8,0.0,0.0,0.08,5.0,80.0,3846.0,0.0,2.0,198.0,0.0,101040.0
2025-01-16 10:00:00,23.3959460535531,24.2294125044658,0.0,0.15314327485380116,13.3,50,0,11.3,238,9.4,9.9,13.8,0.0,0.0,0.19,8.0,70.0,14607.0,1.0,3.0,240.0,0.0,101070.0
2025-01-16 11:00:00,23.369682981227,24.2306213252823,0.0,0.15332602339181287,15.1,40,0,12.7,249,11.1,10.0,13.7,0.0,0.0,0.28,10.0,61.0,31595.0,2.0,4.0,234.0,0.0,101080.0
2025-01-16 12:00:00,23.4145537981747,24.3314057874877,0.0,0.15350877192982454,16.3,33,21,10.1,264,12.7,10.2,13.7,0.0,0.0,0.33,13.0,51.0,45564.0,3.0,3.0,270.0,0.0,101050.0
2025-01-16 13:00:00,23.3758243153985,24.1515948388078,0.0,0.15369152046783624,16.9,29,66,6.0,304,14.4,10.6,13.7,0.0,0.0,0.34,15.0,43.0,51421.0,3.0,5.0,294.0,0.0,100960.0
2025-01-16 14:00:00,23.1498483149694,24.1202532300004,0.0,0.15387426900584794,17.0,27,96,8.4,338,15.2,10.9,13.7,0.0,0.0,0.32,16.0,31.0,43759.0,3.0,2.0,282.0,0.0,100870.0
2025-01-16 15:00:00,23.4590683015963,24.2252113684484,0.0,0.15405701754385964,16.4,31,100,10.3,358,15.3,11.2,13.7,0.0,0.0,0.26,17.0,31.0,37844.0,2.0,2.0,269.0,0.0,100800.0
2025-01-16 16:00:00,23.2013440867415,24.2687816494652,0.0,0.15423976608187134,15.1,41,100,10.0,13,14.8,11.5,13.7,0.0,0.0,0.17,16.0,33.0,22452.0,1.0,4.0,5.0,0.0,100800.0
2025-01-16 17:00:00,23.4964140313511,24.1267209269246,0.0,0.15442251461988304,12.3,58,100,3.7,35,13.6,11.7,13.7,0.0,0.0,0.05,16.0,37.0,10655.0,0.0,4.0,8.0,0.0,100830.0
2025-01-16 18:00:00,23.439613195353,24.2334792966742,0.0,0.15460526315789472,11.4,58,99,1.5,59,12.2,11.8,13.7,0.0,0.0,0.02,14.0,48.0,928.0,0.0,2.0,18.0,0.0,100840.0
2025-01-16 19:00:00,23.4126755400545,24.0619619267591,0.0,0.15478801169590642,10.8,60,100,1.8,106,11.3,11.8,13.7,0.0,0.0,0.0,13.0,55.0,0.0,0.0,0.0,26.0,0.0,100890.0
2025-01-16 20:00:00,23.332808484876,24.1258257073763,0.0,0.15497076023391812,10.0,60,99,3.2,167,10.6,11.8,13.7,0.0,0.0,0.0,12.0,58.0,0.0,0.0,0.0,186.0,0.0,100940.0
2025-01-16 21:00:00,23.3280003533927,24.0182642603425,0.0,0.15515350877192982,9.4,62,100,4.0,178,10.2,11.8,13.7,0.0,0.0,0.0,11.0,60.0,0.0,0.0,0.0,188.0,0.0,100940.0
2025-01-16 22:00:00,23.3459897970863,24.0889207522916,0.0,0.15533625730994152,8.7,68,100,2.9,198,9.8,11.7,13.7,0.0,0.0,0.0,10.0,64.0,0.0,0.0,0.0,180.0,0.0,100960.0
2025-01-16 23:00:00,23.2859238096842,24.1176948296286,0.0,0.1555190058479532,9.4,66,100,1.1,333,9.6,11.6,13.7,0.0,0.0,0.0,9.0,66.0,0.0,0.0,0.0,174.0,0.0,100990.0
2025-01-17 00:00:00,23.1782336056318,24.0291666182037,0.0,0.1557017543859649,9.6,66,100,1.9,311,9.5,11.5,13.7,0.0,0.0,0.0,9.0,64.0,0.0,0.0,1.0,161.0,0.0,100990.0
2025-01-17 01:00:00,23.2811833933062,24.0128516216368,0.0,0.1558845029239766,10.5,62,100,1.8,11,10.3,11.6,13.7,0.0,0.0,0.0,9.0,68.0,0.0,0.0,0.0,198.0,0.0,100960.0
2025-01-17 02:00:00,23.1780082248389,24.0934758376394,0.0,0.1560672514619883,9.1,84,100,5.5,50,10.0,11.6,13.7,0.5,0.5,0.0,8.0,73.0,0.0,0.0,0.0,90.0,0.0,100920.0
2025-01-17 03:00:00,23.3863319800751,24.0576218082514,0.0,0.15625,9.3,89,95,3.0,167,9.8,11.5,13.7,1.3,1.3,0.0,10.0,70.0,0.0,0.0,2.0,354.0,0.0,100960.0
2025-01-17 04:00:00,23.1598042467096,24.058306566501,0.0,0.1564327485380117,9.0,96,100,2.4,6,9.7,11.5,13.7,1.3,1.3,0.0,9.0,85.0,0.0,0.0,0.0,168.0,8.0,101000.0
2025-01-17 05:00:00,23.2035433218129,23.9404505477703,0.0,0.15661549707602337,8.7,94,98,2.8,188,9.4,11.4,13.7,0.7,0.7,0.0,9.0,89.0,0.0,0.0,0.0,186.0,2.0,101000.0
2025-01-17 06:00:00,23.2589222931726,23.8486541480933,0.0,0.15679824561403508,8.2,93,100,0.5,13,8.8,11.3,13.7,0.2,0.2,0.0,8.0,92.0,0.0,0.0,0.0,294.0,0.0,101010.0
2025-01-17 07:00:00,23.0733652112281,23.9740301130115,0.0,0.15698099415204678,8.4,94,100,1.9,329,8.7,11.2,13.7,0.3,0.3,0.0,8.0,93.0,0.0,0.0,0.0,303.0,0.0,101090.0
2025-01-17 08:00:00,23.4204138368832,23.9968149624998,0.0,0.15716374269005848,8.5,95,100,2.6,307,8.7,11.1,13.7,0.3,0.3,0.01,8.0,94.0,44.0,0.0,0.0,175.0,13.0,101170.0
2025-01-17 09:00:00,23.3384854573835,23.8195364398599,0.0,0.15734649122807018,9.6,89,81,2.2,352,9.4,11.0,13.7,0.1,0.1,0.04,8.0,94.0,1226.0,0.0,0.0,276.0,6.0,101230.0
2025-01-17 10:00:00,23.1945919259032,24.4700424215515,0.0,0.15752923976608185,10.9,81,58,3.3,348,10.4,11.0,13.7,0.1,0.1,0.1,9.0,94.0,9615.0,1.0,1.0,264.0,5.0,101270.0
2025-01-17 11:00:00,23.0878973540564,25.2878687932353,0.0,0.15771198830409355,11.3,80,71,3.4,353,11.3,11.0,13.7,0.1,0.1,0.15,9.0,91.0,11308.0,1.0,2.0,256.0,0.0,101310.0
2025-01-17 12:00:00,23.3741141870697,25.6336429628409,0.0,0.15789473684210525,11.9,77,67,4.7,360,12.3,11.1,13.6,0.1,0.1,0.18,10.0,89.0,27926.0,1.0,3.0,264.0,0.0,101340.0
2025-01-17 13:00:00,23.3178407796469,25.7625573166051,0.0,0.15807748538011696,12.5,73,67,7.3,39,12.7,11.3,13.6,0.1,0.1,0.19,12.0,79.0,44295.0,3.0,2.0,251.0,0.0,101250.0
2025-01-17 14:00:00,23.2449387951995,26.0515928605686,0.0,0.15826023391812866,12.8,69,39,8.5,32,13.4,11.4,13.6,0.0,0.0,0.19,10.0,89.0,11284.0,1.0,0.0,334.0,10.0,101200.0
2025-01-17 15:00:00,23.4106927781471,26.4291095888913,0.0,0.15844298245614033,12.8,68,25,9.4,39,13.7,11.6,13.6,0.0,0.0,0.17,13.0,70.0,45236.0,2.0,1.0,324.0,1.0,101160.0
2025-01-17 16:00:00,23.960451973766,26.3637158500508,0.0,0.15862573099415203,12.5,67,17,11.2,43,13.5,11.7,13.6,0.0,0.0,0.13,12.0,77.0,9182.0,0.0,1.0,0.0,0.0,101180.0
2025-01-17 17:00:00,24.2587629651688,26.474245105111,0.0,0.15880847953216373,11.0,74,27,6.5,50,12.8,11.9,13.6,0.0,0.0,0.05,11.0,82.0,3819.0,0.0,1.0,30.0,0.0,101230.0
2025-01-17 18:00:00,24.4557524681316,26.3650959711457,0.0,0.15899122807017543,9.1,82,30,3.4,62,11.5,11.9,13.6,0.0,0.0,0.02,10.0,87.0,584.0,0.0,0.0,204.0,0.0,101270.0
2025-01-17 19:00:00,24.7883783396043,26.4768808811917,0.0,0.15917397660818713,8.7,84,54,2.5,84,10.6,11.9,13.6,0.0,0.0,0.0,9.0,91.0,0.0,0.0,0.0,174.0,0.0,101340.0
2025-01-17 20:00:00,24.7738384458417,26.3418253960464,0.0,0.1593567251461988,7.9,87,44,2.7,126,9.9,11.8,13.6,0.0,0.0,0.0,8.0,92.0,0.0,0.0,0.0,180.0,0.0,101360.0
2025-01-17 21:00:00,24.9578747338522,26.4218189341889,0.0,0.1595394736842105,7.5,89,64,1.0,61,9.4,11.7,13.6,0.0,0.0,0.0,8.0,93.0,0.0,0.0,0.0,186.0,0.0,101380.0
2025-01-17 22:00:00,24.9682002899784,26.3302819511912,0.0,0.1597222222222222,7.1,89,28,1.4,27,8.9,11.6,13.6,0.0,0.0,0.0,8.0,92.0,0.0,0.0,0.0,186.0,0.0,101400.0
2025-01-17 23:00:00,25.0468859578025,26.1315447041692,0.0,0.1599049707602339,6.2,91,54,3.0,259,8.4,11.5,13.6,0.0,0.0,0.0,7.0,93.0,0.0,0.0,0.0,198.0,0.0,101390.0
2025-01-18 00:00:00,25.1346046932658,26.4326578906559,0.0,0.1600877192982456,6.7,92,46,5.5,241,8.3,11.3,13.6,0.0,0.0,0.0,6.0,95.0,0.0,0.0,0.0,186.0,0.0,101380.0
2025-01-18 01:00:00,24.810528765846,26.2130794849856,0.0,0.1602704678362573,7.4,90,60,4.4,240,8.8,11.4,13.6,0.0,0.0,0.0,7.0,95.0,0.0,0.0,0.0,210.0,0.0,101360.0
2025-01-18 02:00:00,25.1043436087601,26.4221649374655,0.0,0.160453216374269,7.6,91,48,6.5,233,8.7,11.3,13.6,0.0,0.0,0.0,7.0,94.0,0.0,0.0,0.0,234.0,0.0,101300.0
2025-01-18 03:00:00,24.913957340656,26.3130509116806,0.0,0.1606359649122807,7.4,90,60,7.7,241,8.5,11.2,13.6,0.0,0.0,0.0,8.0,92.0,0.0,0.0,2.0,258.0,0.0,101270.0
2025-01-18 04:00:00,24.8602907792685,26.2715481237835,0.0,0.1608187134502924,6.9,92,81,7.1,243,8.2,11.0,13.6,0.0,0.0,0.0,8.0,90.0,0.0,0.0,2.0,228.0,0.0,101260.0
2025-01-18 05:00:00,25.1091872852166,26.3007813423029,0.0,0.1610014619883041,6.7,92,100,6.7,233,8.0,10.9,13.6,0.0,0.0,0.0,8.0,89.0,0.0,0.0,0.0,258.0,0.0,101230.0
2025-01-18 06:00:00,24.8845231091837,26.3401403690493,0.0,0.1611842105263158,7.3,90,100,7.9,233,8.0,10.8,13.6,0.0,0.0,0.0,9.0,91.0,0.0,0.0,1.0,246.0,0.0,101230.0
2025-01-18 07:00:00,25.01467373328,26.168194574153,0.0,0.16136695906432746,7.2,90,100,8.5,231,8.0,10.7,13.6,0.0,0.0,0.0,8.0,92.0,0.0,0.0,0.0,171.0,0.0,101270.0
2025-01-18 08:00:00,25.0036166527924,26.2456077626634,0.0,0.16154970760233917,7.7,89,100,9.3,232,8.1,10.6,13.6,0.0,0.0,0.02,8.0,93.0,320.0,0.0,0.0,180.0,0.0,101290.0
2025-01-18 09:00:00,25.0743522632772,26.3660173050437,0.0,0.16173245614035087,8.8,87,100,10.1,221,8.6,10.5,13.6,0.3,0.3,0.04,8.0,93.0,6584.0,0.0,0.0,270.0,0.0,101330.0
2025-01-18 10:00:00,24.9857785250098,26.2151026260922,0.0,0.16191520467836257,9.5,90,100,9.9,221,9.1,10.5,13.6,0.9,0.9,0.05,9.0,91.0,12210.0,1.0,0.0,276.0,0.0,101390.0
2025-01-18 11:00:00,24.8452900079156,26.2192574150475,0.0,0.16209795321637427,9.9,90,100,9.2,218,9.5,10.4,13.6,1.4,1.4,0.05,9.0,91.0,13395.0,0.5,0.5,285.0,0.5,101405.0
2025-01-18 12:00:00,25.0897583977227,26.1345848811804,0.0,0.16228070175438597,9.9,91,100,9.3,231,9.9,10.5,13.5,0.6,0.6,0.06,9.0,91.0,14580.0,0.0,1.0,294.0,1.0,101420.0
2025-01-18 13:00:00,25.1747493962362,26.5077798758504,0.0,0.16246345029239764,12.1,78,100,8.6,256,11.4,10.7,13.5,0.2,0.2,0.13,10.0,91.0,23126.0,1.0,2.0,270.0,1.0,101370.0
2025-01-18 14:00:00,25.4183490104433,26.4669186922898,0.0,0.16264619883040934,12.7,72,99,4.2,297,12.1,10.9,13.5,0.1,0.1,0.15,11.0,89.0,34004.0,2.0,3.0,258.0,0.0,101270.0
2025-01-18 15:00:00,25.4901365512944,26.5088567748252,0.0,0.16282894736842105,13.2,70,87,1.4,27,12.8,11.0,13.5,0.0,0.0,0.14,11.0,85.0,27023.0,2.0,2.0,264.0,0.0,101200.0
2025-01-18 16:00:00,25.4870170220368,26.4904793226575,0.0,0.16301169590643275,13.2,70,30,2.1,12,13.0,11.2,13.5,0.0,0.0,0.11,12.0,84.0,26096.0,1.0,2.0,223.0,0.0,101170.0
2025-01-18 17:00:00,25.3026380179617,26.3416822125147,0.0,0.16319444444444445,11.6,81,68,2.9,33,12.5,11.3,13.5,0.0,0.0,0.04,12.0,85.0,12668.0,1.0,0.0,198.0,0.0,101190.0
2025-01-18 18:00:00,25.4048721136933,26.3812767678821,0.0,0.16337719298245612,10.5,82,80,1.7,71,11.6,11.4,13.5,0.0,0.0,0.02,12.0,80.0,6357.0,0.0,0.0,258.0,0.0,101220.0
2025-01-18 19:00:00,25.2738063045835,26.5785036447212,0.0,0.16355994152046782,9.6,86,100,3.2,174,10.9,11.4,13.5,0.0,0.0,0.0,11.0,86.0,162.0,0.0,0.0,228.0,0.0,101250.0
2025-01-18 20:00:00,25.2047065236904,26.4125373699599,0.0,0.16374269005847952,9.0,89,4,3.7,210,10.4,11.4,13.5,0.0,0.0,0.0,10.0,89.0,0.0,0.0,0.0,192.0,0.0,101280.0
2025-01-18 21:00:00,25.272627642364,26.3886477866025,0.0,0.16392543859649122,7.3,94,0,5.0,235,9.7,11.4,13.5,0.0,0.0,0.0,9.0,93.0,0.0,0.0,0.0,210.0,0.0,101300.0
2025-01-18 22:00:00,25.4086419231439,26.3613804606739,0.0,0.16410818713450293,6.6,94,0,6.1,237,9.1,11.3,13.5,0.0,0.0,0.0,9.0,94.0,0.0,0.0,0.0,210.0,0.0,101270.0
2025-01-18 23:00:00,25.420910383833,26.2760447020268,0.0,0.1642909356725146,6.1,93,0,6.4,223,8.6,11.2,13.5,0.0,0.0,0.0,8.0,93.0,0.0,0.0,0.0,180.0,0.0,101250.0
2025-01-19 00:00:00,25.62733407318,26.367189986358,0.0,0.1644736842105263,5.6,94,0,7.0,218,8.1,11.0,13.5,0.0,0.0,0.0,7.0,94.0,0.0,0.0,1.0,186.0,0.0,101250.0
2025-01-19 01:00:00,25.4497209028275,26.2597155983322,0.0,0.164656432748538,5.1,95,0,5.3,224,8.2,10.8,13.5,0.0,0.0,0.0,7.0,94.0,0.0,0.0,1.0,186.0,0.0,101230.0
2025-01-19 02:00:00,25.3226390268749,26.2733335671579,0.0,0.1648391812865497,4.9,95,1,4.9,236,7.7,10.6,13.5,0.0,0.0,0.0,6.0,92.0,0.0,0.0,0.0,198.0,0.0,101190.0
2025-01-19 03:00:00,25.3825560365144,26.2649308754878,0.0,0.1650219298245614,4.7,94,1,4.6,240,7.3,10.5,13.5,0.0,0.0,0.0,5.0,92.0,0.0,0.0,1.0,192.0,0.0,101150.0
2025-01-19 04:00:00,25.428707575821,26.0313287236834,0.0,0.16520467836257308,4.5,93,1,4.4,219,6.9,10.3,13.5,0.0,0.0,0.0,6.0,91.0,0.0,0.0,1.0,180.0,0.0,101130.0
2025-01-19 05:00:00,25.4080881680684,26.0483817420446,0.0,0.16538742690058478,4.3,93,2,5.4,219,6.6,10.2,13.4,0.0,0.0,0.0,6.0,92.0,0.0,0.0,1.0,198.0,0.0,101100.0
2025-01-19 06:00:00,25.5018504003449,26.2728332126284,0.0,0.16557017543859648,4.2,93,5,5.4,201,6.4,10.0,13.4,0.0,0.0,0.0,4.0,94.0,0.0,0.0,1.0,186.0,0.0,101050.0
2025-01-19 07:00:00,25.3488435362889,26.3137803256235,0.0,0.16575292397660818,4.0,92,5,4.8,194,6.1,9.9,13.4,0.0,0.0,0.0,4.0,92.0,0.0,0.0,0.0,192.0,0.0,101060.0
2025-01-19 08:00:00,25.3837232169744,26.2576829364859,0.0,0.16593567251461988,5.3,89,2,7.4,224,6.2,9.7,13.4,0.0,0.0,0.01,4.0,92.0,0.0,0.0,1.0,180.0,0.0,101030.0
2025-01-19 09:00:00,25.5061000805895,26.1805163655284,0.0,0.16611842105263158,9.4,80,0,8.4,233,7.3,9.6,13.4,0.0,0.0,0.07,5.0,91.0,2306.0,0.0,0.0,186.0,0.0,101050.0
2025-01-19 10:00:00,25.4002345527149,26.2433608849464,0.0,0.16630116959064326,12.7,68,0,7.7,254,9.2,9.6,13.4,0.0,0.0,0.16,8.0,87.0,6658.0,0.0,1.0,216.0,0.0,101080.0
2025-01-19 11:00:00,25.2948179253267,26.0316160929578,0.0,0.16648391812865496,14.6,58,0,7.0,261,11.1,9.7,13.4,0.0,0.0,0.24,10.0,84.0,25020.0,2.0,2.0,256.0,0.0,101100.0
2025-01-19 12:00:00,25.1339303121593,25.947020014104,0.0,0.16666666666666666,15.9,54,0,4.9,267,12.9,9.9,13.4,0.0,0.0,0.3,11.0,79.0,43013.0,3.0,2.0,258.0,0.0,101100.0
2025-01-19 13:00:00,25.3063082497781,26.014627212631,0.0,0.16684941520467836,16.9,51,0,4.4,286,13.9,10.2,13.4,0.0,0.0,0.32,13.0,74.0,52012.0,3.0,2.0,288.0,0.0,101010.0
2025-01-19 14:00:00,25.2740466426915,25.870514610623,0.0,0.16703216374269006,17.3,46,0,6.0,298,14.9,10.5,13.3,0.0,0.0,0.3,14.0,67.0,52690.0,3.0,2.0,263.0,0.0,100910.0
2025-01-19 15:00:00,25.3379057313942,26.1407221850523,0.0,0.16721491228070173,17.3,44,0,5.2,310,15.3,10.9,13.3,0.0,0.0,0.24,16.0,60.0,46304.0,3.0,2.0,276.0,0.0,100830.0
2025-01-19 16:00:00,25.2655291608298,25.9606396373065,0.0,0.16739766081871343,16.3,53,77,6.4,10,15.1,11.2,13.3,0.0,0.0,0.16,16.0,56.0,31237.0,2.0,2.0,264.0,0.0,100790.0
2025-01-19 17:00:00,25.2638979409419,25.9090024055469,0.0,0.16758040935672514,13.0,74,66,5.9,59,14.0,11.5,13.3,0.0,0.0,0.05,17.0,49.0,13651.0,1.0,1.0,195.0,0.0,100790.0
2025-01-19 18:00:00,25.2300756919662,25.7494180626628,0.0,0.16776315789473684,10.9,79,92,2.2,78,12.4,11.6,13.3,0.0,0.0,0.01,16.0,53.0,4848.0,0.0,1.0,308.0,0.0,100820.0
2025-01-19 19:00:00,25.1289993390194,25.6610404333634,0.0,0.16794590643274854,10.3,80,100,0.9,90,11.1,11.6,13.3,0.0,0.0,0.0,12.0,79.0,0.0,0.0,0.0,54.0,0.0,100880.0
2025-01-19 20:00:00,25.1637701575703,25.6838117255401,0.0,0.16812865497076024,10.4,79,100,2.7,185,10.5,11.6,13.3,0.0,0.0,0.0,10.0,86.0,0.0,0.0,0.0,186.0,0.0,100970.0
2025-01-19 21:00:00,25.0636267306273,25.565044218596,0.0,0.1683114035087719,10.9,74,82,2.0,189,10.3,11.6,13.3,0.0,0.0,0.0,10.0,87.0,0.0,0.0,2.0,167.0,0.0,100990.0
2025-01-19 22:00:00,25.1359054447004,25.4878866529633,0.0,0.1684941520467836,9.6,77,66,4.5,235,9.8,11.5,13.3,0.0,0.0,0.0,10.0,88.0,0.0,0.0,0.0,174.0,0.0,100970.0
2025-01-19 23:00:00,24.9645527684685,25.4393498740562,0.0,0.16867690058479531,8.6,78,4,5.7,233,9.3,11.4,13.3,0.0,0.0,0.0,9.0,89.0,0.0,0.0,0.0,276.0,0.0,100960.0
2025-01-20 00:00:00,24.8082247578366,25.2721870112664,0.0,0.16885964912280702,7.4,76,0,6.1,230,8.8,11.3,13.3,0.0,0.0,0.0,8.0,92.0,0.0,0.0,0.0,192.0,0.0,100990.0
2025-01-20 01:00:00,24.9448074584975,25.460882287817,0.0,0.16904239766081872,7.7,71,0,5.6,232,9.5,11.5,13.3,0.0,0.0,0.0,9.0,89.0,0.0,0.0,0.0,186.0,0.0,100950.0
2025-01-20 02:00:00,25.1773209170557,25.5720003964878,0.0,0.1692251461988304,6.9,73,0,5.5,231,8.9,11.4,13.3,0.0,0.0,0.0,7.0,89.0,0.0,0.0,1.0,186.0,0.0,100940.0
2025-01-20 03:00:00,24.8036173711335,25.680898702715,0.0,0.1694078947368421,6.3,76,2,5.7,228,8.4,11.3,13.3,0.0,0.0,0.0,8.0,81.0,0.0,0.0,1.0,216.0,0.0,100910.0
2025-01-20 04:00:00,25.0273826507825,25.4287976670248,0.0,0.1695906432748538,5.7,79,0,5.7,213,8.0,11.1,13.3,0.0,0.0,0.0,7.0,85.0,0.0,0.0,1.0,180.0,0.0,100880.0
2025-01-20 05:00:00,25.0692689702895,25.2889593905692,0.0,0.1697733918128655,5.4,82,0,5.7,201,7.7,11.0,13.3,0.0,0.0,0.0,8.0,81.0,0.0,0.0,1.0,186.0,0.0,100880.0
2025-01-20 06:00:00,24.9877582359497,25.2412396635162,0.0,0.1699561403508772,5.4,83,0,5.9,206,7.4,10.8,13.3,0.0,0.0,0.0,8.0,79.0,0.0,0.0,2.0,188.0,0.0,100860.0
2025-01-20 07:00:00,24.7911401519234,25.3560899324449,0.0,0.17013888888888887,5.5,84,0,5.7,211,7.1,10.6,13.3,0.0,0.0,0.0,7.0,82.0,0.0,0.0,1.0,192.0,0.0,100850.0
2025-01-20 08:00:00,24.9880174399642,25.2930977186829,0.0,0.17032163742690057,7.2,80,0,5.6,204,7.2,10.5,13.3,0.0,0.0,0.02,7.0,83.0,0.0,0.0,1.0,192.0,0.0,100860.0
2025-01-20 09:00:00,24.7346250910179,25.4633852542922,0.0,0.17050438596491227,11.7,71,49,7.0,217,8.5,10.4,13.3,0.0,0.0,0.08,8.0,79.0,4937.0,0.0,1.0,210.0,0.0,100890.0
2025-01-20 10:00:00,25.0830675180541,25.292887526624,0.0,0.17068713450292397,15.6,57,98,6.8,252,10.4,10.4,13.3,0.0,0.0,0.18,11.0,74.0,13523.0,1.0,2.0,222.0,0.0,100900.0
2025-01-20 11:00:00,25.1369413023746,25.4536763075901,0.0,0.17086988304093567,17.9,47,100,7.3,254,12.4,10.5,13.3,0.0,0.0,0.27,13.0,66.0,28732.0,2.0,4.0,288.0,0.0,100950.0
2025-01-20 12:00:00,25.0093692781519,25.3176873364906,0.0,0.17105263157894735,19.3,39,100,8.7,243,13.8,10.7,13.3,0.0,0.0,0.3,15.0,60.0,34144.0,1.0,4.0,256.0,0.0,100920.0
2025-01-20 13:00:00,24.9348157499174,25.142051472105,0.0,0.17123538011695905,20.7,33,81,10.1,245,14.9,11.0,13.3,0.0,0.0,0.37,15.0,58.0,30300.0,2.0,2.0,258.0,0.0,100830.0
2025-01-20 14:00:00,24.8849749963549,25.2167996924978,0.0,0.17141812865497075,21.3,31,68,10.5,239,15.9,11.3,13.3,0.0,0.0,0.36,17.0,52.0,32988.0,2.0,3.0,252.0,0.0,100710.0
2025-01-20 15:00:00,25.0451436616628,25.2539835161674,0.0,0.17160087719298245,21.5,35,98,8.2,243,16.4,11.7,13.3,0.0,0.0,0.29,19.0,45.0,47883.0,2.0,1.0,251.0,0.0,100590.0
2025-01-20 16:00:00,24.9641759193624,25.2546369065108,0.0,0.17178362573099415,20.1,47,100,3.8,294,16.4,12.0,13.3,0.0,0.0,0.17,19.0,43.0,28358.0,2.0,2.0,264.0,0.0,100560.0
2025-01-20 17:00:00,25.1889063813325,25.3109197976328,0.0,0.17196637426900585,16.7,62,100,4.2,2,15.6,12.3,13.3,0.0,0.0,0.06,19.0,43.0,8248.0,1.0,1.0,258.0,0.0,100550.0
2025-01-20 18:00:00,24.8105462333362,25.100650059416,0.0,0.17214912280701752,14.0,75,100,5.5,53,14.2,12.4,13.3,0.0,0.0,0.03,18.0,56.0,2487.0,0.0,0.0,198.0,0.0,100560.0
2025-01-20 19:00:00,24.9180727414267,25.0793793215768,0.0,0.17233187134502922,13.2,75,100,2.8,29,13.1,12.5,13.3,0.0,0.0,0.0,16.0,57.0,0.0,0.0,1.0,168.0,0.0,100580.0
2025-01-20 20:00:00,24.9688399614591,24.9332659188251,0.0,0.17251461988304093,13.6,73,100,0.9,62,12.7,12.6,13.3,0.0,0.0,0.0,14.0,73.0,0.0,0.0,0.0,126.0,0.0,100600.0
2025-01-20 21:00:00,24.8132451960187,24.940338322657,0.0,0.17269736842105263,13.1,72,100,0.4,78,12.1,12.6,13.3,0.0,0.0,0.0,14.0,74.0,0.0,0.0,1.0,131.0,0.0,100600.0
2025-01-20 22:00:00,24.9653345919663,25.0784251475821,0.0,0.17288011695906433,11.8,76,99,2.2,343,11.4,12.5,13.3,0.0,0.0,0.0,13.0,81.0,0.0,0.0,0.0,178.0,0.0,100600.0
2025-01-20 23:00:00,24.711689899024,24.8928390226184,0.0,0.173062865497076,10.6,75,100,3.0,227,10.8,12.4,13.3,0.0,0.0,0.0,12.0,83.0,0.0,0.0,0.0,184.0,0.0,100570.0
2025-01-21 00:00:00,24.7449275915858,25.0758761154711,0.0,0.1732456140350877,9.9,73,95,3.0,270,10.4,12.3,13.3,0.0,0.0,0.0,11.0,84.0,0.0,0.0,0.0,161.0,0.0,100620.0
2025-01-21 01:00:00,24.7857837168171,24.9153849893582,0.0,0.1734283625730994,10.1,77,100,1.7,170,10.7,12.6,13.3,0.0,0.0,0.0,9.0,86.0,0.0,0.0,0.0,160.0,0.0,100580.0
2025-01-21 02:00:00,24.99494647505,24.8738730843616,0.0,0.1736111111111111,9.3,78,100,1.3,22,10.2,12.5,13.3,0.0,0.0,0.0,9.0,86.0,0.0,0.0,0.0,188.0,0.0,100540.0
2025-01-21 03:00:00,24.683416316529,24.9718967970019,0.0,0.1737938596491228,9.0,79,99,1.1,9,9.8,12.3,13.3,0.0,0.0,0.0,8.0,89.0,0.0,0.0,0.0,60.0,0.0,100520.0
2025-01-21 04:00:00,24.6186033301889,24.8448909385512,0.0,0.1739766081871345,9.1,78,99,0.7,42,9.6,12.2,13.3,0.0,0.0,0.0,9.0,86.0,0.0,0.0,0.0,186.0,0.0,100510.0
2025-01-21 05:00:00,24.8555756348405,24.8933255625744,0.0,0.17415935672514618,8.6,80,100,2.3,300,9.3,12.0,13.3,0.0,0.0,0.0,8.0,84.0,0.0,0.0,0.0,168.0,0.0,100470.0
2025-01-21 06:00:00,24.8003167440224,24.8944011000734,0.0,0.17434210526315788,8.3,80,100,3.5,221,9.1,11.9,13.3,0.0,0.0,0.0,9.0,80.0,0.0,0.0,2.0,173.0,0.0,100470.0
2025-01-21 07:00:00,24.9631923284189,24.835062490456,0.0,0.17452485380116958,8.5,77,100,4.5,213,9.0,11.7,13.3,0.0,0.0,0.0,11.0,69.0,0.0,0.0,1.0,192.0,0.0,100530.0
2025-01-21 08:00:00,24.7874862312711,24.7015944376397,0.0,0.17470760233918128,10.0,73,99,6.0,226,9.1,11.6,13.3,0.0,0.0,0.03,10.0,72.0,0.0,0.0,1.0,186.0,0.0,100570.0
2025-01-21 09:00:00,24.7512420614495,24.8141144335334,0.0,0.17489035087719298,13.9,68,100,7.8,234,10.2,11.5,13.3,0.0,0.0,0.08,11.0,72.0,5384.0,0.0,2.0,178.0,0.0,100580.0
2025-01-21 10:00:00,24.7629747091355,24.6962803649163,0.0,0.17507309941520466,18.1,57,100,7.2,242,12.0,11.5,13.3,0.0,0.0,0.17,15.0,57.0,21984.0,1.0,3.0,212.0,0.0,100610.0
2025-01-21 11:00:00,24.7680527348209,24.8024734019069,0.0,0.17525584795321636,20.5,45,99,6.3,270,13.8,11.7,13.3,0.0,0.0,0.26,17.0,50.0,27092.0,1.0,4.0,234.0,0.0,100630.0
2025-01-21 12:00:00,24.715337187007,24.6510147990563,0.0,0.17543859649122806,21.8,41,100,4.1,305,15.5,11.9,13.3,0.0,0.0,0.31,18.0,49.0,38233.0,3.0,3.0,234.0,0.0,100590.0
2025-01-21 13:00:00,24.8035298316066,24.7297962279488,0.0,0.17562134502923976,22.7,42,99,5.3,328,16.2,12.0,13.3,0.0,0.0,0.35,19.0,47.0,48945.0,3.0,3.0,240.0,0.0,100490.0
2025-01-21 14:00:00,24.6683608458673,24.5503268708742,0.0,0.17580409356725146,22.9,41,93,4.2,337,17.3,12.4,13.3,0.0,0.0,0.32,22.0,39.0,45550.0,3.0,4.0,272.0,0.0,100390.0
2025-01-21 15:00:00,24.6744282791959,24.47869230923,0.0,0.17598684210526314,22.7,44,87,4.6,36,17.9,12.7,13.3,0.0,0.0,0.27,23.0,37.0,39221.0,3.0,1.0,227.0,0.0,100320.0
2025-01-21 16:00:00,24.7914571988391,24.5550517697922,0.0,0.17616959064327484,21.3,53,96,5.0,49,17.8,13.1,13.3,0.0,0.0,0.17,25.0,32.0,27560.0,2.0,0.0,124.0,0.0,100250.0
2025-01-21 17:00:00,24.6392352307023,24.5030749394478,0.0,0.17635233918128654,17.6,66,89,5.9,83,16.8,13.3,13.4,0.0,0.0,0.07,25.0,33.0,10305.0,0.0,1.0,131.0,0.0,100250.0
2025-01-21 18:00:00,24.5399597903695,24.5565739852649,0.0,0.17653508771929824,15.9,68,84,2.4,80,15.2,13.5,13.4,0.0,0.0,0.02,23.0,37.0,2384.0,0.0,0.0,152.0,0.0,100280.0
2025-01-21 19:00:00,24.6622906767913,24.531658824703,0.0,0.17671783625730994,15.4,69,100,1.1,74,14.0,13.6,13.4,0.0,0.0,0.0,18.0,62.0,0.0,0.0,0.0,7.0,0.0,100310.0
2025-01-21 20:00:00,24.6121705709669,24.4778575553026,0.0,0.1769005847953216,15.2,67,87,0.8,63,13.0,13.5,13.4,0.0,0.0,0.0,15.0,69.0,0.0,0.0,0.0,173.0,0.0,100340.0
2025-01-21 21:00:00,24.6437687832012,24.4126504033708,0.0,0.17708333333333331,13.5,71,83,0.4,63,12.2,13.5,13.4,0.0,0.0,0.0,13.0,75.0,0.0,0.0,0.0,192.0,0.0,100370.0
2025-01-21 22:00:00,24.6766950262567,24.3198233121108,0.0,0.17726608187134502,11.7,71,63,6.2,257,11.7,13.4,13.4,0.0,0.0,0.01,13.0,76.0,0.0,0.0,0.0,72.0,0.0,100340.0
2025-01-21 23:00:00,24.5914891298019,24.6268027670767,0.0,0.17744883040935672,11.5,67,0,7.9,255,11.4,13.3,13.4,0.0,0.0,0.02,12.0,74.0,0.0,0.0,0.0,222.0,0.0,100370.0
2025-01-22 00:00:00,24.708987824254,24.3855158964826,0.0,0.17763157894736842,10.7,68,0,7.2,240,11.1,13.1,13.4,0.0,0.0,0.01,13.0,72.0,0.0,0.0,2.0,162.0,0.0,100420.0
2025-01-22 01:00:00,24.629751915738,24.259763657516,0.0,0.17781432748538012,10.6,70,6,6.1,254,10.3,13.1,13.4,0.0,0.0,0.01,11.0,85.0,0.0,0.0,1.0,176.0,0.0,100390.0
2025-01-22 02:00:00,24.5223019353832,24.4109712360059,0.0,0.1779970760233918,10.1,70,39,6.4,248,10.1,13.0,13.4,0.0,0.0,0.01,10.0,82.0,0.0,0.0,0.0,180.0,0.0,100360.0
2025-01-22 03:00:00,24.6559247256305,24.3884185843772,0.0,0.1781798245614035,9.8,70,64,6.6,233,9.8,12.8,13.5,0.0,0.0,0.01,10.0,82.0,0.0,0.0,0.0,216.0,0.0,100320.0
2025-01-22 04:00:00,24.3884498394587,24.2361914400946,0.0,0.1783625730994152,9.6,71,100,7.0,228,9.8,12.6,13.5,0.0,0.0,0.01,8.0,86.0,0.0,0.0,0.0,179.0,0.0,100300.0
2025-01-22 05:00:00,24.5773691673976,24.2550985018894,0.0,0.1785453216374269,9.1,72,100,7.1,222,9.7,12.4,13.5,0.0,0.0,0.01,9.0,80.0,0.0,0.0,0.0,192.0,0.0,100250.0
2025-01-22 06:00:00,24.5573447312052,24.384085265694,0.0,0.1787280701754386,8.8,71,100,6.9,216,9.5,12.3,13.5,0.0,0.0,0.01,11.0,71.0,0.0,0.0,1.0,198.0,0.0,100220.0
2025-01-22 07:00:00,24.6347836380483,24.4839180481343,0.0,0.17891081871345027,8.7,68,100,7.5,211,9.4,12.1,13.5,0.0,0.0,0.01,10.0,77.0,0.0,0.0,2.0,178.0,0.0,100240.0
2025-01-22 08:00:00,24.4584760733114,24.3035128425088,0.0,0.17909356725146197,9.9,65,100,8.2,208,9.5,12.0,13.5,0.0,0.0,0.04,12.0,64.0,273.0,0.0,4.0,228.0,0.0,100280.0
2025-01-22 09:00:00,24.4092535780955,24.2030255308481,0.0,0.17927631578947367,14.0,60,100,8.9,200,10.4,11.9,13.5,0.0,0.0,0.1,12.0,63.0,6308.0,0.0,2.0,240.0,0.0,100300.0
2025-01-22 10:00:00,24.3022148154928,24.158274025104,0.0,0.17945906432748537,18.2,53,100,7.4,207,12.2,11.9,13.5,0.0,0.0,0.19,13.0,59.0,16112.0,1.0,3.0,233.0,0.0,100340.0
2025-01-22 11:00:00,24.6133180145154,24.1047869569524,0.0,0.17964181286549707,20.8,41,98,6.7,238,14.0,12.0,13.5,0.0,0.0,0.27,16.0,52.0,18232.0,1.0,2.0,238.0,0.0,100370.0
2025-01-22 12:00:00,24.6030345205386,24.0770914295424,0.0,0.17982456140350878,22.4,35,100,8.8,250,15.7,12.2,13.5,0.0,0.0,0.35,18.0,48.0,52985.0,3.0,3.0,268.0,0.0,100330.0
2025-01-22 13:00:00,24.5379407154061,24.2372283894689,0.0,0.18000730994152045,23.3,31,100,10.6,243,17.0,12.7,13.5,0.0,0.0,0.38,20.0,40.0,40553.0,2.0,4.0,272.0,0.0,100240.0
2025-01-22 14:00:00,24.5219792968925,24.0947605022736,0.0,0.18019005847953215,23.4,32,100,8.2,255,17.8,13.0,13.5,0.0,0.0,0.34,21.0,38.0,37021.0,2.0,3.0,272.0,0.0,100140.0
2025-01-22 15:00:00,24.5204528406932,24.0458817187128,0.0,0.18037280701754385,22.9,39,100,4.3,293,18.0,13.4,13.5,0.0,0.0,0.24,22.0,32.0,29544.0,1.0,3.0,272.0,0.0,100080.0
2025-01-22 16:00:00,24.3770093435112,23.94926475542,0.0,0.18055555555555555,21.6,57,99,2.7,339,18.0,13.7,13.5,0.0,0.0,0.14,22.0,33.0,25841.0,1.0,2.0,263.0,0.0,100060.0
2025-01-22 17:00:00,24.4546669194121,24.1828582404587,0.0,0.18073830409356725,19.5,50,97,1.0,32,17.1,13.9,13.5,0.0,0.0,0.05,22.0,32.0,8768.0,1.0,2.0,246.0,0.0,100060.0
2025-01-22 18:00:00,24.3919908592526,24.1547651545286,0.0,0.18092105263157893,17.5,53,96,1.7,44,15.6,14.0,13.5,0.0,0.0,0.02,21.0,37.0,2145.0,0.0,0.0,198.0,0.0,100060.0
2025-01-22 19:00:00,24.2795636331111,24.1706879395267,0.0,0.18110380116959063,16.7,56,97,1.2,66,14.5,14.1,13.5,0.0,0.0,0.0,16.0,55.0,0.0,0.0,1.0,179.0,0.0,100080.0
2025-01-22 20:00:00,24.4595225941779,23.831470114731,0.0,0.18128654970760233,16.4,58,100,1.0,53,13.7,14.1,13.5,0.0,0.0,0.0,15.0,60.0,0.0,0.0,0.0,174.0,0.0,100120.0
2025-01-22 21:00:00,24.6792352039398,23.8641852424944,0.0,0.18146929824561403,15.8,57,99,0.5,33,13.1,14.0,13.6,0.0,0.0,0.0,14.0,61.0,0.0,0.0,0.0,170.0,0.0,100150.0
2025-01-22 22:00:00,24.2436731273679,23.9899095490861,0.0,0.18165204678362573,14.6,58,95,2.5,315,12.6,13.9,13.6,0.0,0.0,0.0,11.0,68.0,0.0,0.0,1.0,180.0,0.0,100170.0
2025-01-22 23:00:00,24.5087706453134,24.0277153548706,0.0,0.1818347953216374,12.8,60,78,5.3,254,12.1,13.8,13.6,0.0,0.0,0.01,12.0,67.0,0.0,0.0,0.0,210.0,0.0,100210.0
2025-01-23 00:00:00,24.3736550445518,23.8558133335607,0.0,0.1820175438596491,11.1,64,33,6.7,241,11.7,13.7,13.6,0.0,0.0,0.02,11.0,67.0,0.0,0.0,1.0,188.0,0.0,100240.0
2025-01-23 01:00:00,24.4850698652965,23.956604452645,0.0,0.1822002923976608,11.5,60,26,7.7,238,11.2,13.6,13.6,0.0,0.0,0.03,10.0,71.0,0.0,0.0,0.0,264.0,0.0,100260.0
2025-01-23 02:00:00,24.3949578903474,23.991220920887,0.0,0.1823830409356725,9.8,64,15,9.6,232,10.9,13.4,13.6,0.0,0.0,0.03,10.0,67.0,0.0,0.0,2.0,192.0,0.0,100280.0
2025-01-23 03:00:00,24.48953989383,23.9329504767075,0.0,0.1825657894736842,9.3,65,5,6.6,241,10.7,13.3,13.6,0.0,0.0,0.01,10.0,68.0,0.0,0.0,1.0,169.0,0.0,100300.0
2025-01-23 04:00:00,24.317153292121,24.0110591274334,0.0,0.18274853801169588,9.2,64,29,7.3,233,10.3,13.1,13.6,0.0,0.0,0.02,9.0,73.0,0.0,0.0,1.0,173.0,0.0,100320.0
2025-01-23 05:00:00,24.5365104684913,23.7526031636806,0.0,0.18293128654970758,9.9,61,58,7.6,234,10.1,12.9,13.6,0.0,0.0,0.02,9.0,66.0,0.0,0.0,0.0,192.0,0.0,100370.0
2025-01-23 06:00:00,24.2917693101985,23.9395198300456,0.0,0.18311403508771928,10.6,59,2,11.2,237,10.1,12.8,13.6,0.0,0.0,0.04,10.0,64.0,0.0,0.0,2.0,222.0,0.0,100410.0
2025-01-23 07:00:00,24.1967717791698,23.8598758922511,0.0,0.18329678362573099,11.0,55,0,10.7,230,10.2,12.6,13.6,0.0,0.0,0.04,8.0,69.0,0.0,0.0,0.0,177.0,0.0,100510.0
2025-01-23 08:00:00,24.2045537707177,23.7346771235031,0.0,0.1834795321637427,11.7,57,0,9.7,231,10.3,12.5,13.6,0.0,0.0,0.05,11.0,62.0,642.0,0.0,2.0,192.0,0.0,100570.0
2025-01-23 09:00:00,24.1615849192504,23.8491633548206,0.0,0.1836622807017544,15.0,55,0,11.3,239,11.3,12.4,13.6,0.0,0.0,0.12,12.0,59.0,6816.0,0.0,1.0,198.0,0.0,100630.0
2025-01-23 10:00:00,24.2461555352644,23.7915607946109,0.0,0.18384502923976606,18.1,48,0,11.6,243,12.9,12.4,13.6,0.0,0.0,0.22,15.0,53.0,20971.0,1.0,3.0,276.0,0.0,100680.0
2025-01-23 11:00:00,24.2279503798771,23.8203420048434,0.0,0.18402777777777776,20.6,40,0,12.4,243,14.6,12.5,13.6,0.0,0.0,0.33,17.0,45.0,39164.0,2.0,4.0,188.0,0.0,100730.0
2025-01-23 12:00:00,24.3254910418544,23.6422899080794,0.0,0.18421052631578946,22.0,37,0,12.0,250,16.2,12.7,13.6,0.0,0.0,0.39,19.0,43.0,49656.0,3.0,3.0,262.0,0.0,100700.0
2025-01-23 13:00:00,24.2882906896262,23.7550298637997,0.0,0.18439327485380116,22.8,36,0,7.9,282,17.1,12.9,13.6,0.0,0.0,0.39,21.0,39.0,53841.0,4.0,3.0,288.0,0.0,100600.0
2025-01-23 14:00:00,24.2042362615928,23.6193138126665,0.0,0.18457602339181287,22.9,34,0,6.6,327,18.0,13.2,13.6,0.0,0.0,0.37,22.0,33.0,49264.0,4.0,4.0,282.0,0.0,100570.0
2025-01-23 15:00:00,24.3321027902929,23.6834175864993,0.0,0.18475877192982454,22.6,35,0,5.8,31,18.4,13.6,13.7,0.0,0.0,0.3,24.0,30.0,38840.0,2.0,2.0,234.0,0.0,100540.0
2025-01-23 16:00:00,24.2827382412878,23.5529021437952,0.0,0.18494152046783624,21.3,50,0,4.8,43,18.2,13.9,13.7,0.0,0.0,0.19,21.0,51.0,20008.0,1.0,4.0,36.0,0.0,100550.0
2025-01-23 17:00:00,24.0617633152836,23.7227817193807,0.0,0.18512426900584794,17.9,66,0,4.4,60,17.2,14.1,13.7,0.0,0.0,0.07,20.0,45.0,6706.0,0.0,2.0,54.0,0.0,100590.0
2025-01-23 18:00:00,24.3667066857087,23.4512730562449,0.0,0.18530701754385964,15.5,69,0,3.6,81,15.6,14.2,13.7,0.0,0.0,0.02,18.0,52.0,687.0,0.0,2.0,126.0,0.0,100630.0
2025-01-23 19:00:00,24.1586161571341,23.3403367138802,0.0,0.18548976608187134,14.9,65,0,1.8,75,14.2,14.3,13.7,0.0,0.0,0.0,15.0,60.0,0.0,0.0,1.0,156.0,0.0,100670.0
2025-01-23 20:00:00,24.2588761285835,23.4040896688389,0.0,0.18567251461988304,14.4,63,0,1.2,52,13.1,14.2,13.7,0.0,0.0,0.0,13.0,68.0,0.0,0.0,1.0,169.0,0.0,100720.0
2025-01-23 21:00:00,24.2801488668479,23.5381266417845,0.0,0.18585526315789472,13.8,65,0,0.6,54,12.2,14.1,13.7,0.0,0.0,0.0,11.0,74.0,0.0,0.0,1.0,178.0,0.0,100800.0
2025-01-23 22:00:00,24.0545592676057,23.4346372660549,0.0,0.18603801169590642,12.8,72,0,1.8,354,11.6,13.9,13.7,0.0,0.0,0.0,10.0,78.0,0.0,0.0,0.0,122.0,0.0,100880.0
2025-01-23 23:00:00,24.1511709495817,23.5047971200728,0.0,0.18622076023391812,11.8,72,0,2.3,290,11.1,13.8,13.7,0.0,0.0,0.0,9.0,80.0,0.0,0.0,0.0,103.0,0.0,100940.0
2025-01-24 00:00:00,24.3593245752161,23.3675643416758,0.0,0.18640350877192982,11.0,70,0,2.6,292,10.6,13.6,13.7,0.0,0.0,0.0,9.0,80.0,0.0,0.0,0.0,180.0,0.0,100990.0
2025-01-24 01:00:00,24.2967794706198,23.3226760543897,0.0,0.18658625730994152,9.7,71,0,2.4,302,9.8,13.5,13.8,0.0,0.0,0.0,8.0,82.0,0.0,0.0,0.0,210.0,0.0,101020.0
2025-01-24 02:00:00,24.2289652271667,23.4519029850092,0.0,0.1867690058479532,9.1,70,0,3.7,265,9.5,13.3,13.8,0.0,0.0,0.0,8.0,81.0,0.0,0.0,0.0,180.0,0.0,101010.0
2025-01-24 03:00:00,23.9539070153811,23.3647270239159,0.0,0.1869517543859649,9.1,68,0,4.1,245,9.2,13.0,13.8,0.0,0.0,0.0,8.0,80.0,0.0,0.0,0.0,234.0,0.0,100990.0
2025-01-24 04:00:00,24.0921290761876,23.3012725996457,0.0,0.1871345029239766,8.8,69,0,3.2,267,8.9,12.8,13.8,0.0,0.0,0.0,7.0,82.0,0.0,0.0,0.0,174.0,0.0,100970.0
2025-01-24 05:00:00,24.1959100345443,23.3248445152593,0.0,0.1873172514619883,8.5,70,0,3.3,270,8.7,12.6,13.8,0.0,0.0,0.0,7.0,81.0,0.0,0.0,0.0,173.0,0.0,100940.0
2025-01-24 06:00:00,23.9219304128853,23.2732740616686,0.0,0.1875,7.9,72,0,5.4,260,8.5,12.4,13.8,0.0,0.0,0.0,6.0,82.0,0.0,0.0,1.0,174.0,0.0,100950.0
2025-01-24 07:00:00,24.0209118644849,23.0799431614066,0.0,0.18768274853801167,7.8,74,0,6.8,255,8.4,12.1,13.8,0.0,0.0,0.01,7.0,81.0,0.0,0.0,0.0,192.0,0.0,100980.0
2025-01-24 08:00:00,24.2631584575909,23.462054073715,0.0,0.18786549707602337,9.4,70,0,7.6,256,8.6,11.9,13.8,0.0,0.0,0.03,8.0,79.0,1663.0,0.0,1.0,228.0,0.0,101050.0
2025-01-24 09:00:00,23.9691871868668,23.415898374301,0.0,0.18804824561403508,13.3,61,0,8.6,257,9.9,11.8,13.8,0.0,0.0,0.1,9.5,75.0,4798.0,0.0,1.0,237.0,0.0,101060.0
2025-01-24 10:00:00,23.9684143905097,23.5325319799654,0.0,0.18823099415204678,16.3,56,0,6.2,283,11.8,11.8,13.8,0.0,0.0,0.19,11.0,71.0,7933.0,0.0,1.0,246.0,0.0,101070.0
2025-01-24 11:00:00,24.0808406258535,23.2268853117775,0.0,0.18841374269005848,18.3,45,0,5.9,308,13.7,11.9,13.8,0.0,0.0,0.29,13.0,59.0,24067.0,1.0,2.0,262.0,0.0,101130.0
2025-01-24 12:00:00,24.1132481809747,23.2591326972161,0.0,0.18859649122807015,19.6,41,0,6.3,319,15.4,12.1,13.8,0.0,0.0,0.35,16.0,47.0,42611.0,2.0,3.0,251.0,0.0,101140.0
2025-01-24 13:00:00,24.1605696518868,23.1453732642136,0.0,0.18877923976608185,20.4,43,0,7.4,355,16.2,12.4,13.8,0.0,0.0,0.37,19.0,39.0,52733.0,5.0,2.0,264.0,0.0,101080.0
2025-01-24 14:00:00,23.9872551071007,23.1616479660181,0.0,0.18896198830409355,20.6,43,0,9.0,7,17.1,12.7,13.8,0.0,0.0,0.36,20.0,35.0,55518.0,4.0,2.0,312.0,0.0,100960.0
2025-01-24 15:00:00,24.1189750056049,23.0877369175528,0.0,0.18914473684210525,19.9,47,0,10.3,17,17.5,13.0,13.8,0.0,0.0,0.29,22.0,32.0,50377.0,2.0,0.0,145.0,0.0,100830.0
2025-01-24 16:00:00,23.9741955552533,23.1148253607885,0.0,0.18932748538011696,18.1,53,0,8.6,32,17.2,13.3,13.8,0.0,0.0,0.19,23.0,31.0,36131.0,2.0,0.0,243.0,0.0,100750.0
2025-01-24 17:00:00,24.1841838976797,23.0751121562247,0.0,0.18951023391812866,14.9,67,0,5.1,45,16.2,13.5,13.8,0.0,0.0,0.07,21.0,48.0,17824.0,1.0,4.0,17.0,0.0,100710.0
2025-01-24 18:00:00,24.0385371167505,22.8754995226393,0.0,0.18969298245614033,13.2,66,0,2.2,38,14.5,13.7,13.8,0.0,0.0,0.02,19.0,51.0,5258.0,0.0,2.0,48.0,0.0,100710.0
2025-01-24 19:00:00,23.936636289873,23.0236100092676,0.0,0.18987573099415203,12.6,66,0,1.8,8,13.2,13.7,13.8,0.0,0.0,0.0,16.0,55.0,293.0,0.0,0.0,18.0,0.0,100710.0
2025-01-24 20:00:00,23.9101035770981,23.0522983014762,0.0,0.19005847953216373,11.4,69,0,2.4,320,12.2,13.6,13.8,0.0,0.0,0.0,13.0,66.0,0.0,0.0,0.0,24.0,0.0,100750.0
2025-01-24 21:00:00,24.0289818961832,22.9759910611061,0.0,0.19024122807017543,10.9,73,0,1.9,294,11.4,13.5,13.8,0.0,0.0,0.0,11.0,78.0,0.0,0.0,0.0,198.0,0.0,100800.0
2025-01-24 22:00:00,24.0936399285129,22.9763060385983,0.0,0.19042397660818713,9.8,80,0,5.6,277,10.8,13.3,13.8,0.0,0.0,0.0,10.0,78.0,0.0,0.0,0.0,186.0,0.0,100810.0
2025-01-24 23:00:00,23.9550210557662,22.9562517600228,0.0,0.1906067251461988,9.5,83,0,6.0,263,10.4,13.2,13.8,0.0,0.0,0.0,9.0,84.0,0.0,0.0,0.0,180.0,0.0,100790.0
2025-01-25 00:00:00,24.1425478680616,22.8788500217136,0.0,0.1907894736842105,9.3,80,0,6.5,262,10.1,13.0,13.8,0.0,0.0,0.0,9.0,93.0,0.0,0.0,0.0,180.0,0.0,100840.0
2025-01-25 01:00:00,24.2404326078387,23.1382450072031,0.0,0.1909722222222222,9.2,75,0,6.4,256,9.9,13.1,13.8,0.0,0.0,0.0,8.0,94.0,0.0,0.0,0.0,180.0,0.0,100840.0
2025-01-25 02:00:00,23.8700882042865,23.0470704216149,0.0,0.1911549707602339,8.6,70,0,4.8,265,9.6,12.9,13.8,0.0,0.0,0.0,9.0,88.0,0.0,0.0,0.0,186.0,0.0,100820.0
2025-01-25 03:00:00,24.0016278385159,23.0778543958273,0.0,0.1913377192982456,8.3,65,0,4.8,255,9.2,12.7,13.8,0.0,0.0,0.01,7.0,90.0,0.0,0.0,0.0,174.0,0.0,100820.0
2025-01-25 04:00:00,24.0183391056945,23.0039384395263,0.0,0.1915204678362573,8.1,63,0,4.3,231,8.9,12.5,13.8,0.0,0.0,0.01,7.0,90.0,0.0,0.0,0.0,180.0,0.0,100820.0
2025-01-25 05:00:00,23.8983414388241,22.9960415095194,0.0,0.191703216374269,7.6,65,0,4.5,267,8.5,12.3,13.8,0.0,0.0,0.0,7.0,82.0,0.0,0.0,1.0,174.0,0.0,100730.0
2025-01-25 06:00:00,23.9561190072848,22.8715995521213,0.0,0.1918859649122807,7.7,62,0,6.5,240,8.3,12.1,13.8,0.0,0.0,0.01,7.0,80.0,0.0,0.0,2.0,171.0,0.0,100730.0
2025-01-25 07:00:00,24.0102625924993,22.8676679883745,0.0,0.1920687134502924,8.0,56,0,7.4,219,8.2,11.9,13.8,0.0,0.0,0.02,11.0,67.0,0.0,0.0,2.0,240.0,0.0,100780.0
2025-01-25 08:00:00,23.7471049050367,22.7359383858798,0.0,0.1922514619883041,9.7,57,6,6.8,235,8.4,11.7,13.8,0.0,0.0,0.04,10.0,67.0,0.0,0.0,2.0,210.0,0.0,100830.0
2025-01-25 09:00:00,23.9158721703299,23.0464304697567,0.0,0.1924342105263158,14.2,52,5,7.3,246,9.8,11.5,13.8,0.0,0.0,0.11,10.0,65.0,2584.0,0.0,1.0,228.0,0.0,100870.0
2025-01-25 10:00:00,23.7785041124138,22.6544690768415,0.0,0.19261695906432746,17.8,48,2,5.1,243,11.8,11.6,13.8,0.0,0.0,0.2,13.0,58.0,10282.0,0.0,2.0,240.0,0.0,100960.0
2025-01-25 11:00:00,23.961655491776,22.9268903103175,0.0,0.19279970760233917,19.7,39,11,12.6,312,13.7,11.7,13.8,0.0,0.0,0.33,16.0,47.0,27768.0,2.0,2.0,258.0,0.0,101010.0
2025-01-25 12:00:00,23.8484903490061,22.8916854926736,0.0,0.19298245614035087,19.7,39,86,9.7,319,15.2,11.9,13.8,0.0,0.0,0.36,18.0,41.0,45342.0,3.0,3.0,264.0,0.0,101070.0
2025-01-25 13:00:00,24.0308572636564,22.8610448714869,0.0,0.19316520467836257,20.4,44,4,3.9,21,16.6,12.4,13.8,0.0,0.0,0.36,19.0,39.0,55181.0,4.0,2.0,206.0,0.0,100960.0
2025-01-25 14:00:00,23.8771204411022,22.8390239026718,0.0,0.19334795321637427,20.6,50,59,10.4,19,17.5,12.7,13.8,0.0,0.0,0.35,22.0,35.0,58328.0,4.0,1.0,265.0,0.0,100810.0
2025-01-25 15:00:00,23.7750750068756,22.9036132433591,0.0,0.19353070175438594,18.7,64,7,10.7,24,17.7,13.0,13.8,0.0,0.0,0.26,21.0,39.0,48296.0,3.0,5.0,12.0,0.0,100770.0
2025-01-25 16:00:00,23.960694975963,22.8168936834241,0.0,0.19371345029239764,17.5,75,1,9.8,1,17.4,13.3,13.8,0.0,0.0,0.16,19.0,54.0,34173.0,1.0,4.0,36.0,0.0,100810.0
2025-01-25 17:00:00,23.7580029487715,22.7591760922244,0.0,0.19389619883040934,15.9,85,73,2.5,7,16.5,13.6,13.8,0.0,0.0,0.05,19.0,60.0,21632.0,1.0,4.0,4.0,0.0,100860.0
2025-01-25 18:00:00,23.8775865754724,22.6903273149069,0.0,0.19407894736842105,14.4,90,54,5.9,153,15.3,13.7,13.8,0.0,0.0,0.02,18.0,62.0,5017.0,0.0,3.0,0.0,0.0,100950.0
2025-01-25 19:00:00,24.0285841725804,22.8336618400729,0.0,0.19426169590643275,12.4,93,67,5.6,166,14.2,13.8,13.8,0.0,0.0,0.0,16.0,69.0,55.0,0.0,1.0,137.0,0.0,101000.0
2025-01-25 20:00:00,23.8635158460751,22.7623455918086,0.0,0.19444444444444442,11.4,94,89,5.1,198,13.4,13.8,13.9,0.0,0.0,0.0,15.0,72.0,0.0,0.0,0.0,174.0,0.0,101040.0
2025-01-25 21:00:00,23.9893616292142,22.7652569811106,0.0,0.19462719298245612,11.0,94,60,6.6,210,12.7,13.7,13.9,0.0,0.0,0.0,14.0,71.0,0.0,0.0,1.0,180.0,0.0,101050.0
2025-01-25 22:00:00,23.9430013527617,22.919205455879,0.0,0.19480994152046782,10.6,93,99,5.7,202,12.2,13.6,13.9,0.0,0.0,0.0,12.0,80.0,0.0,0.0,0.0,347.0,0.0,101060.0
2025-01-25 23:00:00,23.8453567960938,22.9092650186502,0.0,0.19499269005847952,10.9,93,100,5.0,213,11.9,13.5,13.9,0.0,0.0,0.0,12.0,78.0,0.0,0.0,0.0,152.0,0.0,101100.0
2025-01-26 00:00:00,23.8671599033965,22.9402088833044,0.0,0.19517543859649122,11.0,93,100,4.9,208,11.8,13.4,13.9,0.0,0.0,0.0,12.0,78.0,0.0,0.0,2.0,186.0,0.0,101120.0
2025-01-26 01:00:00,24.0197994037006,22.7346476585866,0.0,0.19535818713450293,11.1,83,92,2.2,90,12.5,13.6,13.9,0.0,0.0,0.0,14.0,74.0,0.0,0.0,0.0,211.0,0.0,101130.0
2025-01-26 02:00:00,23.672205991491,22.7871332062757,0.0,0.1955409356725146,11.5,77,47,1.8,72,12.0,13.5,13.9,0.0,0.0,0.0,13.0,79.0,0.0,0.0,2.0,32.0,0.0,101140.0
2025-01-26 03:00:00,23.66650711928,22.7770844125454,0.0,0.1957236842105263,10.9,74,0,1.1,133,11.3,13.4,13.9,0.0,0.0,0.0,12.0,78.0,0.0,0.0,2.0,170.0,0.0,101160.0
2025-01-26 04:00:00,23.7476457704936,22.679201285337,0.0,0.195906432748538,10.2,76,0,2.2,140,10.7,13.3,13.9,0.0,0.0,0.0,12.0,80.0,0.0,0.0,1.0,192.0,0.0,101180.0
2025-01-26 05:00:00,23.8524436512255,22.6539795468571,0.0,0.1960891812865497,10.5,72,0,1.7,122,10.3,13.1,13.9,0.0,0.0,0.0,9.0,88.0,0.0,0.0,0.0,160.0,0.0,101120.0
2025-01-26 06:00:00,23.9270673207753,22.8316362414389,0.0,0.1962719298245614,9.6,77,2,4.6,263,9.9,13.0,13.9,0.0,0.0,0.0,8.0,87.0,0.0,0.0,0.0,192.0,0.0,101100.0
2025-01-26 07:00:00,23.7198648636179,22.9350332107798,0.0,0.19645467836257308,9.1,80,8,5.6,217,9.7,12.8,13.9,0.0,0.0,0.0,8.0,87.0,0.0,0.0,0.0,180.0,0.0,101090.0
2025-01-26 08:00:00,23.7364098652127,22.867182202264,0.0,0.19663742690058478,9.7,80,3,5.2,247,9.7,12.6,13.9,0.0,0.0,0.02,8.0,84.0,0.0,0.0,0.0,186.0,0.0,101130.0
2025-01-26 09:00:00,23.6370593160877,22.9869116922436,0.0,0.19682017543859648,14.2,69,0,7.1,233,10.9,12.5,13.9,0.0,0.0,0.09,9.0,82.0,3835.0,0.0,0.0,182.0,0.0,101170.0
2025-01-26 10:00:00,23.9034285674901,22.8912861829851,0.0,0.19700292397660818,17.2,59,39,4.8,310,12.8,12.5,13.9,0.0,0.0,0.19,14.0,71.0,14096.0,1.0,2.0,251.0,0.0,101270.0
2025-01-26 11:00:00,23.7655080609924,22.7528816707451,0.0,0.19718567251461988,19.1,52,55,3.7,331,14.7,12.6,13.9,0.0,0.0,0.28,16.0,58.0,32072.0,2.0,3.0,222.0,0.0,101260.0
2025-01-26 12:00:00,23.8232506717557,22.8675280138577,0.0,0.19736842105263158,20.9,47,57,5.9,317,16.4,12.8,13.9,0.0,0.0,0.36,18.0,48.0,48164.0,2.0,3.0,264.0,0.0,101280.0
2025-01-26 13:00:00,23.6598207933698,22.7213419452602,0.0,0.19755116959064326,22.2,44,98,4.4,309,17.5,13.1,13.9,0.0,0.0,0.36,20.0,43.0,57282.0,2.0,1.0,159.0,0.0,101160.0
2025-01-26 14:00:00,23.7439660043904,22.6815593334984,0.0,0.19773391812865496,23.5,37,86,5.9,294,18.5,13.4,13.9,0.0,0.0,0.35,21.0,40.0,53248.0,5.0,2.0,222.0,0.0,101010.0
2025-01-26 15:00:00,23.798567979433,22.6849091879207,0.0,0.19791666666666666,22.2,47,100,9.4,352,18.9,13.7,13.9,0.0,0.0,0.31,24.0,33.0,47156.0,3.0,3.0,275.0,0.0,100920.0
2025-01-26 16:00:00,23.7657517395951,22.4127929499106,0.0,0.19809941520467836,18.8,61,100,10.6,36,18.3,14.0,13.9,0.0,0.0,0.17,22.0,41.0,26132.0,1.0,3.0,10.0,0.0,100900.0
2025-01-26 17:00:00,23.6246927775211,22.6212391056392,0.0,0.19828216374269006,15.9,70,100,8.2,72,17.3,14.3,13.9,0.0,0.0,0.08,19.0,54.0,17628.0,1.0,5.0,7.0,0.0,100960.0
2025-01-26 18:00:00,23.9288746013535,22.4986809933392,0.0,0.19846491228070173,13.3,80,100,3.5,30,15.7,14.4,13.9,0.0,0.0,0.02,18.0,61.0,5344.0,0.0,2.0,30.0,0.0,100960.0
2025-01-26 19:00:00,23.7083297693384,22.7363928222339,0.0,0.19864766081871343,12.1,86,100,1.8,360,14.4,14.4,14.0,0.0,0.0,0.0,15.0,67.0,0.0,0.0,0.0,349.0,0.0,100940.0
2025-01-26 20:00:00,23.6166029310672,22.4843903488851,0.0,0.19883040935672514,11.7,87,100,1.1,114,13.4,14.4,14.0,0.0,0.0,0.0,15.0,78.0,0.0,0.0,1.0,36.0,0.0,101070.0
2025-01-26 21:00:00,23.6104955090567,22.6470212346531,0.0,0.19901315789473684,12.0,82,100,2.1,204,12.7,14.3,14.0,0.0,0.0,0.0,13.0,79.0,0.0,0.0,0.0,150.0,0.0,101130.0
2025-01-26 22:00:00,23.5684474259128,22.5801343313831,0.0,0.19919590643274854,11.7,77,94,4.7,225,12.2,14.2,14.0,0.0,0.0,0.0,14.0,75.0,0.0,0.0,2.0,136.0,0.0,101180.0
2025-01-26 23:00:00,23.6721978118986,22.6522591406567,0.0,0.1993786549707602,11.0,70,57,5.3,227,11.6,14.0,14.0,0.0,0.0,0.01,12.0,79.0,0.0,0.0,1.0,186.0,0.0,101180.0
2025-01-27 00:00:00,23.6939128986524,22.7017732144117,0.0,0.1995614035087719,10.9,65,95,6.5,220,11.1,13.8,14.0,0.0,0.0,0.01,10.0,85.0,0.0,0.0,0.0,288.0,0.0,101160.0
2025-01-27 01:00:00,23.6694011689154,22.419272682608,0.0,0.1997441520467836,11.1,70,99,6.6,221,10.6,13.7,14.0,0.0,0.0,0.01,10.0,85.0,0.0,0.0,1.0,188.0,0.0,101140.0
2025-01-27 02:00:00,23.8134392229302,22.6014221980161,0.0,0.19992690058479531,12.9,64,84,9.8,218,10.6,13.6,14.0,0.0,0.0,0.03,10.0,79.0,0.0,0.0,1.0,168.0,0.0,101100.0
2025-01-27 03:00:00,23.9010910677733,22.60961347796,0.0,0.20010964912280702,16.3,56,99,17.6,217,11.2,13.4,14.0,0.0,0.0,0.08,12.0,71.0,0.0,0.0,2.0,192.0,0.0,101040.0
2025-01-27 04:00:00,23.6054376956265,22.6489791025199,0.0,0.2002923976608187,17.7,52,94,23.6,219,12.1,13.3,14.0,0.0,0.0,0.12,14.0,62.0,0.0,0.0,3.0,258.0,0.0,101010.0
2025-01-27 05:00:00,23.8211589755323,22.5261813001543,0.0,0.2004751461988304,18.0,49,97,23.8,220,12.9,13.3,14.0,0.0,0.0,0.13,14.0,63.0,0.0,0.0,3.0,264.0,0.0,100950.0
2025-01-27 06:00:00,23.6986078530537,22.6348007171975,0.0,0.2006578947368421,18.1,45,99,22.2,220,13.4,13.3,14.0,0.0,0.0,0.14,15.0,59.0,0.0,0.0,4.0,285.0,0.0,100910.0
2025-01-27 07:00:00,23.5609010240416,22.656477432815,0.0,0.2008406432748538,18.1,42,99,20.9,221,13.7,13.3,14.0,0.0,0.0,0.14,15.0,60.0,0.0,0.0,4.0,276.0,0.0,100910.0
2025-01-27 08:00:00,23.4344075287452,22.6303826049229,0.0,0.2010233918128655,18.1,43,86,20.9,222,14.0,13.4,14.0,0.0,0.0,0.15,15.0,57.0,78.0,0.0,4.0,252.0,0.0,100940.0
2025-01-27 09:00:00,23.6441147970593,22.526131713238,0.0,0.2012061403508772,19.7,40,98,20.4,225,14.6,13.4,14.0,0.0,0.0,0.21,16.0,54.0,5064.0,0.0,4.0,258.0,0.0,100990.0
2025-01-27 10:00:00,23.7351410094008,22.5894369483263,0.0,0.20138888888888887,21.5,35,74,23.3,227,15.6,13.6,14.0,0.0,0.0,0.32,18.0,48.0,10974.0,0.0,3.0,264.0,0.0,101030.0
2025-01-27 11:00:00,23.6141333924658,22.6168176394982,0.0,0.20157163742690057,23.2,32,38,26.0,225,16.9,13.7,14.0,0.0,0.0,0.43,21.0,42.0,32289.0,2.0,4.0,263.0,0.0,101070.0
2025-01-27 12:00:00,23.6955351323313,22.6240111105813,0.0,0.20175438596491227,24.7,29,27,26.5,226,18.1,14.0,14.0,0.0,0.0,0.5,23.0,33.0,52599.0,3.0,6.0,277.0,0.0,100970.0
2025-01-27 13:00:00,23.4957641421885,22.6299406857583,0.0,0.20193713450292397,25.9,26,67,25.9,231,19.9,14.4,14.1,0.0,0.0,0.54,25.0,26.0,57155.0,3.0,7.0,278.0,0.0,100850.0
2025-01-27 14:00:00,23.5936458414039,22.4865211627085,0.0,0.20211988304093567,27.0,22,87,29.7,228,20.5,14.8,14.1,0.0,0.0,0.57,26.0,24.0,49647.0,3.0,5.0,247.0,0.0,100740.0
2025-01-27 15:00:00,23.6971312717215,22.6629377899625,0.0,0.20230263157894735,26.5,24,88,21.6,246,20.7,15.1,14.1,0.0,0.0,0.46,27.0,23.0,40426.0,3.0,6.0,222.0,0.0,100660.0
2025-01-27 16:00:00,23.5626502920809,22.5293201295623,0.0,0.20248538011695905,24.4,30,67,10.3,262,20.4,15.4,14.1,0.0,0.0,0.26,27.0,24.0,29581.0,2.0,4.0,222.0,0.0,100680.0
2025-01-27 17:00:00,23.5107346837922,22.331549325502,0.0,0.20266812865497075,20.9,44,17,6.6,264,19.3,15.6,14.1,0.0,0.0,0.11,22.0,49.0,14068.0,0.0,3.0,38.0,0.0,100690.0
2025-01-27 18:00:00,23.5133106782639,22.5144447332965,0.0,0.20285087719298245,18.9,39,41,4.5,254,17.6,15.8,14.1,0.0,0.0,0.05,21.0,56.0,3184.0,0.0,4.0,102.0,0.0,100700.0
2025-01-27 19:00:00,23.3859748283572,22.5715562047241,0.0,0.20303362573099415,17.8,40,47,8.6,244,16.4,15.8,14.2,0.0,0.0,0.06,19.0,60.0,0.0,0.0,1.0,88.0,0.0,100790.0
2025-01-27 20:00:00,23.6531488449862,22.4701164956204,0.0,0.20321637426900585,19.6,42,19,15.1,225,16.1,15.8,14.2,0.0,0.0,0.11,17.0,62.0,0.0,0.0,0.0,152.0,0.0,100870.0
2025-01-27 21:00:00,23.6603479568195,22.5335422154109,0.0,0.20339912280701752,19.5,55,37,19.1,222,16.2,15.8,14.2,0.0,0.0,0.1,21.0,40.0,0.0,0.0,2.0,288.0,0.0,100880.0
2025-01-27 22:00:00,23.5322588021924,22.609098984845,0.0,0.20358187134502922,19.6,59,28,18.5,228,16.3,15.8,14.2,0.0,0.0,0.09,21.0,41.0,0.0,0.0,4.0,264.0,0.0,100930.0
2025-01-27 23:00:00,23.6447752050688,22.5164128045051,0.0,0.20376461988304093,17.1,73,100,10.6,294,16.1,15.8,14.2,0.1,0.1,0.03,20.0,53.0,0.0,0.0,2.0,282.0,0.0,100990.0
2025-01-28 00:00:00,23.5581309033492,22.5269344227994,0.0,0.20394736842105263,16.3,82,100,9.0,289,15.8,15.8,14.2,0.3,0.3,0.01,18.0,66.0,0.0,0.0,3.0,2.0,0.0,101080.0
2025-01-28 01:00:00,23.5225581351828,22.4294465685253,0.0,0.20413011695906433,16.9,77,100,11.4,274,16.9,16.0,14.2,0.1,0.1,0.02,16.0,76.0,0.0,0.0,1.0,210.0,0.0,101130.0
2025-01-28 02:00:00,23.4293719363135,22.5712462776303,0.0,0.204312865497076,16.9,72,100,11.8,263,16.5,16.0,14.3,0.0,0.0,0.03,17.0,77.0,0.0,0.0,2.0,279.0,0.0,101140.0
2025-01-28 03:00:00,23.4156973874288,22.3572838103667,0.0,0.2044956140350877,16.4,73,100,10.2,257,16.2,16.0,14.3,0.1,0.1,0.02,17.0,75.0,0.0,0.0,0.0,244.0,0.0,101150.0
2025-01-28 04:00:00,23.4660416320244,22.5141211377446,0.0,0.2046783625730994,15.9,77,100,10.4,255,15.9,15.9,14.3,0.1,0.1,0.02,16.0,76.0,0.0,0.0,3.0,258.0,0.0,101140.0
2025-01-28 05:00:00,23.4599512567001,22.5736468298701,0.0,0.2048611111111111,15.6,78,100,10.7,257,15.6,15.9,14.3,0.2,0.2,0.02,14.0,90.0,0.0,0.0,2.0,186.0,0.0,101180.0
2025-01-28 06:00:00,23.2881297676257,22.2864087428969,0.0,0.2050438596491228,15.2,78,100,11.1,237,15.1,15.8,14.3,0.3,0.3,0.02,15.0,85.0,0.0,0.0,1.0,198.0,0.0,101190.0
2025-01-28 07:00:00,23.5233026403203,22.3485605734624,0.0,0.20522660818713448,14.8,76,83,12.4,220,14.7,15.7,14.3,0.1,0.1,0.02,15.0,84.0,0.0,0.0,0.0,258.0,0.0,101240.0
2025-01-28 08:00:00,23.4367191894744,22.4776617188105,0.0,0.20540935672514618,14.5,75,34,14.3,216,14.4,15.6,14.4,0.0,0.0,0.05,15.0,79.0,285.0,0.0,3.0,234.0,0.0,101280.0
2025-01-28 09:00:00,23.4731453854222,22.549075348739,0.0,0.20559210526315788,15.6,65,59,11.4,227,14.7,15.5,14.4,0.0,0.0,0.11,15.0,75.0,5315.0,0.0,2.0,245.0,0.0,101330.0
2025-01-28 10:00:00,23.5548245267171,22.4938080539286,0.0,0.20577485380116958,16.9,61,36,8.1,261,15.6,15.5,14.4,0.0,0.0,0.16,16.0,62.0,20156.0,1.0,3.0,276.0,0.0,101390.0
2025-01-28 11:00:00,23.4812137027169,22.3214438048748,0.0,0.20595760233918128,18.1,59,1,8.6,274,16.8,15.5,14.4,0.1,0.1,0.25,17.0,58.0,40134.0,2.0,4.0,228.0,0.0,101430.0
2025-01-28 12:00:00,23.4089531573878,22.433861725663,0.0,0.20614035087719296,19.8,52,2,11.8,259,18.1,15.6,14.4,0.0,0.0,0.35,19.0,57.0,52820.0,4.0,3.0,283.0,0.0,101400.0
2025-01-28 13:00:00,23.3389707789532,22.5552509762895,0.0,0.20632309941520466,21.4,41,4,13.0,281,19.6,15.7,14.4,0.0,0.0,0.4,20.0,52.0,58086.0,4.0,6.0,224.0,0.0,101290.0
2025-01-28 14:00:00,23.3184977709719,22.3670053828415,0.0,0.20650584795321636,20.9,39,48,22.7,312,19.9,15.9,14.4,0.0,0.0,0.39,21.0,38.0,18376.0,1.0,5.0,296.0,0.0,101270.0
2025-01-28 15:00:00,23.3858518396955,22.5201501206876,0.0,0.20668859649122806,16.9,66,61,26.4,304,19.2,16.1,14.4,0.0,0.0,0.2,19.0,45.0,61607.0,4.0,6.0,7.0,0.0,101340.0
2025-01-28 16:00:00,23.7337313406214,22.4730241846494,0.0,0.20687134502923976,16.8,66,9,20.2,299,18.6,16.2,14.5,0.0,0.0,0.16,18.0,53.0,12564.0,1.0,8.0,306.0,0.0,101450.0
2025-01-28 17:00:00,23.4214118688524,22.4615739483127,0.0,0.20705409356725146,16.1,62,15,15.6,292,17.8,16.3,14.5,0.0,0.0,0.11,16.0,59.0,7579.0,0.0,7.0,340.0,0.0,101540.0
2025-01-28 18:00:00,23.5690075742955,22.4966946223521,0.0,0.20723684210526314,15.1,63,9,11.5,266,16.8,16.3,14.5,0.0,0.0,0.06,17.0,56.0,1651.0,0.0,4.0,288.0,0.0,101590.0
2025-01-28 19:00:00,23.3815687727995,22.4001534509317,0.0,0.20741959064327484,14.6,64,5,13.0,248,16.0,16.3,14.5,0.0,0.0,0.04,16.0,51.0,0.0,0.0,6.0,294.0,0.0,101610.0
2025-01-28 20:00:00,23.3598989403507,22.4627735334428,0.0,0.20760233918128654,14.0,62,10,9.8,249,15.3,16.2,14.5,0.0,0.0,0.04,16.0,54.0,0.0,0.0,4.0,262.0,0.0,101650.0
2025-01-28 21:00:00,23.4288445108509,22.4088522874983,0.0,0.20778508771929824,13.0,64,23,7.9,259,14.5,16.1,14.5,0.0,0.0,0.02,14.0,61.0,0.0,0.0,2.0,264.0,0.0,101730.0
2025-01-28 22:00:00,23.3377405231064,22.1750677768459,0.0,0.20796783625730994,12.9,65,3,9.1,276,13.9,16.0,14.6,0.0,0.0,0.03,14.0,52.0,0.0,0.0,2.0,308.0,0.0,101760.0
2025-01-28 23:00:00,23.3795599742322,22.2549844490542,0.0,0.2081505847953216,11.7,73,4,7.2,282,13.2,15.8,14.6,0.0,0.0,0.01,14.0,59.0,0.0,0.0,2.0,210.0,0.0,101790.0
2025-01-29 00:00:00,23.3244563734811,22.3207091154082,0.0,0.20833333333333331,11.3,76,19,4.0,263,12.5,15.6,14.6,0.0,0.0,0.0,13.0,65.0,0.0,0.0,3.0,186.0,0.0,101790.0
2025-01-29 01:00:00,23.4042372447231,22.3507213544388,0.0,0.20851608187134502,12.1,69,32,7.4,222,13.0,15.5,14.6,0.0,0.0,0.01,12.0,67.0,0.0,0.0,1.0,198.0,0.0,101790.0
2025-01-29 02:00:00,23.3898019791436,22.2898715422068,0.0,0.20869883040935672,11.9,71,28,9.4,224,12.8,15.3,14.6,0.0,0.0,0.02,12.0,70.0,0.0,0.0,1.0,252.0,0.0,101690.0
2025-01-29 03:00:00,23.2575828361946,22.4238339839307,0.0,0.20888157894736842,11.8,72,51,9.6,235,12.6,15.1,14.6,0.0,0.0,0.02,12.0,73.0,0.0,0.0,2.0,246.0,0.0,101660.0
2025-01-29 04:00:00,23.4887008864473,22.417020605375,0.0,0.20906432748538012,11.9,74,38,10.8,229,12.5,15.0,14.6,0.0,0.0,0.02,11.0,75.0,0.0,0.0,2.0,270.0,0.0,101670.0
2025-01-29 05:00:00,23.2065076956756,22.1983442939412,0.0,0.2092470760233918,11.0,79,99,11.1,229,12.2,14.8,14.6,0.0,0.0,0.01,11.0,75.0,0.0,0.0,1.0,216.0,0.0,101610.0
2025-01-29 06:00:00,23.4844407845053,22.2341139360418,0.0,0.2094298245614035,10.6,81,67,10.4,227,12.0,14.7,14.6,0.0,0.0,0.01,10.0,77.0,0.0,0.0,1.0,240.0,0.0,101640.0
2025-01-29 07:00:00,23.2404414481071,22.2226155126828,0.0,0.2096125730994152,9.7,85,99,7.4,215,11.6,14.5,14.6,0.0,0.0,0.0,11.0,75.0,0.0,0.0,1.0,198.0,0.0,101590.0
2025-01-29 08:00:00,23.3802107047969,22.1761491446397,0.0,0.2097953216374269,10.4,83,63,6.1,212,11.4,14.3,14.6,0.0,0.0,0.02,9.0,79.0,946.0,0.0,1.0,264.0,0.0,101570.0
2025-01-29 09:00:00,23.3821971706936,22.2500658224972,0.0,0.2099780701754386,13.6,72,69,4.9,225,12.4,14.2,14.6,0.0,0.0,0.08,10.0,79.0,8121.0,0.0,2.0,264.0,0.0,101530.0
2025-01-29 10:00:00,23.2646410842804,22.3583344701266,0.0,0.21016081871345027,15.6,62,78,7.2,241,13.8,14.1,14.7,0.0,0.0,0.18,13.0,70.0,30645.0,2.0,1.0,288.0,0.0,101540.0
2025-01-29 11:00:00,23.2678493878877,23.0371074117098,0.0,0.21034356725146197,17.6,53,3,10.2,237,15.4,14.2,14.7,0.0,0.0,0.29,16.0,62.0,40646.0,2.0,3.0,296.0,0.0,101500.0
2025-01-29 12:00:00,23.3366726437315,23.5670480238406,0.0,0.21052631578947367,19.4,43,31,11.4,245,16.9,14.3,14.7,0.0,0.0,0.37,17.0,51.0,48221.0,4.0,4.0,294.0,0.0,101350.0
2025-01-29 13:00:00,23.1978849496892,23.877526148379,0.0,0.21070906432748537,20.5,39,99,11.0,275,17.9,14.5,14.7,0.0,0.0,0.4,19.0,47.0,54672.0,5.0,5.0,298.0,0.0,101170.0
2025-01-29 14:00:00,23.1957816598168,24.1830582398395,0.0,0.21089181286549707,19.0,50,100,11.8,342,18.5,14.7,14.7,0.0,0.0,0.33,20.0,38.0,44723.0,3.0,4.0,270.0,0.0,101070.0
2025-01-29 15:00:00,23.2851414441502,24.2443519313599,0.0,0.21107456140350875,16.4,66,100,12.6,18,18.2,14.9,14.7,0.0,0.0,0.2,16.0,59.0,22120.0,1.0,5.0,59.0,0.0,101000.0
2025-01-29 16:00:00,23.1839659110815,24.115219714108,0.0,0.21125730994152045,15.1,71,100,9.8,31,17.6,15.1,14.7,0.0,0.0,0.13,16.0,66.0,16184.0,1.0,4.0,42.0,0.0,101010.0
2025-01-29 17:00:00,23.3639081374515,24.2743128216075,0.0,0.21144005847953215,14.2,77,100,3.9,27,16.7,15.2,14.7,0.0,0.0,0.05,15.0,73.0,6096.0,0.0,3.0,48.0,0.0,100940.0
2025-01-29 18:00:00,23.2943224722061,24.2486142643925,0.0,0.21162280701754385,13.0,84,100,2.8,34,15.6,15.2,14.7,0.0,0.0,0.02,14.0,75.0,640.0,0.0,1.0,72.0,0.0,100940.0
2025-01-29 19:00:00,23.0870926118495,24.3637850641175,0.0,0.21180555555555555,12.2,87,100,3.1,52,14.6,15.2,14.7,0.0,0.0,0.0,13.0,80.0,0.0,0.0,1.0,140.0,0.0,100860.0
2025-01-29 20:00:00,23.3104457541443,24.255253539361,0.0,0.21198830409356723,11.8,90,100,4.9,130,14.1,15.2,14.7,0.0,0.0,0.0,12.0,81.0,0.0,0.0,0.0,178.0,0.0,100760.0
2025-01-29 21:00:00,23.3427771940947,24.210550583503,0.0,0.21217105263157893,11.5,92,100,3.5,219,13.6,15.1,14.7,0.0,0.0,0.0,11.0,85.0,0.0,0.0,0.0,198.0,0.0,100690.0
2025-01-29 22:00:00,23.4051705740125,24.1294035407102,0.0,0.21235380116959063,13.8,68,100,14.1,232,13.4,15.0,14.7,0.0,0.0,0.04,11.0,87.0,0.0,0.0,0.0,114.0,0.0,100660.0
2025-01-29 23:00:00,23.3187832990055,24.1689365763954,0.0,0.21253654970760233,16.2,48,100,27.9,227,13.7,14.9,14.7,0.0,0.0,0.14,11.0,85.0,0.0,0.0,2.0,42.0,0.0,100680.0
2025-01-30 00:00:00,23.050616217987,24.3017299065102,0.0,0.21271929824561403,14.6,62,99,28.1,224,14.0,14.8,14.7,0.4,0.4,0.09,14.0,65.0,0.0,0.0,0.0,342.0,0.0,100670.0
2025-01-30 01:00:00,23.4078771028656,24.0891958056134,0.0,0.21290204678362573,14.7,62,98,24.0,233,15.1,14.9,14.7,0.0,0.0,0.08,16.0,53.0,0.0,0.0,4.0,318.0,0.0,100630.0
2025-01-30 02:00:00,23.3175774771377,24.213312209425,0.0,0.2130847953216374,13.3,76,96,13.3,261,14.5,14.9,14.8,0.5,0.5,0.02,14.0,70.0,0.0,0.0,2.0,328.0,0.0,100640.0
2025-01-30 03:00:00,23.3900211924113,24.1493824319807,0.0,0.2132675438596491,12.0,87,100,4.2,283,13.7,14.8,14.8,0.3,0.3,0.0,13.0,75.0,0.0,0.0,1.0,270.0,0.0,100650.0
2025-01-30 04:00:00,23.3196536894273,23.9832777286293,0.0,0.2134502923976608,12.0,91,100,6.3,223,13.2,14.7,14.8,1.0,1.0,0.0,13.0,78.0,0.0,0.0,2.0,252.0,0.0,100620.0
2025-01-30 05:00:00,23.2827766649773,24.1618692878475,0.0,0.2136330409356725,12.1,89,100,3.4,227,12.9,14.6,14.8,0.5,0.5,0.0,12.0,85.0,0.0,0.0,3.0,282.0,0.0,100670.0
2025-01-30 06:00:00,23.409340162407,24.1624962263926,0.0,0.2138157894736842,10.9,92,62,5.2,230,12.4,14.5,14.8,6.5,6.5,0.0,11.0,90.0,0.0,0.0,2.0,234.0,0.0,100710.0
2025-01-30 07:00:00,23.3823328281612,24.1066490966626,0.0,0.21399853801169588,10.5,89,99,3.0,276,12.1,14.4,14.8,5.1,5.1,0.0,10.5,89.0,0.0,0.0,2.0,222.0,0.0,100685.0
2025-01-30 08:00:00,23.5008793807647,24.097778974717,0.0,0.21418128654970758,10.6,88,56,10.3,224,11.9,14.2,14.8,2.4,2.4,0.03,10.0,88.0,0.0,0.0,2.0,210.0,0.0,100660.0
2025-01-30 09:00:00,23.3324663709597,24.0996706009585,0.0,0.21436403508771928,11.7,82,56,11.1,233,12.1,14.1,14.8,0.1,0.1,0.07,9.0,90.0,1960.0,0.0,2.0,228.0,0.0,100730.0
2025-01-30 10:00:00,23.5256574843853,23.8036427586402,0.0,0.21454678362573099,11.3,76,84,19.6,252,12.5,14.0,14.8,1.6,1.6,0.13,11.0,84.0,5467.0,0.0,4.0,210.0,0.0,100840.0
2025-01-30 11:00:00,23.4179132800394,24.1032292141043,0.0,0.2147295321637427,13.2,64,21,19.9,253,13.1,13.9,14.8,0.0,0.0,0.19,13.0,71.0,30068.0,1.0,4.0,240.0,0.0,100900.0
2025-01-30 12:00:00,23.3902911260269,24.0774039502026,0.0,0.2149122807017544,13.8,62,25,22.7,264,14.0,13.9,14.8,0.1,0.1,0.24,14.0,60.0,56258.0,3.0,7.0,267.0,0.0,100920.0
2025-01-30 13:00:00,23.3753131279381,24.1621429544843,0.0,0.21509502923976606,14.2,54,55,21.5,263,13.9,13.8,14.8,1.2,1.2,0.23,12.0,80.0,31088.0,2.0,3.0,264.0,0.0,100880.0
2025-01-30 14:00:00,23.4338824634418,24.0195253009858,0.0,0.21527777777777776,14.4,52,54,22.7,283,14.4,13.8,14.8,0.0,0.0,0.24,13.0,73.0,37020.0,2.0,4.0,264.0,0.0,100830.0
2025-01-30 15:00:00,23.425622461268,23.981281975271,0.0,0.21546052631578946,13.7,58,56,22.3,293,14.6,13.9,14.8,0.2,0.2,0.2,12.0,75.0,16529.0,0.0,7.0,276.0,0.0,100820.0
2025-01-30 16:00:00,23.5428860022894,24.033709055356,0.0,0.21564327485380116,13.5,64,32,17.7,289,14.1,13.9,14.8,0.2,0.2,0.14,14.0,67.0,12127.0,1.0,8.0,342.0,0.0,100820.0
2025-01-30 17:00:00,23.5073988611421,24.0358669994825,0.0,0.21582602339181287,13.0,63,29,12.6,284,13.7,13.9,14.8,0.1,0.1,0.09,13.0,71.0,8418.0,0.0,7.0,340.0,0.0,100860.0
2025-01-30 18:00:00,23.5122530561728,24.0026679190869,0.0,0.21600877192982454,11.8,67,48,8.6,280,12.8,13.9,14.8,0.2,0.2,0.04,13.0,68.0,5770.0,0.0,5.0,285.0,0.0,100900.0
2025-01-30 19:00:00,23.5400958941737,24.0460657432091,0.0,0.21619152046783624,10.6,79,43,7.2,247,12.0,13.8,14.8,1.0,1.0,0.0,12.0,69.0,462.0,0.0,2.0,300.0,0.0,101000.0
2025-01-30 20:00:00,23.5322002720344,24.1235014917133,0.0,0.21637426900584794,9.9,86,25,9.1,208,11.3,13.7,14.8,1.0,1.0,0.0,12.0,69.0,0.0,0.0,3.0,270.0,0.0,101060.0
2025-01-30 21:00:00,23.541785477769,24.2288152350168,0.0,0.21655701754385964,9.4,90,40,11.6,194,10.8,13.5,14.8,0.0,0.0,0.0,11.0,72.0,0.0,0.0,3.0,234.0,0.0,101160.0
2025-01-30 22:00:00,23.6323377606457,24.1819478799728,0.0,0.21673976608187134,9.4,84,22,12.3,216,10.5,13.3,14.8,0.0,0.0,0.01,11.0,70.0,0.0,0.0,2.0,240.0,0.0,101200.0
2025-01-30 23:00:00,23.5626793573726,23.9785458395343,0.0,0.21692251461988302,9.6,80,71,14.1,208,10.2,13.1,14.8,0.0,0.0,0.02,11.0,73.0,0.0,0.0,3.0,216.0,0.0,101240.0
2025-01-31 00:00:00,23.4363007993088,23.9566157320299,0.0,0.21710526315789472,9.3,78,83,7.2,211,10.1,13.0,14.7,0.0,0.0,0.0,11.0,72.0,0.0,0.0,2.0,222.0,0.0,101240.0
2025-01-31 01:00:00,23.6368334256441,24.1226084527357,0.0,0.21728801169590642,9.3,89,93,4.5,189,11.5,13.3,14.8,3.0,3.0,0.0,11.0,72.0,0.0,0.0,2.0,228.0,0.0,101260.0
2025-01-31 02:00:00,23.7495869235103,24.116243789116,0.0,0.21747076023391812,8.6,96,97,7.7,144,10.9,13.2,14.8,1.2,1.2,0.0,11.0,69.0,0.0,0.0,2.0,234.0,0.0,101250.0
2025-01-31 03:00:00,23.5340449026615,23.94824871586,0.0,0.21765350877192982,8.4,88,11,13.9,200,10.3,13.0,14.8,0.1,0.1,0.0,11.0,69.0,0.0,0.0,2.0,228.0,0.0,101240.0
2025-01-31 04:00:00,23.6804193266926,23.7181507609632,0.0,0.2178362573099415,8.1,87,4,9.8,221,9.8,12.8,14.7,0.0,0.0,0.0,11.0,71.0,0.0,0.0,1.0,240.0,0.0,101210.0
2025-01-31 05:00:00,23.5679143024371,24.1067057279056,0.0,0.2180190058479532,7.8,82,22,12.2,220,9.3,12.6,14.7,0.0,0.0,0.01,10.0,72.0,0.0,0.0,1.0,198.0,0.0,101210.0
2025-01-31 06:00:00,23.5574988453197,23.890176525762,0.0,0.2182017543859649,7.6,81,58,12.4,215,9.0,12.4,14.7,0.0,0.0,0.01,11.0,68.0,0.0,0.0,2.0,252.0,0.0,101210.0
2025-01-31 07:00:00,23.6181837909076,23.993663532963,0.0,0.2183845029239766,7.8,79,93,9.4,209,8.8,12.2,14.7,0.1,0.1,0.01,11.0,66.0,0.0,0.0,2.0,222.0,0.0,101230.0
2025-01-31 08:00:00,23.655015610434,24.0288094336591,0.0,0.2185672514619883,7.7,91,100,10.6,101,8.9,12.0,14.7,4.8,4.8,0.02,11.0,64.0,0.0,0.0,3.0,252.0,0.0,101210.0
2025-01-31 09:00:00,23.7858578684636,23.9464881520393,0.0,0.21875,9.1,90,94,11.7,203,9.4,11.9,14.7,5.1,5.1,0.04,10.0,72.0,856.0,0.0,2.0,329.0,0.0,101310.0
2025-01-31 10:00:00,23.5227641541931,23.9375914068299,0.0,0.21893274853801167,10.9,79,21,14.1,223,10.3,11.8,14.7,0.1,0.1,0.1,8.0,86.0,660.0,0.0,4.0,116.0,7.0,101460.0
2025-01-31 11:00:00,23.4577180707021,25.1302653835578,0.0,0.21911549707602337,11.9,72,63,12.3,239,11.2,11.8,14.7,0.0,0.0,0.15,8.0,91.0,3972.0,0.0,3.0,216.0,38.0,101490.0
2025-01-31 12:00:00,23.571312209644,26.5449943135314,0.0,0.21929824561403508,13.1,63,63,11.8,260,12.4,11.8,14.7,0.0,0.0,0.22,9.0,89.0,9928.0,1.0,4.0,258.0,5.0,101520.0
2025-01-31 13:00:00,23.9055772148175,26.7682037425187,0.0,0.21948099415204678,14.7,57,6,6.0,300,13.5,12.0,14.6,0.0,0.0,0.32,10.0,82.0,22831.0,2.0,0.0,114.0,1.0,101500.0
2025-01-31 14:00:00,24.1108833293285,26.6770130564652,0.0,0.21966374269005848,15.0,55,5,6.8,340,14.7,12.2,14.6,0.0,0.0,0.3,12.0,76.0,52372.0,5.0,4.0,239.0,0.0,101400.0
2025-01-31 15:00:00,24.9638849998719,26.5649911706512,0.0,0.21984649122807015,14.7,56,10,10.0,349,15.1,12.5,14.6,0.0,0.0,0.24,12.0,75.0,29592.0,2.0,2.0,228.0,0.0,101390.0
2025-01-31 16:00:00,25.2361269045256,26.4931143778029,0.0,0.22002923976608185,13.7,62,25,11.3,357,14.7,12.7,14.6,0.0,0.0,0.15,13.0,70.0,20409.0,2.0,3.0,264.0,0.0,101380.0
2025-01-31 17:00:00,25.2015715461113,26.4960954674602,0.0,0.22021198830409355,12.4,71,29,5.8,24,14.0,12.9,14.6,0.0,0.0,0.07,13.0,72.0,15036.0,1.0,0.0,282.0,0.0,101410.0
2025-01-31 18:00:00,25.1935013502427,26.5383452401826,0.0,0.22039473684210525,10.2,79,28,2.5,34,12.7,12.9,14.6,0.1,0.1,0.01,13.0,71.0,5997.0,0.0,0.0,228.0,0.0,101420.0
2025-01-31 19:00:00,25.4582088916503,26.2743421280837,0.0,0.22057748538011696,9.2,84,43,2.5,225,11.6,12.9,14.6,0.0,0.0,0.0,12.0,77.0,176.0,0.0,0.0,204.0,0.0,101450.0
2025-01-31 20:00:00,25.6173744182683,26.4027452061535,0.0,0.22076023391812866,8.7,83,70,3.1,280,10.9,12.8,14.6,0.2,0.2,0.0,11.0,79.0,0.0,0.0,0.0,258.0,0.0,101510.0
2025-01-31 21:00:00,25.5043884082891,26.3985381282784,0.0,0.22094298245614033,9.0,88,59,6.2,235,10.6,12.7,14.6,0.1,0.1,0.0,10.0,88.0,0.0,0.0,1.0,188.0,0.0,101520.0
2025-01-31 22:00:00,25.7213192314547,26.3962912151846,0.0,0.22112573099415203,8.9,92,63,8.5,205,10.4,12.6,14.6,0.1,0.1,0.0,11.0,86.0,0.0,0.0,0.0,240.0,0.0,101560.0
2025-01-31 23:00:00,25.592346453468,26.4168329272945,0.0,0.22130847953216373,8.5,92,96,6.5,207,10.1,12.4,14.6,0.2,0.2,0.0,10.0,89.0,0.0,0.0,0.0,173.0,3.0,101590.0
2025-02-01 00:00:00,25.740616832796,26.4358703838945,0.0,0.22149122807017543,8.8,92,28,7.9,218,9.9,12.3,14.6,0.2,0.2,0.0,10.0,90.0,0.0,0.0,0.0,240.0,1.0,101610.0
2025-02-01 01:00:00,25.8276651283264,26.7349546131269,0.0,0.22167397660818713,9.5,93,43,8.2,225,10.9,12.4,14.6,0.0,0.0,0.0,10.0,92.0,0.0,0.0,2.0,240.0,0.0,101590.0
2025-02-01 02:00:00,25.795631000767,26.4905353326624,0.0,0.2218567251461988,9.0,92,42,8.4,231,10.3,12.4,14.6,0.0,0.0,0.0,10.0,93.0,0.0,0.0,1.0,252.0,0.0,101550.0
2025-02-01 03:00:00,25.8899027626048,26.6574136531526,0.0,0.2220394736842105,8.9,97,98,7.0,226,10.1,12.2,14.6,0.3,0.3,0.0,10.0,94.0,0.0,0.0,1.0,228.0,0.0,101530.0
2025-02-01 04:00:00,26.0738902547044,26.9425123222359,0.0,0.2222222222222222,9.2,93,97,8.9,218,10.0,12.1,14.5,0.1,0.1,0.0,10.0,95.0,0.0,0.0,0.0,228.0,1.0,101500.0
2025-02-01 05:00:00,26.4976693901314,26.9681339492548,0.0,0.2224049707602339,8.9,92,45,7.8,223,9.7,12.0,14.5,0.0,0.0,0.0,10.0,93.0,0.0,0.0,1.0,216.0,5.0,101450.0
2025-02-01 06:00:00,26.498179952698,27.2959320735103,0.0,0.2225877192982456,8.5,92,39,8.7,217,9.4,11.9,14.5,0.1,0.1,0.0,10.0,93.0,0.0,0.0,1.0,210.0,1.0,101430.0
2025-02-01 07:00:00,26.40944894653,27.0535173587005,0.0,0.22277046783625729,8.4,91,9,7.9,221,9.2,11.8,14.5,0.0,0.0,0.0,10.0,92.0,0.0,0.0,1.0,228.0,0.0,101420.0
2025-02-01 08:00:00,26.5574158184187,27.1523347737771,0.0,0.222953216374269,9.2,89,12,10.0,224,9.2,11.6,14.5,0.0,0.0,0.02,9.0,94.0,0.0,0.0,0.0,258.0,0.0,101410.0
2025-02-01 09:00:00,26.6501630878408,27.1295067992623,0.0,0.2231359649122807,11.5,86,11,11.1,224,10.2,11.6,14.5,0.0,0.0,0.07,9.0,94.0,2703.0,0.0,2.0,264.0,0.0,101420.0
2025-02-01 10:00:00,26.6559745143506,27.0001533843165,0.0,0.2233187134502924,13.6,69,2,11.2,230,11.5,11.6,14.5,0.0,0.0,0.18,9.0,89.0,10816.0,1.0,2.0,252.0,0.0,101400.0
2025-02-01 11:00:00,26.515768127358,27.1536731561266,0.0,0.2235014619883041,15.2,55,0,11.9,238,13.0,11.7,14.5,0.0,0.0,0.27,12.0,83.0,35376.0,2.0,2.0,240.0,0.0,101400.0
2025-02-01 12:00:00,26.554621070553,27.037223844892,0.0,0.22368421052631576,16.1,48,0,12.3,245,14.3,11.9,14.5,0.0,0.0,0.33,14.0,74.0,53692.0,3.0,3.0,289.0,0.0,101370.0
2025-02-01 13:00:00,26.4906608815965,26.9038562562389,0.0,0.22386695906432746,16.9,45,0,11.4,246,15.5,12.0,14.4,0.0,0.0,0.36,15.0,64.0,60201.0,3.0,4.0,270.0,0.0,101250.0
2025-02-01 14:00:00,26.3572709051176,26.7673022640447,0.0,0.22404970760233917,17.4,42,43,13.6,264,16.1,12.4,14.4,0.0,0.0,0.35,16.0,54.0,60920.0,5.0,3.0,328.0,0.0,101090.0
2025-02-01 15:00:00,26.354878943988,26.6073241225101,0.0,0.22423245614035087,16.9,43,3,12.9,295,16.2,12.7,14.4,0.0,0.0,0.29,17.0,46.0,52723.0,6.0,5.0,287.0,0.0,100960.0
2025-02-01 16:00:00,26.2417781604016,26.447211870749,0.0,0.22441520467836257,15.6,50,0,12.1,327,15.8,12.9,14.4,0.0,0.0,0.2,17.0,45.0,36103.0,2.0,3.0,296.0,0.0,100900.0
2025-02-01 17:00:00,26.2569172693826,26.4944237839083,0.0,0.22459795321637427,13.6,68,0,4.3,324,14.9,13.1,14.4,0.0,0.0,0.07,16.0,49.0,15515.0,1.0,5.0,327.0,0.0,100870.0
2025-02-01 18:00:00,26.252352614631,26.3095895598113,0.0,0.22478070175438594,11.6,66,0,1.9,241,13.3,13.2,14.4,0.0,0.0,0.01,15.0,58.0,4051.0,0.0,3.0,342.0,0.0,100870.0
2025-02-01 19:00:00,26.1131054217121,26.1240067441299,0.0,0.22496345029239764,10.4,70,1,6.4,213,12.2,13.2,14.4,0.0,0.0,0.01,12.0,71.0,0.0,0.0,0.0,343.0,0.0,100860.0
2025-02-01 20:00:00,26.0609510717375,26.0584805300006,0.0,0.22514619883040934,9.9,73,6,8.8,226,11.6,13.1,14.4,0.0,0.0,0.01,11.0,75.0,0.0,0.0,1.0,188.0,0.0,100910.0
2025-02-01 21:00:00,25.8685846244954,26.1748510682636,0.0,0.22532894736842105,10.1,77,36,10.3,224,11.2,13.0,14.4,0.0,0.0,0.01,11.0,74.0,0.0,0.0,1.0,204.0,0.0,100900.0
2025-02-01 22:00:00,25.9273076773805,25.8796784644546,0.0,0.22551169590643275,10.4,78,30,8.5,242,11.0,12.9,14.4,0.0,0.0,0.01,11.0,75.0,0.0,0.0,2.0,216.0,0.0,100950.0
2025-02-01 23:00:00,25.8696202868995,25.9065891176694,0.0,0.22569444444444442,10.3,78,10,9.2,237,10.8,12.8,14.4,0.0,0.0,0.01,11.0,74.0,0.0,0.0,0.0,234.0,0.0,100970.0
2025-02-02 00:00:00,25.9341774171691,25.9293904562333,0.0,0.22587719298245612,9.6,78,15,8.6,225,10.6,12.7,14.4,0.0,0.0,0.01,11.0,78.0,0.0,0.0,0.0,234.0,0.0,100940.0
2025-02-02 01:00:00,26.1603416098646,25.9078077085958,0.0,0.22605994152046782,10.2,76,31,9.7,230,11.4,12.7,14.4,0.3,0.3,0.01,11.0,83.0,0.0,0.0,2.0,228.0,0.0,100920.0
2025-02-02 02:00:00,25.8343000657734,26.1830832389694,0.0,0.22624269005847952,9.7,79,49,9.6,234,10.8,12.6,14.4,0.5,0.5,0.01,10.0,88.0,0.0,0.0,1.0,228.0,13.0,100880.0
2025-02-02 03:00:00,25.89053500139,26.1249824108153,0.0,0.22642543859649122,9.5,80,62,6.0,222,10.3,12.5,14.4,0.4,0.4,0.0,10.0,82.0,0.0,0.0,0.0,258.0,0.0,100810.0
2025-02-02 04:00:00,26.081636676924,26.3383558110997,0.0,0.22660818713450293,8.9,82,77,5.8,228,9.9,12.4,14.4,0.0,0.0,0.0,10.0,83.0,0.0,0.0,4.0,258.0,6.0,100760.0
2025-02-02 05:00:00,26.2681435195171,26.7409886329368,0.0,0.2267909356725146,9.7,79,48,10.2,231,9.8,12.2,14.4,0.0,0.0,0.01,9.0,89.0,0.0,0.0,1.0,246.0,4.0,100780.0
2025-02-02 06:00:00,26.6387662595524,27.4152847389018,0.0,0.2269736842105263,9.2,82,72,8.3,233,9.5,12.1,14.4,0.0,0.0,0.0,10.0,87.0,0.0,0.0,2.0,192.0,11.0,100780.0
2025-02-02 07:00:00,26.6031701662279,27.4674173286039,0.0,0.227156432748538,9.1,82,66,6.8,236,9.4,12.0,14.4,0.1,0.1,0.0,9.0,84.0,0.0,0.0,0.0,252.0,0.0,100790.0
2025-02-02 08:00:00,26.7868795645826,27.4264386389511,0.0,0.2273391812865497,10.0,84,67,9.2,232,9.6,11.8,14.3,0.1,0.1,0.02,9.0,86.0,172.0,0.0,1.0,228.0,0.0,100840.0
2025-02-02 09:00:00,26.8438114810448,27.3631263236685,0.0,0.2275219298245614,11.3,84,52,8.4,222,10.4,11.8,14.3,0.0,0.0,0.06,10.0,87.0,5864.0,0.0,1.0,240.0,0.0,100890.0
2025-02-02 10:00:00,26.9757681302298,27.3220358721738,0.0,0.22770467836257308,13.0,70,47,11.2,232,11.4,11.8,14.3,0.0,0.0,0.14,12.0,79.0,21115.0,1.0,2.0,204.0,0.0,100930.0
2025-02-02 11:00:00,26.8474431400929,27.3244902004876,0.0,0.22788742690058478,14.1,66,38,10.3,240,12.5,11.8,14.3,0.0,0.0,0.2,14.0,75.0,41918.0,2.0,3.0,238.0,0.0,100940.0
2025-02-02 12:00:00,26.5695099047458,27.2043477440372,0.0,0.22807017543859648,15.0,64,17,8.4,252,13.8,12.0,14.3,0.0,0.0,0.25,14.0,76.0,21452.0,2.0,3.0,258.0,0.0,100940.0
2025-02-02 13:00:00,27.0870634606889,27.2464132360562,0.0,0.22825292397660818,16.1,61,42,10.4,270,15.2,12.3,14.3,0.1,0.1,0.28,15.0,72.0,68043.0,3.0,3.0,299.0,0.0,100900.0
2025-02-02 14:00:00,26.7653377950785,27.0339918907596,0.0,0.22843567251461988,16.5,55,39,11.9,285,15.7,12.6,14.3,0.0,0.0,0.27,17.0,66.0,33924.0,3.0,3.0,252.0,0.0,100780.0
2025-02-02 15:00:00,26.6048268054589,27.1546798644613,0.0,0.22861842105263155,16.5,56,25,12.0,304,15.8,12.8,14.3,0.0,0.0,0.24,16.0,66.0,52816.0,5.0,3.0,349.0,0.0,100720.0
2025-02-02 16:00:00,26.6213401444771,26.7913624034378,0.0,0.22880116959064326,16.0,60,9,7.8,306,15.7,13.1,14.3,0.0,0.0,0.17,17.0,62.0,32429.0,2.0,5.0,359.0,0.0,100770.0
2025-02-02 17:00:00,26.6652134427186,26.8306780302138,0.0,0.22898391812865496,14.9,69,4,0.8,293,15.1,13.3,14.3,0.0,0.0,0.06,16.0,68.0,13080.0,1.0,4.0,20.0,0.0,100810.0
2025-02-02 18:00:00,26.6311916067313,26.8362259125993,0.0,0.22916666666666666,12.3,73,11,1.1,243,13.5,13.3,14.3,0.0,0.0,0.01,15.0,70.0,3036.0,0.0,1.0,348.0,0.0,100810.0
2025-02-02 19:00:00,26.4233404613042,26.6160150032303,0.0,0.22934941520467836,10.7,76,0,4.5,221,12.3,13.3,14.3,0.0,0.0,0.0,12.0,84.0,0.0,0.0,0.0,318.0,0.0,100860.0
2025-02-02 20:00:00,26.329858041294,26.6174039310703,0.0,0.22953216374269003,9.8,78,4,5.6,202,11.6,13.2,14.3,0.0,0.0,0.0,11.0,86.0,0.0,0.0,1.0,174.0,0.0,100920.0
2025-02-02 21:00:00,26.2973553685382,26.4231637764853,0.0,0.22971491228070173,8.6,83,13,4.3,200,10.9,13.1,14.3,0.0,0.0,0.0,11.0,86.0,0.0,0.0,1.0,167.0,0.0,100960.0
2025-02-02 22:00:00,26.4540957341531,26.535528202678,0.0,0.22989766081871343,8.5,81,14,5.4,203,10.5,13.0,14.3,0.0,0.0,0.0,9.0,89.0,0.0,0.0,0.0,178.0,0.0,100990.0
2025-02-02 23:00:00,26.4563302214003,26.6016023333109,0.0,0.23008040935672514,8.9,78,46,8.9,228,10.2,12.8,14.3,0.0,0.0,0.01,10.0,82.0,0.0,0.0,1.0,192.0,0.0,100980.0
2025-02-03 00:00:00,26.3868980696091,26.3780167120526,0.0,0.23026315789473684,9.9,83,42,12.1,228,10.3,12.7,14.3,0.0,0.0,0.01,10.0,83.0,0.0,0.0,1.0,188.0,0.0,100950.0
2025-02-03 01:00:00,26.2790516180742,26.5194691211916,0.0,0.23044590643274854,10.3,87,81,4.8,259,11.8,12.8,14.3,0.1,0.1,0.0,11.0,83.0,0.0,0.0,1.0,217.0,0.0,100920.0
2025-02-03 02:00:00,26.2854283607325,26.4024435934506,0.0,0.2306286549707602,10.0,89,100,2.4,256,11.4,12.8,14.3,0.3,0.3,0.0,10.0,93.0,0.0,0.0,1.0,177.0,6.0,100850.0
2025-02-03 03:00:00,26.3561054030946,26.7045735504682,0.0,0.2308114035087719,10.0,87,100,0.5,335,10.8,12.7,14.3,0.0,0.0,0.0,10.0,94.0,0.0,0.0,0.0,186.0,3.0,100830.0
2025-02-03 04:00:00,26.5651486577482,27.0080750433779,0.0,0.2309941520467836,9.6,90,100,1.0,58,10.5,12.6,14.3,0.6,0.6,0.0,10.0,94.0,0.0,0.0,1.0,308.0,0.0,100810.0
2025-02-03 05:00:00,26.5078921094007,27.0944208785009,0.0,0.23117690058479531,9.4,92,97,2.9,182,10.3,12.5,14.3,0.0,0.0,0.0,10.0,94.0,0.0,0.0,0.0,217.0,0.0,100800.0
2025-02-03 06:00:00,26.6346704270848,26.9415105498693,0.0,0.23135964912280702,9.0,95,94,3.3,162,10.2,12.3,14.3,0.0,0.0,0.0,10.0,93.0,0.0,0.0,0.0,108.0,0.0,100730.0
2025-02-03 07:00:00,26.6488909979401,26.8651098950345,0.0,0.2315423976608187,8.8,97,100,3.1,185,10.0,12.2,14.2,0.0,0.0,0.0,11.0,90.0,0.0,0.0,1.0,180.0,0.0,100700.0
2025-02-03 08:00:00,26.7626911468057,27.0363179799005,0.0,0.2317251461988304,9.8,95,100,0.2,28,10.2,12.1,14.2,0.4,0.4,0.01,11.0,89.0,314.0,0.0,0.0,228.0,0.0,100700.0
2025-02-03 09:00:00,26.6472035300159,26.8022914553363,0.0,0.2319078947368421,10.4,96,100,0.5,22,10.5,12.0,14.2,0.9,0.9,0.03,11.0,92.0,2212.0,0.0,0.0,156.0,0.0,100670.0
2025-02-03 10:00:00,26.514352692151,26.7482690327155,0.0,0.2320906432748538,11.4,93,100,3.4,105,11.1,12.0,14.2,1.6,1.6,0.05,12.0,90.0,11105.0,0.0,0.0,330.0,0.0,100730.0
2025-02-03 11:00:00,26.5824971986167,26.8629342575003,0.0,0.2322733918128655,12.1,92,100,1.5,113,11.6,12.0,14.2,1.5,1.5,0.06,13.0,83.0,16928.0,1.0,0.0,6.0,0.0,100770.0
2025-02-03 12:00:00,26.6996625697673,26.9480913939481,0.0,0.2324561403508772,13.4,90,95,6.1,353,12.4,12.0,14.2,0.1,0.1,0.1,13.0,87.0,14970.0,1.0,2.0,88.0,3.0,100770.0
2025-02-03 13:00:00,26.7821956912703,27.156229903169,0.0,0.23263888888888887,15.3,77,61,5.9,23,13.5,12.2,14.2,0.0,0.0,0.12,13.0,85.0,14974.0,1.0,3.0,60.0,3.0,100690.0
2025-02-03 14:00:00,26.9191464536509,27.1945042009476,0.0,0.23282163742690057,15.9,69,83,5.4,39,14.5,12.4,14.2,1.5,1.5,0.22,14.0,81.0,35418.0,2.0,2.0,36.0,0.0,100610.0
2025-02-03 15:00:00,26.9730993583027,27.0649961920801,0.0,0.23300438596491227,15.7,69,94,7.6,334,15.0,12.6,14.2,0.7,0.7,0.22,15.0,76.0,38525.0,2.0,2.0,328.0,0.0,100550.0
2025-02-03 16:00:00,26.73405712523,27.2956548220211,0.0,0.23318713450292397,13.0,85,88,7.7,17,14.2,12.8,14.2,2.1,2.1,0.09,15.0,73.0,39923.0,2.0,2.0,300.0,0.0,100530.0
2025-02-03 17:00:00,26.7179550782132,27.1177808797547,0.0,0.23336988304093567,12.5,89,100,1.9,81,13.5,12.9,14.2,0.1,0.1,0.04,12.0,87.0,640.0,0.0,3.0,302.0,0.0,100680.0
2025-02-03 18:00:00,27.0475608801448,27.8296999840604,0.0,0.23355263157894735,11.2,95,99,2.7,39,12.6,12.9,14.2,0.9,0.9,0.01,11.0,91.0,1156.0,0.0,2.0,139.0,11.0,100730.0
2025-02-03 19:00:00,27.2234892638647,28.0059744091146,0.0,0.23373538011695905,11.2,95,100,1.4,97,12.2,12.9,14.2,0.0,0.0,0.0,11.0,92.0,0.0,0.0,0.0,228.0,0.0,100810.0
2025-02-03 20:00:00,27.4811754259875,28.2206233199856,0.0,0.23391812865497075,10.7,98,99,6.3,261,11.9,12.9,14.2,1.8,1.8,0.0,11.0,92.0,0.0,0.0,0.0,246.0,0.0,100900.0
2025-02-03 21:00:00,27.461067528279,28.0705672725046,0.0,0.23410087719298245,10.5,98,93,6.1,286,11.6,12.8,14.2,1.3,1.3,0.0,11.0,91.0,0.0,0.0,2.0,234.0,0.0,100970.0
2025-02-03 22:00:00,27.3720638451225,28.2552379557249,0.0,0.23428362573099415,10.3,97,78,8.3,237,11.3,12.7,14.2,0.1,0.1,0.0,10.0,89.0,0.0,0.0,0.0,270.0,0.0,101010.0
2025-02-03 23:00:00,27.4010778285551,27.8870263107015,0.0,0.23446637426900582,10.1,94,99,10.6,219,11.0,12.6,14.2,0.0,0.0,0.0,9.0,89.0,0.0,0.0,2.0,264.0,0.0,101070.0
2025-02-04 00:00:00,27.2023771769353,27.9717589831834,0.0,0.23464912280701752,9.9,93,100,11.2,234,10.8,12.5,14.2,0.0,0.0,0.0,9.0,91.0,0.0,0.0,0.0,168.0,0.0,101100.0
2025-02-04 01:00:00,27.3750210476786,27.6779340450437,0.0,0.23483187134502922,9.0,90,23,5.0,228,11.0,12.5,14.2,0.0,0.0,0.0,8.0,92.0,0.0,0.0,0.0,318.0,0.0,101110.0
2025-02-04 02:00:00,27.3060658136391,27.3902496453101,0.0,0.23501461988304093,9.1,90,35,11.4,231,10.3,12.4,14.2,0.0,0.0,0.0,7.0,91.0,0.0,0.0,0.0,186.0,0.0,101100.0
2025-02-04 03:00:00,27.2709322392876,27.6772891754504,0.0,0.23519736842105263,8.5,92,38,10.0,223,9.8,12.3,14.1,0.0,0.0,0.0,8.0,91.0,0.0,0.0,0.0,204.0,0.0,101140.0
2025-02-04 04:00:00,27.2712665563807,27.6334431835455,0.0,0.2353801169590643,7.9,92,67,7.3,224,9.5,12.1,14.1,0.0,0.0,0.0,7.0,91.0,0.0,0.0,1.0,180.0,0.0,101130.0
2025-02-04 05:00:00,27.3952783310313,27.6951419178671,0.0,0.235562865497076,7.7,92,68,6.5,229,9.2,11.9,14.1,0.0,0.0,0.0,7.0,89.0,0.0,0.0,0.0,192.0,0.0,101180.0
2025-02-04 06:00:00,27.2546416544836,27.6546580905873,0.0,0.2357456140350877,7.2,93,81,5.1,220,8.9,11.8,14.1,0.0,0.0,0.0,8.0,89.0,0.0,0.0,0.0,186.0,0.0,101220.0
2025-02-04 07:00:00,27.1569308646525,27.5838387131013,0.0,0.2359283625730994,7.1,95,87,5.2,216,8.8,11.6,14.1,0.0,0.0,0.0,8.0,88.0,0.0,0.0,1.0,186.0,0.0,101260.0
2025-02-04 08:00:00,27.3276986480831,27.4624624464263,0.0,0.2361111111111111,8.3,91,23,9.4,225,8.9,11.4,14.1,0.0,0.0,0.02,8.0,89.0,1936.0,0.0,0.0,198.0,0.0,101300.0
2025-02-04 09:00:00,27.3236971722574,27.3707212084746,0.0,0.2362938596491228,11.0,83,12,8.0,232,9.9,11.4,14.1,0.0,0.0,0.08,9.0,88.0,12364.0,1.0,1.0,240.0,0.0,101400.0
2025-02-04 10:00:00,27.2069449112842,27.6341475595151,0.0,0.23647660818713448,13.0,71,11,9.4,253,11.4,11.4,14.1,0.0,0.0,0.18,11.0,80.0,29656.0,1.0,2.0,239.0,0.0,101430.0
2025-02-04 11:00:00,27.0041695983708,27.3761598406605,0.0,0.23665935672514618,14.3,63,37,11.7,265,12.8,11.5,14.1,0.0,0.0,0.25,13.0,75.0,48140.0,3.0,2.0,264.0,0.0,101480.0
2025-02-04 12:00:00,27.2582153261731,27.2556802861361,0.0,0.23684210526315788,14.9,61,73,9.9,270,14.0,11.7,14.1,0.0,0.0,0.29,15.0,63.0,60234.0,3.0,0.0,212.0,0.0,101470.0
2025-02-04 13:00:00,27.0502010475079,27.1292002537418,0.0,0.23702485380116958,15.9,54,55,4.7,273,15.1,12.1,14.1,0.0,0.0,0.3,15.0,59.0,54316.0,5.0,2.0,337.0,0.0,101430.0
2025-02-04 14:00:00,27.0437852285835,27.023869524786,0.0,0.23720760233918128,15.9,53,51,4.1,312,15.5,12.3,14.1,0.0,0.0,0.22,16.0,57.0,74652.0,5.0,4.0,343.0,0.0,101380.0
2025-02-04 15:00:00,26.9804821484561,26.9386894182373,0.0,0.23739035087719296,15.5,56,90,6.3,360,15.5,12.6,14.0,0.0,0.0,0.19,15.0,61.0,32224.0,2.0,4.0,5.0,0.0,101380.0
2025-02-04 16:00:00,26.709529221708,26.9738912987144,0.0,0.23757309941520466,14.7,65,18,9.2,26,15.3,12.8,14.0,0.0,0.0,0.15,14.0,68.0,14515.0,1.0,3.0,8.0,0.0,101420.0
2025-02-04 17:00:00,26.9575494884381,26.7886903874272,0.0,0.23775584795321636,13.3,73,15,9.0,45,14.6,13.0,14.0,0.0,0.0,0.08,14.0,69.0,10580.0,0.0,2.0,18.0,0.0,101480.0
2025-02-04 18:00:00,26.6825393142399,26.6634396531395,0.0,0.23793859649122806,10.6,85,12,4.8,56,13.4,13.1,14.0,0.0,0.0,0.01,13.0,79.0,1478.0,0.0,1.0,42.0,0.0,101550.0
2025-02-04 19:00:00,26.4487902552989,26.6033203491174,0.0,0.23812134502923976,10.2,84,13,2.4,62,12.2,13.1,14.0,0.0,0.0,0.0,12.0,85.0,0.0,0.0,0.0,132.0,0.0,101640.0
2025-02-04 20:00:00,26.7459540890169,26.7241173727744,0.0,0.23830409356725146,9.3,87,14,3.1,108,11.3,13.0,14.0,0.0,0.0,0.0,12.0,83.0,0.0,0.0,0.0,155.0,0.0,101710.0
2025-02-04 21:00:00,26.6727731950428,26.4758564274202,0.0,0.23848684210526314,8.3,91,7,2.8,151,10.7,12.9,14.0,0.0,0.0,0.0,11.0,87.0,0.0,0.0,0.0,90.0,0.0,101750.0
2025-02-04 22:00:00,26.7003484575016,26.5200425386721,0.0,0.23866959064327484,7.6,92,3,4.0,275,10.2,12.7,14.0,0.0,0.0,0.0,9.0,91.0,0.0,0.0,0.0,124.0,0.0,101800.0
2025-02-04 23:00:00,26.3433858793656,26.5441369880615,0.0,0.23885233918128654,7.2,92,1,3.9,279,9.8,12.6,14.0,0.0,0.0,0.0,8.0,93.0,0.0,0.0,0.0,180.0,0.0,101820.0
2025-02-05 00:00:00,26.4738627332222,26.5240105010377,0.0,0.23903508771929824,7.0,91,2,4.2,239,9.4,12.4,14.0,0.0,0.0,0.0,7.0,93.0,0.0,0.0,0.0,174.0,0.0,101860.0
2025-02-05 01:00:00,26.3115106623127,26.3940289319947,0.0,0.23921783625730994,7.6,91,5,4.5,236,10.1,12.4,14.0,0.0,0.0,0.0,9.0,90.0,0.0,0.0,0.0,198.0,0.0,101860.0
2025-02-05 02:00:00,26.4566447192353,26.4781899402589,0.0,0.2394005847953216,7.2,91,14,4.8,224,9.7,12.2,14.0,0.0,0.0,0.0,7.0,93.0,0.0,0.0,0.0,180.0,0.0,101870.0
2025-02-05 03:00:00,26.4008144255584,26.5323080390366,0.0,0.23958333333333331,6.8,94,16,5.6,218,9.4,12.1,14.0,0.0,0.0,0.0,7.0,92.5,0.0,0.0,0.0,192.0,0.0,101860.0
2025-02-05 04:00:00,26.555567625952,26.4560091662504,0.0,0.23976608187134502,6.2,96,18,6.1,216,9.2,11.9,14.0,0.0,0.0,0.0,7.0,92.0,0.0,0.0,0.0,204.0,0.0,101850.0
2025-02-05 05:00:00,26.4444916839862,26.3853388212509,0.0,0.23994883040935672,5.7,99,9,6.4,219,9.0,11.8,14.0,0.0,0.0,0.0,5.0,93.0,0.0,0.0,0.0,176.0,0.0,101840.0
2025-02-05 06:00:00,26.5112666160409,26.2995426242976,0.0,0.24013157894736842,5.9,98,7,6.5,216,8.8,11.6,14.0,0.0,0.0,0.0,5.0,93.0,0.0,0.0,0.0,198.0,0.0,101860.0
2025-02-05 07:00:00,26.4135253153707,26.1693911412093,0.0,0.2403143274853801,6.3,95,4,5.6,213,8.7,11.4,14.0,0.0,0.0,0.0,4.0,94.0,0.0,0.0,0.0,6.0,0.0,101890.0
2025-02-05 08:00:00,26.5023044101063,26.201345861165,0.0,0.2404970760233918,7.6,90,8,7.1,214,8.9,11.3,14.0,0.0,0.0,0.01,4.0,95.0,0.0,0.0,0.0,186.0,0.0,101930.0
2025-02-05 09:00:00,26.5560217102182,26.3113565703038,0.0,0.2406798245614035,10.2,85,22,5.7,225,9.9,11.2,14.0,0.0,0.0,0.07,5.0,95.0,2818.0,0.0,0.0,168.0,0.0,101960.0
2025-02-05 10:00:00,26.3476271967308,26.2931642720804,0.0,0.2408625730994152,12.8,76,1,5.0,279,11.4,11.2,14.0,0.0,0.0,0.16,10.0,83.0,10617.0,0.0,0.0,204.0,0.0,102000.0
2025-02-05 11:00:00,26.4398699175401,26.2108457871401,0.0,0.2410453216374269,14.4,70,14,3.6,7,13.1,11.4,14.0,0.0,0.0,0.27,12.0,85.0,28876.0,1.0,0.0,234.0,0.0,102030.0
2025-02-05 12:00:00,26.4098449509577,26.2600737979216,0.0,0.24122807017543857,15.4,66,16,8.2,35,14.5,11.6,13.9,0.0,0.0,0.31,14.0,74.0,49876.0,3.0,0.0,262.0,0.0,102050.0
2025-02-05 13:00:00,26.3498870373694,26.1249863813071,0.0,0.24141081871345027,15.6,64,28,12.1,36,15.3,11.8,13.9,0.0,0.0,0.29,15.0,71.0,46644.0,3.0,3.0,42.0,0.0,102000.0
2025-02-05 14:00:00,26.243261985966,26.0629134436725,0.0,0.24159356725146197,15.4,65,15,14.2,39,15.7,12.2,13.9,0.0,0.0,0.27,14.0,73.0,15261.0,2.0,2.0,42.0,0.0,101930.0
2025-02-05 15:00:00,26.3163700746278,26.1132546271855,0.0,0.24177631578947367,15.2,65,11,14.4,45,15.8,12.5,13.9,0.0,0.0,0.25,15.0,69.0,17956.0,1.0,4.0,36.0,0.0,101830.0
2025-02-05 16:00:00,26.4450002833896,26.0412773049481,0.0,0.24195906432748537,14.6,67,13,14.7,48,15.5,12.7,13.9,0.0,0.0,0.18,15.0,70.0,41546.0,3.0,5.0,72.0,0.0,101780.0
2025-02-05 17:00:00,26.0572434353674,26.0606512406894,0.0,0.24214181286549707,13.5,73,9,10.6,51,14.7,12.9,13.9,0.0,0.0,0.08,15.0,72.0,12794.0,1.0,4.0,37.0,0.0,101770.0
2025-02-05 18:00:00,26.1568940652258,25.9213881846178,0.0,0.24232456140350875,10.9,87,8,6.9,60,13.5,13.0,13.9,0.0,0.0,0.02,14.0,70.0,7014.0,0.0,4.0,72.0,0.0,101800.0
2025-02-05 19:00:00,26.0545951462898,25.9368388456081,0.0,0.24250730994152045,9.8,89,12,5.0,85,12.3,13.0,13.9,0.0,0.0,0.0,13.0,81.0,716.0,0.0,2.0,48.0,0.0,101830.0
2025-02-05 20:00:00,26.2310962714941,25.8496226371121,0.0,0.24269005847953215,9.3,89,13,4.0,110,11.4,12.9,13.9,0.0,0.0,0.0,11.0,84.0,0.0,0.0,2.0,72.0,0.0,101870.0
2025-02-05 21:00:00,26.0811142367845,25.7242855679337,0.0,0.24287280701754385,8.4,91,8,2.8,105,10.7,12.8,13.9,0.0,0.0,0.0,10.0,89.0,0.0,0.0,0.0,119.0,0.0,101900.0
2025-02-05 22:00:00,26.1344956167567,26.0384810695766,0.0,0.24305555555555555,8.0,93,6,2.6,103,10.3,12.7,13.9,0.0,0.0,0.0,9.0,91.0,0.0,0.0,0.0,180.0,0.0,101910.0
2025-02-05 23:00:00,26.2050395058332,25.8513188762112,0.0,0.24323830409356723,7.3,95,4,3.3,315,10.0,12.5,13.9,0.0,0.0,0.0,9.0,92.0,0.0,0.0,0.0,180.0,0.0,101910.0
2025-02-06 00:00:00,26.0894861484068,25.7932225041057,0.0,0.24342105263157893,7.0,94,2,4.0,285,9.6,12.3,13.9,0.0,0.0,0.0,7.0,93.0,0.0,0.0,0.0,166.0,0.0,101900.0
2025-02-06 01:00:00,25.9658629224583,25.9649511586873,0.0,0.24360380116959063,8.0,92,1,3.7,292,10.3,12.3,13.9,0.0,0.0,0.0,7.0,94.0,0.0,0.0,0.0,155.0,0.0,101870.0
2025-02-06 02:00:00,25.9290938678097,25.7793404853643,0.0,0.24378654970760233,7.6,92,0,4.6,256,9.8,12.2,13.9,0.0,0.0,0.0,6.0,95.0,0.0,0.0,0.0,171.0,0.0,101860.0
2025-02-06 03:00:00,26.0808926148636,25.8003545950556,0.0,0.24396929824561403,6.8,93,0,5.2,244,9.3,12.1,13.9,0.0,0.0,0.0,6.0,95.0,0.0,0.0,0.0,192.0,0.0,101820.0
2025-02-06 04:00:00,26.0344651932446,25.5601363393908,0.0,0.24415204678362573,6.4,93,3,5.1,242,8.9,11.9,13.9,0.0,0.0,0.0,6.0,95.0,0.0,0.0,0.0,180.0,0.0,101770.0
2025-02-06 05:00:00,26.0534201054672,25.6704718780151,0.0,0.2443347953216374,6.1,93,8,5.0,230,8.6,11.7,13.9,0.0,0.0,0.0,5.0,94.0,0.0,0.0,0.0,180.0,0.0,101730.0
2025-02-06 06:00:00,26.133006403872,25.5078608809984,0.0,0.2445175438596491,6.2,93,11,4.9,221,8.5,11.5,13.9,0.0,0.0,0.0,5.0,94.0,0.0,0.0,0.0,168.0,0.0,101730.0
2025-02-06 07:00:00,25.7518068077383,25.4882904151199,0.0,0.2447002923976608,6.1,93,12,5.3,220,8.3,11.3,13.9,0.0,0.0,0.0,5.0,95.0,0.0,0.0,0.0,204.0,0.0,101720.0
2025-02-06 08:00:00,26.0983475096555,25.6433259391874,0.0,0.2448830409356725,7.5,88,23,7.7,228,8.6,11.2,13.9,0.0,0.0,0.02,4.0,95.0,0.0,0.0,0.0,156.0,0.0,101750.0
2025-02-06 09:00:00,25.9421997206789,25.49627076527,0.0,0.2450657894736842,9.8,84,30,7.0,226,9.6,11.1,13.8,0.0,0.0,0.07,4.0,96.0,4190.0,0.0,0.0,173.0,0.0,101770.0
2025-02-06 10:00:00,26.0049559383046,25.5811573117596,0.0,0.24524853801169588,12.3,80,10,6.3,260,11.1,11.1,13.8,0.0,0.0,0.15,8.0,88.0,9300.0,1.0,0.0,264.0,0.0,101770.0
2025-02-06 11:00:00,25.7978955502999,28.347777239314,0.0,0.24543128654970758,14.1,70,0,5.1,322,12.8,11.2,13.8,0.0,0.0,0.27,12.0,82.0,33734.0,2.0,0.0,228.0,0.0,101770.0
2025-02-06 12:00:00,27.3373819788481,34.9286897598411,0.0,0.24561403508771928,15.0,65,1,6.8,358,14.3,11.5,13.8,0.0,0.0,0.32,13.0,76.0,52676.0,5.0,1.0,246.0,0.0,101730.0
2025-02-06 13:00:00,28.7127855039126,33.1777094092637,0.0,0.24579678362573099,15.2,67,8,8.3,17,15.3,11.8,13.8,0.0,0.0,0.31,15.0,69.0,60668.0,3.0,0.0,54.0,0.0,101690.0
2025-02-06 14:00:00,28.7968056757412,32.3636470283848,0.0,0.2459795321637427,15.6,65,8,6.0,47,16.0,12.1,13.8,0.0,0.0,0.31,16.0,64.0,66631.0,6.0,1.0,58.0,0.0,101610.0
2025-02-06 15:00:00,28.65758780388655,31.717363449633346,0.0,0.24616228070175436,15.4,65,15,10.2,38,16.1,12.4,13.8,0.0,0.0,0.25,15.666666666666666,66.0,51034.0,4.333333333333333,2.0,52.666666666666664,0.0,101566.66666666667
2025-02-06 16:00:00,28.5183699320319,31.0710798708819,0.0,0.24634502923976606,14.4,72,15,12.0,37,15.7,12.7,13.8,0.0,0.0,0.17,15.333333333333334,68.0,35437.0,2.6666666666666665,3.0,47.333333333333336,0.0,101523.33333333333
2025-02-06 17:00:00,28.3587467030418,30.6774263711939,0.0,0.24652777777777776,13.2,79,100,8.7,51,14.9,12.9,13.8,0.0,0.0,0.08,15.0,70.0,19840.0,1.0,4.0,42.0,0.0,101480.0
2025-02-06 18:00:00,28.3104279687848,30.3967092166063,0.0,0.24671052631578946,10.8,89,100,5.4,74,13.6,13.0,13.8,0.0,0.0,0.01,14.0,70.0,6792.0,0.0,2.0,38.0,0.0,101480.0
2025-02-06 19:00:00,28.3570875672699,30.4612201640518,0.0,0.24689327485380116,10.4,89,46,3.3,89,12.6,13.0,13.8,0.0,0.0,0.0,13.0,76.0,453.0,0.0,1.0,54.0,0.0,101470.0
2025-02-06 20:00:00,28.3498317743505,30.3113662677341,0.0,0.24707602339181284,8.9,90,57,2.2,101,11.4,13.0,13.8,0.0,0.0,0.0,11.0,81.0,0.0,0.0,0.0,54.0,0.0,101470.0
2025-02-06 21:00:00,28.2937826871574,30.0711863652533,0.0,0.24725877192982454,8.3,89,3,0.2,63,10.6,12.8,13.8,0.0,0.0,0.0,9.0,89.0,0.0,0.0,0.0,177.0,0.0,101480.0
2025-02-06 22:00:00,28.2222924183683,29.9482175167485,0.0,0.24744152046783624,7.4,89,0,2.6,349,9.9,12.7,13.8,0.0,0.0,0.0,9.0,89.0,0.0,0.0,0.0,182.0,0.0,101450.0
2025-02-06 23:00:00,28.1283737572217,29.8751205188513,0.0,0.24762426900584794,6.9,92,0,5.5,249,9.5,12.5,13.8,0.0,0.0,0.0,7.0,92.0,0.0,0.0,0.0,186.0,0.0,101460.0
2025-02-07 00:00:00,28.2736726744043,29.7991077696895,0.0,0.24780701754385964,6.5,92,1,5.2,259,9.1,12.3,13.8,0.0,0.0,0.0,8.0,91.0,0.0,0.0,0.0,186.0,0.0,101410.0
2025-02-07 01:00:00,27.9943191620593,29.7109794655056,0.0,0.24798976608187134,6.9,92,5,5.3,244,9.6,12.3,13.8,0.0,0.0,0.0,6.0,91.0,0.0,0.0,0.0,156.0,0.0,101400.0
2025-02-07 02:00:00,28.239900679019,29.6081023317129,0.0,0.24817251461988302,6.1,94,15,6.1,232,9.2,12.1,13.8,0.0,0.0,0.0,6.0,94.0,0.0,0.0,0.0,246.0,0.0,101350.0
2025-02-07 03:00:00,28.1966789881807,29.7433600545643,0.0,0.24835526315789472,5.3,98,19,8.0,227,8.9,11.9,13.8,0.0,0.0,0.0,7.0,93.0,0.0,0.0,1.0,204.0,0.0,101310.0
2025-02-07 04:00:00,27.9428798388734,29.4896960537782,0.0,0.24853801169590642,4.9,99,5,9.5,221,8.7,11.8,13.8,0.0,0.0,0.0,7.0,93.0,0.0,0.0,2.0,198.0,0.0,101270.0
2025-02-07 05:00:00,28.0491685887594,29.5440205969386,0.0,0.24872076023391812,5.1,100,4,9.1,219,8.5,11.6,13.8,0.0,0.0,0.0,6.0,93.0,0.0,0.0,1.0,204.0,0.0,101210.0
2025-02-07 06:00:00,28.1042522626956,29.5057521136105,0.0,0.24890350877192982,5.4,97,1,7.7,227,8.3,11.4,13.8,0.0,0.0,0.0,5.0,92.0,0.0,0.0,0.0,258.0,0.0,101180.0
2025-02-07 07:00:00,28.0935615692989,29.3017030960862,0.0,0.2490862573099415,5.2,95,7,8.4,238,8.1,11.2,13.8,0.0,0.0,0.0,5.0,95.0,0.0,0.0,0.0,186.0,0.0,101150.0
2025-02-07 08:00:00,27.9332039844328,29.3540518257353,0.0,0.2492690058479532,6.7,86,8,10.7,238,8.2,11.0,13.8,0.0,0.0,0.02,5.0,93.0,134.0,0.0,0.0,234.0,0.0,101170.0
2025-02-07 09:00:00,28.1040820715855,29.4322214131117,0.0,0.2494517543859649,10.6,76,6,8.2,237,9.3,10.9,13.7,0.0,0.0,0.09,7.0,91.0,5064.0,0.0,2.0,222.0,0.0,101190.0
2025-02-07 10:00:00,27.9738270312321,29.0987475984404,0.0,0.2496345029239766,13.5,66,4,7.4,259,11.0,10.9,13.7,0.0,0.0,0.19,9.0,85.0,15643.0,1.0,3.0,264.0,0.0,101200.0
2025-02-07 11:00:00,27.854251291892,28.9583787406267,0.0,0.2498172514619883,15.5,60,1,7.6,269,12.8,11.1,13.7,0.0,0.0,0.29,11.0,76.0,39850.0,2.0,3.0,258.0,0.0,101190.0
2025-02-07 12:00:00,27.7804666296152,28.7443750293666,0.0,0.25,16.8,54,0,8.9,278,14.3,11.3,13.7,0.0,0.0,0.35,13.0,66.0,57218.0,2.0,4.0,256.0,0.0,101160.0
2025-02-07 13:00:00,27.8576136882742,28.7796159608776,0.0,0.2517361111111111,17.8,45,0,7.7,274,15.4,11.6,13.7,0.0,0.0,0.38,15.0,57.0,63868.0,4.0,2.0,232.0,0.0,101090.0
2025-02-07 14:00:00,27.7941797858891,28.4593345726758,0.0,0.2534722222222222,18.2,41,4,6.9,298,16.2,12.0,13.7,0.0,0.0,0.36,17.0,51.0,63221.0,3.0,1.0,249.0,0.0,100970.0
2025-02-07 15:00:00,27.7520527061786,28.6249185512724,0.0,0.2552083333333333,17.7,48,1,7.1,339,16.5,12.3,13.7,0.0,0.0,0.3,18.0,46.0,55050.0,2.0,4.0,355.0,0.0,100890.0
2025-02-07 16:00:00,27.6103157285108,28.4139653464875,0.0,0.2569444444444444,16.2,68,4,8.6,24,16.3,12.6,13.7,0.0,0.0,0.19,17.0,56.0,37213.0,2.0,3.0,19.0,0.0,100880.0
2025-02-07 17:00:00,27.397498538552,28.1251944663592,0.0,0.2586805555555556,14.1,79,0,5.9,44,15.4,12.9,13.7,0.0,0.0,0.08,17.0,57.0,17064.0,1.0,3.0,30.0,0.0,100870.0
2025-02-07 18:00:00,27.2990825436108,28.0121376274779,0.0,0.2604166666666667,11.5,85,0,1.4,101,13.8,13.0,13.7,0.0,0.0,0.01,16.0,62.0,4544.0,0.0,3.0,24.0,0.0,100890.0
2025-02-07 19:00:00,27.5070200987339,27.7347312912922,0.0,0.2621527777777778,10.6,86,9,2.4,158,12.4,13.0,13.7,0.0,0.0,0.0,13.0,73.0,67.0,0.0,1.0,66.0,0.0,100930.0
2025-02-07 20:00:00,27.2569295239183,27.8817244955082,0.0,0.2638888888888889,9.3,84,84,3.9,191,11.4,12.9,13.7,0.0,0.0,0.0,11.0,76.0,0.0,0.0,2.0,162.0,0.0,100960.0
2025-02-07 21:00:00,27.3320135424322,27.8275275742505,0.0,0.265625,8.8,78,54,4.5,220,10.7,12.8,13.7,0.0,0.0,0.0,11.0,78.0,0.0,0.0,2.0,165.0,0.0,100950.0
2025-02-07 22:00:00,27.1199808321377,27.7307866452687,0.0,0.2673611111111111,8.8,72,16,5.3,225,10.1,12.7,13.7,0.0,0.0,0.0,8.0,85.0,0.0,0.0,0.0,141.0,0.0,100990.0
2025-02-07 23:00:00,27.3074722998959,27.8048415675245,0.0,0.2690972222222222,8.5,70,0,6.1,232,9.7,12.5,13.7,0.0,0.0,0.01,8.0,86.0,0.0,0.0,1.0,186.0,0.0,101030.0
2025-02-08 00:00:00,27.320535978807,27.5474327604505,0.0,0.2708333333333333,8.2,69,0,6.5,235,9.3,12.3,13.7,0.0,0.0,0.01,8.0,84.0,0.0,0.0,0.0,198.0,0.0,101050.0
2025-02-08 01:00:00,27.3163992309214,27.3926464839079,0.0,0.2725694444444444,8.0,68,2,7.8,207,9.6,12.3,13.7,0.0,0.0,0.01,8.0,77.0,0.0,0.0,1.0,184.0,0.0,101060.0
2025-02-08 02:00:00,27.2136506371002,27.3767383601971,0.0,0.2743055555555556,7.4,73,0,7.8,214,9.3,12.2,13.7,0.0,0.0,0.01,8.0,77.0,0.0,0.0,0.0,222.0,0.0,101050.0
2025-02-08 03:00:00,27.2126943678694,27.5654418051347,0.0,0.2760416666666667,7.4,76,0,8.0,221,9.0,12.0,13.7,0.0,0.0,0.01,7.0,77.0,0.0,0.0,1.0,234.0,0.0,101000.0
2025-02-08 04:00:00,27.1143208305876,27.4259779845712,0.0,0.2777777777777778,7.4,80,1,7.6,221,8.8,11.8,13.7,0.0,0.0,0.0,9.0,72.0,0.0,0.0,2.0,210.0,0.0,100990.0
2025-02-08 05:00:00,27.1043918357075,27.5795781955527,0.0,0.2795138888888889,7.5,84,2,8.0,214,8.6,11.6,13.7,0.0,0.0,0.0,8.0,71.0,0.0,0.0,2.0,228.0,0.0,101010.0
2025-02-08 06:00:00,27.2835405493609,27.3761806467695,0.0,0.28125,7.6,85,19,8.7,211,8.6,11.4,13.7,0.0,0.0,0.0,9.0,71.0,0.0,0.0,2.0,210.0,0.0,101040.0
2025-02-08 07:00:00,27.0956262564464,27.4083682388798,0.0,0.2829861111111111,8.1,83,9,9.4,215,8.6,11.3,13.7,0.0,0.0,0.0,9.0,72.0,0.0,0.0,3.0,234.0,0.0,101070.0
2025-02-08 08:00:00,26.9475205372004,27.4719194055364,0.0,0.2847222222222222,10.1,77,2,11.2,218,9.0,11.2,13.7,0.0,0.0,0.03,10.0,73.0,339.0,0.0,2.0,228.0,0.0,101120.0
2025-02-08 09:00:00,27.1357902026312,27.2787247169138,0.0,0.2864583333333333,13.9,70,1,11.7,215,10.3,11.1,13.7,0.0,0.0,0.11,11.0,73.0,7184.0,0.0,3.0,258.0,0.0,101160.0
2025-02-08 10:00:00,27.1647257822407,27.0786447772521,0.0,0.2881944444444444,16.7,60,0,12.2,234,12.0,11.2,13.6,0.0,0.0,0.22,13.0,68.0,18564.0,1.0,3.0,264.0,0.0,101200.0
2025-02-08 11:00:00,26.9822814493932,27.3457048193524,0.0,0.2899305555555556,18.4,50,15,14.1,241,13.7,11.4,13.6,0.0,0.0,0.32,15.0,64.0,25222.0,2.0,3.0,276.0,0.0,101230.0
2025-02-08 12:00:00,26.9689648816123,26.9431971310785,0.0,0.2916666666666667,19.6,42,1,13.3,241,15.1,11.6,13.6,0.0,0.0,0.38,18.0,54.0,61486.0,5.0,4.0,310.0,0.0,101220.0
2025-02-08 13:00:00,27.0509747227122,27.21715430991,0.0,0.2934027777777778,20.5,38,0,12.8,247,16.5,12.1,13.6,0.0,0.0,0.42,19.0,43.0,43812.0,3.0,5.0,270.0,0.0,101170.0
2025-02-08 14:00:00,26.9839172947793,27.0358217793622,0.0,0.2951388888888889,20.9,37,0,14.3,251,17.2,12.5,13.6,0.0,0.0,0.41,20.0,36.0,67903.0,6.0,5.0,298.0,0.0,101100.0
2025-02-08 15:00:00,26.8532352398543,26.7615672712473,0.0,0.296875,20.8,39,1,11.4,279,17.5,12.8,13.6,0.0,0.0,0.34,21.0,40.0,53379.0,3.0,3.0,274.0,0.0,101040.0
2025-02-08 16:00:00,26.8701014900332,26.8930143614078,0.0,0.2986111111111111,18.6,63,3,11.9,331,17.3,13.2,13.6,0.0,0.0,0.22,21.0,41.0,34895.0,2.0,2.0,234.0,0.0,101020.0
2025-02-08 17:00:00,26.7063986049918,26.8279484912712,0.0,0.3003472222222222,16.6,80,14,4.0,334,16.6,13.4,13.6,0.0,0.0,0.09,18.0,68.0,14850.0,1.0,4.0,358.0,0.0,101060.0
2025-02-08 18:00:00,26.8548316456483,26.7989506197396,0.0,0.3020833333333333,14.4,83,25,1.1,337,15.1,13.6,13.6,0.0,0.0,0.01,17.0,73.0,3681.0,0.0,1.0,15.0,0.0,101100.0
2025-02-08 19:00:00,26.7158500819825,26.8284627592049,0.0,0.3038194444444444,13.4,86,32,3.7,105,14.0,13.7,13.6,0.0,0.0,0.0,15.0,82.0,0.0,0.0,2.0,112.0,0.0,101180.0
2025-02-08 20:00:00,26.6377634940161,26.5472401830949,0.0,0.3055555555555556,12.6,88,29,4.2,101,13.3,13.7,13.7,0.0,0.0,0.0,14.0,87.0,0.0,0.0,2.0,124.0,0.0,101250.0
2025-02-08 21:00:00,26.5604950475265,26.4187530930161,0.0,0.3072916666666667,12.3,87,20,3.5,85,12.6,13.6,13.7,0.0,0.0,0.0,13.0,88.0,0.0,0.0,3.0,112.0,0.0,101320.0
2025-02-08 22:00:00,26.5881947776311,26.6229931319281,0.0,0.3090277777777778,11.5,88,17,4.6,99,12.0,13.5,13.7,0.0,0.0,0.0,13.0,90.0,0.0,0.0,1.0,91.0,0.0,101380.0
2025-02-08 23:00:00,26.4512835405541,26.3351930464641,0.0,0.3107638888888889,10.9,91,29,3.7,114,11.6,13.4,13.7,0.0,0.0,0.0,13.0,90.0,0.0,0.0,1.0,137.0,0.0,101390.0
2025-02-09 00:00:00,26.5402633698319,26.2480802017471,0.0,0.3125,10.7,93,34,2.1,97,11.2,13.3,13.7,0.0,0.0,0.0,14.0,87.0,0.0,0.0,2.0,126.0,0.0,101370.0
2025-02-09 01:00:00,26.5984679987507,26.4276322825313,0.0,0.3142361111111111,12.1,92,92,3.6,89,12.9,13.4,13.7,0.0,0.0,0.0,14.0,87.0,0.0,0.0,2.0,144.0,0.0,101380.0
2025-02-09 02:00:00,26.6042430333956,26.2358794548179,0.0,0.3159722222222222,12.6,92,100,4.2,102,12.7,13.4,13.7,0.0,0.0,0.0,14.0,87.0,0.0,0.0,2.0,138.0,0.0,101370.0
2025-02-09 03:00:00,26.5048439023348,26.4028035113255,0.0,0.3177083333333333,13.1,90,100,3.6,101,12.6,13.3,13.7,0.0,0.0,0.0,14.0,88.0,0.0,0.0,0.0,130.0,0.0,101350.0
2025-02-09 04:00:00,26.4800143199919,26.2735779973802,0.0,0.3194444444444444,13.6,87,100,2.6,98,12.6,13.3,13.7,0.0,0.0,0.0,13.0,92.0,0.0,0.0,0.0,344.0,0.0,101350.0
2025-02-09 05:00:00,26.5751779052212,26.2180586230671,0.0,0.3211805555555555,13.6,86,97,2.0,100,12.6,13.2,13.7,0.0,0.0,0.0,13.0,93.0,0.0,0.0,0.0,114.0,0.0,101340.0
2025-02-09 06:00:00,26.5063974183275,26.3311040967798,0.0,0.3229166666666667,12.6,90,65,3.5,116,12.4,13.2,13.7,0.0,0.0,0.0,12.0,93.0,0.0,0.0,0.0,166.0,0.0,101340.0
2025-02-09 07:00:00,26.438314478397,26.3877387585065,0.0,0.3246527777777778,11.6,94,27,3.4,133,12.1,13.1,13.7,0.0,0.0,0.0,10.0,91.0,0.0,0.0,0.0,184.0,0.0,101350.0
2025-02-09 08:00:00,26.563974323895,26.2105065997557,0.0,0.3263888888888889,11.6,93,24,5.2,150,12.0,13.1,13.7,0.0,0.0,0.01,9.0,93.0,1107.0,0.0,0.0,210.0,0.0,101370.0
2025-02-09 09:00:00,26.5063606303036,26.1891889567219,0.0,0.328125,14.3,83,3,3.9,246,12.9,13.0,13.7,0.0,0.0,0.09,12.0,91.0,7937.0,0.0,1.0,270.0,0.0,101410.0
2025-02-09 10:00:00,26.4249478935871,26.167034794944,0.0,0.3298611111111111,15.9,77,0,4.3,333,14.3,13.1,13.7,0.0,0.0,0.2,14.0,82.0,26735.0,2.0,0.0,210.0,0.0,101440.0
2025-02-09 11:00:00,26.2741570415045,26.1114520341549,0.0,0.3315972222222222,17.1,71,14,5.2,18,15.8,13.2,13.7,0.0,0.0,0.29,16.0,72.0,48670.0,4.0,1.0,228.0,0.0,101440.0
2025-02-09 12:00:00,26.3903144334965,26.0966043397023,0.0,0.3333333333333333,18.1,68,45,6.4,25,17.1,13.5,13.7,0.0,0.0,0.35,18.0,66.0,62488.0,3.0,2.0,42.0,0.0,101400.0
2025-02-09 13:00:00,26.2675181895291,25.9759518730389,0.0,0.3350694444444444,18.6,66,29,11.5,27,17.7,13.4,13.7,0.0,0.0,0.34,19.0,64.0,77085.0,6.0,3.0,13.0,0.0,101300.0
2025-02-09 14:00:00,26.4535207265842,26.1426939549613,0.0,0.3368055555555555,17.4,70,0,12.6,30,18.0,13.7,13.7,0.0,0.0,0.29,18.0,69.0,64300.0,6.0,4.0,16.0,0.0,101210.0
2025-02-09 15:00:00,26.1456839292321,26.0398680922482,0.0,0.3385416666666667,17.5,71,0,10.9,51,18.1,14.0,13.7,0.0,0.0,0.27,18.0,68.0,49960.0,2.0,3.0,60.0,0.0,101150.0
2025-02-09 16:00:00,26.3280576441036,26.0065521074346,0.0,0.3402777777777778,16.8,74,10,12.1,45,17.7,14.3,13.7,0.0,0.0,0.19,18.0,66.0,31826.0,2.0,4.0,39.0,0.0,101150.0
2025-02-09 17:00:00,26.2493081883177,25.9255585494446,0.0,0.3420138888888889,15.4,80,2,10.5,40,16.9,14.5,13.7,0.0,0.0,0.09,17.0,69.0,12200.0,0.0,3.0,59.0,0.0,101120.0
2025-02-09 18:00:00,26.3226085918847,25.8875252114549,0.0,0.34375,12.8,93,0,6.1,42,15.6,14.6,13.7,0.0,0.0,0.01,16.0,76.0,2916.0,0.0,2.0,52.0,0.0,101150.0
2025-02-09 19:00:00,26.1287584481316,26.0012354734221,0.0,0.3454861111111111,11.7,96,14,4.3,45,14.4,14.6,13.8,0.0,0.0,0.0,13.0,87.0,0.0,0.0,0.0,60.0,0.0,101190.0
2025-02-09 20:00:00,26.25042099489,25.7698820234703,0.0,0.3472222222222222,11.5,97,23,1.8,51,13.3,14.5,13.8,0.0,0.0,0.0,12.0,88.0,0.0,0.0,0.0,162.0,0.0,101220.0
2025-02-09 21:00:00,26.326918327759,25.795582867784,0.0,0.3489583333333333,11.3,97,18,0.5,59,12.5,14.4,13.8,0.0,0.0,0.0,11.0,91.0,0.0,0.0,0.0,162.0,0.0,101250.0
2025-02-09 22:00:00,26.0152080318861,25.8601381796997,0.0,0.3506944444444444,10.3,100,30,1.2,42,12.0,14.2,13.8,0.0,0.0,0.0,10.0,92.0,0.0,0.0,0.0,176.0,0.0,101250.0
2025-02-09 23:00:00,26.2438920960145,25.7755591241822,0.0,0.3524305555555555,10.3,99,45,4.1,241,12.0,14.1,13.8,0.0,0.0,0.0,9.0,94.0,0.0,0.0,0.0,174.0,0.0,101220.0
2025-02-10 00:00:00,26.1961901005303,25.8584451608531,0.0,0.3541666666666667,10.3,97,52,5.0,227,11.9,13.9,13.8,0.0,0.0,0.0,9.0,95.0,0.0,0.0,0.0,178.0,0.0,101210.0
2025-02-10 01:00:00,26.1204937081875,25.6483103560226,0.0,0.3559027777777778,10.4,97,94,4.7,272,12.3,13.9,13.8,0.0,0.0,0.0,9.0,95.0,0.0,0.0,0.0,180.0,0.0,101150.0
2025-02-10 02:00:00,26.2348717607399,25.893465294669,0.0,0.3576388888888889,10.4,95,92,5.7,243,12.1,13.8,13.8,0.0,0.0,0.0,8.0,96.0,0.0,0.0,0.0,180.0,0.0,101100.0
2025-02-10 03:00:00,26.116036416335,25.695635122949,0.0,0.359375,10.0,94,72,6.1,240,11.8,13.7,13.8,0.0,0.0,0.0,8.0,96.0,0.0,0.0,0.0,180.0,0.0,101060.0
2025-02-10 04:00:00,26.1912502322941,25.7233332906322,0.0,0.3611111111111111,9.9,94,95,5.9,240,11.6,13.5,13.8,0.0,0.0,0.0,8.0,96.0,0.0,0.0,0.0,204.0,0.0,101010.0
2025-02-10 05:00:00,26.142173680345,25.5471556130138,0.0,0.3628472222222222,9.9,94,100,5.4,241,11.4,13.4,13.8,0.0,0.0,0.0,10.0,96.0,0.0,0.0,0.0,204.0,0.0,100960.0
2025-02-10 06:00:00,26.1026541901307,25.5534416246495,0.0,0.3645833333333333,9.8,93,100,5.9,240,11.2,13.3,13.8,0.0,0.0,0.0,10.0,97.0,0.0,0.0,0.0,192.0,0.0,101000.0
2025-02-10 07:00:00,25.9900565862228,25.8669868072644,0.0,0.3663194444444444,9.9,93,100,6.7,242,11.2,13.1,13.8,0.0,0.0,0.0,10.0,97.0,0.0,0.0,0.0,159.0,0.0,101010.0
2025-02-10 08:00:00,25.9661700763966,25.6285673328312,0.0,0.3680555555555555,10.8,91,100,7.9,258,11.5,13.0,13.8,0.0,0.0,0.02,10.0,97.0,2228.0,0.0,0.0,192.0,0.0,101030.0
2025-02-10 09:00:00,25.7769432109855,25.5895140217407,0.0,0.3697916666666667,11.9,92,100,7.6,272,12.0,13.0,13.8,0.0,0.0,0.05,10.0,97.0,9814.0,1.0,0.0,246.0,0.0,101060.0
2025-02-10 10:00:00,26.0509183057581,25.5738938586688,0.0,0.3715277777777778,13.3,87,71,7.5,286,13.0,12.9,13.8,0.0,0.0,0.1,12.0,91.0,29300.0,1.0,2.0,258.0,0.0,101080.0
2025-02-10 11:00:00,26.2059875343076,25.50322138644,0.0,0.3732638888888889,15.2,77,55,6.1,297,14.4,13.0,13.8,0.0,0.0,0.23,14.0,83.0,50744.0,3.0,2.0,288.0,0.0,101060.0
2025-02-10 12:00:00,25.8045714264786,25.3285677811364,0.0,0.375,16.5,74,4,6.3,327,15.9,13.2,13.8,0.0,0.0,0.33,17.0,71.0,62990.0,5.0,2.0,338.0,0.0,101010.0
2025-02-10 13:00:00,26.013911802233,31.7224040420144,0.0,0.3767361111111111,17.7,71,39,4.9,351,17.5,13.6,13.9,0.0,0.0,0.37,18.0,64.0,67380.0,5.0,0.0,209.0,0.0,100930.0
2025-02-10 14:00:00,27.0206220236784,31.0358554674363,0.0,0.3784722222222222,17.6,73,37,7.2,16,18.2,13.9,13.9,0.0,0.0,0.33,19.0,63.0,61796.0,5.0,1.0,320.0,0.0,100830.0
2025-02-10 15:00:00,27.3743088213493,30.2743825286783,0.0,0.3802083333333333,17.0,76,55,10.2,30,18.3,14.2,13.9,0.0,0.0,0.27,18.0,66.0,46685.0,1.0,3.0,26.0,0.0,100750.0
2025-02-10 16:00:00,27.4265363330469,29.7349566728996,0.0,0.3819444444444444,16.0,78,69,10.7,34,17.9,14.5,13.9,0.0,0.0,0.18,17.0,74.0,25408.0,1.0,4.0,38.0,0.0,100750.0
2025-02-10 17:00:00,27.4084777230507,29.4741320381343,0.0,0.3836805555555555,14.7,83,76,8.9,33,17.0,14.7,13.9,0.0,0.0,0.09,16.0,79.0,8205.0,1.0,4.0,58.0,0.0,100750.0
2025-02-10 18:00:00,27.4040727816023,29.3973576371539,0.0,0.3854166666666667,12.2,94,6,4.8,32,15.6,14.8,13.9,0.0,0.0,0.01,15.0,85.0,2683.0,0.0,3.0,26.0,0.0,100780.0
2025-02-10 19:00:00,27.5468661473125,29.2001574559657,0.0,0.3871527777777778,11.4,96,0,1.0,21,14.2,14.8,13.9,0.0,0.0,0.0,13.0,90.0,0.0,0.0,0.0,60.0,0.0,100830.0
2025-02-10 20:00:00,27.2588842830577,29.14767316032,0.0,0.3888888888888889,10.5,99,2,1.7,319,13.1,14.7,13.9,0.0,0.0,0.0,11.0,92.0,0.0,0.0,0.0,122.0,0.0,100870.0
2025-02-10 21:00:00,27.209371674529,28.7905414074808,0.0,0.390625,9.8,99,19,3.6,270,12.3,14.5,13.9,0.0,0.0,0.0,11.0,93.0,0.0,0.0,0.0,115.0,0.0,100890.0
2025-02-10 22:00:00,27.5138347334304,28.8955274535881,0.0,0.3923611111111111,9.1,100,95,3.3,257,11.9,14.3,13.9,0.0,0.0,0.0,11.0,92.0,0.0,0.0,0.0,174.0,0.0,100910.0
2025-02-10 23:00:00,27.2426436419561,28.6670190373194,0.0,0.3940972222222222,9.0,100,92,3.7,276,11.6,14.1,13.9,0.0,0.0,0.0,12.0,91.5,0.0,0.0,0.0,166.0,0.0,100900.0
2025-02-11 00:00:00,27.3382667272538,28.6421350235218,0.0,0.3958333333333333,9.7,96,77,4.6,265,11.5,14.0,14.0,0.0,0.0,0.0,13.0,91.0,0.0,0.0,0.0,158.0,0.0,100890.0
2025-02-11 01:00:00,27.2672546214576,28.5499466027583,0.0,0.3975694444444444,9.3,98,94,4.9,255,12.6,14.1,14.0,0.0,0.0,0.0,13.0,90.0,0.0,0.0,0.0,184.0,0.0,100860.0
2025-02-11 02:00:00,27.3934849494264,28.522805264303,0.0,0.3993055555555555,9.6,96,67,4.8,248,12.1,13.9,14.0,0.0,0.0,0.0,11.0,94.0,0.0,0.0,0.0,179.0,0.0,100840.0
2025-02-11 03:00:00,27.2951671778889,28.4476075365071,0.0,0.4010416666666667,9.6,96,73,4.8,247,11.8,13.8,14.0,0.0,0.0,0.0,9.0,95.0,0.0,0.0,0.0,158.0,0.0,100830.0
2025-02-11 04:00:00,27.2813625366635,28.3305173626735,0.0,0.4027777777777778,9.5,94,88,4.0,250,11.6,13.7,14.0,0.0,0.0,0.0,8.0,96.0,0.0,0.0,0.0,138.0,0.0,100810.0
2025-02-11 05:00:00,27.2337899006326,28.4166078997287,0.0,0.4045138888888889,9.3,94,92,2.4,234,11.4,13.5,14.0,0.0,0.0,0.0,11.0,96.0,0.0,0.0,0.0,173.0,0.0,100780.0
2025-02-11 06:00:00,27.2914826414261,28.1393651760974,0.0,0.40625,9.3,94,100,3.9,240,11.2,13.4,14.0,0.0,0.0,0.0,11.0,95.0,0.0,0.0,0.0,192.0,0.0,100750.0
2025-02-11 07:00:00,27.278278148761,28.3701937502431,0.0,0.4079861111111111,9.2,96,100,4.8,253,11.0,13.2,14.0,0.0,0.0,0.0,11.0,95.0,0.0,0.0,0.0,72.0,0.0,100740.0
2025-02-11 08:00:00,27.322816637815,28.3557152033599,0.0,0.4097222222222222,10.0,94,100,5.6,256,11.2,13.1,14.0,0.0,0.0,0.01,12.0,95.0,0.0,0.0,0.0,234.0,0.0,100760.0
2025-02-11 09:00:00,27.1751502918859,28.2581623775245,0.0,0.4114583333333333,11.5,92,100,5.8,275,11.9,13.0,14.0,0.0,0.0,0.07,12.0,94.0,3445.0,0.0,0.0,228.0,0.0,100790.0
2025-02-11 10:00:00,27.2298016052415,28.2627638493343,0.0,0.4131944444444444,14.3,77,91,5.6,308,13.2,13.0,14.0,0.0,0.0,0.17,12.0,92.0,10316.0,1.0,1.0,222.0,0.0,100830.0
2025-02-11 11:00:00,27.1638003382422,28.0387037896981,0.0,0.4149305555555555,16.7,65,98,5.2,327,14.8,13.1,14.0,0.0,0.0,0.27,12.0,88.0,9871.0,1.0,1.0,234.0,0.0,100850.0
2025-02-11 12:00:00,27.2279336966307,28.1092948265384,0.0,0.41666666666666663,18.3,61,92,5.6,352,16.3,13.3,14.0,0.0,0.0,0.33,14.0,76.0,62049.0,4.0,1.0,174.0,0.0,100840.0
2025-02-11 13:00:00,27.1549153693765,27.6696872987183,0.0,0.4184027777777778,17.5,69,81,9.7,11,16.3,13.3,14.0,0.0,0.0,0.31,16.0,72.0,78228.0,6.0,0.0,187.0,0.0,100780.0
2025-02-11 14:00:00,27.0165027239507,28.0075618864958,0.0,0.4201388888888889,17.1,72,78,9.9,26,17.1,13.6,14.0,0.0,0.0,0.3,18.0,66.0,46826.0,3.0,0.0,120.0,0.0,100700.0
2025-02-11 15:00:00,27.0367518504043,27.808362280797,0.0,0.421875,17.0,72,64,9.1,44,17.5,13.9,14.0,0.0,0.0,0.26,19.0,61.0,69477.0,6.0,1.0,192.0,0.0,100610.0
2025-02-11 16:00:00,27.141201963115,27.8674619720954,0.0,0.4236111111111111,16.7,72,7,8.9,37,17.3,14.1,14.0,0.0,0.0,0.19,19.0,66.0,58264.0,3.0,4.0,30.0,0.0,100540.0
2025-02-11 17:00:00,26.99404017107,27.4955896678506,0.0,0.4253472222222222,15.5,76,0,5.6,42,16.6,14.3,14.0,0.0,0.0,0.09,18.0,71.0,25776.0,2.0,4.0,348.0,0.0,100510.0
2025-02-11 18:00:00,26.9186051293072,27.4756244745464,0.0,0.4270833333333333,12.7,84,0,2.2,52,15.2,14.4,14.0,0.0,0.0,0.01,16.0,75.0,8112.0,1.0,2.0,42.0,0.0,100540.0
2025-02-11 19:00:00,27.1615731461923,27.388897744138,0.0,0.4288194444444444,12.0,85,0,1.8,74,13.8,14.4,14.0,0.0,0.0,0.0,15.0,79.0,1067.0,0.0,2.0,26.0,0.0,100570.0
2025-02-11 20:00:00,27.1236195166605,27.3962782346371,0.0,0.4305555555555555,11.8,84,0,0.5,72,12.7,14.3,14.0,0.0,0.0,0.0,13.0,85.0,0.0,0.0,0.0,125.0,0.0,100640.0
2025-02-11 21:00:00,27.00925064972,27.3311989817401,0.0,0.43229166666666663,10.7,85,3,3.6,207,12.0,14.2,14.0,0.0,0.0,0.0,11.0,89.0,0.0,0.0,0.0,276.0,0.0,100660.0
2025-02-11 22:00:00,26.8510373841,27.1015118212014,0.0,0.4340277777777778,10.4,77,3,6.1,202,11.4,14.0,14.0,0.0,0.0,0.0,10.0,92.0,0.0,0.0,0.0,306.0,0.0,100700.0
2025-02-11 23:00:00,26.9120817391441,27.1106387119014,0.0,0.4357638888888889,10.4,68,21,7.7,222,11.1,13.8,14.0,0.0,0.0,0.02,9.0,93.0,0.0,0.0,2.0,168.0,0.0,100750.0
2025-02-12 00:00:00,26.5767525420839,27.1095725419608,0.0,0.4375,10.9,63,21,9.9,226,10.9,13.6,14.0,0.0,0.0,0.03,10.0,94.0,0.0,0.0,2.0,168.0,0.0,100740.0
2025-02-12 01:00:00,26.8091095685095,27.2075003595115,0.0,0.4392361111111111,10.6,65,35,8.2,225,10.0,13.6,14.1,0.0,0.0,0.02,9.0,94.0,0.0,0.0,0.0,192.0,0.0,100730.0
2025-02-12 02:00:00,26.8369765194334,26.886761703478,0.0,0.4409722222222222,10.8,57,36,9.0,214,9.9,13.3,14.1,0.0,0.0,0.03,9.0,92.0,0.0,0.0,0.0,163.0,0.0,100700.0
2025-02-12 03:00:00,26.9162532378467,26.902463762701,0.0,0.4427083333333333,11.0,52,86,11.2,214,10.0,13.1,14.1,0.0,0.0,0.05,9.0,92.0,0.0,0.0,1.0,198.0,0.0,100710.0
2025-02-12 04:00:00,26.871779729836,26.8992698264977,0.0,0.4444444444444444,11.2,51,82,11.3,212,10.2,12.9,14.1,0.0,0.0,0.05,11.0,81.0,0.0,0.0,1.0,222.0,0.0,100670.0
2025-02-12 05:00:00,26.6604749205368,27.0689895898933,0.0,0.4461805555555555,9.6,59,100,7.2,222,10.0,12.8,14.1,0.0,0.0,0.02,11.0,73.0,0.0,0.0,3.0,216.0,0.0,100630.0
2025-02-12 06:00:00,26.7505261650759,27.0046859607728,0.0,0.44791666666666663,9.0,64,100,5.2,234,9.6,12.6,14.1,0.0,0.0,0.01,10.0,68.0,0.0,0.0,2.0,176.0,0.0,100680.0
2025-02-12 07:00:00,26.6952327388476,26.9893299056547,0.0,0.4496527777777778,8.1,69,66,6.4,249,9.1,12.4,14.0,0.0,0.0,0.01,10.0,62.0,0.0,0.0,2.0,210.0,0.0,100700.0
2025-02-12 08:00:00,26.5345613206749,26.8860523557062,0.0,0.4513888888888889,10.9,66,17,8.2,258,9.5,12.2,14.0,0.0,0.0,0.04,10.0,66.0,0.0,0.0,1.0,222.0,0.0,100760.0
2025-02-12 09:00:00,26.5953919232746,26.928059888448,0.0,0.453125,14.4,65,23,10.3,239,11.0,12.1,14.0,0.0,0.0,0.13,9.0,66.0,4652.0,0.0,0.0,204.0,0.0,100820.0
2025-02-12 10:00:00,26.5824230965749,26.8688513687698,0.0,0.4548611111111111,16.8,56,1,11.1,232,12.7,12.1,14.0,0.0,0.0,0.23,15.0,58.0,19050.0,1.0,2.0,264.0,0.0,100910.0
2025-02-12 11:00:00,26.713189813468,26.8472655781919,0.0,0.4565972222222222,18.2,57,3,8.8,255,14.4,12.3,14.0,0.0,0.0,0.31,16.0,53.0,32232.0,2.0,4.0,240.0,0.0,100930.0
2025-02-12 12:00:00,26.7314160151468,26.6439821198073,0.0,0.4583333333333333,19.2,53,5,8.8,265,16.0,12.5,14.0,0.0,0.0,0.38,18.0,51.0,50344.0,4.0,3.0,211.0,0.0,100920.0
2025-02-12 13:00:00,26.6795889078602,26.6975615497431,0.0,0.4600694444444444,20.4,50,14,9.7,290,17.6,13.1,14.0,0.0,0.0,0.41,19.0,51.0,66330.0,3.0,4.0,292.0,0.0,100870.0
2025-02-12 14:00:00,26.6274076277009,26.7009053544068,0.0,0.4618055555555555,19.8,59,14,11.5,328,18.2,13.4,14.0,0.0,0.0,0.36,21.0,45.0,66949.0,6.0,4.0,270.0,0.0,100740.0
2025-02-12 15:00:00,26.6838032192552,26.4140186531477,0.0,0.46354166666666663,18.1,69,9,15.2,337,18.3,13.8,14.0,0.0,0.0,0.28,19.0,58.0,68225.0,6.0,4.0,36.0,0.0,100620.0
2025-02-12 16:00:00,26.3777287229292,26.2620410223051,0.0,0.4652777777777778,17.5,70,11,9.4,319,17.9,14.1,14.0,0.0,0.0,0.19,18.0,67.0,41976.0,3.0,6.0,19.0,0.0,100600.0
2025-02-12 17:00:00,26.499757734795,26.3468238177762,0.0,0.4670138888888889,16.4,74,41,5.0,322,17.1,14.3,14.0,0.0,0.0,0.09,17.0,69.0,23010.0,1.0,5.0,0.0,0.0,100600.0
2025-02-12 18:00:00,26.6538505092641,26.3510200117717,0.0,0.46875,14.7,77,36,2.8,291,15.9,14.4,14.1,0.0,0.0,0.02,16.0,71.0,6335.0,0.0,4.0,4.0,0.0,100640.0
2025-02-12 19:00:00,26.4484662915083,26.1276962391019,0.0,0.4704861111111111,13.6,75,47,6.0,254,14.7,14.5,14.1,0.0,0.0,0.01,16.0,74.0,407.0,0.0,2.0,330.0,0.0,100690.0
2025-02-12 20:00:00,26.4844102780819,26.3033658911948,0.0,0.4722222222222222,14.1,72,35,9.0,219,14.2,14.5,14.1,0.0,0.0,0.02,16.0,75.0,0.0,0.0,0.0,282.0,0.0,100770.0
2025-02-12 21:00:00,26.3159034333766,26.3372818384629,0.0,0.4739583333333333,13.3,70,39,9.2,212,13.8,14.4,14.1,0.0,0.0,0.02,16.0,69.0,0.0,0.0,1.0,276.0,0.0,100880.0
2025-02-12 22:00:00,26.4217908035779,26.210325578054,0.0,0.4756944444444444,12.7,67,22,9.2,220,13.3,14.4,14.1,0.0,0.0,0.02,15.0,69.0,0.0,0.0,1.0,246.0,0.0,100950.0
2025-02-12 23:00:00,26.4676043038338,26.2723688917933,0.0,0.4774305555555555,12.2,66,0,9.9,221,12.9,14.3,14.1,0.0,0.0,0.03,14.0,73.0,0.0,0.0,1.0,246.0,0.0,100970.0
2025-02-13 00:00:00,25.9793058706478,26.2148352063159,0.0,0.47916666666666663,11.4,67,0,11.0,219,12.4,14.1,14.1,0.0,0.0,0.03,13.0,74.0,0.0,0.0,0.0,228.0,0.0,100980.0
2025-02-13 01:00:00,26.3391816020675,26.067780198323,0.0,0.4809027777777778,11.5,67,0,9.9,212,13.1,14.1,14.1,0.0,0.0,0.03,12.0,73.0,0.0,0.0,1.0,210.0,0.0,100970.0
2025-02-13 02:00:00,26.1976421740095,26.0497301717596,0.0,0.4826388888888889,10.9,68,0,8.5,214,12.4,14.0,14.1,0.0,0.0,0.02,12.0,69.0,0.0,0.0,2.0,204.0,0.0,100940.0
2025-02-13 03:00:00,26.245932113856,26.0712963638071,0.0,0.484375,10.1,70,0,7.0,215,11.8,13.9,14.1,0.0,0.0,0.01,12.0,68.0,0.0,0.0,2.0,270.0,0.0,100910.0
2025-02-13 04:00:00,26.1008124295602,26.0565003663742,0.0,0.4861111111111111,9.5,72,0,5.8,216,11.3,13.7,14.1,0.0,0.0,0.01,12.0,66.0,0.0,0.0,1.0,234.0,0.0,100880.0
2025-02-13 05:00:00,26.363653299531,26.0320037167038,0.0,0.4878472222222222,9.1,72,0,4.4,203,10.7,13.6,14.1,0.0,0.0,0.0,10.0,77.0,0.0,0.0,0.0,192.0,0.0,100900.0
2025-02-13 06:00:00,26.2807619767812,26.20074380349,0.0,0.4895833333333333,8.7,73,0,4.2,180,10.2,13.4,14.1,0.0,0.0,0.0,10.0,78.0,0.0,0.0,1.0,180.0,0.0,100900.0
2025-02-13 07:00:00,26.1240273810193,26.1333760823425,0.0,0.4913194444444444,8.3,74,0,4.1,166,9.8,13.1,14.1,0.0,0.0,0.0,9.0,79.0,0.0,0.0,0.0,240.0,0.0,100940.0
2025-02-13 08:00:00,26.2517303722128,26.0582998845934,0.0,0.4930555555555555,10.4,71,0,4.3,162,10.1,12.9,14.1,0.0,0.0,0.02,6.0,88.0,264.0,0.0,0.0,204.0,0.0,100960.0
2025-02-13 09:00:00,26.2830023847956,26.0849477164666,0.0,0.49479166666666663,14.1,66,0,5.4,181,11.5,12.8,14.1,0.0,0.0,0.12,9.0,82.0,5680.0,0.0,0.0,294.0,0.0,101010.0
2025-02-13 10:00:00,26.2740579236269,25.942562941204,0.0,0.4965277777777778,16.3,52,0,1.9,208,13.3,12.8,14.1,0.0,0.0,0.22,14.0,67.0,22202.0,1.0,1.0,192.0,0.0,101040.0
2025-02-13 11:00:00,26.3189977674962,27.956814582,0.0,0.4982638888888889,17.2,49,0,0.5,323,15.1,12.9,14.1,0.0,0.0,0.31,16.0,59.0,45095.0,3.0,1.0,18.0,0.0,101080.0
2025-02-13 12:00:00,26.2926686095676,31.2244583094143,0.0,0.5,17.8,48,0,3.1,33,16.6,13.2,14.1,0.0,0.0,0.37,18.0,49.0,62772.0,4.0,1.0,292.0,0.0,101080.0
2025-02-13 13:00:00,26.9701582373395,30.5802939885846,0.0,0.5044642857142857,18.6,49,0,4.4,25,17.9,13.5,14.1,0.0,0.0,0.39,18.0,49.0,15976.0,2.0,2.0,153.0,0.0,101010.0
2025-02-13 14:00:00,27.129741877307,29.8899983194486,0.0,0.5089285714285714,18.6,50,0,6.6,35,18.5,13.9,14.1,0.0,0.0,0.37,18.0,53.0,72072.0,5.0,2.0,20.0,0.0,100930.0
2025-02-13 15:00:00,27.4748473197314,29.5344352266341,0.0,0.5133928571428571,18.3,52,1,9.1,39,18.6,14.2,14.1,0.0,0.0,0.31,19.0,54.0,57895.0,5.0,4.0,4.0,0.0,100860.0
2025-02-13 16:00:00,27.2561744300792,29.3316139141634,0.0,0.5178571428571429,17.1,57,3,11.1,42,18.1,14.5,14.1,0.0,0.0,0.22,18.0,59.0,40754.0,2.0,4.0,358.0,0.0,100860.0
2025-02-13 17:00:00,27.1652822167425,28.8968769263203,0.0,0.5223214285714286,15.6,65,3,8.4,54,17.1,14.7,14.1,0.0,0.0,0.11,17.0,65.0,19648.0,1.0,4.0,54.0,0.0,100850.0
2025-02-13 18:00:00,27.2048717973814,28.8918523638213,0.0,0.5267857142857143,12.6,77,2,5.6,63,15.7,14.8,14.1,0.0,0.0,0.02,16.0,69.0,5845.0,0.0,2.0,54.0,0.0,100860.0
2025-02-13 19:00:00,27.245416054357,28.8277025954083,0.0,0.53125,12.1,77,1,2.0,73,14.2,14.8,14.1,0.0,0.0,0.0,14.0,76.0,177.0,0.0,1.0,82.0,0.0,100880.0
2025-02-13 20:00:00,27.123467527076,28.5035354208714,0.0,0.5357142857142857,11.7,76,0,0.9,78,13.1,14.7,14.2,0.0,0.0,0.0,12.0,79.0,0.0,0.0,0.0,54.0,0.0,100900.0
2025-02-13 21:00:00,27.2831224825905,28.6456489664159,0.0,0.5401785714285714,11.3,76,0,0.9,83,12.2,14.5,14.2,0.0,0.0,0.0,11.0,85.0,0.0,0.0,0.0,111.0,0.0,100970.0
2025-02-13 22:00:00,27.0057108033404,28.2393003782312,0.0,0.5446428571428571,10.5,79,0,3.3,189,11.6,14.3,14.2,0.0,0.0,0.0,9.0,83.0,0.0,0.0,0.0,175.0,0.0,100980.0
2025-02-13 23:00:00,27.0471808373061,28.474870357482,0.0,0.5491071428571429,9.9,80,0,3.3,200,11.0,14.1,14.2,0.0,0.0,0.0,9.0,87.0,0.0,0.0,0.0,184.0,0.0,100950.0
2025-02-14 00:00:00,27.0471718269327,28.2985584336011,0.0,0.5535714285714286,9.5,80,0,2.3,190,10.6,13.9,14.2,0.0,0.0,0.0,8.0,88.0,0.0,0.0,0.0,149.0,0.0,100960.0
2025-02-14 01:00:00,27.1655396604833,28.147872173158,0.0,0.5580357142857143,9.6,78,0,3.1,204,10.5,13.8,14.2,0.0,0.0,0.0,9.0,87.0,0.0,0.0,0.0,216.0,0.0,100940.0
2025-02-14 02:00:00,27.1237601143673,28.0524012877419,0.0,0.5625,9.1,78,0,3.9,225,10.1,13.6,14.2,0.0,0.0,0.0,8.0,90.0,0.0,0.0,0.0,222.0,0.0,100900.0
2025-02-14 03:00:00,27.2814407966639,28.3076870405454,0.0,0.5669642857142857,8.4,79,0,4.2,243,9.7,13.3,14.2,0.0,0.0,0.0,7.0,90.0,0.0,0.0,0.0,180.0,0.0,100840.0
2025-02-14 04:00:00,27.0766018565741,28.0306489273564,0.0,0.5714285714285714,7.8,80,0,3.8,239,9.4,13.1,14.2,0.0,0.0,0.0,7.0,88.0,0.0,0.0,0.0,180.0,0.0,100800.0
2025-02-14 05:00:00,27.1923984318419,27.9616590428145,0.0,0.5758928571428571,7.7,78,0,2.9,225,9.1,12.9,14.2,0.0,0.0,0.0,6.0,89.0,0.0,0.0,0.0,186.0,0.0,100780.0
2025-02-14 06:00:00,27.1441226192995,28.0728308709134,0.0,0.5803571428571429,7.8,75,0,3.4,228,8.8,12.6,14.2,0.0,0.0,0.0,6.0,89.0,0.0,0.0,0.0,186.0,0.0,100780.0
2025-02-14 07:00:00,27.1152937027979,27.8309749227237,0.0,0.5848214285714286,7.5,76,0,5.2,236,8.6,12.4,14.2,0.0,0.0,0.0,6.0,89.0,0.0,0.0,0.0,186.0,0.0,100790.0
2025-02-14 08:00:00,27.0804340290208,28.0808790311469,0.0,0.5892857142857143,10.3,71,0,5.1,238,9.0,12.2,14.2,0.0,0.0,0.03,6.0,89.0,784.0,0.0,1.0,192.0,0.0,100810.0
2025-02-14 09:00:00,26.9767889683056,27.9716638333715,0.0,0.59375,13.9,67,0,5.1,247,10.6,12.1,14.2,0.0,0.0,0.12,9.0,79.0,7800.0,0.0,0.0,186.0,0.0,100790.0
2025-02-14 10:00:00,27.1395441130098,27.9990124368837,0.0,0.5982142857142857,16.5,60,0,5.3,292,12.6,12.1,14.1,0.0,0.0,0.23,13.0,68.0,26263.0,2.0,2.0,228.0,0.0,100800.0
2025-02-14 11:00:00,27.050912153124,27.8365637005259,0.0,0.6026785714285714,18.0,53,0,5.2,333,14.5,12.2,14.1,0.0,0.0,0.33,16.0,54.0,49510.0,4.0,0.0,193.0,0.0,100780.0
2025-02-14 12:00:00,27.0075077515761,27.7630942996914,0.0,0.6071428571428571,19.0,52,0,6.3,1,16.2,12.5,14.1,0.0,0.0,0.39,19.0,45.0,66068.0,4.0,1.0,192.0,0.0,100740.0
2025-02-14 13:00:00,27.1220549436617,27.4865717703444,0.0,0.6116071428571429,19.8,52,0,7.5,18,17.1,12.8,14.1,0.0,0.0,0.41,21.0,38.0,70824.0,4.0,0.0,35.0,0.0,100670.0
2025-02-14 14:00:00,26.9589424711365,27.5654293184973,0.0,0.6160714285714286,19.6,53,0,9.4,30,17.9,13.1,14.1,0.0,0.0,0.39,22.0,34.0,67300.0,3.0,2.0,355.0,0.0,100550.0
2025-02-14 15:00:00,26.8931760134543,27.4872663383435,0.0,0.6205357142857143,19.0,53,0,10.1,37,18.2,13.5,14.1,0.0,0.0,0.32,22.0,40.0,56650.0,3.0,3.0,43.0,0.0,100480.0
2025-02-14 16:00:00,26.8445883407654,27.3397707812622,0.0,0.625,18.3,56,0,9.1,37,17.9,13.8,14.1,0.0,0.0,0.23,21.0,36.0,38068.0,2.0,4.0,66.0,0.0,100480.0
2025-02-14 17:00:00,26.5338241467317,27.0481323264135,0.0,0.6294642857142857,16.6,69,0,5.3,35,17.1,14.0,14.1,0.0,0.0,0.11,20.0,38.0,17041.0,1.0,3.0,48.0,0.0,100470.0
2025-02-14 18:00:00,26.8307307325075,27.0200882108879,0.0,0.6339285714285714,13.6,77,0,1.7,32,15.4,14.2,14.1,0.0,0.0,0.01,19.0,48.0,4170.0,0.0,3.0,24.0,0.0,100450.0
2025-02-14 19:00:00,26.6881485518026,27.1129538229253,0.0,0.6383928571428571,12.6,79,0,1.6,339,14.0,14.2,14.1,0.0,0.0,0.0,15.0,74.0,0.0,0.0,2.0,12.0,0.0,100490.0
2025-02-14 20:00:00,26.7517703725401,26.8748867308508,0.0,0.6428571428571428,11.5,83,0,2.5,307,12.8,14.1,14.1,0.0,0.0,0.0,13.0,84.0,0.0,0.0,0.0,54.0,0.0,100530.0
2025-02-14 21:00:00,26.7758300950151,26.6816560613336,0.0,0.6473214285714286,10.7,86,0,1.9,286,12.0,14.0,14.1,0.0,0.0,0.0,11.0,84.0,0.0,0.0,0.0,175.0,0.0,100560.0
2025-02-14 22:00:00,26.6541310568706,26.9456355696115,0.0,0.6517857142857143,10.1,87,0,3.3,256,11.3,13.9,14.2,0.0,0.0,0.0,10.0,88.0,0.0,0.0,0.0,174.0,0.0,100590.0
2025-02-14 23:00:00,26.6821289489057,26.7266296975457,0.0,0.65625,9.5,89,0,3.8,263,10.8,13.7,14.2,0.0,0.0,0.0,10.0,89.0,0.0,0.0,2.0,180.0,0.0,100570.0
2025-02-15 00:00:00,26.6451719665837,26.8482384144801,0.0,0.6607142857142857,9.3,87,0,3.2,273,10.3,13.5,14.2,0.0,0.0,0.0,9.0,92.0,0.0,0.0,0.0,198.0,0.0,100550.0
2025-02-15 01:00:00,26.5884073287565,26.7212526836822,0.0,0.6651785714285714,8.5,84,0,3.8,263,9.6,13.4,14.2,0.0,0.0,0.0,7.0,92.0,0.0,0.0,0.0,186.0,0.0,100520.0
2025-02-15 02:00:00,26.6967734919706,26.7210530179822,0.0,0.6696428571428571,8.0,85,0,4.4,269,9.4,13.2,14.2,0.0,0.0,0.0,7.0,93.0,0.0,0.0,0.0,198.0,0.0,100500.0
2025-02-15 03:00:00,26.6941657613228,26.6558550079823,0.0,0.6741071428571428,8.3,79,0,2.7,264,9.1,12.9,14.2,0.0,0.0,0.0,7.0,92.0,0.0,0.0,1.0,192.0,0.0,100430.0
2025-02-15 04:00:00,26.6415496799197,26.6893883980727,0.0,0.6785714285714286,8.6,74,0,1.8,265,8.8,12.7,14.2,0.0,0.0,0.0,7.0,93.0,0.0,0.0,0.0,174.0,0.0,100370.0
2025-02-15 05:00:00,26.6231188249587,26.5659552086211,0.0,0.6830357142857143,8.6,71,0,1.4,279,8.6,12.4,14.2,0.0,0.0,0.0,6.0,87.0,0.0,0.0,1.0,172.0,0.0,100340.0
2025-02-15 06:00:00,26.4200509462873,26.6004389157714,0.0,0.6875,8.6,69,0,1.7,264,8.4,12.2,14.1,0.0,0.0,0.0,6.0,90.0,0.0,0.0,0.0,216.0,0.0,100380.0
2025-02-15 07:00:00,26.5701343917173,26.5050317077065,0.0,0.6919642857142857,8.5,67,0,1.7,248,8.1,12.0,14.1,0.0,0.0,0.0,5.0,92.0,0.0,0.0,0.0,173.0,0.0,100370.0
2025-02-15 08:00:00,26.4822007481836,26.3771854017734,0.0,0.6964285714285714,10.8,69,0,1.8,188,8.7,11.8,14.1,0.0,0.0,0.02,6.0,87.0,1849.0,0.0,1.0,180.0,0.0,100400.0
2025-02-15 09:00:00,26.5066462380672,26.5874856844088,0.0,0.7008928571428571,14.1,62,99,4.2,225,10.4,11.7,14.1,0.0,0.0,0.12,11.0,75.0,10544.0,1.0,0.0,204.0,0.0,100410.0
2025-02-15 10:00:00,26.5322645534124,26.5594774480848,0.0,0.7053571428571428,16.7,56,100,4.7,274,12.4,11.7,14.1,0.0,0.0,0.23,15.0,58.0,28269.0,1.0,3.0,240.0,0.0,100420.0
2025-02-15 11:00:00,26.4489800669788,26.545693883847,0.0,0.7098214285714286,18.9,50,99,3.3,307,14.5,11.9,14.1,0.0,0.0,0.33,17.0,53.0,50749.0,2.0,1.0,252.0,0.0,100380.0
2025-02-15 12:00:00,26.3362562589347,26.3372672256413,0.0,0.7142857142857143,20.3,48,80,4.2,358,16.3,12.2,14.1,0.0,0.0,0.4,20.0,39.0,66089.0,5.0,2.0,269.0,0.0,100310.0
2025-02-15 13:00:00,26.5942051732146,26.3032019587323,0.0,0.71875,21.0,51,100,6.1,14,17.2,12.5,14.1,0.0,0.0,0.43,23.0,34.0,71438.0,5.0,1.0,40.0,0.0,100200.0
2025-02-15 14:00:00,26.3417032409387,26.375260591633,0.0,0.7232142857142857,20.7,52,100,9.0,26,18.2,12.9,14.1,0.0,0.0,0.4,23.0,33.0,71684.0,6.0,2.0,30.0,0.0,100080.0
2025-02-15 15:00:00,26.4124795599875,26.339224946038,0.0,0.7276785714285714,19.5,53,100,10.2,36,18.2,13.2,14.1,0.0,0.0,0.3,23.0,47.0,49931.0,3.0,2.0,44.0,0.0,99970.0
2025-02-15 16:00:00,26.4271205346831,25.9528996835947,0.0,0.7321428571428571,17.8,61,100,8.4,26,17.6,13.6,14.1,0.0,0.0,0.16,21.0,40.0,20442.0,1.0,4.0,26.0,0.0,99920.0
2025-02-15 17:00:00,26.3988578728433,26.1392683545288,0.0,0.7366071428571428,16.2,73,100,6.3,26,16.8,13.8,14.1,0.0,0.0,0.09,19.0,55.0,16212.0,1.0,3.0,13.0,0.0,99950.0
2025-02-15 18:00:00,26.3706910604618,26.1029985508393,0.0,0.7410714285714286,12.8,88,100,4.4,26,15.4,14.0,14.1,0.0,0.0,0.01,16.0,58.0,3568.0,0.0,3.0,42.0,0.0,100030.0
2025-02-15 19:00:00,26.3431405297419,25.9240497279227,0.0,0.7455357142857143,12.4,91,100,2.5,350,14.3,14.0,14.1,0.0,0.0,0.0,15.0,70.0,0.0,0.0,0.0,90.0,0.0,100070.0
2025-02-15 20:00:00,26.3331126721354,25.8978501172517,0.0,0.75,11.9,91,100,2.0,98,13.5,14.0,14.1,0.0,0.0,0.0,13.0,79.0,0.0,0.0,0.0,114.0,0.0,100060.0
2025-02-15 21:00:00,26.3570356252283,25.7292750143108,0.0,0.7544642857142857,12.2,89,100,1.5,108,13.0,13.9,14.1,0.0,0.0,0.0,13.0,78.0,0.0,0.0,2.0,127.0,0.0,100020.0
2025-02-15 22:00:00,26.3140146280129,25.6691966700224,0.0,0.7589285714285714,12.2,87,100,2.0,340,12.6,13.9,14.1,0.0,0.0,0.0,12.0,84.0,0.0,0.0,2.0,6.0,0.0,100050.0
2025-02-15 23:00:00,26.2940818304551,26.0473713593066,0.0,0.7633928571428571,11.3,91,100,4.1,297,12.3,13.8,14.1,0.0,0.0,0.0,12.0,86.0,0.0,0.0,0.0,169.0,0.0,100060.0
2025-02-16 00:00:00,26.3002756696087,25.8214260198516,0.0,0.7678571428571428,10.7,92,82,3.1,307,12.0,13.7,14.1,0.0,0.0,0.0,12.0,89.0,0.0,0.0,2.0,133.0,0.0,100000.0
2025-02-16 01:00:00,26.2495179152175,25.9190262408746,0.0,0.7723214285714286,9.8,99,73,3.0,302,11.8,13.7,14.1,0.0,0.0,0.0,12.0,92.0,0.0,0.0,0.0,228.0,0.0,100010.0
2025-02-16 02:00:00,26.1936142652981,25.769342147435,0.0,0.7767857142857143,10.0,97,100,6.1,278,11.5,13.6,14.1,0.0,0.0,0.0,12.0,92.0,0.0,0.0,2.0,137.0,0.0,99950.0
2025-02-16 03:00:00,26.2597467254975,25.8551071861696,0.0,0.78125,10.1,97,80,9.3,260,11.4,13.5,14.1,0.0,0.0,0.0,12.0,92.0,0.0,0.0,0.0,143.0,0.0,99880.0
2025-02-16 04:00:00,26.0673482623272,25.7276933460887,0.0,0.7857142857142857,10.5,94,100,8.2,267,11.4,13.4,14.1,0.0,0.0,0.0,12.0,93.0,0.0,0.0,0.0,300.0,0.0,99850.0
2025-02-16 05:00:00,26.3622126218117,25.7751280504843,0.0,0.7901785714285714,10.9,91,100,7.4,249,11.4,13.2,14.1,0.0,0.0,0.0,12.0,93.0,0.0,0.0,0.0,240.0,0.0,99860.0
2025-02-16 06:00:00,26.0806652583513,25.7835132730323,0.0,0.7946428571428571,10.7,88,100,5.3,236,11.3,13.1,14.1,0.0,0.0,0.0,13.0,90.0,0.0,0.0,0.0,180.0,0.0,99860.0
2025-02-16 07:00:00,25.9611220793774,25.7753135916971,0.0,0.7991071428571428,10.3,87,100,7.9,250,11.2,13.0,14.1,0.0,0.0,0.0,11.0,90.0,0.0,0.0,2.0,251.0,0.0,99980.0
2025-02-16 08:00:00,26.0767650410259,26.0849551238405,0.0,0.8035714285714286,11.1,89,100,12.0,259,11.5,12.9,14.1,0.0,0.0,0.03,11.0,92.0,1377.0,0.0,1.0,252.0,0.0,100100.0
2025-02-16 09:00:00,26.0082651149165,25.6249388186228,0.0,0.8080357142857143,14.2,75,100,11.1,252,12.3,12.9,14.1,0.0,0.0,0.1,12.0,87.0,12471.0,1.0,2.0,240.0,0.0,100210.0
2025-02-16 10:00:00,26.1644046801531,25.7442741602158,0.0,0.8125,16.6,63,100,16.8,245,13.6,12.9,14.1,0.1,0.1,0.21,15.0,80.0,23649.0,1.0,2.0,262.0,0.0,100280.0
2025-02-16 11:00:00,26.1967105411256,25.6148036867842,0.0,0.8169642857142857,17.3,68,100,17.7,261,14.6,13.0,14.1,0.1,0.1,0.21,16.0,76.0,23181.0,1.0,3.0,228.0,0.0,100320.0
2025-02-16 12:00:00,26.2457099627266,25.6040322078954,0.0,0.8214285714285714,18.1,65,100,17.0,280,15.3,13.2,14.1,0.3,0.3,0.22,17.0,74.0,2175.0,0.0,3.0,346.0,0.0,100360.0
2025-02-16 13:00:00,26.1940534206965,25.6222743635494,0.0,0.8258928571428571,17.5,73,98,16.8,308,15.4,13.2,14.1,0.9,0.9,0.26,16.0,80.0,13314.0,1.0,4.0,318.0,0.0,100330.0
2025-02-16 14:00:00,26.0329948051312,25.7002265509457,0.0,0.8303571428571428,17.3,75,100,14.2,320,15.7,13.4,14.1,1.5,1.5,0.22,16.0,81.0,11286.0,1.0,4.0,5.0,0.0,100310.0
2025-02-16 15:00:00,25.9217919735901,25.5605503427774,0.0,0.8348214285714286,17.6,67,100,10.5,331,16.0,13.6,14.1,0.1,0.1,0.23,16.0,84.0,12430.0,1.0,3.0,350.0,0.0,100280.0
2025-02-16 16:00:00,26.0568111336075,25.6117835258209,0.0,0.8392857142857143,17.3,67,100,8.5,318,16.3,13.8,14.1,0.0,0.0,0.19,17.0,72.0,40376.0,3.0,5.0,347.0,0.0,100260.0
2025-02-16 17:00:00,26.2173649619232,25.816931364849,0.0,0.84375,16.6,72,28,3.9,309,16.1,14.0,14.1,0.0,0.0,0.09,17.0,67.0,8784.0,1.0,4.0,336.0,0.0,100300.0
2025-02-16 18:00:00,25.9769574038401,25.5138183932623,0.0,0.8482142857142857,14.3,78,4,0.2,288,14.9,14.1,14.1,0.0,0.0,0.01,17.0,66.0,2657.0,0.0,2.0,338.0,0.0,100380.0
2025-02-16 19:00:00,26.1004926799494,25.3423770168875,0.0,0.8526785714285714,13.0,82,0,2.0,178,13.7,14.1,14.1,0.0,0.0,0.0,13.0,82.0,0.0,0.0,1.0,109.0,0.0,100420.0
2025-02-16 20:00:00,25.8019986972129,25.3572128416765,0.0,0.8571428571428571,11.5,86,0,4.7,181,12.8,14.0,14.1,0.0,0.0,0.0,12.5,81.5,0.0,0.0,0.5,136.5,0.0,100445.0
2025-02-16 21:00:00,26.1150897715967,25.6588056206851,0.0,0.8616071428571428,10.7,89,0,5.9,187,12.2,13.9,14.1,0.0,0.0,0.0,12.0,81.0,0.0,0.0,0.0,164.0,0.0,100470.0
2025-02-16 22:00:00,25.9489483318331,25.5705754379232,0.0,0.8660714285714286,10.1,89,0,7.2,198,11.7,13.8,14.1,0.0,0.0,0.0,10.0,87.0,0.0,0.0,0.0,176.0,0.0,100500.0
2025-02-16 23:00:00,25.8667189420765,25.5122049248307,0.0,0.8705357142857143,9.8,86,0,6.8,196,11.4,13.6,14.1,0.0,0.0,0.0,9.0,87.0,0.0,0.0,0.0,176.0,0.0,100580.0
2025-02-17 00:00:00,25.9142724316238,25.3887287359741,0.0,0.875,9.5,86,0,6.2,202,11.0,13.5,14.1,0.0,0.0,0.0,11.0,82.0,0.0,0.0,0.0,198.0,0.0,100580.0
2025-02-17 01:00:00,26.0286609006697,25.4897909507826,0.0,0.8794642857142857,9.5,83,0,5.2,201,11.3,13.4,14.1,0.0,0.0,0.0,10.0,83.0,0.0,0.0,1.0,168.0,0.0,100570.0
2025-02-17 02:00:00,25.9491122782809,25.3457935188028,0.0,0.8839285714285714,9.4,82,0,5.9,214,10.8,13.3,14.1,0.0,0.0,0.0,9.0,84.0,0.0,0.0,2.0,162.0,0.0,100560.0
2025-02-17 03:00:00,25.9687978469653,25.4990538435106,0.0,0.8883928571428571,9.5,80,0,6.6,227,10.4,13.1,14.1,0.0,0.0,0.0,9.0,86.0,0.0,0.0,0.0,188.0,0.0,100530.0
2025-02-17 04:00:00,25.8328981487099,25.290133029423,0.0,0.8928571428571428,9.3,79,0,6.6,229,10.1,13.0,14.1,0.0,0.0,0.0,8.0,87.0,0.0,0.0,1.0,192.0,0.0,100490.0
2025-02-17 05:00:00,26.0132449864222,25.2857612969321,0.0,0.8973214285714286,9.1,79,0,7.3,231,9.9,12.8,14.1,0.0,0.0,0.0,9.0,84.0,0.0,0.0,1.0,192.0,0.0,100450.0
2025-02-17 06:00:00,25.8500726368197,25.3833523738281,0.0,0.9017857142857143,9.1,79,0,7.7,225,9.8,12.6,14.1,0.0,0.0,0.0,8.0,85.0,0.0,0.0,0.0,228.0,0.0,100440.0
2025-02-17 07:00:00,25.7515063309739,25.3671719567485,0.0,0.90625,8.9,80,0,6.8,227,9.6,12.5,14.1,0.0,0.0,0.0,8.0,87.0,0.0,0.0,2.0,204.0,0.0,100450.0
2025-02-17 08:00:00,25.9639330409213,25.1647591475191,0.0,0.9107142857142857,11.9,71,0,7.1,232,10.1,12.3,14.1,0.0,0.0,0.04,9.0,84.0,0.0,0.0,1.0,222.0,0.0,100470.0
2025-02-17 09:00:00,25.7485397328511,25.3124268147679,0.0,0.9151785714285714,15.1,66,0,7.1,236,11.5,12.3,14.1,0.0,0.0,0.13,10.0,80.0,4520.0,0.0,1.0,216.0,0.0,100520.0
2025-02-17 10:00:00,25.7977073130132,25.4295418215114,0.0,0.9196428571428571,17.4,59,0,7.4,256,13.4,12.3,14.1,0.0,0.0,0.24,13.0,73.0,16981.0,1.0,2.0,223.0,0.0,100560.0
2025-02-17 11:00:00,25.9503615734359,25.3271997909383,0.0,0.9241071428571428,18.9,52,0,6.5,273,15.2,12.5,14.1,0.0,0.0,0.34,15.0,64.0,39236.0,2.0,3.0,270.0,0.0,100550.0
2025-02-17 12:00:00,25.9229008512112,25.2831781882077,0.0,0.9285714285714286,19.8,48,0,4.7,300,16.8,12.8,14.1,0.0,0.0,0.4,17.0,55.0,58476.0,4.0,3.0,289.0,0.0,100570.0
2025-02-17 13:00:00,25.8161687501889,25.1597849091825,0.0,0.9330357142857143,20.5,48,0,5.2,360,17.9,13.0,14.1,0.0,0.0,0.42,19.0,49.0,68404.0,5.0,4.0,251.0,0.0,100540.0
2025-02-17 14:00:00,25.7415519927471,24.8710308375133,0.0,0.9375,20.3,51,0,9.6,20,18.6,13.4,14.1,0.0,0.0,0.4,21.0,44.0,71568.0,7.0,1.0,288.0,0.0,100450.0
2025-02-17 15:00:00,25.8220741400663,24.9627777639873,0.0,0.9419642857142857,19.3,54,0,12.7,28,18.8,13.8,14.1,0.0,0.0,0.33,21.0,42.0,62720.0,4.0,3.0,90.0,0.0,100340.0
2025-02-17 16:00:00,25.6500366995013,24.7949931953521,0.0,0.9464285714285714,18.3,55,7,12.1,44,18.4,14.1,14.1,0.0,0.0,0.24,20.0,48.0,48637.0,2.0,4.0,37.0,0.0,100310.0
2025-02-17 17:00:00,25.8511926208725,24.7652113817761,0.0,0.9508928571428571,17.0,62,98,8.7,52,17.5,14.3,14.1,0.0,0.0,0.13,19.0,48.0,28145.0,2.0,4.0,73.0,0.0,100280.0
2025-02-17 18:00:00,25.7286524447886,24.7839343440639,0.0,0.9553571428571428,14.1,73,100,7.1,65,16.1,14.5,14.1,0.0,0.0,0.03,19.0,50.0,9477.0,1.0,3.0,72.0,0.0,100230.0
2025-02-17 19:00:00,25.7850845942898,24.875592643003,0.0,0.9598214285714285,13.0,77,100,2.9,64,14.8,14.5,14.1,0.0,0.0,0.0,16.0,58.0,1734.0,0.0,1.0,42.0,0.0,100240.0
2025-02-17 20:00:00,25.6685460699887,24.8916463339032,0.0,0.9642857142857143,12.7,78,100,0.8,50,13.7,14.5,14.1,0.0,0.0,0.0,14.0,64.0,0.0,0.0,0.0,101.0,0.0,100270.0
2025-02-17 21:00:00,25.6105675168011,24.7705602818659,0.0,0.96875,11.8,82,100,0.4,53,12.9,14.4,14.1,0.0,0.0,0.0,12.0,68.0,0.0,0.0,0.0,150.0,0.0,100280.0
2025-02-17 22:00:00,25.7375881718088,24.9095518397167,0.0,0.9732142857142857,10.7,86,95,0.7,36,12.3,14.3,14.1,0.0,0.0,0.0,12.0,74.0,0.0,0.0,0.0,103.0,0.0,100280.0
2025-02-17 23:00:00,25.5299564013942,24.6985172721262,0.0,0.9776785714285714,9.6,90,91,1.7,11,11.7,14.1,14.1,0.0,0.0,0.0,11.0,77.0,0.0,0.0,0.0,258.0,0.0,100230.0
2025-02-18 00:00:00,25.7721791905258,24.6767457492395,0.0,0.9821428571428571,9.1,91,99,2.3,340,11.2,14.0,14.2,0.0,0.0,0.0,10.0,78.0,0.0,0.0,0.0,180.0,0.0,100210.0
2025-02-18 01:00:00,25.5563767923626,24.9185429219027,0.0,0.9866071428571428,9.0,87,93,3.1,321,11.1,13.9,14.2,0.0,0.0,0.0,10.0,79.0,0.0,0.0,1.0,143.0,0.0,100160.0
2025-02-18 02:00:00,25.6910031542975,24.6540014035729,0.0,0.9910714285714285,8.8,84,60,2.7,284,10.7,13.7,14.2,0.0,0.0,0.0,9.0,81.0,0.0,0.0,1.0,198.0,0.0,100110.0
2025-02-18 03:00:00,25.6879967716818,24.8271371069846,0.0,0.9955357142857143,8.9,80,60,3.5,188,10.2,13.5,14.2,0.0,0.0,0.0,8.0,83.0,0.0,0.0,0.0,174.0,0.0,100050.0
2025-02-18 04:00:00,25.4978529326316,24.9648070040569,0.0,1.0,9.1,78,31,4.1,198,9.9,13.3,14.2,0.0,0.0,0.0,9.0,82.0,0.0,0.0,2.0,138.0,0.0,100050.0
2025-02-18 05:00:00,25.6182973237243,24.8394184930073,0.0,1.0044642857142856,9.4,78,45,4.6,188,9.6,13.1,14.2,0.0,0.0,0.0,8.0,84.0,0.0,0.0,1.0,6.0,0.0,99980.0
2025-02-18 06:00:00,25.9142750596617,24.57490357439,0.0,1.0089285714285714,9.2,80,0,4.9,192,9.5,12.9,14.2,0.0,0.0,0.0,7.0,85.0,0.0,0.0,1.0,258.0,0.0,99960.0
2025-02-18 07:00:00,25.698092743603,24.7122761318863,0.0,1.0133928571428572,9.0,80,0,5.6,188,9.3,12.7,14.2,0.0,0.0,0.0,8.0,82.0,0.0,0.0,1.0,132.0,0.0,99950.0
2025-02-18 08:00:00,25.6314758185645,24.7712101656003,0.0,1.0178571428571428,12.3,71,16,6.5,192,9.9,12.5,14.2,0.0,0.0,0.04,10.0,76.0,193.0,0.0,2.0,336.0,0.0,100000.0
2025-02-18 09:00:00,25.7485432655213,24.7902252120839,0.0,1.0223214285714286,17.0,63,0,7.3,209,11.6,12.4,14.1,0.0,0.0,0.15,12.0,67.0,5658.0,0.0,1.0,246.0,0.0,100050.0
2025-02-18 10:00:00,25.4907404249756,24.5676910059265,0.0,1.0267857142857142,20.8,52,19,5.0,230,13.8,12.5,14.1,0.0,0.0,0.27,17.0,51.0,21603.0,1.0,2.0,264.0,0.0,100050.0
2025-02-18 11:00:00,25.4288944600296,24.5837965909814,0.0,1.03125,23.5,34,94,12.6,200,15.9,12.7,14.1,0.0,0.0,0.42,19.0,44.0,45596.0,3.0,5.0,288.0,0.0,100080.0
2025-02-18 12:00:00,25.6106064440471,24.3064908682746,0.0,1.0357142857142856,25.2,30,100,12.1,216,17.6,13.0,14.1,0.0,0.0,0.5,21.0,40.0,62822.0,5.0,3.0,281.0,0.0,100080.0
2025-02-18 13:00:00,25.5543921652923,24.435619855479,0.0,1.0401785714285714,25.0,32,100,11.3,265,18.7,13.4,14.1,0.0,0.0,0.48,24.0,34.0,56012.0,3.0,2.0,309.0,0.0,100020.0
2025-02-18 14:00:00,25.7213757039649,24.1910867837341,0.0,1.0446428571428572,23.4,44,100,12.1,335,19.4,13.8,14.1,0.0,0.0,0.42,26.0,28.0,56205.0,5.0,5.0,246.0,0.0,99920.0
2025-02-18 15:00:00,25.2685464172629,24.257047131236,0.0,1.0491071428571428,20.6,63,100,9.3,15,19.4,14.1,14.1,0.0,0.0,0.28,21.0,58.0,66250.0,6.0,4.0,48.0,0.0,99900.0
2025-02-18 16:00:00,25.374470109192,24.0719839074033,0.0,1.0535714285714286,19.3,65,100,12.1,69,19.0,14.5,14.1,0.0,0.0,0.21,20.0,60.0,52912.0,3.0,2.0,52.0,0.0,99890.0
2025-02-18 17:00:00,25.387757281733,23.9527449092729,0.0,1.0580357142857142,17.6,71,100,9.9,41,18.1,14.7,14.2,0.0,0.0,0.11,20.0,61.0,12604.0,1.0,4.0,30.0,0.0,99890.0
2025-02-18 18:00:00,25.4251736176401,23.9920162324537,0.0,1.0625,14.7,83,78,5.6,67,16.8,14.9,14.2,0.0,0.0,0.02,18.0,56.0,6308.0,0.0,3.0,30.0,0.0,99920.0
2025-02-18 19:00:00,25.3283096474801,23.9473552290536,0.0,1.0669642857142856,15.3,81,92,1.5,79,16.0,15.0,14.2,0.0,0.0,0.0,17.0,64.0,448.0,0.0,2.0,108.0,0.0,99980.0
2025-02-18 20:00:00,25.5646513746884,23.9037743132493,0.0,1.0714285714285714,15.4,80,93,0.5,77,15.4,15.0,14.2,0.0,0.0,0.0,17.0,61.0,0.0,0.0,1.0,137.0,0.0,100050.0
2025-02-18 21:00:00,25.4426280695825,23.9457436166469,0.0,1.0758928571428572,15.0,81,100,0.6,6,14.9,15.0,14.2,0.0,0.0,0.0,16.0,64.0,0.0,0.0,2.0,48.0,0.0,100100.0
2025-02-18 22:00:00,25.295641727375,24.0729238156927,0.0,1.0803571428571428,15.2,80,71,0.7,351,14.6,15.0,14.2,0.0,0.0,0.0,13.0,77.0,0.0,0.0,2.0,186.0,0.0,100170.0
2025-02-18 23:00:00,25.3662330282907,23.9236361385647,0.0,1.0848214285714286,13.8,81,60,8.7,264,14.2,14.9,14.2,0.0,0.0,0.01,12.0,78.0,0.0,0.0,2.0,151.0,0.0,100190.0
2025-02-19 00:00:00,25.2240259807327,23.9158269550828,0.0,1.0892857142857142,13.1,81,58,1.1,288,13.7,14.8,14.2,0.0,0.0,0.0,14.0,86.0,0.0,0.0,3.0,113.0,0.0,100180.0
2025-02-19 01:00:00,25.3741797567219,24.0610979759532,0.0,1.09375,13.4,82,74,3.8,276,13.8,14.7,14.2,0.0,0.0,0.0,13.0,93.0,0.0,0.0,1.0,104.0,0.0,100220.0
2025-02-19 02:00:00,25.3972441962381,24.0369176290486,0.0,1.0982142857142856,13.0,83,94,4.3,288,13.3,14.6,14.2,0.0,0.0,0.0,14.0,93.0,0.0,0.0,3.0,120.0,0.0,100280.0
2025-02-19 03:00:00,25.2727962628896,24.0200906698591,0.0,1.1026785714285714,12.2,93,93,2.7,311,12.9,14.5,14.2,0.0,0.0,0.0,14.0,93.0,0.0,0.0,1.0,78.0,0.0,100310.0
2025-02-19 04:00:00,25.210596323227,23.9650648314981,0.0,1.1071428571428572,11.3,89,84,5.4,247,12.4,14.4,14.2,0.0,0.0,0.0,14.0,95.0,0.0,0.0,3.0,111.0,0.0,100330.0
2025-02-19 05:00:00,25.3881941805536,24.0848797331798,0.0,1.1116071428571428,11.7,87,90,4.9,257,12.3,14.3,14.2,0.0,0.0,0.0,14.0,94.0,0.0,0.0,0.0,54.0,0.0,100370.0
2025-02-19 06:00:00,25.1949853732888,24.1032857954429,0.0,1.1160714285714286,11.9,84,100,4.6,251,12.3,14.1,14.3,0.0,0.0,0.0,13.0,94.0,0.0,0.0,0.0,228.0,0.0,100460.0
2025-02-19 07:00:00,25.2934602603686,23.9139363735356,0.0,1.1205357142857142,11.8,84,99,5.2,230,12.1,14.0,14.3,0.0,0.0,0.02,13.0,94.0,0.0,0.0,0.0,163.0,0.0,100520.0
2025-02-19 08:00:00,25.0407728286958,23.9079706184473,0.0,1.125,13.5,83,91,8.1,241,12.5,13.9,14.3,0.0,0.0,0.04,12.0,95.0,751.0,0.0,0.0,216.0,0.0,100590.0
2025-02-19 09:00:00,25.4000989665866,23.8990341500654,0.0,1.1294642857142856,15.8,80,92,6.0,239,13.6,13.9,14.3,0.0,0.0,0.11,14.0,91.0,8251.0,0.0,2.0,270.0,0.0,100680.0
2025-02-19 10:00:00,25.3883919423174,24.0466077172649,0.0,1.1339285714285714,17.2,73,85,6.4,256,15.0,13.9,14.3,0.0,0.0,0.2,16.0,75.0,28302.0,1.0,2.0,264.0,0.0,100750.0
2025-02-19 11:00:00,25.291956180975,23.835600068178,0.0,1.1383928571428572,18.7,64,10,7.6,289,16.7,14.0,14.3,0.0,0.0,0.33,18.0,60.0,31427.0,2.0,3.0,279.0,0.0,100760.0
2025-02-19 12:00:00,25.336319169438,23.6632940560493,0.0,1.1428571428571428,19.3,59,24,6.5,322,18.0,14.3,14.3,0.0,0.0,0.36,19.0,54.0,35451.0,3.0,4.0,293.0,0.0,100800.0
2025-02-19 13:00:00,25.3125151122552,23.7798429101904,0.0,1.1473214285714286,19.6,56,55,10.0,319,18.4,14.3,14.3,0.0,0.0,0.36,20.0,57.0,74729.0,4.0,1.0,90.0,0.0,100790.0
2025-02-19 14:00:00,25.0930023272034,23.6591530286452,0.0,1.1517857142857142,17.4,77,89,11.2,43,18.5,14.6,14.3,0.7,0.7,0.27,19.0,67.0,78523.0,6.0,4.0,17.0,0.0,100750.0
2025-02-19 15:00:00,25.0477085908595,23.5255990779776,0.0,1.15625,17.2,79,79,3.4,83,18.1,14.8,14.3,0.1,0.1,0.2,19.0,70.0,62384.0,3.0,3.0,20.0,0.0,100730.0
2025-02-19 16:00:00,25.10201678025,23.5036394102319,0.0,1.1607142857142856,17.3,80,35,9.6,25,17.8,15.0,14.3,0.1,0.1,0.14,19.0,68.0,47144.0,3.0,3.0,73.0,0.0,100760.0
2025-02-19 17:00:00,25.0318349742329,23.4986276765598,0.0,1.1651785714285714,16.2,85,41,8.3,6,17.2,15.2,14.3,0.0,0.0,0.09,18.0,67.0,16834.0,1.0,3.0,18.0,0.0,100820.0
2025-02-19 18:00:00,25.255154780167,23.4094342301807,0.0,1.1696428571428572,13.9,94,30,3.1,19,16.2,15.3,14.3,0.0,0.0,0.01,17.0,71.0,7617.0,0.0,3.0,48.0,0.0,100880.0
2025-02-19 19:00:00,25.0276886932058,23.4762569005022,0.0,1.1741071428571428,13.2,96,37,1.0,22,15.1,15.3,14.3,0.0,0.0,0.0,15.0,76.0,263.0,0.0,1.0,38.0,0.0,100960.0
2025-02-19 20:00:00,25.1422330853147,23.3783159293586,0.0,1.1785714285714286,13.1,97,29,1.7,58,14.4,15.2,14.3,0.0,0.0,0.0,14.0,81.0,0.0,0.0,0.0,54.0,0.0,101060.0
2025-02-19 21:00:00,25.1142694356831,23.1322900511618,0.0,1.1830357142857142,12.8,98,47,1.4,90,13.9,15.1,14.3,0.0,0.0,0.0,12.0,83.0,0.0,0.0,0.0,145.0,0.0,101100.0
2025-02-19 22:00:00,25.0188121167943,23.4908042759904,0.0,1.1875,12.3,99,34,0.2,66,13.3,15.0,14.3,0.0,0.0,0.0,11.0,89.0,0.0,0.0,0.0,166.0,0.0,101160.0
2025-02-19 23:00:00,25.0483991881406,23.1863546432044,0.0,1.1919642857142856,11.3,100,99,2.4,225,13.0,14.9,14.3,0.0,0.0,0.0,11.0,85.0,0.0,0.0,0.0,168.0,0.0,101180.0
2025-02-20 00:00:00,25.1648241760159,23.0989455848915,0.0,1.1964285714285714,11.3,100,95,6.2,214,13.0,14.7,14.3,0.0,0.0,0.0,10.0,89.0,0.0,0.0,0.0,163.0,0.0,101230.0
2025-02-20 01:00:00,25.0188304885776,23.2443699997896,0.0,1.2008928571428572,11.0,98,72,4.7,244,12.6,14.6,14.4,0.0,0.0,0.0,10.0,90.0,0.0,0.0,0.0,174.0,0.0,101240.0
2025-02-20 02:00:00,24.9991965187703,23.3855946053176,0.0,1.2053571428571428,11.4,95,63,3.7,221,12.5,14.5,14.4,0.0,0.0,0.0,9.0,93.0,0.0,0.0,0.0,186.0,0.0,101290.0
2025-02-20 03:00:00,25.1435036619032,23.4332758193223,0.0,1.2098214285714286,11.4,92,67,3.5,210,12.4,14.3,14.4,0.0,0.0,0.0,9.0,91.0,0.0,0.0,0.0,174.0,0.0,101280.0
2025-02-20 04:00:00,24.9025223277737,23.3768129781283,0.0,1.2142857142857142,11.1,93,60,3.0,217,12.3,14.2,14.4,0.0,0.0,0.0,8.0,92.0,0.0,0.0,0.0,138.0,0.0,101260.0
2025-02-20 05:00:00,24.9866789600851,23.5337053629639,0.0,1.21875,10.8,95,62,3.1,219,12.0,14.1,14.4,0.0,0.0,0.0,8.0,94.0,0.0,0.0,0.0,175.0,0.0,101300.0
2025-02-20 06:00:00,24.9800581357941,23.3075106772047,0.0,1.2232142857142856,10.9,94,100,3.8,209,11.9,13.9,14.4,0.0,0.0,0.0,8.0,94.0,0.0,0.0,0.0,198.0,0.0,101330.0
2025-02-20 07:00:00,24.9287990087992,23.194587345226,0.0,1.2276785714285714,10.6,93,100,4.2,215,11.7,13.8,14.4,0.0,0.0,0.01,7.0,94.0,0.0,0.0,1.0,174.0,0.0,101390.0
2025-02-20 08:00:00,25.0904233668391,23.4507476322362,0.0,1.2321428571428572,12.0,90,100,5.9,217,12.0,13.7,14.4,0.0,0.0,0.03,7.0,94.0,1502.0,0.0,0.0,174.0,0.0,101440.0
2025-02-20 09:00:00,25.1279793965324,23.5396106749604,0.0,1.2366071428571428,13.6,86,72,5.6,229,12.9,13.6,14.4,0.0,0.0,0.09,11.0,90.0,8508.0,1.0,0.0,184.0,0.0,101510.0
2025-02-20 10:00:00,25.016081134354,23.3248172489445,0.0,1.2410714285714286,15.6,80,10,4.7,256,14.3,13.6,14.4,0.0,0.0,0.19,14.0,82.0,27846.0,1.0,2.0,276.0,0.0,101550.0
2025-02-20 11:00:00,24.9598069135066,23.4631663783437,0.0,1.2455357142857142,17.3,74,1,4.8,333,16.1,13.8,14.4,0.0,0.0,0.31,17.0,69.0,49991.0,3.0,0.0,119.0,0.0,101540.0
2025-02-20 12:00:00,25.1312884715844,23.2483121756362,0.0,1.25,18.4,69,0,6.9,5,17.6,14.0,14.4,0.0,0.0,0.38,19.0,63.0,63050.0,3.0,2.0,67.0,0.0,101540.0
2025-02-20 13:00:00,24.7543423268244,23.1783025660706,0.0,1.2517857142857143,18.8,66,26,7.7,27,18.5,14.3,14.4,0.0,0.0,0.39,20.0,63.0,79394.0,5.0,3.0,108.0,0.0,101480.0
2025-02-20 14:00:00,25.1554256045838,23.097483854465,0.0,1.2535714285714286,18.9,66,31,8.4,34,19.2,14.6,14.4,0.0,0.0,0.36,19.0,65.0,69741.0,7.0,3.0,18.0,0.0,101430.0
2025-02-20 15:00:00,24.8530642914936,22.9710526379673,0.0,1.2553571428571428,18.1,70,14,12.5,37,19.3,14.9,14.4,0.0,0.0,0.29,19.0,62.0,56690.0,5.0,3.0,39.0,0.0,101380.0
2025-02-20 16:00:00,24.7996566471155,22.9560280107441,0.0,1.2571428571428571,17.0,75,6,12.8,41,18.9,15.2,14.4,0.0,0.0,0.21,19.0,62.0,39050.0,2.0,4.0,54.0,0.0,101370.0
2025-02-20 17:00:00,24.6502559767414,22.7236568995778,0.0,1.2589285714285714,15.9,80,7,10.2,43,18.1,15.4,14.4,0.0,0.0,0.11,18.0,69.0,18480.0,1.0,3.0,24.0,0.0,101400.0
2025-02-20 18:00:00,24.8121344205817,22.4494649035622,0.0,1.2607142857142857,13.4,93,10,5.3,49,16.7,15.5,14.4,0.0,0.0,0.01,16.0,76.0,5515.0,0.0,3.0,33.0,0.0,101420.0
2025-02-20 19:00:00,24.8241412033105,22.7304329595063,0.0,1.2625,12.3,95,10,4.3,58,15.3,15.5,14.4,0.0,0.0,0.0,14.0,82.0,44.0,0.0,2.0,48.0,0.0,101440.0
2025-02-20 20:00:00,24.8055031452215,22.7712425691097,0.0,1.2642857142857142,11.9,96,2,1.9,60,14.2,15.4,14.4,0.0,0.0,0.0,13.0,87.0,0.0,0.0,0.0,156.0,0.0,101470.0
2025-02-20 21:00:00,24.6571495327406,22.6486169977829,0.0,1.2660714285714285,11.6,96,0,1.0,51,13.3,15.3,14.4,0.0,0.0,0.0,11.0,89.0,0.0,0.0,0.0,174.0,0.0,101500.0
2025-02-20 22:00:00,24.7006282315997,22.6882488522323,0.0,1.2678571428571428,11.2,97,0,0.8,40,12.4,15.1,14.5,0.0,0.0,0.0,10.0,85.0,0.0,0.0,0.0,169.0,0.0,101500.0
2025-02-20 23:00:00,24.7120433028039,22.6827734392209,0.0,1.269642857142857,10.6,99,20,1.3,5,12.0,14.9,14.5,0.0,0.0,0.0,9.0,91.0,0.0,0.0,0.0,174.0,0.0,101490.0
2025-02-21 00:00:00,24.721428627492,22.8279508171056,0.0,1.2714285714285714,11.0,98,100,6.0,259,12.0,14.7,14.5,0.0,0.0,0.0,10.0,93.0,0.0,0.0,0.0,180.0,0.0,101490.0
2025-02-21 01:00:00,24.8233957634905,22.9638148811743,0.0,1.2732142857142856,11.1,99,100,5.9,247,12.5,14.7,14.5,0.0,0.0,0.0,10.0,95.0,0.0,0.0,1.0,198.0,0.0,101460.0
2025-02-21 02:00:00,24.9144339963284,22.6995218169773,0.0,1.275,10.5,98,96,3.5,241,12.4,14.5,14.5,0.0,0.0,0.0,9.0,95.0,0.0,0.0,0.0,204.0,0.0,101430.0
2025-02-21 03:00:00,24.7995330353902,22.598851577824,0.0,1.2767857142857142,10.6,97,98,3.2,250,12.3,14.4,14.5,0.0,0.0,0.0,8.0,95.0,0.0,0.0,0.0,177.0,0.0,101370.0
2025-02-21 04:00:00,24.5858436796722,22.7209148826656,0.0,1.2785714285714285,10.7,98,100,3.1,259,12.2,14.3,14.5,0.0,0.0,0.0,7.0,95.0,0.0,0.0,0.0,186.0,0.0,101310.0
2025-02-21 05:00:00,24.9691485633833,22.7849991854835,0.0,1.2803571428571427,10.3,97,100,1.9,228,11.9,14.1,14.5,0.0,0.0,0.0,6.0,95.0,0.0,0.0,0.0,142.0,0.0,101290.0
2025-02-21 06:00:00,24.5374160901028,22.711822915665,0.0,1.2821428571428573,10.5,95,96,1.9,233,11.8,14.0,14.5,0.0,0.0,0.0,9.0,96.0,0.0,0.0,0.0,246.0,0.0,101310.0
2025-02-21 07:00:00,24.7556116575803,22.8795264956276,0.0,1.2839285714285715,10.5,94,90,2.5,273,11.7,13.8,14.5,0.0,0.0,0.01,8.0,96.0,0.0,0.0,0.0,204.0,0.0,101300.0
2025-02-21 08:00:00,24.7308863456481,22.7269602763935,0.0,1.2857142857142858,11.6,92,86,4.0,313,12.1,13.7,14.5,0.0,0.0,0.02,10.0,97.0,2423.0,0.0,0.0,204.0,0.0,101290.0
2025-02-21 09:00:00,24.6895722769717,22.8531827736706,0.0,1.2875,14.1,86,59,6.1,324,13.2,13.7,14.5,0.0,0.0,0.1,11.0,97.0,9287.0,0.0,0.0,318.0,0.0,101320.0
2025-02-21 10:00:00,24.6028822558399,22.7725017315996,0.0,1.2892857142857144,16.1,79,57,5.4,352,14.5,13.7,14.5,0.0,0.0,0.18,11.0,97.0,21683.0,1.0,1.0,234.0,0.0,101350.0
2025-02-21 11:00:00,24.6212205303934,22.694946265301,0.0,1.2910714285714286,18.2,74,25,6.7,14,16.1,13.8,14.5,0.0,0.0,0.29,13.0,97.0,55336.0,4.0,0.0,212.0,0.0,101340.0
2025-02-21 12:00:00,24.7492886620218,22.5915868752031,0.0,1.292857142857143,20.3,71,97,5.4,20,17.8,14.1,14.5,0.0,0.0,0.38,19.0,62.0,70096.0,5.0,1.0,48.0,0.0,101220.0
2025-02-21 13:00:00,24.70584361646,22.663730489074,0.0,1.2946428571428572,20.5,70,100,13.2,21,18.9,14.3,14.5,0.0,0.0,0.38,22.0,48.0,69568.0,5.0,4.0,8.0,0.0,101070.0
2025-02-21 14:00:00,24.5547520345271,22.653107903253,0.0,1.2964285714285715,19.8,68,100,14.9,27,19.5,14.6,14.5,0.0,0.0,0.36,21.0,58.0,47649.0,3.0,3.0,350.0,0.0,100970.0
2025-02-21 15:00:00,24.7308009898372,22.249028413529,0.0,1.2982142857142858,18.6,67,100,12.6,25,19.3,14.9,14.5,0.0,0.0,0.26,21.0,55.0,50888.0,4.0,4.0,353.0,0.0,100900.0
2025-02-21 16:00:00,24.6101345060735,22.3131935067192,0.0,1.3,17.9,70,100,8.1,70,18.8,15.2,14.5,0.0,0.0,0.17,20.0,57.0,23232.0,2.0,3.0,14.0,0.0,100880.0
2025-02-21 17:00:00,24.6027167933366,22.2210399969797,0.0,1.3017857142857143,17.7,74,100,5.6,61,18.2,15.4,14.5,0.0,0.0,0.1,19.0,64.0,14855.0,1.0,4.0,26.0,0.0,100860.0
2025-02-21 18:00:00,24.5514592806057,22.0293885785496,0.0,1.3035714285714286,15.2,84,88,3.4,55,17.0,15.5,14.5,0.0,0.0,0.02,17.0,72.0,6221.0,0.0,4.0,358.0,0.0,100850.0
2025-02-21 19:00:00,24.6931032658142,22.2378281334353,0.0,1.3053571428571429,15.0,84,38,0.5,94,15.8,15.5,14.5,0.0,0.0,0.0,15.0,85.0,0.0,0.0,3.0,352.0,0.0,100890.0
2025-02-21 20:00:00,24.406737673238,22.1295290510606,0.0,1.3071428571428572,13.4,90,14,3.3,309,14.7,15.5,14.5,0.0,0.0,0.0,14.0,88.0,0.0,0.0,0.0,130.0,0.0,100960.0
2025-02-21 21:00:00,24.4627740835025,22.1464237061006,0.0,1.3089285714285714,12.5,93,4,1.0,290,13.8,15.4,14.6,0.0,0.0,0.0,13.0,91.0,0.0,0.0,3.0,150.0,0.0,101030.0
2025-02-21 22:00:00,24.6244191005726,22.2760193726946,0.0,1.3107142857142857,11.6,91,3,3.1,273,13.1,15.2,14.6,0.0,0.0,0.0,13.0,92.0,0.0,0.0,2.0,124.0,0.0,101100.0
2025-02-21 23:00:00,24.5134400068408,22.1434537689877,0.0,1.3125,11.4,89,25,2.3,295,12.5,15.1,14.6,0.0,0.0,0.0,13.0,92.0,0.0,0.0,2.0,116.0,0.0,101110.0
2025-02-22 00:00:00,24.7088896693346,22.1502047714481,0.0,1.3142857142857143,11.7,86,4,1.5,236,12.2,14.9,14.6,0.0,0.0,0.0,11.0,94.0,0.0,0.0,0.0,180.0,0.0,101140.0
2025-02-22 01:00:00,24.6031629326979,22.0568223448202,0.0,1.3160714285714286,11.3,91,24,2.4,324,11.8,14.9,14.6,0.0,0.0,0.0,10.0,94.0,0.0,0.0,0.0,180.0,0.0,101100.0
2025-02-22 02:00:00,24.4628666827307,22.1422674372565,0.0,1.3178571428571428,10.7,91,42,4.0,274,11.6,14.7,14.6,0.0,0.0,0.0,10.0,95.0,0.0,0.0,0.0,246.0,0.0,101030.0
2025-02-22 03:00:00,24.587464816214,22.3638206078047,0.0,1.3196428571428571,10.5,88,100,5.3,253,11.5,14.5,14.6,0.0,0.0,0.0,10.0,96.0,0.0,0.0,1.0,180.0,0.0,100990.0
2025-02-22 04:00:00,24.5113013868018,22.3636013485639,0.0,1.3214285714285714,10.4,80,100,5.2,230,11.4,14.3,14.6,0.0,0.0,0.0,9.0,95.0,0.0,0.0,0.0,173.0,0.0,100970.0
2025-02-22 05:00:00,24.4149636243533,22.2889535052335,0.0,1.3232142857142857,10.6,73,100,4.7,202,11.4,14.1,14.6,0.0,0.0,0.0,9.0,95.0,0.0,0.0,0.0,147.0,0.0,100980.0
2025-02-22 06:00:00,24.39641037251,21.9343635919122,0.0,1.325,11.0,76,100,3.8,220,11.3,13.9,14.6,0.0,0.0,0.0,10.0,93.0,0.0,0.0,0.0,89.0,0.0,100950.0
2025-02-22 07:00:00,24.5226244978388,22.1509474338553,0.0,1.3267857142857142,11.6,75,100,0.7,241,11.2,13.8,14.6,0.0,0.0,0.01,9.0,95.0,0.0,0.0,0.0,26.0,0.0,101070.0
2025-02-22 08:00:00,24.4329021982127,22.1486462333415,0.0,1.3285714285714285,13.5,72,100,1.5,270,11.7,13.6,14.6,0.0,0.0,0.03,11.0,91.0,2955.0,0.0,2.0,133.0,0.0,101110.0
2025-02-22 09:00:00,24.5713654481589,22.0318583609085,0.0,1.3303571428571428,15.5,66,100,2.8,9,12.9,13.6,14.6,0.0,0.0,0.1,14.0,89.0,15344.0,1.0,1.0,144.0,0.0,101060.0
2025-02-22 10:00:00,24.4524394782237,22.1250886063771,0.0,1.332142857142857,16.9,70,100,6.0,354,14.2,13.6,14.6,0.0,0.0,0.16,15.0,87.0,24912.0,1.0,0.0,24.0,0.0,101150.0
2025-02-22 11:00:00,24.5912351495412,22.0248421449956,0.0,1.3339285714285714,17.8,74,100,7.8,360,15.6,13.7,14.6,0.0,0.0,0.23,17.0,79.0,47820.0,3.0,1.0,174.0,0.0,101170.0
2025-02-22 12:00:00,24.3635982360054,22.1913189840408,0.0,1.3357142857142856,18.4,69,100,3.9,13,16.7,13.9,14.6,0.0,0.0,0.26,18.0,67.0,33574.0,3.0,1.0,150.0,0.0,101100.0
2025-02-22 13:00:00,24.4252902363748,22.0605254452027,0.0,1.3375,18.7,74,100,10.0,16,16.9,14.2,14.6,0.0,0.0,0.16,19.0,65.0,24619.0,2.0,2.0,139.0,0.0,101020.0
2025-02-22 14:00:00,24.5425501576772,22.0057262105653,0.0,1.3392857142857142,17.6,75,100,11.5,35,17.1,14.4,14.6,0.0,0.0,0.16,19.0,62.0,31301.0,2.0,2.0,266.0,0.0,100970.0
2025-02-22 15:00:00,24.5355586788688,21.9336323116876,0.0,1.3410714285714285,18.0,71,100,10.1,46,17.5,14.6,14.6,0.0,0.0,0.22,19.0,60.0,21604.0,1.0,3.0,5.0,0.0,100940.0
2025-02-22 16:00:00,24.5553436426767,21.8889089823768,0.0,1.342857142857143,16.1,81,100,9.9,338,17.1,14.7,14.6,0.8,0.8,0.12,18.0,65.0,11426.0,1.0,2.0,32.0,0.0,100930.0
2025-02-22 17:00:00,24.2191927242988,21.6597244128063,0.0,1.3446428571428573,15.1,93,98,4.5,89,16.0,14.8,14.6,0.6,0.6,0.03,17.5,66.5,11129.0,0.5,2.5,26.5,0.0,100955.0
2025-02-22 18:00:00,24.2305863606624,21.8281884137473,0.0,1.3464285714285715,14.4,96,97,7.9,39,15.3,14.9,14.6,0.6,0.6,0.02,17.0,68.0,10832.0,0.0,3.0,21.0,0.0,100980.0
2025-02-22 19:00:00,24.2945381271421,21.8421733343506,0.0,1.3482142857142858,13.9,92,100,2.4,159,14.7,14.9,14.6,1.4,1.4,0.0,15.0,91.0,739.0,0.0,4.0,24.0,0.0,101070.0
2025-02-22 20:00:00,24.1499069043277,21.5764488812707,0.0,1.35,13.6,92,91,3.4,213,14.2,14.8,14.6,0.4,0.4,0.0,14.0,93.0,0.0,0.0,0.0,53.0,15.0,101110.0
2025-02-22 21:00:00,24.0685847915587,21.7795874353785,0.0,1.3517857142857144,12.8,92,2,9.9,212,13.5,14.8,14.6,0.0,0.0,0.0,14.0,95.0,0.0,0.0,0.0,54.0,8.0,101140.0
2025-02-22 22:00:00,24.2534475183078,21.7656350649657,0.0,1.3535714285714286,11.9,87,10,10.1,213,12.8,14.7,14.6,0.0,0.0,0.0,14.0,95.0,0.0,0.0,1.0,170.0,0.0,101200.0
2025-02-22 23:00:00,24.3073532116981,21.7564277246231,0.0,1.355357142857143,11.5,83,17,10.1,223,12.2,14.5,14.6,0.2,0.2,0.01,13.0,87.0,0.0,0.0,2.0,258.0,0.0,101300.0
2025-02-23 00:00:00,24.1213485226321,21.6979133827762,0.0,1.3571428571428572,11.1,85,21,9.7,225,11.7,14.3,14.6,0.1,0.1,0.0,12.0,87.0,0.0,0.0,1.0,222.0,0.0,101340.0
2025-02-23 01:00:00,24.1153711884997,21.7974174367695,0.0,1.3589285714285715,11.8,79,24,9.7,238,12.1,14.3,14.6,0.0,0.0,0.01,11.0,87.0,0.0,0.0,2.0,204.0,0.0,101350.0
2025-02-23 02:00:00,24.0283190695724,21.6847399454383,0.0,1.3607142857142858,11.4,80,23,9.4,243,11.7,14.1,14.6,0.0,0.0,0.01,12.0,80.0,0.0,0.0,2.0,245.0,0.0,101350.0
2025-02-23 03:00:00,24.1868302704513,21.926341369417,0.0,1.3625,10.8,84,36,9.7,238,11.4,14.0,14.6,0.0,0.0,0.0,12.0,79.0,0.0,0.0,1.0,210.0,0.0,101340.0
2025-02-23 04:00:00,24.0551007504092,21.735351618438,0.0,1.3642857142857143,10.9,85,25,11.0,237,11.2,13.8,14.6,0.0,0.0,0.01,12.0,79.0,0.0,0.0,1.0,210.0,0.0,101350.0
2025-02-23 05:00:00,24.1907860199893,21.7340314414337,0.0,1.3660714285714286,10.8,85,23,10.4,234,11.2,13.6,14.6,0.0,0.0,0.0,12.0,80.0,0.0,0.0,0.0,264.0,0.0,101370.0
2025-02-23 06:00:00,24.2111636140255,21.8764894054401,0.0,1.3678571428571429,10.1,92,80,6.8,185,11.0,13.5,14.6,2.5,2.5,0.0,12.0,80.0,0.0,0.0,2.0,246.0,0.0,101390.0
2025-02-23 07:00:00,24.1660850269737,21.9027110835059,0.0,1.3696428571428572,9.9,95,72,5.9,204,10.9,13.3,14.6,0.8,0.8,0.01,12.0,79.0,0.0,0.0,2.0,251.0,0.0,101430.0
2025-02-23 08:00:00,24.1631065812784,21.756491602657,0.0,1.3714285714285714,11.0,88,64,12.4,237,11.0,13.2,14.6,0.0,0.0,0.03,12.0,79.0,78.0,0.0,2.0,246.0,0.0,101450.0
2025-02-23 09:00:00,24.0872238355317,22.057771894087,0.0,1.3732142857142857,12.3,83,92,2.7,191,11.8,13.1,14.6,0.5,0.5,0.07,11.0,84.0,2089.0,0.0,0.0,276.0,0.0,101540.0
2025-02-23 10:00:00,24.0113669526743,21.7322959219714,0.0,1.375,13.5,78,12,6.0,191,12.8,13.1,14.6,0.9,0.9,0.15,11.0,87.0,8026.0,1.0,0.0,270.0,0.0,101640.0
2025-02-23 11:00:00,24.0958523539214,21.91585791461,0.0,1.3767857142857143,15.5,69,14,6.3,274,14.5,13.1,14.6,0.0,0.0,0.3,15.0,71.0,45087.0,3.0,4.0,258.0,0.0,101660.0
2025-02-23 12:00:00,24.1608563458593,21.7039681025772,0.0,1.3785714285714286,16.4,65,5,5.7,311,15.9,13.3,14.6,0.0,0.0,0.33,16.0,69.0,89620.0,7.0,2.0,240.0,0.0,101690.0
2025-02-23 13:00:00,24.1123488268263,21.8064623490534,0.0,1.3803571428571428,17.3,61,18,10.6,352,17.5,13.7,14.6,0.0,0.0,0.38,16.0,70.0,3812.0,0.0,2.0,345.0,0.0,101660.0
2025-02-23 14:00:00,24.0331998045993,21.6293468633859,0.0,1.3821428571428571,17.0,63,32,10.6,6,17.8,14.0,14.6,0.5,0.5,0.34,16.0,68.0,78913.0,7.0,4.0,36.0,3.0,101650.0
2025-02-23 15:00:00,24.0253887706783,21.5451760399315,0.0,1.3839285714285714,16.6,64,19,9.7,19,17.6,14.2,14.6,0.2,0.2,0.29,17.0,69.0,27090.0,2.0,2.0,307.0,0.0,101590.0
2025-02-23 16:00:00,23.914402979499,21.6125383519292,0.0,1.3857142857142857,16.3,65,1,8.2,24,17.4,14.5,14.6,0.0,0.0,0.21,17.0,66.0,59174.0,4.0,3.0,48.0,0.0,101550.0
2025-02-23 17:00:00,23.9646642181576,21.4411006353288,0.0,1.3875,15.5,68,0,6.4,46,16.7,14.6,14.6,0.0,0.0,0.12,17.0,65.0,31948.0,2.0,3.0,48.0,0.0,101550.0
2025-02-23 18:00:00,23.8241935311829,21.4393562007574,0.0,1.3892857142857142,12.6,83,0,5.2,46,15.4,14.7,14.6,0.0,0.0,0.02,17.0,64.0,10898.0,1.0,2.0,65.0,0.0,101580.0
2025-02-23 19:00:00,24.0480276795794,21.6633860228724,0.0,1.3910714285714285,11.5,88,0,3.9,61,14.1,14.7,14.6,0.0,0.0,0.0,15.0,73.0,1959.0,0.0,2.0,38.0,0.0,101680.0
2025-02-23 20:00:00,23.8915675383318,21.4729782943051,0.0,1.3928571428571428,11.0,87,0,1.5,81,13.0,14.6,14.6,0.0,0.0,0.0,13.0,82.0,0.0,0.0,1.0,152.0,0.0,101750.0
2025-02-23 21:00:00,23.9583974609076,21.5620607760358,0.0,1.394642857142857,10.5,88,8,1.1,8,12.2,14.5,14.6,0.0,0.0,0.0,12.0,89.0,0.0,0.0,0.0,102.0,0.0,101800.0
2025-02-23 22:00:00,23.9344562702673,21.4015717629928,0.0,1.3964285714285714,10.1,90,1,1.4,3,11.7,14.3,14.6,0.0,0.0,0.0,11.0,91.0,0.0,0.0,1.0,20.0,0.0,101860.0
2025-02-23 23:00:00,23.8646208616885,21.6498145748115,0.0,1.3982142857142856,9.6,90,10,2.7,315,11.2,14.1,14.6,0.0,0.0,0.0,9.0,93.0,0.0,0.0,0.0,186.0,0.0,101900.0
2025-02-24 00:00:00,24.0692457423564,21.290543224828,0.0,1.4,9.3,91,21,3.4,238,11.0,13.9,14.6,0.0,0.0,0.0,9.0,95.0,0.0,0.0,0.0,198.0,0.0,101960.0
2025-02-24 01:00:00,23.9055862404807,21.2614793219121,0.0,1.4017857142857142,10.0,92,18,3.5,167,11.9,13.9,14.6,0.0,0.0,0.0,10.0,95.0,0.0,0.0,0.0,210.0,0.0,102000.0
2025-02-24 02:00:00,23.9313087597077,21.5255478960352,0.0,1.4035714285714287,9.0,92,1,2.1,126,11.4,13.8,14.6,0.0,0.0,0.0,10.0,92.0,0.0,0.0,0.0,173.0,0.0,101950.0
2025-02-24 03:00:00,23.9060966302662,21.5463078256569,0.0,1.405357142857143,8.4,92,0,1.4,79,10.9,13.6,14.6,0.0,0.0,0.0,9.0,93.0,0.0,0.0,0.0,174.0,0.0,101890.0
2025-02-24 04:00:00,24.148315183868,21.3944659526279,0.0,1.4071428571428573,8.1,92,0,2.1,345,10.4,13.4,14.6,0.0,0.0,0.0,7.0,95.0,0.0,0.0,0.0,178.0,0.0,101880.0
2025-02-24 05:00:00,23.8290097722717,21.5960968370529,0.0,1.4089285714285715,8.2,92,9,5.1,254,10.1,13.2,14.6,0.0,0.0,0.0,8.0,95.0,0.0,0.0,0.0,204.0,0.0,101840.0
2025-02-24 06:00:00,23.9280251012346,21.6854036619047,0.0,1.4107142857142858,7.6,95,12,5.9,222,10.0,13.1,14.6,0.0,0.0,0.0,8.0,94.0,0.0,0.0,2.0,171.0,0.0,101820.0
2025-02-24 07:00:00,23.9542362642605,21.4889511674492,0.0,1.4125,6.9,97,1,4.1,226,9.7,12.9,14.6,0.0,0.0,0.01,8.0,92.0,0.0,0.0,0.0,222.0,0.0,101820.0
2025-02-24 08:00:00,23.8829196245942,21.4867299077353,0.0,1.4142857142857144,9.6,90,2,5.5,255,10.2,12.7,14.6,0.0,0.0,0.03,7.0,94.0,457.0,0.0,0.0,110.0,0.0,101840.0
2025-02-24 09:00:00,24.0700255693846,21.425140433884,0.0,1.4160714285714286,14.0,78,2,5.8,261,11.7,12.6,14.6,0.0,0.0,0.13,9.0,93.0,5425.0,0.0,1.0,204.0,0.0,101900.0
2025-02-24 10:00:00,24.0320821525452,21.4203653885811,0.0,1.417857142857143,15.9,69,15,4.2,278,13.6,12.7,14.6,0.0,0.0,0.24,12.0,85.0,26377.0,1.0,2.0,262.0,0.0,101940.0
2025-02-24 11:00:00,23.9080781384306,21.6004233264085,0.0,1.4196428571428572,17.3,64,10,5.0,335,15.4,12.8,14.6,0.0,0.0,0.33,15.0,79.0,49410.0,4.0,2.0,312.0,0.0,101950.0
2025-02-24 12:00:00,23.9539644565385,21.3426235044077,0.0,1.4214285714285715,18.0,63,78,9.3,343,16.8,13.1,14.6,0.0,0.0,0.36,16.0,71.0,69188.0,3.0,1.0,27.0,0.0,101930.0
2025-02-24 13:00:00,23.7984232814395,21.3003416314125,0.0,1.4232142857142858,17.4,65,90,10.9,5,17.3,13.3,14.5,0.0,0.0,0.29,19.0,57.0,76679.0,4.0,1.0,269.0,0.0,101880.0
2025-02-24 14:00:00,23.8911334549361,21.2219133854815,0.0,1.425,17.4,67,100,10.4,50,17.9,13.6,14.5,0.0,0.0,0.32,20.0,53.0,77574.0,7.0,1.0,186.0,0.0,101780.0
2025-02-24 15:00:00,23.8207558663293,21.1909455757506,0.0,1.4267857142857143,17.5,66,100,9.6,40,18.1,14.0,14.5,0.0,0.0,0.28,19.0,61.0,63050.0,5.0,2.0,78.0,0.0,101680.0
2025-02-24 16:00:00,23.6966238727047,21.1255667986762,0.0,1.4285714285714286,17.1,68,100,10.7,40,17.9,14.2,14.5,0.0,0.0,0.21,19.0,63.0,48336.0,3.0,3.0,78.0,0.0,101630.0
2025-02-24 17:00:00,23.8539853990672,21.2277183822493,0.0,1.4303571428571429,15.7,72,100,9.1,42,17.0,14.5,14.5,0.0,0.0,0.1,18.0,63.0,19002.0,1.0,4.0,7.0,0.0,101590.0
2025-02-24 18:00:00,23.8000460006058,20.9744470851434,0.0,1.4321428571428572,13.5,84,100,4.4,44,15.9,14.6,14.6,0.0,0.0,0.02,17.0,67.0,8480.0,0.0,2.0,53.0,0.0,101530.0
2025-02-24 19:00:00,23.5797151992533,21.0077559885341,0.0,1.4339285714285714,12.7,87,46,1.9,55,14.5,14.6,14.6,0.0,0.0,0.0,16.0,75.0,1285.0,0.0,1.0,60.0,0.0,101530.0
2025-02-24 20:00:00,23.6680007862079,21.0367348368399,0.0,1.4357142857142857,12.2,88,0,1.5,80,13.4,14.6,14.6,0.0,0.0,0.0,14.0,82.0,0.0,0.0,0.0,123.0,0.0,101630.0
2025-02-24 21:00:00,23.7896448630648,21.1972663687935,0.0,1.4375,11.7,89,4,1.0,22,12.6,14.5,14.6,0.0,0.0,0.0,12.0,88.0,0.0,0.0,0.0,42.0,0.0,101610.0
2025-02-24 22:00:00,23.4670021411766,21.0083670960291,0.0,1.4392857142857143,10.9,90,0,2.2,328,11.9,14.3,14.6,0.0,0.0,0.0,11.0,89.0,0.0,0.0,0.0,144.0,0.0,101670.0
2025-02-24 23:00:00,23.8064869880269,20.9168537973831,0.0,1.4410714285714286,9.9,86,0,2.9,200,11.4,14.1,14.6,0.0,0.0,0.0,10.0,92.0,0.0,0.0,1.0,186.0,0.0,101710.0
2025-02-25 00:00:00,23.7089675344882,21.1069431044472,0.0,1.4428571428571428,9.0,86,0,4.4,242,11.0,14.0,14.6,0.0,0.0,0.0,10.0,92.0,0.0,0.0,1.0,175.0,0.0,101680.0
2025-02-25 01:00:00,23.7503836926491,20.9297384563605,0.0,1.4446428571428571,9.2,88,2,4.9,236,11.2,13.9,14.6,0.0,0.0,0.0,10.0,90.0,0.0,0.0,1.0,210.0,0.0,101660.0
2025-02-25 02:00:00,23.6822412591089,20.9144411443512,0.0,1.4464285714285714,8.9,87,19,6.0,251,10.9,13.7,14.6,0.0,0.0,0.0,9.0,92.0,0.0,0.0,1.0,182.0,0.0,101640.0
2025-02-25 03:00:00,23.4834015222409,21.0033518740143,0.0,1.4482142857142857,9.2,84,21,8.1,246,10.7,13.5,14.6,0.0,0.0,0.0,9.0,93.0,0.0,0.0,1.0,186.0,0.0,101550.0
2025-02-25 04:00:00,23.5686540838797,21.0933623199568,0.0,1.45,9.6,81,37,9.0,236,10.6,13.4,14.6,0.0,0.0,0.0,10.0,90.0,0.0,0.0,0.0,198.0,0.0,101510.0
2025-02-25 05:00:00,23.7504457292279,21.0098775674616,0.0,1.4517857142857142,9.5,80,77,8.2,232,10.4,13.2,14.6,0.0,0.0,0.0,9.0,90.0,0.0,0.0,1.0,180.0,0.0,101490.0
2025-02-25 06:00:00,23.6765885721782,21.1063067795638,0.0,1.4535714285714285,9.3,81,99,8.3,237,10.3,13.0,14.6,0.0,0.0,0.0,9.0,88.0,0.0,0.0,0.0,198.0,0.0,101450.0
2025-02-25 07:00:00,23.6139463630343,21.101212887962,0.0,1.4553571428571428,9.0,85,96,9.0,240,10.1,12.9,14.5,0.0,0.0,0.02,10.0,87.0,0.0,0.0,2.0,246.0,0.0,101450.0
2025-02-25 08:00:00,23.5955108668135,21.2158382898383,0.0,1.457142857142857,11.7,78,100,10.9,234,10.7,12.7,14.5,0.0,0.0,0.05,9.0,87.0,1328.0,0.0,1.0,210.0,0.0,101490.0
2025-02-25 09:00:00,23.6854538318613,21.1014891019446,0.0,1.4589285714285714,15.5,70,100,9.1,239,12.2,12.7,14.5,0.0,0.0,0.15,12.0,84.0,9244.0,0.0,2.0,246.0,0.0,101500.0
2025-02-25 10:00:00,23.5811573579067,21.1173413394103,0.0,1.4607142857142856,18.4,57,100,13.7,247,14.0,12.8,14.5,0.0,0.0,0.28,14.0,76.0,28404.0,2.0,4.0,246.0,0.0,101500.0
2025-02-25 11:00:00,23.5475528386999,20.8490012446016,0.0,1.4625,19.9,49,100,14.5,252,15.7,12.9,14.5,0.0,0.0,0.38,16.0,63.0,53630.0,3.0,4.0,282.0,0.0,101510.0
2025-02-25 12:00:00,23.7341957786735,21.00453836894,0.0,1.4642857142857144,20.5,47,100,12.3,262,17.1,13.2,14.5,0.0,0.0,0.43,19.0,51.0,70560.0,5.0,5.0,300.0,0.0,101480.0
2025-02-25 13:00:00,23.5478716948656,20.94883297915,0.0,1.4660714285714287,21.6,44,100,10.1,260,18.3,13.5,14.5,0.0,0.0,0.43,21.0,43.0,69244.0,4.0,4.0,274.0,0.0,101400.0
2025-02-25 14:00:00,23.5506430219603,20.7364507578555,0.0,1.467857142857143,21.6,47,100,11.3,286,18.8,13.9,14.5,0.0,0.0,0.36,22.0,39.0,68420.0,7.0,3.0,318.0,0.0,101280.0
2025-02-25 15:00:00,23.433768066346,20.7558269576034,0.0,1.4696428571428573,20.9,49,94,10.0,326,19.1,14.2,14.5,0.0,0.0,0.34,22.0,34.0,62108.0,5.0,4.0,348.0,0.0,101200.0
2025-02-25 16:00:00,23.6032052101505,20.827181675634,0.0,1.4714285714285715,20.0,47,91,9.5,338,18.9,14.5,14.5,0.0,0.0,0.26,21.0,42.0,42975.0,3.0,4.0,25.0,0.0,101180.0
2025-02-25 17:00:00,23.3358703699897,20.6944941581858,0.0,1.4732142857142858,18.6,64,98,1.9,328,18.2,14.8,14.5,0.0,0.0,0.12,21.0,40.0,26826.0,1.0,7.0,354.0,0.0,101190.0
2025-02-25 18:00:00,23.6372400797691,20.6034636841579,0.0,1.475,16.3,57,98,0.8,311,16.7,15.0,14.5,0.0,0.0,0.02,20.0,43.0,6920.0,0.0,2.0,358.0,0.0,101190.0
2025-02-25 19:00:00,23.4002794051462,20.6368311720938,0.0,1.4767857142857144,15.3,57,100,2.7,264,15.2,15.0,14.5,0.0,0.0,0.0,17.0,51.0,341.0,0.0,0.0,42.0,0.0,101240.0
2025-02-25 20:00:00,23.3383086391211,20.5593530220463,0.0,1.4785714285714286,14.6,60,100,8.2,229,14.3,15.0,14.5,0.0,0.0,0.03,15.0,63.0,0.0,0.0,0.0,186.0,0.0,101310.0
2025-02-25 21:00:00,23.479647169577,20.6982117847301,0.0,1.480357142857143,14.1,61,21,11.4,203,13.9,14.9,14.5,0.0,0.0,0.04,15.0,54.0,0.0,0.0,0.0,312.0,0.0,101340.0
2025-02-25 22:00:00,23.3213943429514,20.686847177605,0.0,1.4821428571428572,13.5,65,19,9.9,211,13.6,14.8,14.5,0.0,0.0,0.03,16.0,51.0,0.0,0.0,1.0,216.0,0.0,101380.0
2025-02-25 23:00:00,23.4383801560626,20.469310888795,0.0,1.4839285714285715,12.8,71,27,6.0,237,13.2,14.7,14.5,0.0,0.0,0.01,15.0,57.0,0.0,0.0,0.0,270.0,0.0,101360.0
2025-02-26 00:00:00,23.5003818410129,20.5837040583626,0.0,1.4857142857142858,12.8,71,84,1.8,262,12.7,14.6,14.5,0.0,0.0,0.0,14.0,65.0,0.0,0.0,0.0,48.0,0.0,101380.0
2025-02-26 01:00:00,23.5896627602879,20.4597609636912,0.0,1.4875,14.2,71,95,1.2,272,14.6,14.7,14.6,0.0,0.0,0.0,14.0,69.0,0.0,0.0,0.0,204.0,0.0,101390.0
2025-02-26 02:00:00,23.5319175816103,20.6095324219776,0.0,1.4892857142857143,13.6,76,99,4.0,236,14.1,14.6,14.6,0.2,0.2,0.0,15.0,66.0,0.0,0.0,0.0,288.0,0.0,101370.0
2025-02-26 03:00:00,23.3620622572816,20.6173749870863,0.0,1.4910714285714286,13.2,81,100,6.6,193,13.6,14.6,14.6,0.2,0.2,0.0,15.0,70.0,0.0,0.0,0.0,156.0,0.0,101370.0
2025-02-26 04:00:00,23.2081175239358,20.7513319031613,0.0,1.4928571428571429,12.8,87,100,5.6,197,13.3,14.5,14.6,0.0,0.0,0.0,16.0,72.0,0.0,0.0,2.0,285.0,0.0,101340.0
2025-02-26 05:00:00,23.2909113778901,20.7655451681294,0.0,1.4946428571428572,12.3,94,92,6.3,191,13.0,14.4,14.6,0.1,0.1,0.0,15.0,77.0,0.0,0.0,0.0,240.0,0.0,101350.0
2025-02-26 06:00:00,23.4502184640247,20.5932739228029,0.0,1.4964285714285714,11.5,96,100,5.9,173,12.7,14.3,14.6,0.1,0.1,0.0,13.0,83.0,0.0,0.0,1.0,60.0,0.0,101370.0
2025-02-26 07:00:00,23.5296558279977,20.4696070701263,0.0,1.4982142857142857,11.0,98,100,6.6,152,12.3,14.2,14.6,0.1,0.1,0.01,13.0,84.0,0.0,0.0,1.0,144.0,0.0,101400.0
2025-02-26 08:00:00,23.3281601228737,20.5922085467444,0.0,1.5,12.9,93,22,6.9,179,12.6,14.1,14.6,0.0,0.0,0.03,14.0,82.0,1345.0,0.0,2.0,164.0,0.0,101450.0
2025-02-26 09:00:00,23.5312946986078,20.5494208979915,0.0,1.5017857142857143,15.1,81,37,3.7,199,13.7,14.0,14.6,0.0,0.0,0.12,16.0,77.0,19808.0,1.0,0.0,118.0,0.0,101470.0
2025-02-26 10:00:00,23.3438099832358,20.453592320864,0.0,1.5035714285714286,16.8,73,13,1.5,229,15.2,14.1,14.6,0.0,0.0,0.24,17.0,66.0,37915.0,2.0,0.0,258.0,0.0,101500.0
2025-02-26 11:00:00,23.19542326594,20.4185601243553,0.0,1.5053571428571428,17.7,67,42,4.8,9,16.7,14.2,14.6,0.1,0.1,0.31,17.0,67.0,13810.0,2.0,2.0,42.0,0.0,101500.0
2025-02-26 12:00:00,23.2677753167005,20.3824686040245,0.0,1.5071428571428571,18.4,65,47,6.3,4,17.9,14.4,14.6,0.1,0.1,0.35,18.0,70.0,78849.0,5.0,3.0,65.0,0.0,101470.0
2025-02-26 13:00:00,23.4000269088488,20.5253061571434,0.0,1.5089285714285714,19.0,59,21,7.0,360,18.4,14.5,14.6,0.0,0.0,0.32,18.0,70.0,24466.0,3.0,2.0,42.0,0.0,101380.0
2025-02-26 14:00:00,23.2034007076423,20.4401418651172,0.0,1.5107142857142857,19.2,57,12,8.7,13,19.1,14.8,14.6,0.0,0.0,0.36,20.0,65.0,87669.0,6.0,3.0,44.0,0.0,101260.0
2025-02-26 15:00:00,23.1950900808421,20.3347042292555,0.0,1.5125,18.5,59,30,10.8,29,19.3,15.1,14.6,0.0,0.0,0.31,19.0,64.0,20850.0,2.0,4.0,39.0,0.0,101200.0
2025-02-26 16:00:00,23.0935209544105,20.3025719168186,0.0,1.5142857142857142,17.7,59,2,11.1,48,19.0,15.3,14.6,0.0,0.0,0.24,19.0,62.0,43338.0,2.0,5.0,38.0,0.0,101150.0
2025-02-26 17:00:00,23.1558913166353,20.4871998930964,0.0,1.5160714285714285,16.8,64,0,11.0,63,18.2,15.5,14.6,0.0,0.0,0.14,18.0,56.0,21459.0,1.0,3.0,36.0,0.0,101110.0
2025-02-26 18:00:00,23.1701515111716,20.3518073332818,0.0,1.5178571428571428,14.2,77,0,6.6,61,17.0,15.6,14.6,0.0,0.0,0.03,18.0,64.0,5137.0,0.0,4.0,59.0,0.0,101120.0
2025-02-26 19:00:00,22.9647802309631,20.207827509046,0.0,1.519642857142857,12.2,85,0,5.4,87,15.5,15.6,14.6,0.0,0.0,0.0,15.0,77.0,113.0,0.0,2.0,66.0,0.0,101150.0
2025-02-26 20:00:00,22.9558315073515,20.090188566426,0.0,1.5214285714285714,12.1,81,2,1.9,90,14.3,15.6,14.6,0.0,0.0,0.0,14.0,85.0,0.0,0.0,2.0,84.0,0.0,101150.0
2025-02-26 21:00:00,22.9301687746672,20.3273718322938,0.0,1.5232142857142856,11.6,80,89,0.3,76,13.3,15.4,14.6,0.0,0.0,0.0,12.0,89.0,0.0,0.0,0.0,118.0,0.0,101160.0
2025-02-26 22:00:00,22.9662535385461,20.3267966999817,0.0,1.5250000000000001,10.6,84,80,1.9,345,12.6,15.3,14.6,0.0,0.0,0.0,11.0,92.0,0.0,0.0,0.0,270.0,0.0,101140.0
2025-02-26 23:00:00,22.9735398348254,20.0197573369742,0.0,1.5267857142857144,9.8,88,98,4.8,261,12.1,15.1,14.6,0.0,0.0,0.0,10.0,92.0,0.0,0.0,0.0,252.0,0.0,101130.0
2025-02-27 00:00:00,22.9986308938476,20.2431221614189,0.0,1.5285714285714287,9.6,88,99,5.3,259,11.7,14.8,14.6,0.0,0.0,0.0,11.0,92.0,0.0,0.0,0.0,198.0,0.0,101080.0
2025-02-27 01:00:00,23.1031222246776,20.1956963623031,0.0,1.530357142857143,10.1,87,100,5.2,262,12.4,14.8,14.6,0.0,0.0,0.0,10.0,91.0,0.0,0.0,1.0,192.0,0.0,101070.0
2025-02-27 02:00:00,23.2043466757975,20.201145112726,0.0,1.5321428571428573,10.0,86,100,3.8,256,12.0,14.6,14.6,0.0,0.0,0.0,9.0,90.0,0.0,0.0,0.0,188.0,0.0,100990.0
2025-02-27 03:00:00,23.1908900917115,20.2809786794318,0.0,1.5339285714285715,9.9,86,98,4.4,281,11.5,14.4,14.6,0.0,0.0,0.0,10.0,88.0,0.0,0.0,0.0,175.0,0.0,100890.0
2025-02-27 04:00:00,22.9281986194118,20.0426655218588,0.0,1.5357142857142858,9.6,88,78,4.8,283,11.2,14.2,14.7,0.0,0.0,0.0,10.0,90.0,0.0,0.0,1.0,216.0,0.0,100830.0
2025-02-27 05:00:00,22.9806100469549,20.3136883968939,0.0,1.5375,9.8,85,100,6.6,265,11.1,14.1,14.7,0.0,0.0,0.0,9.0,91.0,0.0,0.0,1.0,151.0,0.0,100800.0
2025-02-27 06:00:00,23.1081619172485,20.2166227916103,0.0,1.5392857142857144,9.8,83,100,6.0,263,11.0,13.9,14.7,0.0,0.0,0.0,8.0,93.0,0.0,0.0,2.0,165.0,0.0,100840.0
2025-02-27 07:00:00,23.0341410959081,20.0280913069458,0.0,1.5410714285714286,9.9,82,100,5.7,260,10.8,13.7,14.6,0.0,0.0,0.02,8.0,92.0,0.0,0.0,0.0,192.0,0.0,100830.0
2025-02-27 08:00:00,23.0492026569134,20.1248064169398,0.0,1.542857142857143,12.2,76,99,7.1,262,11.3,13.6,14.6,0.0,0.0,0.05,9.0,92.0,4152.0,0.0,0.0,168.0,0.0,100860.0
2025-02-27 09:00:00,22.9204160884913,20.0985202972037,0.0,1.5446428571428572,14.9,70,98,5.2,265,12.8,13.5,14.6,0.0,0.0,0.14,12.0,87.0,12132.0,1.0,1.0,246.0,0.0,100910.0
2025-02-27 10:00:00,22.8681966053993,20.1454246247554,0.0,1.5464285714285715,16.9,62,100,5.9,291,14.5,13.5,14.6,0.0,0.0,0.24,15.0,70.0,45175.0,3.0,2.0,288.0,0.0,100930.0
2025-02-27 11:00:00,22.9028337358195,20.1631406863918,0.0,1.5482142857142858,18.6,59,100,7.4,274,16.2,13.7,14.6,0.0,0.0,0.33,17.0,63.0,50676.0,3.0,3.0,330.0,0.0,100880.0
2025-02-27 12:00:00,22.8718541820031,20.1578965742305,0.0,1.55,20.0,54,100,8.0,288,17.6,13.9,14.6,0.0,0.0,0.38,18.0,59.0,69284.0,6.0,1.0,347.0,0.0,100860.0
2025-02-27 13:00:00,22.8133739909938,20.0954192379468,0.0,1.5548809523809524,20.4,57,100,8.3,343,18.7,14.2,14.6,0.0,0.0,0.4,20.0,52.0,70283.0,6.0,1.0,54.0,0.0,100760.0
2025-02-27 14:00:00,22.830593731803,20.105770266785,0.0,1.559761904761905,19.0,68,100,13.2,15,19.0,14.5,14.6,0.0,0.0,0.29,20.0,64.0,62173.0,5.0,4.0,42.0,0.0,100650.0
2025-02-27 15:00:00,22.791132226665,19.708341265063,0.0,1.5646428571428572,17.4,72,100,12.2,32,18.9,14.8,14.6,0.0,0.0,0.23,19.0,68.0,46341.0,2.0,5.0,21.0,0.0,100600.0
2025-02-27 16:00:00,22.5376401193851,20.1606760506995,0.0,1.5695238095238095,16.8,75,100,10.3,32,18.4,15.0,14.6,0.0,0.0,0.17,17.0,71.0,24127.0,1.0,3.0,18.0,0.0,100560.0
2025-02-27 17:00:00,22.6750268262924,19.7346880921895,0.0,1.5744047619047619,15.6,79,100,10.9,31,17.7,15.2,14.6,0.0,0.0,0.1,17.0,74.0,17007.0,1.0,3.0,54.0,0.0,100540.0
2025-02-27 18:00:00,22.6683778475317,19.7052318937138,0.0,1.5792857142857144,13.8,89,100,3.3,43,16.5,15.3,14.6,0.0,0.0,0.02,16.0,70.0,5256.0,0.0,3.0,48.0,0.0,100560.0
2025-02-27 19:00:00,22.4808735865648,19.8581693482657,0.0,1.5841666666666667,12.8,92,100,3.2,44,15.3,15.3,14.7,0.0,0.0,0.0,14.0,84.0,0.0,0.0,2.0,48.0,0.0,100600.0
2025-02-27 20:00:00,22.5908013159637,19.8490299120429,0.0,1.589047619047619,12.5,94,100,1.0,46,14.2,15.3,14.7,0.0,0.0,0.0,13.0,87.0,0.0,0.0,0.0,175.0,0.0,100650.0
2025-02-27 21:00:00,22.6252202202112,19.7903787199302,0.0,1.5939285714285716,12.2,94,100,1.1,46,13.4,15.2,14.7,0.0,0.0,0.0,12.0,89.0,0.0,0.0,0.0,170.0,0.0,100650.0
2025-02-27 22:00:00,22.5741180596961,19.9850617130467,0.0,1.598809523809524,11.8,95,100,1.1,4,12.8,15.0,14.7,0.0,0.0,0.0,11.0,91.0,0.0,0.0,0.0,184.0,0.0,100650.0
2025-02-27 23:00:00,22.665336963783,19.8255250583618,0.0,1.6036904761904762,11.0,97,100,1.8,342,12.3,14.9,14.7,0.0,0.0,0.0,10.0,93.0,0.0,0.0,0.0,176.0,0.0,100650.0
2025-02-28 00:00:00,22.5990804021645,20.0291038560416,0.0,1.6085714285714285,10.5,96,100,2.9,243,11.9,14.7,14.7,0.0,0.0,0.0,10.0,93.0,0.0,0.0,0.0,168.0,0.0,100580.0
2025-02-28 01:00:00,22.4466192612514,19.7030139936935,0.0,1.613452380952381,10.0,96,100,3.1,325,12.0,14.6,14.7,0.0,0.0,0.0,10.0,95.0,0.0,0.0,0.0,228.0,0.0,100520.0
2025-02-28 02:00:00,22.6793195906247,19.8477315032943,0.0,1.6183333333333334,9.8,96,100,2.6,257,11.7,14.5,14.7,0.0,0.0,0.0,10.0,96.0,0.0,0.0,0.0,204.0,0.0,100450.0
2025-02-28 03:00:00,22.5811389777752,19.8868898641722,0.0,1.6232142857142857,10.4,94,100,3.8,280,11.7,14.3,14.7,0.0,0.0,0.0,10.0,96.0,0.0,0.0,0.0,270.0,0.0,100340.0
2025-02-28 04:00:00,22.6138022717615,19.8042544380667,0.0,1.6280952380952383,10.0,97,99,3.2,287,11.7,14.2,14.7,0.0,0.0,0.0,11.0,96.0,0.0,0.0,2.0,161.0,0.0,100330.0
2025-02-28 05:00:00,22.5973817378708,19.8187301396688,0.0,1.6329761904761906,9.0,98,14,2.0,68,11.5,14.0,14.7,0.0,0.0,0.0,11.0,97.0,0.0,0.0,0.0,222.0,0.0,100230.0
2025-02-28 06:00:00,22.4763576804746,19.653584013355,0.0,1.637857142857143,8.6,99,13,2.8,70,11.0,13.8,14.7,0.0,0.0,0.0,10.0,96.0,0.0,0.0,0.0,307.0,0.0,100170.0
2025-02-28 07:00:00,22.7418160673946,19.7919853393164,0.0,1.6427380952380952,9.2,96,68,5.5,64,10.7,13.7,14.7,0.0,0.0,0.01,10.0,97.0,0.0,0.0,0.0,186.0,0.0,100190.0
2025-02-28 08:00:00,22.7398597484037,19.7056522297742,0.0,1.6476190476190478,11.9,91,100,7.7,45,11.4,13.5,14.7,0.0,0.0,0.04,11.0,97.0,5722.0,0.0,0.0,204.0,0.0,100210.0
2025-02-28 09:00:00,22.7662494934721,19.7917982004981,0.0,1.6525,14.1,85,94,6.8,22,12.8,13.5,14.7,0.0,0.0,0.13,13.0,92.0,14181.0,1.0,2.0,264.0,0.0,100210.0
2025-02-28 10:00:00,22.6220945408535,20.0020276139125,0.0,1.6573809523809524,16.1,76,89,9.5,19,14.5,13.5,14.7,0.0,0.0,0.24,14.0,86.0,43919.0,2.0,0.0,222.0,0.0,100170.0
2025-02-28 11:00:00,22.5247783841302,19.7510898642835,0.0,1.6622619047619047,17.9,64,31,11.1,17,16.1,13.6,14.7,0.0,0.0,0.33,16.0,77.0,71615.0,5.0,2.0,48.0,0.0,100130.0
2025-02-28 12:00:00,22.4196200703647,19.6282287812359,0.0,1.6671428571428573,19.1,55,56,12.8,22,17.6,13.9,14.7,0.0,0.0,0.41,19.0,65.0,80835.0,5.0,0.0,180.0,0.0,100040.0
2025-02-28 13:00:00,22.4999470440306,19.6472226911227,0.0,1.6720238095238096,18.1,69,100,8.9,16,18.3,14.2,14.7,0.0,0.0,0.34,18.0,67.0,42621.0,3.0,3.0,356.0,0.0,99940.0
2025-02-28 14:00:00,22.498874717868,19.8447323330812,0.0,1.676904761904762,17.8,71,100,8.1,341,18.5,14.5,14.7,0.0,0.0,0.25,17.5,69.0,38924.0,2.5,3.5,187.0,0.0,99890.0
2025-02-28 15:00:00,22.3023475486653,19.7125139732968,0.0,1.6817857142857144,18.1,69,100,8.8,288,18.2,14.7,14.7,0.0,0.0,0.17,17.0,71.0,35227.0,2.0,4.0,18.0,0.0,99840.0
2025-02-28 16:00:00,22.3042825317384,19.7269505892659,0.0,1.6866666666666668,18.1,70,99,7.7,303,17.8,14.9,14.7,0.0,0.0,0.12,17.0,74.0,32132.0,2.0,3.0,27.0,0.0,99790.0
2025-02-28 17:00:00,22.5306266853579,19.5399261656824,0.0,1.691547619047619,17.0,77,99,10.6,304,17.4,15.1,14.7,0.0,0.0,0.09,17.0,75.0,33681.0,2.0,4.0,42.0,0.0,99820.0
2025-02-28 18:00:00,22.3729494316301,19.8878798404591,0.0,1.6964285714285714,14.7,88,100,7.7,261,16.4,15.2,14.7,0.5,0.5,0.03,16.0,81.0,5634.0,0.0,2.0,0.0,0.0,99870.0
2025-02-28 19:00:00,22.4107865794574,19.7122199973141,0.0,1.701309523809524,14.4,87,100,8.0,223,15.4,15.2,14.7,0.2,0.2,0.0,16.0,80.0,1972.0,0.0,3.0,24.0,0.0,99880.0
2025-02-28 20:00:00,22.3440904994022,19.8710967000459,0.0,1.7061904761904763,13.6,89,100,7.0,230,14.6,15.2,14.7,0.1,0.1,0.0,16.0,83.0,0.0,0.0,3.0,341.0,0.0,99980.0
2025-02-28 21:00:00,22.2041334443885,19.6856949818801,0.0,1.7110714285714286,13.4,88,98,8.5,229,14.0,15.1,14.7,0.0,0.0,0.0,13.0,92.0,0.0,0.0,0.0,228.0,38.0,100010.0
2025-02-28 22:00:00,22.4257723778801,19.5054984638174,0.0,1.7159523809523811,11.8,90,84,4.5,230,13.3,15.0,14.7,0.0,0.0,0.0,14.0,91.0,0.0,0.0,4.0,264.0,0.0,99990.0
2025-02-28 23:00:00,22.143848724006,19.7428358244175,0.0,1.7208333333333334,10.8,91,90,4.0,233,12.5,14.9,14.7,0.0,0.0,0.0,13.0,88.0,0.0,0.0,2.0,246.0,0.0,100050.0
2025-03-01 00:00:00,22.1724727861988,19.5787425676148,0.0,1.7257142857142858,10.2,93,98,3.9,252,11.8,14.7,14.7,0.0,0.0,0.0,13.0,85.0,0.0,0.0,2.0,239.0,0.0,100030.0
2025-03-01 01:00:00,22.250996491513,19.7083635379107,0.0,1.730595238095238,11.7,89,98,4.1,212,13.0,14.9,14.7,0.0,0.0,0.0,13.0,86.0,0.0,0.0,3.0,282.0,0.0,100030.0
2025-03-01 02:00:00,22.2288494284308,19.5800189663678,0.0,1.7354761904761906,11.8,90,97,3.5,235,12.8,14.8,14.7,0.0,0.0,0.0,12.0,87.0,0.0,0.0,1.0,186.0,1.0,99980.0
2025-03-01 03:00:00,22.4429795674304,19.8492660674904,0.0,1.740357142857143,10.5,93,71,6.4,249,12.1,14.6,14.7,0.0,0.0,0.0,11.0,91.0,0.0,0.0,0.0,246.0,0.0,99950.0
2025-03-01 04:00:00,22.2464677041505,19.9303769360558,0.0,1.7452380952380953,9.4,94,36,6.2,249,11.5,14.4,14.7,0.0,0.0,0.0,10.0,91.0,0.0,0.0,0.0,198.0,0.0,99850.0
2025-03-01 05:00:00,22.2790269330171,19.651746176132,0.0,1.7501190476190478,8.7,93,14,7.2,242,10.9,14.2,14.7,0.0,0.0,0.0,10.0,92.0,0.0,0.0,1.0,180.0,0.0,99790.0
2025-03-01 06:00:00,22.4660046118972,19.6610286409272,0.0,1.7550000000000001,9.0,86,9,9.5,229,10.5,14.0,14.7,0.0,0.0,0.0,10.0,91.0,0.0,0.0,0.0,180.0,0.0,99810.0
2025-03-01 07:00:00,22.1519939622283,19.7696283457652,0.0,1.7598809523809524,9.2,81,0,11.9,232,10.1,13.8,14.7,0.0,0.0,0.03,10.0,90.0,0.0,0.0,2.0,240.0,0.0,99800.0
2025-03-01 08:00:00,22.3398718029733,19.7715018244319,0.0,1.7647619047619048,11.6,74,86,21.2,236,10.5,13.6,14.7,0.0,0.0,0.07,9.0,91.0,301.0,0.0,1.0,222.0,0.0,99830.0
2025-03-01 09:00:00,22.2720112651903,19.5933227059958,0.0,1.7696428571428573,13.0,79,96,16.8,244,11.6,13.4,14.7,0.2,0.2,0.1,10.0,90.0,6044.0,0.0,2.0,240.0,0.0,99900.0
2025-03-01 10:00:00,22.2631954749622,19.5217817967666,0.0,1.7745238095238096,13.3,79,100,15.4,245,12.4,13.4,14.7,0.5,0.5,0.12,12.0,85.0,9727.0,1.0,3.0,258.0,0.0,99990.0
2025-03-01 11:00:00,22.1047872937486,19.7492450692355,0.0,1.779404761904762,13.2,78,100,14.4,236,12.7,13.3,14.7,0.2,0.2,0.1,14.0,75.0,24828.0,1.0,3.0,244.0,0.0,100020.0
2025-03-01 12:00:00,22.3396307081826,19.5964878698882,0.0,1.7842857142857143,14.8,64,100,15.1,254,13.6,13.4,14.7,0.0,0.0,0.2,15.0,72.0,69162.0,4.0,4.0,258.0,0.0,100020.0
2025-03-01 13:00:00,21.9317018783296,19.5482695069739,0.0,1.7891666666666668,15.3,69,93,6.6,262,15.7,14.0,14.7,0.2,0.2,0.17,13.0,90.0,7102.0,0.0,3.0,343.0,0.0,100040.0
2025-03-01 14:00:00,22.2290310330484,19.5538445651122,0.0,1.7940476190476191,15.9,60,66,10.6,289,16.0,14.1,14.7,0.0,0.0,0.21,15.0,83.0,42868.0,3.0,3.0,330.0,2.0,100000.0
2025-03-01 15:00:00,22.1207324018734,19.5506845385252,0.0,1.7989285714285714,16.3,60,50,13.2,297,16.5,14.2,14.7,0.0,0.0,0.25,14.0,84.0,18796.0,1.0,0.0,264.0,2.0,99990.0
2025-03-01 16:00:00,22.1609339254384,19.5967562030657,0.0,1.803809523809524,15.2,67,34,12.1,305,16.4,14.4,14.7,0.2,0.2,0.19,14.0,81.0,8925.0,0.0,1.0,326.0,1.0,99960.0
2025-03-01 17:00:00,22.2003244843138,19.6444452433966,0.0,1.8086904761904763,14.5,70,32,6.4,330,16.0,14.5,14.7,0.0,0.0,0.11,14.0,87.0,5115.0,0.0,2.0,89.0,0.0,99980.0
2025-03-01 18:00:00,22.0182058627405,19.5562572759603,0.0,1.8135714285714286,12.6,81,37,1.0,2,15.0,14.6,14.7,0.0,0.0,0.02,13.0,92.0,6172.0,0.0,0.0,103.0,8.0,100040.0
2025-03-01 19:00:00,22.0131214717049,19.5952802817831,0.0,1.818452380952381,11.8,85,84,2.6,140,14.1,14.6,14.7,0.0,0.0,0.0,13.0,87.0,2242.0,0.0,0.0,355.0,0.0,100130.0
2025-03-01 20:00:00,21.9385276262892,19.6143625872338,0.0,1.8233333333333335,11.6,86,100,3.8,165,13.6,14.5,14.7,0.0,0.0,0.0,13.0,90.0,0.0,0.0,0.0,162.0,0.0,100210.0
2025-03-01 21:00:00,21.9843222156354,19.824264597708,0.0,1.8282142857142858,10.9,89,100,4.5,202,13.1,14.5,14.7,0.0,0.0,0.0,12.0,93.0,0.0,0.0,0.0,139.0,0.0,100280.0
2025-03-01 22:00:00,22.0974234254431,19.5561630248269,0.0,1.833095238095238,10.9,87,97,3.6,230,12.8,14.4,14.7,0.0,0.0,0.0,12.0,94.0,0.0,0.0,0.0,186.0,0.0,100280.0
2025-03-01 23:00:00,22.1390821539047,19.5920492617795,0.0,1.8379761904761907,10.7,86,49,3.6,252,12.4,14.3,14.7,0.0,0.0,0.0,11.0,95.0,0.0,0.0,0.0,174.0,0.0,100330.0
2025-03-02 00:00:00,21.9419613093859,19.6794829114587,0.0,1.842857142857143,10.0,87,43,4.5,231,11.9,14.1,14.7,0.0,0.0,0.0,11.0,95.0,0.0,0.0,0.0,166.0,0.0,100310.0
2025-03-02 01:00:00,22.2066174855792,19.5791066735454,0.0,1.8477380952380953,10.5,79,3,0.9,261,11.9,14.2,14.7,0.0,0.0,0.0,9.0,96.0,0.0,0.0,0.0,172.0,0.0,100290.0
2025-03-02 02:00:00,22.2383968968251,19.8855584587619,0.0,1.8526190476190476,10.2,79,6,1.0,308,11.3,14.0,14.7,0.0,0.0,0.0,8.0,96.0,0.0,0.0,0.0,173.0,0.0,100280.0
2025-03-02 03:00:00,22.2453589159921,19.4901054551516,0.0,1.8575000000000002,9.4,83,5,3.1,256,10.8,13.8,14.7,0.0,0.0,0.0,8.0,96.0,0.0,0.0,0.0,171.0,0.0,100230.0
2025-03-02 04:00:00,22.1043049198611,19.5077010331574,0.0,1.8623809523809525,8.6,85,1,2.9,252,10.3,13.6,14.7,0.0,0.0,0.0,7.0,95.0,0.0,0.0,0.0,179.0,0.0,100230.0
2025-03-02 05:00:00,22.1939081220977,19.6591252762073,0.0,1.8672619047619048,7.8,87,0,2.2,270,9.9,13.4,14.7,0.0,0.0,0.0,7.0,95.0,0.0,0.0,0.0,210.0,0.0,100210.0
2025-03-02 06:00:00,22.1018295527456,19.5433163868604,0.0,1.8721428571428573,7.1,90,52,2.2,293,9.6,13.2,14.7,0.0,0.0,0.0,7.0,96.0,0.0,0.0,0.0,180.0,0.0,100190.0
2025-03-02 07:00:00,22.2060610255172,19.7040632500244,0.0,1.8770238095238096,7.3,90,100,1.7,53,9.3,13.0,14.7,0.0,0.0,0.01,6.0,94.0,0.0,0.0,0.0,84.0,0.0,100200.0
2025-03-02 08:00:00,21.9812000589635,19.7119631174875,0.0,1.881904761904762,11.1,80,100,1.5,59,10.1,12.8,14.7,0.0,0.0,0.04,5.0,96.0,986.0,0.0,0.0,176.0,0.0,100200.0
2025-03-02 09:00:00,22.1049410543885,19.5884465256432,0.0,1.8867857142857143,14.1,74,100,4.1,355,11.7,12.8,14.7,0.0,0.0,0.13,8.0,96.0,10472.0,1.0,0.0,186.0,0.0,100280.0
2025-03-02 10:00:00,22.0477286810502,19.4509651996779,0.0,1.8916666666666668,16.2,65,100,5.9,354,13.5,12.8,14.7,0.0,0.0,0.23,11.0,92.0,34069.0,2.0,0.0,228.0,0.0,100320.0
2025-03-02 11:00:00,22.0326766176114,19.6907210267814,0.0,1.8965476190476191,17.8,56,99,8.1,5,15.1,12.9,14.7,0.0,0.0,0.3,13.0,82.0,46053.0,4.0,0.0,170.0,0.0,100310.0
2025-03-02 12:00:00,21.980713032484,19.8361367220851,0.0,1.9014285714285715,19.3,52,100,7.0,5,16.5,13.1,14.7,0.0,0.0,0.36,17.0,63.0,37552.0,4.0,0.0,107.0,0.0,100260.0
2025-03-02 13:00:00,22.1249749345078,19.6522888049078,0.0,1.906309523809524,18.9,55,100,13.9,25,17.2,13.5,14.7,0.0,0.0,0.34,17.0,65.0,45812.0,4.0,2.0,30.0,0.0,100220.0
2025-03-02 14:00:00,22.0950757093735,19.7380729550865,0.0,1.9111904761904763,17.9,56,99,19.1,34,17.6,13.8,14.7,0.0,0.0,0.32,17.0,69.0,50049.0,4.0,5.0,13.0,0.0,100100.0
2025-03-02 15:00:00,22.0410061461241,19.5076256866953,0.0,1.9160714285714286,17.8,59,87,18.1,45,17.9,14.1,14.7,0.0,0.0,0.3,18.0,63.0,66672.0,6.0,2.0,90.0,0.0,100020.0
2025-03-02 16:00:00,21.9562353448484,19.5684913867753,0.0,1.920952380952381,17.0,63,57,17.3,58,17.5,14.3,14.7,0.0,0.0,0.21,18.0,64.0,55123.0,4.0,4.0,32.0,0.0,99980.0
2025-03-02 17:00:00,21.9847767289156,19.6167106932076,0.0,1.9258333333333335,16.3,68,2,15.9,67,17.0,14.5,14.7,0.0,0.0,0.13,18.0,65.0,23680.0,1.0,4.0,42.0,0.0,99960.0
2025-03-02 18:00:00,22.0234745421221,19.5460066895789,0.0,1.9307142857142858,14.7,79,23,8.1,69,16.1,14.6,14.7,0.0,0.0,0.04,17.0,67.0,6572.0,0.0,5.0,66.0,0.0,99950.0
2025-03-02 19:00:00,22.2544918896674,19.5070451223657,0.0,1.9355952380952381,13.0,89,83,5.3,40,14.9,14.7,14.7,0.0,0.0,0.0,15.0,79.0,1202.0,0.0,2.0,66.0,0.0,100020.0
2025-03-02 20:00:00,21.8603250279064,19.3990243376562,0.0,1.9404761904761907,13.0,95,100,3.2,24,14.0,14.7,14.7,0.0,0.0,0.0,14.0,88.0,0.0,0.0,2.0,18.0,0.0,100080.0
2025-03-02 21:00:00,22.1037620655986,19.5566896188421,0.0,1.945357142857143,12.6,98,100,2.2,35,13.3,14.6,14.7,0.0,0.0,0.0,13.0,92.0,0.0,0.0,0.0,181.0,0.0,100110.0
2025-03-02 22:00:00,21.9499779694625,19.5906739685468,0.0,1.9502380952380953,13.0,97,97,0.8,17,13.0,14.5,14.7,0.0,0.0,0.0,13.0,93.0,0.0,0.0,0.0,240.0,0.0,100130.0
2025-03-02 23:00:00,22.016494594262,19.5416815838006,0.0,1.9551190476190476,12.5,97,100,5.0,290,12.8,14.4,14.7,0.0,0.0,0.0,14.0,92.0,0.0,0.0,2.0,228.0,0.0,100130.0
2025-03-03 00:00:00,21.8468330840442,19.7325338706499,0.0,1.9600000000000002,12.6,96,100,10.5,266,12.9,14.3,14.7,0.0,0.0,0.0,14.0,91.0,0.0,0.0,0.0,264.0,0.0,100100.0
2025-03-03 01:00:00,21.8819627748193,19.3528722682824,0.0,1.9648809523809525,13.2,98,100,9.6,259,14.0,14.4,14.7,0.0,0.0,0.0,14.0,88.0,0.0,0.0,3.0,252.0,0.0,100080.0
2025-03-03 02:00:00,21.9539204166246,19.4870336016501,0.0,1.9697619047619048,13.0,96,100,10.2,257,13.7,14.4,14.7,0.0,0.0,0.0,14.0,92.0,0.0,0.0,2.0,246.0,0.0,100040.0
2025-03-03 03:00:00,22.0205913851466,19.7212900122111,0.0,1.9746428571428571,13.1,96,100,8.7,252,13.6,14.4,14.7,0.0,0.0,0.0,13.0,95.0,0.0,0.0,0.0,258.0,0.0,100020.0
2025-03-03 04:00:00,22.0908753783444,19.5860292211566,0.0,1.9795238095238097,12.6,92,100,6.3,244,13.4,14.3,14.7,0.0,0.0,0.0,12.0,96.0,0.0,0.0,0.0,204.0,0.0,100010.0
2025-03-03 05:00:00,21.9983315903824,19.3927187785979,0.0,1.984404761904762,11.9,85,100,5.9,242,13.1,14.3,14.7,0.0,0.0,0.0,11.0,96.0,0.0,0.0,0.0,252.0,0.0,100020.0
2025-03-03 06:00:00,21.9790717459724,19.4894894244149,0.0,1.9892857142857143,11.4,82,99,5.4,256,12.8,14.2,14.7,0.0,0.0,0.0,12.0,96.0,0.0,0.0,0.0,186.0,0.0,100030.0
2025-03-03 07:00:00,21.9594333884188,19.5328102169691,0.0,1.9941666666666669,11.6,82,95,5.2,261,12.6,14.1,14.7,0.0,0.0,0.02,11.0,96.0,0.0,0.0,0.0,186.0,0.0,100080.0
2025-03-03 08:00:00,22.0601612683746,19.6026767622114,0.0,1.9990476190476192,13.3,84,79,6.5,264,13.0,14.0,14.7,0.0,0.0,0.04,11.0,97.0,1931.0,0.0,0.0,282.0,0.0,100110.0
2025-03-03 09:00:00,21.9334636262164,19.4351788647272,0.0,2.0039285714285717,15.1,88,69,5.7,302,14.0,14.0,14.7,0.0,0.0,0.11,13.0,97.0,11311.0,1.0,0.0,353.0,0.0,100180.0
2025-03-03 10:00:00,21.8450691988049,19.466590749874,0.0,2.008809523809524,17.4,77,37,7.1,333,15.7,14.1,14.7,0.0,0.0,0.26,16.0,85.0,33592.0,2.0,3.0,317.0,0.0,100220.0
2025-03-03 11:00:00,21.8198069493447,19.5180473083502,0.0,2.0136904761904764,19.6,66,22,8.0,345,17.3,14.2,14.7,0.0,0.0,0.36,18.0,76.0,57456.0,3.0,3.0,287.0,0.0,100210.0
2025-03-03 12:00:00,21.9340196386953,19.4945244421865,0.0,2.0185714285714287,20.4,64,20,12.1,352,18.8,14.5,14.7,0.0,0.0,0.42,19.0,65.0,73988.0,4.0,1.0,333.0,0.0,100160.0
2025-03-03 13:00:00,21.6843902575682,27.5092806306873,0.0,2.023452380952381,20.5,65,30,9.3,7,19.9,14.7,14.7,0.0,0.0,0.44,21.0,55.0,80560.0,6.0,2.0,345.0,0.0,100080.0
2025-03-03 14:00:00,21.7330245082069,30.0996881753955,0.0,2.0283333333333333,20.5,65,34,10.1,25,20.5,15.1,14.7,0.0,0.0,0.41,21.0,63.0,77118.0,6.0,3.0,56.0,0.0,99970.0
2025-03-03 15:00:00,21.7673001633438,28.57633784157,0.0,2.0332142857142856,19.6,67,5,12.3,40,20.6,15.4,14.7,0.0,0.0,0.32,20.0,68.0,74604.0,5.0,4.0,19.0,0.0,99890.0
2025-03-03 16:00:00,21.6788737445621,28.0052381883937,0.0,2.0380952380952384,18.6,68,13,12.1,31,20.2,15.7,14.7,0.0,0.0,0.25,19.0,72.0,48329.0,3.0,4.0,48.0,0.0,99890.0
2025-03-03 17:00:00,21.628553661252,27.305399360718,0.0,2.0429761904761907,17.4,71,39,8.1,27,19.3,16.0,14.7,0.0,0.0,0.13,18.0,73.0,22521.0,1.0,4.0,30.0,0.0,99870.0
2025-03-03 18:00:00,21.5766733371514,27.0519306453688,0.0,2.047857142857143,15.5,81,51,1.9,43,18.0,16.1,14.7,0.0,0.0,0.03,18.0,75.0,9728.0,0.0,3.0,54.0,0.0,99900.0
2025-03-03 19:00:00,21.6264595999618,26.7733518920232,0.0,2.0527380952380954,14.4,85,100,3.1,63,16.6,16.1,14.7,0.0,0.0,0.0,16.0,79.0,614.0,0.0,1.0,42.0,0.0,99950.0
2025-03-03 20:00:00,21.7787629448403,26.6485593959154,0.0,2.0576190476190477,14.3,86,99,5.2,58,15.9,16.1,14.7,0.0,0.0,0.0,15.0,82.0,0.0,0.0,1.0,36.0,0.0,99960.0
2025-03-03 21:00:00,21.5257130858818,26.3356267880973,0.0,2.0625,14.8,75,90,5.8,66,15.4,16.1,14.8,0.0,0.0,0.0,15.0,89.0,0.0,0.0,1.0,352.0,0.0,100020.0
2025-03-03 22:00:00,21.8226346002344,26.520996621295,0.0,2.0673809523809523,14.0,76,99,5.2,60,14.8,16.0,14.8,0.0,0.0,0.0,15.0,93.0,0.0,0.0,0.0,18.0,0.0,100060.0
2025-03-03 23:00:00,21.7683488920219,26.3657639981668,0.0,2.072261904761905,13.8,78,51,5.4,48,14.5,15.9,14.8,0.0,0.0,0.0,15.0,95.0,0.0,0.0,1.0,60.0,0.0,100110.0
2025-03-04 00:00:00,21.7491533059077,26.0690424589007,0.0,2.0771428571428574,13.0,87,22,4.0,42,14.0,15.7,14.8,0.0,0.0,0.0,15.0,95.0,0.0,0.0,3.0,48.0,0.0,99960.0
2025-03-04 01:00:00,21.7032824756021,26.0958081130153,0.0,2.0820238095238097,13.4,91,100,5.2,56,15.1,15.8,14.8,0.0,0.0,0.0,15.0,95.0,0.0,0.0,0.0,318.0,0.0,100030.0
2025-03-04 02:00:00,21.7667128708125,25.9855610946936,0.0,2.086904761904762,13.3,90,100,3.6,48,14.3,15.7,14.8,0.0,0.0,0.0,15.0,94.0,0.0,0.0,0.0,96.0,0.0,100050.0
2025-03-04 03:00:00,21.6213396911618,25.8153987688993,0.0,2.0917857142857144,14.4,94,100,8.3,46,14.3,15.6,14.8,0.0,0.0,0.0,15.0,94.0,0.0,0.0,0.0,156.0,0.0,99980.0
2025-03-04 04:00:00,21.7172439730258,25.7984717774981,0.0,2.0966666666666667,14.3,94,100,5.6,45,14.4,15.5,14.8,0.0,0.0,0.0,14.0,95.0,0.0,0.0,1.0,353.0,0.0,99850.0
2025-03-04 05:00:00,21.761259026903,25.7191397519986,0.0,2.101547619047619,13.9,97,100,4.3,34,14.2,15.4,14.8,0.0,0.0,0.0,14.0,95.0,0.0,0.0,1.0,36.0,0.0,99800.0
2025-03-04 06:00:00,21.7085349321899,25.6821244376935,0.0,2.1064285714285718,13.5,99,100,0.6,57,14.0,15.3,14.8,0.0,0.0,0.0,15.0,94.0,0.0,0.0,2.0,120.0,0.0,99790.0
2025-03-04 07:00:00,21.704351257845,25.5122419351252,0.0,2.111309523809524,13.9,96,100,0.4,32,14.0,15.2,14.8,0.1,0.1,0.01,14.0,94.0,0.0,0.0,0.0,64.0,0.0,99830.0
2025-03-04 08:00:00,21.6205116679603,25.6232223702975,0.0,2.1161904761904764,14.5,94,100,4.0,261,14.3,15.1,14.8,0.3,0.3,0.03,15.0,94.0,708.0,0.0,2.0,10.0,0.0,99870.0
2025-03-04 09:00:00,21.7663594816993,25.7708116922409,0.0,2.1210714285714287,15.1,97,100,7.4,272,14.8,15.1,14.8,0.5,0.5,0.06,15.0,94.0,6128.0,0.0,0.0,252.0,0.0,99960.0
2025-03-04 10:00:00,21.6947644266967,25.4872823722631,0.0,2.125952380952381,15.8,92,99,5.6,265,15.4,15.1,14.8,0.8,0.8,0.12,16.0,93.0,16375.0,1.0,0.0,43.0,0.0,99960.0
2025-03-04 11:00:00,21.6629019975836,25.4894330974831,0.0,2.1308333333333334,17.5,75,72,4.0,266,16.7,15.2,14.8,0.4,0.4,0.29,16.0,92.0,12984.0,1.0,2.0,240.0,0.0,99940.0
2025-03-04 12:00:00,21.7650758096864,25.2867401807395,20.254152839955694,2.1357142857142857,19.2,59,100,7.1,274,18.3,15.3,14.9,0.1,0.1,0.41,17.0,86.0,23452.0,1.0,2.0,278.0,0.0,99910.0
2025-03-04 13:00:00,21.7612936891594,25.3561003026272,0.0,2.1405952380952384,17.1,79,100,6.0,345,18.2,15.4,14.8,0.4,0.4,0.2,17.0,78.0,29784.0,2.0,0.0,249.0,0.0,99890.0
2025-03-04 14:00:00,21.8118755830073,25.2060883734394,0.0,2.1454761904761908,17.9,73,99,6.1,346,18.2,15.6,14.9,0.5,0.5,0.26,18.0,72.0,27316.0,2.0,2.0,240.0,0.0,99830.0
2025-03-04 15:00:00,21.7884313576072,24.9449433915102,0.0,2.150357142857143,17.6,71,63,6.2,337,17.9,15.7,14.9,0.2,0.2,0.17,19.0,64.0,40945.0,3.0,1.0,191.0,0.0,99760.0
2025-03-04 16:00:00,21.650259785895,25.0293367415892,0.0,2.1552380952380954,17.8,66,42,2.3,322,18.0,15.8,14.9,0.1,0.1,0.18,18.0,76.0,14547.0,1.0,2.0,48.0,0.0,99740.0
2025-03-04 17:00:00,21.6726462974733,25.0743869643654,0.0,2.1601190476190477,17.6,68,14,4.5,170,17.8,16.0,14.9,0.1,0.1,0.12,17.0,80.0,14981.0,1.0,2.0,117.0,0.0,99760.0
2025-03-04 18:00:00,21.670422774591,24.8127345567064,0.0,2.165,15.5,82,10,2.7,171,16.9,16.0,14.9,0.0,0.0,0.03,17.0,75.0,5654.0,0.0,0.0,125.0,0.0,99790.0
2025-03-04 19:00:00,21.6050123183287,24.8038117475476,0.0,2.1698809523809524,14.0,87,3,0.7,270,15.7,16.0,14.9,0.0,0.0,0.0,16.0,81.0,181.0,0.0,1.0,12.0,0.0,99820.0
2025-03-04 20:00:00,21.7821448634447,24.8494078090576,0.0,2.1747619047619047,13.2,88,12,0.4,330,14.6,15.9,14.9,0.0,0.0,0.0,16.0,88.0,0.0,0.0,2.0,12.0,0.0,99870.0
2025-03-04 21:00:00,21.9972507173675,24.8634455692469,0.0,2.1796428571428574,12.8,88,6,1.2,304,13.9,15.8,14.9,0.0,0.0,0.0,15.0,89.0,0.0,0.0,0.0,355.0,0.0,99890.0
2025-03-04 22:00:00,21.533027439925,24.8453280149281,0.0,2.1845238095238098,12.1,89,13,3.1,243,13.3,15.6,14.9,0.0,0.0,0.0,14.0,90.0,0.0,0.0,2.0,187.0,0.0,99890.0
2025-03-04 23:00:00,21.6114172770206,24.8290105577531,0.0,2.189404761904762,11.5,90,14,5.5,244,12.8,15.5,14.9,0.0,0.0,0.0,13.0,93.0,0.0,0.0,0.0,192.0,0.0,99910.0
2025-03-05 00:00:00,21.7841653614765,24.7679282029387,0.0,2.1942857142857144,11.2,93,19,5.9,248,12.5,15.3,14.9,0.0,0.0,0.0,13.0,93.0,0.0,0.0,0.0,182.0,0.0,99910.0
2025-03-05 01:00:00,21.6112640501194,24.8377612937121,0.0,2.1991666666666667,12.7,88,4,1.0,340,13.8,15.8,15.0,0.0,0.0,0.0,12.0,94.0,0.0,0.0,0.0,174.0,0.0,99890.0
2025-03-05 02:00:00,21.8692950880784,24.8767271877588,0.0,2.204047619047619,12.0,91,1,1.8,279,13.1,15.6,15.0,0.0,0.0,0.0,10.0,94.0,0.0,0.0,0.0,192.0,0.0,99850.0
2025-03-05 03:00:00,21.7354983094468,24.9682611803639,0.0,2.2089285714285714,11.7,90,7,1.1,90,12.5,15.4,15.0,0.0,0.0,0.0,11.0,94.0,0.0,0.0,1.0,156.0,0.0,99770.0
2025-03-05 04:00:00,21.8610256464506,24.5920981546986,0.0,2.213809523809524,11.4,91,26,0.4,54,12.0,15.2,15.0,0.0,0.0,0.0,10.0,93.0,0.0,0.0,1.0,102.0,0.0,99780.0
2025-03-05 05:00:00,21.9078084669846,24.7164991627672,0.0,2.2186904761904764,11.1,93,35,1.3,77,11.6,15.0,15.0,0.0,0.0,0.0,11.0,91.0,0.0,0.0,0.0,173.0,0.0,99750.0
2025-03-05 06:00:00,21.9709251854449,24.4677460934344,0.0,2.2235714285714288,10.9,94,11,1.8,18,11.4,14.8,15.0,0.0,0.0,0.0,12.0,92.0,0.0,0.0,0.0,186.0,0.0,99770.0
2025-03-05 07:00:00,21.7532911398498,24.7056559456742,0.0,2.228452380952381,11.0,94,30,1.3,13,11.2,14.6,15.0,0.0,0.0,0.01,12.0,90.0,0.0,0.0,0.0,162.0,0.0,99800.0
2025-03-05 08:00:00,21.7699026218,24.6052872666081,0.0,2.2333333333333334,13.2,89,36,3.3,346,12.1,14.4,15.0,0.0,0.0,0.05,12.0,93.0,6177.0,0.0,0.0,216.0,0.0,99830.0
2025-03-05 09:00:00,22.1252049626809,24.571305462517,0.0,2.2382142857142857,15.3,81,5,4.3,318,13.6,14.3,15.0,0.0,0.0,0.15,14.0,88.0,14594.0,1.0,0.0,252.0,0.0,99860.0
2025-03-05 10:00:00,21.986467609839,24.6123700695696,0.0,2.243095238095238,17.5,75,3,5.1,356,15.5,14.4,15.0,0.0,0.0,0.27,16.0,82.0,24351.0,1.0,0.0,246.0,0.0,99910.0
2025-03-05 11:00:00,21.7476572976509,24.3274648942394,0.0,2.247976190476191,19.6,67,13,8.3,357,17.4,14.5,15.0,0.0,0.0,0.37,17.0,74.0,40938.0,3.0,2.0,240.0,0.0,99920.0
2025-03-05 12:00:00,21.6070217380634,24.3863875652292,0.0,2.252857142857143,19.6,67,32,9.5,2,18.8,14.8,15.0,0.0,0.0,0.39,18.0,69.0,31077.0,2.0,1.0,84.0,0.0,99880.0
2025-03-05 13:00:00,21.9503113080884,24.4462797679173,0.0,2.2577380952380954,22.4,50,41,2.1,196,19.5,15.2,15.0,0.0,0.0,0.4,19.0,70.0,42477.0,3.0,3.0,48.0,0.0,99810.0
2025-03-05 14:00:00,21.9067439141644,24.3558870091312,0.0,2.2626190476190478,20.6,63,65,15.4,71,20.1,15.5,15.0,0.9,0.9,0.36,18.0,75.0,24602.0,1.0,4.0,21.0,0.0,99790.0
2025-03-05 15:00:00,21.7102556015593,24.2925172684217,0.0,2.2675,19.5,67,74,5.7,352,20.0,15.7,15.0,0.2,0.2,0.3,18.0,82.0,13728.0,1.0,3.0,96.0,0.0,99760.0
2025-03-05 16:00:00,21.9213251011923,24.1552774468284,0.0,2.2723809523809524,19.0,70,78,11.4,30,19.4,16.0,15.0,0.0,0.0,0.18,17.0,78.0,17676.0,1.0,4.0,137.0,2.0,99670.0
2025-03-05 17:00:00,21.7376178771031,24.1969942241673,0.0,2.2772619047619047,18.4,73,88,1.1,108,19.0,16.2,15.0,0.3,0.3,0.1,17.0,82.0,5711.0,0.0,3.0,82.0,0.0,99680.0
2025-03-05 18:00:00,21.9915881575225,23.9937329958352,0.0,2.2821428571428575,16.8,82,69,8.8,83,17.8,16.3,15.0,0.2,0.2,0.04,17.0,82.0,5627.0,0.0,0.0,200.0,0.0,99680.0
2025-03-05 19:00:00,21.8375910673724,24.0534875749186,0.0,2.28702380952381,15.3,89,45,2.6,67,16.7,16.3,15.0,0.0,0.0,0.01,17.0,68.0,0.0,0.0,6.0,120.0,0.0,99660.0
2025-03-05 20:00:00,21.9324750472601,24.2294962281978,0.0,2.291904761904762,14.6,91,79,9.9,275,15.7,16.3,15.0,0.0,0.0,0.0,17.0,71.0,0.0,0.0,2.0,91.0,0.0,99760.0
2025-03-05 21:00:00,21.9830917044894,23.9917998948408,0.0,2.2967857142857144,14.3,94,69,4.3,271,15.3,16.2,15.0,0.1,0.1,0.0,16.0,77.0,0.0,0.0,1.0,282.0,0.0,99860.0
2025-03-05 22:00:00,22.019258911105,24.0208377516038,0.0,2.3016666666666667,13.2,94,94,5.8,250,14.6,16.1,15.1,0.0,0.0,0.0,16.0,84.0,0.0,0.0,3.0,258.0,0.0,99940.0
2025-03-05 23:00:00,22.0916259849775,24.0057683499971,0.0,2.306547619047619,13.0,93,3,8.4,259,14.1,16.0,15.1,0.0,0.0,0.0,15.0,89.0,0.0,0.0,0.0,314.0,0.0,99980.0
2025-03-06 00:00:00,21.8756224578178,24.0037981831654,0.0,2.3114285714285714,12.6,94,5,6.9,254,13.7,15.8,15.1,0.0,0.0,0.0,15.0,90.0,0.0,0.0,1.0,182.0,0.0,99930.0
2025-03-06 01:00:00,22.090046048989,23.9965293437069,0.0,2.316309523809524,12.0,95,19,3.3,177,14.4,15.6,15.1,0.0,0.0,0.0,14.0,93.0,0.0,0.0,0.0,167.0,0.0,99890.0
2025-03-06 02:00:00,21.8331299720422,24.0756085461172,0.0,2.3211904761904765,11.3,96,23,3.9,260,13.7,15.5,15.1,0.0,0.0,0.0,13.0,94.0,0.0,0.0,0.0,198.0,0.0,99890.0
2025-03-06 03:00:00,21.9549468771679,24.005137270608,0.0,2.326071428571429,10.9,95,3,3.9,262,13.2,15.3,15.1,0.0,0.0,0.0,14.0,94.0,0.0,0.0,0.0,210.0,0.0,99850.0
2025-03-06 04:00:00,22.1846076192097,24.0116122766467,0.0,2.330952380952381,11.1,94,9,5.6,253,12.8,15.2,15.1,0.0,0.0,0.0,13.0,94.0,0.0,0.0,0.0,6.0,0.0,99790.0
2025-03-06 05:00:00,22.1241359344927,24.0335882237148,0.0,2.3358333333333334,10.8,93,14,4.1,255,12.5,15.0,15.1,0.0,0.0,0.0,12.0,95.0,0.0,0.0,0.0,171.0,0.0,99790.0
2025-03-06 06:00:00,21.8858968078664,23.8644490859134,0.0,2.3407142857142857,10.8,91,10,2.0,277,12.0,14.8,15.1,0.0,0.0,0.0,12.0,96.0,0.0,0.0,0.0,186.0,0.0,99800.0
2025-03-06 07:00:00,22.0872819578461,24.085429733059,0.0,2.345595238095238,11.1,90,6,2.5,282,11.8,14.7,15.1,0.0,0.0,0.01,12.0,96.0,184.0,0.0,0.0,78.0,0.0,99800.0
2025-03-06 08:00:00,22.0973426242329,23.9814320152962,0.0,2.350476190476191,13.7,85,0,4.4,268,12.6,14.5,15.1,0.0,0.0,0.05,13.0,96.0,5003.0,0.0,0.0,144.0,0.0,99850.0
2025-03-06 09:00:00,22.0455680724183,23.7373040014783,0.0,2.355357142857143,16.2,78,11,4.7,293,14.2,14.5,15.1,0.0,0.0,0.16,14.0,92.0,11439.0,0.0,0.0,181.0,0.0,99900.0
2025-03-06 10:00:00,22.0505375459881,23.9707149232185,0.0,2.3602380952380955,18.0,72,25,7.9,312,15.9,14.5,15.1,0.0,0.0,0.27,16.0,87.0,17457.0,1.0,0.0,252.0,0.0,99910.0
2025-03-06 11:00:00,22.1016267284869,23.8900960560361,0.0,2.365119047619048,19.4,64,71,6.6,314,17.7,14.7,15.1,0.0,0.0,0.37,16.5,84.5,27627.5,2.0,1.0,158.0,0.0,99910.0
2025-03-06 12:00:00,22.0170580313436,23.8173807052672,0.0,2.37,19.0,68,95,8.2,307,18.7,14.9,15.1,0.2,0.2,0.33,17.0,82.0,37798.0,3.0,2.0,64.0,0.0,99910.0
2025-03-06 13:00:00,21.961756670062,23.8444390210696,0.0,2.3693452380952382,19.4,68,72,7.0,10,19.3,15.2,15.1,0.3,0.3,0.3,19.0,73.0,82807.0,6.0,1.0,120.0,0.0,99890.0
2025-03-06 14:00:00,21.8614632408924,23.7201955892167,0.0,2.3686904761904763,17.5,76,92,4.9,282,18.8,15.4,15.1,3.0,3.0,0.28,19.0,75.0,44557.0,3.0,3.0,36.0,0.0,99810.0
2025-03-06 15:00:00,21.9830179812496,23.6158249949228,0.0,2.3680357142857145,18.0,70,99,2.5,180,18.8,15.6,15.1,0.0,0.0,0.24,19.0,73.0,39380.0,3.0,3.0,358.0,0.0,99740.0
2025-03-06 16:00:00,21.941493385834,23.5481108406337,0.0,2.3673809523809526,16.6,79,100,7.9,312,18.2,15.8,15.1,0.2,0.2,0.12,19.0,70.0,29092.0,3.0,4.0,358.0,0.0,99730.0
2025-03-06 17:00:00,22.054397277284,23.5131882680307,0.0,2.3667261904761907,15.3,84,100,8.7,246,17.2,15.9,15.1,3.1,3.1,0.08,18.0,78.0,11139.0,0.0,3.0,11.0,0.0,99770.0
2025-03-06 18:00:00,21.9698615366658,23.4260121653211,0.0,2.366071428571429,14.7,92,100,6.4,245,16.1,15.9,15.1,2.4,2.4,0.02,17.0,82.0,1284.0,0.0,3.0,330.0,0.0,99890.0
2025-03-06 19:00:00,22.2242228107512,23.4454441334592,0.0,2.365416666666667,14.3,93,100,8.0,265,15.4,15.9,15.1,0.3,0.3,0.02,14.0,83.0,113.0,0.0,4.0,173.0,13.0,100000.0
2025-03-06 20:00:00,22.0099697763233,23.4582740984974,0.0,2.364761904761905,13.7,92,98,9.7,253,14.7,15.8,15.1,0.3,0.3,0.0,13.0,93.0,0.0,0.0,2.0,264.0,15.0,100120.0
2025-03-06 21:00:00,22.6807369730294,26.595210688125,0.0,2.3641071428571427,13.7,89,100,11.0,247,14.3,15.7,15.1,0.2,0.2,0.0,12.0,95.0,0.0,0.0,2.0,258.0,38.0,100200.0
2025-03-06 22:00:00,24.9514227412202,28.2034719330408,0.0,2.363452380952381,13.4,93,100,11.5,250,14.1,15.6,15.1,0.5,0.5,0.0,13.0,96.0,0.0,0.0,2.0,173.0,5.0,100290.0
2025-03-06 23:00:00,26.3746506897421,28.527884450192,0.0,2.362797619047619,13.5,93,100,9.9,250,14.0,15.5,15.1,0.5,0.5,0.0,13.0,95.0,0.0,0.0,0.0,204.0,3.0,100320.0
2025-03-07 00:00:00,26.8158715089515,28.6685841007722,0.0,2.362142857142857,13.4,94,100,9.6,244,13.9,15.4,15.1,0.5,0.5,0.0,13.0,94.0,0.0,0.0,0.0,216.0,1.0,100300.0
2025-03-07 01:00:00,26.9627648708143,28.4575511751255,0.0,2.361488095238095,13.8,87,100,9.1,242,14.0,15.1,15.1,0.2,0.2,0.0,13.0,93.0,0.0,0.0,0.0,216.0,0.0,100280.0
2025-03-07 02:00:00,26.9761941003042,28.3390442057203,0.0,2.3608333333333333,13.6,91,99,7.5,240,13.9,15.0,15.1,0.5,0.5,0.0,13.0,91.0,0.0,0.0,2.0,246.0,0.0,100250.0
2025-03-07 03:00:00,27.0475169388445,28.23579669587,0.0,2.3601785714285715,13.3,91,93,6.4,241,13.6,14.9,15.1,0.4,0.4,0.0,13.0,93.0,0.0,0.0,0.0,228.0,0.0,100220.0
2025-03-07 04:00:00,27.0070137239509,28.1495913412412,0.0,2.3595238095238096,13.3,84,100,6.4,232,13.4,14.8,15.1,0.1,0.1,0.0,13.0,93.0,0.0,0.0,2.0,282.0,0.0,100190.0
2025-03-07 05:00:00,27.0603443378169,28.4250936297917,0.0,2.3588690476190477,13.0,85,62,4.6,235,13.2,14.7,15.1,0.0,0.0,0.0,13.0,95.0,0.0,0.0,2.0,240.0,0.0,100180.0
2025-03-07 06:00:00,27.0937885138084,28.2969994351103,0.0,2.358214285714286,12.5,84,32,2.0,243,12.8,14.6,15.1,0.0,0.0,0.0,13.0,95.0,0.0,0.0,0.0,246.0,0.0,100180.0
2025-03-07 07:00:00,27.0123636330422,28.1438956492215,0.0,2.357559523809524,12.3,85,42,1.3,264,12.4,14.5,15.1,0.0,0.0,0.01,13.0,94.0,0.0,0.0,0.0,198.0,0.0,100190.0
2025-03-07 08:00:00,26.8937420139532,28.0395982691398,0.0,2.356904761904762,14.0,84,62,3.5,252,13.1,14.4,15.1,0.0,0.0,0.05,13.0,93.0,356.0,0.0,0.0,205.0,0.0,100190.0
2025-03-07 09:00:00,27.2195193924605,28.2916608236108,0.0,2.35625,15.8,77,100,2.7,247,14.3,14.4,15.1,0.0,0.0,0.14,13.0,92.0,6265.0,0.0,0.0,258.0,0.0,100230.0
2025-03-07 10:00:00,27.1992441412257,27.7728776276675,0.0,2.3555952380952383,17.4,68,99,2.2,298,15.9,14.4,15.1,0.0,0.0,0.27,14.0,86.0,20128.0,1.0,1.0,270.0,0.0,100260.0
2025-03-07 11:00:00,26.9064464713521,27.8247592198574,0.0,2.3549404761904764,18.8,61,100,3.5,284,17.6,14.6,15.1,0.0,0.0,0.38,16.0,81.0,30990.0,2.0,1.0,276.0,0.0,100230.0
2025-03-07 12:00:00,26.8923591625148,27.6460649871368,0.0,2.3542857142857145,20.2,54,100,4.5,287,19.0,14.9,15.1,0.0,0.0,0.43,18.0,66.0,71728.0,4.0,3.0,266.0,0.0,100200.0
2025-03-07 13:00:00,26.8595788386033,27.5361758609171,0.0,2.3536309523809527,20.4,51,100,6.1,267,19.2,15.3,15.1,0.0,0.0,0.32,19.0,62.0,48856.0,4.0,1.0,270.0,0.0,100140.0
2025-03-07 14:00:00,26.7479905681356,27.4399081134203,0.0,2.3529761904761903,20.5,50,100,6.0,295,19.6,15.5,15.1,0.0,0.0,0.32,19.0,62.0,50036.0,4.0,1.0,21.0,0.0,100040.0
2025-03-07 15:00:00,26.7777886737457,27.3436403659235,0.0,2.3523214285714285,19.5,63,97,8.8,20,19.6,15.8,15.1,0.0,0.0,0.26,19.0,64.0,28092.0,2.0,2.0,324.0,0.0,99980.0
2025-03-07 16:00:00,26.6682140760699,27.1653509686939,0.0,2.3516666666666666,18.4,72,7,10.6,42,19.4,16.0,15.1,0.0,0.0,0.21,18.0,80.0,66115.0,4.0,3.0,355.0,0.0,99910.0
2025-03-07 17:00:00,26.6042835625728,27.0310670643854,0.0,2.3510119047619047,17.6,73,0,10.1,54,18.8,16.2,15.1,0.0,0.0,0.15,19.0,77.0,51220.0,2.0,2.0,36.0,0.0,99840.0
2025-03-07 18:00:00,26.41233753976,26.9143864010587,0.0,2.350357142857143,15.4,82,3,7.5,63,17.7,16.4,15.1,0.0,0.0,0.04,19.0,76.0,14009.0,1.0,2.0,38.0,0.0,99810.0
2025-03-07 19:00:00,26.6727603516016,26.8518888827063,0.0,2.349702380952381,13.4,90,0,4.7,81,16.4,16.4,15.2,0.0,0.0,0.02,18.0,80.0,2771.0,0.0,1.0,84.0,0.0,99830.0
2025-03-07 20:00:00,26.4710798096954,26.7600842827913,0.0,2.349047619047619,12.6,92,2,0.6,35,15.2,16.3,15.2,0.0,0.0,0.0,15.0,92.0,0.0,0.0,2.0,36.0,0.0,99830.0
2025-03-07 21:00:00,26.510471430221,26.7582289054767,0.0,2.348392857142857,11.5,94,2,2.7,310,14.3,16.2,15.2,0.0,0.0,0.0,14.0,95.0,0.0,0.0,0.0,38.0,0.0,99850.0
2025-03-07 22:00:00,26.4754029551228,26.8134257399205,0.0,2.3477380952380953,11.1,89,0,2.7,218,13.6,16.0,15.2,0.0,0.0,0.0,13.0,96.0,0.0,0.0,0.0,182.0,0.0,99840.0
2025-03-07 23:00:00,26.5882594457291,26.8084664061347,0.0,2.3470833333333334,10.6,86,4,4.1,227,13.0,15.8,15.2,0.0,0.0,0.0,12.0,96.0,0.0,0.0,0.0,240.0,0.0,99840.0
2025-03-08 00:00:00,26.4064951085602,26.527957366251,0.0,2.3464285714285715,10.1,85,11,4.4,211,12.6,15.6,15.2,0.0,0.0,0.0,12.0,97.0,0.0,0.0,0.0,198.0,0.0,99860.0
2025-03-08 01:00:00,26.4031480277429,26.748875538437,0.0,2.3457738095238096,10.3,87,7,5.4,186,13.7,15.5,15.2,0.0,0.0,0.0,12.0,97.0,0.0,0.0,0.0,186.0,0.0,99830.0
2025-03-08 02:00:00,26.3763877046693,26.7513699341452,0.0,2.3451190476190478,9.4,90,2,5.8,165,13.2,15.3,15.2,0.0,0.0,0.0,11.0,97.0,0.0,0.0,0.0,165.0,0.0,99760.0
2025-03-08 03:00:00,26.475145519751,26.6076680438423,0.0,2.344464285714286,8.7,94,0,7.0,191,12.8,15.2,15.2,0.0,0.0,0.0,12.0,98.0,0.0,0.0,0.0,204.0,0.0,99690.0
2025-03-08 04:00:00,26.4683942045357,26.6813852773348,0.0,2.343809523809524,9.5,89,88,7.4,204,12.5,15.0,15.2,0.0,0.0,0.0,10.0,98.0,0.0,0.0,0.0,174.0,0.0,99600.0
2025-03-08 05:00:00,26.5488665926144,26.770059931113,0.0,2.343154761904762,9.7,87,68,7.6,181,12.3,14.8,15.2,0.0,0.0,0.0,10.0,98.0,0.0,0.0,0.0,176.0,0.0,99520.0
2025-03-08 06:00:00,26.4359126426398,26.7181384963068,0.0,2.3425,9.4,86,87,8.3,188,12.0,14.6,15.2,0.0,0.0,0.0,9.0,98.0,0.0,0.0,0.0,328.0,0.0,99480.0
2025-03-08 07:00:00,26.5098046713108,26.5500837940755,0.0,2.341845238095238,10.1,78,36,8.6,195,11.8,14.5,15.2,0.0,0.0,0.03,8.0,98.0,0.0,0.0,0.0,174.0,0.0,99450.0
2025-03-08 08:00:00,26.5207353055972,26.5683570935283,0.0,2.341190476190476,14.6,65,47,9.5,195,12.5,14.3,15.2,0.0,0.0,0.08,8.0,98.0,1879.0,0.0,0.0,169.0,0.0,99400.0
2025-03-08 09:00:00,26.5736528092038,26.616128298259,0.0,2.340535714285714,19.9,54,62,13.8,190,14.2,14.3,15.2,0.0,0.0,0.23,12.0,98.0,10266.0,1.0,0.0,101.0,0.0,99350.0
2025-03-08 10:00:00,26.5176054441658,26.4534720060026,0.0,2.3398809523809523,22.1,40,0,19.7,189,15.9,14.4,15.2,0.0,0.0,0.38,15.0,84.0,37296.0,2.0,3.0,284.0,0.0,99320.0
2025-03-08 11:00:00,26.4259251803578,26.3470578460061,0.0,2.3392261904761904,23.9,36,14,22.2,194,17.6,14.5,15.2,0.0,0.0,0.5,19.0,55.0,60857.0,5.0,2.0,252.0,0.0,99240.0
2025-03-08 12:00:00,26.3576539027317,26.3224335215535,0.0,2.3385714285714285,25.3,34,0,17.5,204,19.2,14.8,15.2,0.0,0.0,0.55,21.0,55.0,76653.0,6.0,4.0,282.0,0.0,99200.0
2025-03-08 13:00:00,26.1282010278979,26.1306739904072,0.0,2.3379166666666666,25.5,33,4,15.1,231,20.5,15.0,15.2,0.0,0.0,0.56,23.0,49.0,83868.0,6.0,4.0,300.0,0.0,99090.0
2025-03-08 14:00:00,26.0690202447008,25.928533843766,0.0,2.3372619047619048,25.6,33,7,15.1,241,21.2,15.4,15.2,0.0,0.0,0.54,24.0,43.0,83721.0,6.0,1.0,294.0,0.0,98930.0
2025-03-08 15:00:00,26.0811230426783,25.8496855159943,0.0,2.336607142857143,24.0,40,54,17.7,277,21.3,15.7,15.2,0.0,0.0,0.44,25.0,35.0,77264.0,7.0,5.0,275.0,0.0,98810.0
2025-03-08 16:00:00,26.1669486360968,25.9851638301521,0.0,2.335952380952381,18.2,68,88,16.5,295,20.4,16.1,15.2,0.0,0.0,0.2,23.0,40.0,11008.0,0.0,4.0,255.0,0.0,98770.0
2025-03-08 17:00:00,26.1487803170443,25.7988475558073,0.0,2.335297619047619,16.2,79,99,10.5,320,19.0,16.3,15.2,0.9,0.9,0.1,17.0,73.0,14756.0,1.0,6.0,330.0,0.0,98980.0
2025-03-08 18:00:00,26.0356270203088,25.6930442874259,0.0,2.3346428571428572,15.1,85,100,3.5,308,17.5,16.4,15.2,0.2,0.2,0.03,17.0,76.0,7875.0,0.0,3.0,330.0,0.0,99110.0
2025-03-08 19:00:00,25.861771476608,25.7277921157053,0.0,2.3339880952380954,14.5,93,86,6.9,48,16.5,16.4,15.2,0.2,0.2,0.02,15.0,81.0,751.0,0.0,2.0,12.0,0.0,99140.0
2025-03-08 20:00:00,26.0541742980138,25.5696680422416,0.0,2.3333333333333335,14.1,96,100,1.5,209,15.7,16.3,15.2,0.9,0.9,0.0,15.0,87.0,0.0,0.0,2.0,335.0,0.0,99280.0
2025-03-08 21:00:00,25.9374389346213,25.6184057040113,0.0,2.3326785714285716,13.9,95,100,3.9,210,15.2,16.3,15.2,0.8,0.8,0.0,13.0,87.0,0.0,0.0,2.0,246.0,5.0,99370.0
2025-03-08 22:00:00,26.3518721173608,25.8291022362652,0.0,2.3320238095238097,13.6,91,96,4.2,180,14.7,16.1,15.2,0.5,0.5,0.0,12.0,93.0,0.0,0.0,0.0,228.0,10.0,99390.0
2025-03-08 23:00:00,27.2460583938129,28.5315403745927,0.0,2.3313690476190474,13.5,83,100,10.0,192,14.3,16.0,15.2,0.1,0.1,0.01,12.0,95.0,0.0,0.0,0.0,246.0,13.0,99420.0
2025-03-09 00:00:00,27.6238253816285,29.1112998497221,0.0,2.3307142857142855,13.1,79,100,11.1,206,13.7,15.9,15.2,0.1,0.1,0.01,12.0,89.0,0.0,0.0,2.0,198.0,3.0,99400.0
2025-03-09 01:00:00,27.9561680726109,29.0295494123951,0.0,2.3300595238095236,13.1,86,100,2.4,200,13.7,15.8,15.2,0.0,0.0,0.0,12.0,93.0,0.0,0.0,0.0,186.0,2.0,99410.0
2025-03-09 02:00:00,27.6546208031513,29.0100851255618,0.0,2.3294047619047618,12.5,91,99,4.3,198,13.5,15.6,15.2,0.4,0.4,0.0,12.0,94.0,0.0,0.0,2.0,192.0,0.0,99360.0
2025-03-09 03:00:00,27.7410818077221,29.0188703300812,0.0,2.32875,12.4,82,12,8.1,203,13.1,15.5,15.3,0.0,0.0,0.0,12.0,94.0,0.0,0.0,1.0,204.0,0.0,99350.0
2025-03-09 04:00:00,27.706592286588,29.0376445620133,0.0,2.328095238095238,11.7,79,61,11.9,218,12.5,15.3,15.3,0.0,0.0,0.01,11.0,92.0,0.0,0.0,1.0,270.0,0.0,99350.0
2025-03-09 05:00:00,27.715818368072,29.0942379598847,0.0,2.327440476190476,11.6,77,95,12.0,224,12.1,15.1,15.3,0.0,0.0,0.02,10.0,94.0,0.0,0.0,0.0,204.0,0.0,99320.0
2025-03-09 06:00:00,27.7318191705441,28.9039997411783,0.0,2.3267857142857142,11.8,72,83,17.0,223,11.9,14.9,15.3,0.0,0.0,0.04,10.0,94.0,0.0,0.0,0.0,344.0,0.0,99340.0
2025-03-09 07:00:00,27.6745383107396,28.665078710261,0.0,2.3261309523809524,12.5,65,44,23.1,223,12.0,14.7,15.3,0.0,0.0,0.09,10.0,90.0,0.0,0.0,0.0,192.0,0.0,99380.0
2025-03-09 08:00:00,27.6786629128536,28.6854836869735,0.0,2.3254761904761905,13.6,60,17,26.9,221,12.5,14.6,15.3,0.0,0.0,0.13,11.0,83.0,5880.0,0.0,1.0,252.0,0.0,99400.0
2025-03-09 09:00:00,27.8217965172393,28.7928277732611,0.0,2.3248214285714286,15.4,55,7,27.9,215,13.6,14.5,15.3,0.0,0.0,0.22,14.0,73.0,22875.0,1.0,4.0,270.0,0.0,99430.0
2025-03-09 10:00:00,27.8042837392193,28.4526038254593,0.0,2.3241666666666667,16.6,50,15,29.2,218,14.8,14.5,15.2,0.0,0.0,0.31,15.0,62.0,49676.0,4.0,5.0,246.0,0.0,99460.0
2025-03-09 11:00:00,27.6149745264624,28.2180763153513,0.0,2.323511904761905,17.5,47,30,28.6,225,16.1,14.6,15.2,0.0,0.0,0.38,16.0,56.0,67522.0,5.0,7.0,276.0,0.0,99430.0
2025-03-09 12:00:00,27.3553314096513,28.1536554955376,0.0,2.322857142857143,17.9,46,18,30.0,228,16.9,14.7,15.2,0.3,0.3,0.41,17.0,52.0,80722.0,7.0,4.0,252.0,0.0,99390.0
2025-03-09 13:00:00,27.5221237118004,27.9326488262975,0.0,2.322202380952381,18.4,43,16,31.6,232,17.5,14.9,15.2,0.0,0.0,0.42,18.0,45.0,85473.0,7.0,8.0,270.0,0.0,99340.0
2025-03-09 14:00:00,27.4524836457066,27.6598730390023,0.0,2.321547619047619,19.1,41,15,29.6,236,18.1,15.1,15.2,0.0,0.0,0.43,19.0,45.0,81084.0,7.0,8.0,250.0,0.0,99270.0
2025-03-09 15:00:00,27.2107274402407,27.3706682853419,0.0,2.3208928571428573,18.8,41,36,18.5,261,18.5,15.3,15.2,0.0,0.0,0.38,19.0,37.0,68211.0,5.0,9.0,240.0,0.0,99230.0
2025-03-09 16:00:00,27.1386654896191,27.4519221012633,0.0,2.320238095238095,18.6,42,22,11.6,256,18.4,15.5,15.2,0.0,0.0,0.28,18.0,51.0,45683.0,2.0,10.0,355.0,0.0,99260.0
2025-03-09 17:00:00,27.0472278722087,27.3244148367862,0.0,2.319583333333333,17.6,49,100,6.5,237,17.9,15.7,15.2,0.0,0.0,0.15,17.0,62.0,25827.0,1.0,3.0,27.0,0.0,99260.0
2025-03-09 18:00:00,27.2124162138258,27.210770610938,0.0,2.3189285714285712,15.3,57,98,4.8,233,16.8,15.8,15.3,0.0,0.0,0.05,15.0,66.0,5261.0,0.0,2.0,86.0,0.0,99300.0
2025-03-09 19:00:00,26.9943105324172,26.8865048995675,0.0,2.3182738095238093,14.5,57,98,7.4,240,15.8,15.8,15.3,0.0,0.0,0.06,13.0,78.0,404.0,0.0,2.0,81.0,0.0,99320.0
2025-03-09 20:00:00,26.8757403104067,27.169448300638,0.0,2.3176190476190475,13.2,64,99,6.2,231,15.1,15.8,15.3,0.0,0.0,0.02,12.0,81.0,0.0,0.0,0.0,166.0,0.0,99300.0
2025-03-09 21:00:00,27.1180905770752,26.8918650561908,0.0,2.3169642857142856,12.7,70,92,3.3,225,14.5,15.7,15.3,0.0,0.0,0.0,11.0,88.0,0.0,0.0,0.0,258.0,0.0,99330.0
2025-03-09 22:00:00,27.0150584266402,27.1485386856725,0.0,2.3163095238095237,11.6,72,99,5.3,190,13.9,15.6,15.3,0.0,0.0,0.0,11.0,91.0,0.0,0.0,0.0,186.0,0.0,99320.0
2025-03-09 23:00:00,26.8959924390859,26.9208473759609,0.0,2.315654761904762,11.9,70,98,6.6,213,13.6,15.4,15.3,0.0,0.0,0.01,11.0,89.0,0.0,0.0,1.0,339.0,0.0,99290.0
2025-03-10 00:00:00,26.9802739700539,26.9000199367254,0.0,2.315,12.2,68,90,7.3,247,13.4,15.3,15.3,0.0,0.0,0.02,12.0,83.0,0.0,0.0,0.0,258.0,0.0,99270.0
2025-03-10 01:00:00,26.9074713615882,27.0644279723421,0.0,2.314345238095238,12.5,77,60,5.3,208,13.7,15.2,15.3,1.4,1.4,0.0,12.0,81.0,0.0,0.0,1.0,210.0,0.0,99290.0
2025-03-10 02:00:00,26.8519683281762,26.750026471145,0.0,2.313690476190476,12.3,77,82,8.9,219,13.1,15.0,15.3,1.0,1.0,0.01,13.0,81.0,0.0,0.0,1.0,158.0,0.0,99250.0
2025-03-10 03:00:00,26.7360056811375,26.8715342459255,0.0,2.3130357142857143,12.6,77,99,14.6,195,12.7,14.9,15.3,1.8,1.8,0.02,12.0,87.0,0.0,0.0,0.0,186.0,0.0,99190.0
2025-03-10 04:00:00,26.9755343213167,27.0044710291226,0.0,2.3123809523809524,13.5,69,100,17.1,212,12.6,14.8,15.3,0.0,0.0,0.05,13.0,76.0,0.0,0.0,1.0,252.0,0.0,99160.0
2025-03-10 05:00:00,26.9186355861889,26.8570811828303,0.0,2.3117261904761905,14.0,63,100,23.2,216,12.6,14.6,15.3,0.0,0.0,0.08,14.0,69.0,0.0,0.0,4.0,222.0,0.0,99140.0
2025-03-10 06:00:00,26.7551176340817,26.6981688986273,0.0,2.3110714285714287,14.2,64,85,23.0,215,12.9,14.5,15.3,0.0,0.0,0.07,14.0,69.0,0.0,0.0,3.0,264.0,0.0,99230.0
2025-03-10 07:00:00,26.9707089389613,26.7836019660171,0.0,2.310416666666667,14.4,63,19,21.3,217,13.1,14.4,15.3,0.0,0.0,0.09,14.0,73.0,74.0,0.0,2.0,276.0,0.0,99280.0
2025-03-10 08:00:00,26.8225285349539,26.6500302209462,0.0,2.309761904761905,15.2,61,10,21.8,219,13.6,14.4,15.3,0.0,0.0,0.13,13.0,75.0,3914.0,0.0,4.0,264.0,0.0,99330.0
2025-03-10 09:00:00,26.7843097684636,26.743513628071,0.0,2.3091071428571426,16.9,57,9,24.5,222,14.6,14.4,15.3,0.0,0.0,0.22,17.0,63.0,31695.0,1.0,4.0,252.0,0.0,99380.0
2025-03-10 10:00:00,26.9553787021986,26.543078572303,0.0,2.3084523809523807,17.9,53,5,27.7,222,15.7,14.4,15.3,0.0,0.0,0.31,18.0,56.0,51152.0,4.0,2.0,246.0,0.0,99420.0
2025-03-10 11:00:00,26.5424309553915,26.3645751315616,0.0,2.307797619047619,18.8,49,7,27.9,225,16.8,14.6,15.3,0.0,0.0,0.39,18.0,51.0,77136.0,6.0,4.0,240.0,0.0,99460.0
2025-03-10 12:00:00,26.7896197515512,26.4422535164614,0.0,2.307142857142857,19.8,46,6,26.8,228,17.9,14.8,15.3,0.0,0.0,0.45,20.0,45.0,84449.0,7.0,8.0,240.0,0.0,99470.0
2025-03-10 13:00:00,26.7327661331559,26.3226842811729,0.0,2.306488095238095,20.5,42,4,26.8,237,18.7,14.9,15.2,0.0,0.0,0.48,21.0,43.0,86316.0,8.0,7.0,252.0,0.0,99480.0
2025-03-10 14:00:00,26.532945224441,26.0482672658093,0.0,2.305833333333333,21.0,41,14,23.6,236,19.4,15.2,15.2,0.0,0.0,0.47,21.0,41.0,81454.0,5.0,7.0,269.0,0.0,99440.0
2025-03-10 15:00:00,26.3750086572442,26.1419847635225,0.0,2.3051785714285713,20.9,40,42,22.5,237,19.5,15.5,15.2,0.0,0.0,0.41,21.0,36.0,68958.0,3.0,6.0,276.0,0.0,99390.0
2025-03-10 16:00:00,26.6000386125048,25.9480178433321,0.0,2.3045238095238094,20.6,42,54,14.4,239,19.3,15.8,15.3,0.0,0.0,0.29,22.0,34.0,43769.0,2.0,5.0,258.0,0.0,99390.0
2025-03-10 17:00:00,26.3614371757353,25.9172336827732,0.0,2.3038690476190475,19.7,44,71,12.7,232,18.8,16.0,15.3,0.0,0.0,0.21,18.0,60.0,23968.0,1.0,4.0,36.0,0.0,99400.0
2025-03-10 18:00:00,26.4352490696957,26.0468469402096,0.0,2.3032142857142857,18.1,46,99,13.6,214,17.8,16.1,15.3,0.0,0.0,0.12,17.0,64.0,3288.0,0.0,2.0,72.0,0.0,99500.0
2025-03-10 19:00:00,26.5334472848441,25.8004477962807,0.0,2.302559523809524,18.3,46,46,21.6,220,17.3,16.2,15.3,0.0,0.0,0.15,15.0,74.0,132.0,0.0,2.0,54.0,0.0,99530.0
2025-03-10 20:00:00,26.320630323278,25.7935209642485,0.0,2.301904761904762,16.8,55,83,21.9,216,16.7,16.2,15.3,0.0,0.0,0.1,15.0,67.0,0.0,0.0,0.0,216.0,0.0,99580.0
2025-03-10 21:00:00,26.25862294836,25.7406235683555,0.0,2.30125,16.2,58,98,21.2,218,16.2,16.2,15.3,0.0,0.0,0.09,15.0,66.0,0.0,0.0,2.0,270.0,0.0,99680.0
2025-03-10 22:00:00,26.3383768861677,25.8512600505558,0.0,2.300595238095238,16.2,59,83,21.5,213,15.9,16.2,15.3,0.0,0.0,0.09,16.0,66.0,0.0,0.0,0.0,262.0,0.0,99680.0
2025-03-10 23:00:00,26.3842489045778,25.7327352470643,0.0,2.2999404761904763,15.8,62,89,20.2,215,15.6,16.1,15.3,0.0,0.0,0.08,15.0,73.0,0.0,0.0,0.0,282.0,0.0,99700.0
2025-03-11 00:00:00,26.1131267490937,25.6827477570452,0.0,2.2992857142857144,15.9,63,90,21.6,216,15.5,16.1,15.3,0.0,0.0,0.08,17.0,59.0,0.0,0.0,4.0,258.0,0.0,99680.0
2025-03-11 01:00:00,26.2149875177199,25.663237938236,0.0,2.2986309523809525,15.5,66,44,19.4,216,15.8,16.1,15.3,0.0,0.0,0.06,14.0,72.0,0.0,0.0,3.0,288.0,0.0,99670.0
2025-03-11 02:00:00,26.324870334122,25.8752686201323,0.0,2.29797619047619,15.5,65,80,22.2,217,15.5,16.1,15.3,0.0,0.0,0.07,14.0,76.0,0.0,0.0,1.0,258.0,0.0,99690.0
2025-03-11 03:00:00,26.2716137337443,25.7806152083695,0.0,2.2973214285714283,15.8,65,89,24.5,219,15.4,16.0,15.3,0.0,0.0,0.08,14.0,77.0,0.0,0.0,2.0,245.0,0.0,99640.0
2025-03-11 04:00:00,26.2963359343697,25.5590388868578,0.0,2.2966666666666664,15.8,63,65,25.2,224,15.2,15.9,15.3,0.0,0.0,0.09,14.0,81.0,0.0,0.0,3.0,282.0,0.0,99580.0
2025-03-11 05:00:00,26.3368552972496,25.8499853097846,0.0,2.2960119047619045,15.6,63,67,24.5,224,15.1,15.9,15.3,0.0,0.0,0.08,15.0,76.0,0.0,0.0,2.0,270.0,0.0,99570.0
2025-03-11 06:00:00,26.0712600598629,25.7427042935819,0.0,2.2953571428571427,15.9,62,72,24.1,224,15.1,15.8,15.3,0.0,0.0,0.09,16.0,58.0,0.0,0.0,4.0,240.0,0.0,99570.0
2025-03-11 07:00:00,26.2457702632645,25.5892464530172,0.0,2.2947023809523808,16.7,59,27,27.8,224,15.2,15.8,15.3,0.0,0.0,0.13,15.0,67.0,376.0,0.0,3.0,318.0,0.0,99610.0
2025-03-11 08:00:00,26.2772055066347,25.6666183780104,0.0,2.294047619047619,17.5,58,43,28.5,228,15.6,15.7,15.3,0.0,0.0,0.16,17.0,57.0,7092.0,0.0,7.0,239.0,0.0,99640.0
2025-03-11 09:00:00,26.1528810759067,25.6080820626003,0.0,2.293392857142857,18.4,57,25,27.4,225,16.3,15.7,15.3,0.0,0.0,0.23,17.0,59.0,14318.0,1.0,4.0,258.0,0.0,99690.0
2025-03-11 10:00:00,26.2230649824376,25.433907609696,0.0,2.292738095238095,19.4,55,100,24.3,226,17.2,15.8,15.3,0.0,0.0,0.29,20.0,48.0,53335.0,2.0,8.0,264.0,0.0,99670.0
2025-03-11 11:00:00,26.1380228530221,25.3290147797345,0.0,2.2920833333333333,18.9,57,100,20.9,225,17.3,15.9,15.4,0.0,0.0,0.2,21.0,48.0,75688.0,5.0,5.0,212.0,0.0,99650.0
2025-03-11 12:00:00,25.8667021161263,25.3265781363653,0.0,2.2914285714285714,18.9,59,100,17.1,225,17.4,16.0,15.4,0.0,0.0,0.17,21.0,46.0,22259.0,2.0,5.0,228.0,0.0,99590.0
2025-03-11 13:00:00,25.7752303957348,25.2154517298101,0.0,2.2907738095238095,20.2,49,100,18.7,223,17.9,16.1,15.4,0.0,0.0,0.21,21.0,49.0,32398.0,2.0,6.0,218.0,0.0,99560.0
2025-03-11 14:00:00,25.9012925205841,25.1476707671279,0.0,2.2901190476190476,18.7,61,98,15.9,234,17.7,16.2,15.4,0.4,0.4,0.18,22.0,48.0,70051.0,5.0,7.0,258.0,0.0,99490.0
2025-03-11 15:00:00,25.8088893073121,24.8780344377493,0.0,2.2894642857142857,18.2,66,100,25.5,226,17.5,16.3,15.4,1.4,1.4,0.2,20.0,59.0,13080.0,1.0,4.0,245.0,0.0,99460.0
2025-03-11 16:00:00,25.7920807979466,25.0272050429849,0.0,2.288809523809524,16.7,75,100,17.9,221,16.5,16.3,15.4,2.7,2.7,0.09,18.5,68.5,12787.0,1.0,3.5,247.5,0.5,99455.0
2025-03-11 17:00:00,25.7596288545006,25.0227955924989,0.0,2.288154761904762,17.0,72,100,18.1,228,16.1,16.3,15.4,1.9,1.9,0.1,17.0,78.0,12494.0,1.0,3.0,250.0,1.0,99450.0
2025-03-11 18:00:00,25.8050178570676,24.9639793745007,0.0,2.2874999999999996,15.6,85,100,24.4,237,15.5,16.3,15.4,1.5,1.5,0.05,17.0,78.0,5542.0,0.0,4.0,258.0,0.0,99480.0
2025-03-11 19:00:00,25.7732264199808,24.8875551496811,0.0,2.2868452380952378,15.1,86,100,19.0,230,15.1,16.2,15.4,2.3,2.3,0.04,14.0,89.0,1883.0,0.0,2.0,335.0,0.0,99570.0
2025-03-11 20:00:00,25.8656409710888,24.9947479398012,0.0,2.286190476190476,15.8,78,99,20.9,217,14.9,16.1,15.4,0.2,0.2,0.04,15.0,92.0,0.0,0.0,0.0,198.0,1.0,99600.0
2025-03-11 21:00:00,25.5648523428751,25.0532233652117,0.0,2.285535714285714,15.7,78,100,16.7,225,14.8,16.0,15.4,0.0,0.0,0.03,15.0,93.0,0.0,0.0,1.0,6.0,1.0,99600.0
2025-03-11 22:00:00,25.9409707583408,25.0813574008228,0.0,2.284880952380952,15.6,76,0,16.4,227,14.7,15.9,15.4,0.0,0.0,0.03,14.0,93.0,0.0,0.0,0.0,222.0,0.0,99680.0
2025-03-11 23:00:00,25.8593714662562,25.0503531240571,0.0,2.2842261904761902,14.0,84,17,10.3,230,14.3,15.8,15.4,0.0,0.0,0.01,14.0,93.0,0.0,0.0,2.0,292.0,0.0,99680.0
2025-03-12 00:00:00,25.6491329443293,24.8870703302273,0.0,2.2835714285714284,13.5,85,15,11.3,230,14.0,15.6,15.4,0.0,0.0,0.01,15.0,92.0,0.0,0.0,2.0,312.0,0.0,99700.0
2025-03-12 01:00:00,25.6996617444681,24.8095396515876,0.0,2.2829166666666665,12.9,90,18,6.5,249,14.2,15.9,15.4,0.0,0.0,0.0,14.0,94.0,0.0,0.0,1.0,276.0,0.0,99700.0
2025-03-12 02:00:00,25.889636845815,25.0119650474153,0.0,2.2822619047619046,12.7,89,26,8.0,226,13.7,15.8,15.4,0.0,0.0,0.0,14.0,94.0,0.0,0.0,0.0,205.0,0.0,99700.0
2025-03-12 03:00:00,25.9540248677004,24.8808076781233,0.0,2.2816071428571427,12.4,86,25,9.3,227,13.3,15.6,15.4,0.0,0.0,0.0,13.0,94.0,0.0,0.0,0.0,210.0,0.0,99700.0
2025-03-12 04:00:00,25.7668753715133,25.0459692787864,0.0,2.280952380952381,12.1,84,34,8.7,225,13.0,15.4,15.5,0.0,0.0,0.0,13.0,95.0,0.0,0.0,0.0,252.0,0.0,99690.0
2025-03-12 05:00:00,25.6549310422566,24.8790591943239,0.0,2.280297619047619,11.3,88,31,6.6,236,12.6,15.3,15.5,0.0,0.0,0.0,14.0,93.0,0.0,0.0,0.0,198.0,0.0,99690.0
2025-03-12 06:00:00,25.7469351868476,24.8837167263237,0.0,2.279642857142857,11.1,89,40,5.8,232,12.3,15.1,15.5,0.0,0.0,0.0,13.0,89.0,0.0,0.0,0.0,216.0,0.0,99700.0
2025-03-12 07:00:00,25.8391116599266,25.0316414375742,0.0,2.278988095238095,11.6,88,59,6.1,226,12.2,14.9,15.4,0.0,0.0,0.02,12.0,90.0,0.0,0.0,1.0,169.0,0.0,99740.0
2025-03-12 08:00:00,25.8188205488559,24.9194229981885,0.0,2.2783333333333333,14.0,83,78,6.7,226,13.0,14.8,15.4,0.1,0.1,0.06,12.0,86.0,1284.0,0.0,0.0,228.0,0.0,99770.0
2025-03-12 09:00:00,25.9487785138063,24.6918697647133,0.0,2.2776785714285714,16.1,73,98,6.7,222,14.3,14.7,15.4,0.0,0.0,0.16,14.0,84.0,10374.0,0.0,2.0,276.0,0.0,99840.0
2025-03-12 10:00:00,25.8163333800218,25.0023457524334,0.0,2.2770238095238096,17.8,64,100,11.0,219,15.8,14.7,15.4,0.0,0.0,0.27,16.0,77.0,39897.0,2.0,3.0,258.0,0.0,99880.0
2025-03-12 11:00:00,25.8339439173733,24.8583961537684,0.0,2.2763690476190472,18.9,55,100,16.0,238,16.8,14.9,15.4,0.0,0.0,0.3,17.0,70.0,81003.0,7.0,3.0,312.0,0.0,99880.0
2025-03-12 12:00:00,25.8215236910618,24.7378958907743,0.0,2.2757142857142854,19.9,53,99,14.0,237,17.6,15.0,15.4,0.0,0.0,0.32,18.0,65.0,54543.0,4.0,3.0,284.0,0.0,99880.0
2025-03-12 13:00:00,25.6115673734129,24.8076774608798,0.0,2.2750595238095235,21.3,46,100,11.5,268,18.6,15.3,15.4,0.0,0.0,0.28,19.0,62.0,75806.0,6.0,4.0,292.0,0.0,99800.0
2025-03-12 14:00:00,25.6811624739537,24.629219553273,0.0,2.2744047619047616,20.1,50,99,9.3,249,18.7,15.5,15.4,0.0,0.0,0.23,20.0,60.0,65355.0,5.0,2.0,270.0,0.0,99680.0
2025-03-12 15:00:00,25.6279090972735,24.5863497291003,0.0,2.2737499999999997,20.5,54,100,9.9,239,19.2,15.7,15.4,0.0,0.0,0.29,20.0,61.0,55956.0,4.0,4.0,294.0,0.0,99580.0
2025-03-12 16:00:00,25.4699080672035,24.5864305485285,0.0,2.273095238095238,20.2,57,100,9.6,263,19.0,15.9,15.4,0.0,0.0,0.19,20.0,57.0,11013.0,1.0,3.0,274.0,0.0,99520.0
2025-03-12 17:00:00,25.6319732288372,24.5634637180089,0.0,2.272440476190476,17.9,76,99,3.2,288,18.2,16.1,15.4,0.4,0.4,0.08,17.0,68.0,17012.0,1.0,3.0,30.0,0.0,99510.0
2025-03-12 18:00:00,25.4953148003637,24.5385407920306,0.0,2.271785714285714,16.0,87,79,2.7,280,17.4,16.2,15.4,0.0,0.0,0.03,16.0,76.0,7647.0,0.0,2.0,48.0,0.0,99510.0
2025-03-12 19:00:00,25.6418823646144,24.5458105500829,0.0,2.271130952380952,14.8,89,57,1.3,234,16.2,16.2,15.5,0.0,0.0,0.02,16.0,79.0,3420.0,0.0,2.0,132.0,0.0,99500.0
2025-03-12 20:00:00,25.4808169225371,24.53483236996,0.0,2.2704761904761903,14.2,88,29,3.6,232,15.3,16.2,15.5,0.0,0.0,0.0,15.0,86.0,0.0,0.0,0.0,349.0,0.0,99610.0
2025-03-12 21:00:00,25.5025831760387,24.6312236586021,0.0,2.2698214285714284,13.7,86,41,3.5,241,14.6,16.1,15.5,0.0,0.0,0.0,15.0,81.0,0.0,0.0,2.0,228.0,0.0,99480.0
2025-03-12 22:00:00,25.6043882223876,24.5809935354703,0.0,2.2691666666666666,13.4,87,63,0.5,226,14.0,15.9,15.5,0.0,0.0,0.0,16.0,80.0,0.0,0.0,2.0,290.0,0.0,99560.0
2025-03-12 23:00:00,25.7087287576073,24.4287591806171,0.0,2.2685119047619047,13.6,83,31,8.1,217,13.5,15.8,15.5,0.0,0.0,0.0,15.0,81.0,0.0,0.0,2.0,252.0,0.0,99550.0
2025-03-13 00:00:00,25.4339762275076,24.5084491803538,0.0,2.267857142857143,15.3,72,37,13.5,228,13.6,15.6,15.5,0.0,0.0,0.03,15.0,84.0,0.0,0.0,0.0,222.0,0.0,99530.0
2025-03-13 01:00:00,25.6306037607205,24.4204212009759,0.0,2.267202380952381,16.2,67,99,20.4,224,15.2,15.7,15.5,0.0,0.0,0.07,17.0,66.0,0.0,0.0,4.0,216.0,0.0,99430.0
2025-03-13 02:00:00,25.5380702541216,24.43547101863,0.0,2.266547619047619,16.5,67,51,19.7,224,15.2,15.7,15.5,0.0,0.0,0.07,15.0,83.0,0.0,0.0,2.0,314.0,0.0,99400.0
2025-03-13 03:00:00,25.4633816198201,24.4041256076656,0.0,2.265892857142857,16.5,66,93,22.8,220,15.1,15.7,15.5,0.0,0.0,0.08,14.0,85.0,0.0,0.0,1.0,192.0,0.0,99330.0
2025-03-13 04:00:00,25.5899795256198,24.3820356810315,0.0,2.265238095238095,16.1,67,91,14.7,205,15.1,15.6,15.5,0.0,0.0,0.05,14.0,85.0,0.0,0.0,2.0,222.0,0.0,99190.0
2025-03-13 05:00:00,25.4695922245032,24.4845511578035,0.0,2.264583333333333,16.1,66,60,13.2,210,15.1,15.6,15.5,0.0,0.0,0.05,14.0,86.0,0.0,0.0,3.0,245.0,0.0,99130.0
2025-03-13 06:00:00,25.6037405562483,24.5570535650582,0.0,2.263928571428571,15.4,71,26,11.2,227,14.9,15.5,15.5,0.0,0.0,0.03,13.0,90.0,0.0,0.0,2.0,303.0,3.0,99030.0
2025-03-13 07:00:00,25.4952167722146,24.5165676145817,0.0,2.263273809523809,14.3,78,30,8.7,222,14.5,15.5,15.5,0.0,0.0,0.03,13.0,91.0,0.0,0.0,2.0,185.0,0.0,99010.0
2025-03-13 08:00:00,25.3762639384676,24.7214358492595,0.0,2.2626190476190473,16.8,71,17,12.3,221,15.0,15.4,15.5,0.0,0.0,0.09,14.0,87.0,474.0,0.0,2.0,270.0,0.0,99000.0
2025-03-13 09:00:00,25.5460111210694,24.4930554815209,0.0,2.2619642857142854,19.5,58,37,17.0,225,16.1,15.5,15.5,0.0,0.0,0.23,14.0,86.0,7456.0,0.0,1.0,206.0,0.0,99080.0
2025-03-13 10:00:00,25.3038012461207,24.4805987892092,0.0,2.2613095238095235,20.8,53,18,21.2,220,17.4,15.5,15.5,0.0,0.0,0.33,16.0,81.0,25972.0,1.0,2.0,279.0,0.0,99070.0
2025-03-13 11:00:00,25.4844469955508,24.3774742149701,0.0,2.2606547619047617,21.5,48,27,25.7,227,18.6,15.7,15.5,0.0,0.0,0.42,18.0,72.0,19183.0,1.0,1.0,240.0,0.0,99020.0
2025-03-13 12:00:00,25.2514843488976,24.4160078062527,0.0,2.26,21.3,44,43,35.6,237,19.3,15.9,15.5,0.1,0.1,0.46,21.0,54.0,64659.0,5.0,7.0,282.0,0.0,98960.0
2025-03-13 13:00:00,25.4440552007117,24.1579854542504,0.0,2.257738095238095,21.2,50,13,33.7,230,19.4,16.0,15.5,0.1,0.1,0.43,20.0,59.0,47113.0,3.0,4.0,246.0,0.0,98900.0
2025-03-13 14:00:00,25.3990199903606,24.1993195844236,0.0,2.25547619047619,22.3,41,26,34.2,236,20.0,16.3,15.5,0.0,0.0,0.49,21.0,50.0,34946.0,2.0,6.0,252.0,0.0,98850.0
2025-03-13 15:00:00,25.1660304798001,24.1910590558166,0.0,2.2532142857142854,22.0,42,43,28.8,243,20.2,16.5,15.5,0.1,0.1,0.43,21.0,52.0,64382.0,5.0,6.0,258.0,0.0,98820.0
2025-03-13 16:00:00,25.4624376558992,24.0578510671753,0.0,2.2509523809523806,20.5,45,1,19.1,244,19.9,16.7,15.5,0.2,0.2,0.31,21.0,46.0,22859.0,1.0,8.0,250.0,0.0,98830.0
2025-03-13 17:00:00,25.3935687248366,24.1963470649684,0.0,2.248690476190476,19.9,48,6,12.5,250,19.3,16.9,15.5,0.0,0.0,0.2,20.0,55.0,15344.0,1.0,2.0,256.0,0.0,98820.0
2025-03-13 18:00:00,25.3552478791492,24.1947455530225,0.0,2.246428571428571,16.8,62,5,5.8,239,18.2,17.0,15.5,0.0,0.0,0.06,21.0,47.0,14245.0,1.0,7.0,260.0,0.0,98890.0
2025-03-13 19:00:00,25.284178057087,23.8698168758186,0.0,2.2441666666666666,15.4,63,7,1.4,235,16.8,17.0,15.5,0.0,0.0,0.02,19.0,49.0,2397.0,0.0,2.0,291.0,0.0,98880.0
2025-03-13 20:00:00,25.2849437949736,24.0404196774905,0.0,2.241904761904762,14.2,67,4,0.6,232,15.6,16.9,15.5,0.0,0.0,0.0,16.0,61.0,0.0,0.0,0.0,173.0,0.0,98950.0
2025-03-13 21:00:00,25.2645210353851,24.018648728089,0.0,2.239642857142857,12.8,72,7,3.4,167,14.7,16.7,15.6,0.0,0.0,0.0,17.0,55.0,0.0,0.0,1.0,211.0,0.0,99000.0
2025-03-13 22:00:00,25.3151100734688,23.8763246899435,0.0,2.2373809523809522,11.6,77,5,3.1,180,14.0,16.6,15.6,0.0,0.0,0.0,15.0,64.0,0.0,0.0,0.0,151.0,0.0,98990.0
2025-03-13 23:00:00,25.2535286620565,24.0177687546322,0.0,2.2351190476190474,11.3,78,10,5.3,193,13.4,16.4,15.6,0.0,0.0,0.0,13.0,70.0,0.0,0.0,0.0,163.0,0.0,98980.0
2025-03-14 00:00:00,25.2647383203918,23.9537393507087,0.0,2.2328571428571427,10.8,81,13,7.9,202,13.1,16.1,15.6,0.0,0.0,0.0,11.0,80.0,0.0,0.0,2.0,162.0,0.0,98940.0
2025-03-14 01:00:00,25.1569675109077,24.0667365572268,0.0,2.230595238095238,11.4,84,42,6.4,187,13.7,16.1,15.6,0.0,0.0,0.0,11.0,81.0,0.0,0.0,0.0,169.0,0.0,98890.0
2025-03-14 02:00:00,25.3377873628406,23.8966801158065,0.0,2.228333333333333,10.6,89,94,8.3,212,13.3,16.0,15.6,0.0,0.0,0.0,11.0,82.0,0.0,0.0,0.0,192.0,0.0,98880.0
2025-03-14 03:00:00,25.4365241438444,24.0317545865069,0.0,2.2260714285714283,10.9,87,66,6.2,205,13.2,15.8,15.6,0.0,0.0,0.0,11.0,81.0,0.0,0.0,1.0,258.0,0.0,98850.0
2025-03-14 04:00:00,25.2742461088184,24.0121206113936,0.0,2.2238095238095235,11.3,85,97,3.6,255,13.0,15.6,15.6,0.0,0.0,0.0,11.0,83.0,0.0,0.0,0.0,228.0,0.0,98800.0
2025-03-14 05:00:00,25.4692841394038,23.9923040321922,0.0,2.2215476190476187,11.4,86,100,4.2,228,12.9,15.4,15.6,0.0,0.0,0.0,12.0,81.0,0.0,0.0,1.0,258.0,0.0,98850.0
2025-03-14 06:00:00,25.2658803789381,24.0717448319174,0.0,2.219285714285714,13.0,74,50,10.4,204,12.9,15.3,15.6,0.0,0.0,0.02,11.0,89.0,0.0,0.0,0.0,54.0,3.0,98810.0
2025-03-14 07:00:00,25.3300953918785,23.9032270867498,0.0,2.2170238095238095,13.7,67,39,27.4,225,12.9,15.1,15.6,0.5,0.5,0.09,14.0,70.0,0.0,0.0,4.0,246.0,0.0,98830.0
2025-03-14 08:00:00,25.2444871804587,24.101506025505,0.0,2.2147619047619047,15.0,60,19,33.8,223,13.3,15.0,15.6,0.0,0.0,0.15,14.0,58.0,2808.0,0.0,6.0,240.0,0.0,98860.0
2025-03-14 09:00:00,25.2058932385716,23.874807743684,0.0,2.2125,16.6,54,10,30.7,223,14.4,14.9,15.6,0.0,0.0,0.24,16.0,53.0,17808.0,1.0,8.0,252.0,0.0,98880.0
2025-03-14 10:00:00,24.9164274152988,23.8749069787469,0.0,2.210238095238095,17.9,48,46,33.2,229,15.6,15.0,15.6,0.0,0.0,0.34,17.0,52.0,44542.0,4.0,7.0,216.0,0.0,98960.0
2025-03-14 11:00:00,25.2332585060164,23.8917281849023,0.0,2.2079761904761903,18.8,44,21,35.8,230,16.9,15.1,15.6,0.0,0.0,0.42,18.0,43.0,68628.0,5.0,9.0,249.0,0.0,98950.0
2025-03-14 12:00:00,24.9895706555589,23.9443682368473,0.0,2.2057142857142855,19.1,44,29,36.5,227,17.7,15.2,15.6,0.0,0.0,0.42,19.0,42.0,85757.0,7.0,10.0,256.0,0.0,98930.0
2025-03-14 13:00:00,25.1292652180616,23.5901692951916,0.0,2.2034523809523807,20.0,39,50,36.7,241,18.8,15.6,15.6,0.0,0.0,0.46,20.0,40.0,96149.0,6.0,8.0,259.0,0.0,98930.0
2025-03-14 14:00:00,25.1253385663956,23.5766729793176,0.0,2.201190476190476,20.3,41,80,33.6,245,19.2,15.8,15.6,0.1,0.1,0.45,20.0,42.0,44391.0,3.0,10.0,250.0,0.0,98920.0
2025-03-14 15:00:00,24.9765474061319,23.5572116324786,0.0,2.198928571428571,19.6,42,91,28.3,248,19.2,16.0,15.6,0.1,0.1,0.37,20.0,45.0,29102.0,2.0,5.0,232.0,0.0,98900.0
2025-03-14 16:00:00,24.8494641764661,23.6553911825084,0.0,2.1966666666666663,18.5,47,70,19.2,258,18.8,16.2,15.6,0.0,0.0,0.25,19.0,44.0,32820.0,1.0,8.0,293.0,0.0,98990.0
2025-03-14 17:00:00,24.8708072747872,23.5637030659805,0.0,2.1944047619047615,17.7,50,87,15.7,249,18.3,16.3,15.6,0.0,0.0,0.19,19.0,45.0,42871.0,2.0,6.0,238.0,0.0,99060.0
2025-03-14 18:00:00,25.0662384920184,23.196440958996,0.0,2.1921428571428567,16.2,55,99,10.1,245,17.4,16.4,15.6,0.0,0.0,0.09,16.0,64.0,9409.0,1.0,4.0,288.0,0.0,99190.0
2025-03-14 19:00:00,24.8321236294546,23.411335491867,0.0,2.1898809523809524,15.1,58,100,13.5,237,16.5,16.4,15.6,0.0,0.0,0.08,17.0,53.0,863.0,0.0,3.0,258.0,0.0,99290.0
2025-03-14 20:00:00,24.9246806296388,23.4353117886718,0.0,2.1876190476190476,14.4,60,93,16.6,233,15.8,16.4,15.6,0.0,0.0,0.06,15.0,59.0,0.0,0.0,2.0,264.0,0.0,99370.0
2025-03-14 21:00:00,24.8397933635462,23.2895769834933,0.0,2.1853571428571428,13.8,64,54,17.1,233,15.3,16.3,15.6,0.0,0.0,0.06,15.0,62.0,0.0,0.0,3.0,246.0,0.0,99500.0
2025-03-14 22:00:00,25.1543165760426,23.3045774285862,0.0,2.183095238095238,12.7,69,5,11.3,243,14.7,16.2,15.6,0.0,0.0,0.03,14.0,79.0,0.0,0.0,0.0,324.0,0.0,99600.0
2025-03-14 23:00:00,24.8609249809869,23.3676185317473,0.0,2.180833333333333,12.3,72,2,14.2,231,14.1,16.1,15.6,0.0,0.0,0.03,13.0,84.0,0.0,0.0,0.0,152.0,0.0,99650.0
2025-03-15 00:00:00,24.8312083559587,23.277182893165,0.0,2.1785714285714284,12.6,68,3,20.6,220,13.8,15.9,15.6,0.0,0.0,0.05,12.0,83.0,0.0,0.0,2.0,329.0,0.0,99720.0
2025-03-15 01:00:00,24.8366958019209,23.2924316632886,0.0,2.1763095238095236,12.3,77,22,14.3,224,13.9,15.7,15.6,0.2,0.2,0.02,14.0,71.0,0.0,0.0,2.0,282.0,0.0,99750.0
2025-03-15 02:00:00,24.7564282777054,23.5024621494,0.0,2.174047619047619,12.4,68,17,16.9,223,13.3,15.6,15.6,0.0,0.0,0.05,12.0,81.0,0.0,0.0,0.0,276.0,0.0,99820.0
2025-03-15 03:00:00,24.8289977760092,23.3662631656468,0.0,2.171785714285714,12.1,68,7,15.2,222,13.0,15.4,15.6,0.0,0.0,0.04,11.0,81.0,0.0,0.0,1.0,252.0,0.0,99840.0
2025-03-15 04:00:00,24.962900080873,23.3432428271376,0.0,2.169523809523809,11.3,72,8,12.4,224,12.6,15.2,15.6,0.0,0.0,0.03,12.0,78.0,0.0,0.0,2.0,276.0,0.0,99890.0
2025-03-15 05:00:00,24.8696711334711,23.3450523959229,0.0,2.1672619047619044,11.2,74,8,11.7,223,12.3,15.1,15.6,0.0,0.0,0.02,12.0,79.0,0.0,0.0,2.0,288.0,0.0,99920.0
2025-03-15 06:00:00,24.9069089948847,23.1986850057813,0.0,2.1649999999999996,11.2,74,3,13.8,220,12.2,14.9,15.6,0.0,0.0,0.03,12.0,77.0,0.0,0.0,2.0,285.0,0.0,100000.0
2025-03-15 07:00:00,24.7661199211893,23.2804044871109,0.0,2.1627380952380952,11.7,73,4,13.8,220,12.1,14.8,15.6,0.0,0.0,0.05,12.0,76.0,0.0,0.0,2.0,270.0,0.0,100100.0
2025-03-15 08:00:00,24.8496861557937,23.3627553286798,0.0,2.1604761904761904,13.8,68,19,13.6,227,12.8,14.6,15.6,0.0,0.0,0.1,11.0,80.0,5357.0,0.0,0.0,264.0,0.0,100180.0
2025-03-15 09:00:00,24.949133356997,23.2556472233051,0.0,2.1582142857142856,15.4,62,26,15.5,245,14.0,14.6,15.6,0.0,0.0,0.19,14.0,71.0,27427.0,1.0,4.0,312.0,0.0,100280.0
2025-03-15 10:00:00,24.8910470400054,23.1728229363547,0.0,2.155952380952381,16.7,56,34,16.0,254,15.4,14.6,15.6,0.2,0.2,0.29,15.0,59.0,63777.0,4.0,6.0,276.0,0.0,100370.0
2025-03-15 11:00:00,24.8264277377388,23.1257280654538,0.0,2.153690476190476,17.4,56,35,15.4,258,16.5,14.7,15.6,0.0,0.0,0.33,16.0,58.0,20804.0,1.0,2.0,288.0,0.0,100440.0
2025-03-15 12:00:00,24.7686491092133,23.1505337523577,0.0,2.1514285714285712,18.5,52,89,12.2,266,17.9,14.9,15.6,0.1,0.1,0.42,17.0,54.0,22640.0,1.0,2.0,258.0,0.0,100450.0
2025-03-15 13:00:00,24.7646843239861,23.1921871949918,0.0,2.1491666666666664,16.5,66,60,10.6,327,18.4,15.3,15.6,1.8,1.8,0.37,15.0,68.0,15908.0,1.0,3.0,343.0,0.0,100460.0
2025-03-15 14:00:00,24.6747565630583,22.9583189836196,0.0,2.1469047619047616,16.1,65,94,10.0,336,17.9,15.4,15.6,4.7,4.7,0.31,16.0,64.0,76790.0,6.0,3.0,10.0,0.0,100410.0
2025-03-15 15:00:00,24.7593712828446,23.1339871078409,0.0,2.144642857142857,15.5,68,35,9.9,18,17.5,15.6,15.6,0.1,0.1,0.22,16.0,65.0,65710.0,4.0,5.0,6.0,0.0,100400.0
2025-03-15 16:00:00,24.723202449098,23.0737337819469,0.0,2.142380952380952,15.9,66,49,5.4,349,17.7,15.7,15.6,0.0,0.0,0.22,16.0,68.0,20723.0,1.0,4.0,10.0,0.0,100450.0
2025-03-15 17:00:00,24.752644677891,22.8824533526637,0.0,2.1401190476190473,15.5,67,86,6.8,318,17.3,15.8,15.6,0.0,0.0,0.13,15.0,70.0,23595.0,1.0,3.0,1.0,0.0,100500.0
2025-03-15 18:00:00,24.6753134916329,22.9547187347682,0.0,2.1378571428571425,14.3,77,86,1.2,320,16.5,15.9,15.6,0.0,0.0,0.03,15.0,68.0,6939.0,0.0,4.0,324.0,0.0,100540.0
2025-03-15 19:00:00,24.7173821124204,22.7321954108843,0.0,2.135595238095238,13.1,80,73,3.4,184,15.5,15.9,15.6,0.0,0.0,0.02,15.0,71.0,584.0,0.0,0.0,324.0,0.0,100600.0
2025-03-15 20:00:00,24.7526576310048,22.8812974044857,0.0,2.1333333333333333,12.8,86,43,5.8,191,14.9,15.8,15.6,0.0,0.0,0.0,13.0,77.0,0.0,0.0,0.0,172.0,0.0,100680.0
2025-03-15 21:00:00,24.6770928481272,22.7631142041582,0.0,2.1310714285714285,11.8,87,38,6.0,203,14.2,15.8,15.6,0.0,0.0,0.0,12.0,81.0,0.0,0.0,0.0,204.0,0.0,100740.0
2025-03-15 22:00:00,24.829052994223,22.897987024023,0.0,2.1288095238095237,11.2,80,22,7.3,212,13.6,15.6,15.6,0.0,0.0,0.0,10.0,84.0,0.0,0.0,0.0,174.0,0.0,100760.0
2025-03-15 23:00:00,24.672767185333,22.8661634308246,0.0,2.126547619047619,10.7,77,14,7.4,217,13.0,15.5,15.6,0.0,0.0,0.01,10.0,85.0,0.0,0.0,0.0,228.0,0.0,100840.0
2025-03-16 00:00:00,24.4889292539525,22.8409022006841,0.0,2.124285714285714,10.0,79,7,5.8,226,12.5,15.3,15.6,0.0,0.0,0.0,9.0,86.0,0.0,0.0,0.0,192.0,0.0,100830.0
2025-03-16 01:00:00,24.7803267059621,22.9031197987304,0.0,2.1220238095238093,9.5,86,27,3.1,244,12.4,15.1,15.6,0.0,0.0,0.0,8.0,88.0,0.0,0.0,1.0,186.0,0.0,100810.0
2025-03-16 02:00:00,24.7380907584958,22.7286150019857,0.0,2.1197619047619045,9.0,89,94,4.0,200,11.9,14.9,15.6,0.0,0.0,0.0,8.0,86.0,0.0,0.0,0.0,198.0,0.0,100830.0
2025-03-16 03:00:00,24.6296940442407,22.7737635424028,0.0,2.1174999999999997,8.3,92,7,4.5,183,11.5,14.7,15.6,0.0,0.0,0.0,7.0,91.0,0.0,0.0,0.0,198.0,0.0,100810.0
2025-03-16 04:00:00,24.6991362387915,22.8070534866467,0.0,2.115238095238095,8.0,93,87,6.5,201,11.1,14.5,15.6,0.0,0.0,0.0,6.0,90.0,0.0,0.0,1.0,174.0,0.0,100740.0
2025-03-16 05:00:00,24.6548448587973,23.1932670912484,0.0,2.11297619047619,8.2,89,54,7.3,216,10.8,14.3,15.6,0.0,0.0,0.0,7.0,93.0,0.0,0.0,0.0,186.0,0.0,100730.0
2025-03-16 06:00:00,24.3112248347145,22.9388318695152,0.0,2.1107142857142853,8.6,85,72,7.8,210,10.6,14.1,15.6,0.0,0.0,0.0,7.0,91.0,0.0,0.0,1.0,210.0,0.0,100750.0
2025-03-16 07:00:00,24.5513726062589,22.8554005250118,0.0,2.108452380952381,10.4,78,29,11.6,213,10.6,13.9,15.6,0.0,0.0,0.03,9.0,84.0,331.0,0.0,1.0,210.0,0.0,100770.0
2025-03-16 08:00:00,24.6283431863143,23.026654284797,0.0,2.106190476190476,14.1,66,0,14.6,220,11.7,13.7,15.6,0.0,0.0,0.11,10.0,85.0,7197.0,0.0,1.0,216.0,0.0,100780.0
2025-03-16 09:00:00,24.6246969599595,22.9288877520656,0.0,2.1039285714285714,16.7,58,16,19.4,230,13.3,13.7,15.5,0.0,0.0,0.23,12.0,81.0,26018.0,1.0,3.0,270.0,0.0,100840.0
2025-03-16 10:00:00,24.6084152981725,22.9740812090517,0.0,2.1016666666666666,17.9,53,13,20.5,237,14.9,13.8,15.5,0.0,0.0,0.33,15.0,70.0,49975.0,4.0,4.0,294.0,0.0,100870.0
2025-03-16 11:00:00,24.4262713925357,22.7956994039909,0.0,2.0994047619047618,18.8,48,13,20.2,240,16.4,13.9,15.5,0.0,0.0,0.42,17.0,59.0,74541.0,7.0,3.0,278.0,0.0,100840.0
2025-03-16 12:00:00,24.6782779264799,22.7326714910265,0.0,2.097142857142857,19.7,45,58,20.2,244,17.6,14.2,15.5,0.0,0.0,0.46,19.0,44.0,88248.0,8.0,5.0,267.0,0.0,100790.0
2025-03-16 13:00:00,24.4561916820439,22.7166617171494,0.0,2.094880952380952,20.5,43,44,18.2,250,18.5,14.3,15.5,0.0,0.0,0.43,20.0,40.0,92540.0,7.0,7.0,253.0,0.0,100730.0
2025-03-16 14:00:00,24.3482187119336,22.6277539508616,0.0,2.0926190476190474,20.7,41,74,12.6,270,19.1,14.6,15.5,0.0,0.0,0.42,20.0,40.0,90068.0,5.0,5.0,272.0,0.0,100670.0
2025-03-16 15:00:00,24.4042914015942,22.578411935821,0.0,2.0903571428571426,19.5,48,53,11.4,339,19.4,14.9,15.5,0.0,0.0,0.36,19.0,45.0,16604.0,2.0,5.0,24.0,0.0,100630.0
2025-03-16 16:00:00,24.4044589490479,22.6014041056206,0.0,2.088095238095238,17.8,52,4,14.8,13,19.0,15.2,15.5,0.0,0.0,0.27,18.0,49.0,49171.0,4.0,3.0,33.0,0.0,100630.0
2025-03-16 17:00:00,24.3142643473845,22.5089565810314,0.0,2.085833333333333,16.0,54,28,10.3,38,18.2,15.5,15.5,0.0,0.0,0.18,18.0,51.0,25561.0,1.0,4.0,43.0,0.0,100660.0
2025-03-16 18:00:00,24.3264694379668,22.3350290425596,0.0,2.083571428571428,14.2,68,1,4.6,75,16.9,15.6,15.5,0.0,0.0,0.05,17.0,54.0,5994.0,0.0,3.0,72.0,0.0,100730.0
2025-03-16 19:00:00,24.323165766775,22.3934968621027,0.0,2.081309523809524,12.5,71,3,4.8,87,15.4,15.6,15.5,0.0,0.0,0.03,14.0,65.0,279.0,0.0,1.0,78.0,0.0,100720.0
2025-03-16 20:00:00,24.537375903632,22.4515973676572,0.0,2.079047619047619,12.1,73,2,2.3,65,14.2,15.6,15.5,0.0,0.0,0.0,13.0,69.0,0.0,0.0,1.0,148.0,0.0,100730.0
2025-03-16 21:00:00,24.272138395348,22.3561065086036,0.0,2.0767857142857142,12.1,72,3,1.0,52,13.3,15.4,15.5,0.0,0.0,0.0,12.0,71.0,0.0,0.0,2.0,104.0,0.0,100760.0
2025-03-16 22:00:00,24.2247675905103,22.4091118298804,0.0,2.0745238095238094,11.8,73,30,1.1,45,12.5,15.3,15.5,0.0,0.0,0.0,10.0,76.0,0.0,0.0,0.0,175.0,0.0,100740.0
2025-03-16 23:00:00,24.2782852856581,22.2900527914244,0.0,2.0722619047619046,11.1,75,32,1.9,81,11.9,15.1,15.5,0.0,0.0,0.0,9.0,78.0,0.0,0.0,1.0,174.0,0.0,100700.0
2025-03-17 00:00:00,24.3010222253069,22.3679933844911,0.0,2.07,10.6,76,9,0.2,59,11.4,14.9,15.5,0.0,0.0,0.0,8.0,83.0,0.0,0.0,0.0,165.0,0.0,100670.0
2025-03-17 01:00:00,24.1218315734212,22.361804050514,0.0,2.067738095238095,9.8,80,20,3.5,205,12.2,14.7,15.5,0.0,0.0,0.0,9.0,83.0,0.0,0.0,0.0,192.0,0.0,100620.0
2025-03-17 02:00:00,24.2482831033973,22.2813939634119,0.0,2.0654761904761902,9.0,85,83,4.3,224,11.7,14.6,15.5,0.0,0.0,0.0,10.0,83.0,0.0,0.0,1.0,246.0,0.0,100610.0
2025-03-17 03:00:00,24.3985196606284,22.3928073836145,0.0,2.0632142857142854,9.7,82,31,4.5,232,11.6,14.4,15.5,0.0,0.0,0.0,9.0,84.0,0.0,0.0,0.0,234.0,0.0,100520.0
2025-03-17 04:00:00,24.1649092482792,22.3570995251335,0.0,2.0609523809523806,9.1,85,70,3.2,207,11.3,14.2,15.5,0.0,0.0,0.0,10.0,81.0,0.0,0.0,0.0,192.0,0.0,100430.0
2025-03-17 05:00:00,24.1837622096919,22.3811490516427,0.0,2.058690476190476,9.5,83,83,3.2,228,11.2,14.1,15.5,0.0,0.0,0.0,11.0,78.0,0.0,0.0,2.0,179.0,0.0,100390.0
2025-03-17 06:00:00,24.2441949222052,22.2578354471345,0.0,2.056428571428571,9.4,84,12,1.5,297,11.0,13.9,15.5,0.0,0.0,0.0,11.0,76.0,0.0,0.0,1.0,192.0,0.0,100330.0
2025-03-17 07:00:00,24.3345947850128,22.0876697870538,0.0,2.0541666666666667,9.7,83,1,3.2,192,10.9,13.7,15.5,0.0,0.0,0.01,11.0,74.0,841.0,0.0,0.0,186.0,0.0,100290.0
2025-03-17 08:00:00,24.2785456694008,22.1937078257641,0.0,2.051904761904762,13.7,78,0,4.9,220,11.9,13.6,15.4,0.0,0.0,0.08,13.0,70.0,8267.0,0.0,2.0,216.0,0.0,100300.0
2025-03-17 09:00:00,24.2149879493377,22.2244478306015,0.0,2.049642857142857,17.9,61,0,4.0,248,13.8,13.6,15.4,0.0,0.0,0.21,17.0,60.0,35272.0,2.0,4.0,329.0,0.0,100270.0
2025-03-17 10:00:00,24.4015188526388,22.3386545564957,0.0,2.0473809523809523,20.2,51,6,4.9,258,15.9,13.7,15.4,0.0,0.0,0.34,18.0,56.0,24048.0,2.0,3.0,273.0,0.0,100300.0
2025-03-17 11:00:00,24.0413669517807,22.3391811114427,0.0,2.0451190476190475,22.0,47,11,7.0,266,17.9,14.0,15.4,0.0,0.0,0.44,20.0,52.0,48258.0,4.0,2.0,264.0,0.0,100280.0
2025-03-17 12:00:00,24.0786277064745,22.0706872569853,18.967346712338795,2.0428571428571427,23.4,39,86,12.6,266,19.4,14.3,15.4,0.0,0.0,0.53,24.0,41.0,44606.0,4.0,3.0,271.0,0.0,100220.0
2025-03-17 13:00:00,24.0515672242353,28.3773732936162,0.0,2.040595238095238,24.7,35,9,11.1,260,20.7,14.7,15.4,0.0,0.0,0.56,23.0,33.0,39964.0,4.0,4.0,306.0,0.0,100140.0
2025-03-17 14:00:00,23.8388505995041,28.0494333340221,0.0,2.038333333333333,23.2,45,43,9.4,1,21.4,15.1,15.4,0.0,0.0,0.47,24.0,34.0,29140.0,3.0,3.0,289.0,0.0,100020.0
2025-03-17 15:00:00,23.9381976274482,27.3028694125741,0.0,2.0360714285714283,21.3,54,46,16.0,40,21.3,15.5,15.4,0.0,0.0,0.37,24.0,34.0,21943.5,2.5,3.0,280.0,0.0,99975.0
2025-03-17 16:00:00,24.0012985948103,27.1271931338424,0.0,2.0338095238095235,19.8,55,41,12.6,31,20.7,15.8,15.4,0.0,0.0,0.26,24.0,34.0,14747.0,2.0,3.0,271.0,0.0,99930.0
2025-03-17 17:00:00,24.030910172987,26.8407123897643,0.0,2.0315476190476187,18.1,59,73,12.0,36,19.8,16.1,15.4,0.0,0.0,0.18,22.0,44.0,46853.0,3.0,5.0,30.0,0.0,99940.0
2025-03-17 18:00:00,24.0629235757037,26.7155087226794,0.0,2.029285714285714,16.5,67,75,7.3,70,18.5,16.3,15.4,0.0,0.0,0.06,20.0,46.0,14740.0,1.0,5.0,13.0,0.0,99980.0
2025-03-17 19:00:00,24.2094695211666,26.5525048169642,0.0,2.0270238095238096,14.8,77,10,4.0,44,17.1,16.4,15.4,0.0,0.0,0.03,19.0,49.0,7678.0,0.0,2.0,96.0,0.0,100030.0
2025-03-17 20:00:00,24.2333884414446,26.4290252073077,0.0,2.0247619047619048,13.9,80,29,1.0,48,15.8,16.3,15.4,0.0,0.0,0.0,16.0,57.0,57.0,0.0,1.0,90.0,0.0,100080.0
2025-03-17 21:00:00,24.2757301002758,26.336961049669,0.0,2.0225,13.2,81,1,1.5,53,14.8,16.2,15.4,0.0,0.0,0.0,15.0,65.0,0.0,0.0,0.0,42.0,0.0,100110.0
2025-03-17 22:00:00,24.4137846428961,26.284109910193,0.0,2.020238095238095,12.6,82,5,3.6,229,14.0,16.1,15.4,0.0,0.0,0.0,13.0,74.0,0.0,0.0,0.0,86.0,0.0,100150.0
2025-03-17 23:00:00,24.5771530575269,26.0560748367098,0.0,2.0179761904761904,11.8,86,29,6.0,254,13.5,16.0,15.4,0.0,0.0,0.0,12.0,82.0,0.0,0.0,0.0,176.0,0.0,100150.0
2025-03-18 00:00:00,24.6008365981859,26.1525967406552,0.0,2.0157142857142856,11.3,87,29,5.0,259,13.1,15.8,15.4,0.0,0.0,0.0,11.0,86.0,0.0,0.0,0.0,188.0,0.0,100120.0
2025-03-18 01:00:00,24.6645073922232,25.9525201412484,0.0,2.0134523809523808,12.1,80,93,5.2,207,13.6,15.5,15.4,0.0,0.0,0.0,11.0,87.0,0.0,0.0,0.0,186.0,0.0,100110.0
2025-03-18 02:00:00,24.7690904020111,25.925474585339,0.0,2.011190476190476,11.4,83,94,5.8,216,13.1,15.4,15.4,0.0,0.0,0.0,11.0,88.0,0.0,0.0,1.0,177.0,0.0,100080.0
2025-03-18 03:00:00,24.8908303588726,25.932029569096,0.0,2.008928571428571,11.7,80,54,9.6,226,12.8,15.3,15.4,0.0,0.0,0.01,12.0,85.0,0.0,0.0,2.0,204.0,0.0,100020.0
2025-03-18 04:00:00,25.0282478808509,25.8447446314567,0.0,2.0066666666666664,14.5,67,53,16.0,222,13.0,15.1,15.4,0.0,0.0,0.05,11.0,90.0,0.0,0.0,1.0,167.0,0.0,100040.0
2025-03-18 05:00:00,24.9931059212945,25.7231851869295,0.0,2.0044047619047616,16.2,54,30,23.4,221,13.4,15.0,15.4,0.0,0.0,0.11,10.0,92.0,0.0,0.0,2.0,174.0,0.0,100050.0
2025-03-18 06:00:00,24.9514241622912,25.5689183004824,0.0,2.002142857142857,16.0,54,53,25.6,221,13.8,14.9,15.4,0.0,0.0,0.11,14.0,70.0,0.0,0.0,3.0,270.0,0.0,100000.0
2025-03-18 07:00:00,25.1749409201985,25.7502720149439,0.0,1.9998809523809522,15.9,57,92,30.4,218,14.1,14.9,15.4,0.0,0.0,0.13,16.0,57.0,0.0,0.0,4.0,264.0,0.0,100090.0
2025-03-18 08:00:00,25.2552600183315,25.6034132728727,0.0,1.9976190476190474,16.8,57,88,28.2,218,14.6,14.9,15.4,0.0,0.0,0.16,17.0,50.0,2876.0,0.0,5.0,232.0,0.0,100140.0
2025-03-18 09:00:00,25.1144271264448,25.5601377568894,0.0,1.9953571428571426,18.0,55,39,30.4,219,15.6,14.9,15.4,0.0,0.0,0.26,18.0,53.0,13548.0,0.0,4.0,245.0,0.0,100220.0
2025-03-18 10:00:00,25.0435109580485,25.3045368132798,0.0,1.993095238095238,19.3,49,2,26.9,225,16.8,15.0,15.4,0.0,0.0,0.36,19.0,50.0,19644.0,2.0,6.0,219.0,0.0,100310.0
2025-03-18 11:00:00,25.1669755487138,25.2596788663465,0.0,1.9908333333333332,20.3,47,13,23.8,237,18.1,15.1,15.4,0.0,0.0,0.44,20.0,48.0,65397.0,5.0,5.0,282.0,0.0,100380.0
2025-03-18 12:00:00,25.1582774796029,25.212746163309,0.0,1.9885714285714284,21.5,44,27,23.3,245,19.2,15.4,15.4,0.0,0.0,0.48,21.0,44.0,80718.0,8.0,3.0,246.0,0.0,100400.0
2025-03-18 13:00:00,25.041093219853,24.7954833511135,0.0,1.9863095238095236,22.2,42,27,14.6,263,20.3,15.7,15.4,0.0,0.0,0.47,22.0,39.0,87432.0,8.0,3.0,246.0,0.0,100350.0
2025-03-18 14:00:00,24.8513333784777,24.7887829547977,0.0,1.9840476190476188,21.6,44,39,10.3,308,20.7,16.0,15.4,0.0,0.0,0.4,23.0,37.0,104221.0,9.0,3.0,253.0,0.0,100340.0
2025-03-18 15:00:00,24.9741259177837,24.7071783465004,0.0,1.981785714285714,20.0,60,37,14.2,354,20.8,16.3,15.4,0.0,0.0,0.31,19.0,67.0,81734.0,6.0,3.0,74.0,0.0,100310.0
2025-03-18 16:00:00,24.9979648009134,24.5989798718702,0.0,1.9795238095238095,18.9,63,5,13.5,44,20.5,16.5,15.4,0.0,0.0,0.26,20.0,61.0,64496.0,7.0,4.0,19.0,0.0,100300.0
2025-03-18 17:00:00,24.9224116444512,24.3943057421799,0.0,1.9772619047619047,18.2,65,1,11.0,63,19.8,16.7,15.4,0.0,0.0,0.17,20.0,61.0,42547.0,2.0,5.0,4.0,0.0,100300.0
2025-03-18 18:00:00,24.7132299877644,24.2454096804705,0.0,1.9749999999999999,16.4,75,1,8.5,33,18.7,16.8,15.5,0.0,0.0,0.06,19.0,61.0,18028.0,1.0,4.0,54.0,0.0,100390.0
2025-03-18 19:00:00,24.8766111206945,24.1617321539258,0.0,1.972738095238095,14.2,86,5,4.0,40,17.3,16.9,15.5,0.0,0.0,0.02,18.0,57.0,4240.0,0.0,3.0,30.0,0.0,100400.0
2025-03-18 20:00:00,24.9820508094729,24.2136974406954,0.0,1.9704761904761903,13.3,88,2,5.2,76,16.1,16.8,15.5,0.0,0.0,0.0,15.0,71.0,0.0,0.0,1.0,66.0,0.0,100530.0
2025-03-18 21:00:00,25.0597251585512,24.3212809756408,0.0,1.9682142857142855,12.7,89,0,5.3,82,15.2,16.7,15.5,0.0,0.0,0.0,14.0,76.0,0.0,0.0,0.0,130.0,0.0,100620.0
2025-03-18 22:00:00,24.8423557020393,24.2036493542188,0.0,1.965952380952381,12.7,86,0,2.3,63,14.4,16.6,15.5,0.0,0.0,0.0,14.0,77.0,0.0,0.0,1.0,132.0,0.0,100610.0
2025-03-18 23:00:00,24.7848630798841,24.2877387506772,0.0,1.963690476190476,12.7,84,2,1.5,58,13.7,16.4,15.5,0.0,0.0,0.0,12.0,82.0,0.0,0.0,1.0,108.0,0.0,100680.0
2025-03-19 00:00:00,24.8350177439036,24.2543605551256,0.0,1.9614285714285713,12.7,82,0,1.0,46,13.1,16.2,15.5,0.0,0.0,0.0,13.0,76.0,0.0,0.0,2.0,149.0,0.0,100670.0
2025-03-19 01:00:00,24.6945775799093,24.0603935835616,0.0,1.9591666666666665,11.8,81,0,1.4,59,13.1,16.0,15.5,0.0,0.0,0.0,12.0,79.0,0.0,0.0,0.0,124.0,0.0,100650.0
2025-03-19 02:00:00,24.8570631149093,24.2176807061797,0.0,1.9569047619047617,10.3,87,5,1.1,65,12.5,15.8,15.5,0.0,0.0,0.0,10.0,83.0,0.0,0.0,0.0,109.0,0.0,100620.0
2025-03-19 03:00:00,24.8368687126953,24.1712159387158,0.0,1.954642857142857,9.4,92,0,1.9,360,12.1,15.6,15.5,0.0,0.0,0.0,10.0,84.0,0.0,0.0,1.0,125.0,0.0,100600.0
2025-03-19 04:00:00,24.9105044841397,24.0567142433362,0.0,1.9523809523809523,9.3,93,0,3.2,315,11.9,15.4,15.5,0.0,0.0,0.0,9.0,87.0,0.0,0.0,1.0,178.0,0.0,100550.0
2025-03-19 05:00:00,24.7647758595973,24.1610134173935,0.0,1.9501190476190475,9.0,94,0,4.8,283,11.6,15.2,15.5,0.0,0.0,0.0,8.0,89.0,0.0,0.0,1.0,186.0,0.0,100530.0
2025-03-19 06:00:00,24.8174556260169,24.1004060037386,0.0,1.9478571428571427,8.9,92,4,4.0,283,11.4,14.9,15.5,0.0,0.0,0.0,8.0,90.0,0.0,0.0,0.0,162.0,0.0,100500.0
2025-03-19 07:00:00,24.7353861084384,23.8716055273242,0.0,1.945595238095238,9.9,88,8,4.8,283,11.4,14.7,15.5,0.0,0.0,0.01,8.0,91.0,0.0,0.0,0.0,198.0,0.0,100500.0
2025-03-19 08:00:00,24.702270263708,23.9066381227316,0.0,1.9433333333333331,14.3,77,1,4.2,305,12.5,14.6,15.5,0.0,0.0,0.08,9.0,90.0,3429.0,0.0,2.0,234.0,0.0,100540.0
2025-03-19 09:00:00,24.7140382515572,24.0967546341025,0.0,1.9410714285714283,17.7,64,96,5.0,351,14.4,14.5,15.5,0.0,0.0,0.21,13.0,82.0,15953.0,1.0,0.0,270.0,0.0,100540.0
2025-03-19 10:00:00,24.8677669711845,24.0058557098342,0.0,1.9388095238095238,20.0,57,83,8.3,356,16.5,14.6,15.5,0.0,0.0,0.34,16.0,67.0,43084.0,3.0,0.0,251.0,0.0,100530.0
2025-03-19 11:00:00,24.7890027042798,23.954715754189,0.0,1.936547619047619,21.5,52,93,11.9,3,18.3,14.8,15.5,0.0,0.0,0.44,19.0,58.0,66260.0,5.0,0.0,72.0,0.0,100470.0
2025-03-19 12:00:00,24.8298697262771,23.7882641096294,0.0,1.9342857142857142,22.1,53,100,14.6,11,19.7,15.1,15.5,0.0,0.0,0.48,21.0,51.0,63679.0,5.0,3.0,30.0,0.0,100390.0
2025-03-19 13:00:00,24.7820189531244,23.5651629589758,0.0,1.9320238095238094,20.7,53,100,19.2,18,20.1,15.3,15.5,0.0,0.0,0.45,21.0,56.0,71416.0,5.0,4.0,358.0,0.0,100350.0
2025-03-19 14:00:00,24.6696142370649,23.5682553390476,0.0,1.9297619047619046,19.7,58,100,17.6,32,20.3,15.6,15.5,0.0,0.0,0.37,21.0,53.0,79456.0,7.0,4.0,53.0,0.0,100240.0
2025-03-19 15:00:00,24.6053030453705,23.5086610475329,0.0,1.9274999999999998,19.5,62,100,17.6,40,20.3,15.8,15.5,0.0,0.0,0.3,21.0,59.0,38936.0,2.0,3.0,2.0,0.0,100130.0
2025-03-19 16:00:00,24.8453394520609,23.2576523675956,0.0,1.9252380952380952,19.1,66,100,14.0,39,20.0,16.1,15.5,0.0,0.0,0.22,20.0,58.0,28632.0,2.0,4.0,111.0,0.0,100050.0
2025-03-19 17:00:00,24.7242230497018,23.2743682995408,0.0,1.9229761904761904,18.1,72,100,11.4,29,19.4,16.3,15.5,0.0,0.0,0.14,19.0,67.0,22612.0,1.0,3.0,26.0,0.0,100020.0
2025-03-19 18:00:00,24.5118893945841,23.3754405607887,0.0,1.9207142857142856,16.4,81,83,7.2,8,18.4,16.4,15.5,0.0,0.0,0.05,19.0,69.0,14616.0,1.0,2.0,13.0,0.0,100000.0
2025-03-19 19:00:00,24.4825480207437,23.0898961048784,0.0,1.9184523809523808,14.5,90,35,4.4,333,17.1,16.5,15.5,0.0,0.0,0.02,18.0,77.0,3134.0,0.0,2.0,24.0,0.0,99990.0
2025-03-19 20:00:00,24.5755437004018,23.0377454778492,0.0,1.916190476190476,13.3,93,11,4.5,310,16.1,16.5,15.5,0.0,0.0,0.0,15.0,86.0,0.0,0.0,3.0,341.0,0.0,100010.0
2025-03-19 21:00:00,24.5683060529879,23.0270888149064,0.0,1.9139285714285712,12.9,90,91,3.5,288,15.0,16.4,15.5,0.0,0.0,0.0,14.0,90.0,0.0,0.0,1.0,24.0,0.0,100020.0
2025-03-19 22:00:00,24.5189120203506,23.0211374365414,0.0,1.9116666666666666,12.5,86,100,4.9,261,14.3,16.3,15.5,0.0,0.0,0.0,12.0,92.0,0.0,0.0,1.0,204.0,0.0,100060.0
2025-03-19 23:00:00,24.5075158521277,23.0159181819071,0.0,1.9094047619047618,12.7,82,99,2.6,203,13.8,16.1,15.5,0.0,0.0,0.0,12.0,93.0,0.0,0.0,0.0,217.0,0.0,100040.0
2025-03-20 00:00:00,24.6262621105422,23.0272866904588,0.0,1.907142857142857,13.2,78,99,1.3,187,13.3,16.0,15.5,0.0,0.0,0.0,11.0,94.0,0.0,0.0,1.0,163.0,0.0,100040.0
2025-03-20 01:00:00,24.2665798676635,22.8874038004985,0.0,1.9048809523809522,13.4,90,97,1.9,220,14.6,15.9,15.5,0.0,0.0,0.0,11.0,94.0,0.0,0.0,0.0,192.0,0.0,100000.0
2025-03-20 02:00:00,24.4930410455066,23.1220366777632,0.0,1.9026190476190474,14.0,83,93,4.3,186,14.1,15.8,15.5,0.0,0.0,0.0,11.0,95.0,0.0,0.0,0.0,108.0,0.0,99930.0
2025-03-20 03:00:00,24.6271097646568,22.8120943226419,0.0,1.9003571428571426,16.6,43,90,11.8,184,13.8,15.7,15.5,0.0,0.0,0.08,11.0,96.0,0.0,0.0,1.0,349.0,0.0,99870.0
2025-03-20 04:00:00,24.5907155573281,23.2510656244752,0.0,1.898095238095238,21.6,22,97,25.2,186,14.4,15.6,15.5,0.0,0.0,0.25,14.0,70.0,0.0,0.0,4.0,312.0,0.0,99780.0
2025-03-20 05:00:00,24.4793383897706,23.1224609660656,0.0,1.8958333333333333,22.3,20,100,27.3,186,15.3,15.5,15.5,0.0,0.0,0.27,18.0,43.0,0.0,0.0,3.0,288.0,0.0,99760.0
2025-03-20 06:00:00,24.6049779327441,23.0224112178481,0.0,1.8935714285714285,22.0,20,97,20.6,187,15.9,15.6,15.5,0.0,0.0,0.22,20.0,33.0,0.0,0.0,3.0,295.0,0.0,99870.0
2025-03-20 07:00:00,24.6094184813324,22.9795966314471,0.0,1.8913095238095237,18.5,41,99,4.6,212,15.6,15.6,15.5,0.0,0.0,0.05,22.0,26.0,0.0,0.0,3.0,249.0,0.0,100010.0
2025-03-20 08:00:00,24.6626446773263,22.8673135204322,0.0,1.8890476190476189,19.6,47,88,5.8,276,16.1,15.6,15.5,0.0,0.0,0.12,15.0,88.0,6051.0,0.0,2.0,90.0,0.0,100150.0
2025-03-20 09:00:00,24.4723026608846,22.7186601047276,0.0,1.886785714285714,22.1,48,87,2.4,274,17.5,15.7,15.5,0.0,0.0,0.24,17.0,77.0,21446.0,1.0,2.0,70.0,0.0,100310.0
2025-03-20 10:00:00,24.3988621073354,22.7316590262259,0.0,1.8845238095238095,24.2,42,49,4.5,355,19.3,15.8,15.5,0.0,0.0,0.38,21.0,55.0,48703.0,3.0,2.0,150.0,0.0,100380.0
2025-03-20 11:00:00,24.3344638181547,22.92025364298,0.0,1.8822619047619047,24.8,44,15,9.7,357,20.9,16.1,15.5,0.0,0.0,0.5,23.0,51.0,67431.0,5.0,1.0,56.0,0.0,100360.0
2025-03-20 12:00:00,24.384127960775,22.6742483628047,0.0,1.88,24.5,49,11,13.0,357,22.1,16.4,15.5,0.0,0.0,0.54,24.0,45.0,83296.0,6.0,0.0,42.0,0.0,100320.0
2025-03-20 13:00:00,24.3890209220076,22.5847582186213,0.0,1.8801785714285713,23.0,48,0,14.9,25,22.3,16.6,15.5,0.0,0.0,0.53,24.0,48.0,90574.0,7.0,4.0,12.0,0.0,100250.0
2025-03-20 14:00:00,24.2625056512333,22.4081384271116,0.0,1.8803571428571428,22.3,53,2,15.2,50,22.7,16.9,15.5,0.0,0.0,0.49,22.0,60.0,86741.0,6.0,4.0,42.0,0.0,100150.0
2025-03-20 15:00:00,23.9100833374473,22.0564967330548,0.0,1.8805357142857142,21.8,55,0,13.4,52,22.7,17.2,15.6,0.0,0.0,0.42,22.0,60.0,74716.0,6.0,4.0,8.0,0.0,100050.0
2025-03-20 16:00:00,24.1219278158545,22.2089539581772,0.0,1.8807142857142856,21.5,55,1,14.6,61,22.3,17.5,15.6,0.0,0.0,0.33,22.0,54.0,55775.0,3.0,3.0,48.0,0.0,100000.0
2025-03-20 17:00:00,24.2405432773933,22.2184530544798,0.0,1.8808928571428571,20.5,59,32,13.0,56,21.5,17.8,15.6,0.0,0.0,0.21,22.0,53.0,32865.0,2.0,4.0,84.0,0.0,99890.0
2025-03-20 18:00:00,24.1254471981259,22.267120967081,0.0,1.8810714285714285,17.9,71,82,11.5,51,20.3,17.9,15.6,0.0,0.0,0.08,22.0,44.0,13489.0,0.0,4.0,54.0,0.0,99830.0
2025-03-20 19:00:00,24.0311717228224,21.9396306775683,0.0,1.8812499999999999,15.6,80,88,10.6,53,18.8,17.9,15.6,0.0,0.0,0.04,21.0,47.0,2330.0,0.0,3.0,60.0,0.0,99780.0
2025-03-20 20:00:00,24.0891369630437,21.919871991135,0.0,1.8814285714285712,14.3,85,54,5.2,15,17.6,17.9,15.6,0.0,0.0,0.0,16.0,87.0,0.0,0.0,4.0,0.0,0.0,99790.0
2025-03-20 21:00:00,23.8906795591558,21.9530828581616,0.0,1.8816071428571428,13.6,79,9,15.5,286,16.6,17.8,15.6,0.0,0.0,0.02,15.0,94.0,0.0,0.0,3.0,347.0,0.0,99870.0
2025-03-20 22:00:00,24.0312778885206,21.9820109569167,0.0,1.8817857142857142,13.8,79,7,12.7,228,16.0,17.7,15.6,0.0,0.0,0.02,15.0,92.0,0.0,0.0,1.0,222.0,0.0,100090.0
2025-03-20 23:00:00,24.1955837475462,21.9055729447601,0.0,1.8819642857142855,15.1,70,18,12.3,224,15.7,17.5,15.7,0.0,0.0,0.03,14.0,90.0,0.0,0.0,1.0,309.0,0.0,100180.0
2025-03-21 00:00:00,24.0082430435953,21.9768751928302,0.0,1.8821428571428571,13.8,75,1,6.3,261,15.2,17.4,15.7,0.0,0.0,0.01,15.0,78.0,0.0,0.0,0.0,198.0,0.0,100180.0
2025-03-21 01:00:00,23.9177307716917,21.952598528406,0.0,1.8823214285714285,13.8,70,1,2.7,273,15.1,17.3,15.7,0.0,0.0,0.0,14.0,85.0,0.0,0.0,0.0,276.0,0.0,100170.0
2025-03-21 02:00:00,24.1946993327134,21.7721311380385,0.0,1.8824999999999998,13.9,69,1,0.3,348,14.5,17.1,15.7,0.0,0.0,0.0,13.0,84.0,0.0,0.0,0.0,186.0,0.0,100180.0
2025-03-21 03:00:00,24.0317718902262,22.0306505335048,0.0,1.8826785714285714,13.9,64,12,0.7,105,14.0,16.9,15.7,0.0,0.0,0.0,13.0,80.0,0.0,0.0,0.0,216.0,0.0,100190.0
2025-03-21 04:00:00,24.0656182320271,21.8408852710339,0.0,1.8828571428571428,12.8,72,93,4.8,216,13.6,16.7,15.7,0.0,0.0,0.0,13.0,85.0,0.0,0.0,1.0,120.0,0.0,100230.0
2025-03-21 05:00:00,24.2016458646478,21.8932352985491,0.0,1.8830357142857141,14.2,79,92,1.2,267,13.9,16.5,15.7,0.9,0.9,0.0,14.0,91.0,0.0,0.0,0.0,114.0,0.0,100280.0
2025-03-21 06:00:00,24.0056279730206,21.8213344491922,0.0,1.8832142857142855,14.4,81,100,1.3,336,14.0,16.3,15.7,0.1,0.1,0.0,14.0,92.0,0.0,0.0,2.0,115.0,0.0,100350.0
2025-03-21 07:00:00,24.0100687179588,21.6912082345106,0.0,1.883392857142857,14.5,89,93,1.7,9,14.3,16.2,15.7,0.0,0.0,0.02,14.0,92.0,0.0,0.0,1.0,97.0,0.0,100510.0
2025-03-21 08:00:00,23.7800249583008,21.7948491128627,0.0,1.8835714285714285,15.8,85,74,6.9,135,14.9,16.1,15.7,0.1,0.1,0.06,15.0,87.0,2764.0,0.0,0.0,170.0,0.0,100610.0
2025-03-21 09:00:00,23.8833229225435,21.7623785482391,0.0,1.8837499999999998,17.1,78,52,1.9,319,16.1,16.1,15.7,0.2,0.2,0.16,16.0,90.0,15455.0,1.0,2.0,192.0,0.0,100630.0
2025-03-21 10:00:00,23.8399079323423,21.8086188868859,0.0,1.8839285714285714,18.5,69,17,2.9,281,17.5,16.1,15.7,0.1,0.1,0.28,18.0,78.0,54040.0,4.0,3.0,305.0,0.0,100690.0
2025-03-21 11:00:00,23.9890692573853,21.7308991510229,0.0,1.8841071428571428,20.2,53,8,7.3,287,19.1,16.2,15.7,0.0,0.0,0.41,20.0,39.0,74876.0,5.0,3.0,305.0,0.0,100630.0
2025-03-21 12:00:00,23.8541781624765,21.5085768977232,0.0,1.8842857142857141,21.5,42,54,5.5,277,20.7,16.5,15.7,0.0,0.0,0.5,20.0,44.0,88904.0,8.0,4.0,6.0,0.0,100600.0
2025-03-21 13:00:00,23.8037733501603,21.5447180478481,0.0,1.8844642857142857,21.0,56,91,11.4,349,21.9,16.9,15.7,0.0,0.0,0.49,20.0,48.0,93569.0,7.0,4.0,336.0,0.0,100580.0
2025-03-21 14:00:00,23.6725629823212,21.4865363384508,0.0,1.884642857142857,20.0,62,95,15.3,21,22.0,17.2,15.8,0.2,0.2,0.43,19.0,55.0,82891.0,7.0,3.0,43.0,0.0,100560.0
2025-03-21 15:00:00,23.5734663900053,21.2178942243822,0.0,1.8848214285714284,18.4,64,80,18.3,37,21.7,17.5,15.8,0.0,0.0,0.34,19.0,54.0,67000.0,5.0,5.0,48.0,0.0,100480.0
2025-03-21 16:00:00,23.5909470929974,21.312035061111,0.0,1.885,17.8,63,23,14.5,56,21.2,17.7,15.8,0.0,0.0,0.27,19.0,54.0,46193.0,3.0,4.0,33.0,0.0,100490.0
2025-03-21 17:00:00,23.7157646671637,21.3270146160738,0.0,1.8851785714285714,17.9,62,39,8.7,66,20.4,17.8,15.8,0.0,0.0,0.18,18.0,55.0,25072.0,1.0,3.0,58.0,0.0,100460.0
2025-03-21 18:00:00,23.6790291464233,21.0814062959277,0.0,1.8853571428571427,16.2,72,87,4.9,72,19.2,17.9,15.8,0.0,0.0,0.06,18.0,57.0,9320.0,1.0,2.0,64.0,0.0,100450.0
2025-03-21 19:00:00,23.6531646666526,21.1074636648181,0.0,1.885535714285714,14.8,75,74,1.5,68,17.7,17.9,15.8,0.0,0.0,0.02,16.0,65.0,589.0,0.0,1.0,24.0,0.0,100400.0
2025-03-21 20:00:00,23.4379199833184,21.1671578825316,0.0,1.8857142857142857,14.4,77,98,0.6,24,16.6,17.8,15.8,0.0,0.0,0.0,14.0,69.0,0.0,0.0,0.0,60.0,0.0,100460.0
2025-03-21 21:00:00,23.4393152741095,20.9872591290079,0.0,1.885892857142857,14.4,77,83,0.4,8,15.9,17.7,15.8,0.0,0.0,0.0,13.0,74.0,0.0,0.0,0.0,140.0,0.0,100490.0
2025-03-21 22:00:00,23.6316377147235,21.0281290121685,0.0,1.8860714285714284,13.8,79,84,0.3,326,15.1,17.5,15.8,0.0,0.0,0.0,12.0,77.0,0.0,0.0,1.0,174.0,0.0,100510.0
2025-03-21 23:00:00,23.4588068446827,20.9964778519656,0.0,1.88625,13.3,79,99,3.0,223,14.7,17.3,15.8,0.0,0.0,0.0,12.0,76.0,0.0,0.0,0.0,167.0,0.0,100480.0
2025-03-22 00:00:00,23.5069662698729,20.9933359002882,0.0,1.8864285714285713,12.8,76,95,4.3,229,14.3,17.1,15.9,0.0,0.0,0.0,11.0,81.0,0.0,0.0,0.0,348.0,0.0,100470.0
2025-03-22 01:00:00,23.5610692555173,20.9735706810069,0.0,1.8866071428571427,12.4,77,40,3.5,194,13.9,16.9,15.9,0.0,0.0,0.0,10.0,83.0,0.0,0.0,2.0,162.0,0.0,100400.0
2025-03-22 02:00:00,23.4904257354814,21.0098183140313,0.0,1.8867857142857143,11.9,75,9,5.8,215,13.4,16.7,15.9,0.0,0.0,0.0,10.0,82.0,0.0,0.0,0.0,178.0,0.0,100360.0
2025-03-22 03:00:00,23.244059182093,21.0607914239095,0.0,1.8869642857142856,13.3,68,76,13.3,224,13.3,16.4,15.9,0.0,0.0,0.04,10.0,83.0,0.0,0.0,0.0,358.0,0.0,100290.0
2025-03-22 04:00:00,23.5293386203596,20.868845922947,0.0,1.887142857142857,14.3,65,79,15.9,224,13.5,16.3,15.9,0.0,0.0,0.05,8.0,86.0,0.0,0.0,1.0,186.0,0.0,100250.0
2025-03-22 05:00:00,23.4389904173087,20.8074188012008,0.0,1.8873214285714284,14.1,66,33,14.3,222,13.6,16.1,15.9,0.0,0.0,0.04,10.0,80.0,0.0,0.0,0.0,192.0,0.0,100250.0
2025-03-22 06:00:00,23.4273354652666,21.063557606914,0.0,1.8875,13.6,70,30,13.5,223,13.6,15.9,15.9,0.0,0.0,0.04,12.0,75.0,0.0,0.0,1.0,288.0,0.0,100260.0
2025-03-22 07:00:00,23.5608278318687,21.1154954686867,0.0,1.8876785714285713,14.6,66,44,17.4,221,13.7,15.8,15.9,0.0,0.0,0.07,13.0,68.0,667.0,0.0,2.0,246.0,0.0,100260.0
2025-03-22 08:00:00,23.5028370449717,20.8767138753666,0.0,1.8878571428571427,17.0,59,100,14.4,249,14.6,15.7,15.9,0.0,0.0,0.13,15.0,62.0,12125.0,0.0,3.0,246.0,0.0,100370.0
2025-03-22 09:00:00,23.5422448255755,20.89189633427455,0.0,1.8880357142857143,14.7,74,100,16.1,304,15.0,15.7,15.9,0.1,0.1,0.11,17.0,71.0,19702.0,1.0,5.0,318.0,0.0,100480.0
2025-03-22 10:00:00,23.6279155166879,20.9070787931825,0.0,1.8882142857142856,14.8,73,100,8.4,282,15.4,15.6,15.9,0.2,0.2,0.12,12.0,83.0,10509.0,1.0,9.0,347.0,0.0,100620.0
2025-03-22 11:00:00,23.3847882679632,20.7780567648142,0.0,1.888392857142857,15.7,67,100,9.4,267,16.1,15.7,15.9,0.1,0.1,0.2,13.0,76.0,10140.0,1.0,4.0,228.0,0.0,100680.0
2025-03-22 12:00:00,23.3249118228726,20.7256638862342,0.0,1.8885714285714286,15.9,64,100,9.9,281,16.4,15.7,15.9,0.0,0.0,0.16,14.0,74.0,34244.0,3.0,3.0,204.0,0.0,100620.0
2025-03-22 13:00:00,23.5838782053051,20.7990772498493,0.0,1.88875,16.3,63,100,9.4,292,16.6,15.7,15.9,0.1,0.1,0.2,16.0,65.0,62186.0,5.0,1.0,243.0,0.0,100550.0
2025-03-22 14:00:00,23.4156422324356,20.6409100415115,0.0,1.8889285714285713,16.6,62,100,7.5,289,16.8,15.7,15.9,0.1,0.1,0.17,16.0,65.0,22296.0,1.0,2.0,1.0,0.0,100440.0
2025-03-22 15:00:00,23.4336349869412,20.7973931689106,0.0,1.8891071428571427,17.5,56,100,9.5,297,17.6,15.8,15.9,0.0,0.0,0.25,16.0,66.0,15047.0,1.0,2.0,8.0,0.0,100340.0
2025-03-22 16:00:00,23.3301190824476,20.5845937489708,0.0,1.8892857142857142,15.7,64,100,11.3,331,17.1,15.9,15.9,0.2,0.2,0.12,16.0,64.0,11197.0,1.0,3.0,338.0,0.0,100330.0
2025-03-22 17:00:00,23.414392809201,20.5219322686706,0.0,1.8894642857142856,15.9,62,100,7.0,312,16.6,16.0,15.9,0.0,0.0,0.09,15.0,65.0,8712.0,0.0,4.0,323.0,0.0,100300.0
2025-03-22 18:00:00,23.3116380379309,20.6005847285062,0.0,1.889642857142857,15.3,73,81,2.0,301,16.2,16.0,15.9,0.0,0.0,0.04,15.0,66.0,6665.0,0.0,2.0,349.0,0.0,100310.0
2025-03-22 19:00:00,23.3680270328444,20.4671484843824,0.0,1.8898214285714285,14.3,69,44,1.1,269,15.4,16.0,15.9,0.0,0.0,0.02,15.0,67.0,119.0,0.0,0.0,348.0,0.0,100370.0
2025-03-22 20:00:00,23.3009020496595,20.42079723017,0.0,1.89,13.0,72,100,3.1,256,14.6,15.9,15.9,0.0,0.0,0.0,14.0,69.0,0.0,0.0,1.0,346.0,0.0,100410.0
2025-03-22 21:00:00,23.3838777805748,20.5754389288166,0.0,1.8901785714285713,13.6,71,98,7.4,216,14.4,15.8,15.9,0.0,0.0,0.01,14.0,69.0,0.0,0.0,1.0,198.0,0.0,100480.0
2025-03-22 22:00:00,23.3691580336558,20.5679748450453,0.0,1.8903571428571428,13.1,76,88,9.6,219,14.1,15.7,15.9,0.1,0.1,0.01,14.0,70.0,0.0,0.0,1.0,204.0,0.0,100470.0
2025-03-22 23:00:00,23.150344051107,20.4486727891954,0.0,1.8905357142857142,12.7,78,48,12.8,217,13.8,15.6,15.9,0.0,0.0,0.02,14.0,73.0,0.0,0.0,1.0,290.0,0.0,100490.0
2025-03-23 00:00:00,23.2368882419086,20.5618793472761,0.0,1.8907142857142856,11.8,80,42,10.6,219,13.4,15.5,15.9,0.0,0.0,0.01,13.0,75.0,0.0,0.0,0.0,198.0,0.0,100430.0
2025-03-23 01:00:00,23.3616765539734,20.4816245683617,0.0,1.8908928571428572,11.6,79,29,6.1,217,13.6,15.4,15.9,0.0,0.0,0.0,12.0,77.0,0.0,0.0,1.0,347.0,0.0,100400.0
2025-03-23 02:00:00,23.3407165352329,20.4938607225676,0.0,1.8910714285714285,10.6,82,35,6.7,223,12.9,15.3,15.9,0.0,0.0,0.0,11.0,78.0,0.0,0.0,2.0,222.0,0.0,100320.0
2025-03-23 03:00:00,23.2291620395979,20.4902946184256,0.0,1.8912499999999999,11.0,74,33,11.8,223,12.4,15.1,15.9,0.0,0.0,0.02,10.0,82.0,0.0,0.0,0.0,228.0,0.0,100270.0
2025-03-23 04:00:00,23.3459399714782,20.3893307497728,0.0,1.8914285714285712,10.7,70,64,14.0,220,12.1,15.0,15.9,0.0,0.0,0.03,10.0,75.0,0.0,0.0,2.0,246.0,0.0,100210.0
2025-03-23 05:00:00,23.2614394216787,20.2420325460749,0.0,1.8916071428571428,10.5,71,83,13.8,217,11.8,14.8,15.8,0.0,0.0,0.03,9.0,78.0,0.0,0.0,2.0,264.0,0.0,100190.0
2025-03-23 06:00:00,23.25279909789,20.3721781466972,0.0,1.8917857142857142,10.2,73,0,11.4,210,11.6,14.6,15.8,0.0,0.0,0.02,9.0,78.0,0.0,0.0,1.0,258.0,0.0,100160.0
2025-03-23 07:00:00,23.2355671665801,20.542212515166,0.0,1.8919642857142855,10.8,73,2,11.8,208,11.5,14.5,15.8,0.0,0.0,0.04,8.0,79.0,1879.0,0.0,0.0,204.0,0.0,100180.0
2025-03-23 08:00:00,23.0892940171764,20.5795739378754,0.0,1.8921428571428571,13.3,65,8,15.1,206,12.3,14.4,15.8,0.0,0.0,0.12,11.0,74.0,12784.0,1.0,2.0,270.0,0.0,100200.0
2025-03-23 09:00:00,23.2427998391138,20.620180211264,0.0,1.8923214285714285,15.7,53,1,19.5,218,13.7,14.3,15.8,0.0,0.0,0.24,14.0,62.0,35334.0,2.0,2.0,264.0,0.0,100200.0
2025-03-23 10:00:00,23.3264998091848,20.2806123606138,0.0,1.8924999999999998,17.1,47,1,21.3,228,15.3,14.4,15.8,0.0,0.0,0.35,16.0,48.0,61764.0,4.0,4.0,264.0,0.0,100190.0
2025-03-23 11:00:00,23.0685259899298,20.4780170820272,0.0,1.8926785714285714,18.5,42,48,23.1,233,16.9,14.5,15.8,0.0,0.0,0.44,18.0,42.0,82688.0,5.0,4.0,252.0,0.0,100130.0
2025-03-23 12:00:00,22.8008374803435,20.4118601380371,0.0,1.8928571428571428,19.8,39,23,22.5,229,18.2,14.7,15.8,0.0,0.0,0.48,18.0,41.0,58283.0,4.0,4.5,245.0,0.0,100090.0
2025-03-23 13:00:00,23.0977285827415,20.0864808230608,0.0,1.8930357142857142,20.0,37,91,29.1,238,19.0,15.0,15.8,0.0,0.0,0.5,18.0,40.0,33878.0,3.0,5.0,238.0,0.0,100050.0
2025-03-23 14:00:00,22.7722162948345,20.1909128091322,0.0,1.8932142857142855,19.3,39,56,20.0,247,19.0,15.2,15.8,0.0,0.0,0.35,20.0,37.0,95698.0,7.0,5.0,286.0,0.0,99940.0
2025-03-23 15:00:00,22.7016195581883,19.9651963670765,0.0,1.893392857142857,18.3,45,91,31.5,253,19.1,15.5,15.8,0.9,0.9,0.39,20.0,36.0,36784.0,3.0,7.0,238.0,0.0,99880.0
2025-03-23 16:00:00,22.6710580852028,20.1237616906125,0.0,1.8935714285714285,15.9,61,56,13.4,301,17.7,15.6,15.8,0.2,0.2,0.15,20.0,37.0,35507.0,3.0,8.0,282.0,0.0,99830.0
2025-03-23 17:00:00,22.9504097976557,20.1376162879986,0.0,1.8937499999999998,15.3,67,50,11.9,328,17.1,15.7,15.8,0.0,0.0,0.13,14.0,85.0,8159.0,1.0,3.0,24.0,0.0,99910.0
2025-03-23 18:00:00,22.6812366630961,20.0638863911122,0.0,1.8939285714285714,12.3,83,72,7.5,297,16.2,15.8,15.8,0.1,0.1,0.04,14.0,82.0,7996.0,0.0,1.0,48.0,0.0,99910.0
2025-03-23 19:00:00,22.5630066504367,19.9740674536844,0.0,1.8941071428571428,11.7,85,81,12.2,261,15.1,15.8,15.8,0.8,0.8,0.03,14.0,79.0,2683.0,0.0,2.0,54.0,0.0,99980.0
2025-03-23 20:00:00,22.6498673525714,19.8712272114984,0.0,1.8942857142857141,11.4,88,51,14.2,224,14.0,15.7,15.8,0.1,0.1,0.01,13.0,87.0,0.0,0.0,3.0,18.0,2.0,100080.0
2025-03-23 21:00:00,22.6473877628478,19.8012938660529,0.0,1.8944642857142857,11.0,85,41,14.9,217,13.2,15.6,15.8,0.1,0.1,0.01,12.0,89.0,0.0,0.0,2.0,217.0,15.0,100210.0
2025-03-23 22:00:00,22.6688052601729,19.9821354360208,0.0,1.894642857142857,10.5,83,48,9.4,228,12.5,15.4,15.8,0.0,0.0,0.0,12.0,86.0,0.0,0.0,2.0,234.0,0.0,100330.0
2025-03-23 23:00:00,22.7048948391326,19.7548620206778,0.0,1.8948214285714284,10.4,82,45,9.5,236,12.0,15.2,15.8,0.0,0.0,0.01,12.0,85.0,0.0,0.0,1.0,234.0,0.0,100410.0
2025-03-24 00:00:00,22.5673322280457,19.9430763160012,0.0,1.895,10.0,82,17,9.6,236,11.7,15.0,15.8,0.0,0.0,0.01,11.0,85.0,0.0,0.0,2.0,240.0,0.0,100460.0
2025-03-24 01:00:00,22.6459078698935,19.942597559239,0.0,1.8951785714285714,10.0,81,12,14.1,224,12.0,14.8,15.8,0.0,0.0,0.01,10.0,86.0,0.0,0.0,0.0,294.0,0.0,100470.0
2025-03-24 02:00:00,22.8968735561285,19.643501672072,0.0,1.8953571428571427,9.7,80,3,14.0,216,11.4,14.6,15.8,0.0,0.0,0.02,9.0,86.0,0.0,0.0,0.0,264.0,0.0,100470.0
2025-03-24 03:00:00,22.5915917883718,19.8875430286976,0.0,1.895535714285714,9.6,78,1,15.1,219,11.1,14.4,15.8,0.0,0.0,0.02,9.0,84.0,0.0,0.0,2.0,246.0,0.0,100450.0
2025-03-24 04:00:00,22.5822205100503,19.8181405413713,0.0,1.8957142857142857,9.3,77,4,14.9,218,10.8,14.2,15.7,0.0,0.0,0.02,9.0,86.0,0.0,0.0,1.0,294.0,0.0,100430.0
2025-03-24 05:00:00,22.4547099724661,19.8621269410209,0.0,1.895892857142857,9.1,78,4,13.3,220,10.6,14.0,15.7,0.0,0.0,0.02,8.0,86.0,0.0,0.0,2.0,246.0,0.0,100430.0
2025-03-24 06:00:00,22.6105053924464,19.9061430757231,0.0,1.8960714285714284,9.0,79,2,12.1,216,10.4,13.9,15.7,0.0,0.0,0.01,8.0,83.0,0.0,0.0,2.0,234.0,0.0,100490.0
2025-03-24 07:00:00,22.6044631308022,20.0221280471015,0.0,1.89625,10.0,75,9,12.7,215,10.5,13.7,15.7,0.0,0.0,0.04,8.0,85.0,0.0,0.0,2.0,264.0,0.0,100570.0
2025-03-24 08:00:00,22.791490578345,19.7821610496239,0.0,1.8964285714285714,12.2,68,15,13.1,215,11.4,13.5,15.7,0.0,0.0,0.11,8.0,86.0,3539.0,0.0,0.0,198.0,0.0,100620.0
2025-03-24 09:00:00,22.7413098446856,19.7715596505507,0.0,1.8966071428571427,13.9,60,9,14.9,231,12.8,13.5,15.7,0.0,0.0,0.2,10.0,82.0,11870.0,0.0,2.0,276.0,0.0,100670.0
2025-03-24 10:00:00,22.5989194897827,19.6282192767551,0.0,1.8967857142857143,15.4,51,16,15.1,243,14.3,13.6,15.7,0.0,0.0,0.31,13.0,73.0,45805.0,3.0,4.0,294.0,0.0,100720.0
2025-03-24 11:00:00,22.5201231291541,19.6822330227853,0.0,1.8969642857142857,16.5,46,2,14.5,264,15.8,13.7,15.7,0.0,0.0,0.39,16.0,60.0,69008.0,6.0,3.0,293.0,0.0,100720.0
2025-03-24 12:00:00,22.5909747591196,19.759310273773,0.0,1.897142857142857,17.4,44,8,13.6,291,17.3,13.9,15.7,0.0,0.0,0.46,16.0,46.0,86808.0,6.0,4.0,250.0,0.0,100670.0
2025-03-24 13:00:00,22.3428425710568,19.5466944094646,0.0,1.8973214285714284,17.5,43,51,10.6,307,18.5,14.2,15.6,0.1,0.1,0.46,17.0,42.0,121272.0,8.0,2.0,8.0,0.0,100660.0
2025-03-24 14:00:00,22.5670713318895,19.7388209417612,0.0,1.8975,17.0,45,57,12.0,330,18.6,14.5,15.6,0.0,0.0,0.36,17.0,55.0,96908.0,8.0,4.0,11.0,0.0,100640.0
2025-03-24 15:00:00,22.4229289332311,19.646135728381,0.0,1.8976785714285713,16.2,50,55,12.0,328,18.4,14.8,15.6,0.0,0.0,0.29,17.0,58.0,85052.0,7.0,3.0,342.0,0.0,100620.0
2025-03-24 16:00:00,22.3252001997729,19.5521650780205,0.0,1.8978571428571427,16.0,51,47,8.5,329,18.1,15.0,15.6,0.0,0.0,0.23,17.0,52.0,68515.0,4.0,6.0,354.0,0.0,100600.0
2025-03-24 17:00:00,22.3850540627427,19.3428034459354,0.0,1.8980357142857143,15.5,52,29,5.4,347,17.5,15.2,15.6,0.0,0.0,0.15,16.0,57.0,44495.0,2.0,2.0,13.0,0.0,100610.0
2025-03-24 18:00:00,22.2817038507334,19.4671885235116,0.0,1.8982142857142856,14.0,68,4,2.2,2,16.5,15.3,15.6,0.0,0.0,0.05,16.0,52.0,9752.0,1.0,5.0,334.0,0.0,100650.0
2025-03-24 19:00:00,22.1343456608406,19.2469619151337,0.0,1.898392857142857,12.4,68,15,0.9,352,15.0,15.4,15.6,0.0,0.0,0.01,15.0,61.0,4020.0,0.0,1.0,37.0,0.0,100690.0
2025-03-24 20:00:00,22.1699986111561,19.4709749581238,0.0,1.8985714285714286,11.3,71,21,3.9,157,13.8,15.3,15.6,0.0,0.0,0.0,13.0,68.0,0.0,0.0,1.0,12.0,0.0,100760.0
2025-03-24 21:00:00,22.3462257718661,19.3279328740678,0.0,1.89875,10.6,74,35,4.9,192,13.1,15.2,15.6,0.0,0.0,0.0,12.0,73.0,0.0,0.0,2.0,144.0,0.0,100840.0
2025-03-24 22:00:00,22.1813331013789,19.4346710370828,0.0,1.8989285714285713,9.9,77,51,6.5,211,12.5,15.0,15.6,0.0,0.0,0.0,11.0,78.0,0.0,0.0,0.0,174.0,0.0,100900.0
2025-03-24 23:00:00,22.2471217752966,19.6008801553414,0.0,1.8991071428571427,10.0,74,32,7.0,230,12.1,14.9,15.6,0.0,0.0,0.01,11.0,77.0,0.0,0.0,2.0,164.0,0.0,100910.0
2025-03-25 00:00:00,22.2316786190752,19.1324679280705,0.0,1.8992857142857142,10.0,73,51,6.5,220,11.8,14.7,15.6,0.0,0.0,0.01,11.0,79.0,0.0,0.0,0.0,228.0,0.0,100920.0
2025-03-25 01:00:00,22.1514234321814,19.3489723825922,0.0,1.8994642857142856,10.8,73,67,7.0,214,12.6,14.7,15.6,0.0,0.0,0.01,11.0,80.0,0.0,0.0,0.0,240.0,0.0,100900.0
2025-03-25 02:00:00,22.3992928910858,19.4928337154491,0.0,1.899642857142857,10.0,77,44,6.0,211,12.1,14.5,15.6,0.0,0.0,0.0,11.0,78.0,0.0,0.0,0.0,270.0,0.0,100860.0
2025-03-25 03:00:00,22.1672979266508,19.3921282618456,0.0,1.8998214285714285,9.6,78,45,3.6,234,11.5,14.4,15.6,0.0,0.0,0.0,12.0,78.0,0.0,0.0,0.0,216.0,0.0,100820.0
2025-03-25 04:00:00,22.1487265637795,19.2847478067187,0.0,1.9,9.7,77,43,2.9,242,11.1,14.2,15.6,0.0,0.0,0.0,11.0,82.0,0.0,0.0,0.0,192.0,0.0,100780.0
2025-03-25 05:00:00,22.104548148866,19.3371197906596,0.0,1.9001785714285713,8.7,81,10,4.7,254,10.7,14.0,15.6,0.0,0.0,0.0,10.0,85.0,0.0,0.0,0.0,192.0,0.0,100770.0
2025-03-25 06:00:00,22.1595274303159,19.273956081802,0.0,1.9003571428571429,8.2,84,4,7.2,241,10.4,13.9,15.6,0.0,0.0,0.0,11.0,76.0,0.0,0.0,0.0,228.0,0.0,100790.0
2025-03-25 07:00:00,22.165554357357,19.2123537415549,0.0,1.9005357142857142,9.2,82,2,9.7,239,10.5,13.7,15.6,0.0,0.0,0.03,9.0,84.0,0.0,0.0,0.0,198.0,0.0,100820.0
2025-03-25 08:00:00,22.2797381289569,19.3466232451074,0.0,1.9007142857142856,12.5,73,1,9.0,234,11.5,13.5,15.6,0.0,0.0,0.1,9.0,84.0,4810.0,0.0,0.0,240.0,0.0,100870.0
2025-03-25 09:00:00,22.2638658921783,19.1830243846244,0.0,1.9008928571428572,14.7,63,1,11.1,239,13.1,13.5,15.5,0.0,0.0,0.21,12.0,73.0,21084.0,1.0,4.0,276.0,0.0,100910.0
2025-03-25 10:00:00,22.1094301916597,19.1460971816491,0.0,1.9010714285714285,16.1,57,30,9.0,260,14.9,13.6,15.5,0.0,0.0,0.32,14.0,65.0,49342.0,3.0,2.0,252.0,0.0,100940.0
2025-03-25 11:00:00,22.1002095825004,19.186775912293,0.0,1.9012499999999999,17.1,52,13,7.0,282,16.5,13.8,15.5,0.0,0.0,0.38,16.0,55.0,72872.0,7.0,2.0,182.0,0.0,100960.0
2025-03-25 12:00:00,21.9717147341219,19.0591541550051,0.0,1.9014285714285712,18.1,46,37,6.7,297,18.0,14.0,15.5,0.0,0.0,0.45,16.0,50.0,98365.0,8.0,1.0,341.0,0.0,100950.0
2025-03-25 13:00:00,21.9767315985462,19.1560249383364,0.0,1.9016071428571428,18.8,40,99,7.8,343,18.9,14.2,15.5,0.0,0.0,0.4,17.0,51.0,30166.0,3.0,0.0,343.0,0.0,100910.0
2025-03-25 14:00:00,21.9495278777396,19.0163145894308,0.0,1.9017857142857142,17.4,52,24,14.0,7,18.7,14.5,15.5,0.0,0.0,0.28,19.0,46.0,94068.0,7.0,4.0,37.0,0.0,100850.0
2025-03-25 15:00:00,21.839265943498,18.861266916684,0.0,1.9019642857142856,17.2,54,23,13.5,7,19.0,14.8,15.5,0.0,0.0,0.36,17.0,54.0,21584.0,2.0,4.0,355.0,0.0,100820.0
2025-03-25 16:00:00,22.070062496553,18.9237390510233,0.0,1.9021428571428571,16.9,54,10,9.8,4,18.8,15.1,15.5,0.0,0.0,0.27,17.0,59.0,73412.0,5.0,5.0,42.0,0.0,100820.0
2025-03-25 17:00:00,21.779605062288,18.8785728122013,0.0,1.9023214285714285,16.4,55,8,9.4,9,18.1,15.3,15.5,0.0,0.0,0.18,16.0,63.0,15933.0,1.0,2.0,355.0,0.0,100830.0
2025-03-25 18:00:00,21.9820157989736,18.9078352696976,0.0,1.9024999999999999,14.4,72,1,4.5,51,17.0,15.4,15.5,0.0,0.0,0.06,17.0,62.0,19582.0,1.0,3.0,48.0,0.0,100850.0
2025-03-25 19:00:00,21.6760450551569,18.7201996620547,0.0,1.9026785714285714,12.7,76,0,1.8,63,15.4,15.5,15.5,0.0,0.0,0.02,15.0,66.0,2917.0,0.0,2.0,42.0,0.0,100900.0
2025-03-25 20:00:00,21.8087072688678,18.7785735907038,0.0,1.9028571428571428,11.9,77,4,1.6,105,14.2,15.4,15.5,0.0,0.0,0.0,13.0,75.0,0.0,0.0,0.0,126.0,0.0,100950.0
2025-03-25 21:00:00,21.8313172512448,18.7947344828415,0.0,1.9030357142857142,10.9,79,13,3.6,178,13.2,15.3,15.5,0.0,0.0,0.0,11.0,83.0,0.0,0.0,0.0,180.0,0.0,101010.0
2025-03-25 22:00:00,21.6868164117568,18.7070569691124,0.0,1.9032142857142855,10.3,79,12,4.7,187,12.6,15.2,15.5,0.0,0.0,0.0,10.0,85.0,0.0,0.0,0.0,175.0,0.0,101060.0
2025-03-25 23:00:00,21.7872133243833,18.8241046267773,0.0,1.903392857142857,9.9,79,15,5.2,203,12.1,15.0,15.5,0.0,0.0,0.0,9.0,87.0,0.0,0.0,1.0,178.0,0.0,101070.0
2025-03-26 00:00:00,21.6852311929962,18.5832162054107,0.0,1.9035714285714285,9.9,79,29,5.9,209,11.8,14.8,15.5,0.0,0.0,0.0,9.0,86.0,0.0,0.0,2.0,168.0,0.0,101080.0
2025-03-26 01:00:00,21.6369188737371,18.9091075272951,0.0,1.9037499999999998,10.5,77,17,5.9,227,12.2,14.6,15.5,0.0,0.0,0.0,10.0,82.0,0.0,0.0,1.0,178.0,0.0,101050.0
2025-03-26 02:00:00,21.9516440620959,18.8013170256112,0.0,1.9039285714285714,9.6,86,67,4.5,208,11.7,14.5,15.5,0.6,0.6,0.0,8.0,90.0,0.0,0.0,0.0,192.0,0.0,101050.0
2025-03-26 03:00:00,21.7273944053262,18.8872582040262,0.0,1.9041071428571428,9.4,89,31,5.0,164,11.2,14.3,15.5,0.6,0.6,0.0,7.0,92.0,0.0,0.0,0.0,168.0,0.0,101000.0
2025-03-26 04:00:00,21.7390077342025,18.7364117890397,0.0,1.9042857142857141,8.8,88,23,4.5,194,10.6,14.1,15.5,0.0,0.0,0.0,8.0,88.0,0.0,0.0,0.0,204.0,0.0,100960.0
2025-03-26 05:00:00,21.8738530416013,18.7423840366016,0.0,1.9044642857142857,9.1,90,21,6.9,209,10.4,13.9,15.5,0.0,0.0,0.0,8.0,88.0,0.0,0.0,0.0,210.0,0.0,100950.0
2025-03-26 06:00:00,21.5928038074407,18.8159762251849,0.0,1.904642857142857,8.8,91,14,8.5,219,10.1,13.7,15.4,0.0,0.0,0.0,7.0,90.0,0.0,0.0,1.0,168.0,0.0,100950.0
2025-03-26 07:00:00,21.7009392997837,18.6475168984222,0.0,1.9048214285714284,9.9,87,8,11.0,226,10.2,13.5,15.4,0.0,0.0,0.02,7.0,92.0,210.0,0.0,1.0,186.0,0.0,100970.0
2025-03-26 08:00:00,21.4747023634536,18.7775816370719,0.0,1.905,13.2,79,7,9.4,229,11.4,13.4,15.4,0.0,0.0,0.1,10.0,86.0,6157.0,0.0,2.0,210.0,0.0,100990.0
2025-03-26 09:00:00,21.5759449782719,18.7477217283244,0.0,1.9051785714285714,15.8,64,6,10.1,240,13.1,13.4,15.4,0.0,0.0,0.22,13.0,80.0,25911.0,1.0,2.0,276.0,0.0,101010.0
2025-03-26 10:00:00,21.7212449326179,18.6990995498937,0.0,1.9053571428571427,17.3,55,5,8.6,260,15.0,13.5,15.4,0.0,0.0,0.33,16.0,66.0,54652.0,5.0,3.0,285.0,0.0,101040.0
2025-03-26 11:00:00,21.512759579954,18.7052789735039,0.0,1.905535714285714,18.2,50,15,6.3,280,16.8,13.7,15.4,0.0,0.0,0.42,18.0,55.0,77136.0,5.0,1.0,266.0,0.0,101050.0
2025-03-26 12:00:00,21.5305245031262,18.709209765041,0.0,1.9057142857142857,19.0,46,12,5.1,307,18.4,13.9,15.4,0.0,0.0,0.46,19.0,47.0,92006.0,7.0,2.0,342.0,0.0,100990.0
2025-03-26 13:00:00,21.64144845786,18.6451850152613,0.0,1.905892857142857,20.0,43,0,6.8,343,20.0,14.5,15.4,0.0,0.0,0.49,20.0,41.0,98612.0,6.0,2.0,84.0,0.0,100930.0
2025-03-26 14:00:00,21.3864402740814,18.5750027536778,0.0,1.9060714285714284,20.2,43,0,9.0,356,20.7,14.9,15.4,0.0,0.0,0.48,19.0,44.0,93592.0,8.0,5.0,30.0,0.0,100840.0
2025-03-26 15:00:00,21.466377630617,18.4918162486998,0.0,1.90625,19.6,45,4,12.0,11,20.8,15.3,15.4,0.0,0.0,0.42,20.0,45.0,80835.0,5.0,6.0,53.0,0.0,100750.0
2025-03-26 16:00:00,21.2499261412152,18.535617395686,0.0,1.9064285714285714,18.4,51,2,12.2,27,20.4,15.6,15.4,0.0,0.0,0.31,19.0,48.0,61576.0,5.0,6.0,0.0,0.0,100730.0
2025-03-26 17:00:00,21.3808636888224,18.4189247261425,0.0,1.9066071428571427,17.3,54,0,8.4,44,19.5,15.8,15.4,0.0,0.0,0.19,19.0,52.0,37506.0,3.0,3.0,39.0,0.0,100730.0
2025-03-26 18:00:00,21.3243745746161,18.42047757747745,0.0,1.9067857142857143,15.3,69,0,4.6,82,18.2,16.0,15.4,0.0,0.0,0.06,18.0,57.0,13610.0,0.0,3.0,54.0,0.0,100730.0
2025-03-26 19:00:00,21.5168903608408,18.4220304288124,0.0,1.9069642857142857,13.4,72,0,3.0,103,16.4,16.1,15.4,0.0,0.0,0.02,16.0,65.0,2235.0,0.0,2.0,60.0,0.0,100720.0
2025-03-26 20:00:00,21.3097088415596,18.415515089153033,0.0,1.907142857142857,12.0,75,0,3.6,169,15.1,16.0,15.4,0.0,0.0,0.0,14.0,72.0,0.0,0.0,1.0,102.0,0.0,100740.0
2025-03-26 21:00:00,21.3488420983867,18.408999749493667,0.0,1.9073214285714284,11.1,77,0,4.6,197,14.1,15.9,15.4,0.0,0.0,0.0,13.0,71.0,0.0,0.0,1.0,138.0,0.0,100790.0
2025-03-26 22:00:00,21.3012759637656,18.4024844098343,0.0,1.9075,10.3,78,3,4.8,218,13.3,15.8,15.4,0.0,0.0,0.0,11.0,79.0,0.0,0.0,0.0,186.0,0.0,100800.0
2025-03-26 23:00:00,21.1256409133259,18.470467289824,0.0,1.9076785714285713,10.3,75,18,5.1,230,12.6,15.6,15.4,0.0,0.0,0.0,11.0,70.0,0.0,0.0,1.0,178.0,0.0,100780.0
2025-03-27 00:00:00,21.2506051134597,18.57379866024184,0.0,1.9078571428571427,10.2,71,8,5.2,216,12.2,15.4,15.4,0.0,0.0,0.0,10.0,83.0,0.0,0.0,0.0,179.0,0.0,100780.0
2025-03-27 01:00:00,21.1423255903778,18.67713003065968,0.0,1.9080357142857143,11.1,67,1,6.4,211,12.3,15.2,15.4,0.0,0.0,0.01,9.0,81.0,0.0,0.0,2.0,179.0,0.0,100740.0
2025-03-27 02:00:00,21.1075694267313,18.78046140107752,0.0,1.9082142857142856,10.8,65,0,7.5,217,12.0,15.1,15.4,0.0,0.0,0.02,10.0,77.0,0.0,0.0,1.0,180.0,0.0,100700.0
2025-03-27 03:00:00,21.1726891376495,18.883792771495358,0.0,1.908392857142857,10.5,65,0,7.1,215,11.7,14.9,15.4,0.0,0.0,0.02,10.0,73.0,0.0,0.0,1.0,172.0,0.0,100630.0
2025-03-27 04:00:00,21.2431597400448,18.9871241419132,0.0,1.9085714285714286,10.1,67,0,6.2,213,11.4,14.7,15.4,0.0,0.0,0.01,10.0,79.0,0.0,0.0,0.0,204.0,0.0,100580.0
2025-03-27 05:00:00,21.3036900926119,19.090455512331037,0.0,1.90875,9.6,70,0,6.4,217,11.2,14.5,15.4,0.0,0.0,0.01,8.0,85.0,0.0,0.0,0.0,180.0,0.0,100540.0
2025-03-27 06:00:00,21.1489104875034,19.193786882748878,0.0,1.9089285714285713,9.3,71,0,6.4,228,10.9,14.3,15.4,0.0,0.0,0.01,10.0,79.0,0.0,0.0,1.0,222.0,0.0,100550.0
2025-03-27 07:00:00,21.1419868089361,19.297118253166715,0.0,1.9091071428571427,11.1,68,0,7.0,242,11.0,14.1,15.4,0.0,0.0,0.03,9.0,78.0,743.0,0.0,1.0,192.0,0.0,100550.0
2025-03-27 08:00:00,21.1833577098265,19.400449623584556,0.0,1.9092857142857143,14.6,63,0,8.2,250,12.3,14.0,15.4,0.0,0.0,0.12,12.0,68.0,8294.0,0.0,1.0,246.0,0.0,100570.0
2025-03-27 09:00:00,21.1271061907472,19.503780994002398,0.0,1.9094642857142856,17.4,53,0,8.6,265,14.1,14.0,15.4,0.0,0.0,0.25,15.0,61.0,31772.0,2.0,3.0,276.0,0.0,100580.0
2025-03-27 10:00:00,21.0930284918743,19.607112364420235,0.0,1.909642857142857,19.5,46,0,8.6,263,16.2,14.1,15.4,0.0,0.0,0.37,17.0,51.0,60920.0,5.0,4.0,282.0,0.0,100620.0
2025-03-27 11:00:00,21.3226973934555,19.710443734838076,0.0,1.9098214285714286,21.1,40,0,9.0,257,18.1,14.3,15.4,0.0,0.0,0.48,20.0,41.0,82484.0,7.0,3.0,222.0,0.0,100570.0
2025-03-27 12:00:00,21.2680931698851,19.813775105255914,0.0,1.91,22.3,36,49,7.6,269,19.9,14.6,15.4,0.0,0.0,0.54,21.0,40.0,94192.0,8.0,3.0,297.0,0.0,100500.0
2025-03-27 13:00:00,20.527565245398,19.917106475673755,0.0,1.9092261904761905,22.8,35,36,9.5,334,21.2,15.0,15.4,0.0,0.0,0.57,22.0,36.0,97460.0,9.0,4.0,301.0,0.0,100430.0
2025-03-27 14:00:00,20.5542824385069,20.020437846091593,0.0,1.9084523809523808,21.8,41,2,15.3,1,21.8,15.4,15.4,0.0,0.0,0.52,22.0,39.0,92343.0,6.0,4.0,359.0,0.0,100370.0
2025-03-27 15:00:00,20.5021434332735,20.123769216509434,0.0,1.9076785714285713,20.9,40,38,13.9,355,21.8,15.7,15.4,0.0,0.0,0.45,21.0,43.0,78564.0,6.0,4.0,28.0,0.0,100350.0
2025-03-27 16:00:00,20.6091306000305,20.227100586927275,0.0,1.9069047619047619,20.4,40,18,10.7,353,21.4,16.1,15.4,0.0,0.0,0.34,21.0,45.0,58179.0,4.0,2.0,29.0,0.0,100340.0
2025-03-27 17:00:00,20.8465872517842,20.330431957345112,0.0,1.9061309523809522,19.3,45,7,7.6,12,20.6,16.3,15.4,0.0,0.0,0.21,20.0,41.0,33399.0,2.0,4.0,18.0,0.0,100350.0
2025-03-27 18:00:00,20.8943468757513,20.433763327762954,0.0,1.9053571428571427,16.7,62,9,4.8,59,19.2,16.5,15.4,0.0,0.0,0.07,19.0,45.0,10782.0,1.0,2.0,30.0,0.0,100360.0
2025-03-27 19:00:00,21.0554136297048,20.53709469818079,0.0,1.9045833333333333,14.4,69,46,5.6,92,17.4,16.6,15.4,0.0,0.0,0.03,17.0,56.0,1083.0,0.0,2.0,48.0,0.0,100390.0
2025-03-27 20:00:00,21.2046144355908,20.640426068598632,0.0,1.9038095238095238,13.3,70,94,4.1,151,16.1,16.6,15.4,0.0,0.0,0.0,15.0,61.0,0.0,0.0,2.0,136.0,0.0,100430.0
2025-03-27 21:00:00,21.4370280526659,20.74375743901647,0.0,1.9030357142857142,12.3,68,43,4.0,169,14.9,16.5,15.4,0.0,0.0,0.0,15.0,60.0,0.0,0.0,1.0,156.0,0.0,100500.0
2025-03-27 22:00:00,21.8103364152699,20.84708880943431,0.0,1.9022619047619047,11.6,65,63,4.5,183,14.1,16.4,15.4,0.0,0.0,0.01,13.0,64.0,0.0,0.0,0.0,180.0,0.0,100490.0
2025-03-27 23:00:00,22.1447893310508,20.950420179852152,0.0,1.9014880952380953,11.0,64,34,4.8,204,13.4,16.2,15.4,0.0,0.0,0.01,12.0,67.0,0.0,0.0,0.0,210.0,0.0,100530.0
2025-03-28 00:00:00,22.1823895227658,21.05375155026999,0.0,1.9007142857142856,10.9,63,10,4.8,230,12.8,16.0,15.4,0.0,0.0,0.01,9.0,77.0,0.0,0.0,1.0,172.0,0.0,100500.0
2025-03-28 01:00:00,22.3560147804418,21.15708292068783,0.0,1.8999404761904761,11.4,59,14,4.4,237,12.4,15.8,15.4,0.0,0.0,0.01,10.0,73.0,0.0,0.0,0.0,30.0,0.0,100470.0
2025-03-28 02:00:00,22.525742153806,21.26041429110567,0.0,1.8991666666666667,11.0,59,1,4.8,233,11.9,15.6,15.4,0.0,0.0,0.01,8.0,79.0,0.0,0.0,0.0,174.0,0.0,100450.0
2025-03-28 03:00:00,22.8858340145495,21.36374566152351,0.0,1.898392857142857,10.4,61,1,4.2,229,11.5,15.4,15.4,0.0,0.0,0.01,8.0,77.0,0.0,0.0,0.0,168.0,0.0,100380.0
2025-03-28 04:00:00,23.1861733184933,21.467077031941347,0.0,1.8976190476190475,9.8,64,0,4.1,218,11.2,15.1,15.4,0.0,0.0,0.0,7.0,84.0,0.0,0.0,0.0,186.0,0.0,100350.0
2025-03-28 05:00:00,23.2011703612903,21.570408402359188,0.0,1.896845238095238,9.5,66,0,4.6,214,10.9,14.9,15.4,0.0,0.0,0.0,8.0,81.0,0.0,0.0,0.0,180.0,0.0,100360.0
2025-03-28 06:00:00,23.4197433998141,21.673739772777026,0.0,1.8960714285714284,9.3,67,0,4.6,223,10.7,14.7,15.4,0.0,0.0,0.0,8.0,77.0,0.0,0.0,1.0,216.0,0.0,100370.0
2025-03-28 07:00:00,23.5943815629927,21.777071143194867,0.0,1.895297619047619,11.4,65,0,5.8,235,10.9,14.5,15.4,0.0,0.0,0.03,6.0,84.0,1935.0,0.0,0.0,180.0,0.0,100400.0
2025-03-28 08:00:00,23.7193753931445,21.880402513612708,0.0,1.8945238095238095,15.0,59,0,6.4,249,12.3,14.3,15.4,0.0,0.0,0.12,13.0,66.0,11848.0,0.0,0.0,228.0,0.0,100440.0
2025-03-28 09:00:00,23.7005498615609,21.983733884030546,0.0,1.8937499999999998,18.0,47,0,3.3,265,14.4,14.3,15.4,0.0,0.0,0.24,16.0,55.0,37503.0,2.0,2.0,317.0,0.0,100480.0
2025-03-28 10:00:00,23.9352286542639,22.087065254448387,0.0,1.8929761904761904,19.9,41,0,2.3,297,16.6,14.4,15.4,0.0,0.0,0.37,19.0,43.0,66408.0,7.0,2.0,348.0,0.0,100520.0
2025-03-28 11:00:00,23.9733954159998,22.190396624866224,0.0,1.892202380952381,21.3,40,0,3.5,299,18.8,14.6,15.4,0.0,0.0,0.47,20.0,40.0,86424.0,6.0,0.0,210.0,0.0,100550.0
2025-03-28 12:00:00,23.9662656098661,22.293727995284065,18.73525508606925,1.8914285714285715,22.4,38,0,6.4,344,20.6,14.9,15.4,0.0,0.0,0.54,21.0,38.0,96526.0,7.0,2.0,282.0,0.0,100510.0
2025-03-28 13:00:00,23.8803565554199,22.397059365701903,0.0,1.8906547619047618,22.8,39,0,12.8,358,21.7,15.3,15.4,0.0,0.0,0.56,22.0,37.0,98336.0,7.0,2.0,180.0,0.0,100490.0
2025-03-28 14:00:00,24.0089773535767,22.500390736119744,0.0,1.8898809523809523,21.9,41,0,14.9,359,22.1,15.7,15.4,0.0,0.0,0.52,21.0,51.0,90924.0,8.0,6.0,17.0,0.0,100460.0
2025-03-28 15:00:00,23.9952376114268,22.60372210653758,0.0,1.8891071428571429,22.1,37,0,10.7,351,22.3,16.1,15.4,0.0,0.0,0.46,21.0,46.0,75720.0,5.0,2.0,84.0,0.0,100430.0
2025-03-28 16:00:00,23.9327799259961,22.707053476955423,0.0,1.8883333333333332,21.3,38,0,11.2,3,21.9,16.4,15.4,0.0,0.0,0.36,21.0,43.0,54268.0,3.0,4.0,355.0,0.0,100420.0
2025-03-28 17:00:00,23.9698327559976,22.810384847373264,0.0,1.8875595238095237,19.9,44,0,7.8,22,21.0,16.7,15.4,0.0,0.0,0.22,21.0,34.0,29610.0,2.0,4.0,358.0,0.0,100410.0
2025-03-28 18:00:00,23.9457522802496,22.9137162177911,0.0,1.8867857142857143,16.9,61,0,5.0,76,19.6,16.8,15.4,0.0,0.0,0.08,19.0,44.0,8003.0,0.0,4.0,7.0,0.0,100470.0
2025-03-28 19:00:00,24.025906588434,23.017047588208943,0.0,1.8860119047619046,14.4,67,0,6.3,115,17.7,16.9,15.4,0.0,0.0,0.04,17.0,45.0,507.0,0.0,2.0,354.0,0.0,100510.0
2025-03-28 20:00:00,23.8823348844089,23.12037895862678,0.0,1.8852380952380952,12.9,70,1,4.8,148,16.3,16.9,15.4,0.0,0.0,0.0,13.0,61.0,0.0,0.0,1.0,169.0,0.0,100540.0
2025-03-28 21:00:00,23.991469123424,23.22371032904462,0.0,1.8844642857142857,11.9,71,0,4.5,176,15.2,16.8,15.4,0.0,0.0,0.0,13.0,60.0,0.0,0.0,2.0,140.0,0.0,100610.0
2025-03-28 22:00:00,24.0093707309471,23.32704169946246,0.0,1.883690476190476,11.9,65,0,5.5,194,14.3,16.6,15.5,0.0,0.0,0.01,12.0,67.0,0.0,0.0,0.0,173.0,0.0,100620.0
2025-03-28 23:00:00,23.8842329839078,23.4303730698803,0.0,1.8829166666666666,12.0,57,0,6.5,196,13.6,16.5,15.5,0.0,0.0,0.02,9.0,73.0,0.0,0.0,1.0,154.0,0.0,100660.0
2025-03-29 00:00:00,23.9995733666591,23.3630035236482,0.0,1.8821428571428571,11.9,55,0,6.7,200,13.1,16.3,15.5,0.0,0.0,0.03,10.0,71.0,0.0,0.0,0.0,184.0,0.0,100670.0
2025-03-29 01:00:00,23.972846584549,23.1160490216044,0.0,1.8813690476190477,12.6,51,0,7.4,207,13.0,16.0,15.5,0.0,0.0,0.03,10.0,67.0,0.0,0.0,1.0,180.0,0.0,100670.0
2025-03-29 02:00:00,24.0642238603734,23.210782081619,0.0,1.880595238095238,12.2,55,0,8.0,215,12.7,15.8,15.5,0.0,0.0,0.03,11.0,63.0,0.0,0.0,2.0,175.0,0.0,100660.0
2025-03-29 03:00:00,23.9590450809002,23.1828196450766,0.0,1.8798214285714285,11.9,58,0,9.3,217,12.5,15.6,15.5,0.0,0.0,0.03,12.0,57.0,0.0,0.0,1.0,210.0,0.0,100640.0
2025-03-29 04:00:00,23.8216738707157,23.1219695762258,0.0,1.879047619047619,11.5,61,0,9.2,213,12.3,15.5,15.5,0.0,0.0,0.03,12.0,58.0,0.0,0.0,0.5,222.0,0.0,100620.0
2025-03-29 05:00:00,24.0859896305422,23.0890563537217,0.0,1.8782738095238094,11.1,64,0,8.5,213,12.1,15.3,15.5,0.0,0.0,0.02,12.0,59.0,0.0,0.0,0.0,234.0,0.0,100600.0
2025-03-29 06:00:00,24.2133680228665,22.9999193136599,0.0,1.8775,10.8,65,0,9.2,206,11.9,15.1,15.5,0.0,0.0,0.03,10.0,67.0,0.0,0.0,2.0,186.0,0.0,100580.0
2025-03-29 07:00:00,24.033126080988,22.9309969596736,0.0,1.8767261904761905,12.4,63,0,10.9,207,12.1,14.9,15.5,0.0,0.0,0.06,9.0,68.0,0.0,0.0,1.0,172.0,0.0,100610.0
2025-03-29 08:00:00,24.2429542953095,23.3786102085227,0.0,1.8759523809523808,16.5,55,0,10.3,224,13.3,14.8,15.5,0.0,0.0,0.15,12.0,60.0,3471.0,0.0,1.0,204.0,0.0,100660.0
2025-03-29 09:00:00,23.9661896905594,22.9923613646502,0.0,1.8751785714285714,20.2,43,0,8.3,222,15.3,14.8,15.5,0.0,0.0,0.29,14.0,54.0,16800.0,1.0,2.0,234.0,0.0,100670.0
2025-03-29 10:00:00,23.9901689898981,22.9148611108722,0.0,1.874404761904762,22.2,36,0,4.7,229,17.5,14.9,15.5,0.0,0.0,0.4,18.0,44.0,45332.0,2.0,2.0,218.0,0.0,100680.0
2025-03-29 11:00:00,23.963479812763,22.5503137295733,0.0,1.8736309523809522,23.3,34,0,2.2,261,19.7,15.1,15.5,0.0,0.0,0.49,21.0,37.0,71343.0,6.0,2.0,332.0,0.0,100700.0
2025-03-29 12:00:00,23.7356259011285,22.4780920077906,0.0,1.8728571428571428,24.2,33,0,1.8,265,21.6,15.5,15.5,0.0,0.0,0.56,22.0,35.0,80981.0,7.0,2.0,240.0,0.0,100660.0
2025-03-29 13:00:00,23.7558173263535,22.3587218419923,0.0,1.8720833333333333,25.6,27,0,5.3,286,22.5,15.8,15.5,0.0,0.0,0.6,24.0,32.0,97897.0,6.0,3.0,268.0,0.0,100640.0
2025-03-29 14:00:00,23.7707691179649,22.0879027792941,0.0,1.8713095238095239,25.6,28,0,7.8,347,23.5,16.2,15.5,0.0,0.0,0.57,25.0,30.0,98020.0,7.0,2.0,27.0,0.0,100550.0
2025-03-29 15:00:00,23.6871040133921,21.8551702961565,0.0,1.8705357142857142,24.6,34,0,11.1,8,23.7,16.6,15.5,0.0,0.0,0.5,26.0,29.0,90561.0,6.0,4.0,294.0,0.0,100450.0
2025-03-29 16:00:00,23.8435050373059,21.8111720242602,0.0,1.8697619047619047,23.7,38,0,9.6,20,23.3,16.9,15.5,0.0,0.0,0.38,24.0,32.0,73710.0,6.0,4.0,8.0,0.0,100350.0
2025-03-29 17:00:00,23.4450480992376,21.4768612247878,0.0,1.8689880952380953,22.0,44,0,9.5,34,22.4,17.2,15.5,0.0,0.0,0.24,24.0,32.0,50896.0,4.0,4.0,40.0,0.0,100250.0
2025-03-29 18:00:00,23.6272167098515,21.3849921300121,0.0,1.8682142857142856,18.8,57,0,6.4,57,20.9,17.4,15.5,0.0,0.0,0.09,24.0,34.0,25309.0,2.0,3.0,13.0,0.0,100220.0
2025-03-29 19:00:00,23.6412776662376,21.3230817677912,0.0,1.8674404761904762,16.0,68,0,7.2,86,19.0,17.5,15.5,0.0,0.0,0.04,21.0,47.0,5326.0,0.0,3.0,36.0,0.0,100260.0
2025-03-29 20:00:00,23.5874261943878,21.1581807483393,0.0,1.8666666666666667,14.5,69,0,6.5,103,17.5,17.5,15.5,0.0,0.0,0.01,17.0,59.0,172.0,0.0,2.0,94.0,0.0,100320.0
2025-03-29 21:00:00,23.3646105613755,21.2754077563097,0.0,1.865892857142857,14.5,59,0,2.0,112,16.1,17.5,15.5,0.0,0.0,0.0,15.0,65.0,0.0,0.0,3.0,84.0,0.0,100390.0
2025-03-29 22:00:00,23.4786133387811,21.2531965141021,0.0,1.8651190476190476,14.5,54,0,1.5,103,15.0,17.3,15.5,0.0,0.0,0.0,15.0,60.0,0.0,0.0,1.0,137.0,0.0,100400.0
2025-03-29 23:00:00,23.5260687406231,21.4387147748514,0.0,1.864345238095238,14.3,49,0,2.2,121,14.1,17.1,15.6,0.0,0.0,0.0,12.0,70.0,0.0,0.0,0.0,285.0,0.0,100410.0
2025-03-30 00:00:00,23.5405301281971,21.1464141049906,0.0,1.8635714285714284,13.9,46,0,1.9,109,13.4,16.9,15.6,0.0,0.0,0.0,10.0,79.0,0.0,0.0,0.0,167.0,0.0,100450.0
2025-03-30 01:00:00,23.4872437222928,21.2183570593308,0.0,1.862797619047619,13.3,43,0,2.3,110,12.6,16.7,15.6,0.0,0.0,0.0,10.0,78.0,0.0,0.0,0.0,198.0,0.0,100450.0
2025-03-30 02:00:00,23.54369722315375,21.2710229815019,0.0,1.8620238095238095,13.3,44,0,1.1,84,12.2,16.4,15.6,0.0,0.0,0.0,9.0,78.0,0.0,0.0,0.0,204.0,0.0,100410.0
2025-03-30 03:00:00,23.6001507240147,21.323688903673,0.0,1.8612499999999998,12.1,50,0,5.2,68,11.8,16.1,15.6,0.0,0.0,0.02,8.5,80.0,0.0,0.0,0.0,158.5,0.0,100420.0
2025-03-30 04:00:00,23.6258727449734,21.2752408119924,0.0,1.8604761904761904,11.8,52,0,2.5,75,11.4,15.9,15.6,0.0,0.0,0.0,8.0,82.0,0.0,0.0,0.0,113.0,0.0,100430.0
2025-03-30 05:00:00,23.475027686424,21.0375351445968,0.0,1.859702380952381,12.0,51,0,2.2,71,11.1,15.6,15.6,0.0,0.0,0.0,7.0,76.0,0.0,0.0,1.0,168.0,0.0,100360.0
2025-03-30 06:00:00,23.3690469387401,21.247967365842,0.0,1.8589285714285715,11.8,52,0,2.3,64,10.7,15.3,15.6,0.0,0.0,0.0,7.0,79.0,0.0,0.0,0.0,126.0,0.0,100350.0
2025-03-30 07:00:00,23.5354921265977,21.167801227078,0.0,1.8581547619047618,13.1,58,0,1.5,52,11.1,15.1,15.6,0.0,0.0,0.02,7.0,79.0,0.0,0.0,1.0,90.0,0.0,100380.0
2025-03-30 08:00:00,23.5960360288711,21.4333506446566,0.0,1.8573809523809524,16.1,53,0,4.6,38,12.8,14.9,15.6,0.0,0.0,0.13,8.0,81.0,0.0,0.0,0.0,176.0,0.0,100420.0
2025-03-30 09:00:00,23.4481424959542,21.2190960268572,0.0,1.856607142857143,18.3,54,0,8.7,28,14.8,14.9,15.6,0.0,0.0,0.26,8.0,81.0,4776.0,0.0,1.0,276.0,0.0,100490.0
2025-03-30 10:00:00,23.5253023091023,20.9809905519311,0.0,1.8558333333333332,20.4,43,0,12.9,38,16.9,15.0,15.6,0.0,0.0,0.4,12.0,71.0,21072.0,1.0,1.0,300.0,0.0,100570.0
2025-03-30 11:00:00,23.3302153196407,20.9717940831762,0.0,1.8550595238095238,21.4,37,0,17.0,44,18.7,15.1,15.6,0.0,0.0,0.5,17.0,54.0,50768.0,4.0,0.0,114.0,0.0,100630.0
2025-03-30 12:00:00,23.3395109900643,20.7742748572457,0.0,1.8542857142857143,21.5,32,0,21.9,45,20.1,15.4,15.6,0.0,0.0,0.56,20.0,45.0,75427.0,6.0,2.0,32.0,0.0,100630.0
2025-03-30 13:00:00,23.4581110744081,20.6335874650184,0.0,1.8535119047619046,21.0,33,0,23.3,50,20.8,15.7,15.6,0.0,0.0,0.56,21.0,46.0,90377.0,7.0,5.0,12.0,0.0,100610.0
2025-03-30 14:00:00,23.0553856456526,20.5388465249754,0.0,1.8527380952380952,20.1,37,0,23.2,50,21.2,16.0,15.6,0.0,0.0,0.52,21.0,44.0,97065.0,7.0,4.0,33.0,0.0,100610.0
2025-03-30 15:00:00,23.3037118078531,20.600327414727,0.0,1.8519642857142857,19.5,38,0,22.9,53,21.2,16.3,15.6,0.0,0.0,0.45,21.0,44.0,94676.0,8.0,4.0,36.0,0.0,100650.0
2025-03-30 16:00:00,23.0874077398281,20.1148911235161,0.0,1.851190476190476,18.5,45,0,20.9,54,20.8,16.5,15.6,0.0,0.0,0.35,20.0,40.0,86022.0,4.0,6.0,48.0,0.0,100610.0
2025-03-30 17:00:00,23.0515177446496,20.1405100413063,0.0,1.8504166666666666,17.3,53,0,19.3,54,19.9,16.7,15.6,0.0,0.0,0.23,20.0,40.0,69151.0,3.0,4.0,60.0,0.0,100610.0
2025-03-30 18:00:00,22.8334445102741,20.1724221681131,0.0,1.8496428571428571,15.8,64,0,14.6,59,18.7,16.8,15.6,0.0,0.0,0.1,19.0,46.0,46498.0,3.0,5.0,67.0,0.0,100630.0
2025-03-30 19:00:00,22.9816472165702,20.0679724267974,0.0,1.8488690476190477,14.2,72,0,9.9,64,17.3,16.9,15.6,0.0,0.0,0.04,19.0,47.0,21269.0,1.0,6.0,90.0,0.0,100680.0
2025-03-30 20:00:00,22.8765147022786,20.1087900250831,0.0,1.848095238095238,12.6,82,0,5.7,67,16.0,16.8,15.6,0.0,0.0,0.0,17.0,55.0,4408.0,0.0,4.0,60.0,0.0,100740.0
2025-03-30 21:00:00,22.7647598900539,20.0538589102022,0.0,1.8473214285714286,12.5,82,0,1.8,55,14.8,16.7,15.6,0.0,0.0,0.0,14.0,64.0,0.0,0.0,3.0,92.0,0.0,100800.0
2025-03-30 22:00:00,22.6717924266121,19.9500661925494,0.0,1.846547619047619,12.0,84,0,0.8,37,13.7,16.6,15.6,0.0,0.0,0.0,14.0,74.0,0.0,0.0,3.0,60.0,0.0,100820.0
2025-03-30 23:00:00,22.8370898083456,20.0820995765134,0.0,1.8457738095238094,11.1,86,0,0.4,28,12.9,16.4,15.6,0.0,0.0,0.0,11.0,82.0,0.0,0.0,0.0,156.0,0.0,100830.0
2025-03-31 00:00:00,22.8103589510703,19.8737585473481,0.0,1.845,10.0,87,0,3.2,315,12.2,16.1,15.6,0.0,0.0,0.0,9.0,88.0,0.0,0.0,0.0,288.0,0.0,100830.0
2025-03-31 01:00:00,22.8570545622701,20.0075832825836,0.0,1.8442261904761905,9.9,89,0,6.4,275,12.1,15.9,15.6,0.0,0.0,0.0,8.0,88.0,0.0,0.0,1.0,172.0,0.0,100810.0
2025-03-31 02:00:00,22.9056481255933,19.9243274149175,0.0,1.8434523809523808,9.1,93,0,8.7,265,11.8,15.7,15.6,0.0,0.0,0.0,10.0,81.0,0.0,0.0,1.0,204.0,0.0,100790.0
2025-03-31 03:00:00,23.0710328632135,19.8593018774079,0.0,1.8426785714285714,8.0,94,0,5.0,269,11.4,15.5,15.6,0.0,0.0,0.0,8.0,86.0,0.0,0.0,0.0,192.0,0.0,100770.0
2025-03-31 04:00:00,23.0019564304131,20.0711057763574,0.0,1.841904761904762,7.5,88,0,3.5,258,10.8,15.2,15.6,0.0,0.0,0.0,8.0,89.0,0.0,0.0,0.0,186.0,0.0,100700.0
2025-03-31 05:00:00,22.7925983981058,19.8391280834593,0.0,1.8411309523809523,7.8,81,0,3.9,267,10.3,15.0,15.6,0.0,0.0,0.0,7.0,91.0,0.0,0.0,0.0,174.0,0.0,100660.0
2025-03-31 06:00:00,22.8280722333472,19.7847860988085,0.0,1.8403571428571428,7.9,77,0,1.7,285,9.9,14.7,15.6,0.0,0.0,0.0,8.0,92.0,0.0,0.0,0.0,198.0,0.0,100640.0
2025-03-31 07:00:00,22.9350960753427,19.9341501876206,0.0,1.8395833333333333,10.3,67,0,0.7,16,10.2,14.5,15.6,0.0,0.0,0.01,6.0,92.0,0.0,0.0,0.0,142.0,0.0,100620.0
2025-03-31 08:00:00,22.9531059158857,19.8019925680392,0.0,1.838809523809524,13.7,63,0,4.4,23,11.7,14.3,15.6,0.0,0.0,0.12,5.0,92.0,236.0,0.0,0.0,174.0,0.0,100590.0
2025-03-31 09:00:00,22.9717265121135,19.95922507763,0.0,1.8380357142857142,16.0,56,0,7.2,23,13.7,14.2,15.6,0.0,0.0,0.25,7.0,89.0,6084.0,0.0,0.0,168.0,0.0,100600.0
2025-03-31 10:00:00,22.977075572369,19.9150062297789,0.0,1.8372619047619048,17.7,50,0,9.9,26,15.8,14.3,15.6,0.0,0.0,0.37,13.0,78.0,26784.0,2.0,1.0,258.0,0.0,100600.0
2025-03-31 11:00:00,22.7640767057147,19.7801949737483,0.0,1.8364880952380953,19.4,46,0,11.0,23,17.8,14.5,15.6,0.0,0.0,0.47,16.0,66.0,57000.0,5.0,1.0,65.0,0.0,100580.0
2025-03-31 12:00:00,22.6801884311202,19.7213602304579,0.0,1.8357142857142856,20.6,44,0,12.5,24,19.5,14.7,15.6,0.0,0.0,0.53,18.0,56.0,79480.0,6.0,0.0,58.0,0.0,100570.0
2025-03-31 13:00:00,22.7581743929625,19.5170856709962,0.0,1.8349404761904762,20.8,45,0,12.2,30,20.4,15.0,15.6,0.0,0.0,0.54,21.0,48.0,94273.0,6.0,3.0,66.0,0.0,100490.0
2025-03-31 14:00:00,22.5917155481381,19.4938651576498,0.0,1.8341666666666667,20.8,43,0,13.4,36,21.2,15.4,15.6,0.0,0.0,0.51,21.0,53.0,99777.0,8.0,3.0,14.0,0.0,100410.0
2025-03-31 15:00:00,22.3834176045592,19.4880880085982,0.0,1.833392857142857,20.4,45,14,14.1,37,21.4,15.7,15.6,0.0,0.0,0.44,21.0,46.0,95389.0,9.0,4.0,23.0,0.0,100350.0
2025-03-31 16:00:00,22.569704107444,19.0597333745556,0.0,1.8326190476190476,19.7,48,0,13.0,36,21.1,16.0,15.6,0.0,0.0,0.34,21.0,44.0,84276.0,6.0,4.0,71.0,0.0,100290.0
2025-03-31 17:00:00,22.5476846131559,19.0548909819546,0.0,1.8318452380952381,18.5,54,0,11.5,36,20.3,16.3,15.6,0.0,0.0,0.22,21.0,45.0,66122.0,5.0,4.0,42.0,0.0,100220.0
2025-03-31 18:00:00,22.3843276077078,19.069723933581,0.0,1.8310714285714285,16.2,69,0,5.6,36,19.0,16.4,15.6,0.0,0.0,0.07,20.0,56.0,41929.0,2.0,4.0,32.0,0.0,100210.0
2025-03-31 19:00:00,22.260432485867,18.9816470269675,0.0,1.830297619047619,13.7,81,0,2.3,33,17.1,16.5,15.6,0.0,0.0,0.01,19.0,56.0,16920.0,1.0,4.0,27.0,0.0,100190.0
2025-03-31 20:00:00,22.318512717554,18.786725017637,0.0,1.8295238095238096,13.0,85,0,1.3,14,15.6,16.5,15.6,0.0,0.0,0.0,17.0,64.0,3271.0,0.0,3.0,42.0,0.0,100180.0
2025-03-31 21:00:00,22.3391609545993,19.0323197035471,0.0,1.8287499999999999,12.0,87,20,2.4,315,14.5,16.4,15.6,0.0,0.0,0.0,14.0,80.0,0.0,0.0,1.0,60.0,0.0,100180.0
2025-03-31 22:00:00,22.1973801616516,19.17595990052,0.0,1.8279761904761904,11.4,85,70,2.6,274,13.6,16.2,15.6,0.0,0.0,0.0,12.0,86.0,0.0,0.0,0.0,198.0,0.0,100210.0
2025-03-31 23:00:00,22.2467633289715,18.8514414675668,0.0,1.827202380952381,11.1,83,79,3.1,253,12.8,16.0,15.6,0.0,0.0,0.0,10.0,85.0,0.0,0.0,0.0,178.0,0.0,100230.0
2025-04-01 00:00:00,22.4037964163459,18.9775914934331,0.0,1.8264285714285715,11.0,81,98,3.2,236,12.2,15.8,15.6,0.0,0.0,0.0,10.0,87.0,0.0,0.0,0.0,168.0,0.0,100210.0
2025-04-01 01:00:00,22.1929046772835,18.9376143420428,0.0,1.8256547619047618,10.6,83,98,6.0,240,11.7,15.7,15.6,0.0,0.0,0.0,9.0,92.0,0.0,0.0,0.0,177.0,0.0,100170.0
2025-04-01 02:00:00,22.2597442985551,19.0452326892435,0.0,1.8248809523809524,10.4,85,99,6.1,251,11.6,15.4,15.6,0.0,0.0,0.0,8.0,94.0,0.0,0.0,0.0,192.0,0.0,100160.0
2025-04-01 03:00:00,22.1409757294369,18.8579115784125,0.0,1.824107142857143,10.4,81,98,3.6,245,11.3,15.2,15.6,0.0,0.0,0.0,8.0,95.0,0.0,0.0,0.0,167.0,0.0,100130.0
2025-04-01 04:00:00,22.1983504640466,18.9544481022734,0.0,1.8233333333333333,10.5,78,100,2.7,247,11.0,15.0,15.6,0.0,0.0,0.0,9.0,95.0,0.0,0.0,0.0,180.0,0.0,100110.0
2025-04-01 05:00:00,22.2555793744556,18.869699239068,0.0,1.8225595238095238,10.1,78,99,3.9,222,10.7,14.8,15.6,0.0,0.0,0.0,8.0,95.0,0.0,0.0,0.0,173.0,0.0,100070.0
2025-04-01 06:00:00,22.2963432447147,18.8803900871078,0.0,1.8217857142857143,10.0,78,100,3.0,236,10.5,14.5,15.6,0.0,0.0,0.0,8.0,94.0,0.0,0.0,0.0,174.0,0.0,100000.0
2025-04-01 07:00:00,22.2840978726243,18.8866876566219,0.0,1.8210119047619047,11.7,77,100,3.3,280,10.9,14.3,15.6,0.0,0.0,0.02,8.0,95.0,0.0,0.0,0.0,156.0,0.0,100000.0
2025-04-01 08:00:00,22.2908962095179,19.0847085532183,0.0,1.8202380952380952,14.6,69,100,3.6,255,12.3,14.2,15.6,0.0,0.0,0.1,8.0,95.0,640.0,0.0,0.0,198.0,0.0,99940.0
2025-04-01 09:00:00,22.2816199706535,18.9429830106645,0.0,1.8194642857142858,16.8,58,100,1.1,333,14.2,14.2,15.6,0.0,0.0,0.21,11.0,95.0,8727.0,0.0,0.0,180.0,0.0,99940.0
2025-04-01 10:00:00,22.1325606711477,18.9739661654162,0.0,1.818690476190476,18.6,52,20,4.3,356,16.3,14.3,15.6,0.0,0.0,0.34,14.0,83.0,34778.0,2.0,0.0,276.0,0.0,99970.0
2025-04-01 11:00:00,22.067074232618,18.6596719880385,0.0,1.8179166666666666,20.2,49,40,7.0,355,18.4,14.5,15.6,0.0,0.0,0.47,17.0,62.0,44349.0,4.0,2.0,112.0,0.0,99970.0
2025-04-01 12:00:00,22.2016263971969,18.6567910892582,0.0,1.8171428571428572,21.0,44,22,11.1,339,20.0,14.8,15.6,0.0,0.0,0.53,19.0,59.0,73895.0,5.0,1.0,44.0,0.0,99970.0
2025-04-01 13:00:00,22.1683997810154,18.6450240571001,0.0,1.8163690476190477,21.2,42,39,13.3,339,20.9,15.2,15.6,0.0,0.0,0.54,19.0,51.0,67438.0,5.0,2.0,351.0,0.0,99930.0
2025-04-01 14:00:00,22.1445852872585,18.6544907648245,0.0,1.815595238095238,21.1,43,25,11.8,337,21.5,15.6,15.6,0.0,0.0,0.51,20.0,42.0,91157.0,7.0,5.0,6.0,0.0,99870.0
2025-04-01 15:00:00,22.1717457149448,18.3448793943001,0.0,1.8148214285714286,20.4,48,3,9.5,336,21.7,15.9,15.6,0.0,0.0,0.43,20.0,41.0,93520.0,6.0,2.0,1.0,0.0,99800.0
2025-04-01 16:00:00,21.7541456404007,18.4270879545073,0.0,1.8140476190476191,19.9,50,6,7.1,344,21.5,16.3,15.6,0.0,0.0,0.32,20.0,52.0,79752.0,7.0,4.0,27.0,0.0,99770.0
2025-04-01 17:00:00,21.8595013788703,18.3433561670693,0.0,1.8132738095238095,19.6,54,10,3.4,321,20.8,16.5,15.6,0.0,0.0,0.19,20.0,56.0,59582.0,3.0,5.0,27.0,0.0,99700.0
2025-04-01 18:00:00,22.0610438344488,18.0947317784411,0.0,1.8125,17.4,73,30,2.8,43,19.6,16.7,15.6,0.0,0.0,0.07,19.0,59.0,35398.0,1.0,2.0,53.0,0.0,99660.0
2025-04-01 19:00:00,21.5902447461111,18.2676095880486,0.0,1.8117261904761905,15.2,77,70,3.6,132,17.9,16.8,15.6,0.0,0.0,0.02,19.0,65.0,13007.0,1.0,2.0,343.0,0.0,99650.0
2025-04-01 20:00:00,21.6811820594225,18.1920340459782,0.0,1.8109523809523809,14.5,74,100,3.8,169,16.7,16.8,15.6,0.0,0.0,0.0,16.0,81.0,1403.0,0.0,2.0,37.0,0.0,99660.0
2025-04-01 21:00:00,21.5829796623933,18.1707343304417,0.0,1.8101785714285714,14.2,71,98,4.0,202,15.9,16.8,15.6,0.0,0.0,0.0,15.0,86.0,0.0,0.0,0.0,102.0,0.0,99650.0
2025-04-01 22:00:00,21.7630005970606,18.1375292622563,0.0,1.809404761904762,13.9,70,21,4.9,207,15.2,16.7,15.6,0.0,0.0,0.01,15.0,86.0,0.0,0.0,2.0,144.0,0.0,99680.0
2025-04-01 23:00:00,21.5905821831715,17.9400138837813,0.0,1.8086309523809523,13.5,72,1,6.0,214,14.6,16.5,15.6,0.0,0.0,0.01,14.0,85.0,0.0,0.0,1.0,186.0,0.0,99670.0
2025-04-02 00:00:00,21.7295006042315,18.1995695546487,0.0,1.8078571428571428,13.2,75,0,5.6,212,14.1,16.4,15.6,0.0,0.0,0.0,14.0,84.0,0.0,0.0,1.0,282.0,0.0,99610.0
2025-04-02 01:00:00,21.6430524110063,17.8878426893969,0.0,1.8070833333333334,13.4,75,6,2.0,212,13.9,16.2,15.6,0.0,0.0,0.0,11.0,89.0,0.0,0.0,1.0,174.0,0.0,99600.0
2025-04-02 02:00:00,21.4938540375114,18.1352187075516,0.0,1.806309523809524,13.1,77,1,2.0,135,13.5,16.1,15.6,0.0,0.0,0.0,12.0,91.0,0.0,0.0,0.0,198.0,0.0,99560.0
2025-04-02 03:00:00,21.6457324218258,18.1827558982049,0.0,1.8055357142857142,12.1,82,0,3.6,137,13.1,15.9,15.6,0.0,0.0,0.0,12.0,87.0,0.0,0.0,0.0,168.0,0.0,99520.0
2025-04-02 04:00:00,21.6698113223947,18.0277840894584,0.0,1.8047619047619048,11.3,85,0,3.5,159,12.8,15.7,15.6,0.0,0.0,0.0,12.0,88.0,0.0,0.0,1.0,186.0,0.0,99440.0
2025-04-02 05:00:00,21.5659411757042,18.102058569182,0.0,1.8039880952380953,10.8,87,0,3.5,191,12.5,15.6,15.6,0.0,0.0,0.0,13.0,84.0,0.0,0.0,0.0,178.0,0.0,99370.0
2025-04-02 06:00:00,21.6838252692045,18.1829626237959,0.0,1.8032142857142857,10.6,86,0,3.3,175,12.3,15.4,15.6,0.0,0.0,0.0,12.0,87.0,0.0,0.0,0.0,134.0,0.0,99340.0
2025-04-02 07:00:00,21.7456942737928,18.1279330076906,0.0,1.8024404761904762,12.8,79,1,6.9,247,12.6,15.2,15.6,0.0,0.0,0.03,12.0,84.0,0.0,0.0,1.0,186.0,0.0,99340.0
2025-04-02 08:00:00,21.664059678994,18.1170024577763,0.0,1.8016666666666667,17.2,68,21,3.1,261,14.0,15.1,15.6,0.0,0.0,0.13,12.0,80.0,2125.0,0.0,1.0,204.0,0.0,99370.0
2025-04-02 09:00:00,21.6687759493598,18.2382362308727,0.0,1.800892857142857,19.9,57,39,3.1,14,16.1,15.1,15.6,0.0,0.0,0.26,16.0,73.0,12826.0,0.0,0.0,192.0,0.0,99400.0
2025-04-02 10:00:00,21.5380354955501,18.0047143046148,0.0,1.8001190476190476,21.7,53,7,3.6,21,18.3,15.3,15.6,0.0,0.0,0.39,19.0,60.0,37020.0,2.0,0.0,240.0,0.0,99430.0
2025-04-02 11:00:00,21.4268050361887,18.0569753844562,0.0,1.7993452380952382,23.0,50,7,5.7,22,20.3,15.5,15.6,0.0,0.0,0.49,21.0,52.0,66066.0,6.0,1.0,279.0,0.0,99450.0
2025-04-02 12:00:00,21.5654986479676,17.9013263925883,18.933169558861408,1.7985714285714285,23.1,52,18,13.1,39,21.7,15.8,15.6,0.0,0.0,0.52,22.0,44.0,86219.0,6.0,2.0,324.0,0.0,99460.0
2025-04-02 13:00:00,21.4016084425426,20.7084431889874,0.0,1.797797619047619,21.7,58,31,19.6,44,22.3,16.2,15.6,0.0,0.0,0.49,22.0,55.0,96736.0,6.0,7.0,44.0,0.0,99410.0
2025-04-02 14:00:00,21.1405012923221,26.4443829590103,0.0,1.7970238095238096,21.8,59,4,18.2,48,22.7,16.6,15.6,0.0,0.0,0.46,22.0,56.0,98240.0,8.0,4.0,42.0,0.0,99370.0
2025-04-02 15:00:00,21.0818010240798,26.126492208806,0.0,1.79625,20.9,61,3,18.1,48,22.6,16.9,15.7,0.0,0.0,0.39,21.0,59.0,92361.0,5.0,5.0,10.0,0.0,99350.0
2025-04-02 16:00:00,21.1274637631229,25.8425147524496,0.0,1.7954761904761904,20.8,63,0,16.2,51,22.3,17.2,15.7,0.0,0.0,0.32,21.0,62.0,77952.0,6.0,5.0,38.0,0.0,99350.0
2025-04-02 17:00:00,21.118442739009,25.5548753947936,0.0,1.794702380952381,19.1,68,2,16.0,40,21.5,17.4,15.7,0.0,0.0,0.2,21.0,63.0,57125.0,4.0,4.0,60.0,0.0,99330.0
2025-04-02 18:00:00,21.0809558116696,24.9763474588282,0.0,1.7939285714285715,17.9,76,0,13.2,24,20.3,17.6,15.7,0.0,0.0,0.09,20.0,61.0,32024.0,2.0,3.0,52.0,0.0,99340.0
2025-04-02 19:00:00,21.1348232660783,25.0571679901,0.0,1.7931547619047619,15.9,86,15,8.8,43,18.9,17.7,15.7,0.0,0.0,0.03,20.0,62.0,10633.0,1.0,3.0,6.0,0.0,99400.0
2025-04-02 20:00:00,21.166370706757,24.8328962070187,0.0,1.7923809523809524,14.5,91,0,5.1,56,17.7,17.7,15.7,0.0,0.0,0.0,18.0,66.0,1214.0,0.0,3.0,60.0,0.0,99430.0
2025-04-02 21:00:00,21.2617089100217,24.7681814454561,0.0,1.791607142857143,14.4,91,0,1.6,55,16.6,17.6,15.7,0.0,0.0,0.0,16.0,73.0,0.0,0.0,1.0,84.0,0.0,99480.0
2025-04-02 22:00:00,21.416521689744,24.6968401432417,0.0,1.7908333333333333,13.9,92,3,1.2,27,15.8,17.5,15.7,0.0,0.0,0.0,15.0,78.0,0.0,0.0,0.0,8.0,0.0,99550.0
2025-04-02 23:00:00,21.3289364685387,24.462578240842,0.0,1.7900595238095238,13.7,92,2,1.6,323,15.1,17.3,15.7,0.0,0.0,0.0,14.0,80.0,0.0,0.0,0.0,118.0,0.0,99590.0
2025-04-03 00:00:00,21.6132142227085,24.6098609182452,0.0,1.7892857142857144,13.3,92,0,1.3,308,14.6,17.1,15.7,0.0,0.0,0.0,14.0,81.0,0.0,0.0,0.0,161.0,0.0,99610.0
2025-04-03 01:00:00,21.4227027707306,24.5900492508549,0.0,1.7885119047619047,13.7,90,0,0.2,9,14.9,17.0,15.8,0.0,0.0,0.0,12.0,82.0,0.0,0.0,0.0,186.0,0.0,99620.0
2025-04-03 02:00:00,21.7074885300362,24.4014376849672,0.0,1.7877380952380952,13.2,90,0,0.6,330,14.3,16.9,15.8,0.0,0.0,0.0,11.0,85.0,0.0,0.0,1.0,167.0,0.0,99620.0
2025-04-03 03:00:00,21.7030307166787,24.5403330560523,0.0,1.7869642857142858,12.5,90,3,3.3,266,13.8,16.7,15.8,0.0,0.0,0.0,11.0,87.0,0.0,0.0,0.0,110.0,0.0,99600.0
2025-04-03 04:00:00,22.001777504277,24.3842291874278,0.0,1.786190476190476,12.2,90,8,5.3,254,13.5,16.5,15.8,0.0,0.0,0.0,12.0,92.0,0.0,0.0,0.0,94.0,0.0,99590.0
2025-04-03 05:00:00,21.9725438660194,24.3456766517591,0.0,1.7854166666666667,12.6,92,70,8.4,237,13.5,16.3,15.8,0.0,0.0,0.0,13.0,94.0,0.0,0.0,0.0,192.0,0.0,99600.0
2025-04-03 06:00:00,21.9925141250571,24.4091736162945,0.0,1.7846428571428572,13.6,89,100,9.5,232,13.8,16.2,15.8,0.0,0.0,0.0,12.0,95.0,0.0,0.0,0.0,178.0,0.0,99620.0
2025-04-03 07:00:00,22.2256872205065,24.4482205882467,0.0,1.7838690476190477,15.1,84,100,10.7,231,14.3,16.0,15.8,0.0,0.0,0.04,12.0,92.0,0.0,0.0,2.0,204.0,0.0,99690.0
2025-04-03 08:00:00,22.2150481000596,24.2519640415058,0.0,1.783095238095238,16.4,81,100,11.4,245,15.1,16.0,15.8,0.0,0.0,0.09,14.0,86.0,2208.0,0.0,0.0,204.0,0.0,99720.0
2025-04-03 09:00:00,22.4064684301249,24.2226789412197,0.0,1.7823214285714286,17.6,75,85,9.7,255,16.2,15.9,15.8,0.0,0.0,0.17,15.0,82.0,12312.0,0.0,1.0,282.0,0.0,99770.0
2025-04-03 10:00:00,22.7012359325624,24.191771791428,0.0,1.7815476190476192,18.8,69,100,7.6,270,17.5,16.0,15.8,0.0,0.0,0.22,17.0,76.0,23456.0,1.0,2.0,234.0,0.0,99820.0
2025-04-03 11:00:00,22.4666085501168,24.1666603877573,0.0,1.7807738095238095,20.2,63,100,7.7,291,19.1,16.1,15.8,0.0,0.0,0.35,19.0,70.0,76592.0,5.0,1.0,1.0,0.0,99840.0
2025-04-03 12:00:00,22.8690385247517,23.9037041505433,0.0,1.78,21.3,58,84,9.7,314,20.4,16.3,15.8,0.0,0.0,0.39,20.0,65.0,90529.0,7.0,2.0,299.0,0.0,99840.0
2025-04-03 13:00:00,22.6591751381392,23.6413853644598,0.0,1.7798809523809525,21.7,59,98,14.1,8,22.1,16.7,15.8,0.0,0.0,0.49,20.0,69.0,116329.0,7.0,2.0,18.0,0.0,99780.0
2025-04-03 14:00:00,22.9382134222909,23.5141635312291,0.0,1.7797619047619049,20.0,69,66,15.9,31,22.4,17.0,15.8,0.0,0.0,0.38,20.0,71.0,44600.0,4.0,5.0,33.0,0.0,99750.0
2025-04-03 15:00:00,22.848557277216,23.2770012521024,0.0,1.779642857142857,19.7,69,97,14.4,47,22.4,17.3,15.8,0.0,0.0,0.33,20.0,66.0,75232.0,6.0,5.0,18.0,0.0,99700.0
2025-04-03 16:00:00,23.0068070295802,23.1508327126298,0.0,1.7795238095238095,19.5,68,98,13.2,56,22.0,17.5,15.8,0.0,0.0,0.27,19.0,72.0,65315.0,5.0,4.0,72.0,0.0,99710.0
2025-04-03 17:00:00,23.0768652687849,22.9980175452307,0.0,1.779404761904762,18.5,72,6,12.9,48,21.3,17.7,15.8,0.0,0.0,0.18,19.0,72.0,27724.0,2.0,3.0,45.0,0.0,99630.0
2025-04-03 18:00:00,23.0516520935009,22.7610001404892,0.0,1.7792857142857144,17.1,80,8,11.3,65,20.2,17.9,15.8,0.0,0.0,0.08,19.0,73.0,15048.0,1.0,4.0,42.0,0.0,99600.0
2025-04-03 19:00:00,23.1026728706472,22.6728746432757,0.0,1.7791666666666668,15.4,88,7,8.0,77,18.8,17.9,15.8,0.0,0.0,0.02,18.0,70.0,8960.0,0.0,4.0,48.0,0.0,99560.0
2025-04-03 20:00:00,23.1470574819198,22.4907940154558,0.0,1.779047619047619,14.3,85,0,7.4,84,17.7,17.9,15.9,0.0,0.0,0.0,17.0,74.0,483.0,0.0,2.0,53.0,0.0,99560.0
2025-04-03 21:00:00,23.1271580766538,22.3509402816025,0.0,1.7789285714285714,13.3,83,0,6.1,58,16.6,17.8,15.9,0.0,0.0,0.0,15.0,85.0,0.0,0.0,1.0,117.0,0.0,99550.0
2025-04-03 22:00:00,23.2025671638715,22.5857154129753,0.0,1.7788095238095238,12.8,84,20,2.7,23,15.6,17.7,15.9,0.0,0.0,0.0,14.5,87.0,0.0,0.0,0.5,85.0,0.0,99545.0
2025-04-03 23:00:00,23.292869265283,22.5000824790771,0.0,1.7786904761904763,12.2,87,88,9.4,315,14.9,17.5,15.9,0.0,0.0,0.0,14.0,89.0,0.0,0.0,0.0,53.0,0.0,99540.0
2025-04-04 00:00:00,23.5632224953083,22.5313367258304,0.0,1.7785714285714287,12.6,93,37,18.1,245,14.6,17.3,15.9,0.0,0.0,0.0,13.0,92.0,0.0,0.0,0.0,291.0,0.0,99520.0
2025-04-04 01:00:00,23.3414340504383,22.472505502231,0.0,1.778452380952381,14.0,87,38,9.2,203,15.0,17.2,15.9,0.0,0.0,0.0,12.0,93.0,0.0,0.0,0.0,204.0,0.0,99500.0
2025-04-04 02:00:00,23.3631467979437,22.738608137867,0.0,1.7783333333333333,13.3,86,44,8.5,219,14.7,17.0,15.9,0.0,0.0,0.0,14.0,93.0,0.0,0.0,3.0,228.0,0.0,99790.0
2025-04-04 03:00:00,23.3534042042194,22.31289413995,0.0,1.7782142857142857,13.7,83,4,6.3,230,14.5,16.9,15.9,0.0,0.0,0.0,15.0,89.0,0.0,0.0,2.0,246.0,0.0,99910.0
2025-04-04 04:00:00,23.478988029676,22.4365968656977,0.0,1.7780952380952382,12.7,87,0,3.2,236,14.1,16.7,15.9,0.0,0.0,0.0,13.0,91.0,0.0,0.0,0.0,146.0,0.0,99870.0
2025-04-04 05:00:00,23.4051626154765,22.4751554098429,0.0,1.7779761904761906,12.5,85,0,1.5,169,13.6,16.5,15.9,0.0,0.0,0.0,13.0,89.0,0.0,0.0,2.0,157.0,0.0,99930.0
2025-04-04 06:00:00,23.369015280623,22.4494636627686,0.0,1.7778571428571428,12.5,83,0,1.5,158,13.2,16.3,15.9,0.0,0.0,0.0,13.0,92.0,0.0,0.0,2.0,128.0,0.0,99910.0
2025-04-04 07:00:00,23.5863758839781,22.3913849842743,0.0,1.7777380952380952,14.6,78,0,3.6,212,13.6,16.2,15.9,0.0,0.0,0.03,13.0,90.0,0.0,0.0,0.0,145.0,0.0,99930.0
2025-04-04 08:00:00,23.5632981338498,22.4619674751271,0.0,1.7776190476190477,18.0,68,0,1.2,212,15.1,16.1,15.9,0.0,0.0,0.13,12.0,93.0,0.0,0.0,0.0,204.0,0.0,99930.0
2025-04-04 09:00:00,23.6833214295454,22.3107047020318,0.0,1.7775,20.7,61,0,3.1,285,17.1,16.1,15.9,0.0,0.0,0.27,12.0,94.0,5440.0,0.0,0.0,204.0,0.0,100010.0
2025-04-04 10:00:00,23.7127966950855,22.3206208844323,0.0,1.7773809523809525,23.5,51,0,5.6,263,19.4,16.2,15.9,0.0,0.0,0.41,16.0,83.0,19900.0,1.0,2.0,285.0,0.0,100030.0
2025-04-04 11:00:00,23.6565628103926,22.0317515042682,0.0,1.7772619047619047,25.6,40,6,10.6,265,21.3,16.4,15.9,0.0,0.0,0.54,18.0,74.0,47093.0,2.0,2.0,264.0,0.0,100080.0
2025-04-04 12:00:00,23.6904372029233,21.9606820704828,0.0,1.7771428571428571,26.5,38,26,11.9,268,22.8,16.7,15.9,0.0,0.0,0.58,21.0,61.0,70293.0,5.0,0.0,19.0,0.0,100100.0
2025-04-04 13:00:00,23.4670328709684,21.6792118699833,0.0,1.7770238095238096,26.6,39,34,10.2,275,23.6,17.1,15.9,0.0,0.0,0.54,24.0,48.0,85388.0,7.0,3.0,228.0,0.0,100070.0
2025-04-04 14:00:00,23.356700173511,21.4642098984912,0.0,1.776904761904762,26.8,38,87,8.0,296,24.4,17.4,15.9,0.0,0.0,0.53,25.0,39.0,110519.0,9.0,6.0,317.0,0.0,100050.0
2025-04-04 15:00:00,23.4135418300708,21.2515309892983,0.0,1.7767857142857144,23.8,46,48,16.9,3,23.7,17.8,16.0,0.0,0.0,0.31,26.0,37.0,107084.0,8.0,3.0,257.0,0.0,100000.0
2025-04-04 16:00:00,23.2563825800594,21.1299001291764,0.0,1.7766666666666666,23.1,47,26,13.5,44,23.3,18.1,16.0,0.0,0.0,0.33,27.0,35.0,96425.0,6.0,2.0,318.0,0.0,99960.0
2025-04-04 17:00:00,23.2068968397965,21.2164948866048,0.0,1.776547619047619,22.4,51,30,8.9,72,22.7,18.3,16.0,0.0,0.0,0.22,23.0,47.0,31378.0,3.0,6.0,0.0,0.0,99990.0
2025-04-04 18:00:00,23.2519226624499,20.8239085391556,0.0,1.7764285714285715,20.4,62,15,5.1,358,21.6,18.5,16.0,0.0,0.0,0.09,23.0,48.0,26400.0,1.0,4.0,7.0,0.0,100020.0
2025-04-04 19:00:00,23.337048806778,20.7213957552119,0.0,1.776309523809524,17.9,74,12,1.8,339,20.0,18.6,16.0,0.0,0.0,0.02,22.0,57.0,23679.0,1.0,3.0,37.0,0.0,100070.0
2025-04-04 20:00:00,23.2479525191783,20.648373181293,0.0,1.7761904761904763,16.9,78,9,1.0,22,18.7,18.5,16.0,0.0,0.0,0.0,21.0,55.0,6898.0,0.0,3.0,30.0,0.0,100090.0
2025-04-04 21:00:00,23.1541678921119,20.72878667062,0.0,1.7760714285714285,16.4,76,0,1.9,104,17.6,18.5,16.0,0.0,0.0,0.0,19.0,58.0,187.0,0.0,1.0,120.0,0.0,100140.0
2025-04-04 22:00:00,23.1764002937992,20.5943710652858,0.0,1.775952380952381,15.7,76,1,1.7,18,16.7,18.3,16.0,0.0,0.0,0.0,17.0,66.0,0.0,0.0,0.0,54.0,0.0,100250.0
2025-04-04 23:00:00,23.2766721810019,20.6882564582753,0.0,1.7758333333333334,14.8,81,1,1.8,27,16.0,18.2,16.1,0.0,0.0,0.0,17.0,66.0,0.0,0.0,1.0,154.0,0.0,100360.0
2025-04-05 00:00:00,23.2241127444214,20.4832160896229,0.0,1.7757142857142858,14.1,82,0,3.1,74,15.4,18.0,16.1,0.0,0.0,0.0,16.0,76.0,0.0,0.0,1.0,119.0,0.0,100410.0
2025-04-05 01:00:00,23.0920226983006,20.5109782076344,0.0,1.7755952380952382,14.3,78,0,2.6,90,15.2,17.9,16.1,0.0,0.0,0.0,14.0,82.0,0.0,0.0,0.0,161.0,0.0,100410.0
2025-04-05 02:00:00,23.2405726538412,20.4929974524435,0.0,1.7754761904761904,13.9,78,1,2.6,90,14.6,17.7,16.1,0.0,0.0,0.0,13.0,84.0,0.0,0.0,1.0,134.0,0.0,100410.0
2025-04-05 03:00:00,23.1174407493608,20.64500436040815,0.0,1.7753571428571429,13.3,81,24,4.9,79,14.2,17.5,16.1,0.0,0.0,0.0,13.0,80.0,0.0,0.0,1.0,120.0,0.0,100390.0
2025-04-05 04:00:00,23.2211620409279,20.7970112683728,0.0,1.7752380952380953,13.2,84,42,5.6,77,14.0,17.3,16.1,0.0,0.0,0.0,13.0,82.0,0.0,0.0,0.0,125.0,0.0,100410.0
2025-04-05 05:00:00,23.2302498676043,20.5957829604448,0.0,1.7751190476190477,13.4,85,99,3.9,70,13.9,17.1,16.1,0.0,0.0,0.0,13.0,82.0,0.0,0.0,1.0,138.0,0.0,100400.0
2025-04-05 06:00:00,23.2016682291147,20.6088120154538,0.0,1.775,13.6,87,100,3.8,70,13.9,16.9,16.1,0.1,0.1,0.02,12.0,86.0,0.0,0.0,0.0,92.0,0.0,100390.0
2025-04-05 07:00:00,22.9742468673935,20.5058216403286,0.0,1.7748809523809523,15.2,84,30,5.2,86,14.4,16.7,16.1,0.0,0.0,0.03,13.0,80.0,0.0,0.0,1.0,184.0,0.0,100440.0
2025-04-05 08:00:00,23.0962885805919,20.5156634829415,0.0,1.7747619047619048,16.8,79,36,3.8,73,15.5,16.6,16.1,0.0,0.0,0.09,13.0,86.0,149.0,0.0,0.0,103.0,0.0,100450.0
2025-04-05 09:00:00,23.177237635703,20.42865124572655,0.0,1.7746428571428572,18.2,71,32,4.7,20,17.0,16.6,16.1,0.0,0.0,0.22,15.0,84.0,8036.0,0.0,0.0,109.0,0.0,100480.0
2025-04-05 10:00:00,23.276863806181,20.3416390085116,0.0,1.7745238095238096,19.4,66,29,4.8,19,18.6,16.7,16.1,0.1,0.1,0.31,17.0,77.0,30560.0,1.0,2.0,119.0,0.0,100480.0
2025-04-05 11:00:00,23.0267854999727,20.3007519370006,0.0,1.7744047619047618,20.8,61,51,7.2,10,20.3,16.8,16.1,0.1,0.1,0.42,19.0,70.0,32318.0,2.0,0.0,217.0,0.0,100490.0
2025-04-05 12:00:00,23.0540441530488,20.3889476604949,0.0,1.7742857142857142,20.3,62,90,12.7,13,20.8,17.0,16.1,0.0,0.0,0.32,19.0,68.0,47622.0,4.0,2.0,77.0,0.0,100540.0
2025-04-05 13:00:00,22.9941104509401,20.1672358827062,0.0,1.7741666666666667,20.1,63,99,13.1,13,21.8,17.3,16.1,0.1,0.1,0.42,20.0,65.0,44610.0,4.0,2.0,30.0,0.0,100490.0
2025-04-05 14:00:00,22.840765186058,20.1323027348085,0.0,1.774047619047619,20.4,60,100,12.9,14,22.3,17.6,16.1,0.0,0.0,0.42,21.0,60.0,97685.0,7.0,5.0,1.0,0.0,100450.0
2025-04-05 15:00:00,22.79253026941,19.9674423232688,0.0,1.7739285714285715,19.7,61,99,14.2,14,22.2,17.8,16.1,0.0,0.0,0.32,20.0,63.0,98499.0,8.0,5.0,42.0,0.0,100400.0
2025-04-05 16:00:00,22.8908260730503,19.6798615368378,0.0,1.7738095238095237,18.9,62,83,11.7,21,21.8,18.0,16.2,0.0,0.0,0.25,20.0,57.0,88264.0,6.0,4.0,48.0,0.0,100340.0
2025-04-05 17:00:00,22.6910945440446,19.7404890746831,0.0,1.7736904761904762,18.1,63,92,10.6,22,21.1,18.2,16.2,0.0,0.0,0.19,20.0,58.0,68260.0,3.0,4.0,354.0,0.0,100310.0
2025-04-05 18:00:00,22.6980477368798,19.4709571293806,0.0,1.7735714285714286,17.0,66,82,5.1,35,20.0,18.3,16.2,0.0,0.0,0.08,19.0,55.0,46700.0,3.0,4.0,14.0,0.0,100310.0
2025-04-05 19:00:00,22.9172434431668,19.5378978244974,0.0,1.773452380952381,15.1,75,95,3.4,91,18.6,18.3,16.2,0.0,0.0,0.02,19.0,56.0,15852.0,1.0,3.0,42.0,0.0,100310.0
2025-04-05 20:00:00,22.517849233271,19.6048385196142,0.0,1.7733333333333334,13.9,80,4,4.3,142,17.4,18.2,16.2,0.0,0.0,0.0,18.0,60.0,6698.0,0.0,3.0,42.0,0.0,100310.0
2025-04-05 21:00:00,22.7879831427884,19.4958752100306,0.0,1.7732142857142856,13.1,84,1,4.1,173,16.3,18.1,16.2,0.0,0.0,0.0,16.0,70.0,0.0,0.0,1.0,48.0,0.0,100320.0
2025-04-05 22:00:00,22.7095335081785,19.425285028655832,0.0,1.773095238095238,12.7,83,3,4.6,197,15.6,17.9,16.2,0.0,0.0,0.0,15.0,68.0,0.0,0.0,2.0,132.0,0.0,100330.0
2025-04-05 23:00:00,22.7050297718484,19.354694847281067,0.0,1.7729761904761905,12.6,80,4,5.4,211,15.0,17.8,16.2,0.0,0.0,0.0,14.0,74.0,0.0,0.0,0.0,174.0,0.0,100370.0
2025-04-06 00:00:00,22.5856734974379,19.2841046659063,0.0,1.772857142857143,12.3,77,6,5.5,223,14.5,17.6,16.2,0.0,0.0,0.0,13.0,70.0,0.0,0.0,0.0,312.0,0.0,100380.0
2025-04-06 01:00:00,22.5946022244143,19.2526443838338,0.0,1.7727380952380953,12.3,75,2,4.8,228,14.3,17.5,16.2,0.0,0.0,0.0,14.0,75.0,0.0,0.0,0.0,270.0,0.0,100390.0
2025-04-06 02:00:00,22.6725598784831,19.4174142646678,0.0,1.7726190476190475,12.1,71,2,3.9,211,13.8,17.2,16.2,0.0,0.0,0.0,12.0,82.0,0.0,0.0,1.0,198.0,0.0,100390.0
2025-04-06 03:00:00,22.6469081453822,19.411815548678902,0.0,1.7725,11.8,69,5,3.6,207,13.3,17.0,16.3,0.0,0.0,0.0,12.0,75.0,0.0,0.0,0.0,182.0,0.0,100360.0
2025-04-06 04:00:00,22.8150456629455,19.40621683269,0.0,1.7723809523809524,11.3,70,2,5.1,237,12.9,16.8,16.3,0.0,0.0,0.01,12.0,72.0,0.0,0.0,0.0,144.0,0.0,100300.0
2025-04-06 05:00:00,22.6514170864416,19.4006181167011,0.0,1.7722619047619048,11.1,70,2,6.4,239,12.6,16.5,16.3,0.0,0.0,0.01,9.0,83.0,0.0,0.0,0.0,234.0,0.0,100280.0
2025-04-06 06:00:00,22.7966134026595,19.5092347146433,0.0,1.7721428571428572,10.9,70,0,6.4,232,12.4,16.3,16.3,0.0,0.0,0.03,9.0,83.0,0.0,0.0,0.0,173.0,0.0,100290.0
2025-04-06 07:00:00,22.6430585091587,19.4421942197973,0.0,1.7720238095238094,13.5,65,17,7.1,227,12.8,16.1,16.3,0.0,0.0,0.05,10.0,78.0,0.0,0.0,0.0,180.0,0.0,100290.0
2025-04-06 08:00:00,22.6965394446572,19.4697811960212,0.0,1.7719047619047619,17.2,55,98,4.7,233,14.3,16.0,16.3,0.0,0.0,0.15,9.0,79.0,632.0,0.0,1.0,161.0,0.0,100300.0
2025-04-06 09:00:00,22.7602939525082,19.44855925562055,0.0,1.7717857142857143,19.4,47,93,5.3,276,16.3,15.9,16.3,0.0,0.0,0.27,13.0,69.0,9094.0,0.0,1.0,204.0,0.0,100330.0
2025-04-06 10:00:00,22.622110769752,19.4273373152199,0.0,1.7716666666666667,20.9,45,99,6.8,288,18.3,16.0,16.2,0.0,0.0,0.39,16.0,57.0,29741.0,1.0,4.0,262.0,0.0,100350.0
2025-04-06 11:00:00,22.5764802961813,19.0475088797153,0.0,1.7715476190476191,22.3,43,100,8.7,302,20.1,16.2,16.2,0.0,0.0,0.47,19.0,49.0,57517.0,5.0,3.0,300.0,0.0,100370.0
2025-04-06 12:00:00,22.5632989782307,19.2059984248037,0.0,1.7714285714285714,22.2,45,100,12.7,329,21.2,16.5,16.2,0.0,0.0,0.46,20.0,46.0,36736.0,3.0,3.0,348.0,0.0,100390.0
2025-04-06 13:00:00,22.3686886451374,19.1328905343542,0.0,1.7713095238095238,21.3,47,27,15.3,344,21.2,16.8,16.2,0.0,0.0,0.37,20.0,50.0,62016.0,4.0,5.0,2.0,0.0,100380.0
2025-04-06 14:00:00,22.4788988652804,19.0942741316978,0.0,1.7711904761904762,21.4,43,3,15.5,338,22.0,17.0,16.3,0.0,0.0,0.48,20.0,58.0,48047.0,4.0,4.0,354.0,0.0,100350.0
2025-04-06 15:00:00,22.2939376635599,18.7902188147797,0.0,1.7710714285714286,21.4,43,2,13.1,337,22.4,17.3,16.3,0.0,0.0,0.44,21.0,53.0,102807.0,7.0,4.0,343.0,0.0,100350.0
2025-04-06 16:00:00,22.3956590498762,18.760032892979,0.0,1.770952380952381,20.6,46,58,13.1,344,22.2,17.6,16.3,0.0,0.0,0.35,21.0,50.0,71412.0,6.0,5.0,33.0,0.0,100320.0
2025-04-06 17:00:00,22.2785442415401,18.6582568944829,0.0,1.7708333333333333,19.5,51,22,7.2,360,21.5,17.8,16.3,0.0,0.0,0.21,21.0,48.0,67019.0,5.0,5.0,58.0,0.0,100280.0
2025-04-06 18:00:00,22.3530005403294,18.6147815238403,0.0,1.7707142857142857,18.0,64,94,2.7,65,20.4,17.9,16.3,0.0,0.0,0.07,21.0,44.0,42846.0,2.0,5.0,344.0,0.0,100250.0
2025-04-06 19:00:00,22.2356317035191,18.4118592619727,0.0,1.770595238095238,15.7,68,12,4.4,117,18.7,18.0,16.3,0.0,0.0,0.03,20.0,48.0,10410.0,1.0,2.0,6.0,0.0,100290.0
2025-04-06 20:00:00,22.1542691405208,18.3520998857163,0.0,1.7704761904761905,14.3,74,9,4.0,163,17.3,17.9,16.3,0.0,0.0,0.0,19.0,51.0,3330.0,0.0,1.0,14.0,0.0,100330.0
2025-04-06 21:00:00,22.2332983513267,18.4142454698377,0.0,1.770357142857143,13.6,74,11,5.0,182,16.3,17.8,16.3,0.0,0.0,0.0,16.0,61.0,0.0,0.0,2.0,78.0,0.0,100410.0
2025-04-06 22:00:00,22.2603402371635,18.5768951045838,0.0,1.7702380952380952,13.4,67,7,6.5,203,15.6,17.7,16.3,0.0,0.0,0.01,15.0,63.0,0.0,0.0,0.0,58.0,0.0,100460.0
2025-04-06 23:00:00,22.1757620523165,18.3465621222994,0.0,1.7701190476190476,13.2,63,13,6.9,209,15.0,17.5,16.3,0.0,0.0,0.02,13.0,72.0,0.0,0.0,1.0,216.0,0.0,100500.0
2025-04-07 00:00:00,22.1271236521538,18.3327391746316,0.0,1.77,13.1,62,61,7.2,216,14.5,17.4,16.3,0.0,0.0,0.02,12.0,76.0,0.0,0.0,1.0,90.0,0.0,100500.0
2025-04-07 01:00:00,22.0221432098104,18.3186217281495,0.0,1.7698809523809524,12.8,64,0,6.9,213,14.3,17.2,16.3,0.0,0.0,0.02,14.0,62.0,0.0,0.0,1.0,282.0,0.0,100460.0
2025-04-07 02:00:00,22.1849766389733,18.3758412684662,0.0,1.7697619047619049,12.9,65,0,7.6,214,14.0,17.0,16.3,0.0,0.0,0.02,12.0,70.0,0.0,0.0,0.0,172.0,0.0,100450.0
2025-04-07 03:00:00,22.2589902472593,18.4610440778546,0.0,1.769642857142857,12.6,68,31,6.4,214,13.8,16.8,16.3,0.0,0.0,0.01,11.0,74.0,0.0,0.0,0.0,174.0,0.0,100430.0
2025-04-07 04:00:00,22.0562871999532,18.5636943821993,0.0,1.7695238095238095,12.5,70,23,6.0,221,13.5,16.7,16.3,0.0,0.0,0.01,11.0,77.0,0.0,0.0,0.0,192.0,0.0,100430.0
2025-04-07 05:00:00,22.1246846840383,18.4531621433473,0.0,1.769404761904762,12.5,72,19,6.7,211,13.4,16.5,16.3,0.0,0.0,0.01,12.0,68.0,0.0,0.0,0.0,228.0,0.0,100400.0
2025-04-07 06:00:00,22.0073988792135,18.4689015125969,0.0,1.7692857142857144,12.0,76,11,5.6,200,13.2,16.3,16.3,0.0,0.0,0.03,9.0,78.0,0.0,0.0,0.0,148.0,0.0,100410.0
2025-04-07 07:00:00,22.1189196040132,18.403596043336,0.0,1.7691666666666668,14.3,73,10,7.3,195,13.6,16.1,16.3,0.0,0.0,0.05,9.0,80.0,0.0,0.0,2.0,156.0,0.0,100450.0
2025-04-07 08:00:00,21.9185127509448,18.5014041589098,0.0,1.769047619047619,18.5,60,0,4.1,197,15.1,16.0,16.3,0.0,0.0,0.15,11.0,77.0,1790.0,0.0,0.0,192.0,0.0,100510.0
2025-04-07 09:00:00,22.0802960539256,18.324552335858,0.0,1.7689285714285714,20.6,50,0,1.3,201,17.1,16.1,16.3,0.0,0.0,0.27,12.0,76.0,6111.0,0.0,0.0,300.0,0.0,100530.0
2025-04-07 10:00:00,22.0208701881353,18.4869077435569,0.0,1.7688095238095238,22.0,46,0,2.5,21,19.3,16.2,16.3,0.0,0.0,0.4,16.0,65.0,19280.0,1.0,0.0,264.0,0.0,100560.0
2025-04-07 11:00:00,22.0303136249973,18.2160409231145,0.0,1.7686904761904763,23.2,42,0,4.7,19,21.3,16.4,16.3,0.0,0.0,0.51,21.0,49.0,64874.0,6.0,0.0,191.0,0.0,100590.0
2025-04-07 12:00:00,21.963784693405,18.3580172003528,0.0,1.7685714285714287,24.2,39,0,8.2,18,22.9,16.7,16.3,0.0,0.0,0.58,22.0,41.0,84707.0,7.0,3.0,288.0,0.0,100610.0
2025-04-07 13:00:00,22.1044002738828,18.3339752241023,0.0,1.7684523809523809,24.2,41,0,11.9,26,23.9,17.1,16.3,0.0,0.0,0.59,23.0,41.0,98144.0,8.0,1.0,49.0,0.0,100560.0
2025-04-07 14:00:00,22.1161575108523,18.2654503642899,0.0,1.7683333333333333,23.5,42,0,15.8,34,24.3,17.5,16.3,0.0,0.0,0.55,24.0,35.0,102141.0,5.0,2.0,227.0,0.0,100510.0
2025-04-07 15:00:00,21.9400177653003,17.919346643758,0.0,1.7682142857142857,22.8,43,0,16.6,42,24.2,17.9,16.3,0.0,0.0,0.48,24.0,39.0,96460.0,9.0,3.0,35.0,0.0,100480.0
2025-04-07 16:00:00,21.9380740297313,17.8704535012317,0.0,1.7680952380952382,22.0,46,0,15.7,47,23.7,18.2,16.3,0.0,0.0,0.38,24.0,39.0,83922.0,6.0,4.0,49.0,0.0,100460.0
2025-04-07 17:00:00,21.7050125822549,18.1924206357795,0.0,1.7679761904761906,20.9,49,0,14.5,47,22.8,18.4,16.4,0.0,0.0,0.25,22.0,47.0,64028.0,5.0,4.0,40.0,0.0,100460.0
2025-04-07 18:00:00,21.8782524379276,17.9540903952719,0.0,1.7678571428571428,19.0,56,0,11.1,50,21.5,18.6,16.4,0.0,0.0,0.12,22.0,47.0,39023.0,3.0,3.0,36.0,0.0,100490.0
2025-04-07 19:00:00,21.8792081696612,18.2066882955744,0.0,1.7677380952380952,16.3,69,0,5.9,62,19.9,18.6,16.4,0.0,0.0,0.04,21.0,51.0,14744.0,1.0,3.0,38.0,0.0,100500.0
2025-04-07 20:00:00,21.857636213924,17.9978816003166,0.0,1.7676190476190476,15.4,75,0,4.5,67,18.4,18.6,16.4,0.0,0.0,0.0,19.0,59.0,2703.0,0.0,2.0,66.0,0.0,100550.0
2025-04-07 21:00:00,21.826598775928,18.0801274660984,0.0,1.7675,15.1,76,0,3.2,63,17.1,18.5,16.4,0.0,0.0,0.0,16.0,68.0,0.0,0.0,0.0,70.0,0.0,100560.0
2025-04-07 22:00:00,21.8195296033162,18.0538077801251,0.0,1.7673809523809525,14.7,78,0,2.1,54,16.1,18.4,16.4,0.0,0.0,0.0,14.0,74.0,0.0,0.0,0.0,192.0,0.0,100640.0
2025-04-07 23:00:00,21.8665559667126,18.0477791028295,0.0,1.7672619047619047,14.5,80,0,1.2,44,15.3,18.2,16.4,0.0,0.0,0.0,13.0,76.0,0.0,0.0,0.0,186.0,0.0,100640.0
2025-04-08 00:00:00,21.6569986341222,18.1213595522512,0.0,1.7671428571428571,13.9,82,0,1.3,15,14.6,18.0,16.4,0.0,0.0,0.0,13.0,79.0,0.0,0.0,0.0,192.0,0.0,100650.0
2025-04-08 01:00:00,21.6818596846418,18.0515964180903,0.0,1.7670238095238096,13.2,84,0,2.6,322,14.0,17.8,16.4,0.0,0.0,0.0,11.0,81.0,0.0,0.0,0.0,162.0,0.0,100670.0
2025-04-08 02:00:00,21.7701848713205,18.0307419855662,0.0,1.766904761904762,12.5,83,0,4.1,291,13.6,17.5,16.4,0.0,0.0,0.0,11.0,83.0,0.0,0.0,0.0,175.0,0.0,100650.0
2025-04-08 03:00:00,21.7161387332187,18.135708730844,0.0,1.7667857142857144,12.4,81,0,2.9,294,13.2,17.3,16.4,0.0,0.0,0.0,10.0,81.0,0.0,0.0,0.0,178.0,0.0,100640.0
2025-04-08 04:00:00,21.8242115886268,18.1748316928831,0.0,1.7666666666666666,12.4,78,0,2.9,299,12.9,17.0,16.4,0.0,0.0,0.0,10.0,84.0,0.0,0.0,0.0,167.0,0.0,100590.0
2025-04-08 05:00:00,21.9346406205213,18.0428226582862,0.0,1.766547619047619,12.1,77,0,1.8,343,12.6,16.8,16.4,0.0,0.0,0.0,10.0,85.0,0.0,0.0,0.0,165.0,0.0,100570.0
2025-04-08 06:00:00,21.6649165996447,18.067355737193,0.0,1.7664285714285715,11.7,77,0,1.9,354,12.3,16.5,16.4,0.0,0.0,0.02,10.0,85.0,0.0,0.0,1.0,167.0,0.0,100560.0
2025-04-08 07:00:00,21.9404793680605,18.2361750682475,0.0,1.7663095238095239,14.0,70,0,3.2,355,12.9,16.3,16.4,0.0,0.0,0.04,9.0,87.0,0.0,0.0,0.0,192.0,0.0,100570.0
2025-04-08 08:00:00,21.8043127206778,17.9351835276686,0.0,1.7661904761904763,17.3,64,0,5.7,347,14.5,16.2,16.4,0.0,0.0,0.15,10.0,85.0,2999.0,0.0,0.0,174.0,0.0,100590.0
2025-04-08 09:00:00,21.89517047039,18.2064598797504,0.0,1.7660714285714285,19.8,54,0,7.7,345,16.5,16.2,16.4,0.0,0.0,0.29,14.0,80.0,15233.0,1.0,0.0,288.0,0.0,100620.0
2025-04-08 10:00:00,21.8530093932688,18.3325749204842,0.0,1.765952380952381,22.5,45,0,10.7,356,18.6,16.3,16.4,0.0,0.0,0.43,17.0,77.0,41647.0,2.0,2.0,48.0,0.0,100620.0
2025-04-08 11:00:00,21.8660371009335,18.1620077883701,0.0,1.7658333333333334,23.7,41,0,17.2,15,20.5,16.5,16.4,0.0,0.0,0.54,21.0,64.0,68910.0,6.0,2.0,44.0,0.0,100620.0
2025-04-08 12:00:00,21.8038592660409,17.9715527601723,0.0,1.7657142857142858,24.0,39,0,17.3,26,22.0,16.7,16.4,0.0,0.0,0.59,23.0,52.0,85190.0,6.0,1.0,357.0,0.0,100580.0
2025-04-08 13:00:00,21.6624669452746,17.9208568546692,0.0,1.7655952380952382,23.9,41,0,14.1,40,23.0,17.1,16.4,0.0,0.0,0.59,23.0,53.0,97230.0,8.0,4.0,42.0,0.0,100540.0
2025-04-08 14:00:00,21.7753705030451,18.0869683827395,0.0,1.7654761904761904,24.3,42,0,15.7,49,23.7,17.4,16.4,0.0,0.0,0.57,24.0,43.0,99979.0,8.0,4.0,26.0,0.0,100480.0
2025-04-08 15:00:00,21.5316875695026,17.9725438430984,0.0,1.7653571428571428,24.3,45,6,15.0,45,24.0,17.8,16.5,0.0,0.0,0.49,24.0,45.0,94086.0,7.0,5.0,28.0,0.0,100420.0
2025-04-08 16:00:00,21.6957176616561,18.0490455079324,0.0,1.7652380952380953,23.1,52,5,14.5,36,23.8,18.1,16.5,0.0,0.0,0.37,24.0,46.0,79712.0,8.0,4.0,38.0,0.0,100350.0
2025-04-08 17:00:00,21.4150669005499,17.6656529078864,0.0,1.7651190476190477,22.0,56,3,11.2,29,23.0,18.4,16.5,0.0,0.0,0.24,24.0,46.0,58886.0,3.0,5.0,18.0,0.0,100300.0
2025-04-08 18:00:00,21.5654733160819,17.8306275463351,0.0,1.765,20.0,65,5,7.9,360,21.8,18.6,16.5,0.0,0.0,0.1,24.0,53.0,32679.0,2.0,3.0,0.0,0.0,100290.0
2025-04-08 19:00:00,21.6910107612316,17.8466433448368,0.0,1.7648809523809523,17.2,74,2,5.4,351,20.2,18.7,16.5,0.0,0.0,0.03,22.0,55.0,11616.0,1.0,3.0,36.0,0.0,100320.0
2025-04-08 20:00:00,21.6133859652474,17.9699904428493,0.0,1.7647619047619048,16.3,77,13,3.3,357,18.8,18.7,16.5,0.0,0.0,0.0,20.0,63.0,1573.0,0.0,4.0,16.0,0.0,100340.0
2025-04-08 21:00:00,21.587563152209,17.67860874182,0.0,1.7646428571428572,15.7,79,42,2.4,347,17.7,18.6,16.5,0.0,0.0,0.0,18.0,72.0,0.0,0.0,1.0,348.0,0.0,100450.0
2025-04-08 22:00:00,21.7205815466045,17.8419350541598,0.0,1.7645238095238096,15.3,82,76,6.9,286,17.0,18.5,16.5,0.0,0.0,0.0,16.0,80.0,0.0,0.0,0.0,53.0,0.0,100490.0
2025-04-08 23:00:00,21.4093754964098,17.7503502644562,0.0,1.7644047619047618,15.4,81,23,13.6,262,16.7,18.4,16.5,0.0,0.0,0.02,15.0,82.0,0.0,0.0,0.0,192.0,0.0,100530.0
2025-04-09 00:00:00,21.633821152835,17.8584245040546,0.0,1.7642857142857142,15.2,82,91,10.1,261,16.4,18.2,16.5,0.0,0.0,0.01,15.0,83.0,0.0,0.0,0.0,210.0,0.0,100540.0
2025-04-09 01:00:00,21.6644133759251,18.0219955994259,0.0,1.7641666666666667,14.2,85,98,7.5,256,15.6,18.1,16.5,0.0,0.0,0.0,14.0,83.0,0.0,0.0,0.0,180.0,0.0,100530.0
2025-04-09 02:00:00,21.6679482027731,17.8930490057468,0.0,1.764047619047619,13.8,90,100,11.9,254,15.3,17.9,16.6,0.0,0.0,0.0,15.0,85.0,0.0,0.0,0.0,78.0,0.0,100510.0
2025-04-09 03:00:00,21.5262503849231,17.818847768047,0.0,1.7639285714285715,13.3,94,79,12.7,253,15.1,17.7,16.6,0.0,0.0,0.0,12.0,90.0,0.0,0.0,0.0,324.0,0.0,100470.0
2025-04-09 04:00:00,21.600503125765,18.0733314888422,0.0,1.7638095238095237,13.1,94,8,11.0,261,14.9,17.6,16.6,0.0,0.0,0.0,12.0,89.0,0.0,0.0,0.0,188.0,0.0,100450.0
2025-04-09 05:00:00,21.6245751223557,18.0215597243077,0.0,1.7636904761904761,12.9,94,0,8.7,273,14.6,17.4,16.6,0.0,0.0,0.0,11.0,89.0,0.0,0.0,0.0,176.0,0.0,100440.0
2025-04-09 06:00:00,21.4610648459329,18.0797701935045,0.0,1.7635714285714286,12.6,94,0,6.4,278,14.4,17.2,16.6,0.0,0.0,0.02,11.0,91.0,0.0,0.0,0.0,173.0,0.0,100410.0
2025-04-09 07:00:00,21.6490108158854,17.7130940150889,0.0,1.763452380952381,14.7,87,0,7.0,292,14.7,17.1,16.6,0.0,0.0,0.04,11.0,92.0,0.0,0.0,0.0,173.0,0.0,100400.0
2025-04-09 08:00:00,21.5821568623598,17.8609521797769,0.0,1.7633333333333334,17.3,78,0,5.7,306,16.0,17.0,16.6,0.0,0.0,0.14,11.0,90.0,4728.0,0.0,0.0,154.0,0.0,100430.0
2025-04-09 09:00:00,21.8273823441854,17.970243729891,0.0,1.7632142857142856,19.2,71,0,6.4,346,17.8,17.0,16.6,0.0,0.0,0.27,16.0,81.0,18089.0,1.0,0.0,179.0,0.0,100440.0
2025-04-09 10:00:00,21.623779262188,18.0179743042417,0.0,1.763095238095238,21.1,63,0,9.2,18,19.7,17.0,16.6,0.0,0.0,0.4,19.0,73.0,44385.0,3.0,0.0,118.0,0.0,100450.0
2025-04-09 11:00:00,21.4680968877692,17.8696381450387,0.0,1.7629761904761905,22.8,57,0,11.9,33,21.5,17.2,16.6,0.0,0.0,0.5,20.0,73.0,68756.0,5.0,1.0,42.0,0.0,100490.0
2025-04-09 12:00:00,21.5246592300553,17.8466036279918,0.0,1.762857142857143,23.4,55,3,14.6,37,23.0,17.5,16.6,0.0,0.0,0.55,21.0,66.0,86396.0,6.0,1.0,114.0,0.0,100470.0
2025-04-09 13:00:00,21.3319559201215,17.8041191878802,0.0,1.7627380952380953,22.6,63,2,15.4,33,23.5,17.8,16.6,0.0,0.0,0.53,22.0,67.0,99351.0,9.0,4.0,353.0,0.0,100380.0
2025-04-09 14:00:00,21.5813255995095,17.5948383193186,0.0,1.7626190476190475,22.1,63,17,15.4,36,24.0,18.2,16.6,0.0,0.0,0.49,21.0,72.0,94854.0,6.0,4.0,23.0,0.0,100320.0
2025-04-09 15:00:00,21.6011733122586,17.5583443334269,0.0,1.7625,21.5,66,95,15.6,42,24.1,18.5,16.6,0.0,0.0,0.42,21.0,71.0,90484.0,7.0,4.0,31.0,0.0,100260.0
2025-04-09 16:00:00,21.3234460386696,17.50384704322745,0.0,1.7623809523809524,21.0,67,100,14.5,38,23.7,18.8,16.6,0.0,0.0,0.31,22.0,72.0,82578.0,7.0,5.0,44.0,0.0,100190.0
2025-04-09 17:00:00,21.5225855679072,17.449349753028,0.0,1.7622619047619048,19.6,73,100,12.1,33,22.7,19.0,16.6,0.0,0.0,0.16,20.0,76.0,42173.0,2.0,2.0,18.0,0.0,100150.0
2025-04-09 18:00:00,21.2920496812924,17.3431263905916,0.0,1.7621428571428572,18.1,81,100,12.3,44,21.4,19.1,16.6,0.0,0.0,0.07,19.0,80.0,10486.0,0.0,4.0,43.0,0.0,100130.0
2025-04-09 19:00:00,21.6566894372443,17.5194342350306,0.0,1.7620238095238094,17.2,87,100,8.4,36,20.3,19.1,16.6,0.0,0.0,0.03,18.5,81.0,8218.0,0.0,3.5,37.5,0.0,100120.0
2025-04-09 20:00:00,21.2507817247327,17.3116850363645,0.0,1.7619047619047619,16.1,94,34,6.9,359,19.3,19.1,16.7,0.0,0.0,0.0,18.0,82.0,5950.0,0.0,3.0,32.0,0.0,100110.0
2025-04-09 21:00:00,21.4129894482427,17.4827949227153,0.0,1.7617857142857143,14.7,100,96,3.8,8,18.3,19.1,16.7,0.0,0.0,0.0,17.0,88.0,464.0,0.0,3.0,53.0,0.0,100090.0
2025-04-09 22:00:00,21.5583409060295,17.2129715322633,0.0,1.7616666666666667,14.0,100,100,2.2,15,17.4,18.9,16.7,0.0,0.0,0.0,17.0,90.0,0.0,0.0,2.0,43.0,0.0,100160.0
2025-04-09 23:00:00,21.2769519905773,17.3431758571087,0.0,1.7615476190476191,13.8,100,100,1.3,10,16.6,18.8,16.7,0.0,0.0,0.0,16.0,91.0,0.0,0.0,1.0,66.0,0.0,100220.0
2025-04-10 00:00:00,21.5505588699728,17.4151998835986,0.0,1.7614285714285713,13.5,98,100,1.9,359,15.9,18.6,16.7,0.0,0.0,0.0,16.0,92.0,0.0,0.0,0.0,14.0,0.0,100230.0
2025-04-10 01:00:00,21.4972241144379,17.4839964843043,0.0,1.7613095238095238,13.9,98,100,5.3,18,15.9,18.5,16.7,0.0,0.0,0.0,15.0,91.0,0.0,0.0,0.0,161.0,0.0,100210.0
2025-04-10 02:00:00,21.4457125238731,17.2645884451873,0.0,1.7611904761904762,13.5,99,100,7.0,1,15.8,18.3,16.7,0.0,0.0,0.0,16.0,92.0,0.0,0.0,0.0,150.0,0.0,100220.0
2025-04-10 03:00:00,21.4307337229757,17.2643611875016,0.0,1.7610714285714286,13.1,99,100,6.6,349,15.6,18.1,16.7,0.0,0.0,0.0,17.0,91.0,0.0,0.0,0.0,36.0,0.0,100130.0
2025-04-10 04:00:00,21.5733996005773,17.3887277588951,0.0,1.760952380952381,13.4,99,100,4.0,317,15.5,17.9,16.7,0.0,0.0,0.0,16.0,91.0,0.0,0.0,2.0,66.0,0.0,100090.0
2025-04-10 05:00:00,21.3786845515349,17.4683698407431,0.0,1.7608333333333333,14.0,93,100,3.0,346,15.5,17.8,16.7,0.0,0.0,0.0,16.0,91.0,0.0,0.0,0.0,66.0,0.0,100120.0
2025-04-10 06:00:00,21.3696051091943,17.580865370704,0.0,1.7607142857142857,15.1,93,100,9.6,71,15.5,17.6,16.7,0.0,0.0,0.02,17.0,90.0,0.0,0.0,0.0,222.0,0.0,100150.0
2025-04-10 07:00:00,21.3863365101044,17.5302717300542,0.0,1.760595238095238,16.7,92,71,9.3,30,15.9,17.5,16.7,0.0,0.0,0.03,16.0,91.0,0.0,0.0,0.0,113.0,0.0,100090.0
2025-04-10 08:00:00,21.1594428109781,17.5649963503406,0.0,1.7604761904761905,18.7,84,99,9.4,356,16.9,17.4,16.7,0.0,0.0,0.11,16.0,91.0,38.0,0.0,0.0,70.0,0.0,100100.0
2025-04-10 09:00:00,21.1662378724822,17.6156935859541,0.0,1.760357142857143,21.3,70,100,8.5,342,18.4,17.4,16.7,0.0,0.0,0.24,17.0,90.0,2506.0,0.0,0.0,179.0,0.0,100160.0
2025-04-10 10:00:00,21.326547701139,17.2066353451702,0.0,1.7602380952380952,22.9,59,100,11.3,355,20.2,17.5,16.8,0.0,0.0,0.37,17.0,87.0,9176.0,0.0,0.0,126.0,0.0,100160.0
2025-04-10 11:00:00,21.3973335323322,17.3502184570103,0.0,1.7601190476190476,23.0,56,100,10.7,13,21.7,17.7,16.8,0.0,0.0,0.46,18.0,84.0,37620.0,2.0,1.0,124.0,0.0,100150.0
2025-04-10 12:00:00,21.2041558259216,17.4674153940773,0.0,1.76,23.7,56,94,12.1,33,23.1,18.0,16.8,0.0,0.0,0.51,20.0,78.0,36739.0,3.0,2.0,67.0,0.0,100210.0
2025-04-10 13:00:00,21.2380363414854,17.2966922842393,0.0,1.76,21.5,70,100,16.8,38,22.7,18.1,16.8,0.0,0.0,0.43,20.0,78.0,64737.0,5.0,3.0,31.0,0.0,100230.0
2025-04-10 14:00:00,21.4354732933869,17.4263348359231,0.0,1.76,20.4,74,100,14.6,41,22.8,18.4,16.8,0.0,0.0,0.34,20.0,78.0,79870.0,6.0,4.0,6.0,0.0,100230.0
2025-04-10 15:00:00,21.1308033047718,17.464644619138,0.0,1.76,19.4,78,100,16.3,45,22.2,18.6,16.8,0.0,0.0,0.21,20.0,81.0,32985.0,2.0,5.0,32.0,0.0,100250.0
2025-04-10 16:00:00,21.2422491277896,17.5029196116223,0.0,1.76,18.8,80,100,17.5,45,21.6,18.7,16.8,0.0,0.0,0.18,19.0,81.0,28404.0,2.0,5.0,42.0,0.0,100250.0
2025-04-10 17:00:00,21.2176571066834,17.3630022785855,0.0,1.76,18.1,84,100,16.4,47,20.9,18.9,16.8,0.0,0.0,0.12,19.0,84.0,13326.0,0.0,5.0,66.0,0.0,100230.0
2025-04-10 18:00:00,21.1810837047394,17.3606592426485,0.0,1.76,17.4,87,100,14.8,50,20.1,18.9,16.8,0.0,0.0,0.06,18.0,85.0,10087.0,0.0,4.0,54.0,0.0,100220.0
2025-04-10 19:00:00,21.1293631626393,17.5158721661442,0.0,1.76,16.2,93,100,13.2,50,19.2,18.9,16.8,0.0,0.0,0.02,18.0,85.0,8056.0,0.0,4.0,90.0,0.0,100190.0
2025-04-10 20:00:00,21.4221383150741,17.4621833445202,0.0,1.76,16.1,94,100,15.7,49,18.6,18.9,16.8,0.0,0.0,0.0,18.0,86.0,2441.0,0.0,4.0,48.0,0.0,100200.0
2025-04-10 21:00:00,21.1100111937731,17.4414111593613,0.0,1.76,16.0,95,100,17.2,52,18.2,18.8,16.8,0.0,0.0,0.0,17.0,88.0,61.0,0.0,3.0,77.0,0.0,100230.0
2025-04-10 22:00:00,21.1500586112847,17.4825075487215,0.0,1.76,16.1,95,100,15.9,52,17.9,18.7,16.8,0.0,0.0,0.0,17.0,88.0,0.0,0.0,2.0,48.0,0.0,100230.0
2025-04-10 23:00:00,21.2424479708632,17.5782883414271,0.0,1.76,15.6,97,100,15.8,50,17.6,18.6,16.9,0.0,0.0,0.0,17.0,88.0,0.0,0.0,2.0,64.0,0.0,100230.0
2025-04-11 00:00:00,21.0803879546266,17.2516814852104,0.0,1.76,15.5,97,100,15.3,50,17.4,18.5,16.9,0.0,0.0,0.0,17.0,89.0,0.0,0.0,3.0,65.0,0.0,100210.0
2025-04-11 01:00:00,21.2351912764965,17.6018032471193,0.0,1.76,15.7,95,100,17.7,49,17.6,18.5,16.9,0.0,0.0,0.0,17.0,90.0,0.0,0.0,3.0,48.0,0.0,100220.0
2025-04-11 02:00:00,21.3693125024853,17.4859769090847,0.0,1.76,15.3,99,100,13.3,42,17.3,18.4,16.9,0.0,0.0,0.0,17.0,91.0,0.0,0.0,2.0,60.0,0.0,100200.0
2025-04-11 03:00:00,21.2956034769502,17.4997979297151,0.0,1.76,14.9,100,100,10.4,27,17.1,18.3,16.9,0.0,0.0,0.0,17.0,92.0,0.0,0.0,1.0,88.0,0.0,100110.0
2025-04-11 04:00:00,21.3649557583702,17.5688642825559,0.0,1.76,14.6,100,100,9.0,8,16.9,18.2,16.9,0.0,0.0,0.0,17.0,93.0,0.0,0.0,1.0,48.0,0.0,100040.0
2025-04-11 05:00:00,21.202515854842,17.5918527101939,0.0,1.76,14.3,99,100,8.7,354,16.6,18.1,16.9,0.0,0.0,0.0,17.0,92.0,0.0,0.0,1.0,6.0,0.0,99940.0
2025-04-11 06:00:00,21.1937058214055,17.6165004813082,0.0,1.76,14.6,96,100,8.3,350,16.4,18.0,16.9,0.0,0.0,0.02,17.0,92.0,0.0,0.0,0.0,353.0,0.0,99940.0
2025-04-11 07:00:00,21.310528738908,17.6581813311203,0.0,1.76,16.0,90,100,8.4,353,16.4,17.9,16.9,0.0,0.0,0.03,17.0,92.0,0.0,0.0,0.0,330.0,0.0,99970.0
2025-04-11 08:00:00,21.2153990193376,17.6217014092294,0.0,1.76,18.6,81,100,7.6,354,17.0,17.8,16.9,0.0,0.0,0.1,16.0,93.0,228.0,0.0,0.0,25.0,0.0,99950.0
2025-04-11 09:00:00,21.3300775926324,17.541880984374,0.0,1.76,20.1,77,100,9.0,358,18.2,17.8,16.9,0.0,0.0,0.19,16.0,94.0,2991.0,0.0,2.0,282.0,0.0,100010.0
2025-04-11 10:00:00,21.2167572536088,17.6081841122301,0.0,1.76,23.8,68,100,7.5,1,19.9,17.8,16.9,0.0,0.0,0.33,17.0,92.0,7460.0,0.0,2.0,18.0,0.0,99960.0
2025-04-11 11:00:00,21.3364652979673,17.6371152421137,0.0,1.76,25.2,67,100,2.4,65,21.2,18.0,16.9,0.0,0.0,0.33,18.0,89.0,16476.0,1.0,2.0,33.0,0.0,100000.0
2025-04-11 12:00:00,21.0671663918712,17.6594726177573,18.89997894797872,1.76,27.0,56,100,5.4,177,22.5,18.2,16.9,0.0,0.0,0.34,18.0,88.0,32495.0,2.0,2.0,21.0,0.0,100040.0
2025-04-11 13:00:00,21.3713071947415,17.8557251285424,0.0,1.76,22.2,75,100,19.0,14,22.0,18.3,16.9,0.0,0.0,0.4,19.0,85.0,36728.0,2.0,3.0,42.0,0.0,100070.0
2025-04-11 14:00:00,21.1106818721845,17.8019947784429,0.0,1.76,21.8,74,100,17.1,0,22.5,18.5,16.9,0.0,0.0,0.37,19.0,85.0,33390.0,2.0,4.0,21.0,0.0,100050.0
2025-04-11 15:00:00,21.2284645246282,17.9264039313466,0.0,1.76,19.6,77,100,19.2,348,22.2,18.7,16.9,0.0,0.0,0.25,18.0,87.0,20850.0,1.0,3.0,30.0,0.0,100060.0
2025-04-11 16:00:00,21.1789391127743,18.0113268166258,0.0,1.76,18.0,86,100,8.3,350,22.0,18.9,17.0,0.0,0.0,0.24,19.0,83.0,41574.0,2.0,3.0,20.0,0.0,99980.0
2025-04-11 17:00:00,21.1173107195505,17.6714160833715,0.0,1.76,18.0,85,94,7.3,41,21.6,19.0,17.0,0.0,0.0,0.15,19.0,84.0,29554.0,2.0,2.0,24.0,0.0,99960.0
2025-04-11 18:00:00,20.9431428329193,17.6815896424168,0.0,1.76,16.3,92,98,8.1,16,20.7,19.1,17.0,0.0,0.0,0.06,19.0,85.0,18212.0,1.0,4.0,39.0,0.0,99960.0
2025-04-11 19:00:00,21.0012183486585,17.6359226728193,0.0,1.76,15.3,96,100,3.3,191,19.6,19.1,17.0,0.0,0.0,0.01,18.0,88.0,6181.0,0.0,3.0,19.0,0.0,99990.0
2025-04-11 20:00:00,21.2667521848521,17.8549838121231,0.0,1.76,15.2,97,100,2.9,356,18.7,19.1,17.0,0.0,0.0,0.0,17.0,90.0,1474.0,0.0,1.0,59.0,0.0,100000.0
2025-04-11 21:00:00,21.0521939418906,17.6232714900876,0.0,1.76,14.4,100,98,1.6,41,17.9,19.0,17.0,0.0,0.0,0.0,17.0,92.0,0.0,0.0,2.0,43.0,0.0,100060.0
2025-04-11 22:00:00,21.2163173717635,17.9198529431843,0.0,1.76,14.0,100,100,3.0,9,17.2,18.9,17.0,0.0,0.0,0.0,17.0,95.0,0.0,0.0,2.0,54.0,0.0,100060.0
2025-04-11 23:00:00,21.1341443921639,17.6683764233044,0.0,1.76,13.1,100,100,2.8,340,16.7,18.7,17.0,0.0,0.0,0.0,17.0,93.0,0.0,0.0,0.0,78.0,0.0,100090.0
2025-04-12 00:00:00,21.1909103128555,17.7421725526771,0.0,1.76,12.9,100,100,2.4,316,16.2,18.5,17.0,0.0,0.0,0.0,17.0,92.0,0.0,0.0,2.0,71.0,0.0,100120.0
2025-04-12 01:00:00,21.2037722808427,17.6808072258748,0.0,1.76,15.6,98,100,10.1,77,17.2,18.9,17.1,0.0,0.0,0.0,16.0,95.0,0.0,0.0,1.0,54.0,0.0,100170.0
2025-04-12 02:00:00,21.2361786526263,17.4554418022281,0.0,1.76,15.0,100,100,11.6,58,17.1,18.8,17.1,0.0,0.0,0.0,16.0,95.0,0.0,0.0,2.0,60.0,0.0,100160.0
2025-04-12 03:00:00,21.3039285782875,17.6224645342229,0.0,1.76,14.7,99,100,6.6,36,16.9,18.6,17.1,0.1,0.1,0.0,16.0,96.0,0.0,0.0,2.0,82.0,0.0,100130.0
2025-04-12 04:00:00,21.2138025988094,17.7699931426706,0.0,1.76,14.6,99,100,3.7,346,16.7,18.5,17.1,0.0,0.0,0.0,16.0,95.0,0.0,0.0,2.0,66.0,0.0,100030.0
2025-04-12 05:00:00,21.2896792339091,17.8972808945274,0.0,1.76,14.1,99,100,7.9,283,16.4,18.4,17.1,0.0,0.0,0.0,16.0,95.0,0.0,0.0,1.0,36.0,0.0,99990.0
2025-04-12 06:00:00,21.3654494003459,17.8421602448689,0.0,1.76,14.2,99,100,7.4,300,16.2,18.2,17.1,0.0,0.0,0.01,16.0,95.0,0.0,0.0,0.0,90.0,0.0,99930.0
2025-04-12 07:00:00,21.2088310936766,17.8696585786661,0.0,1.76,15.1,97,100,6.4,317,16.5,18.1,17.1,0.0,0.0,0.03,16.0,95.0,0.0,0.0,0.0,48.0,0.0,99880.0
2025-04-12 08:00:00,21.2602123113414,17.7685139369011,0.0,1.76,15.4,99,100,6.3,335,16.7,18.0,17.1,0.0,0.0,0.04,16.0,95.0,370.0,0.0,1.0,314.0,0.0,99970.0
2025-04-12 09:00:00,21.3584687177537,17.8111546763063,0.0,1.76,15.6,97,100,8.3,344,17.0,17.9,17.1,0.0,0.0,0.05,16.0,94.0,1333.0,0.0,0.0,43.0,0.0,100090.0
2025-04-12 10:00:00,21.2020456952981,17.8079905231437,0.0,1.76,16.3,93,100,7.9,330,17.5,17.8,17.1,0.0,0.0,0.09,17.0,92.0,2369.0,0.0,2.0,42.0,0.0,100120.0
2025-04-12 11:00:00,21.1686298329803,17.7804620884962,0.0,1.76,17.8,86,100,10.1,341,18.2,17.8,17.1,0.3,0.3,0.15,17.0,90.0,8526.0,0.0,3.0,144.0,0.0,100150.0
2025-04-12 12:00:00,21.1285327572522,17.522491506647,0.0,1.76,18.8,82,100,12.7,344,18.9,17.9,17.1,0.1,0.1,0.23,17.0,89.0,10330.0,0.0,0.0,53.0,0.0,100130.0
2025-04-12 13:00:00,21.1698379982498,17.6918560139554,0.0,1.76,19.1,87,100,9.1,57,18.4,17.8,17.1,0.3,0.3,0.17,17.0,92.0,7190.0,0.0,1.0,320.0,0.0,100220.0
2025-04-12 14:00:00,21.2877034862932,17.8591450172118,0.0,1.76,19.0,85,100,11.0,14,18.9,17.8,17.1,0.0,0.0,0.17,17.0,90.0,3807.0,0.0,0.0,86.0,0.0,100230.0
2025-04-12 15:00:00,21.2184193856495,17.8228165426153,0.0,1.76,18.5,85,100,11.0,358,19.1,17.9,17.1,0.1,0.1,0.16,18.0,88.0,13549.0,1.0,4.0,96.0,0.0,100100.0
2025-04-12 16:00:00,21.2685997881088,17.7548845980046,0.0,1.76,18.7,82,100,8.7,32,19.5,18.0,17.1,0.0,0.0,0.19,18.0,87.0,15233.0,1.0,0.0,36.0,0.0,100050.0
2025-04-12 17:00:00,21.0365915019977,17.736965547643,0.0,1.76,17.4,87,100,7.9,25,19.3,18.0,17.1,0.0,0.0,0.09,18.0,90.0,18226.0,1.0,3.0,45.0,0.0,99930.0
2025-04-12 18:00:00,21.1193336418768,17.7117781066257,0.0,1.76,16.8,89,100,0.0,104,18.8,18.1,17.1,0.0,0.0,0.04,17.0,93.0,3203.0,0.0,0.0,53.0,0.0,99940.0
2025-04-12 19:00:00,21.0136311461769,17.758176723476,0.0,1.76,16.4,93,100,1.5,273,18.1,18.1,17.1,0.5,0.5,0.02,17.0,95.0,2262.0,0.0,2.0,169.0,2.0,99890.0
2025-04-12 20:00:00,21.1174869052373,17.7716216791288,0.0,1.76,16.1,97,100,4.4,343,17.5,18.0,17.1,0.7,0.7,0.0,17.0,96.0,378.0,0.0,2.0,274.0,0.0,99910.0
2025-04-12 21:00:00,21.079275552083,17.63817502267,0.0,1.76,15.8,98,100,2.7,323,17.0,18.0,17.1,0.4,0.4,0.0,17.0,97.0,0.0,0.0,2.0,294.0,3.0,99900.0
2025-04-12 22:00:00,21.1618907634909,17.7524909285363,0.0,1.76,15.8,98,99,1.3,327,16.7,17.9,17.1,0.1,0.1,0.0,16.0,97.0,0.0,0.0,4.0,103.0,6.0,99860.0
2025-04-12 23:00:00,21.0541723445633,17.8593903481091,0.0,1.76,15.5,98,76,3.8,335,16.4,17.8,17.1,0.0,0.0,0.0,16.0,96.0,0.0,0.0,0.0,144.0,1.0,99980.0
2025-04-13 00:00:00,21.1990440815261,17.7471673300068,0.0,1.76,15.0,99,34,0.5,315,16.0,17.7,17.1,0.0,0.0,0.0,17.0,93.0,0.0,0.0,0.0,124.0,1.0,99920.0
2025-04-13 01:00:00,21.0146108538508,17.7606495050729,0.0,1.76,15.5,99,93,2.9,46,16.4,17.6,17.1,0.0,0.0,0.0,18.0,81.0,0.0,0.0,5.0,329.0,1.0,99830.0
2025-04-13 02:00:00,20.996193657605,17.660899249274,0.0,1.76,15.2,100,100,1.9,353,16.0,17.5,17.1,0.0,0.0,0.0,16.0,94.0,0.0,0.0,0.0,118.0,0.0,99910.0
2025-04-13 03:00:00,21.1366385315043,17.6633254134665,0.0,1.76,14.9,100,100,3.9,20,15.8,17.4,17.1,0.0,0.0,0.0,16.0,95.0,0.0,0.0,0.0,102.0,0.0,99840.0
2025-04-13 04:00:00,21.0882594389929,17.8074993877235,0.0,1.76,15.2,100,100,5.4,45,15.9,17.3,17.1,0.0,0.0,0.0,15.0,96.0,0.0,0.0,0.0,356.0,0.0,99800.0
2025-04-13 05:00:00,21.140197131624,17.7588626329141,0.0,1.76,15.3,99,100,2.7,51,15.9,17.2,17.1,4.5,4.5,0.0,16.0,97.0,0.0,0.0,0.0,78.0,0.0,99740.0
2025-04-13 06:00:00,20.8641942864997,18.0398311121763,0.0,1.76,15.4,99,100,2.2,56,16.0,17.1,17.1,7.6,7.6,0.01,16.0,97.0,0.0,0.0,0.0,48.0,0.0,99720.0
2025-04-13 07:00:00,21.1860443215058,17.7097706025506,0.0,1.76,15.6,96,97,2.4,153,16.1,17.0,17.1,6.3,6.3,0.02,16.0,97.0,0.0,0.0,0.0,169.0,2.0,99810.0
2025-04-13 08:00:00,21.159402883639,17.6621608705703,0.0,1.76,16.3,93,100,5.2,256,16.4,17.0,17.1,1.4,1.4,0.06,16.0,97.0,683.0,0.0,2.0,0.0,4.0,99640.0
2025-04-13 09:00:00,21.1674070343066,17.844840995633,0.0,1.76,17.3,86,100,7.4,274,17.0,17.0,17.1,0.3,0.3,0.13,16.0,97.0,6488.0,0.0,2.0,145.0,1.0,99810.0
2025-04-13 10:00:00,21.0763289082815,17.8501215660313,0.0,1.76,17.4,84,100,6.9,288,17.1,17.0,17.1,0.2,0.2,0.1,17.0,97.0,15293.0,1.0,1.0,354.0,0.0,99890.0
2025-04-13 11:00:00,21.0314344655611,18.0174045294373,0.0,1.76,17.5,84,100,8.1,317,17.4,17.0,17.1,0.4,0.4,0.12,17.0,95.0,30188.0,2.0,0.0,12.0,0.0,99840.0
2025-04-13 12:00:00,21.0090716055839,17.7618149096659,0.0,1.76,17.8,82,100,7.7,323,17.6,17.0,17.1,0.3,0.3,0.15,18.0,87.0,52633.0,4.0,2.0,295.0,0.0,99860.0
2025-04-13 13:00:00,21.2195862445026,17.8451610485771,0.0,1.76,16.5,88,100,11.5,299,17.5,17.2,17.1,5.2,5.2,0.13,19.0,85.0,26545.0,3.0,4.0,351.0,0.0,99860.0
2025-04-13 14:00:00,20.9988100024164,17.7165297987346,0.0,1.76,17.5,85,96,7.9,250,17.7,17.2,17.1,0.6,0.6,0.15,17.0,90.0,5698.0,0.0,4.0,322.0,0.0,99890.0
2025-04-13 15:00:00,21.1275181912709,17.665907899581,0.0,1.76,18.7,78,96,6.1,284,18.4,17.3,17.1,0.1,0.1,0.24,17.0,94.0,12931.0,1.0,2.0,44.0,0.0,99890.0
2025-04-13 16:00:00,21.1306260495389,17.8189730715956,0.0,1.76,18.2,76,40,3.8,262,18.6,17.4,17.1,0.0,0.0,0.15,17.0,95.0,14128.0,1.0,2.0,20.0,25.0,99890.0
2025-04-13 17:00:00,21.0543564838799,17.7745253697036,0.0,1.76,18.8,70,27,2.8,227,19.0,17.5,17.1,0.0,0.0,0.2,18.0,92.0,7702.0,0.0,3.0,77.0,0.0,99900.0
2025-04-13 18:00:00,20.9739436943115,17.7289660777606,0.0,1.76,17.9,79,28,2.9,182,18.6,17.6,17.1,0.0,0.0,0.08,18.0,89.0,29036.0,2.0,2.0,162.0,76.0,99920.0
2025-04-13 19:00:00,21.0629580676727,17.8411231466552,0.0,1.76,15.6,80,38,5.2,193,17.4,17.6,17.1,0.0,0.0,0.02,18.0,84.0,10773.0,0.0,2.0,180.0,0.0,99970.0
2025-04-13 20:00:00,21.0987522729803,17.8616874113747,0.0,1.76,14.8,82,81,7.7,203,16.6,17.5,17.1,0.0,0.0,0.0,18.0,88.0,1696.0,0.0,2.0,126.0,0.0,99950.0
2025-04-13 21:00:00,21.2447953742671,17.712991608495,0.0,1.76,14.5,83,14,7.6,210,16.1,17.4,17.1,0.0,0.0,0.0,16.0,94.0,0.0,0.0,0.0,48.0,0.0,99970.0
2025-04-13 22:00:00,21.091709725855,17.6596149482403,0.0,1.76,13.9,87,5,6.2,212,15.6,17.3,17.1,0.0,0.0,0.0,15.0,95.0,0.0,0.0,0.0,179.0,0.0,100010.0
2025-04-13 23:00:00,21.0053616357104,17.7493679066894,0.0,1.76,13.3,90,10,5.4,208,15.2,17.2,17.1,0.0,0.0,0.0,15.0,94.0,0.0,0.0,0.0,198.0,0.0,100070.0
2025-04-14 00:00:00,21.1675958352288,17.8280367760479,0.0,1.76,12.8,92,18,5.6,222,14.9,17.0,17.1,0.0,0.0,0.0,16.0,88.0,0.0,0.0,0.0,198.0,0.0,100060.0
2025-04-14 01:00:00,21.4176675471887,17.8189236534651,0.0,1.76,13.5,90,3,6.1,225,15.3,17.0,17.1,0.0,0.0,0.0,15.0,91.0,0.0,0.0,1.0,211.0,0.0,100050.0
2025-04-14 02:00:00,21.08054072926,17.7465418187092,0.0,1.76,13.0,91,15,5.7,230,14.8,16.8,17.1,0.0,0.0,0.0,14.0,91.0,0.0,0.0,1.0,234.0,0.0,100020.0
2025-04-14 03:00:00,20.8754845829323,18.0135171515038,0.0,1.76,12.5,91,68,4.8,254,14.4,16.7,17.1,0.4,0.4,0.0,14.0,92.0,0.0,0.0,2.0,270.0,0.0,99970.0
2025-04-14 04:00:00,21.0149679128924,17.6409091154104,0.0,1.76,13.3,91,42,5.9,217,14.2,16.5,17.1,0.3,0.3,0.0,13.0,92.0,0.0,0.0,1.0,246.0,0.0,99950.0
2025-04-14 05:00:00,21.2071838448649,17.8187621666993,0.0,1.76,13.0,92,16,6.4,203,14.0,16.4,17.1,0.0,0.0,0.0,13.0,93.0,0.0,0.0,1.0,198.0,0.0,99950.0
2025-04-14 06:00:00,21.1808968811538,17.9938643706441,0.0,1.76,12.9,92,7,6.8,200,13.7,16.2,17.1,0.0,0.0,0.02,13.0,92.0,0.0,0.0,1.0,211.0,0.0,99940.0
2025-04-14 07:00:00,20.8860122001214,18.0310856851888,0.0,1.76,15.4,86,2,9.7,200,14.2,16.0,17.1,0.0,0.0,0.05,12.0,93.0,0.0,0.0,2.0,198.0,0.0,99960.0
2025-04-14 08:00:00,21.1501708926344,18.0335533100671,0.0,1.76,18.1,75,2,9.4,210,15.5,16.0,17.1,0.0,0.0,0.16,14.0,91.0,6252.0,0.0,1.0,211.0,0.0,100000.0
2025-04-14 09:00:00,21.1928996555511,18.0024902719389,0.0,1.76,20.2,65,1,10.7,223,17.2,16.0,17.0,0.0,0.0,0.29,16.0,85.0,19128.0,1.0,2.0,252.0,0.0,100020.0
2025-04-14 10:00:00,21.2736137734912,18.0998059593928,0.0,1.76,22.0,54,18,13.8,244,18.8,16.2,17.0,0.0,0.0,0.42,17.0,81.0,47820.0,3.0,3.0,246.0,0.0,100020.0
2025-04-14 11:00:00,21.0060999352036,17.8806469346877,0.0,1.76,22.8,50,36,15.3,258,20.1,16.5,17.0,0.1,0.1,0.48,20.0,70.0,75384.0,6.0,3.0,288.0,0.0,100020.0
2025-04-14 12:00:00,21.0380742815637,18.1029311174963,0.0,1.76,22.9,50,41,12.2,292,21.0,16.8,17.0,0.2,0.2,0.49,22.0,62.0,94121.0,9.0,2.0,255.0,0.0,100030.0
2025-04-14 13:00:00,21.0026348262185,17.895677725187,0.0,1.76,22.7,52,94,12.0,311,21.8,17.0,17.0,0.2,0.2,0.52,21.0,66.0,74953.0,6.0,5.0,12.0,0.0,100030.0
2025-04-14 14:00:00,21.0418305393433,17.9090463329666,0.0,1.76,21.2,64,63,14.2,330,22.0,17.4,17.0,0.1,0.1,0.42,21.0,65.0,41636.0,4.0,4.0,17.0,0.0,99970.0
2025-04-14 15:00:00,21.1242430744782,17.8075330438758,0.0,1.76,20.5,67,31,11.8,343,22.0,17.7,17.0,0.0,0.0,0.35,21.0,67.0,102228.0,7.0,2.0,358.0,0.0,99920.0
2025-04-14 16:00:00,20.8462262952197,17.9742542822475,0.0,1.76,20.2,67,12,7.9,351,21.9,18.0,17.0,0.0,0.0,0.3,20.0,69.0,92948.0,8.0,6.0,355.0,0.0,99890.0
2025-04-14 17:00:00,21.2367733062978,17.9499184567781,0.0,1.76,19.5,69,35,8.6,358,21.3,18.2,17.0,0.0,0.0,0.19,21.0,65.0,40948.0,3.0,4.0,8.0,0.0,99870.0
2025-04-14 18:00:00,21.0182699626554,17.9360912952745,0.0,1.76,18.3,73,47,6.3,6,20.3,18.4,17.0,0.0,0.0,0.09,19.0,69.0,20840.0,1.0,6.0,330.0,0.0,99880.0
2025-04-14 19:00:00,21.096026213884,17.6959817051444,0.0,1.76,16.5,82,52,3.4,14,19.1,18.4,17.0,0.0,0.0,0.02,19.0,71.0,12948.0,1.0,3.0,11.0,0.0,99890.0
2025-04-14 20:00:00,21.081684763575,17.9775386754134,0.0,1.76,16.3,82,69,5.2,77,18.3,18.4,17.0,0.0,0.0,0.0,18.0,78.0,1415.0,0.0,0.0,30.0,0.0,99920.0
2025-04-14 21:00:00,21.0963042037538,17.8745303618712,0.0,1.76,15.3,88,62,3.1,84,17.6,18.4,17.1,0.0,0.0,0.0,16.0,86.0,0.0,0.0,2.0,95.0,0.0,99960.0
2025-04-14 22:00:00,20.9915672712464,17.9954303059317,0.0,1.76,14.7,90,99,3.0,150,16.9,18.3,17.1,0.0,0.0,0.0,15.0,87.0,0.0,0.0,3.0,130.0,0.0,100050.0
2025-04-14 23:00:00,21.2165701285877,18.2045385659492,0.0,1.76,15.2,88,91,3.1,175,16.7,18.1,17.1,0.0,0.0,0.0,15.0,88.0,0.0,0.0,2.0,103.0,0.0,100100.0
2025-04-15 00:00:00,21.1133731696853,18.078040209807,0.0,1.76,14.2,91,86,2.1,243,16.2,18.0,17.1,0.0,0.0,0.0,15.0,88.0,0.0,0.0,0.0,138.0,0.0,100090.0
2025-04-15 01:00:00,21.2354831302307,17.997734569902,0.0,1.76,14.3,90,26,1.3,310,16.3,17.9,17.1,0.0,0.0,0.0,14.0,91.0,0.0,0.0,0.0,97.0,0.0,100000.0
2025-04-15 02:00:00,21.1709667648076,17.957407134058,0.0,1.76,14.0,90,42,4.3,176,15.9,17.8,17.1,0.0,0.0,0.0,13.0,93.0,0.0,0.0,0.0,192.0,0.0,99990.0
2025-04-15 03:00:00,21.2589096207517,18.0251293954311,0.0,1.76,13.4,90,82,6.5,215,15.4,17.6,17.1,0.0,0.0,0.0,13.0,94.0,0.0,0.0,0.0,204.0,0.0,99920.0
2025-04-15 04:00:00,21.2336346193453,18.1107488985292,0.0,1.76,15.1,75,50,14.7,210,15.3,17.4,17.1,0.0,0.0,0.03,13.0,95.0,0.0,0.0,0.0,228.0,0.0,99820.0
2025-04-15 05:00:00,21.2347735289806,18.3220811568657,0.0,1.76,15.9,68,77,18.0,211,15.4,17.3,17.1,0.0,0.0,0.06,13.0,95.0,0.0,0.0,0.0,240.0,0.0,99800.0
2025-04-15 06:00:00,21.2615290654713,18.12086868982,0.0,1.76,16.1,65,67,21.4,217,15.5,17.2,17.1,0.0,0.0,0.09,13.0,95.0,0.0,0.0,0.0,262.0,0.0,99720.0
2025-04-15 07:00:00,21.1714649462611,18.0571083212628,0.0,1.76,16.8,64,8,21.9,224,15.8,17.1,17.1,0.0,0.0,0.12,14.0,86.0,45.0,0.0,0.0,270.0,0.0,99720.0
2025-04-15 08:00:00,21.366345756882,18.1606334485799,0.0,1.76,17.3,66,56,20.9,262,16.5,17.0,17.1,0.4,0.4,0.18,14.0,82.0,4232.0,0.0,2.0,302.0,0.0,99790.0
2025-04-15 09:00:00,21.3678458910458,18.1696276807625,0.0,1.76,15.3,80,100,17.9,281,16.4,17.0,17.1,2.0,2.0,0.15,17.0,79.0,21276.0,1.0,3.0,336.0,0.0,99840.0
2025-04-15 10:00:00,21.2905507557375,18.050672205659,0.0,1.76,14.1,89,97,10.4,248,15.7,16.9,17.1,1.3,1.3,0.07,15.0,81.0,37696.0,3.0,7.0,0.0,0.0,99890.0
2025-04-15 11:00:00,21.3233943868699,18.1405872529159,0.0,1.76,15.7,77,100,9.2,242,16.6,16.9,17.1,0.4,0.4,0.25,13.0,84.0,7823.0,0.0,5.0,318.0,0.0,100000.0
2025-04-15 12:00:00,21.2714036329158,18.1614699132424,0.0,1.76,15.4,77,100,8.5,245,16.5,16.8,17.1,0.4,0.4,0.14,13.0,88.0,20635.0,2.0,0.0,308.0,10.0,100120.0
2025-04-15 13:00:00,21.1715627002763,18.0799975282453,0.0,1.76,15.9,75,85,7.7,256,16.4,16.8,17.0,0.3,0.3,0.17,13.0,92.0,21182.0,1.0,2.0,240.0,7.0,100140.0
2025-04-15 14:00:00,21.338606455053,18.0814222054542,0.0,1.76,15.6,68,98,10.5,281,16.8,16.8,17.0,0.3,0.3,0.21,14.0,87.0,8214.0,0.0,0.0,194.0,6.0,100130.0
2025-04-15 15:00:00,21.4139047907528,18.0966361285018,0.0,1.76,16.9,64,99,8.8,268,17.5,16.8,17.0,0.1,0.1,0.26,14.0,89.0,24865.0,2.0,3.0,198.0,15.0,100120.0
2025-04-15 16:00:00,21.3436283134633,18.0888105282738,0.0,1.76,15.4,67,100,5.2,277,17.1,16.9,17.0,0.2,0.2,0.11,15.0,83.0,34904.0,2.0,1.0,276.0,0.0,100030.0
2025-04-15 17:00:00,21.5881300331925,18.2549185158914,0.0,1.76,15.6,67,92,9.3,230,16.9,16.9,17.0,0.1,0.1,0.1,15.5,81.0,31248.5,2.0,1.5,273.0,0.0,100015.0
2025-04-15 18:00:00,21.364558240263,17.9914850007258,0.0,1.76,14.2,78,78,13.7,201,16.2,16.9,17.0,0.3,0.3,0.07,16.0,79.0,27593.0,2.0,2.0,270.0,0.0,100000.0
2025-04-15 19:00:00,21.4715656856662,17.9837360668677,0.0,1.76,12.9,78,53,11.1,205,15.3,16.8,17.0,0.0,0.0,0.04,14.0,86.0,11914.0,1.0,1.0,246.0,0.0,100030.0
2025-04-15 20:00:00,21.4219597084269,18.131727873126,0.0,1.76,11.9,81,23,11.1,197,14.5,16.7,17.0,0.9,0.9,0.01,14.0,85.0,6583.0,0.0,2.0,234.0,3.0,100070.0
2025-04-15 21:00:00,21.2258404435341,18.2001482677224,0.0,1.76,10.6,86,86,3.5,226,13.7,16.5,17.0,0.0,0.0,0.0,13.0,86.0,268.0,0.0,3.0,246.0,0.0,100140.0
2025-04-15 22:00:00,21.5026458941957,17.8910563752533,0.0,1.76,10.9,85,48,16.2,209,13.3,16.3,17.0,0.0,0.0,0.01,12.0,88.0,0.0,0.0,2.0,234.0,1.0,100200.0
2025-04-15 23:00:00,21.469287561478,17.9459541560977,0.0,1.76,11.1,78,66,14.4,230,12.9,16.1,17.0,0.0,0.0,0.02,12.0,88.0,0.0,0.0,1.0,192.0,0.0,100280.0
2025-04-16 00:00:00,21.4697543832696,18.1827625021411,0.0,1.76,10.5,81,100,6.5,249,12.6,15.9,17.0,0.0,0.0,0.0,13.0,82.0,0.0,0.0,3.0,210.0,0.0,100350.0
2025-04-16 01:00:00,21.453551694447,18.0727405490519,0.0,1.76,11.4,74,28,15.0,255,13.0,15.5,17.0,0.0,0.0,0.03,12.0,75.0,0.0,0.0,4.0,309.0,0.0,100380.0
2025-04-16 02:00:00,21.6100935452228,18.0949037776679,0.0,1.76,11.2,72,27,14.2,253,12.6,15.3,17.0,0.0,0.0,0.03,12.0,86.0,0.0,0.0,3.0,240.0,0.0,100420.0
2025-04-16 03:00:00,21.5513311053434,18.0144158804534,0.0,1.76,11.0,68,34,16.7,256,12.4,15.2,17.0,0.0,0.0,0.04,12.0,80.0,0.0,0.0,4.0,258.0,0.0,100460.0
2025-04-16 04:00:00,21.6785397954272,18.2188311677913,0.0,1.76,10.7,68,28,17.8,250,12.2,15.0,16.9,0.0,0.0,0.05,11.0,76.0,0.0,0.0,3.0,223.0,0.0,100430.0
2025-04-16 05:00:00,21.8013712323929,18.5119788586524,0.0,1.76,10.6,68,18,19.6,243,12.1,14.8,16.9,0.0,0.0,0.05,10.0,77.0,0.0,0.0,3.0,246.0,0.0,100420.0
2025-04-16 06:00:00,21.6456379571831,18.084793349019,0.0,1.76,10.5,69,25,20.0,245,12.0,14.7,16.9,0.0,0.0,0.07,11.0,72.0,0.0,0.0,4.0,300.0,0.0,100440.0
2025-04-16 07:00:00,22.2487918699204,18.0899133305704,0.0,1.76,11.9,64,24,22.6,247,12.3,14.5,16.9,0.0,0.0,0.1,11.0,70.0,0.0,0.0,3.0,264.0,0.0,100470.0
2025-04-16 08:00:00,22.3202156399542,18.2648117158879,0.0,1.76,13.3,59,24,25.0,244,13.1,14.5,16.9,0.0,0.0,0.17,11.0,73.0,184.0,0.0,5.0,294.0,0.0,100540.0
2025-04-16 09:00:00,22.4328692872985,18.3395419663211,0.0,1.76,14.8,52,16,28.9,263,14.2,14.5,16.9,0.0,0.0,0.26,11.0,72.0,10136.0,0.0,4.0,264.0,0.0,100620.0
2025-04-16 10:00:00,22.552204477943,18.3687327335376,0.0,1.76,16.1,46,6,29.4,273,15.4,14.5,16.9,0.0,0.0,0.36,13.0,70.0,29504.0,1.0,3.0,252.0,0.0,100650.0
2025-04-16 11:00:00,22.7577945557263,18.4308193245666,0.0,1.76,17.1,41,5,30.1,278,16.6,14.7,16.8,0.0,0.0,0.45,14.0,63.0,26432.0,2.0,6.0,290.0,0.0,100690.0
2025-04-16 12:00:00,22.9408279614649,18.4096695211678,0.0,1.76,17.8,38,1,29.5,280,17.8,14.9,16.8,0.0,0.0,0.5,16.0,56.0,87083.0,6.0,9.0,282.0,0.0,100740.0
2025-04-16 13:00:00,22.9300701313788,18.4523214876652,0.0,1.76,17.9,41,1,27.3,282,18.7,15.2,16.8,0.0,0.0,0.51,16.0,58.0,106866.0,9.0,5.0,300.0,0.0,100750.0
2025-04-16 14:00:00,22.9891442266559,18.2261232304327,0.0,1.76,18.1,39,0,24.7,284,19.2,15.5,16.8,0.0,0.0,0.49,17.0,44.0,113766.0,9.0,8.0,302.0,0.0,100760.0
2025-04-16 15:00:00,23.2051243472393,18.3443661033909,0.0,1.76,18.1,41,0,22.3,288,19.4,15.8,16.8,0.0,0.0,0.44,18.0,48.0,110177.0,9.0,5.0,324.0,0.0,100750.0
2025-04-16 16:00:00,23.2551787792106,18.4447186478356,0.0,1.76,17.7,41,0,19.1,295,19.2,16.1,16.8,0.0,0.0,0.36,18.0,44.0,95110.0,7.0,8.0,312.0,0.0,100740.0
2025-04-16 17:00:00,23.3261290028147,18.3833728216351,0.0,1.76,16.7,48,1,14.6,299,18.5,16.3,16.8,0.0,0.0,0.24,19.0,38.0,80422.0,7.0,4.0,317.0,0.0,100730.0
2025-04-16 18:00:00,23.4398660722142,18.3059463390124,0.0,1.76,15.3,64,24,4.4,288,17.6,16.4,16.8,0.0,0.0,0.09,19.0,33.0,57500.0,4.0,7.0,312.0,0.0,100720.0
2025-04-16 19:00:00,23.3762024805579,17.997733039634,0.0,1.76,13.2,60,2,5.1,260,16.0,16.4,16.8,0.0,0.0,0.04,19.0,38.0,18749.0,1.0,4.0,306.0,0.0,100730.0
2025-04-16 20:00:00,23.552238183036,18.3793295423189,0.0,1.76,12.9,60,0,8.9,227,15.0,16.4,16.8,0.0,0.0,0.03,18.0,40.0,8102.0,0.0,3.0,314.0,0.0,100790.0
2025-04-16 21:00:00,23.5537805878033,18.2679983303901,0.0,1.76,12.2,64,0,9.0,233,14.3,16.2,16.8,0.0,0.0,0.03,16.0,48.0,478.0,0.0,2.0,292.0,0.0,100820.0
2025-04-16 22:00:00,23.6339030574052,18.0871483998031,0.0,1.76,11.9,67,0,9.3,235,13.8,16.1,16.8,0.0,0.0,0.02,15.0,52.0,0.0,0.0,3.0,297.0,0.0,100860.0
2025-04-16 23:00:00,23.6977227021528,18.3567431057786,0.0,1.76,11.6,71,0,9.9,225,13.5,15.9,16.8,0.0,0.0,0.02,13.0,63.0,0.0,0.0,1.0,258.0,0.0,100920.0
2025-04-17 00:00:00,23.6590067603124,18.3114763839789,0.0,1.76,11.4,74,0,10.6,214,13.2,15.8,16.7,0.0,0.0,0.02,13.0,67.0,0.0,0.0,2.0,198.0,0.0,100990.0
2025-04-17 01:00:00,23.7241536482994,18.2319010477159,0.0,1.76,11.4,75,0,6.3,211,13.6,15.7,16.7,0.0,0.0,0.01,14.0,63.0,0.0,0.0,1.0,240.0,0.0,100980.0
2025-04-17 02:00:00,23.5875003967359,18.4763768207018,0.0,1.76,10.2,81,3,4.4,215,13.0,15.5,16.7,0.0,0.0,0.0,12.0,73.0,0.0,0.0,0.0,198.0,0.0,100980.0
2025-04-17 03:00:00,23.782250137755,18.1974365788543,0.0,1.76,9.6,84,7,6.7,209,12.5,15.3,16.7,0.0,0.0,0.0,12.0,72.0,0.0,0.0,1.0,216.0,0.0,100930.0
2025-04-17 04:00:00,23.6020524525032,18.329842507744,0.0,1.76,9.2,86,3,5.6,216,12.1,15.2,16.7,0.0,0.0,0.0,11.0,77.0,0.0,0.0,1.0,192.0,0.0,100850.0
2025-04-17 05:00:00,23.8496617450544,18.2774847702979,0.0,1.76,9.2,85,2,6.4,223,11.7,15.0,16.7,0.0,0.0,0.0,11.0,80.0,0.0,0.0,0.0,246.0,0.0,100850.0
2025-04-17 06:00:00,23.684506495745,18.3671711378541,0.0,1.76,9.9,82,1,7.9,221,11.5,14.8,16.7,0.0,0.0,0.02,11.0,81.0,0.0,0.0,1.0,252.0,0.0,100850.0
2025-04-17 07:00:00,23.7342271597949,18.4073694555199,0.0,1.76,13.0,72,0,10.6,215,12.2,14.6,16.7,0.0,0.0,0.07,11.0,80.0,0.0,0.0,1.0,222.0,0.0,100820.0
2025-04-17 08:00:00,23.7500357388164,18.5283360116636,0.0,1.76,16.4,62,0,12.1,222,13.6,14.5,16.7,0.0,0.0,0.18,11.0,81.0,1117.0,0.0,2.0,264.0,0.0,100840.0
2025-04-17 09:00:00,23.7867638895001,18.2358148365359,0.0,1.76,18.6,53,25,14.2,232,15.4,14.6,16.6,0.0,0.0,0.31,13.0,76.0,9912.0,1.0,1.0,246.0,0.0,100840.0
2025-04-17 10:00:00,23.6646071121325,18.4742744563677,0.0,1.76,20.0,47,100,16.3,235,17.1,14.7,16.6,0.0,0.0,0.42,15.0,66.0,35414.0,2.0,2.0,240.0,0.0,100860.0
2025-04-17 11:00:00,23.936009918236,18.4472878299717,0.0,1.76,21.0,46,100,16.5,239,18.4,15.0,16.6,0.0,0.0,0.47,18.0,56.0,67039.0,4.0,3.0,288.0,0.0,100840.0
2025-04-17 12:00:00,23.6959964894949,18.2832284488986,0.0,1.76,22.0,45,100,16.2,246,19.7,15.3,16.6,0.0,0.0,0.53,21.0,48.0,87640.0,4.0,4.0,288.0,0.0,100870.0
2025-04-17 13:00:00,23.8354324390215,18.26955249527,0.0,1.76,23.9,40,100,10.0,259,21.0,15.7,16.6,0.0,0.0,0.54,21.0,45.0,102140.0,8.0,4.0,295.0,0.0,100860.0
2025-04-17 14:00:00,23.7952684624017,18.4907348575385,0.0,1.76,22.4,50,100,11.6,324,21.3,16.1,16.6,0.0,0.0,0.4,22.0,43.0,91612.0,8.0,1.0,240.0,0.0,100790.0
2025-04-17 15:00:00,23.8675509492889,18.1199566938149,0.0,1.76,21.8,56,99,11.0,335,21.5,16.5,16.6,0.0,0.0,0.39,23.0,42.0,80000.0,7.0,3.0,286.0,0.0,100740.0
2025-04-17 16:00:00,23.590576976248,18.1446768564023,0.0,1.76,21.4,58,63,7.6,357,21.4,16.8,16.6,0.0,0.0,0.3,22.0,52.0,59256.0,5.0,3.0,24.0,0.0,100740.0
2025-04-17 17:00:00,23.717533435661,18.256064101452,0.0,1.76,20.6,62,59,6.9,40,21.0,17.1,16.6,0.0,0.0,0.22,22.0,54.0,49024.0,4.0,3.0,6.0,0.0,100670.0
2025-04-17 18:00:00,23.9319693380795,18.0059981294459,0.0,1.76,18.8,72,94,5.0,68,20.0,17.3,16.6,0.0,0.0,0.09,22.0,57.0,58060.0,4.0,3.0,355.0,0.0,100680.0
2025-04-17 19:00:00,23.8190344835487,18.0966637790923,0.0,1.76,16.1,83,100,5.8,81,18.6,17.4,16.6,0.0,0.0,0.02,21.0,58.0,17049.0,1.0,3.0,37.0,0.0,100670.0
2025-04-17 20:00:00,23.6376295073482,18.0733256570837,0.0,1.76,15.2,86,100,5.8,86,17.5,17.4,16.6,0.0,0.0,0.0,19.0,64.0,5625.0,0.0,3.0,15.0,0.0,100680.0
2025-04-17 21:00:00,23.5104984942369,18.0069377207778,0.0,1.76,15.0,84,100,1.8,71,16.6,17.4,16.6,0.0,0.0,0.0,17.0,74.0,160.0,0.0,1.0,78.0,0.0,100700.0
2025-04-17 22:00:00,23.6821674016467,18.1451847047536,0.0,1.76,14.8,84,96,0.3,51,15.8,17.3,16.6,0.0,0.0,0.0,16.0,80.0,0.0,0.0,1.0,126.0,0.0,100720.0
2025-04-17 23:00:00,23.6129419826935,17.9049550965281,0.0,1.76,14.1,85,100,2.7,171,15.1,17.2,16.6,0.0,0.0,0.0,16.0,79.0,0.0,0.0,2.0,131.0,0.0,100740.0
2025-04-18 00:00:00,23.7639408238389,18.1753474232556,0.0,1.76,13.7,84,100,3.4,180,14.6,17.0,16.6,0.0,0.0,0.0,15.0,83.0,0.0,0.0,0.0,184.0,0.0,100710.0
2025-04-18 01:00:00,23.6455614245308,18.0825893305542,0.0,1.76,14.0,84,100,3.1,184,14.7,16.9,16.6,0.0,0.0,0.0,13.0,88.0,0.0,0.0,0.0,240.0,0.0,100670.0
2025-04-18 02:00:00,23.6706027170902,18.0651058498207,0.0,1.76,13.7,83,100,1.7,126,14.3,16.7,16.6,0.0,0.0,0.0,12.0,90.0,0.0,0.0,0.0,186.0,0.0,100650.0
2025-04-18 03:00:00,23.8157258523528,18.3241390420356,0.0,1.76,13.8,82,99,0.5,49,14.0,16.5,16.6,0.0,0.0,0.0,12.0,91.0,0.0,0.0,0.0,180.0,0.0,100570.0
2025-04-18 04:00:00,23.822303539661174,18.378029900484172,0.0,1.76,13.3,83,87,0.9,25,13.6,16.3,16.6,0.0,0.0,0.0,12.272727272727273,90.18181818181819,1073.7575757575758,0.09090909090909091,0.0,178.1818181818182,0.0,100558.48484848485
2025-04-18 05:00:00,23.82888122696955,18.431920758932744,0.0,1.76,12.9,81,26,1.4,67,13.2,16.2,16.6,0.0,0.0,0.0,12.545454545454545,89.36363636363636,2147.5151515151515,0.18181818181818182,0.0,176.36363636363637,0.0,100546.9696969697
2025-04-18 06:00:00,23.835458914277925,18.485811617381316,0.0,1.76,12.9,80,41,1.9,54,12.9,16.0,16.6,0.0,0.0,0.01,12.818181818181818,88.54545454545455,3221.272727272727,0.2727272727272727,0.0,174.54545454545453,0.0,100535.45454545454
2025-04-18 07:00:00,23.842036601586297,18.539702475829888,0.0,1.76,15.3,77,100,5.4,312,13.7,15.8,16.6,0.0,0.0,0.06,13.09090909090909,87.72727272727273,4295.030303030303,0.36363636363636365,0.0,172.72727272727272,0.0,100523.93939393939
2025-04-18 08:00:00,23.848614288894673,18.59359333427846,0.0,1.76,17.8,67,92,5.8,279,15.2,15.7,16.6,0.0,0.0,0.16,13.363636363636363,86.9090909090909,5368.787878787879,0.4545454545454546,0.0,170.9090909090909,0.0,100512.42424242424
2025-04-18 09:00:00,23.85519197620305,18.64748419272703,0.0,1.76,19.4,60,60,2.4,288,16.9,15.8,16.6,0.0,0.0,0.27,13.636363636363637,86.0909090909091,6442.545454545454,0.5454545454545454,0.0,169.0909090909091,0.0,100500.90909090909
2025-04-18 10:00:00,23.861769663511424,18.701375051175603,0.0,1.76,21.2,56,52,2.9,3,18.9,15.9,16.6,0.0,0.0,0.41,13.909090909090908,85.27272727272727,7516.30303030303,0.6363636363636364,0.0,167.27272727272728,0.0,100489.39393939394
2025-04-18 11:00:00,23.8683473508198,18.755265909624175,0.0,1.76,22.6,54,61,5.8,16,20.7,16.2,16.6,0.0,0.0,0.51,14.181818181818182,84.45454545454545,8590.060606060606,0.7272727272727273,0.0,165.45454545454547,0.0,100477.87878787878
2025-04-18 12:00:00,23.874925038128175,18.809156768072747,18.635781548081454,1.76,23.2,54,51,8.8,24,22.0,16.6,16.6,0.0,0.0,0.55,14.454545454545455,83.63636363636364,9663.818181818182,0.8181818181818182,0.0,163.63636363636363,0.0,100466.36363636363
2025-04-18 13:00:00,23.881502725436548,18.86304762652132,0.0,1.76,23.1,56,45,13.0,30,22.7,16.9,16.6,0.0,0.0,0.55,14.727272727272727,82.81818181818181,10737.575757575758,0.9090909090909092,0.0,161.8181818181818,0.0,100454.84848484848
2025-04-18 14:00:00,23.888080412744923,18.91693848496989,0.0,1.76,22.4,57,10,14.6,39,23.2,17.3,16.6,0.0,0.0,0.51,15.0,82.0,11811.333333333334,1.0,0.0,160.0,0.0,100443.33333333333
2025-04-18 15:00:00,23.8946581000533,18.970829343418462,0.0,1.76,21.7,60,8,15.0,31,23.2,17.7,16.6,0.0,0.0,0.44,15.272727272727273,81.18181818181819,12885.090909090908,1.0909090909090908,0.0,158.1818181818182,0.0,100431.81818181818
2025-04-18 16:00:00,23.901235787361674,19.024720201867034,0.0,1.76,20.7,64,36,14.0,32,22.8,18.0,16.6,0.0,0.0,0.33,15.545454545454545,80.36363636363636,13958.848484848484,1.1818181818181819,0.0,156.36363636363637,0.0,100420.30303030302
2025-04-18 17:00:00,23.90781347467005,19.078611060315605,0.0,1.76,19.2,69,57,9.8,28,22.0,18.2,16.6,0.0,0.0,0.21,15.818181818181818,79.54545454545455,15032.60606060606,1.2727272727272727,0.0,154.54545454545453,0.0,100408.78787878787
2025-04-18 18:00:00,23.914391161978426,19.132501918764177,0.0,1.76,18.2,74,89,4.8,48,20.8,18.4,16.6,0.0,0.0,0.09,16.09090909090909,78.72727272727272,16106.363636363636,1.3636363636363638,0.0,152.72727272727272,0.0,100397.27272727272
2025-04-18 19:00:00,23.9209688492868,19.186392777212752,0.0,1.76,16.2,84,86,1.0,59,19.4,18.5,16.6,0.0,0.0,0.01,16.363636363636363,77.9090909090909,17180.121212121212,1.4545454545454546,0.0,150.9090909090909,0.0,100385.75757575757
2025-04-18 20:00:00,23.927546536595173,19.240283635661324,0.0,1.76,15.8,85,96,0.9,104,18.1,18.5,16.6,0.0,0.0,0.0,16.636363636363637,77.0909090909091,18253.878787878788,1.5454545454545454,0.0,149.0909090909091,0.0,100374.24242424243
2025-04-18 21:00:00,23.93412422390355,19.294174494109896,0.0,1.76,15.8,85,100,0.7,120,17.2,18.4,16.6,0.0,0.0,0.0,16.90909090909091,76.27272727272727,19327.636363636364,1.6363636363636365,0.0,147.27272727272728,0.0,100362.72727272728
2025-04-18 22:00:00,23.940701911211924,19.348065352558468,0.0,1.76,15.4,88,99,2.5,198,16.7,18.2,16.6,0.0,0.0,0.0,17.18181818181818,75.45454545454545,20401.39393939394,1.7272727272727273,0.0,145.45454545454547,0.0,100351.21212121213
2025-04-18 23:00:00,23.9472795985203,19.40195621100704,0.0,1.76,14.8,91,98,4.9,236,16.2,18.1,16.6,0.0,0.0,0.0,17.454545454545453,74.63636363636364,21475.151515151516,1.8181818181818183,0.0,143.63636363636363,0.0,100339.69696969698
2025-04-19 00:00:00,23.953857285828676,19.45584706945561,0.0,1.76,14.2,91,1,4.0,240,15.8,17.9,16.7,0.0,0.0,0.0,17.727272727272727,73.81818181818181,22548.909090909092,1.9090909090909092,0.0,141.8181818181818,0.0,100328.18181818182
2025-04-19 01:00:00,23.96043497313705,19.509737927904183,0.0,1.76,14.8,89,8,4.2,231,16.5,17.9,16.7,0.0,0.0,0.0,18.0,73.0,23622.666666666668,2.0,0.0,140.0,0.0,100316.66666666667
2025-04-19 02:00:00,23.967012660445423,19.563628786352755,0.0,1.76,15.2,84,26,1.0,311,15.9,17.7,16.7,0.0,0.0,0.0,18.272727272727273,72.18181818181819,24696.424242424244,2.090909090909091,0.0,138.1818181818182,0.0,100305.15151515152
2025-04-19 03:00:00,23.9735903477538,19.617519644801327,0.0,1.76,14.6,87,23,1.5,339,15.4,17.6,16.7,0.0,0.0,0.0,18.545454545454547,71.36363636363636,25770.181818181816,2.1818181818181817,0.0,136.36363636363637,0.0,100293.63636363637
2025-04-19 04:00:00,23.980168035062174,19.6714105032499,0.0,1.76,14.3,87,13,1.0,285,14.9,17.4,16.7,0.0,0.0,0.0,18.818181818181817,70.54545454545455,26843.939393939392,2.272727272727273,0.0,134.54545454545456,0.0,100282.12121212122
2025-04-19 05:00:00,23.98674572237055,19.72530136169847,0.0,1.76,13.6,87,14,3.6,231,14.5,17.2,16.7,0.0,0.0,0.0,19.09090909090909,69.72727272727272,27917.696969696968,2.3636363636363638,0.0,132.72727272727272,0.0,100270.60606060606
2025-04-19 06:00:00,23.993323409678926,19.779192220147042,0.0,1.76,13.5,89,21,3.3,216,14.2,17.0,16.7,0.0,0.0,0.01,19.363636363636363,68.9090909090909,28991.454545454544,2.4545454545454546,0.0,130.9090909090909,0.0,100259.09090909091
2025-04-19 07:00:00,23.9999010969873,19.833083078595614,0.0,1.76,15.9,82,20,1.7,276,15.0,16.9,16.7,0.0,0.0,0.05,19.636363636363637,68.0909090909091,30065.21212121212,2.5454545454545454,0.0,129.0909090909091,0.0,100247.57575757576
2025-04-19 08:00:00,24.006478784295673,19.886973937044186,0.0,1.76,18.0,75,16,2.1,315,16.4,16.8,16.7,0.0,0.0,0.16,19.90909090909091,67.27272727272727,31138.969696969696,2.6363636363636362,0.0,127.27272727272728,0.0,100236.06060606061
2025-04-19 09:00:00,24.01305647160405,19.940864795492757,0.0,1.76,19.8,67,90,8.0,299,18.1,16.8,16.7,0.0,0.0,0.29,20.18181818181818,66.45454545454545,32212.727272727272,2.7272727272727275,0.0,125.45454545454545,0.0,100224.54545454546
2025-04-19 10:00:00,24.019634158912424,19.99475565394133,0.0,1.76,20.0,67,36,14.4,310,19.5,17.0,16.7,0.1,0.1,0.35,20.454545454545453,65.63636363636364,33286.48484848485,2.8181818181818183,0.0,123.63636363636364,0.0,100213.0303030303
2025-04-19 11:00:00,24.0262118462208,20.0486465123899,0.0,1.76,19.7,67,93,16.7,317,20.2,17.1,16.7,0.2,0.2,0.34,20.727272727272727,64.81818181818181,34360.242424242424,2.909090909090909,0.0,121.81818181818181,0.0,100201.51515151515
2025-04-19 12:00:00,23.9988916741813,20.1783765256222,0.0,1.76,19.6,65,84,17.2,321,20.7,17.3,16.7,0.1,0.1,0.36,21.0,64.0,35434.0,3.0,0.0,120.0,0.0,100190.0
2025-04-19 13:00:00,24.114165897884,19.8656554806891,0.0,1.76,20.0,63,96,19.3,314,21.2,17.6,16.7,0.1,0.1,0.39,21.0,64.0,101505.0,7.0,5.0,341.0,0.0,100140.0
2025-04-19 14:00:00,23.9758239904348,19.9608824416316,0.0,1.76,19.5,58,100,19.9,311,21.4,17.8,16.7,0.0,0.0,0.37,20.0,60.0,80442.0,7.0,7.0,352.0,0.0,100120.0
2025-04-19 15:00:00,23.9875347012201,19.8700944307349,0.0,1.76,19.6,51,89,15.5,309,21.2,18.0,16.7,0.0,0.0,0.3,19.0,66.0,44147.0,4.0,5.0,345.0,0.0,100130.0
2025-04-19 16:00:00,23.9886539356519,19.8725505245161,0.0,1.76,18.7,53,72,11.5,324,21.0,18.2,16.7,0.0,0.0,0.27,17.0,66.0,11745.0,1.0,9.0,343.0,0.0,100140.0
2025-04-19 17:00:00,24.045311026919,19.7923896954142,0.0,1.76,18.2,56,97,10.3,309,20.4,18.3,16.7,0.0,0.0,0.19,17.0,64.0,20657.0,1.0,4.0,351.0,0.0,100120.0
2025-04-19 18:00:00,24.1027100622969,19.8407533988764,0.0,1.76,17.3,57,100,6.7,286,19.5,18.4,16.7,0.0,0.0,0.09,17.0,65.0,7423.0,0.0,4.0,342.0,0.0,100130.0
2025-04-19 19:00:00,24.1226317645312,19.809236318616,0.0,1.76,17.2,50,100,9.4,253,18.8,18.4,16.7,0.0,0.0,0.08,17.0,59.0,1512.0,0.0,5.0,342.0,0.0,100140.0
2025-04-19 20:00:00,23.9224520644958,19.6008934376575,0.0,1.76,16.7,45,100,10.2,243,18.2,18.3,16.7,0.0,0.0,0.07,17.0,58.0,630.0,0.0,4.0,349.0,0.0,100180.0
2025-04-19 21:00:00,24.1381458577036,19.5879974407533,0.0,1.76,16.2,45,100,10.3,234,17.6,18.3,16.7,0.0,0.0,0.07,17.0,55.0,0.0,0.0,3.0,312.0,0.0,100280.0
2025-04-19 22:00:00,24.0868981006658,19.6974291152951,0.0,1.76,15.8,48,100,11.0,231,17.2,18.2,16.7,0.0,0.0,0.06,16.0,52.0,0.0,0.0,2.0,282.0,0.0,100340.0
2025-04-19 23:00:00,24.1479132817427,19.7212252601159,0.0,1.76,15.4,56,100,8.6,240,16.9,18.1,16.7,0.0,0.0,0.04,16.0,58.0,0.0,0.0,2.0,252.0,0.0,100340.0
2025-04-20 00:00:00,24.2855610280983,19.6285970246405,0.0,1.76,14.8,62,100,9.9,232,16.5,18.0,16.8,0.1,0.1,0.04,16.0,57.0,0.0,0.0,2.0,237.0,0.0,100335.0
2025-04-20 01:00:00,24.1292585967971,19.7557508190897,0.0,1.76,15.0,61,100,9.3,226,16.6,17.9,16.8,0.0,0.0,0.04,16.0,56.0,0.0,0.0,2.0,222.0,0.0,100330.0
2025-04-20 02:00:00,23.9925892039154,19.8143868287819,0.0,1.76,14.7,60,95,10.7,214,16.2,17.8,16.8,0.0,0.0,0.04,15.0,59.0,0.0,0.0,2.0,234.0,0.0,100370.0
2025-04-20 03:00:00,24.081445362393,19.7496054366241,0.0,1.76,13.9,61,63,10.9,218,15.8,17.6,16.8,0.0,0.0,0.04,15.0,61.0,0.0,0.0,0.0,228.0,0.0,100360.0
2025-04-20 04:00:00,24.1290372825367,19.8683089256147,0.0,1.76,12.9,64,81,11.1,222,15.3,17.5,16.8,0.0,0.0,0.04,15.0,63.0,0.0,0.0,1.0,264.0,0.0,100340.0
2025-04-20 05:00:00,24.0597493351778,19.8963313862313,0.0,1.76,12.8,65,9,9.3,247,15.0,17.3,16.8,0.0,0.0,0.03,14.0,64.0,0.0,0.0,0.0,234.0,0.0,100290.0
2025-04-20 06:00:00,24.2387231092255,19.7729789672506,0.0,1.76,11.7,72,1,6.2,249,14.4,17.1,16.8,0.0,0.0,0.03,14.0,65.0,0.0,0.0,0.0,252.0,0.0,100290.0
2025-04-20 07:00:00,23.9437455756518,19.9290037587021,0.0,1.76,13.7,68,0,6.7,246,14.6,17.0,16.8,0.0,0.0,0.07,13.0,68.0,0.0,0.0,0.0,210.0,0.0,100280.0
2025-04-20 08:00:00,24.1755847934205,19.8804752523182,0.0,1.76,15.5,59,11,8.9,250,15.6,16.8,16.8,0.0,0.0,0.18,12.0,71.0,423.0,0.0,1.0,204.0,0.0,100280.0
2025-04-20 09:00:00,23.9851403225902,19.6260934845837,0.0,1.76,16.9,52,10,13.2,245,16.9,16.8,16.8,0.0,0.0,0.29,13.0,66.0,7794.0,0.0,2.0,240.0,0.0,100350.0
2025-04-20 10:00:00,24.1047160514418,19.7652516421848,0.0,1.76,18.2,44,14,18.5,260,18.3,16.9,16.8,0.0,0.0,0.41,16.0,52.0,35123.0,2.0,4.0,282.0,0.0,100400.0
2025-04-20 11:00:00,24.140614027575,19.7840455236588,0.0,1.76,19.6,36,81,21.4,271,19.5,17.0,16.8,0.0,0.0,0.5,17.0,38.0,24345.0,2.0,4.0,291.0,0.0,100430.0
2025-04-20 12:00:00,24.0914455509183,19.6206240632716,0.0,1.76,20.1,33,90,21.1,284,20.2,17.2,16.8,0.0,0.0,0.48,18.0,35.0,84434.0,6.0,4.0,258.0,0.0,100420.0
2025-04-20 13:00:00,23.9588570554271,19.5761942421929,0.0,1.76,19.8,35,20,25.8,300,20.6,17.2,16.8,0.0,0.0,0.47,19.0,36.0,107369.0,9.0,4.0,304.0,0.0,100420.0
2025-04-20 14:00:00,23.9877681301479,19.6019802367883,0.0,1.76,20.6,35,16,22.6,302,21.3,17.4,16.8,0.0,0.0,0.54,19.0,34.0,33878.0,3.0,4.0,349.0,0.0,100400.0
2025-04-20 15:00:00,24.0828717962144,19.3516961562432,0.0,1.76,19.8,43,8,21.9,305,21.3,17.6,16.8,0.1,0.1,0.44,20.0,35.0,119180.0,10.0,7.0,352.0,0.0,100370.0
2025-04-20 16:00:00,24.0305210495036,19.2278016186287,0.0,1.76,19.3,46,17,18.7,305,21.1,17.8,16.8,0.0,0.0,0.35,20.0,40.0,100065.0,7.0,7.0,336.0,0.0,100350.0
2025-04-20 17:00:00,23.9416401809108,19.4313305409619,0.0,1.76,18.6,49,8,17.6,309,20.5,18.0,16.8,0.0,0.0,0.25,20.0,43.0,60098.0,5.0,8.0,348.0,0.0,100330.0
2025-04-20 18:00:00,24.0412257674481,19.2857221162353,0.0,1.76,17.4,56,1,8.1,306,19.5,18.1,16.8,0.0,0.0,0.11,20.0,46.0,63753.0,4.0,6.0,328.0,0.0,100320.0
2025-04-20 19:00:00,23.8185597877812,19.2992202524838,0.0,1.76,15.3,62,0,7.4,290,18.1,18.1,16.8,0.0,0.0,0.05,19.0,48.0,41424.0,2.0,4.0,1.0,0.0,100340.0
2025-04-20 20:00:00,23.8708358077954,19.141907413074,0.0,1.76,14.8,65,10,7.7,279,17.0,18.1,16.8,0.0,0.0,0.02,19.0,50.0,9728.0,0.0,5.0,340.0,0.0,100340.0
2025-04-20 21:00:00,23.9926975944215,19.2096765984635,0.0,1.76,14.4,69,26,7.4,259,16.2,17.9,16.8,0.0,0.0,0.02,18.0,50.0,932.0,0.0,2.0,251.0,0.0,100400.0
2025-04-20 22:00:00,23.9446072259897,19.1572992608364,0.0,1.76,13.9,73,99,10.3,229,15.7,17.8,16.8,0.0,0.0,0.02,17.0,54.0,0.0,0.0,2.0,270.0,0.0,100510.0
2025-04-20 23:00:00,23.747148732945,19.1651122497047,0.0,1.76,13.5,76,96,10.7,231,15.3,17.6,16.8,0.0,0.0,0.02,15.0,61.0,0.0,0.0,2.0,223.0,0.0,100570.0
2025-04-21 00:00:00,24.1092654517532,19.2669107773462,0.0,1.76,13.0,78,33,9.7,230,14.9,17.5,16.8,0.0,0.0,0.01,16.0,56.0,0.0,0.0,0.0,218.0,0.0,100600.0
2025-04-21 01:00:00,23.9498801592199,19.3140798201356,0.0,1.76,13.4,75,15,7.3,233,15.4,17.3,16.8,0.0,0.0,0.01,15.0,60.0,0.0,0.0,1.0,246.0,0.0,100600.0
2025-04-21 02:00:00,23.9253261538438,19.2268898527097,0.0,1.76,12.8,77,25,6.4,239,14.8,17.2,16.8,0.0,0.0,0.0,15.0,62.0,0.0,0.0,0.0,261.0,0.0,100610.0
2025-04-21 03:00:00,24.0479873697464,19.1373062665107,0.0,1.76,12.7,78,24,6.3,231,14.4,17.0,16.8,0.0,0.0,0.0,14.0,65.0,0.0,0.0,0.0,234.0,0.0,100590.0
2025-04-21 04:00:00,23.8720230746677,19.2165172394185,0.0,1.76,12.3,79,12,6.8,217,14.0,16.8,16.8,0.0,0.0,0.0,14.0,64.0,0.0,0.0,0.0,258.0,0.0,100580.0
2025-04-21 05:00:00,23.9352374294188,19.2970336692703,0.0,1.76,12.1,79,12,7.2,214,13.7,16.7,16.8,0.0,0.0,0.0,13.0,67.0,0.0,0.0,1.0,216.0,0.0,100600.0
2025-04-21 06:00:00,23.9513692085419,19.357717850068,0.0,1.76,12.4,76,16,8.3,216,13.5,16.5,16.8,0.0,0.0,0.03,12.0,75.0,0.0,0.0,2.0,192.0,0.0,100590.0
2025-04-21 07:00:00,23.8712361893817,19.319288311653,0.0,1.76,14.7,69,11,9.7,215,14.1,16.3,16.8,0.0,0.0,0.08,13.0,70.0,0.0,0.0,1.0,228.0,0.0,100630.0
2025-04-21 08:00:00,23.9005931869283,19.3002116457566,0.0,1.76,17.0,58,3,10.7,225,15.4,16.2,16.8,0.0,0.0,0.19,11.0,76.0,1194.0,0.0,0.0,264.0,0.0,100670.0
2025-04-21 09:00:00,24.035225535776,19.4491401585264,0.0,1.76,18.5,52,1,11.4,244,17.0,16.3,16.8,0.0,0.0,0.31,13.0,75.0,10376.0,1.0,0.0,264.0,0.0,100720.0
2025-04-21 10:00:00,24.0649107700778,19.3502899181039,0.0,1.76,19.7,50,0,7.8,250,18.8,16.4,16.8,0.0,0.0,0.42,16.0,59.0,35060.0,2.0,4.0,308.0,0.0,100770.0
2025-04-21 11:00:00,23.87714399446,19.1181598582693,0.0,1.76,20.9,47,39,4.2,264,20.6,16.6,16.8,0.0,0.0,0.52,18.0,50.0,65768.0,5.0,2.0,334.0,0.0,100770.0
2025-04-21 12:00:00,23.8638673065128,19.0302298332295,0.0,1.76,22.0,42,51,1.8,315,22.2,16.9,16.8,0.0,0.0,0.54,20.0,46.0,87093.0,6.0,3.0,254.0,0.0,100760.0
2025-04-21 13:00:00,23.6136321074635,19.9479772376369,0.0,1.76,22.0,42,1,9.6,25,22.9,17.2,16.8,0.0,0.0,0.48,20.0,43.0,102313.0,9.0,1.0,307.0,0.0,100720.0
2025-04-21 14:00:00,23.7831059375448,20.8866220595599,0.0,1.76,21.4,49,1,15.1,15,23.4,17.5,16.8,0.0,0.0,0.53,21.0,40.0,67394.0,7.0,2.0,54.0,0.0,100660.0
2025-04-21 15:00:00,23.6288009417981,21.2533853493843,0.0,1.76,20.4,54,0,14.9,16,23.3,17.9,16.8,0.0,0.0,0.44,22.0,36.0,111316.0,9.0,1.0,259.0,0.0,100600.0
2025-04-21 16:00:00,23.851018537602,21.4279599740919,0.0,1.76,19.8,57,0,12.8,29,22.9,18.2,16.8,0.0,0.0,0.34,21.0,51.0,92299.0,8.0,4.0,42.0,0.0,100580.0
2025-04-21 17:00:00,23.876739896444,21.5088986525706,0.0,1.76,18.9,59,0,12.5,36,22.1,18.4,16.8,0.0,0.0,0.23,20.0,56.0,78136.0,6.0,5.0,54.0,0.0,100540.0
2025-04-21 18:00:00,23.611582505576,21.5306435333945,0.0,1.76,17.4,66,0,10.6,41,20.8,18.5,16.8,0.0,0.0,0.12,20.0,53.0,54188.0,3.0,3.0,54.0,0.0,100520.0
2025-04-21 19:00:00,23.9024902397512,21.5881527572376,0.0,1.76,15.0,81,0,5.7,50,19.3,18.6,16.8,0.0,0.0,0.02,19.0,61.0,7648.0,0.0,1.0,44.0,0.0,100530.0
2025-04-21 20:00:00,23.8809349190138,21.4967168010531,0.0,1.76,14.0,88,0,1.9,43,17.8,18.5,16.8,0.0,0.0,0.0,18.0,66.0,7034.0,0.0,2.0,43.0,0.0,100530.0
2025-04-21 21:00:00,24.0389449377057,21.4908846311422,0.0,1.76,13.3,91,0,2.3,317,16.7,18.4,16.8,0.0,0.0,0.0,16.0,75.0,328.0,0.0,2.0,60.0,0.0,100550.0
2025-04-21 22:00:00,24.0961007279408,21.4550588207376,0.0,1.76,12.8,91,0,1.9,286,15.8,18.3,16.8,0.0,0.0,0.0,14.0,79.0,0.0,0.0,0.0,48.0,0.0,100640.0
2025-04-21 23:00:00,24.0747426145875,21.4818981524077,0.0,1.76,12.4,90,0,1.3,274,15.0,18.1,16.8,0.0,0.0,0.0,13.0,86.0,0.0,0.0,0.0,114.0,0.0,100680.0
2025-04-22 00:00:00,23.9091696035606,21.6218634134792,0.0,1.76,12.0,86,0,3.1,172,14.5,17.8,16.9,0.0,0.0,0.0,12.0,87.0,0.0,0.0,0.0,166.0,0.0,100700.0
2025-04-22 01:00:00,24.1407763219646,21.6215499515081,0.0,1.76,12.0,86,0,1.5,280,14.2,17.6,16.9,0.0,0.0,0.0,12.0,90.0,0.0,0.0,0.0,176.0,0.0,100700.0
2025-04-22 02:00:00,24.3142868762815,21.700429253574,0.0,1.76,11.7,86,0,2.4,268,13.7,17.4,16.9,0.0,0.0,0.0,11.0,91.0,0.0,0.0,1.0,169.0,0.0,100660.0
2025-04-22 03:00:00,24.2556782333456,21.8969197906253,0.0,1.76,11.2,85,0,3.8,220,13.3,17.1,16.9,0.0,0.0,0.0,11.0,93.0,0.0,0.0,0.0,178.0,0.0,100620.0
2025-04-22 04:00:00,24.1207765444088,21.6754582023631,0.0,1.76,10.7,84,0,4.8,216,12.9,16.9,16.9,0.0,0.0,0.0,9.0,94.0,0.0,0.0,0.0,179.0,0.0,100600.0
2025-04-22 05:00:00,24.1735211909341,21.7290041922196,0.0,1.76,10.5,84,5,5.7,242,12.6,16.6,16.9,0.0,0.0,0.0,10.0,95.0,0.0,0.0,0.0,173.0,0.0,100560.0
2025-04-22 06:00:00,24.2023598062258,21.7566402733403,0.0,1.76,11.1,82,3,6.3,239,12.5,16.4,16.8,0.0,0.0,0.02,11.0,95.0,0.0,0.0,0.0,204.0,0.0,100580.0
2025-04-22 07:00:00,23.9715735917987,21.6598333101143,0.0,1.76,14.1,74,3,8.8,241,13.3,16.2,16.8,0.0,0.0,0.07,9.0,95.0,0.0,0.0,0.0,178.0,0.0,100590.0
2025-04-22 08:00:00,24.3510885894178,21.9313240141992,0.0,1.76,17.2,64,0,7.8,243,14.9,16.1,16.8,0.0,0.0,0.18,9.0,95.0,2705.0,0.0,0.0,192.0,0.0,100620.0
2025-04-22 09:00:00,24.2602299138422,21.7094563896202,0.0,1.76,19.4,54,0,8.2,260,16.8,16.1,16.8,0.0,0.0,0.31,13.0,86.0,10876.0,1.0,0.0,204.0,0.0,100700.0
2025-04-22 10:00:00,24.3281943799282,21.6558958597049,0.0,1.76,21.1,49,0,7.2,273,18.9,16.2,16.8,0.0,0.0,0.43,17.0,65.0,40861.0,2.0,3.0,244.0,0.0,100730.0
2025-04-22 11:00:00,24.2932397180668,21.8663398736649,0.0,1.76,22.4,46,0,5.2,306,20.8,16.4,16.8,0.0,0.0,0.53,19.0,53.0,70044.0,5.0,4.0,288.0,0.0,100770.0
2025-04-22 12:00:00,24.48273924035,21.6092624069489,18.789576030955285,1.76,22.9,46,11,9.9,3,22.4,16.8,16.8,0.0,0.0,0.58,21.0,52.0,91265.0,8.0,2.0,269.0,0.0,100740.0
2025-04-22 13:00:00,24.6407921215779,21.4508114175112,0.0,1.76,22.7,43,100,14.5,12,23.2,17.1,16.8,0.0,0.0,0.57,22.0,44.0,106490.0,8.0,4.0,348.0,0.0,100710.0
2025-04-22 14:00:00,24.381109664254,21.3697460891005,0.0,1.76,22.6,45,93,11.6,14,23.6,17.5,16.8,0.0,0.0,0.52,22.0,48.0,105547.0,9.0,4.0,39.0,0.0,100690.0
2025-04-22 15:00:00,24.2937040389071,21.4260649410714,0.0,1.76,22.4,46,43,11.3,20,23.7,17.8,16.8,0.0,0.0,0.46,21.0,52.0,117230.0,10.0,4.0,42.0,0.0,100690.0
2025-04-22 16:00:00,24.3233516612849,21.303470793928,0.0,1.76,21.8,48,3,10.9,17,23.4,18.1,16.8,0.0,0.0,0.37,22.0,52.0,95548.0,8.0,4.0,54.0,0.0,100670.0
2025-04-22 17:00:00,24.2209816484125,21.1479115712459,0.0,1.76,21.0,51,1,8.3,20,22.6,18.4,16.8,0.0,0.0,0.25,22.0,52.0,74957.0,4.0,2.0,48.0,0.0,100640.0
2025-04-22 18:00:00,24.2566748366048,20.780827315708,0.0,1.76,19.4,61,0,5.3,55,21.5,18.6,16.8,0.0,0.0,0.11,22.0,51.0,49519.0,3.0,3.0,80.0,0.0,100640.0
2025-04-22 19:00:00,24.0945524578016,20.7608652360925,0.0,1.76,16.6,73,0,5.4,82,19.9,18.7,16.9,0.0,0.0,0.03,21.0,54.0,8102.0,1.0,4.0,20.0,0.0,100670.0
2025-04-22 20:00:00,24.250892556767,20.9329532693388,0.0,1.76,15.5,75,0,4.7,107,18.5,18.7,16.9,0.0,0.0,0.0,19.0,60.0,5197.0,0.0,2.0,48.0,0.0,100710.0
2025-04-22 21:00:00,24.3050369186088,20.7193759298714,0.0,1.76,15.0,71,0,3.1,137,17.4,18.6,16.9,0.0,0.0,0.0,18.0,65.0,97.0,0.0,0.0,93.0,0.0,100730.0
2025-04-22 22:00:00,24.2980262850945,20.782264763781,0.0,1.76,14.9,65,5,1.7,152,16.4,18.4,16.9,0.0,0.0,0.0,16.0,70.0,0.0,0.0,0.0,97.0,0.0,100790.0
2025-04-22 23:00:00,24.1539162426203,20.9470108101648,0.0,1.76,14.7,64,5,0.6,112,15.7,18.3,16.9,0.0,0.0,0.0,15.0,71.0,0.0,0.0,0.0,168.0,0.0,100840.0
2025-04-23 00:00:00,24.2730258199711,20.9377295791605,0.0,1.76,14.3,64,0,0.7,90,15.1,18.1,16.9,0.0,0.0,0.0,14.0,76.0,0.0,0.0,0.0,66.0,0.0,100890.0
2025-04-23 01:00:00,24.1799036006624,20.8641785613291,0.0,1.76,13.8,72,0,0.8,78,15.1,17.9,16.9,0.0,0.0,0.0,14.0,74.0,0.0,0.0,2.0,101.0,0.0,100890.0
2025-04-23 02:00:00,24.4572358923147,21.1042506956238,0.0,1.76,13.4,69,0,2.2,150,14.5,17.7,16.9,0.0,0.0,0.0,14.0,70.0,0.0,0.0,2.0,138.0,0.0,100880.0
2025-04-23 03:00:00,24.2368263221844,20.8229370762727,0.0,1.76,13.3,66,0,2.0,118,14.0,17.5,16.9,0.0,0.0,0.0,12.0,77.0,0.0,0.0,0.0,139.0,0.0,100860.0
2025-04-23 04:00:00,24.2362487007924,20.757555843748,0.0,1.76,13.0,64,0,1.8,126,13.5,17.2,16.9,0.0,0.0,0.0,11.0,83.0,0.0,0.0,0.0,139.0,0.0,100880.0
2025-04-23 05:00:00,24.2615270049971,20.7631660254442,0.0,1.76,12.9,63,0,0.5,60,13.1,17.0,16.9,0.0,0.0,0.0,12.0,80.0,0.0,0.0,2.0,170.0,0.0,100830.0
2025-04-23 06:00:00,24.0014454355805,20.698242458403,0.0,1.76,13.2,64,0,1.3,70,12.9,16.8,16.9,0.0,0.0,0.01,10.0,87.0,0.0,0.0,0.0,330.0,0.0,100820.0
2025-04-23 07:00:00,24.1452832976988,20.7287377808895,0.0,1.76,15.9,58,0,2.1,46,13.8,16.6,16.9,0.0,0.0,0.06,9.0,87.0,0.0,0.0,1.0,171.0,0.0,100850.0
2025-04-23 08:00:00,24.1751455235304,20.8499119239558,0.0,1.76,18.3,56,0,6.0,30,15.5,16.5,16.9,0.0,0.0,0.19,10.0,87.0,3840.0,0.0,0.0,192.0,0.0,100900.0
2025-04-23 09:00:00,24.235853399684,20.8490837534747,0.0,1.76,20.5,48,0,11.8,35,17.4,16.5,16.9,0.0,0.0,0.34,15.0,72.0,18760.0,1.0,1.0,239.0,0.0,100920.0
2025-04-23 10:00:00,24.2828511559135,20.8283231887664,0.0,1.76,22.0,44,0,15.9,36,19.3,16.6,16.9,0.0,0.0,0.47,19.0,61.0,48448.0,3.0,1.0,24.0,0.0,100920.0
2025-04-23 11:00:00,24.067835888712,20.7943051602659,0.0,1.76,22.6,41,0,18.6,37,20.9,16.8,16.9,0.0,0.0,0.55,21.0,52.0,75551.0,6.0,2.0,75.0,0.0,100930.0
2025-04-23 12:00:00,24.0420200896917,20.4529840054178,0.0,1.76,22.9,41,0,20.7,40,22.2,17.1,16.9,0.0,0.0,0.6,22.0,48.0,94660.0,8.0,4.0,66.0,0.0,100910.0
2025-04-23 13:00:00,24.1737704236957,20.467510700746,0.0,1.76,22.5,47,0,21.0,44,22.8,17.3,16.9,0.0,0.0,0.58,22.0,53.0,106150.0,7.0,5.0,48.0,0.0,100880.0
2025-04-23 14:00:00,24.0718780862776,20.3674361919663,0.0,1.76,22.3,49,0,21.4,49,23.3,17.6,16.9,0.0,0.0,0.54,22.0,53.0,108870.0,9.0,5.0,48.0,0.0,100810.0
2025-04-23 15:00:00,24.0687839359816,20.1272802124799,0.0,1.76,22.3,50,0,20.3,53,23.4,18.0,16.9,0.0,0.0,0.48,23.0,53.0,103305.0,8.0,5.0,60.0,0.0,100740.0
2025-04-23 16:00:00,24.2274281490671,20.0158612026405,0.0,1.76,21.7,53,0,19.2,54,23.1,18.2,16.9,0.0,0.0,0.38,23.0,53.0,89454.0,7.0,6.0,36.0,0.0,100690.0
2025-04-23 17:00:00,24.1600174126326,19.9910676194573,0.0,1.76,20.4,61,0,17.4,52,22.4,18.5,16.9,0.0,0.0,0.25,23.0,55.0,70461.0,5.0,6.0,19.0,0.0,100640.0
2025-04-23 18:00:00,24.1946646617289,19.7963809899435,0.0,1.76,18.8,67,0,15.5,47,21.3,18.6,16.9,0.0,0.0,0.13,22.0,52.0,43904.0,3.0,4.0,64.0,0.0,100640.0
2025-04-23 19:00:00,24.0055792620712,19.8496541746316,0.0,1.76,16.9,72,0,10.1,51,19.9,18.7,16.9,0.0,0.0,0.05,21.0,58.0,18086.0,1.0,4.0,24.0,0.0,100650.0
2025-04-23 20:00:00,24.1493306279879,19.9201684559332,0.0,1.76,15.6,79,0,6.0,36,18.7,18.7,16.9,0.0,0.0,0.0,19.0,65.0,4414.0,0.0,3.0,60.0,0.0,100650.0
2025-04-23 21:00:00,24.2290431709144,19.8246555024585,0.0,1.76,14.7,86,0,3.5,359,17.6,18.6,16.9,0.0,0.0,0.0,18.0,68.0,0.0,0.0,2.0,88.0,0.0,100690.0
2025-04-23 22:00:00,24.077112385995,19.8213514922074,0.0,1.76,14.5,87,0,4.0,313,16.8,18.5,16.9,0.0,0.0,0.0,17.0,75.0,0.0,0.0,2.0,30.0,0.0,100750.0
2025-04-23 23:00:00,24.0799747379252,19.8047031439182,0.0,1.76,14.2,87,0,7.9,277,16.3,18.4,16.9,0.0,0.0,0.0,15.0,80.0,0.0,0.0,0.0,26.0,0.0,100790.0
2025-04-24 00:00:00,23.9986765854737,19.9303209032502,0.0,1.76,13.7,89,0,8.0,260,15.9,18.2,16.9,0.0,0.0,0.0,14.0,85.0,0.0,0.0,0.0,192.0,0.0,100790.0
2025-04-24 01:00:00,24.0916057575544,19.9501202843473,0.0,1.76,13.6,89,0,6.9,252,15.7,18.0,17.0,0.0,0.0,0.0,13.0,87.0,0.0,0.0,0.0,180.0,0.0,100780.0
2025-04-24 02:00:00,24.0440873686845,19.9976612159926,0.0,1.76,13.2,90,0,7.4,253,15.3,17.9,17.0,0.0,0.0,0.0,12.0,90.0,0.0,0.0,0.0,170.0,0.0,100740.0
2025-04-24 03:00:00,23.9920704154354,19.8913490581175,0.0,1.76,12.9,92,0,12.0,260,15.0,17.7,17.0,0.0,0.0,0.0,13.0,91.0,0.0,0.0,0.0,164.0,0.0,100670.0
2025-04-24 04:00:00,24.1948477542852,19.9345007925205,0.0,1.76,12.7,91,0,11.7,255,14.8,17.5,17.0,0.0,0.0,0.0,12.0,93.0,0.0,0.0,0.0,294.0,0.0,100630.0
2025-04-24 05:00:00,24.0730396856915,19.878908556808,0.0,1.76,12.7,87,0,10.5,261,14.5,17.3,17.0,0.0,0.0,0.0,11.0,94.0,0.0,0.0,0.0,186.0,0.0,100620.0
2025-04-24 06:00:00,24.0668385033577,19.9119640777139,0.0,1.76,13.0,84,0,10.2,262,14.4,17.2,17.0,0.0,0.0,0.03,11.0,94.0,0.0,0.0,1.0,192.0,0.0,100600.0
2025-04-24 07:00:00,24.1528048458205,19.8504458096992,0.0,1.76,15.5,76,0,9.2,255,15.0,17.0,17.0,0.0,0.0,0.07,11.0,95.0,74.0,0.0,0.0,186.0,0.0,100610.0
2025-04-24 08:00:00,24.1228187809108,19.7672537434289,0.0,1.76,18.3,65,0,7.2,263,16.4,16.9,17.0,0.0,0.0,0.19,11.0,95.0,6360.0,0.0,0.0,186.0,0.0,100650.0
2025-04-24 09:00:00,24.148726928027,19.9946568802326,0.0,1.76,20.3,58,0,5.8,288,18.3,17.0,17.0,0.0,0.0,0.31,16.0,83.0,22512.0,1.0,2.0,224.0,0.0,100680.0
2025-04-24 10:00:00,23.9993584720277,19.8798936386411,0.0,1.76,22.1,55,0,5.1,322,20.3,17.1,17.0,0.0,0.0,0.44,18.0,73.0,48814.0,3.0,0.0,330.0,0.0,100690.0
2025-04-24 11:00:00,24.1941028560849,19.8416695226213,0.0,1.76,23.3,56,0,7.0,5,22.2,17.4,17.0,0.0,0.0,0.53,20.0,61.0,74607.0,5.0,0.0,357.0,0.0,100670.0
2025-04-24 12:00:00,24.1519494609881,19.5095986007516,0.0,1.76,23.5,59,0,11.4,23,23.6,17.7,17.0,0.0,0.0,0.57,22.0,58.0,93050.0,9.0,2.0,60.0,0.0,100640.0
2025-04-24 13:00:00,23.9874659618614,19.4167298937127,0.0,1.76,23.1,57,76,13.7,21,24.3,18.1,17.0,0.0,0.0,0.56,23.0,57.0,103424.0,7.0,2.0,356.0,0.0,100570.0
2025-04-24 14:00:00,23.8765026519658,19.3947744120551,0.0,1.76,23.0,57,90,12.0,22,24.8,18.4,17.0,0.0,0.0,0.53,23.0,58.0,104099.0,9.0,4.0,30.0,0.0,100560.0
2025-04-24 15:00:00,23.865590988955,19.4159781182537,0.0,1.76,22.8,56,100,11.8,25,24.8,18.8,17.0,0.0,0.0,0.45,23.0,53.0,96501.0,8.0,5.0,36.0,0.0,100490.0
2025-04-24 16:00:00,23.9528245254813,19.2274531509294,0.0,1.76,21.5,60,100,13.0,23,24.1,19.1,17.0,0.0,0.0,0.31,23.0,54.0,85449.0,7.0,5.0,36.0,0.0,100430.0
2025-04-24 17:00:00,23.8311584077643,19.2228452879024,0.0,1.76,20.1,65,98,11.2,26,23.2,19.3,17.0,0.0,0.0,0.21,22.0,54.0,67396.0,4.0,3.0,39.0,0.0,100370.0
2025-04-24 18:00:00,23.9189876625169,19.3062249424706,0.0,1.76,18.7,73,100,7.2,19,22.0,19.5,17.0,0.0,0.0,0.1,21.0,66.0,28608.0,1.0,3.0,38.0,0.0,100350.0
2025-04-24 19:00:00,23.9431382097252,19.107987113135,0.0,1.76,16.7,85,100,3.4,356,20.6,19.5,17.0,0.0,0.0,0.02,20.0,74.0,10252.0,0.0,3.0,54.0,0.0,100360.0
2025-04-24 20:00:00,23.7173087416058,18.9457348467676,0.0,1.76,16.4,87,100,0.7,294,19.4,19.5,17.0,0.0,0.0,0.0,18.0,82.0,3374.0,0.0,2.0,18.0,0.0,100380.0
2025-04-24 21:00:00,23.9442923628208,19.1610840855585,0.0,1.76,16.2,86,100,5.3,242,18.5,19.4,17.0,0.0,0.0,0.0,17.0,87.0,0.0,0.0,0.0,66.0,0.0,100410.0
2025-04-24 22:00:00,24.019491716494,19.0290205757172,0.0,1.76,16.8,80,100,6.7,255,18.1,19.3,17.1,0.0,0.0,0.0,17.0,89.0,0.0,0.0,0.0,81.0,0.0,100450.0
2025-04-24 23:00:00,23.7704361269793,19.2918958030971,0.0,1.76,17.0,81,100,0.9,236,17.7,19.2,17.1,0.0,0.0,0.0,16.0,90.0,0.0,0.0,0.0,174.0,0.0,100480.0
2025-04-25 00:00:00,24.1065363920012,19.0797155151766,0.0,1.76,16.8,82,100,7.9,41,17.6,19.0,17.1,0.1,0.1,0.01,16.0,92.0,0.0,0.0,0.0,144.0,0.0,100460.0
2025-04-25 01:00:00,23.7776303269203,19.3135884480486,0.0,1.76,16.2,84,100,4.2,212,17.0,18.9,17.1,0.0,0.0,0.0,16.0,91.0,0.0,0.0,0.0,168.0,0.0,100500.0
2025-04-25 02:00:00,23.8425304360653,19.2280764008148,0.0,1.76,16.3,84,100,0.7,264,16.8,18.7,17.1,0.0,0.0,0.0,16.0,93.0,0.0,0.0,2.0,138.0,0.0,100480.0
2025-04-25 03:00:00,23.8028507908859,19.2773938265019,0.0,1.76,16.0,84,100,3.1,105,16.6,18.6,17.1,0.0,0.0,0.0,16.0,93.0,0.0,0.0,2.0,98.0,0.0,100410.0
2025-04-25 04:00:00,23.8647023646596,19.2878124704508,0.0,1.76,16.1,84,100,4.5,65,16.5,18.4,17.1,0.0,0.0,0.0,16.0,92.0,0.0,0.0,0.0,288.0,0.0,100390.0
2025-04-25 05:00:00,23.9097327479473,19.3122026816686,0.0,1.76,16.1,83,97,1.1,128,16.4,18.3,17.1,0.1,0.1,0.0,16.0,92.0,0.0,0.0,1.0,206.0,0.0,100370.0
2025-04-25 06:00:00,23.7326529501719,19.217175923457,0.0,1.76,16.1,86,100,1.5,345,16.2,18.1,17.1,0.0,0.0,0.02,16.0,90.0,0.0,0.0,2.0,54.0,0.0,100340.0
2025-04-25 07:00:00,23.8173999108248,19.2511662266353,0.0,1.76,17.2,83,100,1.8,169,16.7,18.0,17.1,0.1,0.1,0.04,16.0,90.0,84.0,0.0,2.0,323.0,0.0,100350.0
2025-04-25 08:00:00,23.7885036294138,19.0600852787126,0.0,1.76,17.9,81,100,7.4,187,17.0,17.9,17.1,0.1,0.1,0.06,16.0,94.0,1522.0,0.0,4.0,158.0,0.0,100380.0
2025-04-25 09:00:00,23.8390833563589,19.0825189679424,0.0,1.76,18.7,88,100,5.8,198,17.5,17.9,17.1,0.8,0.8,0.08,17.0,93.0,6352.0,0.0,2.0,54.0,0.0,100430.0
2025-04-25 10:00:00,23.6873050454083,19.2182323326775,0.0,1.76,20.5,79,100,10.1,212,18.3,17.9,17.1,0.5,0.5,0.15,18.0,85.0,20336.0,1.0,0.0,276.0,0.0,100470.0
2025-04-25 11:00:00,23.723343160598,19.1068601776903,0.0,1.76,22.3,61,100,9.8,217,19.2,17.9,17.1,0.0,0.0,0.23,19.0,79.0,21393.0,1.0,0.0,211.0,0.0,100510.0
2025-04-25 12:00:00,23.6612413529126,19.2970782262278,0.0,1.76,23.7,53,100,7.8,224,20.3,18.0,17.1,0.0,0.0,0.3,20.0,76.0,18292.0,1.0,1.0,66.0,0.0,100500.0
2025-04-25 13:00:00,23.7446931680364,19.1462141666753,0.0,1.76,24.8,50,99,8.8,300,22.6,18.6,17.1,0.0,0.0,0.44,20.0,72.0,17747.0,1.0,1.0,336.0,0.0,100490.0
2025-04-25 14:00:00,23.7245346164174,19.2104876511344,0.0,1.76,23.5,58,100,3.4,331,22.7,18.8,17.2,0.0,0.0,0.26,20.0,72.0,14328.0,1.0,2.0,228.0,0.0,100450.0
2025-04-25 15:00:00,23.6753905914374,19.0449865016897,0.0,1.76,24.9,55,98,2.6,295,23.8,19.0,17.2,0.0,0.0,0.41,20.0,78.0,16436.0,1.0,2.0,245.0,0.0,100420.0
2025-04-25 16:00:00,23.7407659243631,18.887512885241,0.0,1.76,24.0,60,88,1.7,68,23.4,19.3,17.2,0.2,0.2,0.18,21.0,78.0,15943.0,1.0,0.0,259.0,0.0,100370.0
2025-04-25 17:00:00,23.7489551798907,19.2587736050595,0.0,1.76,24.0,61,99,3.5,33,23.4,19.5,17.2,0.0,0.0,0.2,19.0,86.0,13760.0,1.0,2.0,48.0,0.0,100370.0
2025-04-25 18:00:00,23.6173851496078,19.1426570599096,0.0,1.76,22.1,71,100,4.6,61,22.7,19.6,17.2,0.0,0.0,0.1,19.0,88.0,12526.0,0.0,3.0,168.0,0.0,100320.0
2025-04-25 19:00:00,23.7151922520438,19.2070849581091,0.0,1.76,18.8,85,100,4.6,132,21.3,19.7,17.2,0.0,0.0,0.02,20.0,83.0,9096.0,1.0,0.0,174.0,0.0,100300.0
2025-04-25 20:00:00,23.6188072901007,19.2055255576669,0.0,1.76,18.3,82,100,2.7,157,20.2,19.7,17.2,0.0,0.0,0.0,21.0,83.0,2947.0,0.0,0.0,92.0,0.0,100300.0
2025-04-25 21:00:00,23.5845150605323,19.2145771514778,0.0,1.76,18.5,77,33,0.9,171,19.3,19.7,17.2,0.0,0.0,0.0,19.5,87.0,1473.5,0.0,0.0,106.0,0.0,100325.0
2025-04-25 22:00:00,23.4833698806205,19.2183954887225,0.0,1.76,18.2,76,16,0.7,195,18.6,19.6,17.2,0.0,0.0,0.0,18.0,91.0,0.0,0.0,0.0,120.0,0.0,100350.0
2025-04-25 23:00:00,23.5253562392929,19.0331380978108,0.0,1.76,17.6,74,86,0.9,240,17.9,19.5,17.3,0.0,0.0,0.0,16.0,92.0,0.0,0.0,0.0,12.0,0.0,100430.0
2025-04-26 00:00:00,23.5775314319948,19.3211703986032,0.0,1.76,17.3,70,1,2.3,193,17.4,19.3,17.3,0.0,0.0,0.0,17.0,94.0,0.0,0.0,0.0,179.0,0.0,100470.0
2025-04-26 01:00:00,23.5973023121932,19.1239103851408,0.0,1.76,16.5,73,0,3.4,211,16.5,18.9,17.3,0.0,0.0,0.0,16.0,92.0,0.0,0.0,0.0,170.0,0.0,100420.0
2025-04-26 02:00:00,23.5888207102649,19.2792929631252,0.0,1.76,16.0,76,0,1.9,254,16.1,18.7,17.3,0.0,0.0,0.0,15.0,92.0,0.0,0.0,0.0,42.0,0.0,100390.0
2025-04-26 03:00:00,23.538045417922,19.069028299565,0.0,1.76,15.7,78,0,0.5,333,15.7,18.5,17.3,0.0,0.0,0.0,14.0,94.0,0.0,0.0,0.0,185.0,0.0,100360.0
2025-04-26 04:00:00,23.5894075874751,19.1452602474068,0.0,1.76,15.1,81,0,3.5,188,15.4,18.3,17.3,0.0,0.0,0.0,14.0,91.0,0.0,0.0,0.0,182.0,0.0,100340.0
2025-04-26 05:00:00,23.4946734778551,18.9978246581186,0.0,1.76,15.1,82,0,8.5,211,15.2,18.1,17.3,0.0,0.0,0.01,13.0,93.0,0.0,0.0,0.0,170.0,0.0,100380.0
2025-04-26 06:00:00,23.5726104487031,19.0985981486572,0.0,1.76,16.2,78,0,9.7,206,15.4,17.9,17.3,0.0,0.0,0.04,15.0,88.0,0.0,0.0,1.0,192.0,0.0,100380.0
2025-04-26 07:00:00,23.5660907686841,19.1675113746858,0.0,1.76,19.2,72,0,9.4,218,16.3,17.8,17.3,0.0,0.0,0.09,13.0,91.0,0.0,0.0,0.0,210.0,0.0,100380.0
2025-04-26 08:00:00,23.7154779962949,18.8763487840015,0.0,1.76,22.6,58,0,7.9,220,17.9,17.7,17.3,0.0,0.0,0.22,14.0,90.0,984.0,0.0,2.0,228.0,0.0,100410.0
2025-04-26 09:00:00,23.5283474038866,19.1124366454596,0.0,1.76,24.3,52,0,10.6,243,19.8,17.8,17.3,0.0,0.0,0.37,16.0,85.0,8892.0,0.0,0.0,198.0,0.0,100450.0
2025-04-26 10:00:00,23.1814709178804,19.3471811042729,0.0,1.76,25.7,51,0,12.1,263,21.7,18.0,17.3,0.0,0.0,0.49,20.0,71.0,31638.0,2.0,2.0,222.0,0.0,100480.0
2025-04-26 11:00:00,23.514443275767,19.2332571317283,0.0,1.76,26.9,48,0,11.8,280,23.4,18.2,17.3,0.0,0.0,0.59,23.0,55.0,60910.0,4.0,3.0,281.0,0.0,100490.0
2025-04-26 12:00:00,23.5782849251219,19.1106578769781,0.0,1.76,27.0,46,0,14.0,320,24.8,18.6,17.3,0.0,0.0,0.64,25.0,53.0,82830.0,5.0,2.0,211.0,0.0,100500.0
2025-04-26 13:00:00,23.3967895531641,19.0508784787053,0.0,1.76,26.9,45,0,15.6,332,25.8,19.0,17.3,0.0,0.0,0.64,26.0,45.0,99703.0,7.0,4.0,269.0,0.0,100490.0
2025-04-26 14:00:00,23.5202631887885,19.0584452890839,0.0,1.76,26.3,46,1,16.2,329,26.2,19.4,17.3,0.0,0.0,0.6,26.0,49.0,107101.0,10.0,6.0,36.0,0.0,100450.0
2025-04-26 15:00:00,23.3682833084102,18.9253685166386,0.0,1.76,25.8,46,1,13.4,329,26.3,19.8,17.3,0.0,0.0,0.52,26.0,49.0,106536.0,9.0,5.0,28.0,0.0,100420.0
2025-04-26 16:00:00,23.3028354473685,18.5124851342941,0.0,1.76,25.2,46,0,10.2,326,25.9,20.1,17.3,0.0,0.0,0.41,26.0,47.0,95504.0,8.0,4.0,356.0,0.0,100430.0
2025-04-26 17:00:00,23.4065744148863,18.4307418842142,0.0,1.76,24.8,43,0,6.3,336,25.2,20.4,17.3,0.0,0.0,0.27,26.0,42.0,81326.0,7.0,4.0,350.0,0.0,100390.0
2025-04-26 18:00:00,23.4937594979522,18.3581313434787,0.0,1.76,22.9,57,0,3.1,88,24.0,20.6,17.4,0.0,0.0,0.11,26.0,40.0,59063.0,4.0,4.0,30.0,0.0,100370.0
2025-04-26 19:00:00,23.208586552515,18.3955180007942,0.0,1.76,19.9,66,0,3.7,111,22.3,20.6,17.4,0.0,0.0,0.03,24.0,44.0,20402.0,2.0,5.0,30.0,0.0,100390.0
2025-04-26 20:00:00,23.2992130889168,18.5395928835777,0.0,1.76,18.4,72,0,3.0,112,20.9,20.6,17.4,0.0,0.0,0.0,23.0,47.0,10073.0,0.0,3.0,69.0,0.0,100400.0
2025-04-26 21:00:00,23.6828197881782,18.7228102348346,0.0,1.76,17.7,72,0,2.3,124,19.6,20.5,17.4,0.0,0.0,0.0,20.0,56.0,1081.0,0.0,1.0,48.0,0.0,100450.0
2025-04-26 22:00:00,23.2143151313881,18.5543190306071,0.0,1.76,17.4,68,0,1.7,112,18.6,20.4,17.4,0.0,0.0,0.0,19.0,61.0,0.0,0.0,2.0,70.0,0.0,100500.0
2025-04-26 23:00:00,23.4020118051782,18.4084798626331,0.0,1.76,17.0,63,5,1.6,117,17.8,20.2,17.4,0.0,0.0,0.0,17.0,67.0,0.0,0.0,2.0,113.0,0.0,100560.0
2025-04-27 00:00:00,23.3339297931497,18.450619760103,0.0,1.76,16.9,57,13,0.9,102,17.1,20.0,17.5,0.0,0.0,0.0,16.0,67.0,0.0,0.0,2.0,144.0,0.0,100570.0
2025-04-27 01:00:00,23.3683674380189,18.7001766559122,0.0,1.76,16.8,60,11,1.6,67,16.8,19.8,17.5,0.0,0.0,0.0,15.0,73.0,0.0,0.0,0.0,60.0,0.0,100580.0
2025-04-27 02:00:00,23.2772130920072,18.6100194266307,0.0,1.76,16.3,63,7,1.8,69,16.3,19.6,17.5,0.0,0.0,0.0,14.0,75.0,0.0,0.0,0.0,180.0,0.0,100590.0
2025-04-27 03:00:00,23.3958217685509,18.4671924302485,0.0,1.76,16.1,63,0,1.1,75,15.8,19.3,17.5,0.0,0.0,0.0,14.0,71.0,0.0,0.0,0.0,144.0,0.0,100560.0
2025-04-27 04:00:00,23.295951669405,18.6877299105619,0.0,1.76,15.5,64,0,1.4,52,15.3,19.1,17.5,0.0,0.0,0.0,13.0,77.0,0.0,0.0,0.0,181.0,0.0,100540.0
2025-04-27 05:00:00,23.3653901717716,18.7981259621563,0.0,1.76,14.7,71,0,2.4,44,14.9,18.8,17.5,0.0,0.0,0.0,12.0,84.0,0.0,0.0,0.0,162.0,0.0,100530.0
2025-04-27 06:00:00,23.3974706347059,18.7622564618476,0.0,1.76,14.9,74,0,2.3,54,14.7,18.6,17.5,0.0,0.0,0.02,11.0,83.0,0.0,0.0,0.0,178.0,0.0,100520.0
2025-04-27 07:00:00,23.2654968712447,18.7537817073348,0.0,1.76,16.9,67,0,5.0,63,15.6,18.4,17.5,0.0,0.0,0.08,11.0,85.0,0.0,0.0,0.0,137.0,0.0,100570.0
2025-04-27 08:00:00,23.3210499916339,18.7650092067569,0.0,1.76,19.2,62,0,5.6,41,17.3,18.3,17.5,0.0,0.0,0.2,10.0,87.0,2195.0,0.0,0.0,96.0,0.0,100620.0
2025-04-27 09:00:00,23.2027229456119,18.5379622999594,0.0,1.76,21.2,57,0,8.0,30,19.2,18.2,17.5,0.0,0.0,0.33,15.0,76.0,12991.0,1.0,0.0,179.0,0.0,100630.0
2025-04-27 10:00:00,23.18919960948205,18.528953921382133,0.0,1.76,23.1,48,0,9.8,29,21.1,18.3,17.5,0.0,0.0,0.47,20.0,65.0,38317.0,2.0,1.0,48.0,0.0,100610.0
2025-04-27 11:00:00,23.175676273352195,18.519945542804866,0.0,1.76,23.5,49,0,14.7,24,22.8,18.5,17.5,0.0,0.0,0.55,19.88888888888889,65.62962962962963,36897.851851851854,1.925925925925926,0.962962962962963,47.111111111111114,0.0,100610.37037037036
2025-04-27 12:00:00,23.162152937222345,18.5109371642276,0.0,1.76,22.9,54,0,16.0,29,24.0,18.8,17.5,0.0,0.0,0.57,19.77777777777778,66.25925925925925,35478.7037037037,1.8518518518518519,0.9259259259259259,46.22222222222222,0.0,100610.74074074074
2025-04-27 13:00:00,23.14862960109249,18.501928785650332,0.0,1.76,22.8,58,0,15.3,33,24.7,19.0,17.5,0.0,0.0,0.57,19.666666666666668,66.88888888888889,34059.555555555555,1.7777777777777777,0.8888888888888888,45.333333333333336,0.0,100611.11111111111
2025-04-27 14:00:00,23.13510626496264,18.49292040707307,0.0,1.76,22.9,56,0,16.1,38,25.2,19.3,17.5,0.0,0.0,0.54,19.555555555555557,67.51851851851852,32640.40740740741,1.7037037037037037,0.8518518518518519,44.44444444444444,0.0,100611.48148148147
2025-04-27 15:00:00,23.12158292883279,18.4839120284958,0.0,1.76,22.6,56,0,17.2,41,25.2,19.6,17.5,0.0,0.0,0.47,19.444444444444443,68.14814814814815,31221.25925925926,1.6296296296296298,0.8148148148148149,43.55555555555556,0.0,100611.85185185185
2025-04-27 16:00:00,23.108059592702936,18.474903649918534,0.0,1.76,21.9,60,0,17.5,46,24.8,19.9,17.5,0.0,0.0,0.37,19.333333333333332,68.77777777777777,29802.111111111113,1.5555555555555556,0.7777777777777778,42.666666666666664,0.0,100612.22222222222
2025-04-27 17:00:00,23.094536256573086,18.465895271341267,0.0,1.76,20.8,64,0,16.9,48,23.9,20.1,17.6,0.0,0.0,0.25,19.22222222222222,69.4074074074074,28382.962962962964,1.4814814814814814,0.7407407407407407,41.77777777777778,0.0,100612.5925925926
2025-04-27 18:00:00,23.081012920443232,18.456886892764,0.0,1.76,19.2,72,0,10.8,42,22.7,20.2,17.6,0.0,0.0,0.12,19.11111111111111,70.03703703703704,26963.814814814818,1.4074074074074074,0.7037037037037037,40.888888888888886,0.0,100612.96296296296
2025-04-27 19:00:00,23.067489584313382,18.447878514186733,0.0,1.76,17.0,82,1,4.5,38,21.1,20.3,17.6,0.0,0.0,0.02,19.0,70.66666666666667,25544.666666666668,1.3333333333333335,0.6666666666666667,40.0,0.0,100613.33333333333
2025-04-27 20:00:00,23.05396624818353,18.438870135609466,0.0,1.76,16.2,84,0,2.5,23,19.7,20.2,17.6,0.0,0.0,0.0,18.88888888888889,71.29629629629629,24125.51851851852,1.2592592592592593,0.6296296296296297,39.111111111111114,0.0,100613.70370370371
2025-04-27 21:00:00,23.040442912053678,18.4298617570322,0.0,1.76,15.9,84,0,2.0,15,18.5,20.1,17.6,0.0,0.0,0.0,18.77777777777778,71.92592592592592,22706.370370370372,1.1851851851851851,0.5925925925925926,38.22222222222222,0.0,100614.07407407407
2025-04-27 22:00:00,23.026919575923827,18.420853378454932,0.0,1.76,15.6,83,0,1.6,17,17.6,19.9,17.6,0.0,0.0,0.0,18.666666666666668,72.55555555555556,21287.222222222223,1.1111111111111112,0.5555555555555556,37.333333333333336,0.0,100614.44444444444
2025-04-27 23:00:00,23.013396239793973,18.41184499987767,0.0,1.76,15.2,82,0,0.9,27,16.8,19.7,17.6,0.0,0.0,0.0,18.555555555555557,73.18518518518519,19868.074074074077,1.0370370370370372,0.5185185185185186,36.44444444444444,0.0,100614.81481481482
2025-04-28 00:00:00,22.999872903664123,18.402836621300402,0.0,1.76,14.7,82,0,1.0,26,16.2,19.5,17.6,0.0,0.0,0.0,18.444444444444443,73.81481481481481,18448.925925925927,0.962962962962963,0.4814814814814815,35.55555555555556,0.0,100615.18518518518
2025-04-28 01:00:00,22.98634956753427,18.393828242723135,0.0,1.76,14.5,81,0,1.3,37,16.0,19.3,17.6,0.0,0.0,0.0,18.333333333333332,74.44444444444444,17029.77777777778,0.888888888888889,0.4444444444444445,34.666666666666664,0.0,100615.55555555556
2025-04-28 02:00:00,22.97282623140442,18.384819864145868,0.0,1.76,13.8,82,0,2.2,5,15.4,19.1,17.6,0.0,0.0,0.0,18.22222222222222,75.07407407407408,15610.629629629631,0.8148148148148149,0.40740740740740744,33.77777777777778,0.0,100615.92592592593
2025-04-28 03:00:00,22.95930289527457,18.3758114855686,0.0,1.76,13.5,83,0,1.2,16,14.9,18.8,17.6,0.0,0.0,0.0,18.11111111111111,75.70370370370371,14191.481481481484,0.7407407407407408,0.3703703703703704,32.88888888888889,0.0,100616.29629629629
2025-04-28 04:00:00,22.945779559144714,18.366803106991334,0.0,1.76,13.2,84,0,1.0,19,14.4,18.6,17.6,0.0,0.0,0.0,18.0,76.33333333333333,12772.333333333336,0.6666666666666667,0.33333333333333337,32.0,0.0,100616.66666666667
2025-04-28 05:00:00,22.932256223014864,18.357794728414067,0.0,1.76,12.7,87,0,0.6,38,14.0,18.3,17.7,0.0,0.0,0.0,17.88888888888889,76.96296296296296,11353.185185185188,0.5925925925925927,0.29629629629629634,31.11111111111111,0.0,100617.03703703704
2025-04-28 06:00:00,22.91873288688501,18.3487863498368,0.0,1.76,13.1,89,0,0.4,46,13.8,18.0,17.7,0.0,0.0,0.01,17.77777777777778,77.5925925925926,9934.03703703704,0.5185185185185186,0.2592592592592593,30.22222222222222,0.0,100617.4074074074
2025-04-28 07:00:00,22.90520955075516,18.339777971259533,0.0,1.76,15.3,83,0,2.3,49,14.8,17.8,17.6,0.0,0.0,0.06,17.666666666666668,78.22222222222223,8514.88888888889,0.44444444444444453,0.22222222222222227,29.333333333333336,0.0,100617.77777777778
2025-04-28 08:00:00,22.89168621462531,18.33076959268227,0.0,1.76,17.4,72,0,8.2,34,16.4,17.7,17.6,0.0,0.0,0.19,17.555555555555557,78.85185185185185,7095.740740740743,0.37037037037037046,0.18518518518518523,28.444444444444446,0.0,100618.14814814815
2025-04-28 09:00:00,22.878162878495456,18.321761214105003,0.0,1.76,19.1,62,0,12.9,39,18.2,17.7,17.6,0.0,0.0,0.31,17.444444444444443,79.48148148148148,5676.592592592595,0.2962962962962964,0.1481481481481482,27.555555555555557,0.0,100618.51851851853
2025-04-28 10:00:00,22.864639542365605,18.312752835527736,0.0,1.76,20.4,57,0,16.9,43,19.9,17.7,17.6,0.0,0.0,0.42,17.333333333333332,80.11111111111111,4257.444444444447,0.22222222222222232,0.11111111111111116,26.666666666666668,0.0,100618.88888888889
2025-04-28 11:00:00,22.85111620623575,18.30374445695047,0.0,1.76,21.2,57,0,21.1,48,21.4,17.9,17.6,0.0,0.0,0.49,17.22222222222222,80.74074074074075,2838.2962962962993,0.14814814814814825,0.07407407407407413,25.77777777777778,0.0,100619.25925925926
2025-04-28 12:00:00,22.8375928701059,18.2947360783732,0.0,1.76,21.6,57,0,23.2,50,22.6,18.1,17.6,0.0,0.0,0.53,17.11111111111111,81.37037037037037,1419.148148148151,0.07407407407407418,0.03703703703703709,24.88888888888889,0.0,100619.62962962964
2025-04-28 13:00:00,22.735510266957,18.1232011905207,0.0,1.76,21.9,57,0,24.4,52,23.5,18.5,17.6,0.0,0.0,0.53,17.0,82.0,0.0,0.0,0.0,24.0,0.0,100620.0
2025-04-28 14:00:00,22.9753255665787,18.0960864262041,0.0,1.76,21.9,56,0,25.7,55,23.9,18.7,17.6,0.0,0.0,0.51,21.0,61.0,107372.0,9.0,5.0,48.0,0.0,100520.0
2025-04-28 15:00:00,22.8055360476306,17.9354969263353,0.0,1.76,21.4,60,0,25.8,54,24.0,19.0,17.6,0.0,0.0,0.44,22.0,60.0,105436.0,8.0,5.0,94.0,0.0,100460.0
2025-04-28 16:00:00,22.712267883934,17.9163793023836,0.0,1.76,20.4,63,0,24.4,56,23.6,19.3,17.7,0.0,0.0,0.34,22.0,58.0,93333.0,8.0,7.0,53.0,0.0,100430.0
2025-04-28 17:00:00,22.8195847799283,17.8549229308572,0.0,1.76,19.3,69,1,21.1,56,22.8,19.5,17.7,0.0,0.0,0.23,22.0,56.0,78430.0,6.0,6.0,96.0,0.0,100400.0
2025-04-28 18:00:00,22.591741440073,17.8849361465646,0.0,1.76,17.9,77,7,17.7,53,21.7,19.6,17.7,0.0,0.0,0.11,21.0,62.0,54844.0,3.0,6.0,58.0,0.0,100370.0
2025-04-28 19:00:00,22.8202603787427,17.7331754487756,0.0,1.76,16.7,85,2,14.4,55,20.4,19.6,17.7,0.0,0.0,0.04,20.0,65.0,9543.0,1.0,7.0,66.0,0.0,100380.0
2025-04-28 20:00:00,22.6284898219266,17.8943893423352,0.0,1.76,16.0,91,9,12.2,52,19.3,19.6,17.7,0.0,0.0,0.0,19.0,69.0,8539.0,0.0,6.0,86.0,0.0,100390.0
2025-04-28 21:00:00,22.7248794232811,17.6984937575849,0.0,1.76,15.6,94,11,8.8,48,18.4,19.5,17.7,0.0,0.0,0.0,18.0,75.0,646.0,0.0,2.0,59.0,0.0,100420.0
2025-04-28 22:00:00,22.6688463028032,17.8397794558889,0.0,1.76,15.5,94,19,7.7,45,17.8,19.4,17.7,0.0,0.0,0.0,16.0,83.0,0.0,0.0,0.0,66.0,0.0,100460.0
2025-04-28 23:00:00,22.5952352228007,17.8884334989731,0.0,1.76,15.0,93,13,7.2,42,17.2,19.3,17.7,0.0,0.0,0.0,16.0,86.0,0.0,0.0,1.0,60.0,0.0,100500.0
2025-04-29 00:00:00,22.6621476667287,17.9002656078467,0.0,1.76,15.0,93,15,9.8,50,16.8,19.1,17.7,0.0,0.0,0.0,15.0,88.0,0.0,0.0,0.0,328.0,0.0,100520.0
2025-04-29 01:00:00,22.7432112863042,17.9144733251455,0.0,1.76,14.6,93,15,4.5,47,17.3,19.0,17.7,0.0,0.0,0.0,14.0,90.0,0.0,0.0,0.0,262.0,0.0,100520.0
2025-04-29 02:00:00,22.53745891088,17.9942884484973,0.0,1.76,14.3,95,15,1.7,24,16.8,18.9,17.7,0.0,0.0,0.0,13.0,92.0,0.0,0.0,0.0,180.0,0.0,100470.0
2025-04-29 03:00:00,22.9794633313701,17.9889236112624,0.0,1.76,13.7,97,31,1.9,360,16.3,18.7,17.7,0.0,0.0,0.0,12.0,93.0,0.0,0.0,0.0,172.0,0.0,100370.0
2025-04-29 04:00:00,22.6871914261506,18.058177060877,0.0,1.76,13.7,98,69,4.8,261,16.0,18.6,17.7,0.0,0.0,0.0,12.0,94.0,0.0,0.0,0.0,72.0,0.0,100290.0
2025-04-29 05:00:00,22.7090675531946,18.0176217989223,0.0,1.76,13.7,99,100,4.5,276,15.9,18.4,17.7,0.0,0.0,0.0,11.0,95.0,0.0,0.0,0.0,192.0,0.0,100250.0
2025-04-29 06:00:00,22.6070658765443,17.9433784297533,0.0,1.76,13.7,99,100,5.0,282,15.9,18.2,17.7,0.0,0.0,0.01,12.0,95.0,0.0,0.0,0.0,228.0,0.0,100230.0
2025-04-29 07:00:00,22.6768531019304,17.9411607982073,0.0,1.76,14.8,91,72,4.1,10,16.4,18.1,17.7,0.0,0.0,0.05,12.0,96.0,0.0,0.0,0.0,188.0,0.0,100210.0
2025-04-29 08:00:00,22.6720871252184,17.945860305777,0.0,1.76,16.3,81,92,10.3,35,17.2,18.0,17.7,0.0,0.0,0.13,11.0,96.0,3892.0,0.0,0.0,180.0,0.0,100170.0
2025-04-29 09:00:00,22.759826340495,18.0316084029048,0.0,1.76,17.7,74,100,11.6,27,18.5,18.0,17.7,0.0,0.0,0.24,14.0,96.0,18833.0,1.0,0.0,78.0,0.0,100190.0
2025-04-29 10:00:00,22.5799452894012,17.8437477379627,0.0,1.76,19.2,68,98,14.6,31,20.0,18.1,17.7,0.0,0.0,0.37,17.0,84.0,26999.0,1.0,2.0,48.0,0.0,100170.0
2025-04-29 11:00:00,22.5708170135889,17.9277577062344,0.0,1.76,20.1,65,100,15.8,31,21.5,18.2,17.7,0.0,0.0,0.44,19.0,73.0,65386.0,4.0,4.0,72.0,0.0,100100.0
2025-04-29 12:00:00,22.4689492847939,17.8325868967781,0.0,1.76,20.5,66,100,14.7,31,22.6,18.4,17.7,0.0,0.0,0.47,20.0,74.0,87216.0,7.0,3.0,24.0,0.0,100080.0
2025-04-29 13:00:00,22.5169845840286,17.8533970276404,0.0,1.76,20.8,64,100,15.7,31,23.3,18.7,17.7,0.0,0.0,0.4,20.0,75.0,98120.0,7.0,4.0,54.0,0.0,100050.0
2025-04-29 14:00:00,22.5630726613511,17.754487834631,0.0,1.76,20.8,65,100,16.0,24,23.6,19.0,17.7,0.0,0.0,0.4,20.0,72.0,40056.0,4.0,4.0,348.0,0.0,99990.0
2025-04-29 15:00:00,22.6027632207883,17.9650150396604,0.0,1.76,20.2,66,100,12.1,35,23.2,19.2,17.7,0.0,0.0,0.28,19.0,76.0,23287.0,2.0,3.0,330.0,0.0,99990.0
2025-04-29 16:00:00,22.3636979076136,17.8377470301074,0.0,1.76,20.1,67,98,12.3,35,22.6,19.4,17.7,0.0,0.0,0.21,19.0,78.0,19688.0,1.0,3.0,48.0,0.0,100060.0
2025-04-29 17:00:00,22.3747249772451,17.9882287676971,0.0,1.76,19.5,70,58,16.1,36,22.1,19.5,17.7,0.0,0.0,0.18,19.0,80.0,13140.0,0.0,3.0,36.0,0.0,100010.0
2025-04-29 18:00:00,22.2811121082039,18.0928686921781,0.0,1.76,18.3,78,85,14.5,35,21.3,19.6,17.7,0.0,0.0,0.1,19.0,80.0,17417.0,1.0,5.0,24.0,0.0,99980.0
2025-04-29 19:00:00,22.4455025149397,17.9150873557651,0.0,1.76,16.9,87,93,12.5,25,20.3,19.6,17.8,0.0,0.0,0.03,18.0,81.0,8934.0,0.0,4.0,42.0,0.0,100030.0
2025-04-29 20:00:00,22.4595739200783,17.8463280899574,0.0,1.76,16.5,91,98,9.2,30,19.5,19.6,17.8,0.0,0.0,0.0,18.0,82.0,4520.0,0.0,3.0,54.0,0.0,100080.0
2025-04-29 21:00:00,22.4751283627856,17.8719540737015,0.0,1.76,16.4,91,100,11.8,41,18.9,19.6,17.8,0.0,0.0,0.0,17.0,86.0,252.0,0.0,4.0,36.0,0.0,100140.0
2025-04-29 22:00:00,22.3896834552411,17.8582972637185,0.0,1.76,16.7,89,95,10.6,47,18.5,19.5,17.8,0.0,0.0,0.0,17.0,87.0,0.0,0.0,1.0,48.0,0.0,100190.0
2025-04-29 23:00:00,22.4917175329896,17.8424215257764,0.0,1.76,17.0,87,100,9.6,55,18.3,19.4,17.8,0.0,0.0,0.0,17.0,88.0,0.0,0.0,3.0,48.0,0.0,100200.0
2025-04-30 00:00:00,22.3951077840458,18.1147301693598,0.0,1.76,16.6,88,100,7.0,61,18.0,19.3,17.8,0.0,0.0,0.0,17.0,90.0,0.0,0.0,2.0,54.0,0.0,100190.0
2025-04-30 01:00:00,22.1993996408904,17.8603449001041,0.0,1.76,16.8,91,100,11.2,46,18.6,19.3,17.8,0.2,0.2,0.0,17.0,92.0,0.0,0.0,0.0,48.0,0.0,100200.0
2025-04-30 02:00:00,22.548904667929,17.8556078627117,0.0,1.76,16.7,91,100,7.8,57,18.1,19.3,17.8,0.1,0.1,0.0,17.0,94.0,0.0,0.0,0.0,60.0,0.0,100130.0
2025-04-30 03:00:00,22.3976182263921,17.8333710921349,0.0,1.76,16.6,91,100,9.1,67,17.8,19.2,17.8,0.1,0.1,0.0,16.0,94.0,0.0,0.0,2.0,42.0,0.0,100090.0
2025-04-30 04:00:00,22.3790630914734,17.9719335495569,0.0,1.76,16.2,90,100,7.1,87,17.5,19.0,17.8,0.0,0.0,0.0,16.0,96.0,0.0,0.0,0.0,72.0,0.0,100080.0
2025-04-30 05:00:00,22.1211251279968,17.7612306451209,0.0,1.76,15.6,92,99,6.1,78,17.2,18.9,17.8,0.0,0.0,0.0,16.0,96.0,0.0,0.0,0.0,96.0,0.0,100020.0
2025-04-30 06:00:00,22.4847084312697,17.7878241809588,0.0,1.76,15.1,95,100,4.6,70,17.0,18.8,17.8,0.0,0.0,0.02,16.0,97.0,0.0,0.0,2.0,70.0,0.0,99930.0
2025-04-30 07:00:00,22.4124096507437,17.8699539485644,0.0,1.76,14.9,97,100,2.6,47,17.1,18.7,17.8,0.0,0.0,0.03,16.0,97.0,0.0,0.0,0.0,60.0,0.0,99920.0
2025-04-30 08:00:00,22.4595497746685,17.9410929835591,0.0,1.76,15.2,97,100,3.3,338,17.4,18.6,17.8,0.0,0.0,0.06,16.0,97.0,2568.0,0.0,0.0,24.0,0.0,99970.0
2025-04-30 09:00:00,22.3764785486149,18.0095412785638,0.0,1.76,16.4,91,100,7.7,318,18.2,18.5,17.8,0.0,0.0,0.13,17.0,96.0,10665.0,0.0,0.0,249.0,0.0,100020.0
2025-04-30 10:00:00,22.3176688387847,17.9338161577452,0.0,1.76,18.1,81,100,7.6,289,19.4,18.5,17.8,0.0,0.0,0.24,18.0,92.0,16644.0,1.0,0.0,285.0,0.0,100040.0
2025-04-30 11:00:00,22.3392996448679,17.8560738672125,0.0,1.76,19.4,77,100,7.7,278,20.3,18.6,17.8,0.0,0.0,0.24,19.0,80.0,53364.0,4.0,2.0,341.0,0.0,100040.0
2025-04-30 12:00:00,22.4210519226844,17.8849328244403,0.0,1.76,21.1,71,100,8.5,331,21.7,18.7,17.8,0.0,0.0,0.35,20.0,73.0,57592.0,5.0,1.0,288.0,0.0,100040.0
2025-04-30 13:00:00,22.2506849949872,17.9712081223116,0.0,1.76,19.9,73,100,6.9,347,21.7,19.0,17.8,0.1,0.1,0.23,21.0,74.0,47775.0,4.0,3.0,20.0,0.0,99990.0
2025-04-30 14:00:00,21.9290135273584,17.827022153143,0.0,1.76,20.2,73,100,9.4,25,21.8,19.1,17.8,0.0,0.0,0.22,21.0,75.0,56883.0,5.0,4.0,352.0,0.0,99990.0
2025-04-30 15:00:00,22.0568097002707,17.8188727740237,0.0,1.76,19.9,76,100,11.4,36,21.8,19.2,17.8,0.2,0.2,0.22,21.0,76.0,49256.0,3.0,5.0,20.0,0.0,100000.0
2025-04-30 16:00:00,22.2166967866277,17.5973772101791,0.0,1.76,20.4,74,99,10.0,65,21.9,19.4,17.8,0.0,0.0,0.24,21.0,73.0,43196.0,3.0,4.0,12.0,0.0,100000.0
2025-04-30 17:00:00,22.0997465353052,17.6597224133709,0.0,1.76,20.6,73,98,5.8,88,21.9,19.5,17.9,0.0,0.0,0.19,21.0,74.0,38096.0,2.0,4.0,32.0,0.0,99990.0
2025-04-30 18:00:00,22.0599669733939,17.6808511099147,0.0,1.76,19.9,77,100,5.5,44,21.4,19.6,17.9,0.0,0.0,0.1,20.0,78.0,25942.0,2.0,2.0,26.0,0.0,100010.0
2025-04-30 19:00:00,22.1733793878872,17.598003389074,0.0,1.76,17.4,91,100,4.0,18,20.3,19.6,17.9,0.0,0.0,0.02,19.0,82.0,12178.0,1.0,2.0,44.0,0.0,100040.0
2025-04-30 20:00:00,22.1075509160859,17.6295812365051,0.0,1.76,16.4,94,74,1.8,16,19.2,19.6,17.9,0.0,0.0,0.0,19.0,84.0,4150.0,0.0,2.0,20.0,0.0,100050.0
2025-04-30 21:00:00,22.1558736956231,17.6035871308594,0.0,1.76,15.9,94,94,1.3,354,18.3,19.5,17.9,0.0,0.0,0.0,18.0,87.0,52.0,0.0,2.0,30.0,0.0,100090.0
2025-04-30 22:00:00,22.090894602155,17.486810389436,0.0,1.76,15.7,96,96,2.4,114,17.8,19.4,17.9,0.0,0.0,0.0,17.0,92.0,0.0,0.0,0.0,78.0,0.0,100200.0
2025-04-30 23:00:00,22.2445507362544,17.5783831215435,0.0,1.76,15.7,94,100,4.9,156,17.6,19.3,17.9,0.0,0.0,0.0,17.0,91.0,0.0,0.0,0.0,145.0,0.0,100280.0
2025-05-01 00:00:00,21.9448385901123,17.7797357688408,0.0,1.76,15.9,93,100,5.5,198,17.6,19.1,17.9,0.0,0.0,0.0,18.0,91.0,0.0,0.0,0.0,90.0,0.0,100270.0
2025-05-01 01:00:00,22.3844705238628,17.8139332270939,0.0,1.76,16.9,92,100,4.4,171,18.6,19.1,17.9,0.1,0.1,0.0,17.0,92.0,0.0,0.0,0.0,66.0,0.0,100250.0
2025-05-01 02:00:00,22.2895626939079,17.8425794703462,0.0,1.76,17.0,91,100,3.2,177,18.3,19.1,17.9,0.1,0.1,0.0,17.0,92.0,0.0,0.0,0.0,72.0,0.0,100230.0
2025-05-01 03:00:00,22.3893044910939,17.6829033695638,0.0,1.76,17.0,92,100,2.7,166,18.1,19.0,17.9,0.1,0.1,0.0,17.0,93.0,0.0,0.0,0.0,54.0,0.0,100200.0
2025-05-01 04:00:00,22.2967811810757,17.8713957230755,0.0,1.76,17.0,92,100,1.1,135,17.9,18.9,17.9,0.0,0.0,0.0,17.0,93.0,0.0,0.0,0.0,48.0,0.0,100160.0
2025-05-01 05:00:00,22.1382184417305,17.9367454940636,0.0,1.76,16.7,93,100,1.0,45,17.8,18.8,17.9,0.1,0.1,0.0,17.0,93.0,0.0,0.0,0.0,36.0,0.0,100160.0
2025-05-01 06:00:00,22.1099111610568,17.6744300576638,0.0,1.76,16.6,93,100,2.6,72,17.7,18.8,17.9,0.1,0.1,0.02,17.0,93.0,0.0,0.0,0.0,66.0,0.0,100150.0
2025-05-01 07:00:00,22.0995168631659,17.7460141426178,0.0,1.76,16.6,94,100,3.0,51,17.8,18.7,17.9,0.0,0.0,0.04,17.0,94.0,124.0,0.0,0.0,112.0,0.0,100170.0
2025-05-01 08:00:00,22.1193393803651,17.8015218979356,0.0,1.76,17.0,91,100,4.7,22,18.3,18.6,17.9,0.0,0.0,0.1,17.0,93.0,6940.0,0.0,0.0,72.0,0.0,100210.0
2025-05-01 09:00:00,22.0835347297759,17.884498398178,0.0,1.76,18.5,83,100,8.5,6,19.5,18.6,17.9,0.0,0.0,0.22,18.0,88.0,14104.0,1.0,0.0,117.0,0.0,100220.0
2025-05-01 10:00:00,22.1311896543387,17.8677226697632,0.0,1.76,19.7,78,68,9.5,8,20.8,18.7,17.9,0.0,0.0,0.32,20.0,79.0,57752.0,3.0,2.0,30.0,0.0,100200.0
2025-05-01 11:00:00,22.0746922815795,17.7178534855225,0.0,1.76,21.3,73,52,11.1,24,22.6,18.9,17.9,0.0,0.0,0.47,21.0,75.0,89091.0,6.0,2.0,10.0,0.0,100160.0
2025-05-01 12:00:00,22.0332149545717,17.5996516025805,0.0,1.76,21.8,71,21,12.5,34,24.0,19.1,17.9,0.0,0.0,0.52,22.0,72.0,97670.0,7.0,4.0,24.0,0.0,100150.0
2025-05-01 13:00:00,22.1507019255295,17.6254783479096,0.0,1.76,21.7,70,17,14.2,41,24.8,19.4,17.9,0.0,0.0,0.51,22.0,70.0,105077.0,9.0,3.0,63.0,0.0,100080.0
2025-05-01 14:00:00,21.9381720915537,17.8028791063768,0.0,1.76,21.8,69,33,16.2,51,25.1,19.7,17.9,0.0,0.0,0.47,22.0,68.0,89047.0,8.0,4.0,29.0,0.0,100030.0
2025-05-01 15:00:00,21.9505243456565,17.6075384491916,0.0,1.76,21.7,70,64,13.9,54,25.1,20.0,17.9,0.0,0.0,0.4,22.0,69.0,95159.0,9.0,6.0,45.0,0.0,100020.0
2025-05-01 16:00:00,21.9370264577756,17.419904351195,0.0,1.76,20.9,73,99,14.6,46,24.5,20.2,17.9,0.0,0.0,0.27,22.0,68.0,88032.0,6.0,4.0,59.0,0.0,99990.0
2025-05-01 17:00:00,21.945980111671,17.5715456570288,0.0,1.76,20.3,76,97,14.9,38,23.6,20.4,18.0,0.0,0.0,0.16,22.0,71.0,71480.0,5.0,2.0,48.0,0.0,99920.0
2025-05-01 18:00:00,21.8349474303282,17.5570519413885,0.0,1.76,18.7,84,100,12.9,33,22.5,20.5,18.0,0.0,0.0,0.08,22.0,73.0,34756.0,1.0,4.0,60.0,0.0,99880.0
2025-05-01 19:00:00,21.850811390378,17.4842546727438,0.0,1.76,17.2,90,100,9.9,44,21.3,20.5,18.0,0.0,0.0,0.03,20.0,74.0,5027.0,0.0,4.0,42.0,0.0,99830.0
2025-05-01 20:00:00,21.7601506141637,17.46221145239,0.0,1.76,16.3,93,98,7.1,23,20.2,20.5,18.0,0.0,0.0,0.0,19.0,82.0,243.0,0.0,4.0,336.0,0.0,99970.0
2025-05-01 21:00:00,21.7119136614953,17.3251813731089,0.0,1.76,16.9,89,100,5.3,28,19.5,20.4,18.0,0.0,0.0,0.0,18.0,94.0,0.0,0.0,3.0,114.0,76.0,99940.0
2025-05-01 22:00:00,21.8647546687161,17.2968825729521,0.0,1.76,18.3,82,100,1.7,175,19.0,20.3,18.0,0.0,0.0,0.0,17.0,95.0,0.0,0.0,3.0,117.0,15.0,99930.0
2025-05-01 23:00:00,21.7994424461865,17.4095444344163,0.0,1.76,20.5,68,94,6.7,184,18.9,20.2,18.0,0.0,0.0,0.02,18.0,94.0,0.0,0.0,0.0,54.0,0.0,99850.0
2025-05-02 00:00:00,21.894192927563,17.4824595521294,0.0,1.76,25.5,39,63,22.4,185,19.3,20.1,18.0,0.0,0.0,0.2,18.0,91.0,0.0,0.0,4.0,297.0,0.0,99910.0
2025-05-02 01:00:00,21.8590534455794,17.3658883639452,0.0,1.76,20.7,58,96,8.6,172,18.7,19.9,18.0,0.0,0.0,0.04,26.0,42.0,0.0,0.0,7.0,210.0,0.0,99710.0
2025-05-02 02:00:00,21.7192131374304,17.4147690927945,0.0,1.76,25.2,42,100,31.2,179,19.2,19.8,18.0,0.0,0.0,0.23,26.0,41.0,0.0,0.0,4.0,186.0,0.0,99660.0
2025-05-02 03:00:00,21.7353577276928,17.3464117519528,0.0,1.76,24.9,45,100,26.4,182,19.9,19.7,18.0,0.0,0.0,0.2,27.0,39.0,0.0,0.0,10.0,216.0,0.0,99590.0
2025-05-02 04:00:00,21.816601652556,17.7456980101576,0.0,1.76,24.9,45,100,15.0,201,20.3,19.7,18.0,0.0,0.0,0.12,27.0,39.0,0.0,0.0,7.0,197.0,0.0,99500.0
2025-05-02 05:00:00,21.7632402347584,17.3256971146964,0.0,1.76,20.1,64,100,6.1,269,19.8,19.7,18.1,0.0,0.0,0.02,28.0,34.0,0.0,0.0,4.0,214.0,0.0,99530.0
2025-05-02 06:00:00,21.5818478496171,17.5312894466512,0.0,1.76,18.7,79,100,3.6,303,19.3,19.7,18.1,0.0,0.0,0.02,27.0,39.0,0.0,0.0,4.0,188.0,0.0,99710.0
2025-05-02 07:00:00,21.7240222419423,17.2750476428738,0.0,1.76,19.7,76,100,7.9,327,19.4,19.6,18.1,0.0,0.0,0.08,19.0,79.0,304.0,0.0,4.0,157.0,0.0,99850.0
2025-05-02 08:00:00,21.8136021036239,17.3172625521357,0.0,1.76,20.7,71,100,9.4,325,20.2,19.6,18.1,0.0,0.0,0.17,18.0,90.0,6417.0,0.0,4.0,120.0,0.0,100010.0
2025-05-02 09:00:00,21.7385356048113,17.1601767649539,0.0,1.76,22.5,64,100,11.8,330,21.3,19.6,18.1,0.0,0.0,0.29,19.0,86.0,18179.0,1.0,2.0,95.0,0.0,100040.0
2025-05-02 10:00:00,21.7067675893655,17.5842401606868,0.0,1.76,23.7,59,100,14.0,337,22.6,19.8,18.1,0.0,0.0,0.41,20.0,78.0,36444.0,2.0,2.0,99.0,0.0,100100.0
2025-05-02 11:00:00,21.8669484255264,17.5010076129906,0.0,1.76,23.9,59,92,15.9,355,23.8,19.9,18.1,0.0,0.0,0.48,22.0,69.0,67779.0,5.0,1.0,54.0,0.0,100130.0
2025-05-02 12:00:00,21.7634327173084,17.5616954615412,0.0,1.76,23.9,57,100,12.5,9,24.7,20.1,18.1,0.0,0.0,0.5,23.0,62.0,61372.0,5.0,3.0,330.0,0.0,100130.0
2025-05-02 13:00:00,21.6764042146118,17.3973816446141,0.0,1.76,24.6,53,14,13.7,355,26.0,20.4,18.1,0.0,0.0,0.57,23.0,62.0,97288.0,8.0,3.0,32.0,0.0,100110.0
2025-05-02 14:00:00,21.7882782226569,17.437302703383,0.0,1.76,24.1,55,6,15.3,359,26.3,20.7,18.1,0.0,0.0,0.53,25.0,53.0,108336.0,9.0,3.0,6.0,0.0,100060.0
2025-05-02 15:00:00,21.4525837426798,17.3052420916751,0.0,1.76,23.4,57,22,13.6,4,26.3,20.9,18.1,0.0,0.0,0.45,23.0,60.0,99154.0,7.0,7.0,17.0,0.0,100080.0
2025-05-02 16:00:00,21.5114582035639,17.272283857766,0.0,1.76,22.4,61,26,12.0,19,25.8,21.2,18.1,0.0,0.0,0.34,23.0,62.0,84892.0,6.0,4.0,48.0,0.0,100070.0
2025-05-02 17:00:00,21.4212199049416,17.0423358780187,0.0,1.76,22.1,65,10,9.2,12,25.1,21.4,18.1,0.0,0.0,0.24,22.0,68.0,62990.0,4.0,5.0,5.0,0.0,100090.0
2025-05-02 18:00:00,21.656203467443,17.0810775284002,0.0,1.76,20.5,71,10,9.4,3,24.0,21.5,18.2,0.0,0.0,0.12,21.0,74.0,22725.0,1.0,3.0,59.0,0.0,100150.0
2025-05-02 19:00:00,21.6917972100196,17.0720953870659,0.0,1.76,18.4,82,18,3.6,21,22.6,21.5,18.2,0.0,0.0,0.02,21.0,68.0,11385.0,1.0,3.0,6.0,0.0,100200.0
2025-05-02 20:00:00,21.6744116140602,17.194516203014,0.0,1.76,17.4,88,24,3.0,74,21.2,21.5,18.2,0.0,0.0,0.0,20.0,67.0,2637.0,0.0,3.0,48.0,0.0,100260.0
2025-05-02 21:00:00,21.6430736172963,17.095089029617,0.0,1.76,16.9,91,5,3.3,115,20.2,21.4,18.2,0.0,0.0,0.0,18.0,73.0,0.0,0.0,0.0,91.0,0.0,100320.0
2025-05-02 22:00:00,21.634920026531,17.3615175099993,0.0,1.76,16.7,90,0,2.2,100,19.4,21.2,18.2,0.0,0.0,0.0,17.5,75.5,0.0,0.0,0.0,86.5,0.0,100365.0
2025-05-02 23:00:00,21.5378652666313,17.2044552168054,0.0,1.76,16.5,87,0,2.2,99,18.7,21.0,18.2,0.0,0.0,0.0,17.0,78.0,0.0,0.0,0.0,82.0,0.0,100410.0
2025-05-03 00:00:00,21.6771347104661,17.2728202087528,0.0,1.76,16.3,85,0,1.7,70,18.1,20.8,18.2,0.0,0.0,0.0,17.0,75.0,0.0,0.0,0.0,152.0,0.0,100460.0
2025-05-03 01:00:00,21.47518666217,17.3451040374661,0.0,1.76,16.5,76,1,1.5,72,17.9,20.6,18.2,0.0,0.0,0.0,17.0,79.0,0.0,0.0,2.0,114.0,0.0,100490.0
2025-05-03 02:00:00,21.6193121674038,17.190883063742,0.0,1.76,16.3,75,0,2.7,67,17.5,20.4,18.3,0.0,0.0,0.0,16.0,82.0,0.0,0.0,0.0,119.0,0.0,100490.0
2025-05-03 03:00:00,21.4869188155351,17.2871536724521,0.0,1.76,15.8,76,1,2.9,68,17.1,20.2,18.3,0.0,0.0,0.0,17.0,76.0,0.0,0.0,1.0,150.0,0.0,100500.0
2025-05-03 04:00:00,21.6937988700479,17.2591770148996,0.0,1.76,15.7,77,0,1.2,45,16.6,19.9,18.3,0.0,0.0,0.0,16.0,78.0,0.0,0.0,1.0,120.0,0.0,100440.0
2025-05-03 05:00:00,21.6161786106311,17.3591685022205,0.0,1.76,15.4,78,0,0.7,43,16.2,19.7,18.3,0.0,0.0,0.0,15.0,82.0,0.0,0.0,1.0,119.0,0.0,100420.0
2025-05-03 06:00:00,21.5851809316267,17.2891688712416,0.0,1.76,15.8,80,0,1.3,69,16.1,19.5,18.3,0.0,0.0,0.01,15.0,85.0,0.0,0.0,2.0,144.0,0.0,100400.0
2025-05-03 07:00:00,21.625120019045,17.1961752189905,0.0,1.76,18.4,70,0,1.1,22,17.1,19.3,18.3,0.0,0.0,0.07,15.0,85.0,0.0,0.0,1.0,119.0,0.0,100390.0
2025-05-03 08:00:00,21.5392381295331,17.207887521677,0.0,1.76,19.8,67,0,5.2,5,18.6,19.2,18.3,0.0,0.0,0.2,14.0,86.0,1778.0,0.0,1.0,98.0,0.0,100410.0
2025-05-03 09:00:00,21.6562650356572,17.3935667001276,0.0,1.76,21.1,62,0,7.3,16,20.4,19.2,18.3,0.0,0.0,0.33,16.0,84.0,11879.0,1.0,0.0,312.0,0.0,100470.0
2025-05-03 10:00:00,21.5217601281982,17.3159811987634,0.0,1.76,22.6,56,61,8.6,26,22.1,19.3,18.3,0.0,0.0,0.44,19.0,71.0,35404.0,2.0,0.0,342.0,0.0,100490.0
2025-05-03 11:00:00,21.4942453106026,17.330264576084,0.0,1.76,22.6,58,100,10.6,22,23.1,19.5,18.3,0.0,0.0,0.41,20.0,68.0,66120.0,4.0,4.0,6.0,0.0,100510.0
2025-05-03 12:00:00,21.6009777684076,17.293293707768,0.0,1.76,21.7,62,100,15.1,15,23.4,19.7,18.3,0.0,0.0,0.34,21.0,68.0,24105.0,3.0,1.0,17.0,0.0,100490.0
2025-05-03 13:00:00,21.4786418766128,17.1413948017593,0.0,1.76,22.5,58,100,14.2,12,23.9,19.9,18.3,0.0,0.0,0.38,22.0,59.0,99548.0,9.0,2.0,341.0,0.0,100470.0
2025-05-03 14:00:00,21.5659654704136,17.2821951967317,0.0,1.76,21.2,62,100,13.2,12,23.9,20.1,18.3,0.0,0.0,0.32,23.0,63.0,102124.0,8.0,3.0,28.0,0.0,100410.0
2025-05-03 15:00:00,21.4921616991318,17.1063671156723,0.0,1.76,21.6,61,100,10.3,3,24.1,20.3,18.3,0.0,0.0,0.36,22.0,63.0,73998.0,6.0,3.0,54.0,0.0,100400.0
2025-05-03 16:00:00,21.4291913451464,17.1206150086882,0.0,1.76,20.9,61,100,7.9,3,23.8,20.4,18.3,0.0,0.0,0.26,22.0,62.0,49536.0,4.0,3.0,24.0,0.0,100400.0
2025-05-03 17:00:00,21.4985542222463,17.0189457200595,0.0,1.76,20.6,61,100,7.9,14,23.2,20.6,18.3,0.0,0.0,0.18,21.0,59.0,41309.0,3.0,5.0,18.0,0.0,100390.0
2025-05-03 18:00:00,21.3801071705658,17.056605889271,0.0,1.76,19.9,63,12,6.7,71,22.4,20.6,18.3,0.0,0.0,0.11,20.0,63.0,31735.0,3.0,3.0,355.0,0.0,100390.0
2025-05-03 19:00:00,21.5469438013908,17.1304005976956,0.0,1.76,18.0,71,8,5.2,73,21.2,20.7,18.3,0.0,0.0,0.03,20.0,63.0,37476.0,2.0,3.0,7.0,0.0,100430.0
2025-05-03 20:00:00,21.4018933577138,16.9791376067353,0.0,1.76,16.8,77,10,4.7,101,20.0,20.6,18.4,0.0,0.0,0.0,20.0,63.0,7075.0,0.0,2.0,43.0,0.0,100430.0
2025-05-03 21:00:00,21.4048306357182,16.9820415547839,0.0,1.76,16.1,81,7,4.5,98,19.2,20.5,18.4,0.0,0.0,0.0,20.0,59.0,1768.0,0.0,1.0,138.0,0.0,100440.0
2025-05-03 22:00:00,21.4514158924924,17.3320871823806,0.0,1.76,15.7,80,10,3.6,97,18.4,20.4,18.4,0.0,0.0,0.0,19.0,61.0,0.0,0.0,2.0,126.0,0.0,100470.0
2025-05-03 23:00:00,21.4009279730472,17.2541937520881,0.0,1.76,15.3,79,5,4.1,96,17.7,20.2,18.4,0.0,0.0,0.0,16.0,72.0,0.0,0.0,0.0,112.0,0.0,100540.0
2025-05-04 00:00:00,21.4834120058851,17.2604749774309,0.0,1.76,15.3,76,14,2.7,114,17.2,20.0,18.4,0.0,0.0,0.0,16.0,70.0,0.0,0.0,1.0,124.0,0.0,100570.0
2025-05-04 01:00:00,21.3209027897599,17.0526786022902,0.0,1.76,15.4,74,9,1.6,94,16.9,19.9,18.4,0.0,0.0,0.0,16.0,71.0,0.0,0.0,1.0,112.0,0.0,100560.0
2025-05-04 02:00:00,21.4968720218445,17.3185064253033,0.0,1.76,15.3,74,9,1.2,74,16.5,19.7,18.4,0.0,0.0,0.0,15.0,77.0,0.0,0.0,1.0,113.0,0.0,100560.0
2025-05-04 03:00:00,21.4387017579549,17.3354857899773,0.0,1.76,14.8,76,12,0.9,83,16.1,19.4,18.4,0.0,0.0,0.0,15.0,80.0,0.0,0.0,1.0,120.0,0.0,100510.0
2025-05-04 04:00:00,21.4440906923611,17.2525961960964,0.0,1.76,14.2,80,3,2.1,142,15.7,19.2,18.4,0.0,0.0,0.0,14.0,83.0,0.0,0.0,1.0,120.0,0.0,100470.0
2025-05-04 05:00:00,21.5321982247889,17.2029578570471,0.0,1.76,13.6,83,2,3.4,231,15.3,19.0,18.4,0.0,0.0,0.0,14.0,85.0,0.0,0.0,1.0,131.0,0.0,100450.0
2025-05-04 06:00:00,21.4052394318791,17.2010538691243,0.0,1.76,14.4,81,1,4.6,218,15.3,18.8,18.4,0.0,0.0,0.02,14.0,84.0,0.0,0.0,1.0,144.0,0.0,100450.0
2025-05-04 07:00:00,21.4116315692125,17.2043379507943,0.0,1.76,17.2,73,1,3.6,235,16.2,18.6,18.4,0.0,0.0,0.08,12.0,89.0,0.0,0.0,0.0,282.0,0.0,100450.0
2025-05-04 08:00:00,21.1818083204599,17.2475906999703,0.0,1.76,19.4,64,1,3.5,294,17.8,18.5,18.4,0.0,0.0,0.2,13.0,87.0,3126.0,0.0,1.0,233.0,0.0,100470.0
2025-05-04 09:00:00,21.2957391738819,17.2056494947032,0.0,1.76,21.1,59,1,5.0,264,19.8,18.5,18.4,0.0,0.0,0.33,15.0,84.0,15813.0,1.0,0.0,165.0,0.0,100460.0
2025-05-04 10:00:00,21.3930637716863,17.1757044437308,0.0,1.76,23.3,49,1,6.3,271,21.8,18.7,18.4,0.0,0.0,0.47,18.0,71.0,41084.0,2.0,1.0,278.0,0.0,100460.0
2025-05-04 11:00:00,21.4204079205331,17.235506026825,0.0,1.76,24.6,44,38,8.4,309,23.7,18.9,18.4,0.0,0.0,0.57,20.0,63.0,69898.0,4.0,1.0,224.0,0.0,100440.0
2025-05-04 12:00:00,21.5405207561073,17.1733278084278,0.0,1.76,22.9,60,41,16.6,357,24.6,19.2,18.4,0.1,0.1,0.5,22.0,56.0,91043.0,8.0,0.0,340.0,0.0,100400.0
2025-05-04 13:00:00,21.3716380854057,17.240703509099,0.0,1.76,21.0,66,24,16.9,13,24.6,19.5,18.4,0.0,0.0,0.37,24.0,45.0,27108.0,3.0,1.0,336.0,0.0,100350.0
2025-05-04 14:00:00,21.2368472202775,17.1855494165932,0.0,1.76,22.0,61,17,11.6,15,25.1,19.8,18.4,0.0,0.0,0.46,23.0,60.0,114450.0,8.0,3.0,18.0,0.0,100310.0
2025-05-04 15:00:00,21.253503621812,17.165011431644,0.0,1.76,22.0,54,22,12.8,356,25.3,20.1,18.4,0.0,0.0,0.43,22.0,59.0,109377.0,9.0,5.0,359.0,0.0,100310.0
2025-05-04 16:00:00,21.4812947585533,16.85203212192,0.0,1.76,20.8,59,7,11.9,2,24.8,20.3,18.4,0.0,0.0,0.31,22.0,64.0,96314.0,7.0,4.0,31.0,0.0,100320.0
2025-05-04 17:00:00,21.0946215194506,17.1171257159778,0.0,1.76,20.4,59,33,7.2,8,24.2,20.5,18.4,0.0,0.0,0.23,22.0,58.0,80855.0,6.0,2.0,359.0,0.0,100280.0
2025-05-04 18:00:00,21.1688574162287,16.9321330093676,0.0,1.76,20.0,60,38,6.0,342,23.1,20.6,18.4,0.0,0.0,0.12,21.0,61.0,56271.0,4.0,4.0,42.0,0.0,100280.0
2025-05-04 19:00:00,21.3272914713633,17.1937400916219,0.0,1.76,18.0,69,39,1.9,354,21.6,20.7,18.4,0.0,0.0,0.02,20.0,63.0,9244.0,1.0,5.0,23.0,0.0,100300.0
2025-05-04 20:00:00,21.2983192530496,17.1375194411614,0.0,1.76,17.2,73,15,1.7,243,20.3,20.6,18.4,0.0,0.0,0.0,19.0,67.0,10091.0,0.0,3.0,39.0,0.0,100300.0
2025-05-04 21:00:00,21.0675065913245,17.1371090206567,0.0,1.76,16.5,75,36,3.3,228,19.2,20.5,18.4,0.0,0.0,0.0,18.0,72.0,609.0,0.0,2.0,76.0,0.0,100310.0
2025-05-04 22:00:00,21.3058404290233,17.0172758051825,0.0,1.76,16.1,75,44,5.4,222,18.4,20.4,18.4,0.0,0.0,0.0,17.0,76.0,0.0,0.0,2.0,85.0,0.0,100380.0
2025-05-04 23:00:00,21.2109706144947,16.9959601715885,0.0,1.76,15.3,78,64,6.1,215,17.7,20.2,18.4,0.0,0.0,0.0,16.0,79.0,0.0,0.0,2.0,126.0,0.0,100430.0
2025-05-05 00:00:00,21.2494505861582,17.1569481241653,0.0,1.76,14.9,79,79,7.1,214,17.2,20.1,18.5,0.0,0.0,0.01,15.0,80.0,0.0,0.0,1.0,138.0,0.0,100440.0
2025-05-05 01:00:00,21.2594463674301,17.191706624019,0.0,1.76,15.0,79,51,2.0,253,17.2,19.9,18.5,0.0,0.0,0.0,15.0,78.0,0.0,0.0,1.0,144.0,0.0,100410.0
2025-05-05 02:00:00,21.4080400467557,17.3499509899885,0.0,1.76,14.2,82,57,3.8,219,16.6,19.7,18.5,0.0,0.0,0.0,14.0,83.0,0.0,0.0,1.0,282.0,0.0,100400.0
2025-05-05 03:00:00,21.2944170601299,17.0681325951247,0.0,1.76,13.6,85,56,4.0,232,16.2,19.5,18.5,0.0,0.0,0.0,13.0,87.0,0.0,0.0,1.0,198.0,0.0,100350.0
2025-05-05 04:00:00,21.3224206341966,17.3243603058441,0.0,1.76,13.4,86,46,3.7,259,15.8,19.3,18.5,0.0,0.0,0.0,13.0,87.0,0.0,0.0,0.0,189.0,0.0,100320.0
2025-05-05 05:00:00,21.1708582735184,16.9706976720319,0.0,1.76,13.5,86,50,4.4,257,15.5,19.1,18.5,0.0,0.0,0.0,12.0,89.0,0.0,0.0,0.0,186.0,0.0,100320.0
2025-05-05 06:00:00,21.1255597220085,17.1491363940585,0.0,1.76,14.3,83,42,3.6,245,15.4,18.8,18.5,0.0,0.0,0.02,12.0,90.0,0.0,0.0,1.0,192.0,0.0,100300.0
2025-05-05 07:00:00,21.3490273414206,17.2103955389825,0.0,1.76,16.9,73,51,4.7,216,16.3,18.7,18.5,0.0,0.0,0.08,12.0,91.0,0.0,0.0,1.0,180.0,0.0,100300.0
2025-05-05 08:00:00,21.2779453013681,17.3042886580147,0.0,1.76,18.7,65,96,6.5,258,17.7,18.6,18.5,0.0,0.0,0.19,12.0,91.0,4488.0,0.0,0.0,180.0,0.0,100320.0
2025-05-05 09:00:00,21.2586573968741,17.2411670899795,0.0,1.76,20.2,59,53,10.1,274,19.3,18.6,18.5,0.0,0.0,0.3,17.0,79.0,19575.0,1.0,1.0,228.0,0.0,100330.0
2025-05-05 10:00:00,21.2644005389209,17.2201533960876,0.0,1.76,21.7,53,23,10.4,271,20.9,18.7,18.5,0.0,0.0,0.4,19.0,70.0,47788.0,3.0,2.0,223.0,0.0,100350.0
2025-05-05 11:00:00,21.3266882849037,17.1321530780408,0.0,1.76,23.3,46,8,10.8,293,22.7,18.8,18.5,0.0,0.0,0.54,20.0,63.0,78935.0,5.0,2.0,271.0,0.0,100350.0
2025-05-05 12:00:00,21.2158054624641,17.0882374820779,0.0,1.76,23.3,45,33,14.7,327,24.0,19.1,18.5,0.0,0.0,0.57,21.0,54.0,38748.0,3.0,2.0,312.0,0.0,100350.0
2025-05-05 13:00:00,20.9986714218583,17.0877623498393,0.0,1.76,23.0,45,69,18.8,323,24.5,19.4,18.5,0.0,0.0,0.53,21.0,51.0,60560.0,5.0,8.0,338.0,0.0,100320.0
2025-05-05 14:00:00,21.3322521239995,17.0510861109849,0.0,1.76,22.8,46,49,18.2,327,24.7,19.7,18.5,0.0,0.0,0.48,22.0,45.0,111488.0,8.0,5.0,330.0,0.0,100270.0
2025-05-05 15:00:00,21.1116633323992,17.1909032378751,0.0,1.76,23.0,44,12,14.5,334,24.8,19.9,18.5,0.0,0.0,0.47,22.0,46.0,107861.0,9.0,9.0,338.0,0.0,100230.0
2025-05-05 16:00:00,21.2969289192282,17.0549489915799,0.0,1.76,22.0,50,1,12.4,338,24.7,20.2,18.5,0.0,0.0,0.38,23.0,46.0,94640.0,7.0,4.0,343.0,0.0,100200.0
2025-05-05 17:00:00,21.0948247313106,17.0096650506078,0.0,1.76,20.9,53,1,11.0,328,24.0,20.4,18.5,0.0,0.0,0.26,22.0,44.0,78100.0,6.0,5.0,353.0,0.0,100150.0
2025-05-05 18:00:00,21.0784036277287,17.1762182851202,0.0,1.76,20.1,55,0,5.4,304,22.9,20.5,18.5,0.0,0.0,0.13,22.0,46.0,54202.0,3.0,7.0,318.0,0.0,100140.0
2025-05-05 19:00:00,20.9313093547724,16.9623598677722,0.0,1.76,18.4,59,0,1.9,254,21.4,20.6,18.5,0.0,0.0,0.02,22.0,48.0,7581.0,0.0,7.0,334.0,0.0,100160.0
2025-05-05 20:00:00,21.1656138910934,17.1294519732034,0.0,1.76,17.4,62,16,4.5,223,20.0,20.5,18.5,0.0,0.0,0.01,20.0,58.0,6586.0,0.0,5.0,330.0,0.0,100150.0
2025-05-05 21:00:00,21.0747999164077,16.8776556775124,0.0,1.76,16.8,65,24,5.1,218,19.0,20.4,18.5,0.0,0.0,0.01,18.0,62.0,260.0,0.0,1.0,346.0,0.0,100200.0
2025-05-05 22:00:00,21.1132498016764,17.3619907892004,0.0,1.76,16.6,64,23,6.0,209,18.4,20.3,18.5,0.0,0.0,0.02,17.0,69.0,0.0,0.0,1.0,198.0,0.0,100270.0
2025-05-05 23:00:00,21.1696154112211,17.137410179852,0.0,1.76,16.1,66,25,7.1,211,17.9,20.1,18.5,0.0,0.0,0.02,15.0,78.0,0.0,0.0,0.0,178.0,0.0,100340.0
2025-05-06 00:00:00,21.1440568973038,16.9917549486329,0.0,1.76,15.8,68,24,8.8,215,17.5,20.0,18.5,0.0,0.0,0.02,15.0,76.0,0.0,0.0,0.0,178.0,0.0,100340.0
2025-05-06 01:00:00,20.9976383723943,17.0208001326158,0.0,1.76,15.0,71,10,7.4,210,17.0,19.8,18.5,0.0,0.0,0.02,16.0,67.0,0.0,0.0,1.0,204.0,0.0,100340.0
2025-05-06 02:00:00,21.0556303217371,16.9394627575975,0.0,1.76,14.5,73,2,6.8,208,16.6,19.6,18.5,0.0,0.0,0.01,16.0,66.0,0.0,0.0,0.0,245.0,0.0,100320.0
2025-05-06 03:00:00,21.1309270544995,17.051594034798,0.0,1.76,13.7,77,0,5.2,214,16.1,19.4,18.5,0.0,0.0,0.0,13.0,77.0,0.0,0.0,0.0,185.0,0.0,100270.0
2025-05-06 04:00:00,21.0400178335563,17.0864013663093,0.0,1.76,13.6,76,0,4.2,231,15.6,19.2,18.5,0.0,0.0,0.0,14.0,73.0,0.0,0.0,1.0,204.0,0.0,100240.0
2025-05-06 05:00:00,21.0448377163045,16.9722259844036,0.0,1.76,13.4,77,0,5.0,232,15.1,19.0,18.5,0.0,0.0,0.0,13.0,79.0,0.0,0.0,1.0,198.0,0.0,100240.0
2025-05-06 06:00:00,21.1580961626498,17.1151416913324,0.0,1.76,14.1,77,0,4.4,230,15.0,18.7,18.5,0.0,0.0,0.02,14.0,74.0,0.0,0.0,2.0,204.0,0.0,100240.0
2025-05-06 07:00:00,21.0224063661123,17.2944153797953,0.0,1.76,16.9,69,0,5.2,229,15.9,18.6,18.5,0.0,0.0,0.09,14.0,74.0,196.0,0.0,1.0,222.0,0.0,100240.0
2025-05-06 08:00:00,20.9782061700793,17.0145944360827,0.0,1.76,19.4,58,0,4.4,239,17.6,18.5,18.5,0.0,0.0,0.21,15.0,73.0,5959.0,0.0,2.0,198.0,0.0,100270.0
2025-05-06 09:00:00,21.0398161968319,17.1315922200502,0.0,1.76,20.9,52,0,3.3,260,19.5,18.5,18.5,0.0,0.0,0.34,19.0,59.0,25844.0,2.0,1.0,245.0,0.0,100270.0
2025-05-06 10:00:00,21.0530147159046,17.116361441109,0.0,1.76,22.2,47,9,2.0,259,21.6,18.6,18.5,0.0,0.0,0.46,21.0,54.0,55418.0,4.0,2.0,251.0,0.0,100280.0
2025-05-06 11:00:00,20.9921176255585,17.1748574819758,0.0,1.76,23.6,43,35,2.1,298,23.5,18.8,18.5,0.0,0.0,0.56,22.0,45.0,81365.0,6.0,5.0,282.0,0.0,100270.0
2025-05-06 12:00:00,21.1482077642452,17.1885273591387,0.0,1.76,24.6,40,24,6.1,357,25.0,19.1,18.5,0.0,0.0,0.62,23.0,43.0,100009.0,9.0,3.0,264.0,0.0,100240.0
2025-05-06 13:00:00,21.2664070615805,17.023739638903,0.0,1.76,24.7,43,65,12.8,12,26.2,19.7,18.5,0.0,0.0,0.62,24.0,40.0,111925.0,8.0,1.0,240.0,0.0,100190.0
2025-05-06 14:00:00,20.8738745619249,16.918266806617,0.0,1.76,23.7,50,100,16.0,13,26.5,20.0,18.5,0.0,0.0,0.56,23.0,50.0,116156.0,9.0,4.0,24.0,0.0,100110.0
2025-05-06 15:00:00,20.9099071419037,17.194649462747,0.0,1.76,22.9,52,100,14.2,11,26.3,20.4,18.5,0.0,0.0,0.46,23.0,55.0,76828.0,7.0,6.0,31.0,0.0,100090.0
2025-05-06 16:00:00,20.919286792368,16.8996410087586,0.0,1.76,21.6,56,99,13.2,23,25.4,20.6,18.5,0.0,0.0,0.3,22.0,57.0,104157.0,9.0,4.0,30.0,0.0,100070.0
2025-05-06 17:00:00,20.9266571772621,16.8905666228243,0.0,1.76,20.7,60,40,12.5,41,24.5,20.8,18.5,0.0,0.0,0.24,22.0,57.0,58260.0,4.0,5.0,54.0,0.0,100070.0
2025-05-06 18:00:00,20.92768002344371,16.899147703914224,0.0,1.76,19.6,65,62,10.2,36,23.3,20.9,18.5,0.0,0.0,0.13,21.954545454545453,57.31818181818182,62236.22727272727,4.318181818181818,5.0,52.68181818181818,0.0,100068.63636363637
2025-05-06 19:00:00,20.92870286962532,16.907728785004146,0.0,1.76,17.5,78,98,4.4,25,21.9,21.0,18.6,0.0,0.0,0.03,21.90909090909091,57.63636363636363,66212.45454545454,4.636363636363637,5.0,51.36363636363637,0.0,100067.27272727272
2025-05-06 20:00:00,20.929725715806928,16.91630986609407,0.0,1.76,16.9,82,98,1.0,30,20.5,20.9,18.6,0.0,0.0,0.0,21.863636363636363,57.95454545454545,70188.68181818182,4.954545454545454,5.0,50.04545454545455,0.0,100065.90909090909
2025-05-06 21:00:00,20.930748561988537,16.924890947183993,0.0,1.76,15.9,85,8,1.4,65,19.3,20.8,18.6,0.0,0.0,0.0,21.818181818181817,58.27272727272727,74164.90909090909,5.2727272727272725,5.0,48.72727272727273,0.0,100064.54545454546
2025-05-06 22:00:00,20.931771408170146,16.93347202827392,0.0,1.76,15.2,86,4,2.2,156,18.4,20.7,18.6,0.0,0.0,0.0,21.772727272727273,58.59090909090909,78141.13636363637,5.590909090909091,5.0,47.40909090909091,0.0,100063.18181818182
2025-05-06 23:00:00,20.93279425435176,16.94205310936384,0.0,1.76,15.1,84,39,1.1,151,17.6,20.5,18.6,0.0,0.0,0.0,21.727272727272727,58.90909090909091,82117.36363636363,5.909090909090909,5.0,46.09090909090909,0.0,100061.81818181818
2025-05-07 00:00:00,20.933817100533368,16.950634190453766,0.0,1.76,15.2,82,89,0.5,336,17.1,20.3,18.6,0.0,0.0,0.0,21.681818181818183,59.22727272727273,86093.59090909091,6.2272727272727275,5.0,44.77272727272727,0.0,100060.45454545454
2025-05-07 01:00:00,20.934839946714977,16.95921527154369,0.0,1.76,14.8,87,95,0.6,320,17.2,20.1,18.6,0.0,0.0,0.0,21.636363636363637,59.54545454545455,90069.81818181818,6.545454545454545,5.0,43.45454545454545,0.0,100059.09090909091
2025-05-07 02:00:00,20.935862792896586,16.967796352633613,0.0,1.76,14.7,84,14,0.4,27,16.8,19.9,18.6,0.0,0.0,0.0,21.59090909090909,59.86363636363637,94046.04545454546,6.863636363636363,5.0,42.13636363636364,0.0,100057.72727272728
2025-05-07 03:00:00,20.936885639078195,16.97637743372354,0.0,1.76,14.3,83,5,0.5,56,16.2,19.7,18.6,0.0,0.0,0.0,21.545454545454547,60.18181818181818,98022.27272727272,7.181818181818182,5.0,40.81818181818182,0.0,100056.36363636363
2025-05-07 04:00:00,20.937908485259804,16.98495851481346,0.0,1.76,14.0,84,58,0.6,52,15.7,19.5,18.6,0.0,0.0,0.0,21.5,60.5,101998.5,7.5,5.0,39.5,0.0,100055.0
2025-05-07 05:00:00,20.938931331441413,16.993539595903385,0.0,1.76,14.1,85,39,0.5,52,15.4,19.2,18.6,0.0,0.0,0.0,21.454545454545453,60.81818181818182,105974.72727272726,7.818181818181818,5.0,38.18181818181818,0.0,100053.63636363637
2025-05-07 06:00:00,20.939954177623022,17.002120676993307,0.0,1.76,14.6,86,72,0.9,45,15.4,19.0,18.6,0.0,0.0,0.01,21.40909090909091,61.13636363636363,109950.95454545454,8.136363636363637,5.0,36.86363636363637,0.0,100052.27272727272
2025-05-07 07:00:00,20.94097702380463,17.010701758083233,0.0,1.76,16.5,77,50,1.3,54,16.3,18.8,18.6,0.0,0.0,0.06,21.363636363636363,61.45454545454545,113927.18181818181,8.454545454545455,5.0,35.54545454545455,0.0,100050.90909090909
2025-05-07 08:00:00,20.94199986998624,17.019282839173158,0.0,1.76,18.7,67,61,2.7,354,17.9,18.7,18.6,0.0,0.0,0.18,21.318181818181817,61.77272727272727,117903.40909090909,8.772727272727273,5.0,34.22727272727273,0.0,100049.54545454546
2025-05-07 09:00:00,20.943022716167853,17.02786392026308,0.0,1.76,20.4,60,5,9.3,27,19.5,18.7,18.6,0.0,0.0,0.3,21.272727272727273,62.09090909090909,121879.63636363635,9.09090909090909,5.0,32.90909090909091,0.0,100048.18181818182
2025-05-07 10:00:00,20.944045562349462,17.036445001353005,0.0,1.76,21.8,56,33,11.2,33,21.4,18.8,18.6,0.0,0.0,0.44,21.227272727272727,62.40909090909091,125855.86363636363,9.409090909090908,5.0,31.590909090909093,0.0,100046.81818181818
2025-05-07 11:00:00,20.94506840853107,17.045026082442927,0.0,1.76,22.5,55,13,12.3,32,22.9,19.0,18.6,0.0,0.0,0.48,21.181818181818183,62.72727272727273,129832.09090909091,9.727272727272727,5.0,30.272727272727273,0.0,100045.45454545454
2025-05-07 12:00:00,20.94609125471268,17.053607163532853,0.0,1.76,22.9,54,5,14.5,31,24.4,19.3,18.6,0.0,0.0,0.57,21.136363636363637,63.04545454545455,133808.31818181818,10.045454545454545,5.0,28.954545454545457,0.0,100044.09090909091
2025-05-07 13:00:00,20.94711410089429,17.062188244622774,0.0,1.76,22.3,59,1,14.9,32,24.9,19.4,18.6,0.0,0.0,0.53,21.09090909090909,63.36363636363637,137784.54545454544,10.363636363636363,5.0,27.636363636363637,0.0,100042.72727272728
2025-05-07 14:00:00,20.9481369470759,17.0707693257127,0.0,1.76,22.2,60,0,16.0,36,25.4,19.7,18.6,0.0,0.0,0.51,21.045454545454547,63.68181818181818,141760.77272727274,10.681818181818182,5.0,26.31818181818182,0.0,100041.36363636363
2025-05-07 15:00:00,20.7876542955096,17.0447060347246,0.0,1.76,22.0,59,7,15.6,35,25.5,20.0,18.6,0.0,0.0,0.46,21.0,64.0,145737.0,11.0,5.0,25.0,0.0,100040.0
2025-05-07 16:00:00,20.7987298098632,16.9582330054922,0.0,1.76,21.0,61,4,15.4,34,25.1,20.3,18.6,0.0,0.0,0.35,22.0,60.0,103460.0,8.0,4.0,59.0,0.0,99990.0
2025-05-07 17:00:00,20.940084582605,16.8833387802765,0.0,1.76,20.2,64,5,13.7,37,24.2,20.5,18.6,0.0,0.0,0.24,21.0,58.0,92629.0,7.0,4.0,4.0,0.0,99970.0
2025-05-07 18:00:00,20.6978625491756,16.829756401026,0.0,1.76,19.0,69,1,9.2,27,23.0,20.6,18.6,0.0,0.0,0.12,21.0,61.0,66346.0,5.0,4.0,31.0,0.0,99980.0
2025-05-07 19:00:00,20.8475952566698,16.8398028639746,0.0,1.76,17.0,84,0,4.3,34,21.6,20.7,18.6,0.0,0.0,0.02,20.0,69.0,8412.0,1.0,2.0,86.0,0.0,99980.0
2025-05-07 20:00:00,20.8176282165736,16.8639614133394,0.0,1.76,16.1,91,2,1.5,25,20.1,20.6,18.6,0.0,0.0,0.0,20.0,69.0,9196.0,1.0,3.0,33.0,0.0,100000.0
2025-05-07 21:00:00,20.9298650101898,16.8697993254577,0.0,1.76,15.6,93,0,0.6,360,19.0,20.5,18.6,0.0,0.0,0.0,18.0,79.0,2514.0,0.0,2.0,42.0,0.0,100050.0
2025-05-07 22:00:00,20.966768997784,16.9242276150206,0.0,1.76,15.0,96,1,0.4,360,18.0,20.4,18.6,0.0,0.0,0.0,16.0,87.0,0.0,0.0,0.0,37.0,0.0,100060.0
2025-05-07 23:00:00,20.8256973093673,16.9502723668021,0.0,1.76,14.5,96,2,0.4,15,17.3,20.2,18.6,0.0,0.0,0.0,16.0,90.0,0.0,0.0,0.0,48.0,0.0,100110.0
2025-05-08 00:00:00,20.7216054663915,16.8150935123715,0.0,1.76,14.2,94,57,0.6,23,16.6,20.0,18.6,0.0,0.0,0.0,14.0,91.0,0.0,0.0,0.0,42.0,0.0,100130.0
2025-05-08 01:00:00,20.8451104979509,17.0708522089228,0.0,1.76,15.1,96,100,0.6,32,17.1,19.9,18.6,0.5,0.5,0.0,15.0,91.0,0.0,0.0,0.0,120.0,0.0,100090.0
2025-05-08 02:00:00,20.8452290833589,17.1409927409944,0.0,1.76,15.2,98,100,2.3,82,16.9,19.7,18.6,0.9,0.9,0.0,14.0,92.0,0.0,0.0,1.0,159.0,0.0,100080.0
2025-05-08 03:00:00,21.0534381003085,16.9516933142577,0.0,1.76,15.5,99,100,2.0,23,16.9,19.5,18.6,1.0,1.0,0.0,15.0,92.0,0.0,0.0,0.0,94.0,0.0,100050.0
2025-05-08 04:00:00,20.7494350677579,16.9751245149119,0.0,1.76,15.4,99,100,3.1,39,16.8,19.3,18.6,1.3,1.3,0.0,15.0,92.0,0.0,0.0,0.0,137.0,0.0,100020.0
2025-05-08 05:00:00,20.7898675743052,16.9593722615472,0.0,1.76,14.9,100,100,1.5,321,16.6,19.2,18.6,0.1,0.1,0.0,15.0,92.0,0.0,0.0,1.0,54.0,0.0,99950.0
2025-05-08 06:00:00,21.0693048876551,17.0442890793601,0.0,1.76,15.1,99,100,1.7,205,16.5,19.0,18.6,0.3,0.3,0.01,15.0,93.0,0.0,0.0,1.0,54.0,0.0,99910.0
2025-05-08 07:00:00,20.842272302308402,16.8915424035909,0.0,1.76,15.7,98,98,4.2,288,16.8,18.9,18.6,1.6,1.6,0.05,15.0,94.0,0.0,0.0,0.0,6.0,0.0,99910.0
2025-05-08 08:00:00,20.7084126219557,17.0604001266019,0.0,1.76,17.1,86,73,4.6,304,17.6,18.8,18.6,0.0,0.0,0.14,15.0,94.0,712.0,0.0,0.0,188.0,0.0,99940.0
2025-05-08 09:00:00,20.8813954674262,16.9507039274635,0.0,1.76,18.8,75,43,3.9,301,18.9,18.7,18.6,0.0,0.0,0.25,15.0,94.0,815.0,0.0,1.0,250.0,0.0,100070.0
2025-05-08 10:00:00,20.7606702456149,16.8909246847845,0.0,1.76,20.9,64,29,8.4,283,20.6,18.8,18.6,0.0,0.0,0.39,15.0,95.0,7807.0,0.0,3.0,308.0,1.0,100090.0
2025-05-08 11:00:00,20.7911547572352,16.8765098117349,0.0,1.76,22.5,58,44,9.6,299,22.2,19.0,18.6,0.0,0.0,0.47,17.0,90.0,49132.0,2.0,2.0,262.0,0.0,100150.0
2025-05-08 12:00:00,20.5978853300373,16.9932617496344,0.0,1.76,21.0,65,30,13.0,352,22.9,19.2,18.6,0.1,0.1,0.41,18.0,88.0,4372.0,0.0,1.0,212.0,0.0,100180.0
2025-05-08 13:00:00,20.6039911281562,16.9829296691685,0.0,1.76,21.1,66,52,10.8,358,23.8,19.4,18.6,0.9,0.9,0.49,17.0,88.0,43900.0,4.0,2.0,314.0,3.0,100210.0
2025-05-08 14:00:00,20.6600847581976,16.9486828008053,0.0,1.76,21.7,64,80,8.8,1,24.0,19.6,18.6,0.1,0.1,0.4,19.0,74.0,41825.0,4.0,2.0,349.0,0.0,100180.0
2025-05-08 15:00:00,20.7650379378522,16.9995132227162,0.0,1.76,20.2,68,78,10.9,343,23.6,19.9,18.6,0.4,0.4,0.32,21.0,67.0,41412.0,4.0,3.0,27.0,0.0,100110.0
2025-05-08 16:00:00,20.7401942875848,16.9414655466321,0.0,1.76,20.3,67,69,8.7,12,23.3,20.0,18.6,0.1,0.1,0.27,22.0,66.0,79946.0,7.0,3.0,48.0,0.0,100060.0
2025-05-08 17:00:00,20.8108568429502,16.909927324301,0.0,1.76,20.2,66,63,9.8,10,22.9,20.2,18.6,0.0,0.0,0.2,21.0,62.0,87860.0,6.0,4.0,13.0,0.0,100060.0
2025-05-08 18:00:00,20.7793423318875,16.8898327595713,0.0,1.76,19.2,65,62,7.8,28,22.1,20.3,18.6,0.0,0.0,0.11,20.0,73.0,68863.0,4.0,4.0,26.0,0.0,100070.0
2025-05-08 19:00:00,20.7395399470586,16.878737139874,0.0,1.76,17.8,73,16,4.0,82,21.0,20.3,18.6,0.0,0.0,0.03,20.0,70.0,24592.0,2.0,5.0,6.0,0.0,100100.0
2025-05-08 20:00:00,20.7157501490228,16.9306171154747,0.0,1.76,16.5,80,20,3.5,80,19.7,20.3,18.7,0.0,0.0,0.0,20.0,62.0,12306.0,1.0,3.0,24.0,0.0,100110.0
2025-05-08 21:00:00,20.6869203580347,16.8251939193761,0.0,1.76,15.8,83,11,3.6,113,18.8,20.2,18.7,0.0,0.0,0.0,18.0,67.0,1534.0,0.0,1.0,48.0,0.0,100140.0
2025-05-08 22:00:00,20.748905865663,16.8586077998107,0.0,1.76,15.2,84,7,2.0,127,17.9,20.0,18.7,0.0,0.0,0.0,17.0,74.0,0.0,0.0,1.0,108.0,0.0,100170.0
2025-05-08 23:00:00,20.6052041004818,16.9344941715382,0.0,1.76,15.0,84,1,1.1,130,17.2,19.9,18.7,0.0,0.0,0.0,16.0,77.0,0.0,0.0,1.0,139.0,0.0,100220.0
2025-05-09 00:00:00,20.735669162858,17.0207549573735,0.0,1.76,14.7,83,1,1.0,139,16.6,19.7,18.7,0.0,0.0,0.0,15.0,82.0,0.0,0.0,1.0,96.0,0.0,100260.0
2025-05-09 01:00:00,20.9470900176324,16.972550715897,0.0,1.76,15.0,71,3,2.2,126,16.7,19.5,18.7,0.0,0.0,0.0,14.0,85.0,0.0,0.0,0.0,125.0,0.0,100240.0
2025-05-09 02:00:00,20.8372452915858,16.997086843189,0.0,1.76,13.8,78,2,2.9,154,16.2,19.3,18.7,0.0,0.0,0.0,13.0,86.0,0.0,0.0,0.0,156.0,0.0,100190.0
2025-05-09 03:00:00,20.79932299626,16.8089982977902,0.0,1.76,12.9,87,7,4.1,192,15.7,19.1,18.7,0.0,0.0,0.0,13.0,82.0,0.0,0.0,0.0,174.0,0.0,100140.0
2025-05-09 04:00:00,20.6538356411571,16.9083748877345,0.0,1.76,12.4,93,7,3.5,180,15.4,18.9,18.7,0.0,0.0,0.0,12.0,88.0,0.0,0.0,0.0,138.0,0.0,100080.0
2025-05-09 05:00:00,20.7326327984853,16.9632863039269,0.0,1.76,12.2,94,7,3.9,196,15.1,18.7,18.7,0.0,0.0,0.0,13.0,87.0,0.0,0.0,0.0,204.0,0.0,100060.0
2025-05-09 06:00:00,20.5510283094556,16.936707464006,0.0,1.76,13.5,88,0,6.2,224,15.1,18.5,18.7,0.0,0.0,0.02,12.0,91.0,0.0,0.0,0.0,172.0,0.0,100030.0
2025-05-09 07:00:00,20.5581000983626,16.8861013133122,0.0,1.76,17.2,75,2,5.2,229,16.0,18.3,18.7,0.0,0.0,0.09,12.0,90.0,0.0,0.0,1.0,186.0,0.0,100020.0
2025-05-09 08:00:00,20.6978933533025,17.0321928111405,0.0,1.76,20.3,60,7,3.0,279,17.8,18.3,18.6,0.0,0.0,0.21,13.0,88.0,3856.0,0.0,1.0,95.0,0.0,100050.0
2025-05-09 09:00:00,20.7304099667331,17.0270647921965,0.0,1.76,22.2,54,0,4.5,320,19.8,18.3,18.6,0.0,0.0,0.35,16.0,79.0,18364.0,1.0,2.0,252.0,0.0,100090.0
2025-05-09 10:00:00,20.6118847537882,16.9562782956393,0.0,1.76,23.6,52,0,5.2,330,21.8,18.5,18.6,0.0,0.0,0.47,19.0,67.0,45858.0,3.0,2.0,288.0,0.0,100100.0
2025-05-09 11:00:00,20.8057171677855,17.0204796068127,0.0,1.76,24.6,49,0,7.6,4,23.6,18.7,18.6,0.0,0.0,0.57,21.0,60.0,73931.0,6.0,1.0,66.0,0.0,100090.0
2025-05-09 12:00:00,20.8159811504949,16.935791924291,0.0,1.76,24.4,51,16,14.7,21,24.9,19.0,18.6,0.0,0.0,0.59,23.0,53.0,94192.0,8.0,3.0,343.0,0.0,100070.0
2025-05-09 13:00:00,21.0327168297132,16.9338063337233,0.0,1.76,23.4,54,14,20.9,32,25.2,19.3,18.6,0.0,0.0,0.54,25.0,48.0,108178.0,9.0,2.0,144.0,0.0,100030.0
2025-05-09 14:00:00,20.7331987186089,16.8936098532723,0.0,1.76,23.4,53,2,17.8,45,25.6,19.6,18.6,0.0,0.0,0.54,24.0,51.0,107246.0,9.0,6.0,42.0,0.0,99970.0
2025-05-09 15:00:00,20.7922172781876,16.9401083698553,0.0,1.76,22.9,53,57,18.0,43,25.6,19.9,18.6,0.0,0.0,0.48,24.0,53.0,107936.0,9.0,4.0,23.0,0.0,99920.0
2025-05-09 16:00:00,21.0002034109565,16.8978601304924,0.0,1.76,22.7,54,88,15.4,43,25.3,20.2,18.6,0.0,0.0,0.39,23.0,57.0,92564.0,8.0,8.0,32.0,0.0,99890.0
2025-05-09 17:00:00,20.8332145793497,16.6963745534925,0.0,1.76,21.3,61,85,18.1,41,24.5,20.4,18.6,0.0,0.0,0.26,22.0,59.0,77306.0,6.0,6.0,31.0,0.0,99860.0
2025-05-09 18:00:00,20.9401856247041,16.7855326802155,0.0,1.76,19.4,69,77,11.7,37,23.2,20.6,18.6,0.0,0.0,0.13,21.0,66.0,50826.0,3.0,3.0,36.0,0.0,99870.0
2025-05-09 19:00:00,20.902121713385,16.749829229277,0.0,1.76,18.1,78,95,6.0,37,21.8,20.6,18.7,0.0,0.0,0.03,21.0,67.0,11366.0,1.0,3.0,31.0,0.0,99890.0
2025-05-09 20:00:00,20.9632538924907,16.8767562739589,0.0,1.76,17.2,85,99,0.6,49,20.6,20.6,18.7,0.0,0.0,0.0,20.0,68.0,11879.0,1.0,4.0,48.0,0.0,99880.0
2025-05-09 21:00:00,20.8625186537687,16.7757714560847,0.0,1.76,17.0,85,100,5.7,68,19.8,20.6,18.7,0.0,0.0,0.0,19.0,76.0,1171.0,0.0,2.0,37.0,0.0,99960.0
2025-05-09 22:00:00,20.7519549234647,16.8906806453508,0.0,1.76,16.6,87,100,1.3,49,19.1,20.5,18.7,0.0,0.0,0.0,18.0,80.0,0.0,0.0,0.0,48.0,0.0,100070.0
2025-05-09 23:00:00,20.8957456951846,17.0367389411394,0.0,1.76,15.5,92,59,3.5,360,18.3,20.3,18.7,0.0,0.0,0.0,17.0,83.0,0.0,0.0,1.0,94.0,0.0,100050.0
2025-05-10 00:00:00,20.7788539650561,16.8348268388769,0.0,1.76,14.9,92,100,3.2,289,17.6,20.2,18.7,0.0,0.0,0.0,17.0,84.0,0.0,0.0,0.0,120.0,0.0,100030.0
2025-05-10 01:00:00,20.680866711688,16.8874429354914,0.0,1.76,16.3,89,99,3.2,140,17.7,19.9,18.7,0.1,0.1,0.0,15.0,87.0,0.0,0.0,0.0,181.0,0.0,99940.0
2025-05-10 02:00:00,20.834327385068,16.7271468103723,0.0,1.76,15.8,93,100,3.6,248,17.3,19.8,18.7,0.4,0.4,0.0,15.0,89.0,0.0,0.0,1.0,258.0,0.0,99970.0
2025-05-10 03:00:00,20.8778334041806,16.7540575935742,0.0,1.76,15.9,91,84,0.6,333,17.0,19.6,18.7,0.0,0.0,0.0,15.0,90.0,0.0,0.0,2.0,270.0,0.0,100020.0
2025-05-10 04:00:00,20.8288415195544,16.8619291737279,0.0,1.76,15.4,92,100,0.4,356,16.6,19.4,18.7,0.0,0.0,0.0,16.0,85.0,0.0,0.0,2.0,112.0,0.0,99810.0
2025-05-10 05:00:00,20.9118784284303,16.7374925209127,0.0,1.76,14.7,93,100,2.8,230,16.1,19.2,18.7,0.0,0.0,0.0,16.0,86.0,0.0,0.0,1.0,42.0,0.0,99950.0
2025-05-10 06:00:00,20.7863580859925,16.7913902827675,0.0,1.76,15.6,90,99,0.5,68,16.1,19.0,18.7,0.0,0.0,0.01,16.0,82.0,0.0,0.0,0.0,144.0,0.0,99880.0
2025-05-10 07:00:00,20.7760274528194,17.0432517710815,0.0,1.76,17.2,87,100,1.9,325,16.8,18.9,18.7,0.0,0.0,0.07,14.0,91.0,76.0,0.0,2.0,186.0,0.0,99930.0
2025-05-10 08:00:00,20.8873847159964,16.8225776888999,0.0,1.76,18.6,81,100,1.8,5,18.0,18.8,18.7,0.0,0.0,0.16,14.0,91.0,5720.0,0.0,0.0,234.0,0.0,99990.0
2025-05-10 09:00:00,20.7281073638811,17.0260810584773,0.0,1.76,19.9,75,99,4.1,326,19.3,18.8,18.7,0.0,0.0,0.24,16.0,84.0,13472.0,1.0,2.0,204.0,0.0,100030.0
2025-05-10 10:00:00,20.8789596360325,16.8776885451127,0.0,1.76,21.7,64,100,3.8,320,21.1,18.9,18.7,0.0,0.0,0.36,19.0,76.0,23618.0,2.0,0.0,201.0,0.0,100020.0
2025-05-10 11:00:00,20.7999296259133,16.7503706455135,0.0,1.76,22.8,60,98,6.1,344,22.6,19.1,18.7,0.0,0.0,0.43,21.0,68.0,32204.0,3.0,1.0,33.0,0.0,100020.0
2025-05-10 12:00:00,20.8543158267625,16.8499189309244,0.0,1.76,23.6,60,95,8.0,7,24.1,19.3,18.7,0.0,0.0,0.51,22.0,62.0,101198.0,8.0,1.0,18.0,0.0,100010.0
2025-05-10 13:00:00,20.7375416860021,16.8758746271635,0.0,1.76,23.8,54,58,16.0,23,25.6,19.8,18.7,0.0,0.0,0.56,23.0,54.0,69428.0,5.0,4.0,0.0,0.0,99970.0
2025-05-10 14:00:00,20.760010775284,16.9842471814805,0.0,1.76,23.3,53,31,15.0,22,25.9,20.1,18.7,0.0,0.0,0.51,23.0,57.0,84188.0,6.0,4.0,34.0,0.0,99980.0
2025-05-10 15:00:00,20.6616129176866,16.8703146041329,0.0,1.76,22.6,55,48,12.6,24,25.6,20.4,18.7,0.0,0.0,0.41,24.0,54.0,106416.0,8.0,5.0,18.0,0.0,99960.0
2025-05-10 16:00:00,20.8279326310752,16.9479516352357,0.0,1.76,21.6,57,25,12.0,25,25.1,20.6,18.7,0.0,0.0,0.31,23.0,56.0,91639.0,6.0,6.0,13.0,0.0,99950.0
2025-05-10 17:00:00,20.552374148099,16.6498460218316,0.0,1.76,21.2,58,4,9.8,36,24.4,20.8,18.7,0.0,0.0,0.24,23.0,57.0,74988.0,4.0,5.0,42.0,0.0,99960.0
2025-05-10 18:00:00,20.6164096115282,16.5577592645119,0.0,1.76,19.9,64,1,10.6,29,23.3,20.9,18.7,0.0,0.0,0.14,22.0,63.0,49300.0,3.0,4.0,54.0,0.0,99970.0
2025-05-10 19:00:00,20.7645107169253,16.6292608822329,0.0,1.76,18.0,75,5,5.9,51,22.0,21.0,18.7,0.0,0.0,0.04,21.0,65.0,8854.0,1.0,3.0,15.0,0.0,100010.0
2025-05-10 20:00:00,20.6727112727467,16.7827962682207,0.0,1.76,16.8,84,2,1.6,48,20.6,20.9,18.7,0.0,0.0,0.0,20.0,71.0,6658.0,0.0,3.0,36.0,0.0,100050.0
2025-05-10 21:00:00,20.4631421419098,16.7662087741523,0.0,1.76,16.0,87,1,2.4,113,19.5,20.8,18.7,0.0,0.0,0.0,18.0,80.0,267.0,0.0,1.0,60.0,0.0,100120.0
2025-05-10 22:00:00,20.8112459390823,16.7758785046314,0.0,1.76,15.4,88,0,3.5,135,18.6,20.7,18.7,0.0,0.0,0.0,17.0,82.0,0.0,0.0,1.0,99.0,0.0,100180.0
2025-05-10 23:00:00,20.7914444585378,16.8034941445666,0.0,1.76,15.3,85,0,2.2,158,17.9,20.5,18.7,0.0,0.0,0.0,17.0,79.0,0.0,0.0,0.0,346.0,0.0,100250.0
2025-05-11 00:00:00,20.7304230695857,16.6506667625214,0.0,1.76,15.1,83,0,1.5,203,17.3,20.3,18.7,0.0,0.0,0.0,15.0,85.0,0.0,0.0,0.0,139.0,0.0,100310.0
2025-05-11 01:00:00,20.8130228761977,16.8980967514926,0.0,1.76,15.5,77,9,1.8,171,17.1,20.1,18.8,0.0,0.0,0.0,16.0,82.0,0.0,0.0,2.0,43.0,0.0,100300.0
2025-05-11 02:00:00,20.7620297994703,16.9492267469552,0.0,1.76,15.1,77,0,0.7,338,16.6,19.9,18.8,0.0,0.0,0.0,15.0,84.0,0.0,0.0,2.0,132.0,0.0,100280.0
2025-05-11 03:00:00,20.6732045726316,16.9291668741114,0.0,1.76,14.7,76,0,1.7,90,16.2,19.7,18.8,0.0,0.0,0.0,16.0,76.0,0.0,0.0,2.0,107.0,0.0,100210.0
2025-05-11 04:00:00,20.5756297211571,16.851437451769,0.0,1.76,14.6,74,0,1.4,114,15.8,19.5,18.8,0.0,0.0,0.0,15.0,73.0,0.0,0.0,2.0,120.0,0.0,100170.0
2025-05-11 05:00:00,20.6164879571241,16.9107481152735,0.0,1.76,14.6,74,13,0.6,55,15.4,19.3,18.8,0.0,0.0,0.0,15.0,72.0,0.0,0.0,1.0,138.0,0.0,100120.0
2025-05-11 06:00:00,20.4640476778736,16.9092381026636,0.0,1.76,15.5,74,45,2.3,108,15.6,19.1,18.8,0.0,0.0,0.02,13.0,85.0,0.0,0.0,0.0,288.0,0.0,100100.0
2025-05-11 07:00:00,20.6544765524209,17.0070495283225,0.0,1.76,17.8,66,42,4.8,142,16.5,18.9,18.8,0.0,0.0,0.08,13.0,89.0,312.0,0.0,0.0,42.0,0.0,100120.0
2025-05-11 08:00:00,20.571125651255,16.8802379491076,0.0,1.76,19.7,60,58,2.4,288,18.0,18.8,18.7,0.0,0.0,0.18,15.0,85.0,6295.0,0.0,1.0,216.0,0.0,100210.0
2025-05-11 09:00:00,20.7160773182204,16.7720223850382,0.0,1.76,21.1,57,58,4.3,10,19.8,18.8,18.7,0.0,0.0,0.29,16.0,82.0,18869.0,1.0,0.0,188.0,0.0,100210.0
2025-05-11 10:00:00,20.5894494347181,16.9551499638274,0.0,1.76,22.6,52,96,3.4,343,21.7,18.9,18.7,0.0,0.0,0.42,18.0,77.0,17942.0,1.0,1.0,234.0,0.0,100260.0
2025-05-11 11:00:00,20.7469847729078,16.8165206752682,0.0,1.76,22.8,51,39,7.8,337,22.6,19.1,18.7,0.0,0.0,0.35,19.0,68.0,41895.0,3.0,0.0,296.0,0.0,100270.0
2025-05-11 12:00:00,20.6433109940416,16.8737248648244,0.0,1.76,23.1,52,41,7.3,5,23.7,19.3,18.7,0.0,0.0,0.46,22.0,58.0,101237.0,8.0,1.0,96.0,0.0,100260.0
2025-05-11 13:00:00,20.5003507867441,17.0101642725395,0.0,1.76,22.6,56,58,10.0,351,25.1,19.6,18.7,0.5,0.5,0.55,22.0,52.0,112304.0,7.0,2.0,54.0,0.0,100240.0
2025-05-11 14:00:00,20.4106568051425,16.8856246005834,0.0,1.76,23.0,53,77,10.1,340,25.0,19.9,18.7,0.6,0.6,0.44,22.0,60.0,107524.0,9.0,5.0,30.0,0.0,100250.0
2025-05-11 15:00:00,20.550113872903,16.862592494274,0.0,1.76,22.7,52,46,10.2,348,24.4,20.1,18.7,0.4,0.4,0.39,23.0,53.0,103764.0,9.0,4.0,21.0,0.0,100230.0
2025-05-11 16:00:00,20.58534527033,16.6665244896559,0.0,1.76,22.3,50,51,8.9,341,24.4,20.3,18.7,0.0,0.0,0.36,23.0,46.0,92180.0,6.0,7.0,12.0,0.0,100220.0
2025-05-11 17:00:00,20.6265893208806,16.9298111843849,0.0,1.76,22.0,51,37,8.7,359,23.9,20.5,18.7,0.0,0.0,0.24,23.0,47.0,78500.0,5.0,4.0,1.0,0.0,100210.0
2025-05-11 18:00:00,20.571353562493,16.7770804499859,0.0,1.76,21.1,56,18,6.9,359,23.0,20.6,18.8,0.0,0.0,0.14,22.0,54.0,31608.0,3.0,4.0,17.0,0.0,100210.0
2025-05-11 19:00:00,20.5381954918874,16.7355411652163,0.0,1.76,19.1,67,3,2.7,7,21.7,20.7,18.8,0.0,0.0,0.03,21.0,55.0,11382.0,1.0,3.0,58.0,0.0,100290.0
2025-05-11 20:00:00,20.54410501681,16.6310053148357,0.0,1.76,17.7,70,1,3.6,129,20.4,20.7,18.8,0.0,0.0,0.0,21.0,58.0,4472.0,0.0,3.0,59.0,0.0,100280.0
2025-05-11 21:00:00,20.5319488319293,16.6239295498695,0.0,1.76,16.5,77,0,2.9,198,19.4,20.6,18.8,0.0,0.0,0.0,19.0,61.0,68.0,0.0,1.0,105.0,0.0,100330.0
2025-05-11 22:00:00,20.4702362090072,16.6784063851039,0.0,1.76,15.7,80,1,3.5,182,18.5,20.5,18.8,0.0,0.0,0.0,18.0,66.0,0.0,0.0,0.0,131.0,0.0,100380.0
2025-05-11 23:00:00,20.4605124413402,16.7999209164385,0.0,1.76,15.1,80,1,3.7,183,17.8,20.3,18.8,0.0,0.0,0.0,16.0,71.0,0.0,0.0,0.0,145.0,0.0,100430.0
2025-05-12 00:00:00,20.5942198153003,16.8627511144122,0.0,1.76,14.8,79,0,3.4,197,17.2,20.1,18.8,0.0,0.0,0.0,17.0,69.0,0.0,0.0,0.0,168.0,0.0,100430.0
2025-05-12 01:00:00,20.4863493894244,16.9169148291688,0.0,1.76,15.1,76,1,2.7,160,16.6,20.0,18.8,0.0,0.0,0.0,15.0,73.0,0.0,0.0,0.0,174.0,0.0,100410.0
2025-05-12 02:00:00,20.704551342046,16.8566087628143,0.0,1.76,14.8,75,7,1.0,270,16.1,19.7,18.8,0.0,0.0,0.0,14.0,80.0,0.0,0.0,0.0,66.0,0.0,100420.0
2025-05-12 03:00:00,20.5356466051376,16.829763702237,0.0,1.76,14.6,75,1,1.8,279,15.8,19.5,18.8,0.0,0.0,0.0,13.0,84.0,0.0,0.0,0.0,180.0,0.0,100390.0
2025-05-12 04:00:00,20.6940964315206,16.7787817606838,0.0,1.76,14.4,75,0,1.8,153,15.4,19.3,18.8,0.0,0.0,0.0,13.0,83.0,0.0,0.0,2.0,156.0,0.0,100360.0
2025-05-12 05:00:00,20.3525004497395,16.5254945611927,0.0,1.76,14.1,76,0,1.6,135,15.0,19.1,18.8,0.0,0.0,0.0,12.0,86.0,0.0,0.0,0.0,66.0,0.0,100380.0
2025-05-12 06:00:00,20.827856780928,16.8454565653743,0.0,1.76,14.7,78,0,2.4,197,15.1,18.8,18.8,0.0,0.0,0.02,13.0,80.0,0.0,0.0,0.0,156.0,0.0,100370.0
2025-05-12 07:00:00,20.4473578955075,16.9097712595691,0.0,1.76,17.5,67,0,2.7,261,16.1,18.7,18.8,0.0,0.0,0.09,13.0,79.0,1124.0,0.0,0.0,204.0,0.0,100360.0
2025-05-12 08:00:00,20.5955637027967,16.9227362466384,0.0,1.76,19.6,57,0,2.3,300,17.8,18.6,18.8,0.0,0.0,0.21,14.0,81.0,11985.0,1.0,1.0,192.0,0.0,100390.0
2025-05-12 09:00:00,20.5371651765121,17.0330161956539,0.0,1.76,21.3,51,0,4.0,302,19.8,18.6,18.8,0.0,0.0,0.34,19.0,62.0,32225.0,2.0,1.0,132.0,0.0,100430.0
2025-05-12 10:00:00,20.6829594589232,16.7610258012833,0.0,1.76,22.9,46,0,4.8,308,21.8,18.7,18.8,0.0,0.0,0.47,21.0,51.0,63624.0,5.0,1.0,139.0,0.0,100450.0
2025-05-12 11:00:00,20.5789037164055,16.9225035777475,0.0,1.76,24.1,43,0,7.6,342,23.6,19.0,18.8,0.0,0.0,0.57,22.0,49.0,86625.0,8.0,3.0,314.0,0.0,100470.0
2025-05-12 12:00:00,20.4846025475798,16.7340654881694,0.0,1.76,24.2,41,1,12.9,7,24.9,19.2,18.8,0.0,0.0,0.61,24.0,43.0,102933.0,7.0,4.0,354.0,0.0,100430.0
2025-05-12 13:00:00,20.4026519782055,16.7244447756535,0.0,1.76,24.0,40,8,13.9,4,25.8,19.7,18.8,0.0,0.0,0.6,23.0,49.0,110458.0,7.0,3.0,67.0,0.0,100400.0
2025-05-12 14:00:00,20.6266630981415,16.4657166232562,0.0,1.76,23.9,38,8,13.0,13,26.1,20.0,18.8,0.0,0.0,0.57,23.0,43.0,110542.0,10.0,4.0,354.0,0.0,100350.0
2025-05-12 15:00:00,20.3251032037328,16.6700137190822,0.0,1.76,23.5,37,18,15.0,12,26.1,20.3,18.8,0.0,0.0,0.51,23.0,43.0,103164.0,10.0,6.0,30.0,0.0,100310.0
2025-05-12 16:00:00,20.5516218815123,16.6273455272258,0.0,1.76,22.3,38,9,13.8,10,25.5,20.6,18.8,0.0,0.0,0.41,23.0,41.0,88483.0,7.0,4.0,10.0,0.0,100280.0
2025-05-12 17:00:00,20.5473243361992,16.7340745180023,0.0,1.76,21.8,42,7,10.5,23,24.7,20.8,18.8,0.0,0.0,0.29,23.0,41.0,67983.0,4.0,4.0,42.0,0.0,100200.0
2025-05-12 18:00:00,20.5193282248208,16.6712631091079,0.0,1.76,20.5,48,4,6.6,27,23.5,20.9,18.8,0.0,0.0,0.15,22.0,40.0,40912.0,2.0,4.0,30.0,0.0,100200.0
2025-05-12 19:00:00,20.2822324429414,16.7177542061592,0.0,1.76,18.4,59,11,2.6,53,21.9,21.0,18.8,0.0,0.0,0.03,21.0,41.0,11825.0,1.0,5.0,30.0,0.0,100190.0
2025-05-12 20:00:00,20.5582848085492,16.703531419816,0.0,1.76,17.2,62,4,2.3,122,20.4,20.9,18.8,0.0,0.0,0.0,20.0,51.0,3264.0,0.0,3.0,42.0,0.0,100230.0
2025-05-12 21:00:00,20.5248225412611,16.7555919065951,0.0,1.76,16.2,63,54,4.1,183,19.3,20.8,18.8,0.0,0.0,0.01,18.0,59.0,0.0,0.0,0.0,76.0,0.0,100260.0
2025-05-12 22:00:00,20.5100583324108,16.7349594976695,0.0,1.76,15.2,63,86,4.0,193,18.3,20.7,18.8,0.0,0.0,0.01,18.0,55.0,0.0,0.0,2.0,138.0,0.0,100290.0
