datetime,s_a,s_b,irr,LAI,temperature_2m,relative_humidity_2m,cloud_cover,wind_speed_10m,wind_direction_100m,soil_temperature_0_to_7cm,soil_temperature_7_to_28cm,soil_temperature_28_to_100cm,rain,precipitation,evapotranspiration,Temp,Hum,Int,UVI,WS,WD,RG,BP
2024-12-12 12:00:00,13.8877003855537,11.3068396975514,0.0,0.0,18.1,35,0,6.4,311,14.3,12.0,17.0,0.0,0.0,0.31,16.0,37.0,42135.0,3.0,2.0,316.0,0.0,100590.0
2024-12-12 13:00:00,14.0241817480007,11.1376086781545,0.0,0.0001827485380116959,18.9,34,0,7.1,334,15.1,12.2,17.0,0.0,0.0,0.32,18.0,34.0,45420.0,3.0,3.0,300.0,0.0,100500.0
2024-12-12 14:00:00,13.9217049033112,11.1936701685942,0.0,0.0003654970760233918,18.9,33,1,7.0,351,16.0,12.5,17.0,0.0,0.0,0.29,19.0,31.0,41185.0,3.0,3.0,324.0,0.0,100440.0
2024-12-12 15:00:00,13.8758882103668,11.1794260022619,0.0,0.0005482456140350877,17.8,41,1,9.6,40,16.2,12.8,17.0,0.0,0.0,0.23,19.0,38.0,28431.0,1.0,4.0,15.0,0.0,100380.0
2024-12-12 16:00:00,14.0385001726815,11.2516813416916,0.0,0.0007309941520467836,15.9,50,0,8.4,74,15.7,13.1,17.0,0.0,0.0,0.13,18.0,44.0,13915.0,1.0,2.0,54.0,0.0,100400.0
2024-12-12 17:00:00,13.9976995165917,11.1611080011161,0.0,0.0009137426900584795,12.4,57,0,6.9,91,14.4,13.3,17.0,0.0,0.0,0.04,18.0,48.0,4766.0,0.0,2.0,63.0,0.0,100410.0
2024-12-12 18:00:00,13.8401720388947,11.3146400880558,0.0,0.0010964912280701754,11.4,60,0,3.0,101,12.9,13.4,16.9,0.0,0.0,0.0,14.0,58.0,156.0,0.0,2.0,110.0,0.0,100450.0
2024-12-12 19:00:00,13.8758025715954,11.257569417588,0.0,0.0012792397660818713,10.5,63,0,0.7,78,11.8,13.4,16.9,0.0,0.0,0.0,12.0,60.0,0.0,0.0,1.0,337.0,0.0,100460.0
2024-12-12 20:00:00,13.9258978807115,11.1429417792932,0.0,0.0014619883040935672,9.6,65,6,1.0,28,10.9,13.3,16.9,0.0,0.0,0.0,10.0,65.0,0.0,0.0,0.0,154.0,0.0,100520.0
2024-12-12 21:00:00,13.9914936833072,11.149439902672,0.0,0.001644736842105263,8.6,67,21,4.1,282,10.2,13.2,16.9,0.0,0.0,0.0,8.0,69.0,0.0,0.0,1.0,180.0,0.0,100570.0
2024-12-12 22:00:00,14.0378969387943,11.2521520016821,0.0,0.001827485380116959,8.9,64,94,7.3,254,9.9,13.1,16.9,0.0,0.0,0.02,8.0,69.0,0.0,0.0,1.0,177.0,0.0,100620.0
2024-12-12 23:00:00,14.0189009636827,11.2014796061066,0.0,0.002010233918128655,10.1,60,72,6.6,242,10.1,13.0,16.9,0.0,0.0,0.02,9.0,68.0,0.0,0.0,1.0,216.0,0.0,100670.0
2024-12-13 00:00:00,14.066007322765,11.1455953314652,0.0,0.0021929824561403508,10.4,57,49,7.8,226,10.1,12.9,16.9,0.0,0.0,0.03,6.0,76.0,0.0,0.0,1.0,180.0,0.0,100720.0
2024-12-13 01:00:00,13.9928119472341,11.1703890758212,0.0,0.0023757309941520467,9.2,52,26,8.4,222,9.9,13.0,16.9,0.0,0.0,0.03,7.0,76.0,0.0,0.0,0.0,148.0,0.0,100720.0
2024-12-13 02:00:00,13.9290837316899,11.1394438529781,0.0,0.0025584795321637425,9.9,54,18,8.5,221,9.9,12.9,16.8,0.0,0.0,0.03,6.0,76.0,0.0,0.0,1.0,180.0,0.0,100730.0
2024-12-13 03:00:00,13.9757043391993,11.0032800397212,0.0,0.0027412280701754384,8.6,62,23,7.2,224,9.7,12.8,16.8,0.0,0.0,0.02,8.0,67.0,0.0,0.0,0.0,258.0,0.0,100740.0
2024-12-13 04:00:00,13.991820434159,11.009048307875,0.0,0.0029239766081871343,8.1,67,9,7.6,228,9.5,12.7,16.8,0.0,0.0,0.02,5.0,76.0,0.0,0.0,0.0,102.0,0.0,100770.0
2024-12-13 05:00:00,13.8650288621575,11.1857099098906,0.0,0.0031067251461988302,7.4,72,0,6.5,225,9.2,12.6,16.8,0.0,0.0,0.01,8.0,60.0,0.0,0.0,2.0,198.0,0.0,100750.0
2024-12-13 06:00:00,14.0121466020781,11.3269089756017,0.0,0.003289473684210526,6.9,76,0,5.5,230,8.9,12.5,16.8,0.0,0.0,0.0,9.0,58.0,0.0,0.0,2.0,192.0,0.0,100780.0
2024-12-13 07:00:00,14.0203943881324,11.2166734409477,0.0,0.003472222222222222,6.8,79,3,5.2,231,8.6,12.3,16.8,0.0,0.0,0.0,9.0,60.0,0.0,0.0,2.0,204.0,0.0,100870.0
2024-12-13 08:00:00,13.9020975873007,11.1942812742836,0.0,0.003654970760233918,8.7,75,1,4.5,238,8.7,12.2,16.8,0.0,0.0,0.02,8.0,63.0,694.0,0.0,1.0,204.0,0.0,100910.0
2024-12-13 09:00:00,14.0052240484359,11.1243706728116,0.0,0.003837719298245614,12.6,67,0,5.7,242,10.0,12.1,16.7,0.0,0.0,0.08,11.0,59.0,6332.0,0.0,1.0,179.0,0.0,100990.0
2024-12-13 10:00:00,13.8551989199468,11.0284911453735,0.0,0.00402046783625731,15.6,58,0,5.6,259,11.8,12.2,16.7,0.0,0.0,0.18,13.0,55.0,17764.0,1.0,2.0,210.0,0.0,101080.0
2024-12-13 11:00:00,13.9415866104816,11.1665393497082,0.0,0.004203216374269006,17.4,51,0,6.4,271,13.7,12.3,16.7,0.0,0.0,0.25,15.0,50.0,32635.0,1.0,3.0,274.0,0.0,101120.0
2024-12-13 12:00:00,13.8155977638102,11.068345491253,0.0,0.0043859649122807015,18.7,47,0,6.0,275,15.3,12.5,16.7,0.0,0.0,0.3,16.0,47.0,42740.0,2.0,3.0,274.0,0.0,101090.0
2024-12-13 13:00:00,13.8749277817826,11.2930780984712,0.0,0.004568713450292397,20.1,40,0,5.7,287,16.9,12.8,16.7,0.0,0.0,0.32,18.0,43.0,45246.0,2.0,2.0,251.0,0.0,100990.0
2024-12-13 14:00:00,13.9622872771637,11.3458789074332,0.0,0.004751461988304093,20.4,38,0,6.0,325,17.6,13.2,16.7,0.0,0.0,0.29,20.0,40.0,39358.0,2.0,3.0,246.0,0.0,100950.0
2024-12-13 15:00:00,14.2011787724589,11.2106558824938,0.0,0.004934210526315789,18.8,48,0,13.2,14,17.6,13.5,16.7,0.0,0.0,0.24,20.0,41.0,26992.0,1.0,4.0,354.0,0.0,100940.0
2024-12-13 16:00:00,13.978520198491,11.1646417130686,0.0,0.005116959064327485,16.0,62,1,12.0,25,16.9,13.8,16.7,0.0,0.0,0.13,19.0,48.0,11847.0,1.0,4.0,36.0,0.0,100990.0
2024-12-13 17:00:00,13.9925753579384,11.2249488724319,0.0,0.005299707602339181,13.1,78,3,4.9,49,15.5,14.0,16.6,0.0,0.0,0.02,17.0,50.0,3858.0,0.0,3.0,33.0,0.0,101060.0
2024-12-13 18:00:00,14.035156633678,11.2390708095763,0.0,0.005482456140350877,12.6,81,0,2.9,49,14.1,14.1,16.6,0.0,0.0,0.0,14.0,62.0,0.0,0.0,1.0,120.0,0.0,101160.0
2024-12-13 19:00:00,13.9833450978763,11.1549146265059,0.0,0.005665204678362573,12.2,82,0,0.9,53,13.0,14.1,16.6,0.0,0.0,0.0,13.0,66.0,0.0,0.0,1.0,138.0,0.0,101230.0
2024-12-13 20:00:00,14.0614231318174,11.2807204062326,0.0,0.005847953216374269,11.2,82,0,1.1,98,12.1,14.1,16.6,0.0,0.0,0.0,11.0,69.0,0.0,0.0,0.0,186.0,0.0,101290.0
2024-12-13 21:00:00,14.0339867978646,11.4736502584851,0.0,0.006030701754385965,10.4,83,0,3.2,287,11.4,14.0,16.6,0.0,0.0,0.0,8.0,79.0,0.0,0.0,0.0,180.0,0.0,101350.0
2024-12-13 22:00:00,13.7479619811748,11.2918028757969,0.0,0.0062134502923976605,9.9,85,0,3.9,234,10.9,13.9,16.6,0.0,0.0,0.0,8.0,74.0,0.0,0.0,0.0,174.0,0.0,101400.0
2024-12-13 23:00:00,14.1304745284573,11.0785897270036,0.0,0.006396198830409356,9.7,80,0,2.7,205,10.4,13.7,16.6,0.0,0.0,0.0,8.0,69.0,0.0,0.0,1.0,180.0,0.0,101430.0
2024-12-14 00:00:00,13.7854844513524,11.3358279063757,0.0,0.006578947368421052,9.0,82,4,3.2,288,10.0,13.6,16.6,0.0,0.0,0.0,9.0,72.0,0.0,0.0,0.0,186.0,0.0,101470.0
2024-12-14 01:00:00,14.1136573085682,11.362848154177,0.0,0.006761695906432748,8.2,80,0,4.4,254,9.6,13.5,16.6,0.0,0.0,0.0,7.0,73.0,0.0,0.0,1.0,174.0,0.0,101410.0
2024-12-14 02:00:00,13.9546757800619,11.22730086646,0.0,0.006944444444444444,7.9,75,1,4.7,234,9.4,13.4,16.6,0.0,0.0,0.0,7.0,76.0,0.0,0.0,0.0,180.0,0.0,101420.0
2024-12-14 03:00:00,13.8486670116652,11.033304848735,0.0,0.00712719298245614,7.5,75,99,3.1,293,9.1,13.2,16.6,0.0,0.0,0.0,6.0,75.0,0.0,0.0,1.0,174.0,0.0,101390.0
2024-12-14 04:00:00,14.0328130229219,11.1504851971505,0.0,0.007309941520467836,7.2,74,91,3.3,256,9.0,13.0,16.6,0.0,0.0,0.0,5.0,78.0,0.0,0.0,0.0,173.0,0.0,101430.0
2024-12-14 05:00:00,14.1969465508694,11.0383840648191,0.0,0.007492690058479532,6.4,74,99,4.6,223,9.0,12.9,16.6,0.0,0.0,0.0,5.0,77.0,0.0,0.0,1.0,180.0,0.0,101410.0
2024-12-14 06:00:00,14.0056014960022,11.1976133010571,0.0,0.007675438596491228,5.7,78,82,6.6,258,8.9,12.7,16.6,0.0,0.0,0.0,6.0,77.0,0.0,0.0,1.0,168.0,0.0,101470.0
2024-12-14 07:00:00,14.1599534012549,11.1564610875425,0.0,0.007858187134502924,6.6,75,49,6.7,220,8.9,12.6,16.5,0.0,0.0,0.0,6.0,77.0,0.0,0.0,1.0,160.0,0.0,101540.0
2024-12-14 08:00:00,13.7213599477589,11.0813898761157,0.0,0.00804093567251462,7.7,75,64,6.9,239,9.1,12.4,16.5,0.0,0.0,0.02,6.0,81.0,1049.0,0.0,0.0,353.0,0.0,101580.0
2024-12-14 09:00:00,13.9910306726723,11.2694967693995,0.0,0.008223684210526315,10.4,75,99,6.2,278,10.0,12.4,16.5,0.0,0.0,0.07,9.0,77.0,7526.0,0.0,1.0,264.0,0.0,101620.0
2024-12-14 10:00:00,13.8055710506383,11.268069900434,0.0,0.008406432748538011,13.5,72,57,6.0,277,11.5,12.4,16.5,0.0,0.0,0.14,12.0,69.0,20224.0,1.0,2.0,252.0,0.0,101680.0
2024-12-14 11:00:00,13.8139480878507,11.0938731265007,0.0,0.008589181286549707,15.6,61,57,2.7,322,13.4,12.5,16.5,0.0,0.0,0.23,14.0,71.0,33993.0,2.0,2.0,299.0,0.0,101690.0
2024-12-14 12:00:00,13.7063880152102,11.2473391676183,0.0,0.008771929824561403,16.7,55,60,5.5,9,15.1,12.6,16.5,0.0,0.0,0.28,16.0,70.0,42424.0,3.0,2.0,44.0,0.0,101640.0
2024-12-14 13:00:00,14.0863391539937,10.9515307169116,0.0,0.008954678362573099,17.3,57,68,8.8,24,16.2,13.1,16.5,0.0,0.0,0.29,17.0,62.0,41500.0,3.0,2.0,24.0,0.0,101560.0
2024-12-14 14:00:00,13.9547748786303,11.4655032007693,0.0,0.009137426900584795,17.2,61,85,10.2,33,16.8,13.4,16.5,0.0,0.0,0.26,17.0,63.0,39857.0,2.0,4.0,30.0,0.0,101540.0
2024-12-14 15:00:00,14.1857359713489,11.0801405779792,0.0,0.00932017543859649,16.8,64,98,11.2,45,16.9,13.6,16.5,0.0,0.0,0.19,17.0,63.0,23300.0,1.0,3.0,64.0,0.0,101520.0
2024-12-14 16:00:00,13.9065590888791,11.0871620356224,0.0,0.009502923976608187,15.8,67,0,10.6,52,16.4,13.9,16.5,0.0,0.0,0.11,17.0,64.0,9778.0,0.0,4.0,66.0,0.0,101530.0
2024-12-14 17:00:00,13.7836920459576,11.1860533694606,0.0,0.009685672514619883,13.0,83,19,6.3,51,15.2,14.0,16.4,0.0,0.0,0.02,15.0,73.0,2864.0,0.0,3.0,48.0,0.0,101600.0
2024-12-14 18:00:00,14.1144059855265,11.2782352599982,0.0,0.009868421052631578,12.1,86,21,3.6,64,13.9,14.1,16.4,0.0,0.0,0.0,13.0,80.0,0.0,0.0,0.0,72.0,0.0,101650.0
2024-12-14 19:00:00,14.0931819884635,11.3728985644518,0.0,0.010051169590643274,11.9,82,14,1.9,69,12.9,14.1,16.4,0.0,0.0,0.0,11.0,84.0,0.0,0.0,0.0,174.0,0.0,101760.0
2024-12-14 20:00:00,14.0613974812318,11.2534498506226,0.0,0.01023391812865497,11.0,82,60,2.7,99,12.0,14.0,16.4,0.0,0.0,0.0,9.0,82.0,0.0,0.0,0.0,174.0,0.0,101790.0
2024-12-14 21:00:00,14.0346368767826,11.2327106398794,0.0,0.010416666666666666,9.8,87,6,2.6,110,11.4,14.0,16.4,0.0,0.0,0.0,9.0,82.5,0.0,0.0,0.0,174.0,0.0,101795.0
2024-12-14 22:00:00,13.9745628095904,11.4094220188158,0.0,0.010599415204678362,9.0,91,62,2.1,37,10.8,13.8,16.4,0.0,0.0,0.0,9.0,83.0,0.0,0.0,0.0,174.0,0.0,101800.0
2024-12-14 23:00:00,14.0493983476925,11.0571015770319,0.0,0.010782163742690058,8.8,92,76,2.4,311,10.4,13.7,16.4,0.0,0.0,0.0,8.0,83.0,0.0,0.0,0.0,186.0,0.0,101840.0
2024-12-15 00:00:00,14.0692063684228,11.3367434036916,0.0,0.010964912280701754,8.7,90,19,4.7,235,10.0,13.5,16.4,0.0,0.0,0.0,9.0,85.0,0.0,0.0,1.0,180.0,0.0,101840.0
2024-12-15 01:00:00,14.0166715170405,11.3540731456587,0.0,0.01114766081871345,8.6,87,98,4.4,262,9.9,13.6,16.4,0.0,0.0,0.0,8.0,86.0,0.0,0.0,1.0,180.0,0.0,101810.0
2024-12-15 02:00:00,13.8397922425392,11.1390619117304,0.0,0.011330409356725146,8.4,86,100,5.0,234,9.7,13.4,16.4,0.0,0.0,0.0,7.0,86.0,0.0,0.0,1.0,180.0,0.0,101810.0
2024-12-15 03:00:00,14.1979587397877,11.3053415735615,0.0,0.011513157894736841,8.2,86,100,5.0,216,9.7,13.3,16.4,0.0,0.0,0.0,7.0,84.0,0.0,0.0,1.0,176.0,0.0,101790.0
2024-12-15 04:00:00,13.9361416011633,11.2115928964175,0.0,0.011695906432748537,7.9,86,100,4.3,266,9.6,13.1,16.4,0.0,0.0,0.0,7.0,86.0,0.0,0.0,0.0,186.0,0.0,101750.0
2024-12-15 05:00:00,13.8826853033649,11.1613159210873,0.0,0.011878654970760233,8.4,84,91,5.5,243,9.7,13.0,16.4,0.0,0.0,0.0,7.0,91.0,0.0,0.0,0.0,102.0,0.0,101760.0
2024-12-15 06:00:00,13.9767006660531,11.5528748160079,0.0,0.01206140350877193,8.4,82,34,4.8,197,9.7,12.9,16.4,0.0,0.0,0.0,6.0,90.0,0.0,0.0,1.0,171.0,0.0,101750.0
2024-12-15 07:00:00,13.9950847512607,11.191704206113,0.0,0.012244152046783625,7.9,84,97,4.3,199,9.6,12.8,16.4,0.0,0.0,0.0,8.0,90.0,0.0,0.0,1.0,186.0,0.0,101790.0
2024-12-15 08:00:00,13.7997929941161,11.07970438635,0.0,0.012426900584795321,9.2,80,100,6.5,200,9.9,12.7,16.4,0.0,0.0,0.02,7.0,89.0,0.0,0.0,0.0,178.0,0.0,101880.0
2024-12-15 09:00:00,13.8861761955939,11.2587082935096,0.0,0.012609649122807017,11.6,74,30,6.0,193,10.8,12.6,16.3,0.0,0.0,0.06,6.0,91.0,2175.0,0.0,0.0,170.0,0.0,101930.0
2024-12-15 10:00:00,14.0274283746382,11.2228129520679,0.0,0.012792397660818713,13.9,70,92,4.3,270,12.2,12.6,16.3,0.0,0.0,0.14,12.0,74.0,9088.0,1.0,0.0,178.0,0.0,102020.0
2024-12-15 11:00:00,13.9376992757189,11.0326685163255,0.0,0.012975146198830409,15.7,64,36,4.7,14,14.0,12.7,16.3,0.0,0.0,0.23,14.0,78.0,21608.0,1.0,1.0,324.0,0.0,102100.0
2024-12-15 12:00:00,13.9185037105875,11.1033782960754,0.0,0.013157894736842105,16.9,60,100,10.2,30,15.4,12.9,16.3,0.0,0.0,0.28,16.0,70.0,29229.0,2.0,0.0,91.0,0.0,102100.0
2024-12-15 13:00:00,13.9098119927403,11.1328513096968,0.0,0.0133406432748538,17.1,60,60,14.9,44,15.7,13.1,16.3,0.0,0.0,0.27,17.0,63.0,46678.0,2.0,2.0,76.0,0.0,102080.0
2024-12-15 14:00:00,13.9653292393517,11.1574977502078,0.0,0.013523391812865496,17.1,58,10,14.1,49,16.3,13.3,16.3,0.0,0.0,0.26,17.0,60.0,25216.0,1.0,3.0,32.0,0.0,102040.0
2024-12-15 15:00:00,13.9706946592011,10.9644137952473,0.0,0.013706140350877192,16.5,62,4,14.5,48,16.5,13.5,16.3,0.0,0.0,0.2,18.0,58.0,39391.0,2.0,4.0,85.0,0.0,101980.0
2024-12-15 16:00:00,14.0997689191543,11.2414314183248,0.0,0.013888888888888888,15.4,69,19,12.5,50,16.0,13.7,16.3,0.0,0.0,0.12,17.0,63.0,30256.0,1.0,5.0,16.0,0.0,101970.0
2024-12-15 17:00:00,13.8654660442705,11.1621242943588,0.0,0.014071637426900584,12.4,85,2,6.8,58,14.9,13.9,16.3,0.0,0.0,0.02,16.0,67.0,9291.0,0.0,4.0,30.0,0.0,102010.0
2024-12-15 18:00:00,13.9655114287857,11.2147089130002,0.0,0.01425438596491228,11.0,88,2,6.2,71,13.5,14.0,16.3,0.0,0.0,0.0,15.0,71.0,1857.0,0.0,3.0,30.0,0.0,102030.0
2024-12-15 19:00:00,14.010095622087,11.3959882209768,0.0,0.014437134502923976,10.5,89,17,4.6,73,12.4,13.9,16.3,0.0,0.0,0.0,13.0,79.0,0.0,0.0,1.0,72.0,0.0,102050.0
2024-12-15 20:00:00,13.9528013690023,11.3038954136813,0.0,0.014619883040935672,10.3,88,0,3.5,75,11.5,13.9,16.3,0.0,0.0,0.0,11.0,84.0,0.0,0.0,1.0,99.0,0.0,102090.0
2024-12-15 21:00:00,14.0487008544915,11.1173345860309,0.0,0.014802631578947368,10.1,89,2,2.6,84,10.8,13.8,16.3,0.0,0.0,0.0,10.0,88.0,0.0,0.0,1.0,105.0,0.0,102160.0
2024-12-15 22:00:00,13.9545844512214,11.1847810001226,0.0,0.014985380116959063,9.6,89,2,1.5,75,10.2,13.6,16.3,0.0,0.0,0.0,8.0,90.0,0.0,0.0,0.0,186.0,0.0,102210.0
2024-12-15 23:00:00,14.0431497629719,11.4195358376718,0.0,0.01516812865497076,9.4,88,37,1.4,63,9.6,13.5,16.3,0.0,0.0,0.0,7.0,93.0,0.0,0.0,0.0,126.0,0.0,102220.0
2024-12-16 00:00:00,13.9981890571096,11.3143876035373,0.0,0.015350877192982455,9.1,86,0,0.4,59,9.2,13.3,16.2,0.0,0.0,0.0,6.0,92.0,0.0,0.0,0.0,204.0,0.0,102240.0
2024-12-16 01:00:00,14.0981354261126,11.2452860494311,0.0,0.015533625730994151,8.5,83,5,0.7,60,8.7,13.3,16.2,0.0,0.0,0.0,6.0,90.0,0.0,0.0,0.0,180.0,0.0,102260.0
2024-12-16 02:00:00,13.964614797332,11.3424401388536,0.0,0.015716374269005847,7.8,83,24,0.4,50,8.3,13.1,16.2,0.0,0.0,0.0,6.0,90.0,0.0,0.0,1.0,198.0,0.0,102260.0
2024-12-16 03:00:00,14.0381344888095,11.1619698014102,0.0,0.015899122807017545,7.1,84,5,0.3,39,8.0,12.9,16.2,0.0,0.0,0.0,4.0,88.0,0.0,0.0,0.0,192.0,0.0,102260.0
2024-12-16 04:00:00,13.943923260992,11.15470555135,0.0,0.01608187134502924,6.6,83,0,0.4,35,7.6,12.6,16.2,0.0,0.0,0.0,4.0,92.0,0.0,0.0,1.0,160.0,0.0,102280.0
2024-12-16 05:00:00,14.0448177120338,11.1867168286954,0.0,0.016264619883040933,5.8,85,9,1.2,33,7.3,12.4,16.2,0.0,0.0,0.0,3.0,90.0,0.0,0.0,0.0,186.0,0.0,102300.0
2024-12-16 06:00:00,13.8188514471886,11.1145736300167,0.0,0.01644736842105263,5.1,88,0,3.3,310,7.1,12.2,16.2,0.0,0.0,0.0,3.0,92.0,0.0,0.0,0.0,198.0,0.0,102270.0
2024-12-16 07:00:00,13.7152160867056,11.1589988060775,0.0,0.01663011695906433,4.9,89,0,3.8,297,7.0,12.0,16.2,0.0,0.0,0.0,2.0,89.0,0.0,0.0,0.0,168.0,0.0,102340.0
2024-12-16 08:00:00,13.9806194722791,11.1767021993354,0.0,0.016812865497076022,5.6,86,16,3.9,318,7.2,11.8,16.2,0.0,0.0,0.01,2.0,89.0,0.0,0.0,1.0,84.0,0.0,102380.0
2024-12-16 09:00:00,13.9104910884714,11.2579556775543,0.0,0.016995614035087717,10.3,78,15,4.5,324,8.4,11.6,16.2,0.0,0.0,0.07,4.0,89.0,3636.0,0.0,0.0,198.0,0.0,102430.0
2024-12-16 10:00:00,14.0350699438449,11.1787903713907,0.0,0.017178362573099414,13.9,59,0,6.1,310,10.4,11.6,16.1,0.0,0.0,0.17,8.0,80.0,8052.0,1.0,1.0,108.0,0.0,102450.0
2024-12-16 11:00:00,13.9134252864998,11.1859142599207,0.0,0.017361111111111112,16.0,48,0,5.4,333,12.4,11.7,16.1,0.0,0.0,0.25,10.0,78.0,24529.0,1.0,2.0,282.0,0.0,102470.0
2024-12-16 12:00:00,14.1834403874366,11.3413109109436,0.0,0.017543859649122806,17.2,43,0,6.8,8,14.1,11.9,16.1,0.0,0.0,0.3,16.0,56.0,38842.0,2.0,0.0,168.0,0.0,102430.0
2024-12-16 13:00:00,14.0976434942917,11.3880762884754,0.0,0.0177266081871345,18.1,42,0,9.3,25,15.7,12.2,16.1,0.0,0.0,0.32,16.0,52.0,44479.0,1.0,1.0,19.0,0.0,102340.0
2024-12-16 14:00:00,14.0383451123122,11.4487502054149,0.0,0.017909356725146198,17.1,46,0,16.6,31,16.2,12.5,16.1,0.0,0.0,0.29,17.0,43.0,42758.0,2.0,2.0,42.0,0.0,102250.0
2024-12-16 15:00:00,14.1277869287359,11.5344450541127,0.0,0.018092105263157895,16.1,47,0,17.1,35,16.0,12.8,16.1,0.0,0.0,0.23,18.0,50.0,32830.0,2.0,4.0,23.0,0.0,102170.0
2024-12-16 16:00:00,14.1919396530061,11.6099090157931,0.0,0.01827485380116959,15.1,53,0,14.8,39,15.5,13.0,16.1,0.0,0.0,0.15,17.0,47.0,18492.0,1.0,3.0,78.0,0.0,102130.0
2024-12-16 17:00:00,13.9958827885319,11.2999054741431,0.0,0.018457602339181284,13.3,59,0,11.3,54,14.4,13.2,16.1,0.0,0.0,0.06,17.0,46.0,6448.0,0.0,2.0,95.0,0.0,102140.0
2024-12-16 18:00:00,13.8662103364653,11.5721706291498,0.0,0.01864035087719298,12.2,64,0,8.8,65,13.3,13.3,16.1,0.0,0.0,0.03,15.0,54.0,1048.0,0.0,3.0,72.0,0.0,102150.0
2024-12-16 19:00:00,14.1694181359046,11.7629989157109,0.0,0.01882309941520468,10.9,65,2,4.8,68,12.1,13.3,16.1,0.0,0.0,0.01,13.0,66.0,0.0,0.0,0.0,105.0,0.0,102180.0
2024-12-16 20:00:00,13.9805759572533,11.6833342110263,0.0,0.019005847953216373,9.5,60,6,0.4,44,10.9,13.3,16.0,0.0,0.0,0.0,11.0,74.0,0.0,0.0,0.0,192.0,0.0,102210.0
2024-12-16 21:00:00,14.2058982104184,11.5789438812348,0.0,0.019188596491228067,7.9,60,0,6.7,273,10.1,13.2,16.0,0.0,0.0,0.02,9.0,78.0,0.0,0.0,0.0,252.0,0.0,102220.0
2024-12-16 22:00:00,14.0808761571856,11.5892724496144,0.0,0.019371345029239765,6.2,64,0,6.2,263,9.6,13.0,16.0,0.0,0.0,0.01,9.0,74.0,0.0,0.0,2.0,246.0,0.0,102210.0
2024-12-16 23:00:00,14.008542533948,11.5589999486561,0.0,0.019554093567251463,5.4,61,0,4.4,285,9.0,12.9,16.0,0.0,0.0,0.01,7.0,72.0,0.0,0.0,2.0,174.0,0.0,102200.0
2024-12-17 00:00:00,14.1458197666575,11.7602662911094,0.0,0.019736842105263157,5.4,57,0,4.8,267,8.5,12.7,16.0,0.0,0.0,0.01,7.0,74.0,0.0,0.0,2.0,160.0,0.0,102210.0
2024-12-17 01:00:00,14.0701539589234,11.5721458399043,0.0,0.01991959064327485,5.3,57,0,4.1,268,8.4,12.6,16.0,0.0,0.0,0.01,5.0,78.0,0.0,0.0,0.0,186.0,0.0,102190.0
2024-12-17 02:00:00,13.8398297597796,11.6551991193776,0.0,0.02010233918128655,4.9,54,0,2.9,279,7.8,12.4,16.0,0.0,0.0,0.0,4.0,75.0,0.0,0.0,0.0,178.0,0.0,102150.0
2024-12-17 03:00:00,14.1030061078821,11.6137507325177,0.0,0.020285087719298246,4.4,55,0,3.8,270,7.3,12.2,16.0,0.0,0.0,0.01,4.0,73.0,0.0,0.0,1.0,180.0,0.0,102120.0
2024-12-17 04:00:00,14.0205345666088,11.5606650924457,0.0,0.02046783625730994,4.1,58,13,4.0,274,6.9,12.0,16.0,0.0,0.0,0.01,4.0,76.0,0.0,0.0,1.0,180.0,0.0,102090.0
2024-12-17 05:00:00,13.9851086126985,11.422230144364,0.0,0.020650584795321635,4.1,59,1,4.8,272,6.7,11.8,16.0,0.0,0.0,0.01,4.0,79.0,0.0,0.0,1.0,198.0,0.0,102070.0
2024-12-17 06:00:00,13.9528115005072,11.4822102787648,0.0,0.020833333333333332,4.3,58,5,5.2,265,6.5,11.5,16.0,0.0,0.0,0.01,4.0,84.0,0.0,0.0,2.0,186.0,0.0,102080.0
2024-12-17 07:00:00,14.0082836300655,11.6136333098434,0.0,0.02101608187134503,3.8,60,64,4.7,264,6.2,11.3,15.9,0.0,0.0,0.01,4.0,85.0,0.0,0.0,0.0,168.0,0.0,102090.0
2024-12-17 08:00:00,13.9377710436258,11.5944516456749,0.0,0.021198830409356724,5.4,60,39,5.5,264,6.3,11.1,15.9,0.0,0.0,0.02,2.0,82.0,53.0,0.0,0.0,180.0,0.0,102140.0
2024-12-17 09:00:00,13.8439302858759,11.642502065839,0.0,0.021381578947368418,10.2,57,2,5.2,255,7.7,11.0,15.9,0.0,0.0,0.08,3.0,83.0,3755.0,0.0,0.0,126.0,0.0,102160.0
2024-12-17 10:00:00,14.0977395923454,11.6075712645297,0.0,0.021564327485380116,13.9,45,6,5.4,284,9.7,11.0,15.9,0.0,0.0,0.18,10.0,57.0,12178.0,1.0,2.0,240.0,0.0,102210.0
2024-12-17 11:00:00,13.9176694411208,11.5802712757651,0.0,0.021747076023391813,16.0,38,9,5.4,314,11.8,11.0,15.9,0.0,0.0,0.26,12.0,47.0,26818.0,2.0,2.0,245.0,0.0,102220.0
2024-12-17 12:00:00,13.8781821216478,11.2739642566023,0.0,0.021929824561403508,17.1,35,95,7.6,327,13.5,11.2,15.8,0.0,0.0,0.31,15.0,38.0,40435.0,2.0,2.0,279.0,0.0,102130.0
2024-12-17 13:00:00,13.9986005971927,11.5188892771405,0.0,0.0221125730994152,17.3,42,100,8.0,342,14.6,11.4,15.8,0.0,0.0,0.3,17.0,31.0,46226.0,2.0,2.0,252.0,0.0,102050.0
2024-12-17 14:00:00,13.9656189224228,11.4272550894051,0.0,0.0222953216374269,16.9,46,68,7.5,10,15.3,11.7,15.8,0.0,0.0,0.26,18.0,28.0,41018.0,3.0,2.0,306.0,0.0,101960.0
2024-12-17 15:00:00,13.9750379774588,11.5522476002883,0.0,0.022478070175438597,16.1,51,84,8.0,33,15.5,12.0,15.8,0.0,0.0,0.2,19.0,25.0,32844.0,2.0,1.0,319.0,0.0,101900.0
2024-12-17 16:00:00,14.079947981118,11.4823150643738,0.0,0.02266081871345029,14.5,61,98,5.5,44,14.9,12.3,15.8,0.0,0.0,0.1,18.0,35.0,17129.0,1.0,3.0,343.0,0.0,101930.0
2024-12-17 17:00:00,14.0485312348171,11.8340604590355,0.0,0.022843567251461985,11.6,71,100,2.9,66,13.6,12.4,15.8,0.0,0.0,0.02,17.0,41.0,5944.0,0.0,2.0,26.0,0.0,101940.0
2024-12-17 18:00:00,14.0088023601693,11.6450024240105,0.0,0.023026315789473683,11.2,73,100,1.2,54,12.2,12.5,15.8,0.0,0.0,0.0,14.0,61.0,386.0,0.0,1.0,72.0,0.0,101980.0
2024-12-17 19:00:00,14.0301017676057,11.7623548894274,0.0,0.02320906432748538,11.2,73,99,1.6,123,11.4,12.5,15.8,0.0,0.0,0.0,12.0,67.0,0.0,0.0,2.0,110.0,0.0,102020.0
2024-12-17 20:00:00,14.2208713566372,11.5690319240058,0.0,0.023391812865497075,10.7,73,90,2.3,187,10.7,12.5,15.8,0.0,0.0,0.0,12.0,65.0,0.0,0.0,2.0,130.0,0.0,102050.0
2024-12-17 21:00:00,14.3149842108709,11.6713040230957,0.0,0.02357456140350877,9.9,72,19,2.1,246,10.1,12.5,15.7,0.0,0.0,0.0,11.0,65.0,0.0,0.0,0.0,124.0,0.0,102070.0
2024-12-17 22:00:00,14.1147166878724,11.6611678312489,0.0,0.023757309941520467,8.8,73,2,3.9,238,9.4,12.4,15.7,0.0,0.0,0.0,9.0,62.0,0.0,0.0,0.0,180.0,0.0,102090.0
2024-12-17 23:00:00,14.0808562472371,11.8033498160873,0.0,0.023940058479532164,8.3,71,7,4.6,224,9.0,12.2,15.7,0.0,0.0,0.0,9.0,62.0,0.0,0.0,1.0,222.0,0.0,102070.0
2024-12-18 00:00:00,14.200443966963,11.6444382951321,0.0,0.02412280701754386,8.0,68,0,4.1,236,8.5,12.1,15.7,0.0,0.0,0.0,9.0,69.0,0.0,0.0,0.0,228.0,0.0,102070.0
2024-12-18 01:00:00,14.011217491038,11.554058547425,0.0,0.024305555555555552,7.3,70,0,4.7,236,7.8,12.1,15.7,0.0,0.0,0.0,6.0,69.0,0.0,0.0,1.0,178.0,0.0,102010.0
2024-12-18 02:00:00,14.1252769330769,11.7039235124519,0.0,0.02448830409356725,7.1,60,0,4.9,218,7.7,11.9,15.7,0.0,0.0,0.01,5.0,74.0,0.0,0.0,1.0,240.0,0.0,102000.0
2024-12-18 03:00:00,14.2041315440406,11.5754420462687,0.0,0.024671052631578948,7.1,55,0,4.6,203,7.5,11.7,15.7,0.0,0.0,0.01,5.0,70.0,0.0,0.0,1.0,180.0,0.0,102010.0
2024-12-18 04:00:00,14.2285124148274,11.5920599833013,0.0,0.024853801169590642,7.4,53,0,3.3,224,7.3,11.6,15.7,0.0,0.0,0.01,6.0,71.0,0.0,0.0,1.0,180.0,0.0,102020.0
2024-12-18 05:00:00,14.1965437006925,11.6078445982459,0.0,0.025036549707602336,6.8,58,0,4.8,251,7.1,11.4,15.7,0.0,0.0,0.01,5.0,70.0,0.0,0.0,0.0,192.0,0.0,101960.0
2024-12-18 06:00:00,14.061384442745,11.6299655950101,0.0,0.025219298245614034,6.6,57,0,6.2,228,7.0,11.2,15.7,0.0,0.0,0.02,4.0,68.0,0.0,0.0,2.0,174.0,0.0,101970.0
2024-12-18 07:00:00,14.2554542692334,11.7355599108038,0.0,0.02540204678362573,6.4,56,0,5.1,231,6.9,11.1,15.6,0.0,0.0,0.01,6.0,66.0,0.0,0.0,1.0,186.0,0.0,101970.0
2024-12-18 08:00:00,14.1616810011094,11.591065725403,0.0,0.025584795321637425,8.0,56,4,6.1,240,7.0,10.9,15.6,0.0,0.0,0.03,7.0,61.0,224.0,0.0,2.0,198.0,0.0,102010.0
2024-12-18 09:00:00,14.1677631030444,11.5120062839304,0.0,0.02576754385964912,12.1,53,0,7.9,243,8.4,10.8,15.6,0.0,0.0,0.1,8.0,56.0,5217.0,0.0,1.0,198.0,0.0,102040.0
2024-12-18 10:00:00,14.2050945890139,11.7004650429881,0.0,0.025950292397660817,15.0,50,0,5.5,262,10.4,10.8,15.6,0.0,0.0,0.17,12.0,46.0,14401.0,1.0,2.0,276.0,0.0,102070.0
2024-12-18 11:00:00,13.9401213468619,11.5388338808463,0.0,0.026133040935672515,17.1,39,0,4.2,277,12.4,11.0,15.6,0.0,0.0,0.25,14.0,38.0,28797.0,1.0,2.0,233.0,0.0,102110.0
2024-12-18 12:00:00,14.0258889102827,11.6591786323755,0.0,0.02631578947368421,18.7,36,0,3.8,262,14.2,11.2,15.6,0.0,0.0,0.3,17.0,35.0,40151.0,3.0,2.0,270.0,0.0,102030.0
2024-12-18 13:00:00,14.027216891289,11.7345468941252,0.0,0.026498538011695903,19.9,35,1,5.2,273,14.6,11.4,15.5,0.0,0.0,0.31,18.0,32.0,43666.0,2.0,2.0,228.0,0.0,101920.0
2024-12-18 14:00:00,14.0165301134635,11.5433401022032,0.0,0.0266812865497076,20.6,33,0,4.7,287,15.8,11.7,15.5,0.0,0.0,0.28,20.0,29.0,39799.0,3.0,2.0,258.0,0.0,101810.0
2024-12-18 15:00:00,14.1462890884345,11.7033239138381,0.0,0.0268640350877193,20.6,34,0,2.2,322,16.4,12.1,15.5,0.0,0.0,0.2,21.0,26.0,28016.0,1.0,2.0,304.0,0.0,101740.0
2024-12-18 16:00:00,13.8748767460745,11.7766256182746,0.0,0.027046783625730993,18.3,60,0,3.4,46,16.2,12.4,15.5,0.0,0.0,0.11,20.0,38.0,13674.0,1.0,4.0,43.0,0.0,101760.0
2024-12-18 17:00:00,14.1967417507144,11.6810415867811,0.0,0.027229532163742687,14.4,60,0,4.2,74,14.9,12.6,15.5,0.0,0.0,0.03,19.0,42.0,4865.0,0.0,2.0,48.0,0.0,101750.0
2024-12-18 18:00:00,14.2360486694735,11.6822172040848,0.0,0.027412280701754384,13.7,62,0,0.8,90,13.4,12.8,15.5,0.0,0.0,0.0,15.0,53.0,162.0,0.0,0.0,54.0,0.0,101750.0
2024-12-18 19:00:00,14.0830693965068,11.8747753916157,0.0,0.027595029239766082,12.7,62,0,1.3,184,12.3,12.8,15.5,0.0,0.0,0.0,12.0,55.0,0.0,0.0,0.0,179.0,0.0,101770.0
2024-12-18 20:00:00,14.2151412743808,12.040886760709,0.0,0.027777777777777776,12.2,57,2,2.4,222,11.5,12.8,15.5,0.0,0.0,0.0,11.0,65.0,0.0,0.0,1.0,180.0,0.0,101780.0
2024-12-18 21:00:00,14.0772029372815,11.7958260727896,0.0,0.02796052631578947,12.1,49,7,3.0,221,10.8,12.8,15.5,0.0,0.0,0.01,11.0,56.0,0.0,0.0,1.0,176.0,0.0,101790.0
2024-12-18 22:00:00,14.1460698496604,11.8995906074588,0.0,0.028143274853801168,12.3,43,0,2.6,232,10.3,12.7,15.5,0.0,0.0,0.01,10.0,48.0,0.0,0.0,1.0,178.0,0.0,101760.0
2024-12-18 23:00:00,14.1895486438736,11.8047183459499,0.0,0.028326023391812866,11.8,43,0,3.9,235,9.9,12.6,15.5,0.0,0.0,0.02,11.0,47.0,0.0,0.0,1.0,184.0,0.0,101760.0
2024-12-19 00:00:00,14.1018821700295,11.7561170742543,0.0,0.02850877192982456,11.3,40,0,5.6,233,9.6,12.5,15.5,0.0,0.0,0.03,11.0,44.0,0.0,0.0,2.0,178.0,0.0,101720.0
2024-12-19 01:00:00,14.0403290210438,12.0305026832327,0.0,0.028691520467836254,10.5,37,6,4.4,222,8.4,12.4,15.5,0.0,0.0,0.02,11.0,40.0,0.0,0.0,2.0,186.0,0.0,101640.0
2024-12-19 02:00:00,14.2218912446663,11.8507093832714,0.0,0.02887426900584795,9.3,35,0,6.4,240,8.4,12.3,15.5,0.0,0.0,0.04,13.0,36.0,0.0,0.0,1.0,194.0,0.0,101590.0
2024-12-19 03:00:00,14.1396637854834,11.8279603945052,0.0,0.02905701754385965,8.8,36,9,6.0,253,8.4,12.1,15.5,0.0,0.0,0.03,12.0,38.0,0.0,0.0,2.0,180.0,0.0,101560.0
2024-12-19 04:00:00,13.860157631464,11.87387728647,0.0,0.029239766081871343,9.0,35,23,6.1,243,8.3,12.0,15.5,0.0,0.0,0.04,12.0,39.0,0.0,0.0,2.0,180.0,0.0,101540.0
2024-12-19 05:00:00,14.1767463254073,11.8445717189343,0.0,0.029422514619883038,9.2,34,20,7.1,234,8.3,11.8,15.4,0.0,0.0,0.04,13.0,37.0,0.0,0.0,4.0,258.0,0.0,101530.0
2024-12-19 06:00:00,13.8211258802892,11.6087012370626,0.0,0.029605263157894735,9.0,36,2,6.7,257,8.2,11.7,15.4,0.0,0.0,0.04,12.0,37.0,0.0,0.0,2.0,198.0,0.0,101520.0
2024-12-19 07:00:00,14.0847145147133,11.745845223147,0.0,0.029788011695906433,10.6,30,3,11.4,238,8.3,11.6,15.4,0.0,0.0,0.08,13.0,36.0,0.0,0.0,3.0,233.0,0.0,101530.0
2024-12-19 08:00:00,14.1494268127894,11.7932714351313,0.0,0.029970760233918127,12.8,30,12,13.8,225,9.0,11.5,15.4,0.0,0.0,0.11,12.0,37.0,546.0,0.0,3.0,234.0,0.0,101560.0
2024-12-19 09:00:00,13.9467810845139,11.7703636510116,0.0,0.03015350877192982,16.2,32,65,13.0,228,10.3,11.5,15.4,0.0,0.0,0.16,14.0,30.0,6241.0,0.0,4.0,185.0,0.0,101600.0
2024-12-19 10:00:00,14.103756918444,11.8406210225201,0.0,0.03033625730994152,19.6,31,43,10.2,235,12.2,11.5,15.4,0.0,0.0,0.24,16.0,30.0,16820.0,1.0,2.0,258.0,0.0,101620.0
2024-12-19 11:00:00,14.1458682857307,11.8798398527809,0.0,0.030519005847953216,21.5,31,32,9.6,242,14.1,11.7,15.4,0.0,0.0,0.31,19.0,27.0,30815.0,1.5,3.0,268.5,0.0,101600.0
2024-12-19 12:00:00,14.1082403796579,11.8406511764579,0.0,0.03070175438596491,22.4,28,35,12.3,250,15.8,12.0,15.4,0.0,0.0,0.37,22.0,24.0,44810.0,2.0,4.0,279.0,0.0,101580.0
2024-12-19 13:00:00,14.155934574574,11.8437508051757,0.0,0.030884502923976605,23.1,28,88,9.0,262,16.7,12.3,15.4,0.0,0.0,0.36,22.0,25.0,22680.0,1.0,4.0,279.0,0.0,101480.0
2024-12-19 14:00:00,14.0647692027748,11.8194064611408,0.0,0.031067251461988302,22.7,33,99,6.3,273,17.3,12.6,15.4,0.0,0.0,0.26,23.0,26.0,44211.0,2.0,2.0,220.0,0.0,101400.0
2024-12-19 15:00:00,14.0090325817028,11.9610077783351,0.0,0.03125,21.4,41,100,4.2,283,17.3,13.0,15.4,0.0,0.0,0.14,23.0,26.0,18441.0,1.0,0.0,306.0,0.0,101350.0
2024-12-19 16:00:00,14.2459573529209,11.8822588613666,0.0,0.031432748538011694,19.6,49,90,3.1,305,16.6,13.2,15.4,0.0,0.0,0.07,22.0,29.0,12148.0,1.0,2.0,258.0,0.0,101340.0
2024-12-19 17:00:00,14.1433322639001,11.9921281353484,0.0,0.03161549707602339,18.2,45,100,2.2,290,15.7,13.4,15.4,0.0,0.0,0.03,21.0,32.0,1889.0,0.0,0.0,206.0,0.0,101320.0
2024-12-19 18:00:00,14.2117834932489,11.9883465733299,0.0,0.03179824561403509,16.2,57,100,1.6,270,14.7,13.6,15.4,0.1,0.1,0.0,19.0,37.0,0.0,0.0,0.0,288.0,0.0,101360.0
2024-12-19 19:00:00,14.1804470590604,11.9455671796258,0.0,0.031980994152046784,14.5,58,37,6.0,201,13.7,13.6,15.4,0.0,0.0,0.02,18.0,39.0,0.0,0.0,2.0,211.0,0.0,101410.0
2024-12-19 20:00:00,14.0454006344931,12.0283341543235,0.0,0.03216374269005848,13.0,59,12,6.9,211,12.9,13.7,15.4,0.0,0.0,0.02,17.0,42.0,0.0,0.0,1.0,216.0,0.0,101460.0
2024-12-19 21:00:00,14.2253898726689,11.9959721930017,0.0,0.03234649122807017,13.1,61,24,7.6,219,12.4,13.6,15.4,0.0,0.0,0.02,16.0,47.0,0.0,0.0,0.0,192.0,0.0,101470.0
2024-12-19 22:00:00,14.2739139421473,11.933821224104,0.0,0.032529239766081866,12.9,66,62,6.8,218,12.1,13.6,15.4,0.0,0.0,0.02,15.0,47.0,0.0,0.0,1.0,182.0,0.0,101470.0
2024-12-19 23:00:00,14.1954694752217,12.0706697137717,0.0,0.03271198830409357,13.1,69,94,6.8,223,11.9,13.5,15.4,0.0,0.0,0.01,15.0,49.0,0.0,0.0,1.0,186.0,0.0,101470.0
2024-12-20 00:00:00,14.2087133603866,11.6523558944372,0.0,0.03289473684210526,13.4,70,63,6.5,237,11.9,13.5,15.4,0.0,0.0,0.01,17.0,49.0,0.0,0.0,1.0,174.0,0.0,101440.0
2024-12-20 01:00:00,14.3939897370711,11.9315327129894,0.0,0.033077485380116955,14.5,62,98,6.6,262,13.8,13.9,15.4,0.0,0.0,0.02,15.0,57.0,0.0,0.0,1.0,6.0,0.0,101450.0
2024-12-20 02:00:00,14.2709362020335,11.9981994473251,0.0,0.03326023391812866,15.1,61,100,7.3,255,13.5,13.9,15.4,0.0,0.0,0.03,15.0,50.0,0.0,0.0,1.0,223.0,0.0,101460.0
2024-12-20 03:00:00,14.1659998901551,12.0748857866039,0.0,0.03344298245614035,14.4,59,100,7.9,243,13.1,13.9,15.4,0.0,0.0,0.03,16.0,46.0,0.0,0.0,3.0,239.0,0.0,101460.0
2024-12-20 04:00:00,14.1347930266355,11.8527224088478,0.0,0.033625730994152045,13.9,60,100,11.4,219,12.9,13.9,15.4,0.0,0.0,0.04,16.0,55.0,0.0,0.0,1.0,228.0,0.0,101470.0
2024-12-20 05:00:00,14.3075208695815,11.9486088988309,0.0,0.03380847953216374,13.7,68,99,11.3,219,12.8,13.8,15.4,0.0,0.0,0.03,15.0,65.0,0.0,0.0,1.0,233.0,0.0,101450.0
2024-12-20 06:00:00,14.1136663225824,12.1049207961688,0.0,0.03399122807017543,13.2,76,99,10.0,222,12.6,13.8,15.4,0.0,0.0,0.02,15.0,65.0,0.0,0.0,1.0,204.0,0.0,101430.0
2024-12-20 07:00:00,14.2702117700435,11.9625686866902,0.0,0.034173976608187134,12.7,80,96,7.7,232,12.4,13.8,15.4,0.0,0.0,0.0,15.0,66.0,0.0,0.0,1.0,198.0,0.0,101480.0
2024-12-20 08:00:00,14.398435096729,11.9262787617974,0.0,0.03435672514619883,13.1,80,94,5.0,229,12.4,13.7,15.4,0.0,0.0,0.02,12.0,76.0,1548.0,0.0,0.0,108.0,0.0,101520.0
2024-12-20 09:00:00,14.0237862452318,11.8685168247786,0.0,0.03453947368421052,15.4,74,99,4.0,210,13.2,13.7,15.4,0.0,0.0,0.07,14.0,70.0,6583.0,0.0,0.0,200.0,0.0,101550.0
2024-12-20 10:00:00,14.197727314249,12.0113829363381,0.0,0.034722222222222224,17.1,66,92,2.4,171,14.4,13.7,15.4,0.0,0.0,0.12,17.0,64.0,23649.0,1.0,2.0,261.0,0.0,101570.0
2024-12-20 11:00:00,14.1544721792032,11.8883530260499,0.0,0.03490497076023392,18.1,62,81,0.8,198,15.7,13.9,15.4,0.0,0.0,0.19,18.0,57.0,15164.0,1.0,2.0,270.0,0.0,101550.0
2024-12-20 12:00:00,14.1168822483247,11.9310811081505,0.0,0.03508771929824561,19.0,58,86,2.7,340,17.2,14.0,15.4,0.0,0.0,0.28,21.0,48.0,57259.0,3.0,1.0,312.0,0.0,101440.0
2024-12-20 13:00:00,14.150362208703,11.9542511602453,0.0,0.035270467836257306,20.5,51,97,5.2,321,18.5,14.3,15.4,0.0,0.0,0.29,20.0,48.0,44619.0,2.0,3.0,325.0,0.0,101320.0
2024-12-20 14:00:00,13.9749201475148,11.7198606412905,0.0,0.035453216374269,20.5,51,98,8.0,342,18.8,14.5,15.4,0.0,0.0,0.25,19.0,55.0,18957.0,1.0,4.0,17.0,0.0,101250.0
2024-12-20 15:00:00,14.1486330753037,11.9955932786137,0.0,0.0356359649122807,18.7,61,34,12.5,6,18.4,14.8,15.4,0.0,0.0,0.17,19.0,57.0,24307.0,1.0,4.0,4.0,0.0,101240.0
2024-12-20 16:00:00,14.0529015781007,11.9271820882282,0.0,0.035818713450292396,17.5,68,38,8.5,22,17.9,15.0,15.4,0.0,0.0,0.11,18.0,63.0,10990.0,1.0,3.0,18.0,0.0,101280.0
2024-12-20 17:00:00,14.0311473580753,12.2509382432077,0.0,0.03600146198830409,15.0,83,66,4.7,37,16.8,15.1,15.4,0.0,0.0,0.02,17.5,64.5,6967.5,0.5,3.0,24.0,0.0,101300.0
2024-12-20 18:00:00,14.165023351656,12.1707265691073,0.0,0.03618421052631579,14.7,84,54,5.6,77,15.9,15.2,15.4,0.0,0.0,0.0,17.0,66.0,2945.0,0.0,3.0,30.0,0.0,101320.0
2024-12-20 19:00:00,14.2301582990371,12.008168305933,0.0,0.036366959064327485,14.4,84,100,4.2,102,15.3,15.2,15.5,0.0,0.0,0.0,15.0,78.0,0.0,0.0,1.0,85.0,0.0,101360.0
2024-12-20 20:00:00,14.2227885711428,12.0210957626062,0.0,0.03654970760233918,14.4,82,100,3.5,129,15.0,15.2,15.5,0.0,0.0,0.0,14.0,82.0,0.0,0.0,2.0,126.0,0.0,101380.0
2024-12-20 21:00:00,14.3780240809182,12.0305498620183,0.0,0.03673245614035087,14.1,82,100,2.2,165,14.7,15.2,15.5,0.0,0.0,0.0,13.0,87.0,0.0,0.0,1.0,110.0,0.0,101400.0
2024-12-20 22:00:00,14.1420103092481,12.0365844623093,0.0,0.03691520467836257,14.4,79,100,1.1,330,14.4,15.2,15.5,0.0,0.0,0.0,14.0,83.0,0.0,0.0,1.0,145.0,0.0,101420.0
2024-12-20 23:00:00,14.0966601209337,12.1676181377254,0.0,0.03709795321637427,14.4,81,100,1.0,352,14.3,15.1,15.5,0.0,0.0,0.0,13.0,84.0,0.0,0.0,0.0,66.0,0.0,101410.0
2024-12-21 00:00:00,14.0968285057287,12.0283448057946,0.0,0.03728070175438596,13.9,83,88,0.4,23,14.1,15.1,15.5,0.0,0.0,0.0,12.0,87.0,0.0,0.0,0.0,166.0,0.0,101430.0
2024-12-21 01:00:00,14.3323405202252,12.0316489116125,0.0,0.03746345029239766,12.2,81,88,0.2,29,12.9,15.0,15.5,0.0,0.0,0.0,10.0,87.0,0.0,0.0,0.0,174.0,0.0,101410.0
2024-12-21 02:00:00,14.1531053604445,12.1194679477776,0.0,0.03764619883040936,11.6,82,100,1.7,71,12.4,14.9,15.5,0.0,0.0,0.0,10.0,84.0,0.0,0.0,0.0,204.0,0.0,101400.0
2024-12-21 03:00:00,14.3419048147488,12.1576517429953,0.0,0.03782894736842105,11.8,80,100,1.5,72,12.1,14.7,15.5,0.0,0.0,0.0,10.0,85.0,0.0,0.0,0.0,152.0,0.0,101370.0
2024-12-21 04:00:00,14.3000164624162,11.9710010730364,0.0,0.038011695906432746,12.3,81,100,0.7,56,12.2,14.6,15.5,0.0,0.0,0.0,12.0,82.0,0.0,0.0,0.0,138.0,0.0,101370.0
2024-12-21 05:00:00,14.2087512190947,12.086778146362,0.0,0.03819444444444444,12.2,83,100,0.6,64,12.2,14.5,15.5,0.0,0.0,0.0,10.0,87.0,0.0,0.0,1.0,349.0,0.0,101360.0
2024-12-21 06:00:00,14.065179120426,11.9933577998235,0.0,0.038377192982456135,12.5,82,100,1.0,71,12.3,14.4,15.6,0.0,0.0,0.0,10.0,84.0,0.0,0.0,0.0,198.0,0.0,101390.0
2024-12-21 07:00:00,14.2029374639215,11.9457449948978,0.0,0.038559941520467836,12.8,81,100,1.8,68,12.3,14.3,15.6,0.0,0.0,0.0,11.0,83.0,0.0,0.0,0.0,180.0,0.0,101430.0
2024-12-21 08:00:00,14.0543800385137,11.7406310262563,0.0,0.03874269005847953,13.1,83,100,4.1,65,12.4,14.2,15.6,0.0,0.0,0.02,11.0,84.0,0.0,0.0,0.0,6.0,0.0,101460.0
2024-12-21 09:00:00,14.1763871160781,12.1353695465867,0.0,0.038925438596491224,14.4,79,100,6.8,52,13.0,14.1,15.6,0.0,0.0,0.05,11.0,85.0,512.0,0.0,0.0,54.0,0.0,101480.0
2024-12-21 10:00:00,14.1833142100741,12.2203906653023,0.0,0.039108187134502925,15.3,74,100,12.5,46,13.8,14.1,15.6,0.0,0.0,0.1,12.0,83.0,6658.0,0.0,1.0,42.0,0.0,101540.0
2024-12-21 11:00:00,14.1609895038918,12.0687245345801,0.0,0.03929093567251462,16.4,67,100,13.7,45,14.8,14.2,15.6,0.0,0.0,0.18,15.0,82.0,13122.0,0.0,2.0,18.0,0.0,101630.0
2024-12-21 12:00:00,14.3392161185111,12.0154386993851,0.0,0.039473684210526314,16.9,65,100,13.9,42,15.7,14.3,15.6,0.0,0.0,0.21,16.0,77.0,17459.0,1.0,4.0,54.0,0.0,101660.0
2024-12-21 13:00:00,14.1641743790874,12.1443366330365,0.0,0.03965643274853801,17.1,66,93,15.7,44,16.2,14.4,15.6,0.0,0.0,0.25,16.0,72.0,24553.0,1.0,1.0,48.0,0.0,101610.0
2024-12-21 14:00:00,14.2165262753792,12.064447040925,0.0,0.0398391812865497,16.9,67,100,18.0,46,16.9,14.6,15.6,0.0,0.0,0.24,17.0,68.0,18620.0,1.0,2.0,54.0,0.0,101560.0
2024-12-21 15:00:00,14.133496336729,12.1171645416854,0.0,0.0400219298245614,16.3,67,100,17.7,52,16.8,14.7,15.6,0.0,0.0,0.17,16.0,70.0,18015.0,1.0,3.0,72.0,0.0,101530.0
2024-12-21 16:00:00,14.1237209569035,12.279239245967,0.0,0.0402046783625731,15.5,69,100,14.8,53,16.3,14.8,15.6,0.0,0.0,0.1,16.0,71.0,12153.0,0.0,3.0,86.0,0.0,101500.0
2024-12-21 17:00:00,14.0943824909157,12.1352335595963,0.0,0.04038742690058479,14.3,74,100,12.7,57,15.6,14.9,15.6,0.0,0.0,0.05,16.0,67.0,7078.0,0.0,2.0,48.0,0.0,101550.0
2024-12-21 18:00:00,14.1636137717274,12.0586350201073,0.0,0.04057017543859649,13.6,78,100,10.3,68,14.9,14.9,15.6,0.0,0.0,0.01,15.0,71.0,1220.0,0.0,2.0,60.0,0.0,101610.0
2024-12-21 19:00:00,14.1835145897383,12.2149394733014,0.0,0.04075292397660819,13.2,80,99,8.7,67,14.3,14.9,15.6,0.0,0.0,0.01,14.0,74.0,0.0,0.0,2.0,83.0,0.0,101620.0
2024-12-21 20:00:00,14.1662213442678,12.325261556703,0.0,0.04093567251461988,12.6,82,77,7.7,62,13.7,14.9,15.6,0.0,0.0,0.0,14.0,74.0,0.0,0.0,2.0,104.0,0.0,101640.0
2024-12-21 21:00:00,14.2876307830471,12.2158355549616,0.0,0.041118421052631575,11.9,82,1,7.9,62,13.1,14.8,15.6,0.0,0.0,0.0,12.0,81.0,0.0,0.0,0.0,138.0,0.0,101670.0
2024-12-21 22:00:00,14.0062746229689,12.3092756795549,0.0,0.04130116959064327,11.0,82,1,5.2,65,12.4,14.7,15.6,0.0,0.0,0.0,11.0,84.0,0.0,0.0,2.0,72.0,0.0,101660.0
2024-12-21 23:00:00,14.1963179332182,12.2219493517709,0.0,0.04148391812865497,10.8,81,0,2.6,48,11.7,14.6,15.6,0.0,0.0,0.0,10.0,84.0,0.0,0.0,1.0,116.0,0.0,101680.0
2024-12-22 00:00:00,14.2459916722378,12.2465213888846,0.0,0.041666666666666664,10.5,81,0,2.2,48,11.2,14.4,15.6,0.0,0.0,0.0,11.0,77.0,0.0,0.0,0.0,86.0,0.0,101700.0
2024-12-22 01:00:00,14.2470244141175,12.3302244183119,0.0,0.04184941520467836,10.5,76,3,1.3,36,11.6,14.4,15.7,0.0,0.0,0.0,8.0,84.0,0.0,0.0,0.0,186.0,0.0,101720.0
2024-12-22 02:00:00,14.0872379705028,12.1641001684769,0.0,0.04203216374269006,9.8,79,18,1.2,7,11.0,14.3,15.7,0.0,0.0,0.0,8.0,87.0,0.0,0.0,0.0,186.0,0.0,101710.0
2024-12-22 03:00:00,14.1045790320834,12.1151092078745,0.0,0.042214912280701754,9.1,82,19,2.7,295,10.5,14.1,15.7,0.0,0.0,0.0,7.0,86.0,0.0,0.0,1.0,165.0,0.0,101710.0
2024-12-22 04:00:00,14.2038156374133,12.1612710865971,0.0,0.04239766081871345,8.4,85,1,3.7,295,10.1,13.9,15.7,0.0,0.0,0.0,7.0,88.0,0.0,0.0,1.0,186.0,0.0,101690.0
2024-12-22 05:00:00,14.3371731229231,12.1356645872904,0.0,0.04258040935672514,8.3,87,0,5.2,288,10.0,13.7,15.7,0.0,0.0,0.0,7.0,85.0,0.0,0.0,0.0,228.0,0.0,101690.0
2024-12-22 06:00:00,14.0695406226478,12.097506883125,0.0,0.042763157894736836,7.3,92,0,7.2,256,9.8,13.5,15.7,0.0,0.0,0.0,6.0,88.0,0.0,0.0,1.0,159.0,0.0,101670.0
2024-12-22 07:00:00,13.9554824505916,12.2985740527663,0.0,0.04294590643274854,6.9,92,0,5.2,273,9.6,13.3,15.7,0.0,0.0,0.0,5.0,88.0,0.0,0.0,0.0,168.0,0.0,101690.0
2024-12-22 08:00:00,14.155733713134,12.030435581636,0.0,0.04312865497076023,8.0,87,0,1.9,311,9.6,13.2,15.7,0.0,0.0,0.01,5.0,89.0,0.0,0.0,0.0,180.0,0.0,101730.0
2024-12-22 09:00:00,14.2326970162042,12.2220253656184,0.0,0.043311403508771926,11.6,76,0,2.4,292,10.6,13.0,15.6,0.0,0.0,0.06,5.0,89.0,2816.0,0.0,0.0,180.0,0.0,101780.0
2024-12-22 10:00:00,14.2978995073549,12.0914634150208,0.0,0.04349415204678363,14.2,63,0,4.2,315,12.2,13.0,15.6,0.0,0.0,0.16,11.0,75.0,9883.0,1.0,0.0,204.0,0.0,101800.0
2024-12-22 11:00:00,14.0155229287971,12.1090363928164,0.0,0.04367690058479532,16.1,57,0,6.1,310,13.9,13.1,15.6,0.0,0.0,0.24,13.0,73.0,23247.0,1.0,2.0,258.0,0.0,101780.0
2024-12-22 12:00:00,14.2123626156333,12.1738681028028,0.0,0.043859649122807015,17.0,53,0,9.3,342,15.3,13.2,15.6,0.0,0.0,0.28,15.0,63.0,36932.0,2.0,1.0,282.0,0.0,101750.0
2024-12-22 13:00:00,14.045827407297,12.2419784938898,0.0,0.04404239766081871,16.9,55,0,9.3,22,15.8,13.3,15.6,0.0,0.0,0.29,18.0,53.0,42565.0,2.0,1.0,59.0,0.0,101630.0
2024-12-22 14:00:00,13.9920797101725,12.1995209508931,0.0,0.0442251461988304,16.9,57,0,7.7,38,16.6,13.5,15.6,0.0,0.0,0.26,17.0,52.0,40712.0,2.0,0.0,310.0,0.0,101550.0
2024-12-22 15:00:00,13.9634171777686,12.3880156876592,0.0,0.044407894736842105,16.7,58,0,8.8,42,16.8,13.8,15.6,0.0,0.0,0.2,17.0,55.0,31720.0,2.0,2.0,8.0,0.0,101500.0
2024-12-22 16:00:00,14.09497093606,12.5016245514756,0.0,0.0445906432748538,16.1,62,0,4.5,77,16.4,14.0,15.6,0.0,0.0,0.11,17.0,61.0,18082.0,1.0,4.0,24.0,0.0,101520.0
2024-12-22 17:00:00,14.1014828844244,12.1923672204287,0.0,0.04477339181286549,14.0,69,0,0.7,114,15.2,14.1,15.6,0.0,0.0,0.01,17.0,59.0,6696.0,0.0,2.0,130.0,0.0,101450.0
2024-12-22 18:00:00,14.1811361127558,12.486105579068,0.0,0.044956140350877194,12.7,74,0,1.3,184,13.8,14.1,15.6,0.0,0.0,0.0,16.0,65.0,1020.0,0.0,0.0,222.0,0.0,101450.0
2024-12-22 19:00:00,14.1607211089387,12.323700260771,0.0,0.04513888888888889,12.3,75,0,0.8,338,12.8,14.1,15.6,0.0,0.0,0.0,13.0,75.0,0.0,0.0,1.0,48.0,0.0,101440.0
2024-12-22 20:00:00,14.0332904516555,12.5820376306739,0.0,0.04532163742690058,11.6,77,0,1.9,288,11.9,14.0,15.6,0.0,0.0,0.0,11.0,79.0,0.0,0.0,0.0,162.0,0.0,101470.0
2024-12-22 21:00:00,14.0384786334162,12.5087253601378,0.0,0.045504385964912276,10.9,79,0,2.3,300,11.3,13.9,15.6,0.0,0.0,0.0,10.0,82.0,0.0,0.0,2.0,157.0,0.0,101470.0
2024-12-22 22:00:00,14.2506608085803,12.2738949072747,0.0,0.04568713450292397,9.8,82,0,4.6,194,10.7,13.8,15.6,0.0,0.0,0.0,11.0,83.0,0.0,0.0,2.0,152.0,0.0,101450.0
2024-12-22 23:00:00,14.2527522701575,12.1975586336393,0.0,0.04586988304093567,9.4,83,0,5.1,222,10.4,13.6,15.6,0.0,0.0,0.0,9.0,85.0,0.0,0.0,0.0,186.0,0.0,101400.0
2024-12-23 00:00:00,14.1525011101785,12.3043521644284,0.0,0.046052631578947366,9.1,84,0,5.8,250,10.1,13.5,15.6,0.0,0.0,0.0,7.0,87.0,0.0,0.0,0.0,111.0,0.0,101410.0
2024-12-23 01:00:00,14.1946555343146,12.4666067804695,0.0,0.04623538011695906,9.1,78,0,6.2,224,9.8,13.4,15.6,0.0,0.0,0.0,7.0,88.0,0.0,0.0,0.0,264.0,0.0,101320.0
2024-12-23 02:00:00,14.1360286495882,12.2415050415104,0.0,0.04641812865497076,9.7,73,0,9.8,221,9.8,13.3,15.6,0.0,0.0,0.02,7.0,85.0,0.0,0.0,1.0,186.0,0.0,101220.0
2024-12-23 03:00:00,14.110260411139,12.5445053736761,0.0,0.046600877192982455,9.7,74,0,9.2,231,9.8,13.1,15.6,0.0,0.0,0.01,7.0,87.0,0.0,0.0,2.0,228.0,0.0,101160.0
2024-12-23 04:00:00,13.9909202995244,12.5073702097673,0.0,0.04678362573099415,8.9,77,0,6.0,229,9.6,13.0,15.6,0.0,0.0,0.0,10.0,79.0,0.0,0.0,3.0,258.0,0.0,101090.0
2024-12-23 05:00:00,14.0908076080923,12.5102766583624,0.0,0.046966374269005844,9.0,73,0,1.3,220,9.1,12.8,15.6,0.0,0.0,0.0,10.0,79.0,0.0,0.0,1.0,288.0,0.0,101090.0
2024-12-23 06:00:00,14.2798730975478,12.5506859180198,0.0,0.04714912280701754,8.6,73,0,3.4,208,8.8,12.6,15.6,0.0,0.0,0.0,8.0,83.0,0.0,0.0,1.0,180.0,0.0,101100.0
2024-12-23 07:00:00,13.9249275100984,12.6230870435605,0.0,0.04733187134502924,8.7,70,0,6.4,225,8.5,12.5,15.6,0.0,0.0,0.01,10.0,73.0,0.0,0.0,2.0,228.0,0.0,101090.0
2024-12-23 08:00:00,14.1988531286355,12.2982478809771,0.0,0.04751461988304093,9.9,69,0,2.2,247,8.6,12.3,15.6,0.0,0.0,0.01,11.0,70.0,0.0,0.0,3.0,222.0,0.0,101090.0
2024-12-23 09:00:00,14.0580813974438,12.4119844794754,0.0,0.04769736842105263,11.9,66,0,2.3,90,9.9,12.2,15.6,0.0,0.0,0.07,10.0,70.0,4137.0,0.0,2.0,216.0,0.0,101110.0
2024-12-23 10:00:00,13.9643848361782,12.4531482826807,0.0,0.04788011695906433,14.8,57,0,2.4,90,11.7,12.2,15.6,0.0,0.0,0.16,14.0,62.0,11628.0,1.0,2.0,276.0,0.0,101170.0
2024-12-23 11:00:00,14.1800652840812,12.2693805959221,0.0,0.04806286549707602,17.1,51,0,5.1,63,13.5,12.3,15.6,0.0,0.0,0.25,15.0,54.0,27073.0,1.0,3.0,204.0,0.0,101200.0
2024-12-23 12:00:00,13.9494422049438,12.4737123351045,0.0,0.04824561403508772,18.4,51,0,10.9,60,15.1,12.5,15.6,0.0,0.0,0.3,17.0,47.0,40338.0,2.0,3.0,228.0,0.0,101180.0
2024-12-23 13:00:00,14.1196268568906,12.4343658895458,0.0,0.04842836257309941,19.3,48,0,7.3,52,16.6,12.8,15.6,0.0,0.0,0.31,19.0,43.0,44965.0,2.0,1.0,305.0,0.0,101050.0
2024-12-23 14:00:00,14.2386208343641,12.6454084218444,0.0,0.048611111111111105,19.1,52,0,11.2,48,17.2,13.1,15.6,0.0,0.0,0.29,21.0,38.0,42326.0,3.0,2.0,336.0,0.0,100950.0
2024-12-23 15:00:00,14.084520404837,12.8312807460205,0.0,0.048793859649122806,17.7,57,0,15.5,50,17.2,13.4,15.6,0.0,0.0,0.22,20.0,49.0,30957.0,2.0,3.0,20.0,0.0,100910.0
2024-12-23 16:00:00,14.2857449304403,12.6468196705131,0.0,0.0489766081871345,16.3,63,0,15.7,56,16.6,13.7,15.6,0.0,0.0,0.14,19.0,47.0,16840.0,1.0,3.0,84.0,0.0,100910.0
2024-12-23 17:00:00,14.1948322200123,12.5497833892053,0.0,0.049159356725146194,13.9,73,0,8.5,69,15.5,13.8,15.6,0.0,0.0,0.04,18.0,57.0,5777.0,0.0,5.0,60.0,0.0,100980.0
2024-12-23 18:00:00,14.258512731395,12.569965993101,0.0,0.049342105263157895,12.2,79,0,3.3,72,14.0,13.9,15.6,0.0,0.0,0.0,15.0,69.0,515.0,0.0,1.0,104.0,0.0,101010.0
2024-12-23 19:00:00,14.21796941478,12.7727479295189,0.0,0.04952485380116959,11.4,80,0,4.8,54,12.7,13.9,15.6,0.0,0.0,0.0,13.0,74.0,0.0,0.0,0.0,126.0,0.0,101050.0
2024-12-23 20:00:00,14.0355859114447,12.5368326237374,0.0,0.049707602339181284,11.0,82,0,3.7,70,11.8,13.8,15.6,0.0,0.0,0.0,10.0,83.0,0.0,0.0,0.0,102.0,0.0,101110.0
2024-12-23 21:00:00,14.1668377838152,12.8031521863521,0.0,0.04989035087719298,10.7,81,0,2.2,63,10.9,13.7,15.6,0.0,0.0,0.0,9.0,84.0,0.0,0.0,0.0,180.0,0.0,101190.0
2024-12-23 22:00:00,14.3156620204672,12.5991117163314,0.0,0.05007309941520467,10.5,79,0,2.2,74,10.3,13.6,15.6,0.0,0.0,0.0,8.0,87.0,0.0,0.0,0.0,198.0,0.0,101210.0
2024-12-23 23:00:00,14.0311223999278,12.9798002413391,0.0,0.05025584795321637,10.2,73,0,2.1,78,9.7,13.4,15.6,0.0,0.0,0.0,8.0,87.0,0.0,0.0,0.0,178.0,0.0,101240.0
2024-12-24 00:00:00,14.2723982031626,12.7917558177161,0.0,0.05043859649122807,10.0,67,0,1.5,68,9.2,13.2,15.5,0.0,0.0,0.0,7.0,86.0,0.0,0.0,0.0,174.0,0.0,101280.0
2024-12-24 01:00:00,14.0735827993683,12.6840801157802,0.0,0.05062134502923976,8.9,73,0,0.4,56,8.4,13.0,15.5,0.0,0.0,0.0,5.0,84.0,0.0,0.0,0.0,78.0,0.0,101290.0
2024-12-24 02:00:00,14.1596179630835,12.4330279980175,0.0,0.05080409356725146,8.5,69,0,1.0,63,8.1,12.8,15.5,0.0,0.0,0.0,4.0,84.0,0.0,0.0,1.0,186.0,0.0,101270.0
2024-12-24 03:00:00,14.0732123844616,12.6426277463477,0.0,0.05098684210526316,8.0,64,0,1.5,65,7.8,12.6,15.5,0.0,0.0,0.0,4.0,86.0,0.0,0.0,0.0,108.0,0.0,101280.0
2024-12-24 04:00:00,14.1706533192388,12.7040112527163,0.0,0.05116959064327485,8.1,59,0,0.4,58,7.5,12.3,15.5,0.0,0.0,0.0,5.0,86.0,0.0,0.0,1.0,192.0,0.0,101320.0
2024-12-24 05:00:00,13.9073533515769,12.6162276801931,0.0,0.051352339181286545,8.3,57,0,0.4,58,7.2,12.1,15.5,0.0,0.0,0.0,4.0,89.0,0.0,0.0,0.0,186.0,0.0,101310.0
2024-12-24 06:00:00,14.1044866453908,12.8198062255732,0.0,0.05153508771929824,8.1,56,0,0.2,54,6.9,11.9,15.5,0.0,0.0,0.0,3.0,85.0,0.0,0.0,0.0,142.0,0.0,101320.0
2024-12-24 07:00:00,14.1125991730503,12.7114482727162,0.0,0.05171783625730994,7.5,56,0,0.8,43,6.7,11.6,15.5,0.0,0.0,0.0,3.0,83.0,0.0,0.0,0.0,174.0,0.0,101340.0
2024-12-24 08:00:00,13.9766284667667,12.4871684589015,0.0,0.051900584795321635,7.5,62,0,3.4,309,6.8,11.4,15.5,0.0,0.0,0.02,3.0,81.0,191.0,0.0,0.0,174.0,0.0,101370.0
2024-12-24 09:00:00,14.3113077815084,12.100814866598,0.0,0.05208333333333333,10.5,65,0,6.1,285,8.1,11.3,15.5,0.0,0.0,0.07,6.0,76.0,4152.0,0.0,0.0,198.0,0.0,101400.0
2024-12-24 10:00:00,14.2267629289867,10.9508545782723,0.0,0.05226608187134503,13.2,54,0,5.9,312,10.0,11.2,15.5,0.0,0.0,0.16,13.0,59.0,14355.0,1.0,0.0,132.0,0.0,101430.0
2024-12-24 11:00:00,14.2651495869863,10.8001082849982,0.0,0.052448830409356724,14.9,49,0,5.3,345,11.9,11.3,15.4,0.0,0.0,0.24,14.0,57.0,29393.0,2.0,2.0,282.0,0.0,101450.0
2024-12-24 12:00:00,14.2105597820427,10.5267827409251,0.0,0.05263157894736842,15.9,46,0,7.4,8,13.5,11.5,15.4,0.0,0.0,0.29,16.0,43.0,41205.0,3.0,0.0,102.0,0.0,101410.0
2024-12-24 13:00:00,14.4845133371137,10.731702265988,0.0,0.05281432748538011,16.6,42,0,5.8,10,14.7,11.6,15.4,0.0,0.0,0.3,19.0,36.0,44827.0,3.0,2.0,126.0,0.0,101330.0
2024-12-24 14:00:00,14.3865445673582,10.9458621978928,0.0,0.052997076023391806,16.7,43,0,7.2,22,15.4,11.9,15.4,0.0,0.0,0.27,18.0,35.0,40803.0,2.0,1.0,248.0,0.0,101250.0
2024-12-24 15:00:00,14.5916369183739,10.9452265204364,0.0,0.05317982456140351,16.2,50,0,9.8,40,15.5,12.2,15.4,0.0,0.0,0.21,18.0,38.0,28380.0,2.0,3.0,52.0,0.0,101220.0
2024-12-24 16:00:00,14.4123526091198,10.958507343972,0.0,0.0533625730994152,15.2,59,0,8.6,47,15.1,12.5,15.4,0.0,0.0,0.12,17.0,45.0,14091.0,1.0,3.0,54.0,0.0,101220.0
2024-12-24 17:00:00,14.4870665016437,11.0723191049978,0.0,0.053545321637426896,12.0,72,0,5.9,58,13.8,12.6,15.4,0.0,0.0,0.03,17.0,46.0,4784.0,0.0,2.0,38.0,0.0,101230.0
2024-12-24 18:00:00,14.5606330169825,10.968608633267,0.0,0.0537280701754386,11.4,74,0,3.6,62,12.4,12.7,15.4,0.0,0.0,0.0,14.0,57.0,185.0,0.0,0.0,91.0,0.0,101250.0
2024-12-24 19:00:00,14.5458577558101,11.0581435638217,0.0,0.05391081871345029,11.2,75,0,2.4,53,11.3,12.7,15.4,0.0,0.0,0.0,11.0,71.0,0.0,0.0,0.0,180.0,0.0,101260.0
2024-12-24 20:00:00,14.3785007241301,10.9688325894094,0.0,0.054093567251461985,11.1,76,0,0.9,41,10.4,12.6,15.4,0.0,0.0,0.0,9.0,78.0,0.0,0.0,0.0,204.0,0.0,101310.0
2024-12-24 21:00:00,14.5011259043097,11.008838506068,0.0,0.05427631578947368,10.1,81,0,1.8,2,9.7,12.5,15.4,0.0,0.0,0.0,8.0,72.0,0.0,0.0,1.0,174.0,0.0,101350.0
2024-12-24 22:00:00,14.5040206600507,10.9576789369877,0.0,0.054459064327485374,9.3,85,0,4.6,289,9.3,12.4,15.4,0.0,0.0,0.0,8.0,73.0,0.0,0.0,0.0,173.0,0.0,101370.0
2024-12-24 23:00:00,14.5074735419191,10.7554438508977,0.0,0.054641812865497075,8.5,87,0,5.0,276,9.2,12.3,15.3,0.0,0.0,0.0,7.0,74.0,0.0,0.0,1.0,186.0,0.0,101410.0
2024-12-25 00:00:00,14.3802816369688,10.9625787563946,0.0,0.05482456140350877,8.0,83,0,6.4,264,8.9,12.1,15.3,0.0,0.0,0.0,9.0,72.0,0.0,0.0,1.0,186.0,0.0,101410.0
2024-12-25 01:00:00,14.3516915048459,11.0510188825025,0.0,0.05500730994152046,7.2,82,0,5.9,273,8.2,12.1,15.3,0.0,0.0,0.0,7.0,75.0,0.0,0.0,0.0,216.0,0.0,101360.0
2024-12-25 02:00:00,14.5153044354349,10.7610601273383,0.0,0.055190058479532164,6.9,75,0,4.6,285,7.9,11.9,15.3,0.0,0.0,0.0,5.0,80.0,0.0,0.0,1.0,166.0,0.0,101340.0
2024-12-25 03:00:00,14.4565971600764,10.9894344785075,0.0,0.05537280701754386,7.0,67,0,2.3,307,7.5,11.7,15.3,0.0,0.0,0.0,4.0,81.0,0.0,0.0,0.0,174.0,0.0,101360.0
2024-12-25 04:00:00,14.4644934482777,10.9080050597202,0.0,0.05555555555555555,6.8,62,0,3.6,268,7.2,11.5,15.3,0.0,0.0,0.0,4.0,80.0,0.0,0.0,1.0,156.0,0.0,101340.0
2024-12-25 05:00:00,14.7142652760029,10.9241610522082,0.0,0.05573830409356725,6.4,62,0,5.9,258,7.0,11.3,15.3,0.0,0.0,0.01,4.0,80.0,0.0,0.0,1.0,180.0,0.0,101320.0
2024-12-25 06:00:00,14.3576757679682,10.7950221216629,0.0,0.05592105263157894,6.0,62,0,5.8,257,6.9,11.1,15.3,0.0,0.0,0.01,6.0,84.0,0.0,0.0,0.0,204.0,0.0,101310.0
2024-12-25 07:00:00,14.2351571082253,10.9145704744295,0.0,0.05610380116959064,5.3,62,0,4.3,273,6.7,11.0,15.3,0.0,0.0,0.0,4.0,86.0,0.0,0.0,0.0,192.0,0.0,101330.0
2024-12-25 08:00:00,14.553722302578,10.8119123981158,0.0,0.056286549707602336,6.7,60,0,3.6,268,6.8,10.8,15.2,0.0,0.0,0.02,4.0,85.0,482.0,0.0,0.0,216.0,0.0,101400.0
2024-12-25 09:00:00,14.4063172617926,10.8089207591038,0.0,0.05646929824561403,10.8,60,0,6.0,251,8.0,10.7,15.2,0.0,0.0,0.08,8.0,78.0,5282.0,0.0,0.0,184.0,0.0,101460.0
2024-12-25 10:00:00,14.352841355934,10.7731613004801,0.0,0.05665204678362573,14.3,57,0,4.3,347,10.0,10.7,15.2,0.0,0.0,0.16,13.0,64.0,17040.0,1.0,0.0,192.0,0.0,101470.0
2024-12-25 11:00:00,14.4883102903557,10.8906643599425,0.0,0.056834795321637425,16.1,48,0,5.9,6,12.0,10.8,15.2,0.0,0.0,0.24,17.0,53.0,31976.0,1.0,0.0,228.0,0.0,101460.0
2024-12-25 12:00:00,14.604516493688,11.4650702685256,0.0,0.05701754385964912,17.1,47,0,7.4,360,13.6,11.0,15.2,0.0,0.0,0.29,16.0,53.0,41985.0,2.0,1.0,302.0,0.0,101400.0
2024-12-25 13:00:00,14.4491375918905,13.0098244404769,0.0,0.057200292397660814,17.0,49,0,9.6,12,14.2,11.2,15.2,0.0,0.0,0.3,17.0,53.0,43992.0,2.0,3.0,7.0,0.0,101330.0
2024-12-25 14:00:00,14.5944939245862,13.5856711068435,0.0,0.05738304093567251,17.0,54,0,10.6,27,15.0,11.5,15.2,0.0,0.0,0.27,18.0,53.0,38745.0,2.0,1.0,96.0,0.0,101310.0
2024-12-25 15:00:00,14.4459399319194,14.0271254939426,0.0,0.05756578947368421,16.9,55,0,9.9,34,15.3,11.8,15.1,0.0,0.0,0.21,18.0,52.0,26372.0,2.0,3.0,30.0,0.0,101270.0
2024-12-25 16:00:00,14.3561144620654,14.6251486834254,0.0,0.0577485380116959,15.6,62,0,6.7,43,14.9,12.1,15.1,0.0,0.0,0.12,18.0,52.0,12100.0,1.0,3.0,48.0,0.0,101260.0
2024-12-25 17:00:00,14.5063600189376,15.0804070743192,0.0,0.0579312865497076,12.5,70,0,4.6,55,13.7,12.3,15.1,0.0,0.0,0.03,17.0,59.0,3866.0,0.0,3.0,48.0,0.0,101260.0
2024-12-25 18:00:00,14.4872367530894,15.6807581752034,0.0,0.0581140350877193,12.1,72,0,2.3,54,12.2,12.3,15.1,0.0,0.0,0.0,14.0,78.0,0.0,0.0,2.0,48.0,0.0,101300.0
2024-12-25 19:00:00,14.6321257300093,15.9995877767318,0.0,0.05829678362573099,12.2,72,0,1.2,56,11.2,12.4,15.1,0.0,0.0,0.0,12.0,82.0,0.0,0.0,0.0,30.0,0.0,101340.0
2024-12-25 20:00:00,14.5937502106266,16.3838583435397,0.0,0.05847953216374269,12.4,72,0,1.5,54,10.4,12.3,15.1,0.0,0.0,0.0,10.0,84.0,0.0,0.0,1.0,138.0,0.0,101360.0
2024-12-25 21:00:00,14.5891836754791,16.6207362821815,0.0,0.05866228070175438,12.1,72,0,1.7,47,9.8,12.2,15.1,0.0,0.0,0.0,9.0,85.0,0.0,0.0,1.0,192.0,0.0,101350.0
2024-12-25 22:00:00,14.6086804368696,16.9511405488944,0.0,0.058845029239766075,11.7,73,0,1.9,46,9.3,12.1,15.1,0.0,0.0,0.0,8.0,82.0,0.0,0.0,0.0,164.0,0.0,101390.0
2024-12-25 23:00:00,14.8062090700416,17.0489588131822,0.0,0.059027777777777776,11.0,75,0,1.3,40,8.8,12.0,15.1,0.0,0.0,0.0,8.0,83.0,0.0,0.0,1.0,172.0,0.0,101390.0
2024-12-26 00:00:00,14.6659042420605,17.4408244358332,0.0,0.05921052631578947,10.4,78,0,1.5,37,8.4,11.8,15.1,0.0,0.0,0.0,7.0,83.0,0.0,0.0,1.0,171.0,0.0,101370.0
2024-12-26 01:00:00,14.5607963896546,17.4573063707145,0.0,0.059393274853801165,9.6,78,0,1.1,27,7.4,11.8,15.1,0.0,0.0,0.0,6.0,79.0,0.0,0.0,1.0,172.0,0.0,101330.0
2024-12-26 02:00:00,14.6782734178259,17.5482840600179,0.0,0.059576023391812866,9.1,78,0,2.5,357,7.3,11.6,15.1,0.0,0.0,0.0,7.0,88.0,0.0,0.0,0.0,210.0,0.0,101340.0
2024-12-26 03:00:00,14.6335532175399,17.5805274049139,0.0,0.05975877192982456,8.3,80,0,4.8,319,7.3,11.4,15.1,0.0,0.0,0.0,6.0,88.0,0.0,0.0,0.0,198.0,0.0,101340.0
2024-12-26 04:00:00,14.6548854963662,17.5936500689246,0.0,0.059941520467836254,8.2,81,0,5.4,311,7.5,11.2,15.1,0.0,0.0,0.0,5.0,86.0,0.0,0.0,0.0,186.0,0.0,101360.0
2024-12-26 05:00:00,14.7041343640391,17.7736007633437,0.0,0.06012426900584795,7.6,83,0,4.1,334,7.6,11.1,15.0,0.0,0.0,0.0,5.0,86.0,0.0,0.0,0.0,180.0,0.0,101340.0
2024-12-26 06:00:00,14.5974927023498,18.0454979255857,0.0,0.06030701754385964,7.4,79,0,3.0,14,7.4,10.9,15.0,0.0,0.0,0.0,5.0,85.0,0.0,0.0,0.0,174.0,0.0,101360.0
2024-12-26 07:00:00,14.6626051977841,18.1125618761468,0.0,0.06048976608187134,8.1,72,0,1.5,37,7.2,10.8,15.0,0.0,0.0,0.0,5.0,79.0,0.0,0.0,0.0,161.0,0.0,101390.0
2024-12-26 08:00:00,14.5997648761886,18.0065043881867,0.0,0.06067251461988304,9.6,68,0,0.9,48,7.2,10.6,15.0,0.0,0.0,0.01,4.0,83.0,1020.0,0.0,0.0,180.0,0.0,101430.0
2024-12-26 09:00:00,14.5943518205334,17.8529367313642,0.0,0.06085526315789473,12.6,60,0,5.0,39,8.7,10.6,15.0,0.0,0.0,0.08,9.0,70.0,5976.0,0.0,0.0,198.0,0.0,101460.0
2024-12-26 10:00:00,14.6358421674417,18.2535484417181,0.0,0.06103801169590643,15.0,58,0,10.6,34,10.5,10.6,15.0,0.0,0.0,0.18,11.0,77.0,19188.0,1.0,1.0,292.0,0.0,101520.0
2024-12-26 11:00:00,14.6265580482736,18.2179688909541,0.0,0.06122076023391813,15.9,56,0,16.3,45,12.1,10.7,15.0,0.0,0.0,0.25,13.0,68.5,26867.5,1.5,0.5,320.0,0.0,101515.0
2024-12-26 12:00:00,14.5967911991786,18.2610598967087,0.0,0.06140350877192982,16.3,53,0,16.3,47,13.5,11.0,14.9,0.0,0.0,0.29,15.0,60.0,34547.0,2.0,0.0,348.0,0.0,101510.0
2024-12-26 13:00:00,14.6665268676329,18.2931427370087,0.0,0.061586257309941515,16.6,54,0,16.6,49,14.5,11.1,14.9,0.0,0.0,0.29,18.0,47.0,43531.0,3.0,4.0,69.0,0.0,101440.0
2024-12-26 14:00:00,14.4658893260615,18.4656312039025,0.0,0.06176900584795321,16.5,56,0,17.0,53,15.1,11.4,14.9,0.0,0.0,0.27,18.0,44.0,44328.0,3.0,5.0,77.0,0.0,101370.0
2024-12-26 15:00:00,14.5080751401488,18.4180590022306,0.0,0.06195175438596491,16.2,59,0,16.6,55,15.2,11.7,14.9,0.0,0.0,0.21,17.0,53.0,36595.0,2.0,5.0,42.0,0.0,101300.0
2024-12-26 16:00:00,14.5466378245434,18.3263654211771,0.0,0.062134502923976605,15.3,65,0,14.5,55,14.8,12.0,14.9,0.0,0.0,0.13,17.0,52.0,23857.0,1.0,4.0,60.0,0.0,101280.0
2024-12-26 17:00:00,14.5196829180825,18.6170483813593,0.0,0.0623172514619883,12.9,79,0,8.8,54,13.9,12.2,14.9,0.0,0.0,0.03,17.0,58.0,10021.0,1.0,2.0,96.0,0.0,101300.0
2024-12-26 18:00:00,14.6554662708786,18.4711004131038,0.0,0.0625,11.0,87,0,6.3,62,12.6,12.3,14.9,0.0,0.0,0.0,15.0,63.0,2880.0,0.0,2.0,43.0,0.0,101320.0
2024-12-26 19:00:00,14.7430767359382,18.6016483962133,0.0,0.06268274853801169,11.0,86,0,2.7,65,11.5,12.3,14.9,0.0,0.0,0.0,13.0,75.0,0.0,0.0,1.0,72.0,0.0,101360.0
2024-12-26 20:00:00,14.6497756406067,18.649749826082,0.0,0.06286549707602339,11.0,83,0,1.7,59,10.6,12.3,14.9,0.0,0.0,0.0,10.0,80.0,0.0,0.0,0.0,228.0,0.0,101410.0
2024-12-26 21:00:00,14.8187678886707,18.7237326608141,0.0,0.06304824561403509,10.7,81,0,1.7,49,9.8,12.2,14.9,0.0,0.0,0.0,9.0,86.0,0.0,0.0,0.0,174.0,0.0,101430.0
2024-12-26 22:00:00,14.846160214775,18.5432335721208,0.0,0.06323099415204678,10.1,81,0,0.9,39,9.1,12.1,14.9,0.0,0.0,0.0,8.0,84.0,0.0,0.0,0.0,180.0,0.0,101440.0
2024-12-26 23:00:00,14.8376824010358,18.6980480373015,0.0,0.06341374269005848,9.2,85,0,1.0,22,8.6,12.0,14.9,0.0,0.0,0.0,7.0,84.0,0.0,0.0,2.0,192.0,0.0,101460.0
2024-12-27 00:00:00,14.669962318906,18.7263491976395,0.0,0.06359649122807018,8.6,87,0,1.2,22,8.2,11.8,14.9,0.0,0.0,0.0,7.0,86.0,0.0,0.0,0.0,166.0,0.0,101480.0
2024-12-27 01:00:00,14.8236862207828,18.7461565490115,0.0,0.06377923976608187,7.9,82,0,2.1,5,7.7,11.8,14.9,0.0,0.0,0.0,6.0,86.0,0.0,0.0,1.0,174.0,0.0,101470.0
2024-12-27 02:00:00,14.6961867415688,18.716898147022,0.0,0.06396198830409357,7.5,87,0,8.8,253,7.7,11.6,14.9,0.0,0.0,0.0,6.0,84.0,0.0,0.0,1.0,178.0,0.0,101440.0
2024-12-27 03:00:00,14.886069672923,18.8424330307502,0.0,0.06414473684210525,6.0,94,0,11.0,263,7.7,11.4,14.9,0.0,0.0,0.0,5.0,86.0,0.0,0.0,1.0,180.0,0.0,101440.0
2024-12-27 04:00:00,14.9591340549657,18.6085240219642,0.0,0.06432748538011696,5.5,93,0,7.8,265,7.6,11.2,14.8,0.0,0.0,0.0,4.0,84.0,0.0,0.0,1.0,180.0,0.0,101450.0
2024-12-27 05:00:00,14.9056074842818,18.5748225355658,0.0,0.06451023391812866,5.0,91,11,5.9,261,7.4,11.1,14.8,0.0,0.0,0.0,4.0,85.0,0.0,0.0,0.0,180.0,0.0,101450.0
2024-12-27 06:00:00,14.9608362188039,18.7978283974183,0.0,0.06469298245614034,4.2,90,24,4.4,265,7.1,10.9,14.8,0.0,0.0,0.0,3.0,86.0,0.0,0.0,1.0,168.0,0.0,101430.0
2024-12-27 07:00:00,14.9048625741538,18.6916990942308,0.0,0.06487573099415204,3.9,84,15,3.9,257,6.8,10.8,14.8,0.0,0.0,0.0,3.0,81.0,0.0,0.0,1.0,180.0,0.0,101450.0
2024-12-27 08:00:00,14.8257836407091,18.7514299609263,0.0,0.06505847953216373,5.0,75,13,3.8,275,6.8,10.6,14.8,0.0,0.0,0.01,3.0,83.0,0.0,0.0,2.0,166.0,0.0,101480.0
2024-12-27 09:00:00,14.9721364520159,18.6131084549812,0.0,0.06524122807017543,8.1,80,25,4.0,347,7.8,10.5,14.8,0.0,0.0,0.05,3.0,85.0,1905.0,0.0,0.0,180.0,0.0,101510.0
2024-12-27 10:00:00,14.8808443448756,18.6723498348173,0.0,0.06542397660818713,11.1,70,3,5.5,6,9.4,10.5,14.8,0.0,0.0,0.13,8.0,76.0,7203.0,0.0,0.0,192.0,0.0,101550.0
2024-12-27 11:00:00,14.6938221825,18.6409586575109,0.0,0.06560672514619882,13.7,57,0,7.7,350,11.2,10.5,14.8,0.0,0.0,0.23,12.0,62.0,22139.0,1.0,0.0,270.0,0.0,101620.0
2024-12-27 12:00:00,14.766174775289,18.5771800648349,0.0,0.06578947368421052,15.2,53,0,10.9,15,12.7,10.7,14.7,0.0,0.0,0.28,15.0,56.0,35749.0,1.0,0.0,318.0,0.0,101620.0
2024-12-27 13:00:00,14.6824205889999,18.5539573881355,0.0,0.06597222222222222,15.9,49,0,11.7,37,14.0,11.1,14.7,0.0,0.0,0.3,15.0,59.0,42866.0,2.0,3.0,24.0,0.0,101550.0
2024-12-27 14:00:00,14.8586706547677,18.6218184436375,0.0,0.06615497076023391,16.3,45,0,15.9,53,14.6,11.4,14.7,0.0,0.0,0.29,16.0,45.0,42986.0,3.0,2.0,348.0,0.0,101450.0
2024-12-27 15:00:00,15.0257628414288,18.714568232906,0.0,0.06633771929824561,15.8,46,0,18.4,56,14.7,11.7,14.7,0.0,0.0,0.24,16.0,42.0,34410.0,2.0,4.0,31.0,0.0,101380.0
2024-12-27 16:00:00,15.1089511971687,18.7378805425728,0.0,0.06652046783625731,14.9,51,0,15.9,58,14.3,11.9,14.7,0.0,0.0,0.16,17.0,40.0,21302.0,1.0,4.0,84.0,0.0,101360.0
2024-12-27 17:00:00,14.9291409095659,18.7860380255207,0.0,0.066703216374269,12.8,57,0,10.1,60,13.4,12.1,14.7,0.0,0.0,0.06,16.0,42.0,8253.0,0.0,4.0,90.0,0.0,101370.0
2024-12-27 18:00:00,15.0177101639814,18.8023159955373,0.0,0.0668859649122807,10.7,67,0,7.8,67,12.1,12.2,14.7,0.0,0.0,0.02,15.0,56.0,2016.0,0.0,4.0,92.0,0.0,101400.0
2024-12-27 19:00:00,15.1718112444701,18.7086097176676,0.0,0.06706871345029239,10.0,68,0,7.1,75,10.9,12.2,14.7,0.0,0.0,0.01,13.0,67.0,0.0,0.0,2.0,54.0,0.0,101450.0
2024-12-27 20:00:00,15.1877252288719,18.8735702892521,0.0,0.06725146198830409,9.5,71,0,7.7,76,10.0,12.1,14.7,0.0,0.0,0.01,11.0,74.0,0.0,0.0,1.0,94.0,0.0,101500.0
2024-12-27 21:00:00,15.128078523152,18.7096200086862,0.0,0.06743421052631579,9.2,74,0,6.8,63,9.3,12.0,14.7,0.0,0.0,0.01,9.0,81.0,0.0,0.0,0.0,174.0,0.0,101540.0
2024-12-27 22:00:00,15.1053179226032,18.9170791141518,0.0,0.06761695906432748,9.2,75,0,3.2,53,8.7,11.9,14.7,0.0,0.0,0.0,7.0,80.0,0.0,0.0,0.0,186.0,0.0,101560.0
2024-12-27 23:00:00,15.158679582268,18.8251177236262,0.0,0.06779970760233918,8.4,78,0,1.5,46,8.1,11.7,14.7,0.0,0.0,0.0,6.0,80.0,0.0,0.0,1.0,172.0,0.0,101570.0
2024-12-28 00:00:00,15.3076328059222,18.8800753012109,0.0,0.06798245614035087,7.5,79,0,0.4,33,7.5,11.5,14.7,0.0,0.0,0.0,5.0,77.0,0.0,0.0,0.0,180.0,0.0,101580.0
2024-12-28 01:00:00,15.0625151425935,19.0918133549268,0.0,0.06816520467836257,6.4,78,0,3.2,300,7.0,11.5,14.7,0.0,0.0,0.0,4.0,73.0,0.0,0.0,0.0,176.0,0.0,101570.0
2024-12-28 02:00:00,14.9236779234758,18.7118846752179,0.0,0.06834795321637427,5.6,79,0,5.1,273,6.8,11.2,14.7,0.0,0.0,0.0,5.0,73.0,0.0,0.0,0.0,186.0,0.0,101530.0
2024-12-28 03:00:00,15.0425511316058,18.8213231962507,0.0,0.06853070175438596,4.7,78,0,5.1,267,6.7,11.0,14.7,0.0,0.0,0.0,3.0,78.0,0.0,0.0,1.0,171.0,0.0,101510.0
2024-12-28 04:00:00,15.1639881376358,18.7195980960421,0.0,0.06871345029239766,4.2,76,0,4.8,255,6.4,10.8,14.6,0.0,0.0,0.0,3.0,84.0,0.0,0.0,0.0,186.0,0.0,101520.0
2024-12-28 05:00:00,15.0670001344334,18.9131622581555,0.0,0.06889619883040936,3.8,73,0,4.6,240,6.1,10.6,14.6,0.0,0.0,0.0,4.0,75.0,0.0,0.0,2.0,180.0,0.0,101500.0
2024-12-28 06:00:00,15.1453427758879,18.8211945615526,0.0,0.06907894736842105,3.4,73,0,4.5,245,5.8,10.4,14.6,0.0,0.0,0.0,4.0,77.0,0.0,0.0,1.0,180.0,0.0,101480.0
2024-12-28 07:00:00,15.4962134400013,18.7388099479685,0.0,0.06926169590643275,3.0,76,0,4.3,257,5.6,10.2,14.6,0.0,0.0,0.0,2.0,78.0,0.0,0.0,0.0,166.0,0.0,101480.0
2024-12-28 08:00:00,15.1505376902212,18.826728448739,0.0,0.06944444444444445,4.3,73,0,4.8,264,5.6,10.0,14.6,0.0,0.0,0.01,2.0,82.0,0.0,0.0,0.0,172.0,0.0,101520.0
2024-12-28 09:00:00,15.0448991399739,18.7529210946698,0.0,0.06962719298245613,8.6,69,0,6.2,266,6.8,9.9,14.6,0.0,0.0,0.07,2.0,79.0,2977.0,0.0,0.0,171.0,0.0,101550.0
2024-12-28 10:00:00,15.4632145547337,18.7953593994225,0.0,0.06980994152046784,12.1,56,0,7.2,285,8.7,9.8,14.6,0.0,0.0,0.16,9.0,57.0,9964.0,1.0,0.0,170.0,0.0,101600.0
2024-12-28 11:00:00,15.1318433520434,18.9713606790485,0.0,0.06999269005847952,13.9,46,0,6.2,304,10.6,9.9,14.5,0.0,0.0,0.23,13.0,54.0,25233.0,1.0,0.0,210.0,0.0,101640.0
2024-12-28 12:00:00,15.5024110024731,18.7711572771671,0.0,0.07017543859649122,15.1,41,0,6.5,337,12.2,10.1,14.5,0.0,0.0,0.28,14.0,58.0,38540.0,2.0,1.0,268.0,0.0,101610.0
2024-12-28 13:00:00,15.4577366292103,18.7828204094178,0.0,0.07035818713450293,15.9,38,0,8.3,13,13.6,10.6,14.5,0.0,0.0,0.3,16.0,44.0,44240.0,2.0,0.0,180.0,0.0,101500.0
2024-12-28 14:00:00,15.2664565269237,18.7585990799203,0.0,0.07054093567251461,15.8,40,0,10.1,21,14.3,10.9,14.5,0.0,0.0,0.28,17.0,41.0,41747.0,2.0,2.0,48.0,0.0,101400.0
2024-12-28 15:00:00,15.5222328355803,18.5946388022455,0.0,0.07072368421052631,15.1,47,0,10.4,30,14.4,11.1,14.5,0.0,0.0,0.22,16.0,43.0,32936.0,2.0,5.0,26.0,0.0,101320.0
2024-12-28 16:00:00,15.4316444773472,18.8907803499099,0.0,0.070906432748538,13.9,57,0,8.0,42,14.0,11.4,14.5,0.0,0.0,0.12,16.0,47.0,18992.0,1.0,4.0,43.0,0.0,101330.0
2024-12-28 17:00:00,15.6240961166188,18.8942031848551,0.0,0.0710891812865497,10.8,70,0,3.9,54,12.7,11.6,14.5,0.0,0.0,0.02,15.0,50.0,6722.0,0.0,4.0,66.0,0.0,101350.0
2024-12-28 18:00:00,15.5989096069514,18.8879234529458,0.0,0.0712719298245614,10.1,71,0,1.5,61,11.2,11.7,14.5,0.0,0.0,0.0,13.0,63.0,968.0,0.0,1.0,54.0,0.0,101360.0
2024-12-28 19:00:00,15.6129433285343,18.7715937078165,0.0,0.07145467836257309,9.4,72,0,0.7,72,10.0,11.6,14.5,0.0,0.0,0.0,10.0,76.0,0.0,0.0,0.0,188.0,0.0,101390.0
2024-12-28 20:00:00,15.6800063672745,18.9157549253366,0.0,0.07163742690058479,8.8,72,0,0.6,72,9.1,11.6,14.5,0.0,0.0,0.0,7.0,69.0,0.0,0.0,0.0,148.0,0.0,101440.0
2024-12-28 21:00:00,15.6905198948376,18.8254848396528,0.0,0.07182017543859649,8.5,70,0,0.9,58,8.4,11.4,14.5,0.0,0.0,0.0,7.0,73.0,0.0,0.0,0.0,186.0,0.0,101460.0
2024-12-28 22:00:00,15.7252919692834,18.8228274335533,0.0,0.07200292397660818,8.3,69,0,0.4,41,7.8,11.3,14.5,0.0,0.0,0.0,6.0,74.0,0.0,0.0,0.0,180.0,0.0,101470.0
2024-12-28 23:00:00,15.7090536175258,18.7301981926341,0.0,0.07218567251461988,8.0,70,2,1.0,18,7.4,11.1,14.5,0.0,0.0,0.0,6.0,73.0,0.0,0.0,1.0,180.0,0.0,101470.0
2024-12-29 00:00:00,15.6008802325737,18.7648356388874,0.0,0.07236842105263158,7.1,74,0,3.2,317,7.1,10.9,14.4,0.0,0.0,0.0,5.0,70.0,0.0,0.0,0.0,150.0,0.0,101480.0
2024-12-29 01:00:00,15.7093457592279,18.8022603006141,0.0,0.07255116959064327,6.2,71,0,5.0,261,6.9,11.0,14.4,0.0,0.0,0.0,4.0,75.0,0.0,0.0,1.0,180.0,0.0,101440.0
2024-12-29 02:00:00,15.6060519824523,18.8938042447417,0.0,0.07273391812865497,5.2,73,0,6.4,255,6.8,10.8,14.4,0.0,0.0,0.0,4.0,76.0,0.0,0.0,1.0,204.0,0.0,101390.0
2024-12-29 03:00:00,15.6013327594242,18.9371264813912,0.0,0.07291666666666666,5.0,72,3,7.1,249,6.7,10.6,14.4,0.0,0.0,0.01,3.0,74.0,0.0,0.0,1.0,174.0,0.0,101380.0
2024-12-29 04:00:00,15.7768089692897,18.6625677361185,0.0,0.07309941520467836,4.8,70,0,7.6,244,6.5,10.4,14.4,0.0,0.0,0.01,3.0,84.0,0.0,0.0,1.0,186.0,0.0,101390.0
2024-12-29 05:00:00,15.6455278096629,18.8424786329384,0.0,0.07328216374269006,4.6,69,0,7.4,246,6.4,10.3,14.4,0.0,0.0,0.01,3.0,78.0,0.0,0.0,1.0,180.0,0.0,101360.0
2024-12-29 06:00:00,15.6285244270656,18.7229788039174,0.0,0.07346491228070175,4.1,69,0,7.0,246,6.2,10.1,14.4,0.0,0.0,0.01,5.0,72.0,0.0,0.0,0.0,228.0,0.0,101340.0
2024-12-29 07:00:00,15.7562449710258,18.7989557243347,0.0,0.07364766081871345,3.6,71,0,6.8,244,6.0,10.0,14.4,0.0,0.0,0.01,5.0,78.0,0.0,0.0,1.0,216.0,0.0,101360.0
2024-12-29 08:00:00,15.7686837165353,18.6828824926537,0.0,0.07383040935672514,4.5,71,1,7.0,237,6.0,9.8,14.4,0.0,0.0,0.02,5.0,80.0,0.0,0.0,0.0,210.0,0.0,101410.0
2024-12-29 09:00:00,15.6001442445513,18.8729610532115,0.0,0.07401315789473684,9.3,59,4,6.8,233,7.1,9.7,14.3,0.0,0.0,0.07,6.0,78.0,3638.0,0.0,1.0,204.0,0.0,101450.0
2024-12-29 10:00:00,15.6992718025087,18.6191600508267,0.0,0.07419590643274854,13.2,55,24,4.9,282,8.9,9.7,14.3,0.0,0.0,0.16,9.0,67.0,11859.0,1.0,2.0,198.0,0.0,101490.0
2024-12-29 11:00:00,15.8133999006332,18.7634083657054,0.0,0.07437865497076022,15.3,42,60,4.2,353,10.9,9.8,14.3,0.0,0.0,0.24,11.0,57.0,26707.0,1.0,3.0,228.0,0.0,101540.0
2024-12-29 12:00:00,15.832676040354,18.6626405731606,0.0,0.07456140350877193,16.4,40,67,7.2,8,12.6,10.0,14.3,0.0,0.0,0.29,13.0,51.0,39538.0,2.0,2.0,222.0,0.0,101510.0
2024-12-29 13:00:00,15.7476008708462,19.0033400148804,0.0,0.07474415204678363,16.8,41,65,10.8,12,14.0,10.4,14.3,0.0,0.0,0.31,15.0,47.0,44164.0,2.0,2.0,306.0,0.0,101400.0
2024-12-29 14:00:00,15.6414273449018,18.7984092851558,0.0,0.07492690058479531,16.2,45,32,13.1,16,14.6,10.7,14.3,0.0,0.0,0.28,17.0,40.0,43844.0,3.0,2.0,178.0,0.0,101320.0
2024-12-29 15:00:00,15.759256044467,18.8348689600295,0.0,0.07510964912280702,15.4,52,6,12.0,27,14.6,11.1,14.3,0.0,0.0,0.21,17.0,39.0,30768.0,1.0,1.0,48.0,0.0,101250.0
2024-12-29 16:00:00,15.5932759720908,18.5421566361226,0.0,0.07529239766081872,13.9,64,3,9.8,48,14.2,11.3,14.3,0.0,0.0,0.12,16.0,54.0,16624.0,1.0,4.0,5.0,0.0,101230.0
2024-12-29 17:00:00,15.8062751423306,18.7365658412155,0.0,0.0754751461988304,10.7,75,17,5.4,75,12.9,11.5,14.3,0.0,0.0,0.03,15.0,58.0,6122.0,0.0,3.0,42.0,0.0,101260.0
2024-12-29 18:00:00,15.9001296436953,18.8956621549507,0.0,0.0756578947368421,9.6,73,24,5.9,85,11.4,11.6,14.3,0.0,0.0,0.0,13.0,64.0,490.0,0.0,1.0,72.0,0.0,101300.0
2024-12-29 19:00:00,15.7125088822935,18.8058230846356,0.0,0.07584064327485379,9.5,71,30,5.1,76,10.2,11.6,14.3,0.0,0.0,0.0,10.0,69.0,0.0,0.0,0.0,143.0,0.0,101330.0
2024-12-29 20:00:00,15.8790113418516,18.9044549633456,0.0,0.07602339181286549,9.7,69,5,2.6,64,9.4,11.5,14.2,0.0,0.0,0.0,8.0,78.0,0.0,0.0,0.0,142.0,0.0,101380.0
2024-12-29 21:00:00,15.9296539584677,18.8743069040609,0.0,0.0762061403508772,9.1,68,2,1.2,57,8.6,11.4,14.2,0.0,0.0,0.0,7.0,77.0,0.0,0.0,0.0,173.0,0.0,101410.0
2024-12-29 22:00:00,15.9212804868073,18.6961896723846,0.0,0.07638888888888888,7.5,68,5,0.9,54,8.0,11.3,14.2,0.0,0.0,0.0,6.0,77.0,0.0,0.0,1.0,186.0,0.0,101440.0
2024-12-29 23:00:00,16.0294714575589,18.7774121386371,0.0,0.07657163742690058,5.7,65,50,3.0,194,7.5,11.1,14.2,0.0,0.0,0.0,6.0,79.0,0.0,0.0,1.0,198.0,0.0,101450.0
2024-12-30 00:00:00,15.8476502785135,18.8345765636302,0.0,0.07675438596491227,5.0,67,90,6.6,243,7.3,11.0,14.2,0.0,0.0,0.01,7.0,76.0,0.0,0.0,0.0,210.0,0.0,101460.0
2024-12-30 01:00:00,16.1296773354017,18.9464967053142,0.0,0.07693713450292397,5.4,65,90,6.1,247,7.3,10.9,14.2,0.0,0.0,0.01,5.0,77.0,0.0,0.0,0.0,174.0,0.0,101440.0
2024-12-30 02:00:00,15.9650269307466,18.7429859681738,0.0,0.07711988304093567,5.0,65,29,7.1,247,7.1,10.8,14.2,0.0,0.0,0.01,5.0,77.0,0.0,0.0,1.0,171.0,0.0,101410.0
2024-12-30 03:00:00,15.9985958722494,18.8049897432775,0.0,0.07730263157894736,4.5,66,3,7.5,243,6.8,10.6,14.2,0.0,0.0,0.01,4.0,76.0,0.0,0.0,2.0,172.0,0.0,101410.0
2024-12-30 04:00:00,16.1039578953696,18.8853938780664,0.0,0.07748538011695906,4.0,67,2,6.7,244,6.6,10.4,14.2,0.0,0.0,0.01,3.0,81.0,0.0,0.0,0.0,180.0,0.0,101410.0
2024-12-30 05:00:00,15.8779570874295,18.8883478855522,0.0,0.07766812865497076,3.6,68,6,6.6,240,6.3,10.3,14.2,0.0,0.0,0.01,4.0,76.0,0.0,0.0,2.0,165.0,0.0,101380.0
2024-12-30 06:00:00,16.0077182233585,18.5199239995392,0.0,0.07785087719298245,3.6,68,18,7.1,238,6.1,10.1,14.2,0.0,0.0,0.01,2.0,81.0,0.0,0.0,0.0,172.0,0.0,101400.0
2024-12-30 07:00:00,15.9733982274321,18.6975421801202,0.0,0.07803362573099415,3.6,68,11,6.6,235,5.9,9.9,14.2,0.0,0.0,0.01,2.0,84.0,0.0,0.0,1.0,180.0,0.0,101430.0
2024-12-30 08:00:00,16.0935868779288,18.7088529044153,0.0,0.07821637426900585,4.6,68,4,8.0,229,5.9,9.8,14.1,0.0,0.0,0.03,2.0,85.0,174.0,0.0,0.0,198.0,0.0,101460.0
2024-12-30 09:00:00,15.8227571651174,18.819561309638,0.0,0.07839912280701754,9.3,62,1,9.6,229,7.0,9.6,14.1,0.0,0.0,0.08,6.0,75.0,5133.0,0.0,1.0,204.0,0.0,101510.0
2024-12-30 10:00:00,16.1301977282061,18.5899626956222,0.0,0.07858187134502924,13.4,53,3,6.5,260,8.9,9.6,14.1,0.0,0.0,0.16,9.0,66.0,16260.0,1.0,2.0,234.0,0.0,101560.0
2024-12-30 11:00:00,15.9155065012692,19.5639090797278,0.0,0.07876461988304093,15.1,42,8,6.1,327,10.8,9.7,14.1,0.0,0.0,0.24,11.0,58.0,29798.0,1.0,2.0,264.0,0.0,101590.0
2024-12-30 12:00:00,15.9967109871839,20.5242716481398,0.0,0.07894736842105263,15.9,38,18,7.7,358,12.4,10.0,14.1,0.0,0.0,0.29,14.0,46.0,37989.0,2.0,1.0,234.0,0.0,101550.0
2024-12-30 13:00:00,16.0472272051405,20.7131335486136,0.0,0.07913011695906433,16.4,38,8,8.5,7,13.8,10.3,14.1,0.0,0.0,0.31,15.0,43.0,28905.0,2.0,2.0,256.0,0.0,101470.0
2024-12-30 14:00:00,16.0332446580541,20.7223803176668,0.0,0.07931286549707602,16.2,40,12,10.0,12,14.4,10.6,14.1,0.0,0.0,0.28,19.0,35.0,41144.0,3.0,2.0,132.0,0.0,101370.0
2024-12-30 15:00:00,16.0636629115568,20.8139980813109,0.0,0.07949561403508772,15.4,48,24,10.1,35,14.5,10.9,14.1,0.0,0.0,0.2,17.0,38.0,25980.0,1.0,3.0,24.0,0.0,101320.0
2024-12-30 16:00:00,16.0798428258158,20.8017414291197,0.0,0.0796783625730994,14.2,57,23,7.4,65,14.0,11.2,14.1,0.0,0.0,0.12,16.0,45.0,15077.0,1.0,4.0,27.0,0.0,101330.0
2024-12-30 17:00:00,16.1578223621235,20.8353640697283,0.0,0.0798611111111111,11.4,68,20,3.8,66,12.8,11.4,14.1,0.0,0.0,0.03,15.0,47.0,5298.0,0.0,3.0,63.0,0.0,101350.0
2024-12-30 18:00:00,15.9234468505081,20.7810581598332,0.0,0.0800438596491228,10.8,68,34,1.2,55,11.4,11.5,14.0,0.0,0.0,0.0,13.0,64.0,204.0,0.0,0.0,42.0,0.0,101370.0
2024-12-30 19:00:00,16.1040472031658,20.9222125357657,0.0,0.0802266081871345,10.0,66,3,1.1,66,10.3,11.5,14.0,0.0,0.0,0.0,9.0,75.0,0.0,0.0,0.0,144.0,0.0,101410.0
2024-12-30 20:00:00,16.1292615891453,20.650799577405,0.0,0.0804093567251462,9.0,64,6,2.3,102,9.4,11.4,14.0,0.0,0.0,0.0,8.0,78.0,0.0,0.0,0.0,186.0,0.0,101450.0
2024-12-30 21:00:00,16.1823439020296,20.7656964473756,0.0,0.0805921052631579,8.1,68,3,2.2,95,8.7,11.3,14.0,0.0,0.0,0.0,7.0,76.0,0.0,0.0,1.0,186.0,0.0,101480.0
2024-12-30 22:00:00,16.1798558800081,20.7377244343582,0.0,0.08077485380116958,7.4,71,4,1.6,88,8.1,11.2,14.0,0.0,0.0,0.0,9.0,70.0,0.0,0.0,1.0,186.0,0.0,101500.0
2024-12-30 23:00:00,16.112026772791,20.8038352437799,0.0,0.08095760233918128,6.6,74,4,1.8,132,7.6,11.1,14.0,0.0,0.0,0.0,5.0,78.0,0.0,0.0,0.0,180.0,0.0,101520.0
2024-12-31 00:00:00,16.2229104670204,20.6704961204119,0.0,0.08114035087719298,6.6,73,3,1.7,313,7.2,10.9,14.0,0.0,0.0,0.0,7.0,73.0,0.0,0.0,0.0,186.0,0.0,101520.0
2024-12-31 01:00:00,16.2675962742823,20.6845018456015,0.0,0.08132309941520467,5.6,71,9,7.3,240,7.1,10.8,14.0,0.0,0.0,0.01,5.0,71.0,0.0,0.0,1.0,186.0,0.0,101480.0
2024-12-31 02:00:00,16.2824352495032,20.7691437893283,0.0,0.08150584795321637,5.0,69,9,6.7,246,6.9,10.6,14.0,0.0,0.0,0.01,6.0,75.0,0.0,0.0,0.0,222.0,0.0,101460.0
2024-12-31 03:00:00,16.3176830866311,20.6425817832593,0.0,0.08168859649122806,4.8,63,68,7.5,240,6.7,10.5,14.0,0.0,0.0,0.02,4.0,78.0,0.0,0.0,0.0,174.0,0.0,101470.0
2024-12-31 04:00:00,16.283031412544,20.8374895586727,0.0,0.08187134502923976,4.4,61,5,6.0,236,6.5,10.3,14.0,0.0,0.0,0.01,4.0,73.0,0.0,0.0,1.0,186.0,0.0,101450.0
2024-12-31 05:00:00,16.4994924449682,20.5071600591052,0.0,0.08205409356725146,3.7,63,10,4.7,229,6.2,10.1,14.0,0.0,0.0,0.01,4.0,64.0,0.0,0.0,1.0,180.0,0.0,101410.0
2024-12-31 06:00:00,16.7304462509629,20.9819114267551,0.0,0.08223684210526315,3.9,62,3,6.9,222,6.0,10.0,14.0,0.0,0.0,0.01,7.0,73.0,0.0,0.0,2.0,222.0,0.0,101430.0
2024-12-31 07:00:00,16.5236931157414,20.6078215582506,0.0,0.08241959064327485,4.7,58,0,8.3,218,6.0,9.8,14.0,0.0,0.0,0.02,7.0,69.0,0.0,0.0,2.0,228.0,0.0,101460.0
2024-12-31 08:00:00,16.4375485508194,20.7132094060397,0.0,0.08260233918128654,6.0,59,1,8.1,224,6.1,9.7,13.9,0.0,0.0,0.03,6.0,74.0,327.0,0.0,0.0,234.0,0.0,101520.0
2024-12-31 09:00:00,16.623182879288,20.7250430890446,0.0,0.08278508771929824,9.4,53,15,9.1,242,7.2,9.6,13.9,0.0,0.0,0.09,7.0,72.0,6841.0,0.0,2.0,222.0,0.0,101530.0
2024-12-31 10:00:00,16.7943177058142,20.548269973026,0.0,0.08296783625730994,12.1,48,13,8.4,246,8.8,9.6,13.9,0.0,0.0,0.16,8.0,68.0,8588.0,1.0,2.0,222.0,0.0,101590.0
2024-12-31 11:00:00,16.8083495897503,20.795479270515,0.0,0.08315058479532163,14.0,48,16,7.9,272,10.5,9.7,13.9,0.0,0.0,0.23,12.0,54.0,31890.0,2.0,3.0,246.0,0.0,101570.0
2024-12-31 12:00:00,16.8302056498706,20.7836315753367,0.0,0.08333333333333333,14.8,52,7,5.3,309,12.2,9.9,13.9,0.0,0.0,0.26,13.0,53.0,27908.0,1.0,2.0,306.0,0.0,101540.0
2024-12-31 13:00:00,16.9276581940866,20.8299645054508,0.0,0.08351608187134503,15.3,52,25,2.8,344,14.1,10.5,13.9,0.0,0.0,0.25,15.0,54.0,25688.0,1.0,0.0,10.0,0.0,101450.0
2024-12-31 14:00:00,17.0586731049862,20.6462672921665,0.0,0.08369883040935672,15.3,48,40,4.5,2,14.6,10.8,13.9,0.0,0.0,0.21,16.0,46.0,51388.0,3.0,2.0,141.0,0.0,101370.0
2024-12-31 15:00:00,17.043477118655,20.6207527514482,0.0,0.08388157894736842,14.9,49,23,8.4,12,14.5,11.1,13.9,0.0,0.0,0.18,15.0,56.0,27421.0,1.0,3.0,52.0,0.0,101330.0
2024-12-31 16:00:00,17.1050186160381,20.7951975094333,0.0,0.08406432748538012,14.1,54,25,8.7,35,14.0,11.3,13.9,0.0,0.0,0.12,15.0,52.0,9358.0,0.0,3.0,65.0,0.0,101340.0
2024-12-31 17:00:00,17.102786323125,20.5807252148484,0.0,0.0842470760233918,11.9,67,30,8.1,56,13.0,11.5,13.9,0.0,0.0,0.04,14.0,52.0,4544.0,0.0,2.0,36.0,0.0,101380.0
2024-12-31 18:00:00,17.3690347561504,20.6219534959621,0.0,0.08442982456140351,10.2,76,10,7.4,73,11.9,11.6,13.9,0.0,0.0,0.01,13.0,57.0,0.0,0.0,0.0,48.0,0.0,101410.0
2024-12-31 19:00:00,17.3283244161569,20.5650317684927,0.0,0.0846125730994152,9.4,79,17,5.5,77,10.8,11.6,13.9,0.0,0.0,0.0,11.0,62.0,0.0,0.0,0.0,182.0,0.0,101450.0
2024-12-31 20:00:00,17.3429366586783,20.4394285933186,0.0,0.0847953216374269,8.7,80,9,4.6,109,9.9,11.6,13.9,0.0,0.0,0.0,9.0,68.0,0.0,0.0,0.0,186.0,0.0,101480.0
2024-12-31 21:00:00,17.2947171461185,20.6722019579782,0.0,0.0849780701754386,8.2,80,26,2.7,100,9.1,11.5,13.9,0.0,0.0,0.0,6.0,71.0,0.0,0.0,0.0,167.0,0.0,101500.0
2024-12-31 22:00:00,17.4711106699133,20.5135316121501,0.0,0.08516081871345028,8.5,79,5,1.3,72,8.6,11.4,13.9,0.0,0.0,0.0,6.0,75.0,0.0,0.0,0.0,186.0,0.0,101520.0
2024-12-31 23:00:00,17.5638941790681,20.5200777796076,0.0,0.08534356725146199,7.7,81,7,0.4,48,8.0,11.2,13.9,0.0,0.0,0.0,5.0,70.0,0.0,0.0,0.0,186.0,0.0,101510.0
2025-01-01 00:00:00,17.4311089745252,20.5605160863165,0.0,0.08552631578947367,7.1,83,11,1.1,12,7.6,11.1,13.9,0.0,0.0,0.0,4.0,80.0,0.0,0.0,0.0,204.0,0.0,101510.0
2025-01-01 01:00:00,17.4396856036389,20.40430806588,0.0,0.08570906432748537,5.4,79,2,4.2,283,7.0,11.0,13.9,0.0,0.0,0.0,4.0,76.0,0.0,0.0,1.0,174.0,0.0,101490.0
2025-01-01 02:00:00,17.5729491945008,20.531210714245,0.0,0.08589181286549707,4.9,80,10,6.1,257,6.8,10.8,13.9,0.0,0.0,0.0,4.0,72.0,0.0,0.0,1.0,174.0,0.0,101470.0
2025-01-01 03:00:00,17.4519848178813,20.5340018488222,0.0,0.08607456140350876,5.2,78,0,6.9,250,6.7,10.6,13.8,0.0,0.0,0.0,2.0,78.0,0.0,0.0,1.0,180.0,0.0,101460.0
2025-01-01 04:00:00,17.5521489537732,20.3963949805532,0.0,0.08625730994152046,4.7,78,0,6.2,249,6.4,10.4,13.8,0.0,0.0,0.0,2.0,80.0,0.0,0.0,0.0,192.0,0.0,101470.0
2025-01-01 05:00:00,17.6702942758178,20.3628871734568,0.0,0.08644005847953216,4.5,76,9,6.7,225,6.2,10.3,13.8,0.0,0.0,0.0,1.0,77.0,0.0,0.0,1.0,166.0,0.0,101460.0
2025-01-01 06:00:00,17.7373786132232,20.5026780846401,0.0,0.08662280701754385,4.3,76,3,6.4,218,5.9,10.1,13.8,0.0,0.0,0.0,4.0,69.0,0.0,0.0,2.0,174.0,0.0,101440.0
2025-01-01 07:00:00,17.7101956178323,20.4156549450248,0.0,0.08680555555555555,4.0,81,6,6.2,220,5.7,9.9,13.8,0.0,0.0,0.0,4.0,74.0,0.0,0.0,0.0,246.0,0.0,101470.0
2025-01-01 08:00:00,17.6044402511975,20.4681739455821,0.0,0.08698830409356725,5.6,77,42,7.5,219,5.8,9.7,13.8,0.0,0.0,0.02,3.5,75.5,445.5,0.0,1.0,225.0,0.0,101480.0
2025-01-01 09:00:00,17.6483610402657,20.5498816651391,0.0,0.08717105263157894,9.0,72,100,9.4,228,7.0,9.6,13.8,0.0,0.0,0.07,3.0,77.0,891.0,0.0,2.0,204.0,0.0,101490.0
2025-01-01 10:00:00,17.6462694552706,20.3502025152848,0.0,0.08735380116959064,11.9,65,79,7.7,239,8.7,9.6,13.8,0.0,0.0,0.14,6.0,71.0,6528.0,0.0,0.0,198.0,0.0,101520.0
2025-01-01 11:00:00,17.6873677734193,20.4170961261578,0.0,0.08753654970760233,13.7,59,1,4.0,265,10.6,9.7,13.8,0.0,0.0,0.21,8.0,72.0,11197.0,1.0,1.0,294.0,0.0,101570.0
2025-01-01 12:00:00,17.6461741028667,20.2412194298882,0.0,0.08771929824561403,14.8,56,1,6.1,27,12.3,9.9,13.8,0.0,0.0,0.26,11.0,63.0,17801.0,1.0,2.0,270.0,0.0,101550.0
2025-01-01 13:00:00,17.7251530461485,20.3829740760811,0.0,0.08790204678362573,15.3,56,10,11.3,47,13.1,10.4,13.8,0.0,0.0,0.27,13.0,62.0,42124.0,2.0,1.0,300.0,0.0,101520.0
2025-01-01 14:00:00,17.7716254099346,20.0640173153206,0.0,0.08808479532163742,15.0,57,75,13.1,43,13.7,10.6,13.8,0.0,0.0,0.23,15.0,61.0,46206.0,2.0,0.0,283.0,0.0,101430.0
2025-01-01 15:00:00,17.9743299427907,20.3037434361618,0.0,0.08826754385964912,14.7,58,100,13.0,43,13.9,10.9,13.7,0.0,0.0,0.19,15.0,62.0,21218.0,1.0,2.0,37.0,0.0,101360.0
2025-01-01 16:00:00,18.059207441715,20.2720803777317,0.0,0.0884502923976608,13.5,66,100,11.8,39,13.6,11.1,13.7,0.0,0.0,0.1,14.0,69.0,9489.0,1.0,5.0,24.0,0.0,101360.0
2025-01-01 17:00:00,17.9147480790464,20.1047056448693,0.0,0.08863304093567251,12.1,77,63,7.8,14,12.9,11.3,13.7,0.0,0.0,0.04,15.0,63.0,8732.0,0.0,3.0,60.0,0.0,101360.0
2025-01-01 18:00:00,18.1290933384524,20.3658964463786,0.0,0.08881578947368421,10.6,88,63,2.1,5,11.9,11.4,13.7,0.0,0.0,0.01,14.0,69.0,2540.0,0.0,4.0,342.0,0.0,101370.0
2025-01-01 19:00:00,17.9130145608892,20.2491029129154,0.0,0.0889985380116959,10.2,87,67,0.6,350,11.0,11.5,13.7,0.1,0.1,0.0,12.0,75.0,0.0,0.0,1.0,6.0,0.0,101400.0
2025-01-01 20:00:00,18.024073977098,20.4460913935587,0.0,0.0891812865497076,9.9,86,71,1.1,50,10.5,11.5,13.7,0.2,0.2,0.0,11.0,89.0,0.0,0.0,2.0,6.0,3.0,101460.0
2025-01-01 21:00:00,17.8241327359631,20.3682891907711,0.0,0.0893640350877193,9.8,89,44,3.5,240,10.2,11.4,13.7,0.1,0.1,0.0,10.0,91.0,0.0,0.0,0.0,180.0,2.0,101500.0
2025-01-01 22:00:00,18.078751907183,20.3708906708691,0.0,0.08954678362573099,8.7,90,34,3.7,232,9.6,11.4,13.7,0.1,0.1,0.0,11.0,92.0,0.0,0.0,2.0,216.0,0.0,101500.0
2025-01-01 23:00:00,18.2725257752501,20.3073062237238,0.0,0.08972953216374269,8.4,91,40,5.5,238,9.0,11.3,13.7,0.0,0.0,0.0,11.0,93.0,0.0,0.0,0.0,54.0,0.0,101520.0
2025-01-02 00:00:00,18.1479767152949,20.2315434645599,0.0,0.08991228070175439,8.1,93,22,6.4,234,8.7,11.2,13.7,0.0,0.0,0.0,11.0,93.0,0.0,0.0,2.0,240.0,13.0,101550.0
2025-01-02 01:00:00,18.0084519466672,20.3126750312325,0.0,0.09009502923976608,7.3,96,22,6.7,222,9.0,11.2,13.7,0.0,0.0,0.0,10.0,93.0,0.0,0.0,0.0,180.0,2.0,101560.0
2025-01-02 02:00:00,18.2385492406207,20.2525504023239,0.0,0.09027777777777778,6.8,96,54,7.1,223,8.4,11.1,13.7,0.0,0.0,0.0,9.0,94.0,0.0,0.0,0.0,240.0,0.0,101550.0
2025-01-02 03:00:00,18.2488555016998,20.5173120763205,0.0,0.09046052631578946,6.2,96,75,6.6,226,7.9,10.9,13.7,0.0,0.0,0.0,9.0,95.0,0.0,0.0,1.0,204.0,0.0,101530.0
2025-01-02 04:00:00,18.2692239391765,20.3961645515352,0.0,0.09064327485380116,5.7,98,91,7.7,231,7.5,10.8,13.7,0.0,0.0,0.0,8.0,95.0,0.0,0.0,0.0,210.0,0.0,101520.0
2025-01-02 05:00:00,18.2521963393975,20.4048457777671,0.0,0.09082602339181287,5.3,100,100,8.7,222,7.3,10.6,13.7,0.0,0.0,0.0,6.0,95.0,0.0,0.0,0.0,188.0,0.0,101510.0
2025-01-02 06:00:00,18.447614495619,20.6179351371371,0.0,0.09100877192982455,5.2,100,99,9.0,219,7.2,10.5,13.7,0.0,0.0,0.0,6.0,95.0,0.0,0.0,1.0,180.0,0.0,101500.0
2025-01-02 07:00:00,18.2449251533194,20.4142182486132,0.0,0.09119152046783625,5.4,100,97,9.4,223,7.1,10.4,13.7,0.0,0.0,0.0,6.0,94.0,0.0,0.0,1.0,192.0,0.0,101520.0
2025-01-02 08:00:00,18.4717288676243,20.6624613694396,0.0,0.09137426900584794,6.0,97,24,9.4,225,7.1,10.2,13.7,0.0,0.0,0.01,6.0,94.0,0.0,0.0,1.0,186.0,0.0,101580.0
2025-01-02 09:00:00,18.3678456436054,20.2546647135634,0.0,0.09155701754385964,8.5,91,29,9.6,232,7.9,10.1,13.7,0.0,0.0,0.04,6.0,94.0,1955.0,0.0,0.0,186.0,0.0,101620.0
2025-01-02 10:00:00,18.2014589911598,20.5052403530298,0.0,0.09173976608187134,11.0,87,26,9.6,233,9.4,10.1,13.7,0.0,0.0,0.11,7.0,95.0,6003.0,0.0,0.0,239.0,0.0,101700.0
2025-01-02 11:00:00,18.4436223502746,20.373737111072,0.0,0.09192251461988303,13.4,74,3,10.6,256,11.0,10.2,13.7,0.0,0.0,0.19,11.0,89.0,19511.0,1.0,2.0,239.0,0.0,101750.0
2025-01-02 12:00:00,18.2973090769967,20.4321944665492,0.0,0.09210526315789473,14.8,63,4,6.8,270,12.6,10.4,13.7,0.0,0.0,0.26,12.0,82.0,19802.0,1.0,2.0,276.0,0.0,101770.0
2025-01-02 13:00:00,18.4853245141739,20.3670926266006,0.0,0.09228801169590643,15.9,59,1,3.7,299,14.5,10.7,13.6,0.0,0.0,0.26,14.0,72.0,44928.0,2.0,2.0,234.0,0.0,101680.0
2025-01-02 14:00:00,18.5460246943149,20.3513362501635,0.0,0.09247076023391812,16.4,56,2,4.4,335,15.2,11.0,13.6,0.0,0.0,0.26,15.0,61.0,44847.0,2.0,1.0,198.0,0.0,101570.0
2025-01-02 15:00:00,18.4683225477582,20.3480194111931,0.0,0.09265350877192982,16.2,55,1,5.8,1,15.4,11.3,13.6,0.0,0.0,0.2,17.0,55.0,30372.0,2.0,0.0,96.0,0.0,101490.0
2025-01-02 16:00:00,18.5093505189743,20.4146550401635,0.0,0.09283625730994152,15.3,63,0,6.9,27,15.0,11.6,13.6,0.0,0.0,0.12,18.0,53.0,25339.0,1.0,0.0,184.0,0.0,101450.0
2025-01-02 17:00:00,18.5917300156963,20.4241834405364,0.0,0.09301900584795321,12.2,78,0,6.3,52,13.9,11.8,13.6,0.0,0.0,0.03,16.0,62.0,8890.0,1.0,3.0,24.0,0.0,101500.0
2025-01-02 18:00:00,18.6319107408985,20.3010448499597,0.0,0.09320175438596491,10.5,84,0,4.7,67,12.4,11.9,13.6,0.0,0.0,0.02,14.0,71.0,2540.0,0.0,2.0,48.0,0.0,101510.0
2025-01-02 19:00:00,18.7500972041167,20.2906858340654,0.0,0.0933845029239766,10.0,83,0,3.1,91,11.2,11.9,13.6,0.0,0.0,0.0,12.0,81.0,0.0,0.0,0.0,91.0,0.0,101560.0
2025-01-02 20:00:00,18.6028687129068,20.5380596942232,0.0,0.0935672514619883,9.1,85,0,2.0,113,10.3,11.9,13.6,0.0,0.0,0.0,10.0,87.0,0.0,0.0,2.0,148.0,0.0,101600.0
2025-01-02 21:00:00,18.950414942188,20.4240750456576,0.0,0.09375,8.4,86,0,1.2,50,9.5,11.8,13.6,0.0,0.0,0.0,10.0,83.0,0.0,0.0,0.0,156.0,0.0,101620.0
2025-01-02 22:00:00,18.8265339242062,20.4881165044367,0.0,0.09393274853801169,8.1,87,0,1.9,27,8.9,11.7,13.6,0.0,0.0,0.0,8.0,87.0,0.0,0.0,0.0,198.0,0.0,101610.0
2025-01-02 23:00:00,18.7874446271529,20.416776190183,0.0,0.09411549707602339,7.5,87,0,2.8,184,8.5,11.5,13.6,0.0,0.0,0.0,7.0,92.0,0.0,0.0,0.0,192.0,0.0,101630.0
2025-01-03 00:00:00,19.0031336321951,20.5581717088322,0.0,0.09429824561403508,6.9,88,0,4.0,222,8.1,11.4,13.6,0.0,0.0,0.0,6.0,92.0,0.0,0.0,0.0,168.0,0.0,101630.0
2025-01-03 01:00:00,18.7156326290144,20.4124170919171,0.0,0.09448099415204678,6.4,89,0,5.1,234,7.8,11.3,13.6,0.0,0.0,0.0,6.0,92.0,0.0,0.0,0.0,192.0,0.0,101610.0
2025-01-03 02:00:00,18.7159560227843,20.4587261020728,0.0,0.09466374269005848,6.0,90,0,5.6,229,7.5,11.2,13.6,0.0,0.0,0.0,7.0,93.0,0.0,0.0,0.0,198.0,0.0,101600.0
2025-01-03 03:00:00,18.989761688576,20.5190394376803,0.0,0.09484649122807016,5.8,90,0,5.6,226,7.4,11.0,13.6,0.0,0.0,0.0,6.0,94.0,0.0,0.0,1.0,192.0,0.0,101580.0
2025-01-03 04:00:00,19.1435098198911,20.3849993632573,0.0,0.09502923976608187,5.9,87,0,6.3,219,7.2,10.8,13.6,0.0,0.0,0.0,5.0,94.0,0.0,0.0,1.0,176.0,0.0,101590.0
2025-01-03 05:00:00,18.8623717726589,20.3587647814884,0.0,0.09521198830409357,5.7,86,0,6.2,221,7.0,10.6,13.6,0.0,0.0,0.0,5.0,94.0,0.0,0.0,0.0,180.0,0.0,101540.0
2025-01-03 06:00:00,18.9644373124141,20.3160791250061,0.0,0.09539473684210525,5.5,85,0,6.7,231,6.9,10.5,13.6,0.0,0.0,0.0,6.0,92.0,0.0,0.0,0.0,186.0,0.0,101490.0
2025-01-03 07:00:00,18.9342317327137,20.3660952747972,0.0,0.09557748538011696,5.6,83,0,7.7,237,6.7,10.3,13.6,0.0,0.0,0.0,6.0,91.0,0.0,0.0,1.0,228.0,0.0,101460.0
2025-01-03 08:00:00,19.0719847622848,20.4510474508803,0.0,0.09576023391812866,6.9,77,0,8.0,241,6.8,10.2,13.6,0.0,0.0,0.02,5.0,91.0,0.0,0.0,2.0,252.0,0.0,101460.0
2025-01-03 09:00:00,19.0927236213701,20.4432824684751,0.0,0.09594298245614034,10.7,67,0,10.0,244,7.9,10.1,13.6,0.0,0.0,0.08,7.0,85.0,3023.0,0.0,2.0,246.0,0.0,101510.0
2025-01-03 10:00:00,18.8820750645252,20.3183377278365,0.0,0.09612573099415204,13.7,58,4,10.5,252,9.6,10.1,13.6,0.0,0.0,0.17,9.0,81.0,8189.0,0.0,2.0,240.0,0.0,101560.0
2025-01-03 11:00:00,19.1440060863811,20.2835324307481,0.0,0.09630847953216373,15.9,49,0,11.6,258,11.4,10.2,13.6,0.0,0.0,0.26,11.0,66.0,25677.0,1.0,4.0,258.0,0.0,101630.0
2025-01-03 12:00:00,19.0043747025054,20.1990112316243,0.0,0.09649122807017543,17.3,44,13,11.2,260,13.0,10.4,13.6,0.0,0.0,0.31,13.0,56.0,39736.0,3.0,5.0,282.0,0.0,101590.0
2025-01-03 13:00:00,19.1182172795718,20.2019404256129,0.0,0.09667397660818713,18.6,40,7,11.0,256,14.4,10.7,13.6,0.0,0.0,0.33,15.0,48.0,46343.0,1.0,5.0,287.0,0.0,101490.0
2025-01-03 14:00:00,19.1536719812863,20.448304302231,0.0,0.09685672514619882,19.1,36,2,11.1,255,15.2,11.0,13.6,0.0,0.0,0.32,17.0,45.0,45229.0,3.0,2.0,265.0,0.0,101400.0
2025-01-03 15:00:00,19.2588000852059,20.2276958188555,0.0,0.09703947368421052,19.3,37,5,8.7,265,15.5,11.3,13.6,0.0,0.0,0.25,18.0,40.0,35877.0,2.0,3.0,238.0,0.0,101300.0
2025-01-03 16:00:00,19.2304050900615,20.1232023008224,0.0,0.09722222222222221,17.5,52,7,4.3,294,15.2,11.6,13.6,0.0,0.0,0.13,19.0,38.0,20865.0,1.0,2.0,244.0,0.0,101280.0
2025-01-03 17:00:00,19.3668977119263,20.1302927923489,0.0,0.09740497076023391,14.7,51,6,0.9,309,13.9,11.8,13.6,0.0,0.0,0.02,19.0,36.0,7495.0,0.0,2.0,300.0,0.0,101300.0
2025-01-03 18:00:00,19.4431364248798,20.2885398710147,0.0,0.09758771929824561,12.7,58,0,0.6,180,12.3,11.9,13.6,0.0,0.0,0.02,15.0,57.0,1333.0,0.0,1.0,64.0,0.0,101310.0
2025-01-03 19:00:00,19.2652224091708,20.3812320521581,0.0,0.0977704678362573,11.5,55,0,2.4,202,11.1,11.9,13.6,0.0,0.0,0.0,11.0,68.0,0.0,0.0,0.0,162.0,0.0,101360.0
2025-01-03 20:00:00,19.2921378258187,20.2903460356135,0.0,0.097953216374269,9.9,55,65,5.8,222,10.1,11.9,13.6,0.0,0.0,0.02,10.0,71.0,0.0,0.0,0.0,180.0,0.0,101400.0
2025-01-03 21:00:00,19.387997316276,20.3205034084659,0.0,0.0981359649122807,9.2,57,64,6.6,227,9.5,11.8,13.6,0.0,0.0,0.02,9.0,67.0,0.0,0.0,1.0,180.0,0.0,101410.0
2025-01-03 22:00:00,19.4042875178126,20.2843158504306,0.0,0.09831871345029239,9.0,58,76,6.6,230,9.1,11.7,13.6,0.0,0.0,0.02,9.0,66.0,0.0,0.0,1.0,176.0,0.0,101430.0
2025-01-03 23:00:00,19.4684171034736,20.1650304957133,0.0,0.09850146198830409,8.8,58,16,6.2,221,8.7,11.5,13.6,0.0,0.0,0.02,8.0,68.0,0.0,0.0,1.0,180.0,0.0,101440.0
2025-01-04 00:00:00,19.2855853260596,20.1804442358954,0.0,0.09868421052631579,9.1,56,29,4.7,225,8.2,11.4,13.6,0.0,0.0,0.01,9.0,65.0,0.0,0.0,1.0,186.0,0.0,101440.0
2025-01-04 01:00:00,19.5077548460815,20.209273801408,0.0,0.09886695906432748,8.2,57,100,7.2,223,7.8,11.3,13.6,0.0,0.0,0.02,8.0,68.0,0.0,0.0,0.0,228.0,0.0,101390.0
2025-01-04 02:00:00,19.6173609014344,20.3095650521699,0.0,0.09904970760233918,7.4,58,100,7.9,221,7.7,11.1,13.6,0.0,0.0,0.02,8.0,68.0,0.0,0.0,2.0,258.0,0.0,101360.0
2025-01-04 03:00:00,19.5069592630318,20.2992639592831,0.0,0.09923245614035087,6.8,61,97,8.4,221,7.6,10.9,13.6,0.0,0.0,0.02,10.0,61.0,0.0,0.0,3.0,258.0,0.0,101340.0
2025-01-04 04:00:00,19.4114426998465,20.3008798368761,0.0,0.09941520467836257,7.0,61,81,9.2,225,7.6,10.8,13.6,0.0,0.0,0.03,8.0,64.0,0.0,0.0,2.0,210.0,0.0,101300.0
2025-01-04 05:00:00,19.4639642322797,20.3162011202331,0.0,0.09959795321637427,6.6,63,7,9.3,224,7.5,10.6,13.6,0.0,0.0,0.02,8.0,61.0,0.0,0.0,2.0,222.0,0.0,101270.0
2025-01-04 06:00:00,19.5885941379959,20.3530636100634,0.0,0.09978070175438596,6.5,63,12,10.1,226,7.3,10.5,13.6,0.0,0.0,0.03,8.0,61.0,0.0,0.0,2.0,222.0,0.0,101240.0
2025-01-04 07:00:00,19.513045149754,20.1781914545675,0.0,0.09996345029239766,6.6,62,31,10.5,227,7.2,10.4,13.6,0.0,0.0,0.03,7.0,64.0,0.0,0.0,2.0,222.0,0.0,101300.0
2025-01-04 08:00:00,19.2439285193953,20.328286476662,0.0,0.10014619883040934,7.6,61,47,10.8,228,7.3,10.2,13.5,0.0,0.0,0.04,8.0,61.0,42.0,0.0,1.0,228.0,0.0,101310.0
2025-01-04 09:00:00,19.3874041899042,20.1559324369377,0.0,0.10032894736842105,11.8,56,97,10.9,233,8.3,10.1,13.5,0.0,0.0,0.1,9.0,55.0,6241.0,0.0,3.0,240.0,0.0,101330.0
2025-01-04 10:00:00,19.6127079470157,20.028694890502,0.0,0.10051169590643275,15.4,48,97,10.6,243,10.0,10.2,13.5,0.0,0.0,0.18,12.0,46.0,13638.0,1.0,3.0,264.0,0.0,101380.0
2025-01-04 11:00:00,19.5917704503957,20.1021923237781,0.0,0.10069444444444443,17.6,38,58,11.5,263,11.8,10.3,13.5,0.0,0.0,0.28,13.0,44.0,13569.0,1.0,3.0,252.0,0.0,101430.0
2025-01-04 12:00:00,19.5114168694484,20.0555176737047,0.0,0.10087719298245613,19.1,33,91,11.7,265,13.4,10.5,13.5,0.0,0.0,0.34,15.0,40.0,41929.0,1.0,2.0,245.0,0.0,101390.0
2025-01-04 13:00:00,19.5591774562648,20.1171131294292,0.0,0.10105994152046784,20.1,31,90,8.8,267,14.6,10.8,13.5,0.0,0.0,0.35,17.0,38.0,38086.0,2.0,3.0,258.0,0.0,101280.0
2025-01-04 14:00:00,19.6733381651608,20.0648008996863,0.0,0.10124269005847952,20.5,30,99,7.7,286,15.5,11.1,13.5,0.0,0.0,0.32,19.0,31.0,45791.0,3.0,2.0,309.0,0.0,101170.0
2025-01-04 15:00:00,19.7615239520429,20.1379030897556,0.0,0.10142543859649122,19.5,34,99,8.1,341,15.8,11.4,13.5,0.0,0.0,0.24,19.0,30.0,43944.0,2.0,2.0,287.0,0.0,101090.0
2025-01-04 16:00:00,19.5505768010892,20.0220192126481,0.0,0.10160818713450293,16.7,49,98,8.0,24,15.3,11.7,13.5,0.0,0.0,0.14,20.0,28.0,21333.0,1.0,2.0,336.0,0.0,101060.0
2025-01-04 17:00:00,19.7723853715452,20.1129414801017,0.0,0.10179093567251461,12.8,67,84,4.6,57,14.0,11.9,13.5,0.0,0.0,0.04,17.0,42.0,6733.0,0.0,3.0,38.0,0.0,101070.0
2025-01-04 18:00:00,19.6062957670011,20.0935576402232,0.0,0.10197368421052631,10.9,70,100,5.1,78,12.4,12.0,13.5,0.0,0.0,0.02,14.0,65.0,648.0,0.0,1.0,65.0,0.0,101100.0
2025-01-04 19:00:00,19.5224948235269,20.1345811462192,0.0,0.102156432748538,10.0,68,17,4.4,102,11.2,12.0,13.5,0.0,0.0,0.0,12.0,74.0,0.0,0.0,1.0,132.0,0.0,101120.0
2025-01-04 20:00:00,19.8195149935692,20.2514401648881,0.0,0.1023391812865497,9.4,67,11,2.7,123,10.2,12.0,13.5,0.0,0.0,0.0,12.0,78.0,0.0,0.0,2.0,138.0,0.0,101130.0
2025-01-04 21:00:00,19.7072507320665,20.250120370598,0.0,0.1025219298245614,9.1,67,97,1.6,120,9.4,11.9,13.5,0.0,0.0,0.0,9.0,81.0,0.0,0.0,1.0,166.0,0.0,101140.0
2025-01-04 22:00:00,19.7507202705109,20.1651241863306,0.0,0.10270467836257309,9.0,67,95,1.5,132,8.8,11.7,13.5,0.0,0.0,0.0,10.0,71.0,0.0,0.0,2.0,173.0,0.0,101110.0
2025-01-04 23:00:00,19.7814363753315,20.3070434044164,0.0,0.10288742690058479,8.8,68,99,2.6,151,8.4,11.6,13.5,0.0,0.0,0.0,9.0,81.0,0.0,0.0,1.0,258.0,0.0,101110.0
2025-01-05 00:00:00,19.6913763472104,20.2685771899085,0.0,0.10307017543859648,8.2,70,100,4.2,187,8.0,11.4,13.5,0.0,0.0,0.0,9.0,75.0,0.0,0.0,0.0,228.0,0.0,101070.0
2025-01-05 01:00:00,19.8624139469638,20.0832738202159,0.0,0.10325292397660818,7.6,65,100,5.3,201,7.2,11.3,13.5,0.0,0.0,0.01,8.0,76.0,0.0,0.0,1.0,168.0,0.0,101010.0
2025-01-05 02:00:00,19.8911847004345,19.99620330203,0.0,0.10343567251461988,7.4,60,100,5.5,216,7.2,11.1,13.5,0.0,0.0,0.01,8.0,70.0,0.0,0.0,1.0,176.0,0.0,100960.0
2025-01-05 03:00:00,19.7835714934273,20.2162023811545,0.0,0.10361842105263157,7.3,54,100,5.9,223,7.2,10.9,13.5,0.0,0.0,0.02,7.0,76.0,0.0,0.0,1.0,180.0,0.0,100920.0
2025-01-05 04:00:00,19.8481563465104,20.0837729005297,0.0,0.10380116959064327,6.9,50,100,6.2,235,7.1,10.7,13.5,0.0,0.0,0.02,7.0,75.0,0.0,0.0,1.0,180.0,0.0,100870.0
2025-01-05 05:00:00,19.9180591619485,19.9584060266531,0.0,0.10398391812865497,6.9,49,100,6.6,243,7.0,10.5,13.5,0.0,0.0,0.02,9.0,66.0,0.0,0.0,2.0,210.0,0.0,100810.0
2025-01-05 06:00:00,20.0560105070053,20.1186217911111,0.0,0.10416666666666666,7.2,50,100,6.6,248,7.0,10.4,13.5,0.0,0.0,0.03,8.0,70.0,0.0,0.0,0.0,216.0,0.0,100800.0
2025-01-05 07:00:00,19.6968776711661,20.2488456403065,0.0,0.10434941520467836,7.1,52,100,6.6,252,7.0,10.2,13.5,0.0,0.0,0.02,9.0,66.0,0.0,0.0,1.0,234.0,0.0,100790.0
2025-01-05 08:00:00,19.8808336599746,20.0921841096333,0.0,0.10453216374269006,7.7,57,100,6.1,247,7.1,10.1,13.5,0.0,0.0,0.04,9.0,62.0,134.0,0.0,1.0,222.0,0.0,100780.0
2025-01-05 09:00:00,19.8088898741226,19.982102377387,0.0,0.10471491228070175,11.0,54,100,7.1,248,8.0,10.0,13.5,0.0,0.0,0.08,8.0,65.0,7060.0,0.0,2.0,228.0,0.0,100810.0
2025-01-05 10:00:00,19.6999641528667,19.9100565845463,0.0,0.10489766081871345,14.0,46,100,8.2,254,9.5,10.0,13.5,0.0,0.0,0.16,10.0,59.0,15611.0,1.0,3.0,198.0,0.0,100800.0
2025-01-05 11:00:00,20.0054870822152,19.9457590617731,0.0,0.10508040935672514,16.1,41,100,6.4,278,11.1,10.1,13.5,0.0,0.0,0.21,14.0,45.0,30219.0,2.0,2.0,233.0,0.0,100790.0
2025-01-05 12:00:00,19.9891069816247,19.9040421718738,0.0,0.10526315789473684,16.9,40,100,6.8,285,12.2,10.3,13.5,0.0,0.0,0.21,15.0,42.0,25082.0,1.0,3.0,256.0,0.0,100720.0
2025-01-05 13:00:00,19.8632486837022,20.0827071406534,0.0,0.10544590643274854,17.6,39,100,5.9,295,13.1,10.7,13.5,0.0,0.0,0.21,16.0,38.0,55106.0,2.0,3.0,250.0,0.0,100610.0
2025-01-05 14:00:00,19.7040479097057,20.1066257372055,0.0,0.10562865497076022,18.8,36,100,4.5,320,14.3,10.9,13.5,0.0,0.0,0.26,18.0,33.0,47806.0,3.0,2.0,228.0,0.0,100470.0
2025-01-05 15:00:00,20.0292364105011,19.9654912294429,0.0,0.10581140350877193,18.5,42,100,2.8,322,14.7,11.2,13.5,0.0,0.0,0.17,20.0,31.0,35210.0,2.0,3.0,232.0,0.0,100380.0
2025-01-05 16:00:00,19.8904945946727,19.8457775750828,0.0,0.10599415204678361,17.2,59,99,2.8,40,14.6,11.4,13.5,0.0,0.0,0.1,20.0,29.0,17667.0,1.0,2.0,216.0,0.0,100330.0
2025-01-05 17:00:00,19.9952988162764,20.0155796787226,0.0,0.10617690058479531,14.1,61,96,3.4,77,13.6,11.6,13.5,0.0,0.0,0.04,19.0,32.0,7456.0,0.0,1.0,138.0,0.0,100330.0
2025-01-05 18:00:00,19.9184767661009,20.0748078774245,0.0,0.10635964912280702,12.2,66,75,1.1,175,12.1,11.7,13.5,0.0,0.0,0.01,16.0,42.0,267.0,0.0,1.0,174.0,0.0,100320.0
2025-01-05 19:00:00,20.1348602272776,19.9677817516671,0.0,0.1065423976608187,10.1,60,77,4.1,200,10.9,11.8,13.5,0.0,0.0,0.01,14.0,46.0,0.0,0.0,2.0,170.0,0.0,100360.0
2025-01-05 20:00:00,19.9246735717684,20.0148407829611,0.0,0.1067251461988304,9.6,47,9,8.7,209,10.1,11.7,13.5,0.0,0.0,0.04,10.0,55.0,0.0,0.0,1.0,192.0,0.0,100360.0
2025-01-05 21:00:00,20.0332574002629,19.9191199457138,0.0,0.1069078947368421,11.2,40,18,10.8,211,9.8,11.6,13.5,0.0,0.0,0.06,8.0,61.0,0.0,0.0,2.0,186.0,0.0,100370.0
2025-01-05 22:00:00,19.6893985245255,20.0436993236993,0.0,0.10709064327485379,11.2,42,90,10.4,212,9.6,11.6,13.5,0.0,0.0,0.06,9.0,56.0,0.0,0.0,1.0,186.0,0.0,100410.0
2025-01-05 23:00:00,19.9406309778586,19.9611136224356,0.0,0.10727339181286549,11.1,45,30,9.9,215,9.4,11.5,13.5,0.0,0.0,0.05,9.0,51.0,0.0,0.0,0.0,156.0,0.0,100400.0
2025-01-06 00:00:00,20.2090864262135,19.8860266098489,0.0,0.1074561403508772,12.4,43,19,12.4,213,9.4,11.4,13.5,0.0,0.0,0.07,12.0,43.0,0.0,0.0,1.0,222.0,0.0,100350.0
2025-01-06 01:00:00,19.8563098277614,19.8410367054646,0.0,0.10763888888888888,10.4,50,10,9.4,203,9.6,11.5,13.5,0.0,0.0,0.04,11.0,48.0,0.0,0.0,2.0,198.0,0.0,100330.0
2025-01-06 02:00:00,19.911239870031,19.948043527195,0.0,0.10782163742690058,12.0,46,59,11.4,211,9.5,11.4,13.5,0.0,0.0,0.06,12.0,44.0,0.0,0.0,1.0,192.0,0.0,100240.0
2025-01-06 03:00:00,20.0255532455996,20.0672775870506,0.0,0.10800438596491227,14.0,42,100,12.4,212,9.9,11.3,13.5,0.0,0.0,0.08,12.0,45.0,0.0,0.0,2.0,234.0,0.0,100170.0
2025-01-06 04:00:00,19.9731153875633,19.9033127412249,0.0,0.10818713450292397,15.3,36,63,14.9,213,10.5,11.3,13.5,0.0,0.0,0.11,12.0,48.0,0.0,0.0,2.0,168.0,0.0,100110.0
2025-01-06 05:00:00,20.1039671406127,19.9396679354863,0.0,0.10836988304093567,14.0,37,94,12.2,213,10.6,11.3,13.5,0.0,0.0,0.08,12.0,48.0,0.0,0.0,2.0,258.0,0.0,100050.0
2025-01-06 06:00:00,20.0555596271297,19.8821408528493,0.0,0.10855263157894736,13.8,35,97,13.9,221,10.6,11.3,13.5,0.0,0.0,0.1,14.0,43.0,0.0,0.0,3.0,294.0,0.0,100050.0
2025-01-06 07:00:00,20.2706645078307,19.7341944998856,0.0,0.10873538011695906,13.9,33,100,15.2,226,10.7,11.3,13.5,0.0,0.0,0.11,14.0,39.0,0.0,0.0,4.0,282.0,0.0,100110.0
2025-01-06 08:00:00,20.0363137912827,19.8931318572228,0.0,0.10891812865497075,13.5,36,100,20.3,230,10.9,11.3,13.5,0.0,0.0,0.14,14.0,39.0,264.0,0.0,2.0,276.0,0.0,100190.0
2025-01-06 09:00:00,20.1125273652094,19.9493808149381,0.0,0.10910087719298245,14.1,44,91,29.0,227,11.3,11.3,13.5,0.0,0.0,0.17,12.0,59.0,1603.0,0.0,2.0,210.0,0.0,100290.0
2025-01-06 10:00:00,20.027104430764,19.7814739706447,0.0,0.10928362573099415,15.6,49,99,23.8,226,12.0,11.4,13.5,0.2,0.2,0.2,13.0,68.0,5126.0,0.0,3.0,246.0,0.0,100330.0
2025-01-06 11:00:00,20.038340510544,19.8762887300129,0.0,0.10946637426900584,17.3,44,75,29.7,224,13.1,11.5,13.5,0.0,0.0,0.28,11.0,84.0,11292.0,1.0,4.0,228.0,2.0,100400.0
2025-01-06 12:00:00,20.0757156708811,20.0509664021426,0.0,0.10964912280701754,18.2,44,92,30.3,223,14.3,11.7,13.5,0.0,0.0,0.34,14.0,69.0,11088.0,1.0,4.0,217.0,1.0,100210.0
2025-01-06 13:00:00,20.0162067269769,19.8501509429027,0.0,0.10983187134502924,17.2,50,99,28.6,226,13.8,12.1,13.5,0.0,0.0,0.26,14.0,77.0,25271.0,1.0,3.0,276.0,0.0,100220.0
2025-01-06 14:00:00,20.2828844168502,19.9077110575832,0.0,0.11001461988304093,17.7,50,94,27.1,230,14.5,12.2,13.5,0.0,0.0,0.26,16.0,64.0,38290.0,2.0,5.0,282.0,0.0,100190.0
2025-01-06 15:00:00,20.0807461800386,20.0062477504409,0.0,0.11019736842105263,18.0,50,96,25.5,236,14.8,12.4,13.5,0.0,0.0,0.23,17.0,57.0,26669.0,1.0,4.0,246.0,0.0,100180.0
2025-01-06 16:00:00,20.2997138110697,19.8537543064123,0.0,0.11038011695906433,14.6,67,82,14.4,264,14.6,12.6,13.5,0.9,0.9,0.11,16.0,64.0,13896.0,1.0,5.0,284.0,0.0,100250.0
2025-01-06 17:00:00,20.1722140438418,20.1325037574152,0.0,0.11056286549707602,12.1,81,52,3.3,265,13.7,12.7,13.5,0.0,0.0,0.03,15.0,68.0,3448.0,0.0,4.0,294.0,0.0,100280.0
2025-01-06 18:00:00,20.1345941746548,19.7356075742573,0.0,0.11074561403508772,11.1,86,2,9.7,188,12.6,12.7,13.5,0.0,0.0,0.02,14.0,78.0,78.0,0.0,3.0,258.0,0.0,100410.0
2025-01-06 19:00:00,20.2303694026375,19.9604382388993,0.0,0.1109283625730994,10.5,87,21,7.3,227,11.7,12.7,13.5,0.0,0.0,0.0,12.0,84.0,0.0,0.0,2.0,228.0,0.0,100520.0
2025-01-06 20:00:00,20.0873341439152,19.9657156176913,0.0,0.1111111111111111,11.1,80,8,9.6,222,11.2,12.6,13.5,0.0,0.0,0.01,11.0,88.0,0.0,0.0,0.0,318.0,0.0,100630.0
2025-01-06 21:00:00,20.128557688239,19.6939812358392,0.0,0.1112938596491228,10.8,80,10,10.8,217,10.8,12.6,13.5,0.0,0.0,0.01,11.0,82.0,0.0,0.0,2.0,270.0,0.0,100680.0
2025-01-06 22:00:00,20.1141632265247,19.8982931417169,0.0,0.1114766081871345,10.6,80,13,10.8,221,10.5,12.4,13.5,0.0,0.0,0.01,10.0,89.0,0.0,0.0,2.0,198.0,0.0,100760.0
2025-01-06 23:00:00,20.1820310658184,19.8850119077932,0.0,0.1116593567251462,10.5,82,4,11.9,222,10.3,12.3,13.5,0.0,0.0,0.01,10.0,85.0,0.0,0.0,1.0,192.0,0.0,100820.0
2025-01-07 00:00:00,20.0215740795981,20.073044852581,0.0,0.11184210526315788,10.3,84,10,12.9,220,10.2,12.2,13.5,0.0,0.0,0.01,10.0,81.0,0.0,0.0,2.0,216.0,0.0,100860.0
2025-01-07 01:00:00,20.1948848669508,20.1138133704765,0.0,0.11202485380116958,10.8,82,5,10.6,225,11.5,12.5,13.6,0.0,0.0,0.01,10.0,83.0,0.0,0.0,1.0,228.0,0.0,100890.0
2025-01-07 02:00:00,20.1083158623227,20.030499883661,0.0,0.11220760233918128,10.5,82,15,8.6,229,11.0,12.5,13.6,0.0,0.0,0.0,10.0,81.0,0.0,0.0,0.0,288.0,0.0,100890.0
2025-01-07 03:00:00,20.2972449276181,19.7060100740331,0.0,0.11239035087719297,10.4,79,29,8.3,226,10.5,12.4,13.6,0.1,0.1,0.01,9.0,84.0,0.0,0.0,2.0,252.0,0.0,100950.0
2025-01-07 04:00:00,20.3495646690428,19.8749559061998,0.0,0.11257309941520467,10.3,81,22,8.5,227,10.3,12.3,13.6,0.0,0.0,0.0,11.0,77.0,0.0,0.0,3.0,192.0,0.0,100960.0
2025-01-07 05:00:00,20.1913686508542,19.9135993507,0.0,0.11275584795321637,10.2,81,21,8.6,235,10.1,12.2,13.6,0.0,0.0,0.0,11.0,77.0,0.0,0.0,2.5,204.0,0.0,100975.0
2025-01-07 06:00:00,20.1429577341529,19.7296809376761,0.0,0.11293859649122806,10.0,81,17,9.3,235,10.0,12.1,13.6,0.0,0.0,0.01,11.0,77.0,0.0,0.0,2.0,216.0,0.0,100990.0
2025-01-07 07:00:00,20.0988504116934,19.7856525610381,0.0,0.11312134502923976,9.5,83,18,9.4,231,9.7,11.9,13.6,0.0,0.0,0.0,12.0,73.0,0.0,0.0,3.0,256.0,0.0,101010.0
2025-01-07 08:00:00,20.2309347812186,20.0269326082569,0.0,0.11330409356725146,10.0,82,6,10.4,231,9.7,11.8,13.6,0.0,0.0,0.02,11.0,78.0,0.0,0.0,2.0,210.0,0.0,101080.0
2025-01-07 09:00:00,20.2398714236185,19.8026060001598,0.0,0.11348684210526315,12.5,76,9,11.6,225,10.5,11.8,13.6,0.0,0.0,0.07,9.0,83.0,1343.0,0.0,1.0,204.0,0.0,101150.0
2025-01-07 10:00:00,20.1558002857051,19.8692098290065,0.0,0.11366959064327485,14.7,65,18,11.3,228,11.9,11.8,13.6,0.0,0.0,0.16,11.0,77.0,8613.0,1.0,2.0,264.0,0.0,101220.0
2025-01-07 11:00:00,20.1560869798017,19.5783475235113,0.0,0.11385233918128654,15.8,61,34,14.7,261,13.2,11.9,13.6,0.0,0.0,0.22,13.0,74.0,18031.0,1.0,2.0,304.0,0.0,101310.0
2025-01-07 12:00:00,20.2923099851647,19.6500969952629,0.0,0.11403508771929824,16.6,56,50,14.8,256,14.2,12.0,13.6,0.0,0.0,0.26,16.0,66.0,42868.0,2.0,4.0,282.0,0.0,101350.0
2025-01-07 13:00:00,20.1134704001211,20.023617270922,0.0,0.11421783625730994,17.7,49,36,12.0,249,15.5,12.3,13.6,0.0,0.0,0.29,16.0,61.0,47502.0,3.0,5.0,298.0,0.0,101310.0
2025-01-07 14:00:00,20.1979261018114,19.7289193848279,0.0,0.11440058479532163,18.0,45,23,11.3,251,16.1,12.5,13.6,0.0,0.0,0.28,18.0,51.0,49328.0,4.0,3.0,256.0,0.0,101240.0
2025-01-07 15:00:00,20.0071657659491,19.7500854720266,0.0,0.11458333333333333,18.0,44,6,10.7,257,16.2,12.8,13.6,0.0,0.0,0.24,18.0,45.0,42352.0,3.0,5.0,286.0,0.0,101170.0
2025-01-07 16:00:00,20.4495380385394,19.7505585420777,0.0,0.11476608187134502,17.2,51,1,4.9,275,15.9,13.0,13.6,0.0,0.0,0.14,18.0,43.0,28375.0,2.0,4.0,264.0,0.0,101120.0
2025-01-07 17:00:00,20.3926150493327,20.0039784677873,0.0,0.11494883040935672,13.9,63,0,3.6,350,14.7,13.2,13.6,0.0,0.0,0.04,19.0,44.0,12185.0,1.0,5.0,290.0,0.0,101140.0
2025-01-07 18:00:00,20.3904363847427,19.7434290955652,0.0,0.11513157894736842,11.3,80,37,5.0,36,13.2,13.2,13.6,0.0,0.0,0.02,16.0,59.0,3481.0,0.0,3.0,18.0,0.0,101180.0
2025-01-07 19:00:00,20.443613817295,19.8275237451431,0.0,0.1153143274853801,10.6,83,87,6.4,90,12.2,13.2,13.6,0.0,0.0,0.0,13.0,71.0,0.0,0.0,2.0,88.0,0.0,101200.0
2025-01-07 20:00:00,20.0777573726526,19.7536222623232,0.0,0.1154970760233918,9.6,84,99,4.6,88,11.4,13.1,13.6,0.0,0.0,0.0,11.0,78.0,0.0,0.0,2.0,126.0,0.0,101270.0
2025-01-07 21:00:00,20.4660412123977,20.0227924757965,0.0,0.11567982456140351,9.6,81,100,1.5,73,10.7,13.0,13.7,0.0,0.0,0.0,11.0,78.0,0.0,0.0,2.0,134.0,0.0,101280.0
2025-01-07 22:00:00,20.2822559842925,19.7779448519565,0.0,0.1158625730994152,9.3,81,83,0.2,49,10.1,12.8,13.7,0.0,0.0,0.0,9.0,83.0,0.0,0.0,1.0,180.0,0.0,101290.0
2025-01-07 23:00:00,20.3359173993226,19.8081290970633,0.0,0.1160453216374269,8.6,81,3,1.1,49,9.5,12.7,13.7,0.0,0.0,0.0,8.0,82.0,0.0,0.0,0.0,144.0,0.0,101300.0
2025-01-08 00:00:00,20.3175164884797,19.5911862348963,0.0,0.1162280701754386,8.1,81,1,1.3,14,9.0,12.5,13.7,0.0,0.0,0.0,8.0,86.0,0.0,0.0,0.0,198.0,0.0,101310.0
2025-01-08 01:00:00,20.2572984547528,19.7202676375579,0.0,0.11641081871345028,7.8,83,2,2.1,297,8.6,12.4,13.7,0.0,0.0,0.0,7.0,87.0,0.0,0.0,0.0,176.0,0.0,101260.0
2025-01-08 02:00:00,20.2183062365868,19.8673206209876,0.0,0.11659356725146199,6.7,84,42,3.2,254,8.3,12.1,13.7,0.0,0.0,0.0,7.0,91.0,0.0,0.0,0.0,186.0,0.0,101190.0
2025-01-08 03:00:00,20.3120029762087,19.7519173595729,0.0,0.11677631578947367,6.0,83,77,3.6,246,7.9,11.9,13.7,0.0,0.0,0.0,6.0,91.0,0.0,0.0,0.0,210.0,0.0,101130.0
2025-01-08 04:00:00,20.3314839788502,19.6063356615419,0.0,0.11695906432748537,5.6,81,97,4.9,239,7.7,11.7,13.7,0.0,0.0,0.0,6.0,92.0,0.0,0.0,2.0,222.0,0.0,101110.0
2025-01-08 05:00:00,20.3578461323691,19.933437281898,0.0,0.11714181286549707,5.7,78,40,5.9,246,7.4,11.5,13.7,0.0,0.0,0.0,4.0,91.0,0.0,0.0,1.0,180.0,0.0,101110.0
2025-01-08 06:00:00,20.2227550290612,19.8368252620986,0.0,0.11732456140350876,5.8,75,28,6.0,252,7.2,11.3,13.7,0.0,0.0,0.0,7.0,86.0,0.0,0.0,1.0,192.0,0.0,101090.0
2025-01-08 07:00:00,20.2483561281498,19.9324428235689,0.0,0.11750730994152046,5.6,73,54,6.1,244,7.0,11.1,13.7,0.0,0.0,0.0,7.0,83.0,0.0,0.0,2.0,240.0,0.0,101110.0
2025-01-08 08:00:00,20.3103256143445,19.6153169137423,0.0,0.11769005847953215,7.0,70,63,5.1,241,7.0,10.8,13.7,0.0,0.0,0.02,7.0,82.0,0.0,0.0,2.0,234.0,0.0,101140.0
2025-01-08 09:00:00,20.3528579337075,19.5702522432036,0.0,0.11787280701754385,11.1,66,93,5.8,253,8.3,10.7,13.7,0.0,0.0,0.07,7.0,78.0,2401.0,0.0,2.0,210.0,0.0,101150.0
2025-01-08 10:00:00,20.3498458129502,19.8036434029381,0.0,0.11805555555555555,14.7,56,59,5.4,256,10.2,10.7,13.7,0.0,0.0,0.17,10.0,70.0,9115.0,0.0,2.0,222.0,0.0,101150.0
2025-01-08 11:00:00,20.3429093664731,21.0056598255303,0.0,0.11823830409356724,17.9,47,16,6.5,281,12.2,10.8,13.6,0.0,0.0,0.26,12.0,61.0,24305.0,1.0,4.0,216.0,0.0,101160.0
2025-01-08 12:00:00,20.4399848907833,22.0319247087244,0.0,0.11842105263157894,20.5,39,75,8.7,272,14.1,11.0,13.6,0.0,0.0,0.34,15.0,51.0,39675.0,2.0,5.0,256.0,0.0,101090.0
2025-01-08 13:00:00,20.3468895611406,22.0515243331312,0.0,0.11860380116959064,22.0,31,100,9.8,277,15.2,11.3,13.6,0.0,0.0,0.37,17.0,42.0,49708.0,3.0,6.0,252.0,0.0,101030.0
2025-01-08 14:00:00,20.1961053491924,21.8132247339955,0.0,0.11878654970760233,19.7,44,100,14.9,314,15.9,11.6,13.6,0.0,0.0,0.32,19.0,35.0,44480.0,3.0,4.0,263.0,0.0,101010.0
2025-01-08 15:00:00,20.2892687388925,21.8055551453096,0.0,0.11896929824561403,18.5,54,86,3.3,331,16.2,11.9,13.6,0.0,0.0,0.21,20.0,31.0,40098.0,2.0,2.0,265.0,0.0,101040.0
2025-01-08 16:00:00,20.3990397672145,21.7472440426693,0.0,0.11915204678362573,18.0,66,0,1.8,107,16.0,12.2,13.6,0.0,0.0,0.13,19.0,48.0,24730.0,1.0,0.0,53.0,0.0,101050.0
2025-01-08 17:00:00,20.5214206376012,21.718220355775,0.0,0.11933479532163742,14.7,72,0,3.4,20,14.8,12.5,13.6,0.0,0.0,0.04,18.0,59.0,10369.0,0.0,3.0,54.0,0.0,100990.0
2025-01-08 18:00:00,20.3918798126425,21.6222540093864,0.0,0.11951754385964912,13.4,74,0,1.3,4,13.2,12.6,13.6,0.0,0.0,0.02,17.0,64.0,3042.0,0.0,1.0,66.0,0.0,100910.0
2025-01-08 19:00:00,20.3796423541214,21.5555470074593,0.0,0.1197002923976608,12.6,80,0,1.4,339,12.0,12.6,13.7,0.0,0.0,0.0,13.0,83.0,0.0,0.0,0.0,38.0,0.0,100990.0
2025-01-08 20:00:00,20.372595701251,21.6446939668466,0.0,0.11988304093567251,11.5,78,33,2.9,210,11.0,12.5,13.7,0.0,0.0,0.0,11.0,88.0,0.0,0.0,2.0,143.0,0.0,101130.0
2025-01-08 21:00:00,20.5537248893167,21.6679555296476,0.0,0.12006578947368421,10.7,67,12,4.3,238,10.3,12.4,13.7,0.0,0.0,0.0,11.0,87.0,0.0,0.0,0.0,174.0,0.0,101110.0
2025-01-08 22:00:00,20.296272607095,21.4897021369078,0.0,0.1202485380116959,10.3,68,0,0.9,274,9.6,12.3,13.7,0.0,0.0,0.0,9.0,93.0,0.0,0.0,0.0,162.0,0.0,101180.0
2025-01-08 23:00:00,20.4908124467475,21.5571080685452,0.0,0.1204312865497076,9.7,67,0,2.2,242,9.0,12.1,13.7,0.0,0.0,0.0,8.0,92.0,0.0,0.0,0.0,120.0,0.0,101260.0
2025-01-09 00:00:00,20.4398555807301,21.5281240147932,0.0,0.12061403508771928,8.9,74,0,5.5,231,8.6,12.0,13.7,0.0,0.0,0.0,9.0,87.0,0.0,0.0,2.0,143.0,0.0,101240.0
2025-01-09 01:00:00,20.4780122940429,21.6377102166574,0.0,0.12079678362573099,9.8,71,0,8.2,231,9.0,12.0,13.7,0.0,0.0,0.01,8.0,87.0,0.0,0.0,1.0,228.0,0.0,101190.0
2025-01-09 02:00:00,20.6918550325815,21.4106091152165,0.0,0.12097953216374269,9.9,68,7,2.0,252,8.5,11.8,13.7,0.0,0.0,0.0,6.0,92.0,0.0,0.0,0.0,42.0,0.0,101130.0
2025-01-09 03:00:00,20.4629664903005,21.3263562120705,0.0,0.12116228070175437,9.6,69,0,1.6,241,8.2,11.7,13.7,0.0,0.0,0.0,9.0,80.0,0.0,0.0,0.0,204.0,0.0,101140.0
2025-01-09 04:00:00,20.4771022621039,21.3854734018078,0.0,0.12134502923976608,8.8,73,12,7.8,226,7.9,11.5,13.7,0.0,0.0,0.01,10.0,72.0,0.0,0.0,2.0,180.0,0.0,101130.0
2025-01-09 05:00:00,20.6245059024336,21.3849350204602,0.0,0.12152777777777778,10.3,69,22,10.2,222,8.1,11.3,13.7,0.0,0.0,0.02,11.0,65.0,0.0,0.0,2.0,228.0,0.0,101120.0
2025-01-09 06:00:00,20.4581633378355,21.3791284003209,0.0,0.12171052631578946,11.0,66,35,10.2,222,8.4,11.1,13.7,0.0,0.0,0.03,11.0,66.0,0.0,0.0,2.0,234.0,0.0,101140.0
2025-01-09 07:00:00,20.5843911597128,21.4233476160604,0.0,0.12189327485380116,11.5,63,87,10.9,219,8.7,11.0,13.7,0.0,0.0,0.03,11.0,68.0,0.0,0.0,2.0,240.0,0.0,101150.0
2025-01-09 08:00:00,20.6299716275498,21.3878530416556,0.0,0.12207602339181287,12.3,61,16,10.6,219,9.1,10.9,13.7,0.0,0.0,0.05,10.0,70.0,0.0,0.0,2.0,210.0,0.0,101210.0
2025-01-09 09:00:00,20.4300644229655,21.315760369596,0.0,0.12225877192982455,15.8,54,4,11.6,223,10.2,10.9,13.7,0.0,0.0,0.12,11.0,65.0,4410.0,0.0,1.0,233.0,0.0,101290.0
2025-01-09 10:00:00,20.6442353387526,21.2276134475819,0.0,0.12244152046783625,18.7,47,11,12.1,234,12.0,11.0,13.7,0.0,0.0,0.21,13.0,60.0,12156.0,1.0,3.0,246.0,0.0,101360.0
2025-01-09 11:00:00,20.6776359936644,21.3262674253057,0.0,0.12262426900584794,20.5,42,11,12.6,249,13.7,11.2,13.6,0.0,0.0,0.3,17.0,49.0,24696.0,2.0,4.0,264.0,0.0,101410.0
2025-01-09 12:00:00,20.8074430282309,21.3239797051648,0.0,0.12280701754385964,21.7,39,5,11.8,258,15.2,11.4,13.6,0.0,0.0,0.35,19.0,44.0,42795.0,2.0,4.0,264.0,0.0,101410.0
2025-01-09 13:00:00,20.8280387876961,21.3116859694777,0.0,0.12298976608187134,23.0,34,9,11.5,258,16.5,11.8,13.6,0.0,0.0,0.38,21.0,40.0,60140.0,3.0,3.0,272.0,0.0,101350.0
2025-01-09 14:00:00,20.8204035834025,21.3552964642783,0.0,0.12317251461988303,23.4,34,10,8.9,276,17.3,12.1,13.6,0.0,0.0,0.34,22.0,36.0,40160.0,3.0,6.0,286.0,0.0,101230.0
2025-01-09 15:00:00,21.1385691902323,21.3342559584039,0.0,0.12335526315789473,22.6,39,8,7.7,319,17.7,12.5,13.6,0.0,0.0,0.27,23.0,35.0,32652.0,2.0,3.0,303.0,0.0,101170.0
2025-01-09 16:00:00,21.0451066018434,21.312261147406,0.0,0.12353801169590642,20.1,53,6,4.1,5,17.4,12.8,13.7,0.0,0.0,0.14,24.0,31.0,24172.0,1.0,3.0,289.0,0.0,101170.0
2025-01-09 17:00:00,20.9510382286878,21.4948922310467,0.0,0.12372076023391812,16.7,61,4,2.8,63,16.2,13.1,13.7,0.0,0.0,0.04,21.0,36.0,8088.0,0.0,4.0,38.0,0.0,101210.0
2025-01-09 18:00:00,21.1229485476567,21.3590267747313,0.0,0.12390350877192982,14.2,68,2,5.1,121,14.6,13.2,13.7,0.0,0.0,0.04,20.0,43.0,1887.0,0.0,2.0,120.0,0.0,101230.0
2025-01-09 19:00:00,21.1819919264173,21.2615854037201,0.0,0.12408625730994151,13.5,68,2,3.7,158,13.4,13.3,13.7,0.0,0.0,0.0,16.0,50.0,0.0,0.0,2.0,108.0,0.0,101270.0
2025-01-09 20:00:00,21.352514310954,21.4150904788863,0.0,0.12426900584795321,13.1,66,0,4.0,190,12.5,13.3,13.7,0.0,0.0,0.0,15.0,55.0,0.0,0.0,2.0,156.0,0.0,101320.0
2025-01-09 21:00:00,21.2154513769514,21.1454195795744,0.0,0.12445175438596491,12.9,64,0,4.7,189,11.9,13.2,13.7,0.0,0.0,0.01,15.0,54.0,0.0,0.0,1.0,204.0,0.0,101340.0
2025-01-09 22:00:00,21.4140463261467,21.2080083128711,0.0,0.1246345029239766,12.6,63,0,5.4,196,11.4,13.1,13.7,0.0,0.0,0.01,11.0,65.0,0.0,0.0,0.0,186.0,0.0,101410.0
2025-01-09 23:00:00,21.5608804167371,21.0056305696367,0.0,0.1248172514619883,12.1,68,5,6.6,202,11.1,13.0,13.7,0.0,0.0,0.01,14.0,54.0,0.0,0.0,1.0,162.0,0.0,101430.0
2025-01-10 00:00:00,21.1861249476124,21.1976297905781,0.0,0.125,12.0,78,6,6.9,201,11.0,12.9,13.7,0.0,0.0,0.0,9.0,73.0,0.0,0.0,0.0,322.0,0.0,101470.0
2025-01-10 01:00:00,21.202970188133,21.1735014990904,0.0,0.1251827485380117,11.8,78,0,6.4,200,11.3,13.0,13.7,0.0,0.0,0.0,10.0,67.0,0.0,0.0,2.0,164.0,0.0,101430.0
2025-01-10 02:00:00,21.35405021212,21.1383631512118,0.0,0.12536549707602337,11.4,85,0,5.6,201,11.0,12.9,13.7,0.0,0.0,0.0,10.0,68.0,0.0,0.0,0.0,178.0,0.0,101400.0
2025-01-10 03:00:00,21.2914150336282,21.0763438111667,0.0,0.12554824561403508,11.3,85,0,4.8,211,10.7,12.8,13.7,0.0,0.0,0.0,9.0,73.0,0.0,0.0,0.0,168.0,0.0,101410.0
2025-01-10 04:00:00,21.4502776105433,21.0588442873577,0.0,0.12573099415204678,11.0,86,1,6.8,223,10.5,12.6,13.7,0.0,0.0,0.0,8.0,74.0,0.0,0.0,1.0,172.0,0.0,101410.0
2025-01-10 05:00:00,21.2876489364114,20.840643791831,0.0,0.12591374269005848,10.8,86,0,7.4,227,10.4,12.5,13.7,0.0,0.0,0.0,10.0,73.0,0.0,0.0,2.0,186.0,0.0,101410.0
2025-01-10 06:00:00,21.5293936782493,21.1670366262781,0.0,0.12609649122807018,10.6,86,4,7.4,234,10.3,12.4,13.7,0.0,0.0,0.0,10.0,69.0,0.0,0.0,1.0,198.0,0.0,101440.0
2025-01-10 07:00:00,21.3866641809562,21.1329204563352,0.0,0.12627923976608185,10.5,84,12,8.2,238,10.1,12.3,13.7,0.0,0.0,0.0,11.0,67.0,0.0,0.0,2.0,234.0,0.0,101440.0
2025-01-10 08:00:00,21.4787190501557,21.0450923767305,0.0,0.12646198830409355,11.2,80,2,9.1,237,10.2,12.2,13.7,0.0,0.0,0.02,10.0,71.0,52.0,0.0,0.0,204.0,0.0,101500.0
2025-01-10 09:00:00,21.583587996003,20.9616169799576,0.0,0.12664473684210525,14.5,68,1,10.1,236,11.2,12.1,13.8,0.0,0.0,0.09,12.0,65.0,4832.0,0.0,2.0,234.0,0.0,101560.0
2025-01-10 10:00:00,21.5683515255334,20.956744833038,0.0,0.12682748538011696,17.6,58,1,7.6,242,12.8,12.2,13.8,0.0,0.0,0.18,14.0,58.0,13603.0,1.0,3.0,222.0,0.0,101600.0
2025-01-10 11:00:00,21.6662636523507,21.0322578905584,0.0,0.12701023391812866,19.9,49,0,7.7,271,14.6,12.3,13.8,0.0,0.0,0.28,16.0,49.0,29703.0,1.0,3.0,234.0,0.0,101630.0
2025-01-10 12:00:00,21.7654009227152,21.0062078120162,0.0,0.12719298245614036,21.3,44,0,8.0,274,16.1,12.5,13.8,0.0,0.0,0.34,18.0,46.0,43631.0,2.0,2.0,234.0,0.0,101600.0
2025-01-10 13:00:00,21.5515798180286,21.0243318424553,0.0,0.12737573099415203,22.4,40,0,7.8,277,17.3,12.6,13.8,0.0,0.0,0.36,20.0,40.0,49472.0,3.0,2.0,259.0,0.0,101510.0
2025-01-10 14:00:00,21.6749090146395,21.0314161708805,0.0,0.12755847953216373,22.9,38,0,7.5,288,18.1,13.0,13.8,0.0,0.0,0.34,22.0,37.0,47227.0,3.0,3.0,204.0,0.0,101390.0
2025-01-10 15:00:00,21.609036893351,21.0962815061359,0.0,0.12774122807017543,22.4,41,0,7.3,332,18.4,13.3,13.8,0.0,0.0,0.27,22.0,36.0,36030.0,2.0,3.0,306.0,0.0,101320.0
2025-01-10 16:00:00,21.8011004158823,20.9703819641763,0.0,0.12792397660818713,19.7,57,0,8.6,18,18.0,13.6,13.8,0.0,0.0,0.16,22.0,43.0,20105.0,1.0,3.0,23.0,0.0,101300.0
2025-01-10 17:00:00,21.8243807248014,20.8970073538577,0.0,0.12810672514619884,15.7,79,0,4.9,58,16.8,13.8,13.8,0.0,0.0,0.04,19.0,59.0,6421.0,0.0,4.0,12.0,0.0,101360.0
2025-01-10 18:00:00,21.7335214417404,20.9668772613282,0.0,0.1282894736842105,13.8,85,0,6.0,103,15.3,14.0,13.8,0.0,0.0,0.02,17.0,65.0,1091.0,0.0,2.0,108.0,0.0,101390.0
2025-01-10 19:00:00,21.7943619846342,21.0780234472306,0.0,0.1284722222222222,12.5,84,0,4.9,145,14.2,14.0,13.8,0.0,0.0,0.0,15.0,74.0,0.0,0.0,2.0,132.0,0.0,101450.0
2025-01-10 20:00:00,21.7885165440428,21.0923612810357,0.0,0.1286549707602339,12.0,81,0,4.5,184,13.2,14.0,13.8,0.0,0.0,0.0,14.0,74.0,0.0,0.0,2.0,144.0,0.0,101490.0
2025-01-10 21:00:00,21.9220281360862,21.0634324097995,0.0,0.1288377192982456,11.9,78,0,5.1,199,12.4,13.9,13.8,0.0,0.0,0.0,12.0,77.0,0.0,0.0,0.0,175.0,0.0,101530.0
2025-01-10 22:00:00,21.9706576034543,21.0060977561362,0.0,0.1290204678362573,12.1,76,0,4.6,206,11.8,13.8,13.8,0.0,0.0,0.0,12.0,75.0,0.0,0.0,0.0,198.0,0.0,101460.0
2025-01-10 23:00:00,21.9321265161682,20.9907370457616,0.0,0.129203216374269,12.2,74,0,4.2,209,11.3,13.7,13.8,0.0,0.0,0.0,12.0,80.0,0.0,0.0,1.0,300.0,0.0,101490.0
2025-01-11 00:00:00,21.9122843099834,20.9256761134257,0.0,0.1293859649122807,12.1,74,0,4.0,215,10.9,13.5,13.9,0.0,0.0,0.0,11.0,79.0,0.0,0.0,1.0,180.0,0.0,101480.0
2025-01-11 01:00:00,21.8585631037375,20.9167661674291,0.0,0.1295687134502924,10.8,79,0,6.3,243,10.4,13.5,13.9,0.0,0.0,0.0,12.0,76.0,0.0,0.0,1.0,228.0,0.0,101470.0
2025-01-11 02:00:00,21.7999268958735,20.8064926900521,0.0,0.1297514619883041,11.2,76,0,9.0,235,10.3,13.3,13.9,0.0,0.0,0.01,11.0,77.0,0.0,0.0,2.0,228.0,0.0,101460.0
2025-01-11 03:00:00,21.7765048764713,20.7383740171937,0.0,0.1299342105263158,10.9,76,0,8.8,222,10.4,13.1,13.9,0.0,0.0,0.01,11.0,76.0,0.0,0.0,2.0,186.0,0.0,101430.0
2025-01-11 04:00:00,21.7760399280981,20.9537145277198,0.0,0.13011695906432746,10.4,84,0,8.6,233,10.3,13.0,13.9,0.0,0.0,0.0,11.0,75.0,0.0,0.0,2.0,264.0,0.0,101370.0
2025-01-11 05:00:00,21.9084892447549,20.9034578318618,0.0,0.13029970760233917,10.6,89,1,9.8,236,10.3,12.8,13.9,0.0,0.0,0.0,11.0,76.0,0.0,0.0,2.0,210.0,0.0,101410.0
2025-01-11 06:00:00,21.546168887915,20.8768510271112,0.0,0.13048245614035087,11.2,89,0,9.6,215,10.5,12.7,13.9,0.0,0.0,0.0,11.0,76.0,0.0,0.0,2.0,246.0,0.0,101420.0
2025-01-11 07:00:00,21.9688645931209,20.8060309786843,0.0,0.13066520467836257,10.5,91,0,7.2,216,10.4,12.6,13.9,0.0,0.0,0.0,11.0,77.0,0.0,0.0,1.0,228.0,0.0,101470.0
2025-01-11 08:00:00,21.9114776835451,20.7085626582329,0.0,0.13084795321637427,11.4,89,6,11.1,229,10.5,12.5,13.9,0.0,0.0,0.02,11.0,78.0,251.0,0.0,2.0,246.0,0.0,101500.0
2025-01-11 09:00:00,21.8122827815089,20.6702573293161,0.0,0.13103070175438597,15.3,75,94,12.3,212,11.6,12.4,13.9,0.0,0.0,0.09,13.0,75.0,6072.0,0.0,2.0,276.0,0.0,101560.0
2025-01-11 10:00:00,21.9490638008541,20.865956656281,0.0,0.13121345029239764,18.4,62,100,10.3,219,13.3,12.5,13.9,0.0,0.0,0.19,15.0,71.0,21640.0,1.0,4.0,270.0,0.0,101590.0
2025-01-11 11:00:00,21.788707007931,20.7647199501517,0.0,0.13139619883040934,20.1,55,100,11.7,241,14.9,12.6,13.9,0.0,0.0,0.27,17.0,62.0,45091.0,3.0,3.0,290.0,0.0,101640.0
2025-01-11 12:00:00,21.923705777853,20.6676306188733,0.0,0.13157894736842105,20.8,51,100,12.3,259,16.1,12.8,13.9,0.0,0.0,0.28,18.0,61.0,33440.0,2.0,3.0,324.0,0.0,101570.0
2025-01-11 13:00:00,22.0532451168317,20.6211374540892,0.0,0.13176169590643275,21.3,52,28,15.3,281,17.1,13.1,13.9,0.0,0.0,0.31,19.0,57.0,46572.0,3.0,1.0,342.0,0.0,101500.0
2025-01-11 14:00:00,21.7506289933216,20.6778761226884,0.0,0.13194444444444445,21.7,52,7,14.9,277,17.9,13.4,13.9,0.0,0.0,0.32,20.0,54.0,44640.0,2.0,3.0,245.0,0.0,101380.0
2025-01-11 15:00:00,21.928838843203,20.7769641703095,0.0,0.13212719298245612,21.1,56,0,14.5,277,18.2,13.7,13.9,0.0,0.0,0.27,21.0,52.0,34452.0,2.0,2.0,252.0,0.0,101330.0
2025-01-11 16:00:00,21.9438871296754,20.4685865996379,0.0,0.13230994152046782,20.2,60,6,9.3,284,18.0,14.0,13.9,0.0,0.0,0.17,21.0,51.0,17760.0,1.0,1.0,193.0,0.0,101310.0
2025-01-11 17:00:00,21.8894436944722,20.8882848562099,0.0,0.13249269005847952,17.6,68,3,4.0,293,17.0,14.2,14.0,0.0,0.0,0.05,21.0,53.0,5475.0,0.0,2.0,275.0,0.0,101350.0
2025-01-11 18:00:00,22.0768424800075,20.7046015266448,0.0,0.13267543859649122,16.1,72,10,3.2,250,15.5,14.3,14.0,0.0,0.0,0.03,18.0,67.0,460.0,0.0,0.0,42.0,0.0,101430.0
2025-01-11 19:00:00,22.0229347341898,20.7640138342201,0.0,0.13285818713450293,15.8,75,21,8.6,221,14.6,14.3,14.0,0.0,0.0,0.02,16.0,75.0,0.0,0.0,0.0,119.0,0.0,101420.0
2025-01-11 20:00:00,22.0476835360652,20.6161889293445,0.0,0.13304093567251463,14.6,83,15,6.8,216,14.1,14.3,14.0,0.0,0.0,0.0,13.0,82.0,0.0,0.0,1.0,90.0,0.0,101470.0
2025-01-11 21:00:00,21.857354461492,20.4611305981289,0.0,0.1332236842105263,13.4,85,23,4.9,193,13.5,14.3,14.0,0.0,0.0,0.0,13.0,80.0,0.0,0.0,0.0,180.0,0.0,101480.0
2025-01-11 22:00:00,22.2126711110977,20.6254522287148,0.0,0.133406432748538,12.8,87,34,5.0,175,12.9,14.2,14.0,0.0,0.0,0.0,11.0,82.0,0.0,0.0,1.0,291.0,0.0,101530.0
2025-01-11 23:00:00,22.0446918340405,20.7545527643122,0.0,0.1335891812865497,12.4,88,17,3.1,180,12.4,14.1,14.0,0.0,0.0,0.0,10.0,84.0,0.0,0.0,0.0,162.0,0.0,101530.0
2025-01-12 00:00:00,21.9481515643669,20.7148594898451,0.0,0.1337719298245614,12.4,87,18,1.0,180,11.8,14.0,14.0,0.0,0.0,0.0,13.0,78.0,0.0,0.0,0.0,258.0,0.0,101440.0
2025-01-12 01:00:00,22.0113019865108,20.7780897654749,0.0,0.1339546783625731,12.0,85,70,4.4,246,11.6,13.9,14.0,0.0,0.0,0.0,11.0,87.0,0.0,0.0,0.0,228.0,0.0,101390.0
2025-01-12 02:00:00,22.1214171700442,20.5721081441295,0.0,0.13413742690058478,11.5,87,98,6.0,234,11.3,13.7,14.1,0.0,0.0,0.0,12.0,86.0,0.0,0.0,2.0,204.0,0.0,101360.0
2025-01-12 03:00:00,22.0809249375427,20.4648305978708,0.0,0.13432017543859648,11.0,87,81,6.1,239,11.0,13.6,14.1,0.0,0.0,0.0,11.0,87.0,0.0,0.0,2.0,184.0,0.0,101370.0
2025-01-12 04:00:00,21.9530045367373,20.568741897713,0.0,0.13450292397660818,11.6,85,78,7.7,227,11.0,13.4,14.1,0.0,0.0,0.0,11.0,85.0,0.0,0.0,1.0,204.0,0.0,101370.0
2025-01-12 05:00:00,21.8461859475981,20.6890128558687,0.0,0.13468567251461988,11.7,85,8,7.5,211,11.1,13.3,14.1,0.0,0.0,0.0,12.0,85.0,0.0,0.0,1.0,198.0,0.0,101300.0
2025-01-12 06:00:00,21.8760952746422,20.8009372000067,0.0,0.13486842105263158,10.9,86,2,6.5,208,10.9,13.2,14.1,0.0,0.0,0.0,10.0,89.0,0.0,0.0,2.0,270.0,0.0,101240.0
2025-01-12 07:00:00,22.0209862812743,20.5344347652853,0.0,0.13505116959064326,10.2,87,14,4.3,192,10.5,13.1,14.1,0.0,0.0,0.0,10.0,88.0,0.0,0.0,1.0,216.0,0.0,101290.0
2025-01-12 08:00:00,21.9778375939783,20.5586657727436,0.0,0.13523391812865496,10.9,90,12,4.2,190,10.5,12.9,14.1,0.0,0.0,0.01,11.0,88.0,584.0,0.0,1.0,222.0,0.0,101290.0
2025-01-12 09:00:00,21.9049882588738,20.7028223566772,0.0,0.13541666666666666,13.7,83,6,6.1,233,11.6,12.8,14.1,0.0,0.0,0.07,12.0,84.0,6296.0,0.0,1.0,228.0,0.0,101350.0
2025-01-12 10:00:00,21.7930296119964,20.6796149794491,0.0,0.13559941520467836,16.0,77,31,2.8,256,13.2,12.8,14.1,0.0,0.0,0.16,14.0,78.0,19283.0,1.0,2.0,262.0,0.0,101440.0
2025-01-12 11:00:00,21.891170005809,20.5431643354711,0.0,0.13578216374269006,17.4,73,62,2.1,151,14.9,12.9,14.1,0.0,0.0,0.22,15.0,74.0,19930.0,1.0,1.0,130.0,0.0,101460.0
2025-01-12 12:00:00,21.8950666911744,20.592969435464,0.0,0.13596491228070173,18.5,67,36,2.6,257,16.4,13.1,14.1,0.0,0.0,0.26,17.0,67.0,29876.0,2.0,2.0,204.0,0.0,101370.0
2025-01-12 13:00:00,21.8791726955302,20.515645808976,0.0,0.13614766081871343,20.0,57,41,9.7,273,17.4,13.4,14.1,0.0,0.0,0.29,19.0,62.0,49856.0,3.0,2.0,310.0,0.0,101280.0
2025-01-12 14:00:00,22.1721492176847,20.6388390244819,0.0,0.13633040935672514,20.4,54,84,9.6,287,18.0,13.7,14.1,0.0,0.0,0.29,19.0,58.0,36436.0,2.0,4.0,249.0,0.0,101140.0
2025-01-12 15:00:00,22.1346539922122,20.3685240975952,0.0,0.13651315789473684,18.8,66,0,14.8,353,17.8,14.0,14.1,0.0,0.0,0.17,19.0,58.0,24262.0,1.0,1.0,243.0,0.0,101070.0
2025-01-12 16:00:00,22.0514452346858,20.3338733356182,0.0,0.13669590643274854,17.5,76,2,9.9,356,17.5,14.2,14.1,0.0,0.0,0.13,18.0,68.0,5108.0,0.0,6.0,12.0,0.0,101100.0
2025-01-12 17:00:00,22.2068092149799,20.5730106802559,0.0,0.13687865497076024,15.1,88,5,4.8,11,16.5,14.4,14.1,0.0,0.0,0.04,18.0,70.0,4832.0,0.0,2.0,30.0,0.0,101030.0
2025-01-12 18:00:00,21.978656251909,20.505050967198,0.0,0.1370614035087719,13.3,96,99,12.9,34,15.4,14.4,14.1,0.4,0.4,0.01,16.0,75.0,174.0,0.0,2.0,88.0,0.0,101090.0
2025-01-12 19:00:00,22.0373533379359,20.4868292791784,0.0,0.1372441520467836,13.7,94,33,2.8,57,14.7,14.5,14.2,0.1,0.1,0.0,15.0,87.0,0.0,0.0,3.0,115.0,0.0,101180.0
2025-01-12 20:00:00,22.0788149425473,20.4603438317745,0.0,0.13742690058479531,12.2,93,30,3.6,88,13.5,14.4,14.2,0.0,0.0,0.0,13.0,88.0,0.0,0.0,1.0,113.0,0.0,101230.0
2025-01-12 21:00:00,22.0426033980245,20.7267418509107,0.0,0.13760964912280702,12.1,85,43,4.8,85,12.8,14.3,14.2,0.0,0.0,0.0,12.0,91.0,0.0,0.0,0.0,125.0,0.0,101260.0
2025-01-12 22:00:00,21.9854068202792,20.5208992365165,0.0,0.13779239766081872,12.5,76,76,6.8,88,12.5,14.2,14.2,0.0,0.0,0.01,12.0,88.0,0.0,0.0,1.0,54.0,0.0,101330.0
2025-01-12 23:00:00,22.2800976129592,20.497535434439,0.0,0.1379751461988304,12.0,71,44,4.4,122,12.2,14.1,14.2,0.0,0.0,0.0,12.0,86.0,0.0,0.0,0.0,120.0,0.0,101340.0
2025-01-13 00:00:00,22.0351690745418,20.6327141970554,0.0,0.1381578947368421,11.1,72,89,2.6,121,11.8,14.0,14.2,0.0,0.0,0.0,12.0,88.0,0.0,0.0,0.0,182.0,0.0,101310.0
2025-01-13 01:00:00,21.8433720768014,20.6008366944589,0.0,0.1383406432748538,11.7,66,56,2.1,110,12.2,14.1,14.2,0.0,0.0,0.0,9.0,92.0,0.0,0.0,0.0,258.0,0.0,101230.0
2025-01-13 02:00:00,22.1076791452443,20.5273944608109,0.0,0.1385233918128655,10.3,64,4,0.2,56,11.1,14.0,14.2,0.0,0.0,0.0,8.0,93.0,0.0,0.0,0.0,155.0,0.0,101230.0
2025-01-13 03:00:00,22.0857646690773,20.5280346675145,0.0,0.1387061403508772,9.9,64,6,1.8,26,10.2,13.8,14.2,0.0,0.0,0.0,7.0,93.0,0.0,0.0,0.0,176.5,0.0,101235.0
2025-01-13 04:00:00,21.8903237865824,20.5323863479171,0.0,0.1388888888888889,9.9,68,11,2.1,54,9.4,13.6,14.2,0.0,0.0,0.0,6.0,93.0,0.0,0.0,0.0,198.0,0.0,101240.0
2025-01-13 05:00:00,21.9138344331569,20.5505130770879,0.0,0.13907163742690057,9.6,66,6,3.6,62,8.9,13.3,14.2,0.0,0.0,0.0,6.0,81.0,0.0,0.0,1.0,126.0,0.0,101250.0
2025-01-13 06:00:00,21.9797677841097,20.4879440776895,0.0,0.13925438596491227,8.9,66,7,4.6,72,8.4,13.1,14.2,0.0,0.0,0.0,5.0,84.0,0.0,0.0,0.0,174.0,0.0,101280.0
2025-01-13 07:00:00,22.1438358247018,20.5230258635621,0.0,0.13943713450292397,8.1,67,4,4.2,100,8.0,12.8,14.2,0.0,0.0,0.0,8.0,68.0,0.0,0.0,2.0,138.0,0.0,101300.0
2025-01-13 08:00:00,22.1585575626065,20.2709631060137,0.0,0.13961988304093567,7.9,73,5,3.8,120,7.9,12.5,14.2,0.0,0.0,0.01,5.0,80.0,0.0,0.0,1.0,192.0,0.0,101330.0
2025-01-13 09:00:00,22.1282166394572,20.4383794972488,0.0,0.13980263157894737,11.3,72,28,4.0,115,9.1,12.3,14.2,0.0,0.0,0.07,5.0,89.0,1260.0,0.0,1.0,174.0,0.0,101350.0
2025-01-13 10:00:00,21.9232927413929,21.7604606244612,0.0,0.13998538011695905,14.0,56,23,4.2,63,11.0,12.2,14.2,0.0,0.0,0.15,9.0,74.0,6579.0,0.0,0.0,174.0,0.0,101400.0
2025-01-13 11:00:00,22.1258187093225,22.7180971000754,0.0,0.14016812865497075,14.9,49,6,10.9,53,12.5,12.3,14.2,0.0,0.0,0.23,13.0,63.0,23237.0,2.0,0.0,274.0,0.0,101450.0
2025-01-13 12:00:00,22.0516382567056,22.7114690427124,0.0,0.14035087719298245,15.3,43,7,13.2,49,13.9,12.4,14.2,0.0,0.0,0.3,15.0,53.0,40240.0,2.0,4.0,21.0,0.0,101490.0
2025-01-13 13:00:00,21.9175960209519,22.7443006708859,0.0,0.14053362573099415,15.7,44,10,12.0,43,15.1,12.4,14.2,0.0,0.0,0.3,15.0,44.0,38084.0,2.0,3.0,60.0,0.0,101440.0
2025-01-13 14:00:00,22.0905719791124,22.5689245228903,0.0,0.14071637426900585,15.5,43,3,13.6,41,15.6,12.6,14.2,0.0,0.0,0.29,16.0,40.0,50510.0,4.0,4.0,72.0,0.0,101340.0
2025-01-13 15:00:00,22.1005739838325,22.3331060917602,0.0,0.14089912280701752,14.9,46,1,14.8,42,15.7,12.8,14.2,0.0,0.0,0.24,16.0,44.0,44604.0,3.0,5.0,54.0,0.0,101270.0
2025-01-13 16:00:00,22.0243168407003,22.3835301307858,0.0,0.14108187134502922,13.7,52,0,14.0,45,15.2,13.0,14.2,0.0,0.0,0.16,15.0,45.0,29588.0,1.0,6.0,12.0,0.0,101270.0
2025-01-13 17:00:00,22.2153296131544,22.1858122504026,0.0,0.14126461988304093,11.9,61,0,9.3,46,14.2,13.1,14.2,0.0,0.0,0.06,15.0,46.0,13298.0,1.0,4.0,36.0,0.0,101280.0
2025-01-13 18:00:00,22.1116177068419,22.3527866410405,0.0,0.14144736842105263,9.7,71,0,7.5,55,12.8,13.2,14.2,0.0,0.0,0.03,14.0,54.0,4051.0,0.0,3.0,48.0,0.0,101290.0
2025-01-13 19:00:00,22.3508818967797,22.4618904343912,0.0,0.14163011695906433,8.5,76,0,6.7,67,11.5,13.1,14.2,0.0,0.0,0.0,12.0,60.0,45.0,0.0,3.0,48.0,0.0,101310.0
2025-01-13 20:00:00,22.5449446563,22.2128164966361,0.0,0.141812865497076,8.0,77,0,6.1,82,10.5,13.0,14.2,0.0,0.0,0.0,10.0,66.0,0.0,0.0,2.0,138.0,0.0,101360.0
2025-01-13 21:00:00,22.4894884678139,22.3688787253069,0.0,0.1419956140350877,7.3,79,8,5.4,102,9.7,12.8,14.2,0.0,0.0,0.0,10.0,69.0,0.0,0.0,2.0,128.0,0.0,101420.0
2025-01-13 22:00:00,22.7551923481193,22.281620884627,0.0,0.1421783625730994,6.8,81,26,4.9,118,9.1,12.7,14.2,0.0,0.0,0.0,7.0,76.0,0.0,0.0,0.0,122.0,0.0,101450.0
2025-01-13 23:00:00,22.5951152516802,22.1161742053477,0.0,0.1423611111111111,6.4,82,11,4.2,124,8.8,12.5,14.2,0.0,0.0,0.0,6.0,77.0,0.0,0.0,0.0,180.0,0.0,101450.0
2025-01-14 00:00:00,22.8276025424295,22.1449784012097,0.0,0.1425438596491228,5.6,82,1,2.8,125,8.3,12.3,14.2,0.0,0.0,0.0,5.0,81.0,0.0,0.0,0.0,171.0,0.0,101450.0
2025-01-14 01:00:00,22.9386595742447,22.088991953527,0.0,0.1427266081871345,4.9,81,0,2.2,103,7.9,12.2,14.2,0.0,0.0,0.0,5.0,78.0,0.0,0.0,0.0,306.0,0.0,101440.0
2025-01-14 02:00:00,22.8388896654127,22.0750649081428,0.0,0.14290935672514618,4.4,81,0,2.0,82,7.5,12.0,14.2,0.0,0.0,0.0,3.0,83.0,0.0,0.0,0.0,144.0,0.0,101430.0
2025-01-14 03:00:00,23.0559701159085,21.9572384154374,0.0,0.14309210526315788,4.3,79,2,1.1,51,7.1,11.7,14.2,0.0,0.0,0.0,2.0,85.0,0.0,0.0,0.0,186.0,0.0,101410.0
2025-01-14 04:00:00,23.169969577797,22.3469000276741,0.0,0.14327485380116958,4.3,78,13,2.1,88,6.8,11.5,14.2,0.0,0.0,0.0,2.0,88.0,0.0,0.0,0.0,180.0,0.0,101470.0
2025-01-14 05:00:00,23.106430743644,22.1862889827059,0.0,0.14345760233918128,4.1,77,24,1.9,87,6.4,11.3,14.2,0.0,0.0,0.0,3.0,89.0,0.0,0.0,1.0,192.0,0.0,101420.0
2025-01-14 06:00:00,23.0752932140426,22.1916881323907,0.0,0.14364035087719298,4.2,77,18,2.1,92,6.3,11.1,14.2,0.0,0.0,0.0,3.0,87.0,0.0,0.0,0.0,142.0,0.0,101440.0
2025-01-14 07:00:00,23.2222473731995,22.1267689377496,0.0,0.14382309941520466,4.2,76,7,1.1,70,6.0,10.8,14.2,0.0,0.0,0.0,3.0,87.0,0.0,0.0,0.0,192.0,0.0,101440.0
2025-01-14 08:00:00,23.1259379758136,22.1124037988343,0.0,0.14400584795321636,4.9,77,23,1.5,80,6.0,10.6,14.2,0.0,0.0,0.01,1.0,85.0,0.0,0.0,0.0,168.0,0.0,101500.0
2025-01-14 09:00:00,23.30950882481,22.1300874006814,0.0,0.14418859649122806,8.9,67,18,1.5,65,7.3,10.5,14.2,0.0,0.0,0.06,2.0,89.0,2415.0,0.0,0.0,174.0,0.0,101570.0
2025-01-14 10:00:00,23.1236139964094,21.9984635396436,0.0,0.14437134502923976,11.6,56,4,6.3,51,9.1,10.4,14.2,0.0,0.0,0.16,8.0,71.0,8682.0,0.0,0.0,198.0,0.0,101600.0
2025-01-14 11:00:00,23.2235723922024,21.9343977907879,0.0,0.14455409356725146,13.2,48,1,11.8,63,10.9,10.5,14.1,0.0,0.0,0.24,9.0,68.0,24380.0,1.0,1.0,299.0,0.0,101660.0
2025-01-14 12:00:00,23.2925207132562,22.0610163904627,0.0,0.14473684210526316,13.8,45,16,14.4,56,12.3,10.6,14.1,0.0,0.0,0.29,12.0,55.0,40176.0,2.0,1.0,80.0,0.0,101670.0
2025-01-14 13:00:00,23.3472984618773,22.1030990059581,0.0,0.14491959064327484,13.9,46,28,16.7,46,13.2,10.8,14.1,0.0,0.0,0.29,14.0,41.0,49260.0,2.0,3.0,106.0,0.0,101580.0
2025-01-14 14:00:00,23.4611243260243,21.8522831498399,0.0,0.14510233918128654,13.0,52,17,20.5,52,13.6,11.0,14.1,0.0,0.0,0.24,14.0,44.0,55381.0,3.0,3.0,60.0,0.0,101490.0
2025-01-14 15:00:00,23.3193585240343,21.7737152438834,0.0,0.14528508771929824,12.5,54,40,20.5,53,13.6,11.2,14.1,0.0,0.0,0.21,14.0,50.0,41676.0,2.0,5.0,90.0,0.0,101440.0
2025-01-14 16:00:00,23.6593881848608,21.851516406861,0.0,0.14546783625730994,11.8,57,38,19.5,58,13.1,11.4,14.1,0.0,0.0,0.14,13.0,42.0,29122.0,1.0,5.0,60.0,0.0,101460.0
2025-01-14 17:00:00,23.5076964888927,21.9071444520228,0.0,0.14565058479532164,11.0,61,43,16.7,61,12.4,11.5,14.1,0.0,0.0,0.08,13.0,57.0,18949.0,1.0,5.0,43.0,0.0,101470.0
2025-01-14 18:00:00,23.4144559292916,21.8109459490324,0.0,0.14583333333333331,9.7,70,21,8.8,69,11.5,11.6,14.1,0.0,0.0,0.04,11.0,62.0,3775.0,0.0,4.0,54.0,0.0,101510.0
2025-01-14 19:00:00,23.475558237347,21.9396006863915,0.0,0.14601608187134502,7.9,80,48,5.9,62,10.5,11.6,14.1,0.0,0.0,0.0,11.0,64.0,0.0,0.0,0.0,131.0,0.0,101530.0
2025-01-14 20:00:00,23.4088690928533,21.9227077564454,0.0,0.14619883040935672,8.2,81,43,1.5,59,9.7,11.5,14.1,0.0,0.0,0.0,10.0,69.0,0.0,0.0,0.0,101.0,0.0,101570.0
2025-01-14 21:00:00,23.4918568613781,22.0274818423262,0.0,0.14638157894736842,7.8,83,31,0.7,53,9.0,11.5,14.1,0.0,0.0,0.0,10.0,77.0,0.0,0.0,2.0,37.0,0.0,101610.0
2025-01-14 22:00:00,23.456776221361,21.9014031793245,0.0,0.14656432748538012,6.9,85,52,2.3,103,8.4,11.4,14.1,0.0,0.0,0.0,9.0,86.0,0.0,0.0,0.0,210.0,0.0,101560.0
2025-01-14 23:00:00,23.5644144133166,21.9675008472581,0.0,0.1467470760233918,6.8,87,24,3.1,281,8.2,11.2,14.1,0.1,0.1,0.0,7.0,91.0,0.0,0.0,1.0,264.0,0.0,101570.0
2025-01-15 00:00:00,23.3447950520365,21.7965895238874,0.0,0.1469298245614035,5.7,92,51,3.0,302,7.8,11.1,14.0,0.1,0.1,0.0,8.0,91.0,0.0,0.0,0.0,180.0,3.0,101630.0
2025-01-15 01:00:00,23.7116420883861,21.6771350931558,0.0,0.1471125730994152,7.8,88,51,2.7,151,8.9,11.2,14.0,0.2,0.2,0.0,8.0,89.0,0.0,0.0,0.0,204.0,1.0,101590.0
2025-01-15 02:00:00,23.4586706745021,21.7268508767197,0.0,0.1472953216374269,6.8,87,10,3.4,219,8.1,11.1,14.0,0.5,0.5,0.0,8.0,89.0,0.0,0.0,0.0,210.0,0.0,101570.0
2025-01-15 03:00:00,23.5103606702579,21.7559071544326,0.0,0.1474780701754386,5.8,93,96,3.1,283,7.4,10.9,14.0,0.1,0.1,0.0,7.0,92.0,0.0,0.0,0.0,180.0,0.0,101590.0
2025-01-15 04:00:00,23.6588060891657,21.7102047701494,0.0,0.14766081871345027,6.3,96,27,6.8,213,7.4,10.8,14.0,0.2,0.2,0.0,8.0,91.0,0.0,0.0,1.0,180.0,0.0,101610.0
2025-01-15 05:00:00,23.511249024935,21.6229872697698,0.0,0.14784356725146197,5.5,96,48,5.9,237,7.0,10.7,14.0,0.0,0.0,0.0,8.0,91.0,0.0,0.0,0.0,198.0,0.0,101580.0
2025-01-15 06:00:00,23.6310107662723,21.7275501217465,0.0,0.14802631578947367,5.6,95,24,5.9,237,6.8,10.5,14.0,0.0,0.0,0.0,7.0,91.0,0.0,0.0,0.0,222.0,0.0,101540.0
2025-01-15 07:00:00,23.4267538350513,21.7720642555684,0.0,0.14820906432748537,5.7,94,34,7.3,248,6.6,10.3,14.0,0.0,0.0,0.0,7.0,93.0,0.0,0.0,0.0,228.0,0.0,101560.0
2025-01-15 08:00:00,23.5755469481729,21.7170112014098,0.0,0.14839181286549707,6.2,92,88,9.8,247,6.6,10.2,14.0,0.0,0.0,0.01,7.0,92.0,0.0,0.0,1.0,246.0,0.0,101590.0
2025-01-15 09:00:00,23.3637785691143,21.7306585996207,0.0,0.14857456140350878,8.1,91,95,11.7,240,7.5,10.1,14.0,0.0,0.0,0.04,7.0,92.0,3732.0,0.0,1.0,192.0,0.0,101600.0
2025-01-15 10:00:00,23.677250128595,21.8218996355904,0.0,0.14875730994152045,10.2,81,10,10.1,237,8.8,10.0,13.9,0.0,0.0,0.1,9.0,85.0,11392.0,0.0,1.0,192.0,0.0,101620.0
2025-01-15 11:00:00,23.4939431018993,21.5498119117313,0.0,0.14894005847953215,12.2,71,46,7.9,258,10.5,10.1,13.9,0.0,0.0,0.21,11.0,76.0,29968.0,1.0,2.0,240.0,0.0,101660.0
2025-01-15 12:00:00,23.5081954539009,22.067883476686,0.0,0.14912280701754385,13.1,66,42,4.6,265,12.1,10.3,13.9,0.0,0.0,0.23,13.0,69.0,58798.0,3.0,3.0,256.0,0.0,101610.0
2025-01-15 13:00:00,23.6182568642945,21.6962401448049,0.0,0.14930555555555555,14.0,59,40,1.8,302,13.6,10.7,13.9,0.0,0.0,0.23,13.0,68.0,30333.0,2.0,2.0,300.0,0.0,101550.0
2025-01-15 14:00:00,23.6861784734025,21.7806971540194,0.0,0.14948830409356725,14.5,57,51,3.0,326,14.4,11.0,13.9,0.0,0.0,0.23,15.0,53.0,35673.0,3.0,1.0,180.0,0.0,101450.0
2025-01-15 15:00:00,23.4547828787992,21.6248965021203,0.0,0.14967105263157893,14.3,57,66,5.1,355,14.5,11.2,13.9,0.0,0.0,0.17,14.0,57.0,23190.0,1.0,2.0,291.0,0.0,101390.0
2025-01-15 16:00:00,23.6584391156381,21.7844873389854,0.0,0.14985380116959063,13.5,63,42,8.1,13,14.1,11.5,13.9,0.0,0.0,0.11,14.0,62.0,14990.0,1.0,1.0,6.0,0.0,101370.0
2025-01-15 17:00:00,23.7815919932936,21.6963815925328,0.0,0.15003654970760233,11.5,77,20,4.8,29,13.3,11.6,13.9,0.0,0.0,0.04,14.0,63.0,10052.0,0.0,2.0,0.0,0.0,101350.0
2025-01-15 18:00:00,23.7995507252079,21.4720081489832,0.0,0.15021929824561403,9.7,84,12,2.9,41,11.9,11.7,13.9,0.0,0.0,0.02,13.0,68.0,2284.0,0.0,2.0,54.0,0.0,101360.0
2025-01-15 19:00:00,23.8021124790498,21.9457059430474,0.0,0.15040204678362573,8.7,86,4,2.8,117,10.7,11.7,13.9,0.0,0.0,0.0,10.0,78.0,0.0,0.0,0.0,114.0,0.0,101380.0
2025-01-15 20:00:00,23.5518932429563,21.6735260335518,0.0,0.15058479532163743,7.4,89,2,3.8,174,9.8,11.7,13.9,0.0,0.0,0.0,8.0,79.0,0.0,0.0,0.0,168.0,0.0,101410.0
2025-01-15 21:00:00,23.7276406425794,21.7532245520293,0.0,0.1507675438596491,6.5,92,8,5.2,193,9.2,11.6,13.9,0.0,0.0,0.0,8.0,81.0,0.0,0.0,0.0,162.0,0.0,101430.0
2025-01-15 22:00:00,23.613319196029,21.7633784215925,0.0,0.1509502923976608,5.7,93,16,4.5,216,8.7,11.5,13.9,0.0,0.0,0.0,8.0,79.0,0.0,0.0,1.0,176.0,0.0,101380.0
2025-01-15 23:00:00,23.5924401819133,21.647129900385,0.0,0.1511330409356725,5.7,90,7,5.8,231,8.1,11.3,13.9,0.0,0.0,0.0,6.0,87.0,0.0,0.0,0.0,210.0,0.0,101380.0
2025-01-16 00:00:00,23.6062765836676,21.4902886327256,0.0,0.1513157894736842,5.9,89,14,7.2,232,7.8,11.2,13.9,0.0,0.0,0.0,6.0,85.0,0.0,0.0,1.0,186.0,0.0,101310.0
2025-01-16 01:00:00,23.6472019105546,21.4640891871674,0.0,0.1514985380116959,4.5,90,52,6.1,234,7.2,11.1,13.9,0.0,0.0,0.0,6.0,87.0,0.0,0.0,2.0,252.0,0.0,101230.0
2025-01-16 02:00:00,23.7474561581887,21.40060499011,0.0,0.15168128654970758,4.5,89,98,6.6,231,6.9,10.9,13.8,0.0,0.0,0.0,5.0,89.0,0.0,0.0,1.0,198.0,0.0,101160.0
2025-01-16 03:00:00,23.7727196868254,21.5548916477371,0.0,0.15186403508771928,5.3,86,100,8.2,226,6.9,10.7,13.8,0.0,0.0,0.0,5.0,87.0,0.0,0.0,1.0,192.0,0.0,101120.0
2025-01-16 04:00:00,23.6204807975508,21.4846032290974,0.0,0.15204678362573099,6.3,81,91,8.6,225,7.0,10.6,13.8,0.0,0.0,0.0,5.0,86.0,0.0,0.0,2.0,192.0,0.0,101090.0
2025-01-16 05:00:00,23.5773454440588,21.6362878466586,0.0,0.1522295321637427,5.8,83,53,7.4,224,6.9,10.4,13.8,0.0,0.0,0.0,6.0,84.0,0.0,0.0,1.0,198.0,0.0,101050.0
2025-01-16 06:00:00,23.6599315151445,21.5635681126087,0.0,0.1524122807017544,5.9,80,8,8.6,225,6.8,10.3,13.8,0.0,0.0,0.0,7.0,82.0,0.0,0.0,1.0,228.0,0.0,101020.0
2025-01-16 07:00:00,23.5267621121332,21.498871230938,0.0,0.15259502923976606,5.3,80,5,9.4,226,6.6,10.2,13.8,0.0,0.0,0.01,6.0,85.0,0.0,0.0,2.0,234.0,0.0,100990.0
2025-01-16 08:00:00,23.5602177219739,21.5945771252864,0.0,0.15277777777777776,6.0,75,7,10.2,225,6.6,10.0,13.8,0.0,0.0,0.03,6.0,81.0,67.0,0.0,2.0,240.0,0.0,101010.0
2025-01-16 09:00:00,23.5867987515562,21.408733458574,0.0,0.15296052631578946,9.9,64,0,10.4,225,7.6,9.9,13.8,0.0,0.0,0.08,5.0,80.0,3846.0,0.0,2.0,198.0,0.0,101040.0
2025-01-16 10:00:00,23.8350513414995,21.4089353224491,0.0,0.15314327485380116,13.3,50,0,11.3,238,9.4,9.9,13.8,0.0,0.0,0.19,8.0,70.0,14607.0,1.0,3.0,240.0,0.0,101070.0
2025-01-16 11:00:00,23.7606932373696,21.4992079723551,0.0,0.15332602339181287,15.1,40,0,12.7,249,11.1,10.0,13.7,0.0,0.0,0.28,10.0,61.0,31595.0,2.0,4.0,234.0,0.0,101080.0
2025-01-16 12:00:00,23.683686044835,21.5992617154712,0.0,0.15350877192982454,16.3,33,21,10.1,264,12.7,10.2,13.7,0.0,0.0,0.33,13.0,51.0,45564.0,3.0,3.0,270.0,0.0,101050.0
2025-01-16 13:00:00,23.7948502536131,21.455311187518,0.0,0.15369152046783624,16.9,29,66,6.0,304,14.4,10.6,13.7,0.0,0.0,0.34,15.0,43.0,51421.0,3.0,5.0,294.0,0.0,100960.0
2025-01-16 14:00:00,23.6584935333764,21.3674454763098,0.0,0.15387426900584794,17.0,27,96,8.4,338,15.2,10.9,13.7,0.0,0.0,0.32,16.0,31.0,43759.0,3.0,2.0,282.0,0.0,100870.0
2025-01-16 15:00:00,23.6157861018648,21.4510945418834,0.0,0.15405701754385964,16.4,31,100,10.3,358,15.3,11.2,13.7,0.0,0.0,0.26,17.0,31.0,37844.0,2.0,2.0,269.0,0.0,100800.0
2025-01-16 16:00:00,23.7052001751977,21.3859750426083,0.0,0.15423976608187134,15.1,41,100,10.0,13,14.8,11.5,13.7,0.0,0.0,0.17,16.0,33.0,22452.0,1.0,4.0,5.0,0.0,100800.0
2025-01-16 17:00:00,23.7459086370246,21.3224225437843,0.0,0.15442251461988304,12.3,58,100,3.7,35,13.6,11.7,13.7,0.0,0.0,0.05,16.0,37.0,10655.0,0.0,4.0,8.0,0.0,100830.0
2025-01-16 18:00:00,23.7085279971092,21.4041618069201,0.0,0.15460526315789472,11.4,58,99,1.5,59,12.2,11.8,13.7,0.0,0.0,0.02,14.0,48.0,928.0,0.0,2.0,18.0,0.0,100840.0
2025-01-16 19:00:00,23.7129413856955,21.3950680763604,0.0,0.15478801169590642,10.8,60,100,1.8,106,11.3,11.8,13.7,0.0,0.0,0.0,13.0,55.0,0.0,0.0,0.0,26.0,0.0,100890.0
2025-01-16 20:00:00,23.8546086668115,21.2868808222199,0.0,0.15497076023391812,10.0,60,99,3.2,167,10.6,11.8,13.7,0.0,0.0,0.0,12.0,58.0,0.0,0.0,0.0,186.0,0.0,100940.0
2025-01-16 21:00:00,23.6945746709087,21.2822890976336,0.0,0.15515350877192982,9.4,62,100,4.0,178,10.2,11.8,13.7,0.0,0.0,0.0,11.0,60.0,0.0,0.0,0.0,188.0,0.0,100940.0
2025-01-16 22:00:00,23.724566040531,21.3770411227353,0.0,0.15533625730994152,8.7,68,100,2.9,198,9.8,11.7,13.7,0.0,0.0,0.0,10.0,64.0,0.0,0.0,0.0,180.0,0.0,100960.0
2025-01-16 23:00:00,23.7916213464153,21.2149794629023,0.0,0.1555190058479532,9.4,66,100,1.1,333,9.6,11.6,13.7,0.0,0.0,0.0,9.0,66.0,0.0,0.0,0.0,174.0,0.0,100990.0
2025-01-17 00:00:00,23.6741406345188,21.4444275890836,0.0,0.1557017543859649,9.6,66,100,1.9,311,9.5,11.5,13.7,0.0,0.0,0.0,9.0,64.0,0.0,0.0,1.0,161.0,0.0,100990.0
2025-01-17 01:00:00,23.6719968925908,21.3709133347324,0.0,0.1558845029239766,10.5,62,100,1.8,11,10.3,11.6,13.7,0.0,0.0,0.0,9.0,68.0,0.0,0.0,0.0,198.0,0.0,100960.0
2025-01-17 02:00:00,23.7112016169598,21.3025350988497,0.0,0.1560672514619883,9.1,84,100,5.5,50,10.0,11.6,13.7,0.5,0.5,0.0,8.0,73.0,0.0,0.0,0.0,90.0,0.0,100920.0
2025-01-17 03:00:00,23.6741576422008,21.4233632040348,0.0,0.15625,9.3,89,95,3.0,167,9.8,11.5,13.7,1.3,1.3,0.0,10.0,70.0,0.0,0.0,2.0,354.0,0.0,100960.0
2025-01-17 04:00:00,23.6670487484822,21.5641519517309,0.0,0.1564327485380117,9.0,96,100,2.4,6,9.7,11.5,13.7,1.3,1.3,0.0,9.0,85.0,0.0,0.0,0.0,168.0,8.0,101000.0
2025-01-17 05:00:00,23.5846508780802,21.3322570426665,0.0,0.15661549707602337,8.7,94,98,2.8,188,9.4,11.4,13.7,0.7,0.7,0.0,9.0,89.0,0.0,0.0,0.0,186.0,2.0,101000.0
2025-01-17 06:00:00,23.6527236252188,21.4411249346397,0.0,0.15679824561403508,8.2,93,100,0.5,13,8.8,11.3,13.7,0.2,0.2,0.0,8.0,92.0,0.0,0.0,0.0,294.0,0.0,101010.0
2025-01-17 07:00:00,23.8241429393414,21.1591519088726,0.0,0.15698099415204678,8.4,94,100,1.9,329,8.7,11.2,13.7,0.3,0.3,0.0,8.0,93.0,0.0,0.0,0.0,303.0,0.0,101090.0
2025-01-17 08:00:00,23.821884758249,21.003751922511,0.0,0.15716374269005848,8.5,95,100,2.6,307,8.7,11.1,13.7,0.3,0.3,0.01,8.0,94.0,44.0,0.0,0.0,175.0,13.0,101170.0
2025-01-17 09:00:00,23.5857441074685,21.3355030571835,0.0,0.15734649122807018,9.6,89,81,2.2,352,9.4,11.0,13.7,0.1,0.1,0.04,8.0,94.0,1226.0,0.0,0.0,276.0,6.0,101230.0
2025-01-17 10:00:00,23.6860960931662,21.5095839717138,0.0,0.15752923976608185,10.9,81,58,3.3,348,10.4,11.0,13.7,0.1,0.1,0.1,9.0,94.0,9615.0,1.0,1.0,264.0,5.0,101270.0
2025-01-17 11:00:00,23.7897454486079,22.2191805990988,0.0,0.15771198830409355,11.3,80,71,3.4,353,11.3,11.0,13.7,0.1,0.1,0.15,9.0,91.0,11308.0,1.0,2.0,256.0,0.0,101310.0
2025-01-17 12:00:00,24.2870500164448,22.2198663424567,0.0,0.15789473684210525,11.9,77,67,4.7,360,12.3,11.1,13.6,0.1,0.1,0.18,10.0,89.0,27926.0,1.0,3.0,264.0,0.0,101340.0
2025-01-17 13:00:00,24.4423835808567,22.4056095854238,0.0,0.15807748538011696,12.5,73,67,7.3,39,12.7,11.3,13.6,0.1,0.1,0.19,12.0,79.0,44295.0,3.0,2.0,251.0,0.0,101250.0
2025-01-17 14:00:00,25.033929949981,22.7106758304893,0.0,0.15826023391812866,12.8,69,39,8.5,32,13.4,11.4,13.6,0.0,0.0,0.19,10.0,89.0,11284.0,1.0,0.0,334.0,10.0,101200.0
2025-01-17 15:00:00,25.5104094781744,22.7131155491404,0.0,0.15844298245614033,12.8,68,25,9.4,39,13.7,11.6,13.6,0.0,0.0,0.17,13.0,70.0,45236.0,2.0,1.0,324.0,1.0,101160.0
2025-01-17 16:00:00,25.91043538587,22.9877463678396,0.0,0.15862573099415203,12.5,67,17,11.2,43,13.5,11.7,13.6,0.0,0.0,0.13,12.0,77.0,9182.0,0.0,1.0,0.0,0.0,101180.0
2025-01-17 17:00:00,25.789900887007,22.8426647043287,0.0,0.15880847953216373,11.0,74,27,6.5,50,12.8,11.9,13.6,0.0,0.0,0.05,11.0,82.0,3819.0,0.0,1.0,30.0,0.0,101230.0
2025-01-17 18:00:00,25.8687565509178,22.9332912584937,0.0,0.15899122807017543,9.1,82,30,3.4,62,11.5,11.9,13.6,0.0,0.0,0.02,10.0,87.0,584.0,0.0,0.0,204.0,0.0,101270.0
2025-01-17 19:00:00,26.0241978882493,22.686337166766,0.0,0.15917397660818713,8.7,84,54,2.5,84,10.6,11.9,13.6,0.0,0.0,0.0,9.0,91.0,0.0,0.0,0.0,174.0,0.0,101340.0
2025-01-17 20:00:00,26.0491986268088,22.5769706092184,0.0,0.1593567251461988,7.9,87,44,2.7,126,9.9,11.8,13.6,0.0,0.0,0.0,8.0,92.0,0.0,0.0,0.0,180.0,0.0,101360.0
2025-01-17 21:00:00,26.0555254809243,22.8191250755074,0.0,0.1595394736842105,7.5,89,64,1.0,61,9.4,11.7,13.6,0.0,0.0,0.0,8.0,93.0,0.0,0.0,0.0,186.0,0.0,101380.0
2025-01-17 22:00:00,25.9489098510783,22.9240641074661,0.0,0.1597222222222222,7.1,89,28,1.4,27,8.9,11.6,13.6,0.0,0.0,0.0,8.0,92.0,0.0,0.0,0.0,186.0,0.0,101400.0
2025-01-17 23:00:00,26.0606675421488,22.8853310555082,0.0,0.1599049707602339,6.2,91,54,3.0,259,8.4,11.5,13.6,0.0,0.0,0.0,7.0,93.0,0.0,0.0,0.0,198.0,0.0,101390.0
2025-01-18 00:00:00,25.9712070525365,22.8539286355063,0.0,0.1600877192982456,6.7,92,46,5.5,241,8.3,11.3,13.6,0.0,0.0,0.0,6.0,95.0,0.0,0.0,0.0,186.0,0.0,101380.0
2025-01-18 01:00:00,25.9790903540255,22.686734133228,0.0,0.1602704678362573,7.4,90,60,4.4,240,8.8,11.4,13.6,0.0,0.0,0.0,7.0,95.0,0.0,0.0,0.0,210.0,0.0,101360.0
2025-01-18 02:00:00,25.9715195528871,22.8347265568919,0.0,0.160453216374269,7.6,91,48,6.5,233,8.7,11.3,13.6,0.0,0.0,0.0,7.0,94.0,0.0,0.0,0.0,234.0,0.0,101300.0
2025-01-18 03:00:00,26.0204587385769,22.6140358373376,0.0,0.1606359649122807,7.4,90,60,7.7,241,8.5,11.2,13.6,0.0,0.0,0.0,8.0,92.0,0.0,0.0,2.0,258.0,0.0,101270.0
2025-01-18 04:00:00,25.9050411979452,22.7702203902488,0.0,0.1608187134502924,6.9,92,81,7.1,243,8.2,11.0,13.6,0.0,0.0,0.0,8.0,90.0,0.0,0.0,2.0,228.0,0.0,101260.0
2025-01-18 05:00:00,26.0337204400651,22.7214763251226,0.0,0.1610014619883041,6.7,92,100,6.7,233,8.0,10.9,13.6,0.0,0.0,0.0,8.0,89.0,0.0,0.0,0.0,258.0,0.0,101230.0
2025-01-18 06:00:00,25.8747702212127,22.4912497717883,0.0,0.1611842105263158,7.3,90,100,7.9,233,8.0,10.8,13.6,0.0,0.0,0.0,9.0,91.0,0.0,0.0,1.0,246.0,0.0,101230.0
2025-01-18 07:00:00,25.937972318132,22.8967428866914,0.0,0.16136695906432746,7.2,90,100,8.5,231,8.0,10.7,13.6,0.0,0.0,0.0,8.0,92.0,0.0,0.0,0.0,171.0,0.0,101270.0
2025-01-18 08:00:00,25.9079813544026,22.8277833197031,0.0,0.16154970760233917,7.7,89,100,9.3,232,8.1,10.6,13.6,0.0,0.0,0.02,8.0,93.0,320.0,0.0,0.0,180.0,0.0,101290.0
2025-01-18 09:00:00,25.9751564523423,22.5648994945563,0.0,0.16173245614035087,8.8,87,100,10.1,221,8.6,10.5,13.6,0.3,0.3,0.04,8.0,93.0,6584.0,0.0,0.0,270.0,0.0,101330.0
2025-01-18 10:00:00,26.0029621843808,22.7194121793325,0.0,0.16191520467836257,9.5,90,100,9.9,221,9.1,10.5,13.6,0.9,0.9,0.05,9.0,91.0,12210.0,1.0,0.0,276.0,0.0,101390.0
2025-01-18 11:00:00,26.1391406258028,22.5595285073755,0.0,0.16209795321637427,9.9,90,100,9.2,218,9.5,10.4,13.6,1.4,1.4,0.05,9.0,91.0,13395.0,0.5,0.5,285.0,0.5,101405.0
2025-01-18 12:00:00,26.2934121733013,22.7307666579711,0.0,0.16228070175438597,9.9,91,100,9.3,231,9.9,10.5,13.5,0.6,0.6,0.06,9.0,91.0,14580.0,0.0,1.0,294.0,1.0,101420.0
2025-01-18 13:00:00,26.33002493022,22.8152839935142,0.0,0.16246345029239764,12.1,78,100,8.6,256,11.4,10.7,13.5,0.2,0.2,0.13,10.0,91.0,23126.0,1.0,2.0,270.0,1.0,101370.0
2025-01-18 14:00:00,26.3900414865172,23.0324704954401,0.0,0.16264619883040934,12.7,72,99,4.2,297,12.1,10.9,13.5,0.1,0.1,0.15,11.0,89.0,34004.0,2.0,3.0,258.0,0.0,101270.0
2025-01-18 15:00:00,26.2899480787285,22.6407806994398,0.0,0.16282894736842105,13.2,70,87,1.4,27,12.8,11.0,13.5,0.0,0.0,0.14,11.0,85.0,27023.0,2.0,2.0,264.0,0.0,101200.0
2025-01-18 16:00:00,26.1482677230316,22.7922929076806,0.0,0.16301169590643275,13.2,70,30,2.1,12,13.0,11.2,13.5,0.0,0.0,0.11,12.0,84.0,26096.0,1.0,2.0,223.0,0.0,101170.0
2025-01-18 17:00:00,26.0935955019102,22.875209848682,0.0,0.16319444444444445,11.6,81,68,2.9,33,12.5,11.3,13.5,0.0,0.0,0.04,12.0,85.0,12668.0,1.0,0.0,198.0,0.0,101190.0
2025-01-18 18:00:00,26.1285372893029,22.7211353800045,0.0,0.16337719298245612,10.5,82,80,1.7,71,11.6,11.4,13.5,0.0,0.0,0.02,12.0,80.0,6357.0,0.0,0.0,258.0,0.0,101220.0
2025-01-18 19:00:00,26.3969686438653,22.9200294538374,0.0,0.16355994152046782,9.6,86,100,3.2,174,10.9,11.4,13.5,0.0,0.0,0.0,11.0,86.0,162.0,0.0,0.0,228.0,0.0,101250.0
2025-01-18 20:00:00,26.2082666534894,22.8053968207663,0.0,0.16374269005847952,9.0,89,4,3.7,210,10.4,11.4,13.5,0.0,0.0,0.0,10.0,89.0,0.0,0.0,0.0,192.0,0.0,101280.0
2025-01-18 21:00:00,26.1022660206541,22.7529050940958,0.0,0.16392543859649122,7.3,94,0,5.0,235,9.7,11.4,13.5,0.0,0.0,0.0,9.0,93.0,0.0,0.0,0.0,210.0,0.0,101300.0
2025-01-18 22:00:00,26.2151160881234,22.7104705311253,0.0,0.16410818713450293,6.6,94,0,6.1,237,9.1,11.3,13.5,0.0,0.0,0.0,9.0,94.0,0.0,0.0,0.0,210.0,0.0,101270.0
2025-01-18 23:00:00,26.4592018945602,22.7491614390779,0.0,0.1642909356725146,6.1,93,0,6.4,223,8.6,11.2,13.5,0.0,0.0,0.0,8.0,93.0,0.0,0.0,0.0,180.0,0.0,101250.0
2025-01-19 00:00:00,26.2963814335666,22.7452320293928,0.0,0.1644736842105263,5.6,94,0,7.0,218,8.1,11.0,13.5,0.0,0.0,0.0,7.0,94.0,0.0,0.0,1.0,186.0,0.0,101250.0
2025-01-19 01:00:00,26.2922194026603,22.6801161175775,0.0,0.164656432748538,5.1,95,0,5.3,224,8.2,10.8,13.5,0.0,0.0,0.0,7.0,94.0,0.0,0.0,1.0,186.0,0.0,101230.0
2025-01-19 02:00:00,26.1767316759693,22.5702387365292,0.0,0.1648391812865497,4.9,95,1,4.9,236,7.7,10.6,13.5,0.0,0.0,0.0,6.0,92.0,0.0,0.0,0.0,198.0,0.0,101190.0
2025-01-19 03:00:00,26.2744937572173,22.7633879795091,0.0,0.1650219298245614,4.7,94,1,4.6,240,7.3,10.5,13.5,0.0,0.0,0.0,5.0,92.0,0.0,0.0,1.0,192.0,0.0,101150.0
2025-01-19 04:00:00,26.0735521735314,22.8020585007075,0.0,0.16520467836257308,4.5,93,1,4.4,219,6.9,10.3,13.5,0.0,0.0,0.0,6.0,91.0,0.0,0.0,1.0,180.0,0.0,101130.0
2025-01-19 05:00:00,26.1326807267461,22.7424849226607,0.0,0.16538742690058478,4.3,93,2,5.4,219,6.6,10.2,13.4,0.0,0.0,0.0,6.0,92.0,0.0,0.0,1.0,198.0,0.0,101100.0
2025-01-19 06:00:00,26.2839172673225,22.5912616613412,0.0,0.16557017543859648,4.2,93,5,5.4,201,6.4,10.0,13.4,0.0,0.0,0.0,4.0,94.0,0.0,0.0,1.0,186.0,0.0,101050.0
2025-01-19 07:00:00,26.2042812811197,22.5289256131782,0.0,0.16575292397660818,4.0,92,5,4.8,194,6.1,9.9,13.4,0.0,0.0,0.0,4.0,92.0,0.0,0.0,0.0,192.0,0.0,101060.0
2025-01-19 08:00:00,26.2298214824725,22.7296859232702,0.0,0.16593567251461988,5.3,89,2,7.4,224,6.2,9.7,13.4,0.0,0.0,0.01,4.0,92.0,0.0,0.0,1.0,180.0,0.0,101030.0
2025-01-19 09:00:00,26.0598287975435,22.7353419238806,0.0,0.16611842105263158,9.4,80,0,8.4,233,7.3,9.6,13.4,0.0,0.0,0.07,5.0,91.0,2306.0,0.0,0.0,186.0,0.0,101050.0
2025-01-19 10:00:00,26.1354141076232,22.6361312238312,0.0,0.16630116959064326,12.7,68,0,7.7,254,9.2,9.6,13.4,0.0,0.0,0.16,8.0,87.0,6658.0,0.0,1.0,216.0,0.0,101080.0
2025-01-19 11:00:00,26.3018450451211,22.6478772487001,0.0,0.16648391812865496,14.6,58,0,7.0,261,11.1,9.7,13.4,0.0,0.0,0.24,10.0,84.0,25020.0,2.0,2.0,256.0,0.0,101100.0
2025-01-19 12:00:00,26.1037184458837,22.6749519143509,0.0,0.16666666666666666,15.9,54,0,4.9,267,12.9,9.9,13.4,0.0,0.0,0.3,11.0,79.0,43013.0,3.0,2.0,258.0,0.0,101100.0
2025-01-19 13:00:00,25.9207108116544,22.5852212950508,0.0,0.16684941520467836,16.9,51,0,4.4,286,13.9,10.2,13.4,0.0,0.0,0.32,13.0,74.0,52012.0,3.0,2.0,288.0,0.0,101010.0
2025-01-19 14:00:00,25.8199603759158,22.5694410222668,0.0,0.16703216374269006,17.3,46,0,6.0,298,14.9,10.5,13.3,0.0,0.0,0.3,14.0,67.0,52690.0,3.0,2.0,263.0,0.0,100910.0
2025-01-19 15:00:00,26.1166341104697,22.5639825258253,0.0,0.16721491228070173,17.3,44,0,5.2,310,15.3,10.9,13.3,0.0,0.0,0.24,16.0,60.0,46304.0,3.0,2.0,276.0,0.0,100830.0
2025-01-19 16:00:00,26.0657730786618,22.5551823549958,0.0,0.16739766081871343,16.3,53,77,6.4,10,15.1,11.2,13.3,0.0,0.0,0.16,16.0,56.0,31237.0,2.0,2.0,264.0,0.0,100790.0
2025-01-19 17:00:00,25.9870539206033,22.5705313626426,0.0,0.16758040935672514,13.0,74,66,5.9,59,14.0,11.5,13.3,0.0,0.0,0.05,17.0,49.0,13651.0,1.0,1.0,195.0,0.0,100790.0
2025-01-19 18:00:00,26.02513539671,22.3859562140304,0.0,0.16776315789473684,10.9,79,92,2.2,78,12.4,11.6,13.3,0.0,0.0,0.01,16.0,53.0,4848.0,0.0,1.0,308.0,0.0,100820.0
2025-01-19 19:00:00,26.0684609626078,22.4061984011461,0.0,0.16794590643274854,10.3,80,100,0.9,90,11.1,11.6,13.3,0.0,0.0,0.0,12.0,79.0,0.0,0.0,0.0,54.0,0.0,100880.0
2025-01-19 20:00:00,25.8315993440362,22.5227794667226,0.0,0.16812865497076024,10.4,79,100,2.7,185,10.5,11.6,13.3,0.0,0.0,0.0,10.0,86.0,0.0,0.0,0.0,186.0,0.0,100970.0
2025-01-19 21:00:00,25.7857525792232,22.341336211943,0.0,0.1683114035087719,10.9,74,82,2.0,189,10.3,11.6,13.3,0.0,0.0,0.0,10.0,87.0,0.0,0.0,2.0,167.0,0.0,100990.0
2025-01-19 22:00:00,25.7043938877475,22.3231659188831,0.0,0.1684941520467836,9.6,77,66,4.5,235,9.8,11.5,13.3,0.0,0.0,0.0,10.0,88.0,0.0,0.0,0.0,174.0,0.0,100970.0
2025-01-19 23:00:00,25.8590694543573,22.4843385614233,0.0,0.16867690058479531,8.6,78,4,5.7,233,9.3,11.4,13.3,0.0,0.0,0.0,9.0,89.0,0.0,0.0,0.0,276.0,0.0,100960.0
2025-01-20 00:00:00,25.971457425164,22.5812279803743,0.0,0.16885964912280702,7.4,76,0,6.1,230,8.8,11.3,13.3,0.0,0.0,0.0,8.0,92.0,0.0,0.0,0.0,192.0,0.0,100990.0
2025-01-20 01:00:00,25.8428101400663,22.4568599028051,0.0,0.16904239766081872,7.7,71,0,5.6,232,9.5,11.5,13.3,0.0,0.0,0.0,9.0,89.0,0.0,0.0,0.0,186.0,0.0,100950.0
2025-01-20 02:00:00,25.6425392528728,22.328655295073,0.0,0.1692251461988304,6.9,73,0,5.5,231,8.9,11.4,13.3,0.0,0.0,0.0,7.0,89.0,0.0,0.0,1.0,186.0,0.0,100940.0
2025-01-20 03:00:00,25.8147880934597,22.263311973462,0.0,0.1694078947368421,6.3,76,2,5.7,228,8.4,11.3,13.3,0.0,0.0,0.0,8.0,81.0,0.0,0.0,1.0,216.0,0.0,100910.0
2025-01-20 04:00:00,25.6244710914563,22.2211128277907,0.0,0.1695906432748538,5.7,79,0,5.7,213,8.0,11.1,13.3,0.0,0.0,0.0,7.0,85.0,0.0,0.0,1.0,180.0,0.0,100880.0
2025-01-20 05:00:00,25.7869193353208,22.3969987768287,0.0,0.1697733918128655,5.4,82,0,5.7,201,7.7,11.0,13.3,0.0,0.0,0.0,8.0,81.0,0.0,0.0,1.0,186.0,0.0,100880.0
2025-01-20 06:00:00,25.6449268160974,22.2835232383976,0.0,0.1699561403508772,5.4,83,0,5.9,206,7.4,10.8,13.3,0.0,0.0,0.0,8.0,79.0,0.0,0.0,2.0,188.0,0.0,100860.0
2025-01-20 07:00:00,25.6916868843864,22.4756467294226,0.0,0.17013888888888887,5.5,84,0,5.7,211,7.1,10.6,13.3,0.0,0.0,0.0,7.0,82.0,0.0,0.0,1.0,192.0,0.0,100850.0
2025-01-20 08:00:00,25.7193163721179,22.2386436503211,0.0,0.17032163742690057,7.2,80,0,5.6,204,7.2,10.5,13.3,0.0,0.0,0.02,7.0,83.0,0.0,0.0,1.0,192.0,0.0,100860.0
2025-01-20 09:00:00,25.6391836133571,22.3944016296037,0.0,0.17050438596491227,11.7,71,49,7.0,217,8.5,10.4,13.3,0.0,0.0,0.08,8.0,79.0,4937.0,0.0,1.0,210.0,0.0,100890.0
2025-01-20 10:00:00,25.8199506692188,22.2330717497971,0.0,0.17068713450292397,15.6,57,98,6.8,252,10.4,10.4,13.3,0.0,0.0,0.18,11.0,74.0,13523.0,1.0,2.0,222.0,0.0,100900.0
2025-01-20 11:00:00,25.5976054261879,22.3771549513031,0.0,0.17086988304093567,17.9,47,100,7.3,254,12.4,10.5,13.3,0.0,0.0,0.27,13.0,66.0,28732.0,2.0,4.0,288.0,0.0,100950.0
2025-01-20 12:00:00,25.9197362766359,22.2117763215562,0.0,0.17105263157894735,19.3,39,100,8.7,243,13.8,10.7,13.3,0.0,0.0,0.3,15.0,60.0,34144.0,1.0,4.0,256.0,0.0,100920.0
2025-01-20 13:00:00,25.8217106177989,22.2106417578463,0.0,0.17123538011695905,20.7,33,81,10.1,245,14.9,11.0,13.3,0.0,0.0,0.37,15.0,58.0,30300.0,2.0,2.0,258.0,0.0,100830.0
2025-01-20 14:00:00,25.577406809555,22.0894885820365,0.0,0.17141812865497075,21.3,31,68,10.5,239,15.9,11.3,13.3,0.0,0.0,0.36,17.0,52.0,32988.0,2.0,3.0,252.0,0.0,100710.0
2025-01-20 15:00:00,25.6706426042141,22.2275522495843,0.0,0.17160087719298245,21.5,35,98,8.2,243,16.4,11.7,13.3,0.0,0.0,0.29,19.0,45.0,47883.0,2.0,1.0,251.0,0.0,100590.0
2025-01-20 16:00:00,25.6302043609415,22.2774618364337,0.0,0.17178362573099415,20.1,47,100,3.8,294,16.4,12.0,13.3,0.0,0.0,0.17,19.0,43.0,28358.0,2.0,2.0,264.0,0.0,100560.0
2025-01-20 17:00:00,25.9123420467444,22.1976462571794,0.0,0.17196637426900585,16.7,62,100,4.2,2,15.6,12.3,13.3,0.0,0.0,0.06,19.0,43.0,8248.0,1.0,1.0,258.0,0.0,100550.0
2025-01-20 18:00:00,25.6330948037622,22.1957112109733,0.0,0.17214912280701752,14.0,75,100,5.5,53,14.2,12.4,13.3,0.0,0.0,0.03,18.0,56.0,2487.0,0.0,0.0,198.0,0.0,100560.0
2025-01-20 19:00:00,25.663001267914,22.2319627972407,0.0,0.17233187134502922,13.2,75,100,2.8,29,13.1,12.5,13.3,0.0,0.0,0.0,16.0,57.0,0.0,0.0,1.0,168.0,0.0,100580.0
2025-01-20 20:00:00,25.3679505146963,22.3236744683692,0.0,0.17251461988304093,13.6,73,100,0.9,62,12.7,12.6,13.3,0.0,0.0,0.0,14.0,73.0,0.0,0.0,0.0,126.0,0.0,100600.0
2025-01-20 21:00:00,25.3770349140538,22.3260012307542,0.0,0.17269736842105263,13.1,72,100,0.4,78,12.1,12.6,13.3,0.0,0.0,0.0,14.0,74.0,0.0,0.0,1.0,131.0,0.0,100600.0
2025-01-20 22:00:00,25.5972681850883,22.0829530429064,0.0,0.17288011695906433,11.8,76,99,2.2,343,11.4,12.5,13.3,0.0,0.0,0.0,13.0,81.0,0.0,0.0,0.0,178.0,0.0,100600.0
2025-01-20 23:00:00,25.5515217259631,22.0910712066542,0.0,0.173062865497076,10.6,75,100,3.0,227,10.8,12.4,13.3,0.0,0.0,0.0,12.0,83.0,0.0,0.0,0.0,184.0,0.0,100570.0
2025-01-21 00:00:00,25.3223449323197,22.1992677766622,0.0,0.1732456140350877,9.9,73,95,3.0,270,10.4,12.3,13.3,0.0,0.0,0.0,11.0,84.0,0.0,0.0,0.0,161.0,0.0,100620.0
2025-01-21 01:00:00,25.7124746682675,21.99298334132,0.0,0.1734283625730994,10.1,77,100,1.7,170,10.7,12.6,13.3,0.0,0.0,0.0,9.0,86.0,0.0,0.0,0.0,160.0,0.0,100580.0
2025-01-21 02:00:00,25.4360027158213,22.1610337838765,0.0,0.1736111111111111,9.3,78,100,1.3,22,10.2,12.5,13.3,0.0,0.0,0.0,9.0,86.0,0.0,0.0,0.0,188.0,0.0,100540.0
2025-01-21 03:00:00,25.4871896744585,22.1399959710953,0.0,0.1737938596491228,9.0,79,99,1.1,9,9.8,12.3,13.3,0.0,0.0,0.0,8.0,89.0,0.0,0.0,0.0,60.0,0.0,100520.0
2025-01-21 04:00:00,25.2528230740704,22.0288515510238,0.0,0.1739766081871345,9.1,78,99,0.7,42,9.6,12.2,13.3,0.0,0.0,0.0,9.0,86.0,0.0,0.0,0.0,186.0,0.0,100510.0
2025-01-21 05:00:00,25.4191004472681,22.0576163281699,0.0,0.17415935672514618,8.6,80,100,2.3,300,9.3,12.0,13.3,0.0,0.0,0.0,8.0,84.0,0.0,0.0,0.0,168.0,0.0,100470.0
2025-01-21 06:00:00,25.3874134794254,21.9748815595037,0.0,0.17434210526315788,8.3,80,100,3.5,221,9.1,11.9,13.3,0.0,0.0,0.0,9.0,80.0,0.0,0.0,2.0,173.0,0.0,100470.0
2025-01-21 07:00:00,25.3066920035643,22.0208859546097,0.0,0.17452485380116958,8.5,77,100,4.5,213,9.0,11.7,13.3,0.0,0.0,0.0,11.0,69.0,0.0,0.0,1.0,192.0,0.0,100530.0
2025-01-21 08:00:00,25.3523040905796,22.1148133602019,0.0,0.17470760233918128,10.0,73,99,6.0,226,9.1,11.6,13.3,0.0,0.0,0.03,10.0,72.0,0.0,0.0,1.0,186.0,0.0,100570.0
2025-01-21 09:00:00,25.4074714423505,22.0751390289482,0.0,0.17489035087719298,13.9,68,100,7.8,234,10.2,11.5,13.3,0.0,0.0,0.08,11.0,72.0,5384.0,0.0,2.0,178.0,0.0,100580.0
2025-01-21 10:00:00,25.2486006168982,22.006314902614,0.0,0.17507309941520466,18.1,57,100,7.2,242,12.0,11.5,13.3,0.0,0.0,0.17,15.0,57.0,21984.0,1.0,3.0,212.0,0.0,100610.0
2025-01-21 11:00:00,25.3869888506124,21.8560560192878,0.0,0.17525584795321636,20.5,45,99,6.3,270,13.8,11.7,13.3,0.0,0.0,0.26,17.0,50.0,27092.0,1.0,4.0,234.0,0.0,100630.0
2025-01-21 12:00:00,25.2752602352638,21.9315989217879,0.0,0.17543859649122806,21.8,41,100,4.1,305,15.5,11.9,13.3,0.0,0.0,0.31,18.0,49.0,38233.0,3.0,3.0,234.0,0.0,100590.0
2025-01-21 13:00:00,25.4797482363265,21.7135251161958,0.0,0.17562134502923976,22.7,42,99,5.3,328,16.2,12.0,13.3,0.0,0.0,0.35,19.0,47.0,48945.0,3.0,3.0,240.0,0.0,100490.0
2025-01-21 14:00:00,25.3380348076043,21.9706094187322,0.0,0.17580409356725146,22.9,41,93,4.2,337,17.3,12.4,13.3,0.0,0.0,0.32,22.0,39.0,45550.0,3.0,4.0,272.0,0.0,100390.0
2025-01-21 15:00:00,25.2408919819482,21.8584084368365,0.0,0.17598684210526314,22.7,44,87,4.6,36,17.9,12.7,13.3,0.0,0.0,0.27,23.0,37.0,39221.0,3.0,1.0,227.0,0.0,100320.0
2025-01-21 16:00:00,25.4055210142712,21.9845870217153,0.0,0.17616959064327484,21.3,53,96,5.0,49,17.8,13.1,13.3,0.0,0.0,0.17,25.0,32.0,27560.0,2.0,0.0,124.0,0.0,100250.0
2025-01-21 17:00:00,25.3701922420437,21.9342546497112,0.0,0.17635233918128654,17.6,66,89,5.9,83,16.8,13.3,13.4,0.0,0.0,0.07,25.0,33.0,10305.0,0.0,1.0,131.0,0.0,100250.0
2025-01-21 18:00:00,25.3072836353823,21.7913897992066,0.0,0.17653508771929824,15.9,68,84,2.4,80,15.2,13.5,13.4,0.0,0.0,0.02,23.0,37.0,2384.0,0.0,0.0,152.0,0.0,100280.0
2025-01-21 19:00:00,25.2780121120369,21.7108135295421,0.0,0.17671783625730994,15.4,69,100,1.1,74,14.0,13.6,13.4,0.0,0.0,0.0,18.0,62.0,0.0,0.0,0.0,7.0,0.0,100310.0
2025-01-21 20:00:00,25.2158152614023,22.1097389963024,0.0,0.1769005847953216,15.2,67,87,0.8,63,13.0,13.5,13.4,0.0,0.0,0.0,15.0,69.0,0.0,0.0,0.0,173.0,0.0,100340.0
2025-01-21 21:00:00,25.3100010974457,21.9711046419534,0.0,0.17708333333333331,13.5,71,83,0.4,63,12.2,13.5,13.4,0.0,0.0,0.0,13.0,75.0,0.0,0.0,0.0,192.0,0.0,100370.0
2025-01-21 22:00:00,25.0128284679596,21.6920068794182,0.0,0.17726608187134502,11.7,71,63,6.2,257,11.7,13.4,13.4,0.0,0.0,0.01,13.0,76.0,0.0,0.0,0.0,72.0,0.0,100340.0
2025-01-21 23:00:00,25.2429869277084,21.8254228323122,0.0,0.17744883040935672,11.5,67,0,7.9,255,11.4,13.3,13.4,0.0,0.0,0.02,12.0,74.0,0.0,0.0,0.0,222.0,0.0,100370.0
2025-01-22 00:00:00,25.1397471866929,21.7941798224696,0.0,0.17763157894736842,10.7,68,0,7.2,240,11.1,13.1,13.4,0.0,0.0,0.01,13.0,72.0,0.0,0.0,2.0,162.0,0.0,100420.0
2025-01-22 01:00:00,25.1067315956767,21.9465041475011,0.0,0.17781432748538012,10.6,70,6,6.1,254,10.3,13.1,13.4,0.0,0.0,0.01,11.0,85.0,0.0,0.0,1.0,176.0,0.0,100390.0
2025-01-22 02:00:00,24.9410706792745,21.8069831843576,0.0,0.1779970760233918,10.1,70,39,6.4,248,10.1,13.0,13.4,0.0,0.0,0.01,10.0,82.0,0.0,0.0,0.0,180.0,0.0,100360.0
2025-01-22 03:00:00,25.0283549627937,21.8752315528599,0.0,0.1781798245614035,9.8,70,64,6.6,233,9.8,12.8,13.5,0.0,0.0,0.01,10.0,82.0,0.0,0.0,0.0,216.0,0.0,100320.0
2025-01-22 04:00:00,25.0861882018411,21.896478302549,0.0,0.1783625730994152,9.6,71,100,7.0,228,9.8,12.6,13.5,0.0,0.0,0.01,8.0,86.0,0.0,0.0,0.0,179.0,0.0,100300.0
2025-01-22 05:00:00,25.0705038141077,21.8862395311381,0.0,0.1785453216374269,9.1,72,100,7.1,222,9.7,12.4,13.5,0.0,0.0,0.01,9.0,80.0,0.0,0.0,0.0,192.0,0.0,100250.0
2025-01-22 06:00:00,25.0824160829642,21.770626826329,0.0,0.1787280701754386,8.8,71,100,6.9,216,9.5,12.3,13.5,0.0,0.0,0.01,11.0,71.0,0.0,0.0,1.0,198.0,0.0,100220.0
2025-01-22 07:00:00,24.9258808181973,21.6736115325052,0.0,0.17891081871345027,8.7,68,100,7.5,211,9.4,12.1,13.5,0.0,0.0,0.01,10.0,77.0,0.0,0.0,2.0,178.0,0.0,100240.0
2025-01-22 08:00:00,24.8205743713618,21.7848017579415,0.0,0.17909356725146197,9.9,65,100,8.2,208,9.5,12.0,13.5,0.0,0.0,0.04,12.0,64.0,273.0,0.0,4.0,228.0,0.0,100280.0
2025-01-22 09:00:00,24.9429260992937,21.728490133476,0.0,0.17927631578947367,14.0,60,100,8.9,200,10.4,11.9,13.5,0.0,0.0,0.1,12.0,63.0,6308.0,0.0,2.0,240.0,0.0,100300.0
2025-01-22 10:00:00,25.0536461163913,21.8381249024234,0.0,0.17945906432748537,18.2,53,100,7.4,207,12.2,11.9,13.5,0.0,0.0,0.19,13.0,59.0,16112.0,1.0,3.0,233.0,0.0,100340.0
2025-01-22 11:00:00,25.02347414614,21.8711252525474,0.0,0.17964181286549707,20.8,41,98,6.7,238,14.0,12.0,13.5,0.0,0.0,0.27,16.0,52.0,18232.0,1.0,2.0,238.0,0.0,100370.0
2025-01-22 12:00:00,24.8945454256531,21.7178527153719,0.0,0.17982456140350878,22.4,35,100,8.8,250,15.7,12.2,13.5,0.0,0.0,0.35,18.0,48.0,52985.0,3.0,3.0,268.0,0.0,100330.0
2025-01-22 13:00:00,24.9998384550998,21.8487121529072,0.0,0.18000730994152045,23.3,31,100,10.6,243,17.0,12.7,13.5,0.0,0.0,0.38,20.0,40.0,40553.0,2.0,4.0,272.0,0.0,100240.0
2025-01-22 14:00:00,25.0437757547573,21.6143989958312,0.0,0.18019005847953215,23.4,32,100,8.2,255,17.8,13.0,13.5,0.0,0.0,0.34,21.0,38.0,37021.0,2.0,3.0,272.0,0.0,100140.0
2025-01-22 15:00:00,24.9709517518024,21.8373874856714,0.0,0.18037280701754385,22.9,39,100,4.3,293,18.0,13.4,13.5,0.0,0.0,0.24,22.0,32.0,29544.0,1.0,3.0,272.0,0.0,100080.0
2025-01-22 16:00:00,25.0038461475561,21.5917310509842,0.0,0.18055555555555555,21.6,57,99,2.7,339,18.0,13.7,13.5,0.0,0.0,0.14,22.0,33.0,25841.0,1.0,2.0,263.0,0.0,100060.0
2025-01-22 17:00:00,24.9803019650701,21.6896472311743,0.0,0.18073830409356725,19.5,50,97,1.0,32,17.1,13.9,13.5,0.0,0.0,0.05,22.0,32.0,8768.0,1.0,2.0,246.0,0.0,100060.0
2025-01-22 18:00:00,25.0623021666534,21.7765981887877,0.0,0.18092105263157893,17.5,53,96,1.7,44,15.6,14.0,13.5,0.0,0.0,0.02,21.0,37.0,2145.0,0.0,0.0,198.0,0.0,100060.0
2025-01-22 19:00:00,24.7518230949007,21.7290589832111,0.0,0.18110380116959063,16.7,56,97,1.2,66,14.5,14.1,13.5,0.0,0.0,0.0,16.0,55.0,0.0,0.0,1.0,179.0,0.0,100080.0
2025-01-22 20:00:00,24.9127465859084,21.6339173237048,0.0,0.18128654970760233,16.4,58,100,1.0,53,13.7,14.1,13.5,0.0,0.0,0.0,15.0,60.0,0.0,0.0,0.0,174.0,0.0,100120.0
2025-01-22 21:00:00,25.0487328861611,21.6313580544487,0.0,0.18146929824561403,15.8,57,99,0.5,33,13.1,14.0,13.6,0.0,0.0,0.0,14.0,61.0,0.0,0.0,0.0,170.0,0.0,100150.0
2025-01-22 22:00:00,25.0648584515659,21.8012380365633,0.0,0.18165204678362573,14.6,58,95,2.5,315,12.6,13.9,13.6,0.0,0.0,0.0,11.0,68.0,0.0,0.0,1.0,180.0,0.0,100170.0
2025-01-22 23:00:00,24.9669414062368,21.5241338405306,0.0,0.1818347953216374,12.8,60,78,5.3,254,12.1,13.8,13.6,0.0,0.0,0.01,12.0,67.0,0.0,0.0,0.0,210.0,0.0,100210.0
2025-01-23 00:00:00,24.8851856773238,21.6516227729208,0.0,0.1820175438596491,11.1,64,33,6.7,241,11.7,13.7,13.6,0.0,0.0,0.02,11.0,67.0,0.0,0.0,1.0,188.0,0.0,100240.0
2025-01-23 01:00:00,24.851243131736,21.3366915468693,0.0,0.1822002923976608,11.5,60,26,7.7,238,11.2,13.6,13.6,0.0,0.0,0.03,10.0,71.0,0.0,0.0,0.0,264.0,0.0,100260.0
2025-01-23 02:00:00,25.0314081626439,21.6030479467352,0.0,0.1823830409356725,9.8,64,15,9.6,232,10.9,13.4,13.6,0.0,0.0,0.03,10.0,67.0,0.0,0.0,2.0,192.0,0.0,100280.0
2025-01-23 03:00:00,24.8066664637031,21.4604710246852,0.0,0.1825657894736842,9.3,65,5,6.6,241,10.7,13.3,13.6,0.0,0.0,0.01,10.0,68.0,0.0,0.0,1.0,169.0,0.0,100300.0
2025-01-23 04:00:00,24.6807562707593,21.4786383479082,0.0,0.18274853801169588,9.2,64,29,7.3,233,10.3,13.1,13.6,0.0,0.0,0.02,9.0,73.0,0.0,0.0,1.0,173.0,0.0,100320.0
2025-01-23 05:00:00,24.9986190656609,21.5450427785095,0.0,0.18293128654970758,9.9,61,58,7.6,234,10.1,12.9,13.6,0.0,0.0,0.02,9.0,66.0,0.0,0.0,0.0,192.0,0.0,100370.0
2025-01-23 06:00:00,24.7484199869893,21.6313219716278,0.0,0.18311403508771928,10.6,59,2,11.2,237,10.1,12.8,13.6,0.0,0.0,0.04,10.0,64.0,0.0,0.0,2.0,222.0,0.0,100410.0
2025-01-23 07:00:00,24.7555152025162,21.5093802922634,0.0,0.18329678362573099,11.0,55,0,10.7,230,10.2,12.6,13.6,0.0,0.0,0.04,8.0,69.0,0.0,0.0,0.0,177.0,0.0,100510.0
2025-01-23 08:00:00,24.7745218334282,21.4581500776692,0.0,0.1834795321637427,11.7,57,0,9.7,231,10.3,12.5,13.6,0.0,0.0,0.05,11.0,62.0,642.0,0.0,2.0,192.0,0.0,100570.0
2025-01-23 09:00:00,24.7350941794456,21.4932471095612,0.0,0.1836622807017544,15.0,55,0,11.3,239,11.3,12.4,13.6,0.0,0.0,0.12,12.0,59.0,6816.0,0.0,1.0,198.0,0.0,100630.0
2025-01-23 10:00:00,24.7367589682251,21.5382165503509,0.0,0.18384502923976606,18.1,48,0,11.6,243,12.9,12.4,13.6,0.0,0.0,0.22,15.0,53.0,20971.0,1.0,3.0,276.0,0.0,100680.0
2025-01-23 11:00:00,24.7997487587342,21.4281164478855,0.0,0.18402777777777776,20.6,40,0,12.4,243,14.6,12.5,13.6,0.0,0.0,0.33,17.0,45.0,39164.0,2.0,4.0,188.0,0.0,100730.0
2025-01-23 12:00:00,24.5525453023001,21.4881311237822,0.0,0.18421052631578946,22.0,37,0,12.0,250,16.2,12.7,13.6,0.0,0.0,0.39,19.0,43.0,49656.0,3.0,3.0,262.0,0.0,100700.0
2025-01-23 13:00:00,24.9689679272496,21.4162864694666,0.0,0.18439327485380116,22.8,36,0,7.9,282,17.1,12.9,13.6,0.0,0.0,0.39,21.0,39.0,53841.0,4.0,3.0,288.0,0.0,100600.0
2025-01-23 14:00:00,24.6799323273325,21.3751268356811,0.0,0.18457602339181287,22.9,34,0,6.6,327,18.0,13.2,13.6,0.0,0.0,0.37,22.0,33.0,49264.0,4.0,4.0,282.0,0.0,100570.0
2025-01-23 15:00:00,24.6217882791793,21.5308107278049,0.0,0.18475877192982454,22.6,35,0,5.8,31,18.4,13.6,13.7,0.0,0.0,0.3,24.0,30.0,38840.0,2.0,2.0,234.0,0.0,100540.0
2025-01-23 16:00:00,24.5397574587289,21.1557745965561,0.0,0.18494152046783624,21.3,50,0,4.8,43,18.2,13.9,13.7,0.0,0.0,0.19,21.0,51.0,20008.0,1.0,4.0,36.0,0.0,100550.0
2025-01-23 17:00:00,24.7365533779434,21.2755955715869,0.0,0.18512426900584794,17.9,66,0,4.4,60,17.2,14.1,13.7,0.0,0.0,0.07,20.0,45.0,6706.0,0.0,2.0,54.0,0.0,100590.0
2025-01-23 18:00:00,24.7920259690328,21.4886957563425,0.0,0.18530701754385964,15.5,69,0,3.6,81,15.6,14.2,13.7,0.0,0.0,0.02,18.0,52.0,687.0,0.0,2.0,126.0,0.0,100630.0
2025-01-23 19:00:00,24.7479334582801,21.340962747746,0.0,0.18548976608187134,14.9,65,0,1.8,75,14.2,14.3,13.7,0.0,0.0,0.0,15.0,60.0,0.0,0.0,1.0,156.0,0.0,100670.0
2025-01-23 20:00:00,24.6097278774867,21.0221319742364,0.0,0.18567251461988304,14.4,63,0,1.2,52,13.1,14.2,13.7,0.0,0.0,0.0,13.0,68.0,0.0,0.0,1.0,169.0,0.0,100720.0
2025-01-23 21:00:00,24.5138259791085,21.2933543448906,0.0,0.18585526315789472,13.8,65,0,0.6,54,12.2,14.1,13.7,0.0,0.0,0.0,11.0,74.0,0.0,0.0,1.0,178.0,0.0,100800.0
2025-01-23 22:00:00,24.5771976798655,21.307592504607,0.0,0.18603801169590642,12.8,72,0,1.8,354,11.6,13.9,13.7,0.0,0.0,0.0,10.0,78.0,0.0,0.0,0.0,122.0,0.0,100880.0
2025-01-23 23:00:00,24.7388782554374,21.4112730965036,0.0,0.18622076023391812,11.8,72,0,2.3,290,11.1,13.8,13.7,0.0,0.0,0.0,9.0,80.0,0.0,0.0,0.0,103.0,0.0,100940.0
2025-01-24 00:00:00,24.5906403488914,21.4611827067283,0.0,0.18640350877192982,11.0,70,0,2.6,292,10.6,13.6,13.7,0.0,0.0,0.0,9.0,80.0,0.0,0.0,0.0,180.0,0.0,100990.0
2025-01-24 01:00:00,24.5267603868624,21.2920691837855,0.0,0.18658625730994152,9.7,71,0,2.4,302,9.8,13.5,13.8,0.0,0.0,0.0,8.0,82.0,0.0,0.0,0.0,210.0,0.0,101020.0
2025-01-24 02:00:00,24.678162496154,21.324977544141,0.0,0.1867690058479532,9.1,70,0,3.7,265,9.5,13.3,13.8,0.0,0.0,0.0,8.0,81.0,0.0,0.0,0.0,180.0,0.0,101010.0
2025-01-24 03:00:00,24.6650608725034,21.3526142554812,0.0,0.1869517543859649,9.1,68,0,4.1,245,9.2,13.0,13.8,0.0,0.0,0.0,8.0,80.0,0.0,0.0,0.0,234.0,0.0,100990.0
2025-01-24 04:00:00,24.4583925401972,21.2518392950143,0.0,0.1871345029239766,8.8,69,0,3.2,267,8.9,12.8,13.8,0.0,0.0,0.0,7.0,82.0,0.0,0.0,0.0,174.0,0.0,100970.0
2025-01-24 05:00:00,24.5322191214556,21.3356553306739,0.0,0.1873172514619883,8.5,70,0,3.3,270,8.7,12.6,13.8,0.0,0.0,0.0,7.0,81.0,0.0,0.0,0.0,173.0,0.0,100940.0
2025-01-24 06:00:00,24.6878940172987,21.4260314663874,0.0,0.1875,7.9,72,0,5.4,260,8.5,12.4,13.8,0.0,0.0,0.0,6.0,82.0,0.0,0.0,1.0,174.0,0.0,100950.0
2025-01-24 07:00:00,24.6927100707126,21.2087250503977,0.0,0.18768274853801167,7.8,74,0,6.8,255,8.4,12.1,13.8,0.0,0.0,0.01,7.0,81.0,0.0,0.0,0.0,192.0,0.0,100980.0
2025-01-24 08:00:00,24.4248943672138,21.2780868179684,0.0,0.18786549707602337,9.4,70,0,7.6,256,8.6,11.9,13.8,0.0,0.0,0.03,8.0,79.0,1663.0,0.0,1.0,228.0,0.0,101050.0
2025-01-24 09:00:00,24.5537024364627,21.29190207601,0.0,0.18804824561403508,13.3,61,0,8.6,257,9.9,11.8,13.8,0.0,0.0,0.1,9.5,75.0,4798.0,0.0,1.0,237.0,0.0,101060.0
2025-01-24 10:00:00,24.5335551306994,21.3031751743906,0.0,0.18823099415204678,16.3,56,0,6.2,283,11.8,11.8,13.8,0.0,0.0,0.19,11.0,71.0,7933.0,0.0,1.0,246.0,0.0,101070.0
2025-01-24 11:00:00,24.413207672432,21.2165450454774,0.0,0.18841374269005848,18.3,45,0,5.9,308,13.7,11.9,13.8,0.0,0.0,0.29,13.0,59.0,24067.0,1.0,2.0,262.0,0.0,101130.0
2025-01-24 12:00:00,24.4726631254296,21.2126049047438,0.0,0.18859649122807015,19.6,41,0,6.3,319,15.4,12.1,13.8,0.0,0.0,0.35,16.0,47.0,42611.0,2.0,3.0,251.0,0.0,101140.0
2025-01-24 13:00:00,24.5401702927584,21.1983318519369,0.0,0.18877923976608185,20.4,43,0,7.4,355,16.2,12.4,13.8,0.0,0.0,0.37,19.0,39.0,52733.0,5.0,2.0,264.0,0.0,101080.0
2025-01-24 14:00:00,24.6286802341693,21.0892317490252,0.0,0.18896198830409355,20.6,43,0,9.0,7,17.1,12.7,13.8,0.0,0.0,0.36,20.0,35.0,55518.0,4.0,2.0,312.0,0.0,100960.0
2025-01-24 15:00:00,24.426860246411,21.1941522439399,0.0,0.18914473684210525,19.9,47,0,10.3,17,17.5,13.0,13.8,0.0,0.0,0.29,22.0,32.0,50377.0,2.0,0.0,145.0,0.0,100830.0
2025-01-24 16:00:00,24.6176170724296,21.1631466857673,0.0,0.18932748538011696,18.1,53,0,8.6,32,17.2,13.3,13.8,0.0,0.0,0.19,23.0,31.0,36131.0,2.0,0.0,243.0,0.0,100750.0
2025-01-24 17:00:00,24.679010366229,21.3312635581922,0.0,0.18951023391812866,14.9,67,0,5.1,45,16.2,13.5,13.8,0.0,0.0,0.07,21.0,48.0,17824.0,1.0,4.0,17.0,0.0,100710.0
2025-01-24 18:00:00,24.5138728343229,21.1401201811058,0.0,0.18969298245614033,13.2,66,0,2.2,38,14.5,13.7,13.8,0.0,0.0,0.02,19.0,51.0,5258.0,0.0,2.0,48.0,0.0,100710.0
2025-01-24 19:00:00,24.4909923922267,21.0925552735361,0.0,0.18987573099415203,12.6,66,0,1.8,8,13.2,13.7,13.8,0.0,0.0,0.0,16.0,55.0,293.0,0.0,0.0,18.0,0.0,100710.0
2025-01-24 20:00:00,24.3731779065291,21.2068831381779,0.0,0.19005847953216373,11.4,69,0,2.4,320,12.2,13.6,13.8,0.0,0.0,0.0,13.0,66.0,0.0,0.0,0.0,24.0,0.0,100750.0
2025-01-24 21:00:00,24.5335749090293,21.1710977861667,0.0,0.19024122807017543,10.9,73,0,1.9,294,11.4,13.5,13.8,0.0,0.0,0.0,11.0,78.0,0.0,0.0,0.0,198.0,0.0,100800.0
2025-01-24 22:00:00,24.518030713859,21.2992799572914,0.0,0.19042397660818713,9.8,80,0,5.6,277,10.8,13.3,13.8,0.0,0.0,0.0,10.0,78.0,0.0,0.0,0.0,186.0,0.0,100810.0
2025-01-24 23:00:00,24.4341618106803,21.1298040768328,0.0,0.1906067251461988,9.5,83,0,6.0,263,10.4,13.2,13.8,0.0,0.0,0.0,9.0,84.0,0.0,0.0,0.0,180.0,0.0,100790.0
2025-01-25 00:00:00,24.3342932627131,21.2088396618042,0.0,0.1907894736842105,9.3,80,0,6.5,262,10.1,13.0,13.8,0.0,0.0,0.0,9.0,93.0,0.0,0.0,0.0,180.0,0.0,100840.0
2025-01-25 01:00:00,24.2566957669172,21.2633021155028,0.0,0.1909722222222222,9.2,75,0,6.4,256,9.9,13.1,13.8,0.0,0.0,0.0,8.0,94.0,0.0,0.0,0.0,180.0,0.0,100840.0
2025-01-25 02:00:00,24.3776828423021,21.2094825880456,0.0,0.1911549707602339,8.6,70,0,4.8,265,9.6,12.9,13.8,0.0,0.0,0.0,9.0,88.0,0.0,0.0,0.0,186.0,0.0,100820.0
2025-01-25 03:00:00,24.5352340605962,21.2700597069134,0.0,0.1913377192982456,8.3,65,0,4.8,255,9.2,12.7,13.8,0.0,0.0,0.01,7.0,90.0,0.0,0.0,0.0,174.0,0.0,100820.0
2025-01-25 04:00:00,24.2938193517411,21.1416461893463,0.0,0.1915204678362573,8.1,63,0,4.3,231,8.9,12.5,13.8,0.0,0.0,0.01,7.0,90.0,0.0,0.0,0.0,180.0,0.0,100820.0
2025-01-25 05:00:00,24.3506873846774,21.1105071508357,0.0,0.191703216374269,7.6,65,0,4.5,267,8.5,12.3,13.8,0.0,0.0,0.0,7.0,82.0,0.0,0.0,1.0,174.0,0.0,100730.0
2025-01-25 06:00:00,24.3557144476312,21.0396964491481,0.0,0.1918859649122807,7.7,62,0,6.5,240,8.3,12.1,13.8,0.0,0.0,0.01,7.0,80.0,0.0,0.0,2.0,171.0,0.0,100730.0
2025-01-25 07:00:00,24.2988575005436,20.9716782096798,0.0,0.1920687134502924,8.0,56,0,7.4,219,8.2,11.9,13.8,0.0,0.0,0.02,11.0,67.0,0.0,0.0,2.0,240.0,0.0,100780.0
2025-01-25 08:00:00,24.3445698075596,21.0727377164388,0.0,0.1922514619883041,9.7,57,6,6.8,235,8.4,11.7,13.8,0.0,0.0,0.04,10.0,67.0,0.0,0.0,2.0,210.0,0.0,100830.0
2025-01-25 09:00:00,24.2400872938164,20.972556109856,0.0,0.1924342105263158,14.2,52,5,7.3,246,9.8,11.5,13.8,0.0,0.0,0.11,10.0,65.0,2584.0,0.0,1.0,228.0,0.0,100870.0
2025-01-25 10:00:00,24.5086455457752,21.290185075809,0.0,0.19261695906432746,17.8,48,2,5.1,243,11.8,11.6,13.8,0.0,0.0,0.2,13.0,58.0,10282.0,0.0,2.0,240.0,0.0,100960.0
2025-01-25 11:00:00,24.2483599417436,20.9873702540999,0.0,0.19279970760233917,19.7,39,11,12.6,312,13.7,11.7,13.8,0.0,0.0,0.33,16.0,47.0,27768.0,2.0,2.0,258.0,0.0,101010.0
2025-01-25 12:00:00,24.4900280614718,21.1220475580524,0.0,0.19298245614035087,19.7,39,86,9.7,319,15.2,11.9,13.8,0.0,0.0,0.36,18.0,41.0,45342.0,3.0,3.0,264.0,0.0,101070.0
2025-01-25 13:00:00,24.3176673275545,21.1243634128759,0.0,0.19316520467836257,20.4,44,4,3.9,21,16.6,12.4,13.8,0.0,0.0,0.36,19.0,39.0,55181.0,4.0,2.0,206.0,0.0,100960.0
2025-01-25 14:00:00,24.5389004900409,21.198967425861,0.0,0.19334795321637427,20.6,50,59,10.4,19,17.5,12.7,13.8,0.0,0.0,0.35,22.0,35.0,58328.0,4.0,1.0,265.0,0.0,100810.0
2025-01-25 15:00:00,24.3150133653209,21.0358853076066,0.0,0.19353070175438594,18.7,64,7,10.7,24,17.7,13.0,13.8,0.0,0.0,0.26,21.0,39.0,48296.0,3.0,5.0,12.0,0.0,100770.0
2025-01-25 16:00:00,24.5064942119149,21.2430332024158,0.0,0.19371345029239764,17.5,75,1,9.8,1,17.4,13.3,13.8,0.0,0.0,0.16,19.0,54.0,34173.0,1.0,4.0,36.0,0.0,100810.0
2025-01-25 17:00:00,24.3670733156636,21.0241522692255,0.0,0.19389619883040934,15.9,85,73,2.5,7,16.5,13.6,13.8,0.0,0.0,0.05,19.0,60.0,21632.0,1.0,4.0,4.0,0.0,100860.0
2025-01-25 18:00:00,24.4566050712113,20.9494417241424,0.0,0.19407894736842105,14.4,90,54,5.9,153,15.3,13.7,13.8,0.0,0.0,0.02,18.0,62.0,5017.0,0.0,3.0,0.0,0.0,100950.0
2025-01-25 19:00:00,24.2811576931248,20.8917930655231,0.0,0.19426169590643275,12.4,93,67,5.6,166,14.2,13.8,13.8,0.0,0.0,0.0,16.0,69.0,55.0,0.0,1.0,137.0,0.0,101000.0
2025-01-25 20:00:00,24.3671077528858,21.0083245886728,0.0,0.19444444444444442,11.4,94,89,5.1,198,13.4,13.8,13.9,0.0,0.0,0.0,15.0,72.0,0.0,0.0,0.0,174.0,0.0,101040.0
2025-01-25 21:00:00,24.4462216463788,20.9534350338753,0.0,0.19462719298245612,11.0,94,60,6.6,210,12.7,13.7,13.9,0.0,0.0,0.0,14.0,71.0,0.0,0.0,1.0,180.0,0.0,101050.0
2025-01-25 22:00:00,24.2691612932092,21.057927868198,0.0,0.19480994152046782,10.6,93,99,5.7,202,12.2,13.6,13.9,0.0,0.0,0.0,12.0,80.0,0.0,0.0,0.0,347.0,0.0,101060.0
2025-01-25 23:00:00,24.3512161887906,20.8798889104655,0.0,0.19499269005847952,10.9,93,100,5.0,213,11.9,13.5,13.9,0.0,0.0,0.0,12.0,78.0,0.0,0.0,0.0,152.0,0.0,101100.0
2025-01-26 00:00:00,24.4841462937754,20.9986528152332,0.0,0.19517543859649122,11.0,93,100,4.9,208,11.8,13.4,13.9,0.0,0.0,0.0,12.0,78.0,0.0,0.0,2.0,186.0,0.0,101120.0
2025-01-26 01:00:00,24.2677432313491,21.0364054337412,0.0,0.19535818713450293,11.1,83,92,2.2,90,12.5,13.6,13.9,0.0,0.0,0.0,14.0,74.0,0.0,0.0,0.0,211.0,0.0,101130.0
2025-01-26 02:00:00,24.321407358528,20.9995863121444,0.0,0.1955409356725146,11.5,77,47,1.8,72,12.0,13.5,13.9,0.0,0.0,0.0,13.0,79.0,0.0,0.0,2.0,32.0,0.0,101140.0
2025-01-26 03:00:00,24.2098545981158,20.9996199633999,0.0,0.1957236842105263,10.9,74,0,1.1,133,11.3,13.4,13.9,0.0,0.0,0.0,12.0,78.0,0.0,0.0,2.0,170.0,0.0,101160.0
2025-01-26 04:00:00,24.342475320558,20.8290771968378,0.0,0.195906432748538,10.2,76,0,2.2,140,10.7,13.3,13.9,0.0,0.0,0.0,12.0,80.0,0.0,0.0,1.0,192.0,0.0,101180.0
2025-01-26 05:00:00,24.1408510680128,20.8679854681406,0.0,0.1960891812865497,10.5,72,0,1.7,122,10.3,13.1,13.9,0.0,0.0,0.0,9.0,88.0,0.0,0.0,0.0,160.0,0.0,101120.0
2025-01-26 06:00:00,24.3589891150543,20.9106779437974,0.0,0.1962719298245614,9.6,77,2,4.6,263,9.9,13.0,13.9,0.0,0.0,0.0,8.0,87.0,0.0,0.0,0.0,192.0,0.0,101100.0
2025-01-26 07:00:00,24.2841395197704,20.8613031643677,0.0,0.19645467836257308,9.1,80,8,5.6,217,9.7,12.8,13.9,0.0,0.0,0.0,8.0,87.0,0.0,0.0,0.0,180.0,0.0,101090.0
2025-01-26 08:00:00,24.2620700885061,20.9910817022782,0.0,0.19663742690058478,9.7,80,3,5.2,247,9.7,12.6,13.9,0.0,0.0,0.02,8.0,84.0,0.0,0.0,0.0,186.0,0.0,101130.0
2025-01-26 09:00:00,24.281998361429,20.8844106874453,0.0,0.19682017543859648,14.2,69,0,7.1,233,10.9,12.5,13.9,0.0,0.0,0.09,9.0,82.0,3835.0,0.0,0.0,182.0,0.0,101170.0
2025-01-26 10:00:00,24.3555370630227,20.881805392881,0.0,0.19700292397660818,17.2,59,39,4.8,310,12.8,12.5,13.9,0.0,0.0,0.19,14.0,71.0,14096.0,1.0,2.0,251.0,0.0,101270.0
2025-01-26 11:00:00,24.1205995295719,20.8321928944897,0.0,0.19718567251461988,19.1,52,55,3.7,331,14.7,12.6,13.9,0.0,0.0,0.28,16.0,58.0,32072.0,2.0,3.0,222.0,0.0,101260.0
2025-01-26 12:00:00,24.0345769726233,21.1324177437209,0.0,0.19736842105263158,20.9,47,57,5.9,317,16.4,12.8,13.9,0.0,0.0,0.36,18.0,48.0,48164.0,2.0,3.0,264.0,0.0,101280.0
2025-01-26 13:00:00,23.9228918710681,20.8768484637063,0.0,0.19755116959064326,22.2,44,98,4.4,309,17.5,13.1,13.9,0.0,0.0,0.36,20.0,43.0,57282.0,2.0,1.0,159.0,0.0,101160.0
2025-01-26 14:00:00,24.1772048967829,20.9077695458638,0.0,0.19773391812865496,23.5,37,86,5.9,294,18.5,13.4,13.9,0.0,0.0,0.35,21.0,40.0,53248.0,5.0,2.0,222.0,0.0,101010.0
2025-01-26 15:00:00,24.1694084421124,21.0520308721113,0.0,0.19791666666666666,22.2,47,100,9.4,352,18.9,13.7,13.9,0.0,0.0,0.31,24.0,33.0,47156.0,3.0,3.0,275.0,0.0,100920.0
2025-01-26 16:00:00,24.2023068039159,20.8199418362985,0.0,0.19809941520467836,18.8,61,100,10.6,36,18.3,14.0,13.9,0.0,0.0,0.17,22.0,41.0,26132.0,1.0,3.0,10.0,0.0,100900.0
2025-01-26 17:00:00,23.9796510487837,20.9711999949545,0.0,0.19828216374269006,15.9,70,100,8.2,72,17.3,14.3,13.9,0.0,0.0,0.08,19.0,54.0,17628.0,1.0,5.0,7.0,0.0,100960.0
2025-01-26 18:00:00,24.1633310523855,20.9855305480465,0.0,0.19846491228070173,13.3,80,100,3.5,30,15.7,14.4,13.9,0.0,0.0,0.02,18.0,61.0,5344.0,0.0,2.0,30.0,0.0,100960.0
2025-01-26 19:00:00,24.0964610525816,20.8455610854594,0.0,0.19864766081871343,12.1,86,100,1.8,360,14.4,14.4,14.0,0.0,0.0,0.0,15.0,67.0,0.0,0.0,0.0,349.0,0.0,100940.0
2025-01-26 20:00:00,24.198467419907,20.8311011916507,0.0,0.19883040935672514,11.7,87,100,1.1,114,13.4,14.4,14.0,0.0,0.0,0.0,15.0,78.0,0.0,0.0,1.0,36.0,0.0,101070.0
2025-01-26 21:00:00,24.1365151359799,20.7881702359769,0.0,0.19901315789473684,12.0,82,100,2.1,204,12.7,14.3,14.0,0.0,0.0,0.0,13.0,79.0,0.0,0.0,0.0,150.0,0.0,101130.0
2025-01-26 22:00:00,24.0059493291277,20.6828776675002,0.0,0.19919590643274854,11.7,77,94,4.7,225,12.2,14.2,14.0,0.0,0.0,0.0,14.0,75.0,0.0,0.0,2.0,136.0,0.0,101180.0
2025-01-26 23:00:00,23.961973513004,20.8690095882172,0.0,0.1993786549707602,11.0,70,57,5.3,227,11.6,14.0,14.0,0.0,0.0,0.01,12.0,79.0,0.0,0.0,1.0,186.0,0.0,101180.0
2025-01-27 00:00:00,24.1703877077073,20.9011947932957,0.0,0.1995614035087719,10.9,65,95,6.5,220,11.1,13.8,14.0,0.0,0.0,0.01,10.0,85.0,0.0,0.0,0.0,288.0,0.0,101160.0
2025-01-27 01:00:00,23.896413095062,21.0474817409902,0.0,0.1997441520467836,11.1,70,99,6.6,221,10.6,13.7,14.0,0.0,0.0,0.01,10.0,85.0,0.0,0.0,1.0,188.0,0.0,101140.0
2025-01-27 02:00:00,24.1120892895384,20.9364137115534,0.0,0.19992690058479531,12.9,64,84,9.8,218,10.6,13.6,14.0,0.0,0.0,0.03,10.0,79.0,0.0,0.0,1.0,168.0,0.0,101100.0
2025-01-27 03:00:00,23.9647110945696,20.7842673084607,0.0,0.20010964912280702,16.3,56,99,17.6,217,11.2,13.4,14.0,0.0,0.0,0.08,12.0,71.0,0.0,0.0,2.0,192.0,0.0,101040.0
2025-01-27 04:00:00,24.0855122670842,20.7829629694751,0.0,0.2002923976608187,17.7,52,94,23.6,219,12.1,13.3,14.0,0.0,0.0,0.12,14.0,62.0,0.0,0.0,3.0,258.0,0.0,101010.0
2025-01-27 05:00:00,24.0010509946875,20.785336061455,0.0,0.2004751461988304,18.0,49,97,23.8,220,12.9,13.3,14.0,0.0,0.0,0.13,14.0,63.0,0.0,0.0,3.0,264.0,0.0,100950.0
2025-01-27 06:00:00,24.0378057941683,20.9130761731459,0.0,0.2006578947368421,18.1,45,99,22.2,220,13.4,13.3,14.0,0.0,0.0,0.14,15.0,59.0,0.0,0.0,4.0,285.0,0.0,100910.0
2025-01-27 07:00:00,24.1327569703664,20.7236198984978,0.0,0.2008406432748538,18.1,42,99,20.9,221,13.7,13.3,14.0,0.0,0.0,0.14,15.0,60.0,0.0,0.0,4.0,276.0,0.0,100910.0
2025-01-27 08:00:00,24.0516396733805,20.8303282133806,0.0,0.2010233918128655,18.1,43,86,20.9,222,14.0,13.4,14.0,0.0,0.0,0.15,15.0,57.0,78.0,0.0,4.0,252.0,0.0,100940.0
2025-01-27 09:00:00,23.9806297091528,20.850825417792,0.0,0.2012061403508772,19.7,40,98,20.4,225,14.6,13.4,14.0,0.0,0.0,0.21,16.0,54.0,5064.0,0.0,4.0,258.0,0.0,100990.0
2025-01-27 10:00:00,24.0071108262214,20.5875015896976,0.0,0.20138888888888887,21.5,35,74,23.3,227,15.6,13.6,14.0,0.0,0.0,0.32,18.0,48.0,10974.0,0.0,3.0,264.0,0.0,101030.0
2025-01-27 11:00:00,24.1162444361907,20.5758025469877,0.0,0.20157163742690057,23.2,32,38,26.0,225,16.9,13.7,14.0,0.0,0.0,0.43,21.0,42.0,32289.0,2.0,4.0,263.0,0.0,101070.0
2025-01-27 12:00:00,23.9935104444841,20.4844432228399,0.0,0.20175438596491227,24.7,29,27,26.5,226,18.1,14.0,14.0,0.0,0.0,0.5,23.0,33.0,52599.0,3.0,6.0,277.0,0.0,100970.0
2025-01-27 13:00:00,24.2028944520791,20.5487371304845,0.0,0.20193713450292397,25.9,26,67,25.9,231,19.9,14.4,14.1,0.0,0.0,0.54,25.0,26.0,57155.0,3.0,7.0,278.0,0.0,100850.0
2025-01-27 14:00:00,23.9648757083216,20.3444796095535,0.0,0.20211988304093567,27.0,22,87,29.7,228,20.5,14.8,14.1,0.0,0.0,0.57,26.0,24.0,49647.0,3.0,5.0,247.0,0.0,100740.0
2025-01-27 15:00:00,24.0427394892821,20.4695517913479,0.0,0.20230263157894735,26.5,24,88,21.6,246,20.7,15.1,14.1,0.0,0.0,0.46,27.0,23.0,40426.0,3.0,6.0,222.0,0.0,100660.0
2025-01-27 16:00:00,23.9783310986316,20.2428674559829,0.0,0.20248538011695905,24.4,30,67,10.3,262,20.4,15.4,14.1,0.0,0.0,0.26,27.0,24.0,29581.0,2.0,4.0,222.0,0.0,100680.0
2025-01-27 17:00:00,24.1526599873612,20.3972658197081,0.0,0.20266812865497075,20.9,44,17,6.6,264,19.3,15.6,14.1,0.0,0.0,0.11,22.0,49.0,14068.0,0.0,3.0,38.0,0.0,100690.0
2025-01-27 18:00:00,24.2502032522958,20.475108651055,0.0,0.20285087719298245,18.9,39,41,4.5,254,17.6,15.8,14.1,0.0,0.0,0.05,21.0,56.0,3184.0,0.0,4.0,102.0,0.0,100700.0
2025-01-27 19:00:00,23.8661508203895,20.5508776078858,0.0,0.20303362573099415,17.8,40,47,8.6,244,16.4,15.8,14.2,0.0,0.0,0.06,19.0,60.0,0.0,0.0,1.0,88.0,0.0,100790.0
2025-01-27 20:00:00,23.8849634806868,20.5504993315036,0.0,0.20321637426900585,19.6,42,19,15.1,225,16.1,15.8,14.2,0.0,0.0,0.11,17.0,62.0,0.0,0.0,0.0,152.0,0.0,100870.0
2025-01-27 21:00:00,24.0185316637525,20.4847716527554,0.0,0.20339912280701752,19.5,55,37,19.1,222,16.2,15.8,14.2,0.0,0.0,0.1,21.0,40.0,0.0,0.0,2.0,288.0,0.0,100880.0
2025-01-27 22:00:00,24.1425402968163,20.3566864745063,0.0,0.20358187134502922,19.6,59,28,18.5,228,16.3,15.8,14.2,0.0,0.0,0.09,21.0,41.0,0.0,0.0,4.0,264.0,0.0,100930.0
2025-01-27 23:00:00,23.9827593014768,20.387134528751,0.0,0.20376461988304093,17.1,73,100,10.6,294,16.1,15.8,14.2,0.1,0.1,0.03,20.0,53.0,0.0,0.0,2.0,282.0,0.0,100990.0
2025-01-28 00:00:00,24.0842153934328,20.3039089885268,0.0,0.20394736842105263,16.3,82,100,9.0,289,15.8,15.8,14.2,0.3,0.3,0.01,18.0,66.0,0.0,0.0,3.0,2.0,0.0,101080.0
2025-01-28 01:00:00,23.991716805375,20.2626027472013,0.0,0.20413011695906433,16.9,77,100,11.4,274,16.9,16.0,14.2,0.1,0.1,0.02,16.0,76.0,0.0,0.0,1.0,210.0,0.0,101130.0
2025-01-28 02:00:00,24.0794449938035,20.5010840642239,0.0,0.204312865497076,16.9,72,100,11.8,263,16.5,16.0,14.3,0.0,0.0,0.03,17.0,77.0,0.0,0.0,2.0,279.0,0.0,101140.0
2025-01-28 03:00:00,23.8746775557131,20.3594943823012,0.0,0.2044956140350877,16.4,73,100,10.2,257,16.2,16.0,14.3,0.1,0.1,0.02,17.0,75.0,0.0,0.0,0.0,244.0,0.0,101150.0
2025-01-28 04:00:00,23.9653191523832,20.3673419533478,0.0,0.2046783625730994,15.9,77,100,10.4,255,15.9,15.9,14.3,0.1,0.1,0.02,16.0,76.0,0.0,0.0,3.0,258.0,0.0,101140.0
2025-01-28 05:00:00,24.02109156546,20.3670869401154,0.0,0.2048611111111111,15.6,78,100,10.7,257,15.6,15.9,14.3,0.2,0.2,0.02,14.0,90.0,0.0,0.0,2.0,186.0,0.0,101180.0
2025-01-28 06:00:00,24.041045944288,20.5154399964001,0.0,0.2050438596491228,15.2,78,100,11.1,237,15.1,15.8,14.3,0.3,0.3,0.02,15.0,85.0,0.0,0.0,1.0,198.0,0.0,101190.0
2025-01-28 07:00:00,23.8914314798232,20.3172830789055,0.0,0.20522660818713448,14.8,76,83,12.4,220,14.7,15.7,14.3,0.1,0.1,0.02,15.0,84.0,0.0,0.0,0.0,258.0,0.0,101240.0
2025-01-28 08:00:00,24.0830473401916,20.4691670023192,0.0,0.20540935672514618,14.5,75,34,14.3,216,14.4,15.6,14.4,0.0,0.0,0.05,15.0,79.0,285.0,0.0,3.0,234.0,0.0,101280.0
2025-01-28 09:00:00,23.8730316027835,20.361829566333,0.0,0.20559210526315788,15.6,65,59,11.4,227,14.7,15.5,14.4,0.0,0.0,0.11,15.0,75.0,5315.0,0.0,2.0,245.0,0.0,101330.0
2025-01-28 10:00:00,23.9297742729748,20.3368060633369,0.0,0.20577485380116958,16.9,61,36,8.1,261,15.6,15.5,14.4,0.0,0.0,0.16,16.0,62.0,20156.0,1.0,3.0,276.0,0.0,101390.0
2025-01-28 11:00:00,24.099373378619,20.2141202069648,0.0,0.20595760233918128,18.1,59,1,8.6,274,16.8,15.5,14.4,0.1,0.1,0.25,17.0,58.0,40134.0,2.0,4.0,228.0,0.0,101430.0
2025-01-28 12:00:00,23.765222796565,20.383603142769,0.0,0.20614035087719296,19.8,52,2,11.8,259,18.1,15.6,14.4,0.0,0.0,0.35,19.0,57.0,52820.0,4.0,3.0,283.0,0.0,101400.0
2025-01-28 13:00:00,23.8263870772429,20.2040551453333,0.0,0.20632309941520466,21.4,41,4,13.0,281,19.6,15.7,14.4,0.0,0.0,0.4,20.0,52.0,58086.0,4.0,6.0,224.0,0.0,101290.0
2025-01-28 14:00:00,23.6928411802637,20.3448620796069,0.0,0.20650584795321636,20.9,39,48,22.7,312,19.9,15.9,14.4,0.0,0.0,0.39,21.0,38.0,18376.0,1.0,5.0,296.0,0.0,101270.0
2025-01-28 15:00:00,23.8122136606375,20.3546753905432,0.0,0.20668859649122806,16.9,66,61,26.4,304,19.2,16.1,14.4,0.0,0.0,0.2,19.0,45.0,61607.0,4.0,6.0,7.0,0.0,101340.0
2025-01-28 16:00:00,23.7852154639306,20.2675943924378,0.0,0.20687134502923976,16.8,66,9,20.2,299,18.6,16.2,14.5,0.0,0.0,0.16,18.0,53.0,12564.0,1.0,8.0,306.0,0.0,101450.0
2025-01-28 17:00:00,23.8234420457003,20.2689674952312,0.0,0.20705409356725146,16.1,62,15,15.6,292,17.8,16.3,14.5,0.0,0.0,0.11,16.0,59.0,7579.0,0.0,7.0,340.0,0.0,101540.0
2025-01-28 18:00:00,23.6115607112693,20.3362693916924,0.0,0.20723684210526314,15.1,63,9,11.5,266,16.8,16.3,14.5,0.0,0.0,0.06,17.0,56.0,1651.0,0.0,4.0,288.0,0.0,101590.0
2025-01-28 19:00:00,23.8086809848679,20.476498513244,0.0,0.20741959064327484,14.6,64,5,13.0,248,16.0,16.3,14.5,0.0,0.0,0.04,16.0,51.0,0.0,0.0,6.0,294.0,0.0,101610.0
2025-01-28 20:00:00,23.8301443687627,20.2381933558132,0.0,0.20760233918128654,14.0,62,10,9.8,249,15.3,16.2,14.5,0.0,0.0,0.04,16.0,54.0,0.0,0.0,4.0,262.0,0.0,101650.0
2025-01-28 21:00:00,23.9180853679073,20.4811096503531,0.0,0.20778508771929824,13.0,64,23,7.9,259,14.5,16.1,14.5,0.0,0.0,0.02,14.0,61.0,0.0,0.0,2.0,264.0,0.0,101730.0
2025-01-28 22:00:00,23.7862574837084,20.45024923115,0.0,0.20796783625730994,12.9,65,3,9.1,276,13.9,16.0,14.6,0.0,0.0,0.03,14.0,52.0,0.0,0.0,2.0,308.0,0.0,101760.0
2025-01-28 23:00:00,23.9445212444909,20.5628882700165,0.0,0.2081505847953216,11.7,73,4,7.2,282,13.2,15.8,14.6,0.0,0.0,0.01,14.0,59.0,0.0,0.0,2.0,210.0,0.0,101790.0
2025-01-29 00:00:00,23.9460355743292,20.3112217475236,0.0,0.20833333333333331,11.3,76,19,4.0,263,12.5,15.6,14.6,0.0,0.0,0.0,13.0,65.0,0.0,0.0,3.0,186.0,0.0,101790.0
2025-01-29 01:00:00,23.7381225935603,20.3297165874031,0.0,0.20851608187134502,12.1,69,32,7.4,222,13.0,15.5,14.6,0.0,0.0,0.01,12.0,67.0,0.0,0.0,1.0,198.0,0.0,101790.0
2025-01-29 02:00:00,23.7266060763674,20.2341335328141,0.0,0.20869883040935672,11.9,71,28,9.4,224,12.8,15.3,14.6,0.0,0.0,0.02,12.0,70.0,0.0,0.0,1.0,252.0,0.0,101690.0
2025-01-29 03:00:00,23.6707385557337,20.0886722630483,0.0,0.20888157894736842,11.8,72,51,9.6,235,12.6,15.1,14.6,0.0,0.0,0.02,12.0,73.0,0.0,0.0,2.0,246.0,0.0,101660.0
2025-01-29 04:00:00,23.6502193278217,20.1955105507349,0.0,0.20906432748538012,11.9,74,38,10.8,229,12.5,15.0,14.6,0.0,0.0,0.02,11.0,75.0,0.0,0.0,2.0,270.0,0.0,101670.0
2025-01-29 05:00:00,23.6538853280438,20.3506276027726,0.0,0.2092470760233918,11.0,79,99,11.1,229,12.2,14.8,14.6,0.0,0.0,0.01,11.0,75.0,0.0,0.0,1.0,216.0,0.0,101610.0
2025-01-29 06:00:00,23.85004971448,20.0408718423584,0.0,0.2094298245614035,10.6,81,67,10.4,227,12.0,14.7,14.6,0.0,0.0,0.01,10.0,77.0,0.0,0.0,1.0,240.0,0.0,101640.0
2025-01-29 07:00:00,23.7908233665205,20.1519973679152,0.0,0.2096125730994152,9.7,85,99,7.4,215,11.6,14.5,14.6,0.0,0.0,0.0,11.0,75.0,0.0,0.0,1.0,198.0,0.0,101590.0
2025-01-29 08:00:00,23.9654943731991,20.1612464173321,0.0,0.2097953216374269,10.4,83,63,6.1,212,11.4,14.3,14.6,0.0,0.0,0.02,9.0,79.0,946.0,0.0,1.0,264.0,0.0,101570.0
2025-01-29 09:00:00,23.836454944124,21.0123365443919,0.0,0.2099780701754386,13.6,72,69,4.9,225,12.4,14.2,14.6,0.0,0.0,0.08,10.0,79.0,8121.0,0.0,2.0,264.0,0.0,101530.0
2025-01-29 10:00:00,23.8084216817506,21.9509255827593,0.0,0.21016081871345027,15.6,62,78,7.2,241,13.8,14.1,14.7,0.0,0.0,0.18,13.0,70.0,30645.0,2.0,1.0,288.0,0.0,101540.0
2025-01-29 11:00:00,23.646775200021,21.9639814963161,0.0,0.21034356725146197,17.6,53,3,10.2,237,15.4,14.2,14.7,0.0,0.0,0.29,16.0,62.0,40646.0,2.0,3.0,296.0,0.0,101500.0
2025-01-29 12:00:00,23.7609995564768,22.1862802186202,0.0,0.21052631578947367,19.4,43,31,11.4,245,16.9,14.3,14.7,0.0,0.0,0.37,17.0,51.0,48221.0,4.0,4.0,294.0,0.0,101350.0
2025-01-29 13:00:00,23.7144505126627,22.2960651307366,0.0,0.21070906432748537,20.5,39,99,11.0,275,17.9,14.5,14.7,0.0,0.0,0.4,19.0,47.0,54672.0,5.0,5.0,298.0,0.0,101170.0
2025-01-29 14:00:00,23.7025786170506,22.2101532434634,0.0,0.21089181286549707,19.0,50,100,11.8,342,18.5,14.7,14.7,0.0,0.0,0.33,20.0,38.0,44723.0,3.0,4.0,270.0,0.0,101070.0
2025-01-29 15:00:00,23.784694174317,22.1642361780333,0.0,0.21107456140350875,16.4,66,100,12.6,18,18.2,14.9,14.7,0.0,0.0,0.2,16.0,59.0,22120.0,1.0,5.0,59.0,0.0,101000.0
2025-01-29 16:00:00,23.8417635732466,22.0817158373289,0.0,0.21125730994152045,15.1,71,100,9.8,31,17.6,15.1,14.7,0.0,0.0,0.13,16.0,66.0,16184.0,1.0,4.0,42.0,0.0,101010.0
2025-01-29 17:00:00,23.8496852379192,21.9204258555438,0.0,0.21144005847953215,14.2,77,100,3.9,27,16.7,15.2,14.7,0.0,0.0,0.05,15.0,73.0,6096.0,0.0,3.0,48.0,0.0,100940.0
2025-01-29 18:00:00,23.8453978524781,21.7604668352919,0.0,0.21162280701754385,13.0,84,100,2.8,34,15.6,15.2,14.7,0.0,0.0,0.02,14.0,75.0,640.0,0.0,1.0,72.0,0.0,100940.0
2025-01-29 19:00:00,23.9346988258696,21.9620946641244,0.0,0.21180555555555555,12.2,87,100,3.1,52,14.6,15.2,14.7,0.0,0.0,0.0,13.0,80.0,0.0,0.0,1.0,140.0,0.0,100860.0
2025-01-29 20:00:00,23.8866696699037,22.0471108340928,0.0,0.21198830409356723,11.8,90,100,4.9,130,14.1,15.2,14.7,0.0,0.0,0.0,12.0,81.0,0.0,0.0,0.0,178.0,0.0,100760.0
2025-01-29 21:00:00,23.8927525754735,21.7979740349307,0.0,0.21217105263157893,11.5,92,100,3.5,219,13.6,15.1,14.7,0.0,0.0,0.0,11.0,85.0,0.0,0.0,0.0,198.0,0.0,100690.0
2025-01-29 22:00:00,23.8897816992363,21.8988242757447,0.0,0.21235380116959063,13.8,68,100,14.1,232,13.4,15.0,14.7,0.0,0.0,0.04,11.0,87.0,0.0,0.0,0.0,114.0,0.0,100660.0
2025-01-29 23:00:00,24.0034672366891,22.0953980612242,0.0,0.21253654970760233,16.2,48,100,27.9,227,13.7,14.9,14.7,0.0,0.0,0.14,11.0,85.0,0.0,0.0,2.0,42.0,0.0,100680.0
2025-01-30 00:00:00,23.9901880996738,21.876538978385,0.0,0.21271929824561403,14.6,62,99,28.1,224,14.0,14.8,14.7,0.4,0.4,0.09,14.0,65.0,0.0,0.0,0.0,342.0,0.0,100670.0
2025-01-30 01:00:00,24.3026114307703,21.6354292531417,0.0,0.21290204678362573,14.7,62,98,24.0,233,15.1,14.9,14.7,0.0,0.0,0.08,16.0,53.0,0.0,0.0,4.0,318.0,0.0,100630.0
2025-01-30 02:00:00,24.1936622486439,21.7269765947699,0.0,0.2130847953216374,13.3,76,96,13.3,261,14.5,14.9,14.8,0.5,0.5,0.02,14.0,70.0,0.0,0.0,2.0,328.0,0.0,100640.0
2025-01-30 03:00:00,24.2579014946897,22.1324462954949,0.0,0.2132675438596491,12.0,87,100,4.2,283,13.7,14.8,14.8,0.3,0.3,0.0,13.0,75.0,0.0,0.0,1.0,270.0,0.0,100650.0
2025-01-30 04:00:00,24.2023716741037,21.7238158136869,0.0,0.2134502923976608,12.0,91,100,6.3,223,13.2,14.7,14.8,1.0,1.0,0.0,13.0,78.0,0.0,0.0,2.0,252.0,0.0,100620.0
2025-01-30 05:00:00,24.2072962956638,21.8056577285102,0.0,0.2136330409356725,12.1,89,100,3.4,227,12.9,14.6,14.8,0.5,0.5,0.0,12.0,85.0,0.0,0.0,3.0,282.0,0.0,100670.0
2025-01-30 06:00:00,24.4057480133158,21.5843688793826,0.0,0.2138157894736842,10.9,92,62,5.2,230,12.4,14.5,14.8,6.5,6.5,0.0,11.0,90.0,0.0,0.0,2.0,234.0,0.0,100710.0
2025-01-30 07:00:00,24.3224855529889,21.6398928864508,0.0,0.21399853801169588,10.5,89,99,3.0,276,12.1,14.4,14.8,5.1,5.1,0.0,10.5,89.0,0.0,0.0,2.0,222.0,0.0,100685.0
2025-01-30 08:00:00,24.4997843020049,21.6346521253164,0.0,0.21418128654970758,10.6,88,56,10.3,224,11.9,14.2,14.8,2.4,2.4,0.03,10.0,88.0,0.0,0.0,2.0,210.0,0.0,100660.0
2025-01-30 09:00:00,24.5078431522468,21.6022737894169,0.0,0.21436403508771928,11.7,82,56,11.1,233,12.1,14.1,14.8,0.1,0.1,0.07,9.0,90.0,1960.0,0.0,2.0,228.0,0.0,100730.0
2025-01-30 10:00:00,24.3091800050241,21.57451546683,0.0,0.21454678362573099,11.3,76,84,19.6,252,12.5,14.0,14.8,1.6,1.6,0.13,11.0,84.0,5467.0,0.0,4.0,210.0,0.0,100840.0
2025-01-30 11:00:00,24.3895241562068,21.7840630215241,0.0,0.2147295321637427,13.2,64,21,19.9,253,13.1,13.9,14.8,0.0,0.0,0.19,13.0,71.0,30068.0,1.0,4.0,240.0,0.0,100900.0
2025-01-30 12:00:00,24.4901319390835,21.6342653591626,0.0,0.2149122807017544,13.8,62,25,22.7,264,14.0,13.9,14.8,0.1,0.1,0.24,14.0,60.0,56258.0,3.0,7.0,267.0,0.0,100920.0
2025-01-30 13:00:00,24.4764541803421,21.693510768373,0.0,0.21509502923976606,14.2,54,55,21.5,263,13.9,13.8,14.8,1.2,1.2,0.23,12.0,80.0,31088.0,2.0,3.0,264.0,0.0,100880.0
2025-01-30 14:00:00,24.4172923996454,21.5549109666783,0.0,0.21527777777777776,14.4,52,54,22.7,283,14.4,13.8,14.8,0.0,0.0,0.24,13.0,73.0,37020.0,2.0,4.0,264.0,0.0,100830.0
2025-01-30 15:00:00,24.4289708248978,21.7831872676219,0.0,0.21546052631578946,13.7,58,56,22.3,293,14.6,13.9,14.8,0.2,0.2,0.2,12.0,75.0,16529.0,0.0,7.0,276.0,0.0,100820.0
2025-01-30 16:00:00,24.4214401722712,21.5469730444928,0.0,0.21564327485380116,13.5,64,32,17.7,289,14.1,13.9,14.8,0.2,0.2,0.14,14.0,67.0,12127.0,1.0,8.0,342.0,0.0,100820.0
2025-01-30 17:00:00,24.3988615592501,21.4344714237499,0.0,0.21582602339181287,13.0,63,29,12.6,284,13.7,13.9,14.8,0.1,0.1,0.09,13.0,71.0,8418.0,0.0,7.0,340.0,0.0,100860.0
2025-01-30 18:00:00,24.5433511473449,21.5977889994713,0.0,0.21600877192982454,11.8,67,48,8.6,280,12.8,13.9,14.8,0.2,0.2,0.04,13.0,68.0,5770.0,0.0,5.0,285.0,0.0,100900.0
2025-01-30 19:00:00,24.4452974214636,21.5557278893951,0.0,0.21619152046783624,10.6,79,43,7.2,247,12.0,13.8,14.8,1.0,1.0,0.0,12.0,69.0,462.0,0.0,2.0,300.0,0.0,101000.0
2025-01-30 20:00:00,24.5780606226339,21.6488752023971,0.0,0.21637426900584794,9.9,86,25,9.1,208,11.3,13.7,14.8,1.0,1.0,0.0,12.0,69.0,0.0,0.0,3.0,270.0,0.0,101060.0
2025-01-30 21:00:00,24.4851383943816,21.5149459387444,0.0,0.21655701754385964,9.4,90,40,11.6,194,10.8,13.5,14.8,0.0,0.0,0.0,11.0,72.0,0.0,0.0,3.0,234.0,0.0,101160.0
2025-01-30 22:00:00,24.4588965713733,21.6438770422543,0.0,0.21673976608187134,9.4,84,22,12.3,216,10.5,13.3,14.8,0.0,0.0,0.01,11.0,70.0,0.0,0.0,2.0,240.0,0.0,101200.0
2025-01-30 23:00:00,24.5228961789373,21.5165388376559,0.0,0.21692251461988302,9.6,80,71,14.1,208,10.2,13.1,14.8,0.0,0.0,0.02,11.0,73.0,0.0,0.0,3.0,216.0,0.0,101240.0
2025-01-31 00:00:00,24.5881962913543,21.6380430463793,0.0,0.21710526315789472,9.3,78,83,7.2,211,10.1,13.0,14.7,0.0,0.0,0.0,11.0,72.0,0.0,0.0,2.0,222.0,0.0,101240.0
2025-01-31 01:00:00,24.5552570290271,21.3966066272421,0.0,0.21728801169590642,9.3,89,93,4.5,189,11.5,13.3,14.8,3.0,3.0,0.0,11.0,72.0,0.0,0.0,2.0,228.0,0.0,101260.0
2025-01-31 02:00:00,24.6740100189336,21.5042736190977,0.0,0.21747076023391812,8.6,96,97,7.7,144,10.9,13.2,14.8,1.2,1.2,0.0,11.0,69.0,0.0,0.0,2.0,234.0,0.0,101250.0
2025-01-31 03:00:00,24.477587928099,21.6549028989961,0.0,0.21765350877192982,8.4,88,11,13.9,200,10.3,13.0,14.8,0.1,0.1,0.0,11.0,69.0,0.0,0.0,2.0,228.0,0.0,101240.0
2025-01-31 04:00:00,24.5540695491511,21.594809888888,0.0,0.2178362573099415,8.1,87,4,9.8,221,9.8,12.8,14.7,0.0,0.0,0.0,11.0,71.0,0.0,0.0,1.0,240.0,0.0,101210.0
2025-01-31 05:00:00,24.6037871453734,21.4023299695649,0.0,0.2180190058479532,7.8,82,22,12.2,220,9.3,12.6,14.7,0.0,0.0,0.01,10.0,72.0,0.0,0.0,1.0,198.0,0.0,101210.0
2025-01-31 06:00:00,24.411030071911,21.4550464473505,0.0,0.2182017543859649,7.6,81,58,12.4,215,9.0,12.4,14.7,0.0,0.0,0.01,11.0,68.0,0.0,0.0,2.0,252.0,0.0,101210.0
2025-01-31 07:00:00,24.5998018512384,21.3340566380425,0.0,0.2183845029239766,7.8,79,93,9.4,209,8.8,12.2,14.7,0.1,0.1,0.01,11.0,66.0,0.0,0.0,2.0,222.0,0.0,101230.0
2025-01-31 08:00:00,24.5411478931836,21.4548446563333,0.0,0.2185672514619883,7.7,91,100,10.6,101,8.9,12.0,14.7,4.8,4.8,0.02,11.0,64.0,0.0,0.0,3.0,252.0,0.0,101210.0
2025-01-31 09:00:00,24.5505484406751,21.4194121791572,0.0,0.21875,9.1,90,94,11.7,203,9.4,11.9,14.7,5.1,5.1,0.04,10.0,72.0,856.0,0.0,2.0,329.0,0.0,101310.0
2025-01-31 10:00:00,24.5090643512618,21.4539443966668,0.0,0.21893274853801167,10.9,79,21,14.1,223,10.3,11.8,14.7,0.1,0.1,0.1,8.0,86.0,660.0,0.0,4.0,116.0,7.0,101460.0
2025-01-31 11:00:00,24.626476677862,21.9311286159311,0.0,0.21911549707602337,11.9,72,63,12.3,239,11.2,11.8,14.7,0.0,0.0,0.15,8.0,91.0,3972.0,0.0,3.0,216.0,38.0,101490.0
2025-01-31 12:00:00,25.3881284559804,22.9514397814153,0.0,0.21929824561403508,13.1,63,63,11.8,260,12.4,11.8,14.7,0.0,0.0,0.22,9.0,89.0,9928.0,1.0,4.0,258.0,5.0,101520.0
2025-01-31 13:00:00,26.2828936794499,23.0595870147483,0.0,0.21948099415204678,14.7,57,6,6.0,300,13.5,12.0,14.6,0.0,0.0,0.32,10.0,82.0,22831.0,2.0,0.0,114.0,1.0,101500.0
2025-01-31 14:00:00,26.348727123698,23.1176293705471,0.0,0.21966374269005848,15.0,55,5,6.8,340,14.7,12.2,14.6,0.0,0.0,0.3,12.0,76.0,52372.0,5.0,4.0,239.0,0.0,101400.0
2025-01-31 15:00:00,26.3754087497193,23.2777993968347,0.0,0.21984649122807015,14.7,56,10,10.0,349,15.1,12.5,14.6,0.0,0.0,0.24,12.0,75.0,29592.0,2.0,2.0,228.0,0.0,101390.0
2025-01-31 16:00:00,26.559418785303,23.0731843977826,0.0,0.22002923976608185,13.7,62,25,11.3,357,14.7,12.7,14.6,0.0,0.0,0.15,13.0,70.0,20409.0,2.0,3.0,264.0,0.0,101380.0
2025-01-31 17:00:00,26.7998153463161,22.9635038065759,0.0,0.22021198830409355,12.4,71,29,5.8,24,14.0,12.9,14.6,0.0,0.0,0.07,13.0,72.0,15036.0,1.0,0.0,282.0,0.0,101410.0
2025-01-31 18:00:00,26.7007434239307,23.0239812673744,0.0,0.22039473684210525,10.2,79,28,2.5,34,12.7,12.9,14.6,0.1,0.1,0.01,13.0,71.0,5997.0,0.0,0.0,228.0,0.0,101420.0
2025-01-31 19:00:00,26.6669596223659,22.924281135544,0.0,0.22057748538011696,9.2,84,43,2.5,225,11.6,12.9,14.6,0.0,0.0,0.0,12.0,77.0,176.0,0.0,0.0,204.0,0.0,101450.0
2025-01-31 20:00:00,26.8064858892123,22.9805671955058,0.0,0.22076023391812866,8.7,83,70,3.1,280,10.9,12.8,14.6,0.2,0.2,0.0,11.0,79.0,0.0,0.0,0.0,258.0,0.0,101510.0
2025-01-31 21:00:00,26.665757982635,23.0674287071933,0.0,0.22094298245614033,9.0,88,59,6.2,235,10.6,12.7,14.6,0.1,0.1,0.0,10.0,88.0,0.0,0.0,1.0,188.0,0.0,101520.0
2025-01-31 22:00:00,26.5525864134199,22.8760020517117,0.0,0.22112573099415203,8.9,92,63,8.5,205,10.4,12.6,14.6,0.1,0.1,0.0,11.0,86.0,0.0,0.0,0.0,240.0,0.0,101560.0
2025-01-31 23:00:00,26.8914759118833,22.9949273161928,0.0,0.22130847953216373,8.5,92,96,6.5,207,10.1,12.4,14.6,0.2,0.2,0.0,10.0,89.0,0.0,0.0,0.0,173.0,3.0,101590.0
2025-02-01 00:00:00,27.0811100763643,23.2803502318715,0.0,0.22149122807017543,8.8,92,28,7.9,218,9.9,12.3,14.6,0.2,0.2,0.0,10.0,90.0,0.0,0.0,0.0,240.0,1.0,101610.0
2025-02-01 01:00:00,27.0004373745195,23.0621141286961,0.0,0.22167397660818713,9.5,93,43,8.2,225,10.9,12.4,14.6,0.0,0.0,0.0,10.0,92.0,0.0,0.0,2.0,240.0,0.0,101590.0
2025-02-01 02:00:00,26.6685285090814,23.0321001407825,0.0,0.2218567251461988,9.0,92,42,8.4,231,10.3,12.4,14.6,0.0,0.0,0.0,10.0,93.0,0.0,0.0,1.0,252.0,0.0,101550.0
2025-02-01 03:00:00,27.09036394257,22.9284148899061,0.0,0.2220394736842105,8.9,97,98,7.0,226,10.1,12.2,14.6,0.3,0.3,0.0,10.0,94.0,0.0,0.0,1.0,228.0,0.0,101530.0
2025-02-01 04:00:00,27.2827766507616,23.1838224579934,0.0,0.2222222222222222,9.2,93,97,8.9,218,10.0,12.1,14.5,0.1,0.1,0.0,10.0,95.0,0.0,0.0,0.0,228.0,1.0,101500.0
2025-02-01 05:00:00,27.244723486893,23.3620098443154,0.0,0.2224049707602339,8.9,92,45,7.8,223,9.7,12.0,14.5,0.0,0.0,0.0,10.0,93.0,0.0,0.0,1.0,216.0,5.0,101450.0
2025-02-01 06:00:00,27.5837235240253,23.3225272606182,0.0,0.2225877192982456,8.5,92,39,8.7,217,9.4,11.9,14.5,0.1,0.1,0.0,10.0,93.0,0.0,0.0,1.0,210.0,1.0,101430.0
2025-02-01 07:00:00,27.472443952491,23.4379186981189,0.0,0.22277046783625729,8.4,91,9,7.9,221,9.2,11.8,14.5,0.0,0.0,0.0,10.0,92.0,0.0,0.0,1.0,228.0,0.0,101420.0
2025-02-01 08:00:00,27.6210161112456,23.5181201413598,0.0,0.222953216374269,9.2,89,12,10.0,224,9.2,11.6,14.5,0.0,0.0,0.02,9.0,94.0,0.0,0.0,0.0,258.0,0.0,101410.0
2025-02-01 09:00:00,27.6653465645314,23.3641335522062,0.0,0.2231359649122807,11.5,86,11,11.1,224,10.2,11.6,14.5,0.0,0.0,0.07,9.0,94.0,2703.0,0.0,2.0,264.0,0.0,101420.0
2025-02-01 10:00:00,27.481706936694,23.4494815794403,0.0,0.2233187134502924,13.6,69,2,11.2,230,11.5,11.6,14.5,0.0,0.0,0.18,9.0,89.0,10816.0,1.0,2.0,252.0,0.0,101400.0
2025-02-01 11:00:00,27.5515414733364,23.2587391130206,0.0,0.2235014619883041,15.2,55,0,11.9,238,13.0,11.7,14.5,0.0,0.0,0.27,12.0,83.0,35376.0,2.0,2.0,240.0,0.0,101400.0
2025-02-01 12:00:00,27.513270556176,23.2339578542507,0.0,0.22368421052631576,16.1,48,0,12.3,245,14.3,11.9,14.5,0.0,0.0,0.33,14.0,74.0,53692.0,3.0,3.0,289.0,0.0,101370.0
2025-02-01 13:00:00,27.3742283404057,23.1357843495852,0.0,0.22386695906432746,16.9,45,0,11.4,246,15.5,12.0,14.4,0.0,0.0,0.36,15.0,64.0,60201.0,3.0,4.0,270.0,0.0,101250.0
2025-02-01 14:00:00,27.6025265675984,23.1409369027785,0.0,0.22404970760233917,17.4,42,43,13.6,264,16.1,12.4,14.4,0.0,0.0,0.35,16.0,54.0,60920.0,5.0,3.0,328.0,0.0,101090.0
2025-02-01 15:00:00,27.2133918902529,22.9181262747577,0.0,0.22423245614035087,16.9,43,3,12.9,295,16.2,12.7,14.4,0.0,0.0,0.29,17.0,46.0,52723.0,6.0,5.0,287.0,0.0,100960.0
2025-02-01 16:00:00,27.2337453924448,22.9604775514352,0.0,0.22441520467836257,15.6,50,0,12.1,327,15.8,12.9,14.4,0.0,0.0,0.2,17.0,45.0,36103.0,2.0,3.0,296.0,0.0,100900.0
2025-02-01 17:00:00,27.1711672752059,22.7983843176183,0.0,0.22459795321637427,13.6,68,0,4.3,324,14.9,13.1,14.4,0.0,0.0,0.07,16.0,49.0,15515.0,1.0,5.0,327.0,0.0,100870.0
2025-02-01 18:00:00,27.2935100084977,22.8272512203878,0.0,0.22478070175438594,11.6,66,0,1.9,241,13.3,13.2,14.4,0.0,0.0,0.01,15.0,58.0,4051.0,0.0,3.0,342.0,0.0,100870.0
2025-02-01 19:00:00,27.1114252409435,22.8252682273062,0.0,0.22496345029239764,10.4,70,1,6.4,213,12.2,13.2,14.4,0.0,0.0,0.01,12.0,71.0,0.0,0.0,0.0,343.0,0.0,100860.0
2025-02-01 20:00:00,26.9692905086206,22.6821355869959,0.0,0.22514619883040934,9.9,73,6,8.8,226,11.6,13.1,14.4,0.0,0.0,0.01,11.0,75.0,0.0,0.0,1.0,188.0,0.0,100910.0
2025-02-01 21:00:00,26.7129049026178,22.8932835738403,0.0,0.22532894736842105,10.1,77,36,10.3,224,11.2,13.0,14.4,0.0,0.0,0.01,11.0,74.0,0.0,0.0,1.0,204.0,0.0,100900.0
2025-02-01 22:00:00,27.048509580575,22.818137134349,0.0,0.22551169590643275,10.4,78,30,8.5,242,11.0,12.9,14.4,0.0,0.0,0.01,11.0,75.0,0.0,0.0,2.0,216.0,0.0,100950.0
2025-02-01 23:00:00,26.8582597247445,22.6767827242623,0.0,0.22569444444444442,10.3,78,10,9.2,237,10.8,12.8,14.4,0.0,0.0,0.01,11.0,74.0,0.0,0.0,0.0,234.0,0.0,100970.0
2025-02-02 00:00:00,26.6798648599304,22.6639688649818,0.0,0.22587719298245612,9.6,78,15,8.6,225,10.6,12.7,14.4,0.0,0.0,0.01,11.0,78.0,0.0,0.0,0.0,234.0,0.0,100940.0
2025-02-02 01:00:00,26.7614125250865,22.7748335139332,0.0,0.22605994152046782,10.2,76,31,9.7,230,11.4,12.7,14.4,0.3,0.3,0.01,11.0,83.0,0.0,0.0,2.0,228.0,0.0,100920.0
2025-02-02 02:00:00,26.7006920283917,22.6365836928554,0.0,0.22624269005847952,9.7,79,49,9.6,234,10.8,12.6,14.4,0.5,0.5,0.01,10.0,88.0,0.0,0.0,1.0,228.0,13.0,100880.0
2025-02-02 03:00:00,26.9838217321512,22.787005995216,0.0,0.22642543859649122,9.5,80,62,6.0,222,10.3,12.5,14.4,0.4,0.4,0.0,10.0,82.0,0.0,0.0,0.0,258.0,0.0,100810.0
2025-02-02 04:00:00,27.0617795405177,22.9244506063033,0.0,0.22660818713450293,8.9,82,77,5.8,228,9.9,12.4,14.4,0.0,0.0,0.0,10.0,83.0,0.0,0.0,4.0,258.0,6.0,100760.0
2025-02-02 05:00:00,27.2287927846482,23.1896573266203,0.0,0.2267909356725146,9.7,79,48,10.2,231,9.8,12.2,14.4,0.0,0.0,0.01,9.0,89.0,0.0,0.0,1.0,246.0,4.0,100780.0
2025-02-02 06:00:00,27.7177930316926,23.4403611158383,0.0,0.2269736842105263,9.2,82,72,8.3,233,9.5,12.1,14.4,0.0,0.0,0.0,10.0,87.0,0.0,0.0,2.0,192.0,11.0,100780.0
2025-02-02 07:00:00,27.7804721229342,23.4004571308147,0.0,0.227156432748538,9.1,82,66,6.8,236,9.4,12.0,14.4,0.1,0.1,0.0,9.0,84.0,0.0,0.0,0.0,252.0,0.0,100790.0
2025-02-02 08:00:00,27.7816657665556,23.4275155467697,0.0,0.2273391812865497,10.0,84,67,9.2,232,9.6,11.8,14.3,0.1,0.1,0.02,9.0,86.0,172.0,0.0,1.0,228.0,0.0,100840.0
2025-02-02 09:00:00,27.8806041633342,23.4305370980203,0.0,0.2275219298245614,11.3,84,52,8.4,222,10.4,11.8,14.3,0.0,0.0,0.06,10.0,87.0,5864.0,0.0,1.0,240.0,0.0,100890.0
2025-02-02 10:00:00,27.8893458734595,23.4368020453977,0.0,0.22770467836257308,13.0,70,47,11.2,232,11.4,11.8,14.3,0.0,0.0,0.14,12.0,79.0,21115.0,1.0,2.0,204.0,0.0,100930.0
2025-02-02 11:00:00,27.8593868756296,23.5451456017374,0.0,0.22788742690058478,14.1,66,38,10.3,240,12.5,11.8,14.3,0.0,0.0,0.2,14.0,75.0,41918.0,2.0,3.0,238.0,0.0,100940.0
2025-02-02 12:00:00,27.588089989806,23.3616591644057,0.0,0.22807017543859648,15.0,64,17,8.4,252,13.8,12.0,14.3,0.0,0.0,0.25,14.0,76.0,21452.0,2.0,3.0,258.0,0.0,100940.0
2025-02-02 13:00:00,27.7850263232029,23.3507280851324,0.0,0.22825292397660818,16.1,61,42,10.4,270,15.2,12.3,14.3,0.1,0.1,0.28,15.0,72.0,68043.0,3.0,3.0,299.0,0.0,100900.0
2025-02-02 14:00:00,27.7480686106052,23.2128570598989,0.0,0.22843567251461988,16.5,55,39,11.9,285,15.7,12.6,14.3,0.0,0.0,0.27,17.0,66.0,33924.0,3.0,3.0,252.0,0.0,100780.0
2025-02-02 15:00:00,27.7313062323685,23.1840355314143,0.0,0.22861842105263155,16.5,56,25,12.0,304,15.8,12.8,14.3,0.0,0.0,0.24,16.0,66.0,52816.0,5.0,3.0,349.0,0.0,100720.0
2025-02-02 16:00:00,27.4772484493206,23.2366790161509,0.0,0.22880116959064326,16.0,60,9,7.8,306,15.7,13.1,14.3,0.0,0.0,0.17,17.0,62.0,32429.0,2.0,5.0,359.0,0.0,100770.0
2025-02-02 17:00:00,27.4878684293246,23.0185084879911,0.0,0.22898391812865496,14.9,69,4,0.8,293,15.1,13.3,14.3,0.0,0.0,0.06,16.0,68.0,13080.0,1.0,4.0,20.0,0.0,100810.0
2025-02-02 18:00:00,27.3104919134512,22.8928592024283,0.0,0.22916666666666666,12.3,73,11,1.1,243,13.5,13.3,14.3,0.0,0.0,0.01,15.0,70.0,3036.0,0.0,1.0,348.0,0.0,100810.0
2025-02-02 19:00:00,27.4247117977078,23.1424086379705,0.0,0.22934941520467836,10.7,76,0,4.5,221,12.3,13.3,14.3,0.0,0.0,0.0,12.0,84.0,0.0,0.0,0.0,318.0,0.0,100860.0
2025-02-02 20:00:00,27.2744992877404,22.9717321577941,0.0,0.22953216374269003,9.8,78,4,5.6,202,11.6,13.2,14.3,0.0,0.0,0.0,11.0,86.0,0.0,0.0,1.0,174.0,0.0,100920.0
2025-02-02 21:00:00,27.3496643344708,22.9215008445538,0.0,0.22971491228070173,8.6,83,13,4.3,200,10.9,13.1,14.3,0.0,0.0,0.0,11.0,86.0,0.0,0.0,1.0,167.0,0.0,100960.0
2025-02-02 22:00:00,27.1470083800805,22.9409170521157,0.0,0.22989766081871343,8.5,81,14,5.4,203,10.5,13.0,14.3,0.0,0.0,0.0,9.0,89.0,0.0,0.0,0.0,178.0,0.0,100990.0
2025-02-02 23:00:00,27.2393271347125,23.0063507272352,0.0,0.23008040935672514,8.9,78,46,8.9,228,10.2,12.8,14.3,0.0,0.0,0.01,10.0,82.0,0.0,0.0,1.0,192.0,0.0,100980.0
2025-02-03 00:00:00,27.1506673914596,23.0991402311457,0.0,0.23026315789473684,9.9,83,42,12.1,228,10.3,12.7,14.3,0.0,0.0,0.01,10.0,83.0,0.0,0.0,1.0,188.0,0.0,100950.0
2025-02-03 01:00:00,27.0930668625894,23.0798116934469,0.0,0.23044590643274854,10.3,87,81,4.8,259,11.8,12.8,14.3,0.1,0.1,0.0,11.0,83.0,0.0,0.0,1.0,217.0,0.0,100920.0
2025-02-03 02:00:00,27.271088423176,22.8832394564248,0.0,0.2306286549707602,10.0,89,100,2.4,256,11.4,12.8,14.3,0.3,0.3,0.0,10.0,93.0,0.0,0.0,1.0,177.0,6.0,100850.0
2025-02-03 03:00:00,27.3337275727821,23.1843164618613,0.0,0.2308114035087719,10.0,87,100,0.5,335,10.8,12.7,14.3,0.0,0.0,0.0,10.0,94.0,0.0,0.0,0.0,186.0,3.0,100830.0
2025-02-03 04:00:00,27.4133649505159,23.1555646524131,0.0,0.2309941520467836,9.6,90,100,1.0,58,10.5,12.6,14.3,0.6,0.6,0.0,10.0,94.0,0.0,0.0,1.0,308.0,0.0,100810.0
2025-02-03 05:00:00,27.5449231026388,23.2122791963721,0.0,0.23117690058479531,9.4,92,97,2.9,182,10.3,12.5,14.3,0.0,0.0,0.0,10.0,94.0,0.0,0.0,0.0,217.0,0.0,100800.0
2025-02-03 06:00:00,27.657855389097,23.3544538386562,0.0,0.23135964912280702,9.0,95,94,3.3,162,10.2,12.3,14.3,0.0,0.0,0.0,10.0,93.0,0.0,0.0,0.0,108.0,0.0,100730.0
2025-02-03 07:00:00,27.4789702819515,23.2494469394644,0.0,0.2315423976608187,8.8,97,100,3.1,185,10.0,12.2,14.2,0.0,0.0,0.0,11.0,90.0,0.0,0.0,1.0,180.0,0.0,100700.0
2025-02-03 08:00:00,27.6028055191462,23.0892399502858,0.0,0.2317251461988304,9.8,95,100,0.2,28,10.2,12.1,14.2,0.4,0.4,0.01,11.0,89.0,314.0,0.0,0.0,228.0,0.0,100700.0
2025-02-03 09:00:00,27.4980756249164,23.3143904393967,0.0,0.2319078947368421,10.4,96,100,0.5,22,10.5,12.0,14.2,0.9,0.9,0.03,11.0,92.0,2212.0,0.0,0.0,156.0,0.0,100670.0
2025-02-03 10:00:00,27.5314111548028,23.3147711920489,0.0,0.2320906432748538,11.4,93,100,3.4,105,11.1,12.0,14.2,1.6,1.6,0.05,12.0,90.0,11105.0,0.0,0.0,330.0,0.0,100730.0
2025-02-03 11:00:00,27.4327095615745,23.1774283460478,0.0,0.2322733918128655,12.1,92,100,1.5,113,11.6,12.0,14.2,1.5,1.5,0.06,13.0,83.0,16928.0,1.0,0.0,6.0,0.0,100770.0
2025-02-03 12:00:00,27.5043169960616,23.1435214403132,0.0,0.2324561403508772,13.4,90,95,6.1,353,12.4,12.0,14.2,0.1,0.1,0.1,13.0,87.0,14970.0,1.0,2.0,88.0,3.0,100770.0
2025-02-03 13:00:00,27.6557742550506,23.461359558851,0.0,0.23263888888888887,15.3,77,61,5.9,23,13.5,12.2,14.2,0.0,0.0,0.12,13.0,85.0,14974.0,1.0,3.0,60.0,3.0,100690.0
2025-02-03 14:00:00,27.7981453464539,23.3012173995551,0.0,0.23282163742690057,15.9,69,83,5.4,39,14.5,12.4,14.2,1.5,1.5,0.22,14.0,81.0,35418.0,2.0,2.0,36.0,0.0,100610.0
2025-02-03 15:00:00,27.8253721802139,23.4949155376433,0.0,0.23300438596491227,15.7,69,94,7.6,334,15.0,12.6,14.2,0.7,0.7,0.22,15.0,76.0,38525.0,2.0,2.0,328.0,0.0,100550.0
2025-02-03 16:00:00,27.5685251207578,23.4052472448633,0.0,0.23318713450292397,13.0,85,88,7.7,17,14.2,12.8,14.2,2.1,2.1,0.09,15.0,73.0,39923.0,2.0,2.0,300.0,0.0,100530.0
2025-02-03 17:00:00,27.5502708864557,23.4886412860735,0.0,0.23336988304093567,12.5,89,100,1.9,81,13.5,12.9,14.2,0.1,0.1,0.04,12.0,87.0,640.0,0.0,3.0,302.0,0.0,100680.0
2025-02-03 18:00:00,28.0950322408074,23.5538507166405,0.0,0.23355263157894735,11.2,95,99,2.7,39,12.6,12.9,14.2,0.9,0.9,0.01,11.0,91.0,1156.0,0.0,2.0,139.0,11.0,100730.0
2025-02-03 19:00:00,28.4696725561297,23.7129865075299,0.0,0.23373538011695905,11.2,95,100,1.4,97,12.2,12.9,14.2,0.0,0.0,0.0,11.0,92.0,0.0,0.0,0.0,228.0,0.0,100810.0
2025-02-03 20:00:00,28.20724432595,23.8670285211097,0.0,0.23391812865497075,10.7,98,99,6.3,261,11.9,12.9,14.2,1.8,1.8,0.0,11.0,92.0,0.0,0.0,0.0,246.0,0.0,100900.0
2025-02-03 21:00:00,28.5082106644361,23.805567923364,0.0,0.23410087719298245,10.5,98,93,6.1,286,11.6,12.8,14.2,1.3,1.3,0.0,11.0,91.0,0.0,0.0,2.0,234.0,0.0,100970.0
2025-02-03 22:00:00,28.3641650622243,23.7317151275411,0.0,0.23428362573099415,10.3,97,78,8.3,237,11.3,12.7,14.2,0.1,0.1,0.0,10.0,89.0,0.0,0.0,0.0,270.0,0.0,101010.0
2025-02-03 23:00:00,28.435083718297,23.7594793853894,0.0,0.23446637426900582,10.1,94,99,10.6,219,11.0,12.6,14.2,0.0,0.0,0.0,9.0,89.0,0.0,0.0,2.0,264.0,0.0,101070.0
2025-02-04 00:00:00,28.289896470024,23.8633996201848,0.0,0.23464912280701752,9.9,93,100,11.2,234,10.8,12.5,14.2,0.0,0.0,0.0,9.0,91.0,0.0,0.0,0.0,168.0,0.0,101100.0
2025-02-04 01:00:00,28.4665191967643,23.7382234601323,0.0,0.23483187134502922,9.0,90,23,5.0,228,11.0,12.5,14.2,0.0,0.0,0.0,8.0,92.0,0.0,0.0,0.0,318.0,0.0,101110.0
2025-02-04 02:00:00,28.2218407420038,23.5904307316759,0.0,0.23501461988304093,9.1,90,35,11.4,231,10.3,12.4,14.2,0.0,0.0,0.0,7.0,91.0,0.0,0.0,0.0,186.0,0.0,101100.0
2025-02-04 03:00:00,28.2203301495435,23.7299209287416,0.0,0.23519736842105263,8.5,92,38,10.0,223,9.8,12.3,14.1,0.0,0.0,0.0,8.0,91.0,0.0,0.0,0.0,204.0,0.0,101140.0
2025-02-04 04:00:00,28.3379662331993,23.5163217089908,0.0,0.2353801169590643,7.9,92,67,7.3,224,9.5,12.1,14.1,0.0,0.0,0.0,7.0,91.0,0.0,0.0,1.0,180.0,0.0,101130.0
2025-02-04 05:00:00,28.3600664613423,23.6633022704102,0.0,0.235562865497076,7.7,92,68,6.5,229,9.2,11.9,14.1,0.0,0.0,0.0,7.0,89.0,0.0,0.0,0.0,192.0,0.0,101180.0
2025-02-04 06:00:00,28.0494864277536,23.4148668351458,0.0,0.2357456140350877,7.2,93,81,5.1,220,8.9,11.8,14.1,0.0,0.0,0.0,8.0,89.0,0.0,0.0,0.0,186.0,0.0,101220.0
2025-02-04 07:00:00,28.078916408383,23.3848714390298,0.0,0.2359283625730994,7.1,95,87,5.2,216,8.8,11.6,14.1,0.0,0.0,0.0,8.0,88.0,0.0,0.0,1.0,186.0,0.0,101260.0
2025-02-04 08:00:00,28.0362013703736,23.3644268817793,0.0,0.2361111111111111,8.3,91,23,9.4,225,8.9,11.4,14.1,0.0,0.0,0.02,8.0,89.0,1936.0,0.0,0.0,198.0,0.0,101300.0
2025-02-04 09:00:00,27.8848485907813,23.7528302180684,0.0,0.2362938596491228,11.0,83,12,8.0,232,9.9,11.4,14.1,0.0,0.0,0.08,9.0,88.0,12364.0,1.0,1.0,240.0,0.0,101400.0
2025-02-04 10:00:00,28.0870769995293,23.4241677262612,0.0,0.23647660818713448,13.0,71,11,9.4,253,11.4,11.4,14.1,0.0,0.0,0.18,11.0,80.0,29656.0,1.0,2.0,239.0,0.0,101430.0
2025-02-04 11:00:00,27.9813717608219,23.3533102606105,0.0,0.23665935672514618,14.3,63,37,11.7,265,12.8,11.5,14.1,0.0,0.0,0.25,13.0,75.0,48140.0,3.0,2.0,264.0,0.0,101480.0
2025-02-04 12:00:00,27.9474752343262,23.4986314068104,0.0,0.23684210526315788,14.9,61,73,9.9,270,14.0,11.7,14.1,0.0,0.0,0.29,15.0,63.0,60234.0,3.0,0.0,212.0,0.0,101470.0
2025-02-04 13:00:00,27.9068275758922,23.3818977903456,0.0,0.23702485380116958,15.9,54,55,4.7,273,15.1,12.1,14.1,0.0,0.0,0.3,15.0,59.0,54316.0,5.0,2.0,337.0,0.0,101430.0
2025-02-04 14:00:00,27.832012831545,23.3301949433553,0.0,0.23720760233918128,15.9,53,51,4.1,312,15.5,12.3,14.1,0.0,0.0,0.22,16.0,57.0,74652.0,5.0,4.0,343.0,0.0,101380.0
2025-02-04 15:00:00,27.6216143382446,23.2208905186236,0.0,0.23739035087719296,15.5,56,90,6.3,360,15.5,12.6,14.0,0.0,0.0,0.19,15.0,61.0,32224.0,2.0,4.0,5.0,0.0,101380.0
2025-02-04 16:00:00,28.0224710326697,23.1219735422994,0.0,0.23757309941520466,14.7,65,18,9.2,26,15.3,12.8,14.0,0.0,0.0,0.15,14.0,68.0,14515.0,1.0,3.0,8.0,0.0,101420.0
2025-02-04 17:00:00,27.5608040352056,23.1270315420856,0.0,0.23775584795321636,13.3,73,15,9.0,45,14.6,13.0,14.0,0.0,0.0,0.08,14.0,69.0,10580.0,0.0,2.0,18.0,0.0,101480.0
2025-02-04 18:00:00,27.5650182357878,23.1220846730695,0.0,0.23793859649122806,10.6,85,12,4.8,56,13.4,13.1,14.0,0.0,0.0,0.01,13.0,79.0,1478.0,0.0,1.0,42.0,0.0,101550.0
2025-02-04 19:00:00,27.413722215756,22.9814468651724,0.0,0.23812134502923976,10.2,84,13,2.4,62,12.2,13.1,14.0,0.0,0.0,0.0,12.0,85.0,0.0,0.0,0.0,132.0,0.0,101640.0
2025-02-04 20:00:00,27.3355019430747,23.0848033457461,0.0,0.23830409356725146,9.3,87,14,3.1,108,11.3,13.0,14.0,0.0,0.0,0.0,12.0,83.0,0.0,0.0,0.0,155.0,0.0,101710.0
2025-02-04 21:00:00,27.5252936492837,22.9962414044565,0.0,0.23848684210526314,8.3,91,7,2.8,151,10.7,12.9,14.0,0.0,0.0,0.0,11.0,87.0,0.0,0.0,0.0,90.0,0.0,101750.0
2025-02-04 22:00:00,27.4366250997088,23.1173385925758,0.0,0.23866959064327484,7.6,92,3,4.0,275,10.2,12.7,14.0,0.0,0.0,0.0,9.0,91.0,0.0,0.0,0.0,124.0,0.0,101800.0
2025-02-04 23:00:00,27.450941037528,23.0355572360509,0.0,0.23885233918128654,7.2,92,1,3.9,279,9.8,12.6,14.0,0.0,0.0,0.0,8.0,93.0,0.0,0.0,0.0,180.0,0.0,101820.0
2025-02-05 00:00:00,27.2871460459893,22.9202901726877,0.0,0.23903508771929824,7.0,91,2,4.2,239,9.4,12.4,14.0,0.0,0.0,0.0,7.0,93.0,0.0,0.0,0.0,174.0,0.0,101860.0
2025-02-05 01:00:00,27.2022894273675,22.8978419574411,0.0,0.23921783625730994,7.6,91,5,4.5,236,10.1,12.4,14.0,0.0,0.0,0.0,9.0,90.0,0.0,0.0,0.0,198.0,0.0,101860.0
2025-02-05 02:00:00,27.4317151800695,23.0931651182952,0.0,0.2394005847953216,7.2,91,14,4.8,224,9.7,12.2,14.0,0.0,0.0,0.0,7.0,93.0,0.0,0.0,0.0,180.0,0.0,101870.0
2025-02-05 03:00:00,27.3251557675631,23.0255671041782,0.0,0.23958333333333331,6.8,94,16,5.6,218,9.4,12.1,14.0,0.0,0.0,0.0,7.0,92.5,0.0,0.0,0.0,192.0,0.0,101860.0
2025-02-05 04:00:00,27.3339015508476,22.8746673997071,0.0,0.23976608187134502,6.2,96,18,6.1,216,9.2,11.9,14.0,0.0,0.0,0.0,7.0,92.0,0.0,0.0,0.0,204.0,0.0,101850.0
2025-02-05 05:00:00,27.0219962151121,22.9753988704966,0.0,0.23994883040935672,5.7,99,9,6.4,219,9.0,11.8,14.0,0.0,0.0,0.0,5.0,93.0,0.0,0.0,0.0,176.0,0.0,101840.0
2025-02-05 06:00:00,27.0657742809874,23.0225119736309,0.0,0.24013157894736842,5.9,98,7,6.5,216,8.8,11.6,14.0,0.0,0.0,0.0,5.0,93.0,0.0,0.0,0.0,198.0,0.0,101860.0
2025-02-05 07:00:00,27.0033386218649,22.9183876876555,0.0,0.2403143274853801,6.3,95,4,5.6,213,8.7,11.4,14.0,0.0,0.0,0.0,4.0,94.0,0.0,0.0,0.0,6.0,0.0,101890.0
2025-02-05 08:00:00,27.1888712834712,22.9752113417326,0.0,0.2404970760233918,7.6,90,8,7.1,214,8.9,11.3,14.0,0.0,0.0,0.01,4.0,95.0,0.0,0.0,0.0,186.0,0.0,101930.0
2025-02-05 09:00:00,27.1589301387149,22.9498091758289,0.0,0.2406798245614035,10.2,85,22,5.7,225,9.9,11.2,14.0,0.0,0.0,0.07,5.0,95.0,2818.0,0.0,0.0,168.0,0.0,101960.0
2025-02-05 10:00:00,27.1705290107813,22.7169674190888,0.0,0.2408625730994152,12.8,76,1,5.0,279,11.4,11.2,14.0,0.0,0.0,0.16,10.0,83.0,10617.0,0.0,0.0,204.0,0.0,102000.0
2025-02-05 11:00:00,27.114553159311,22.5221242089892,0.0,0.2410453216374269,14.4,70,14,3.6,7,13.1,11.4,14.0,0.0,0.0,0.27,12.0,85.0,28876.0,1.0,0.0,234.0,0.0,102030.0
2025-02-05 12:00:00,27.1833765136618,22.8032638446141,0.0,0.24122807017543857,15.4,66,16,8.2,35,14.5,11.6,13.9,0.0,0.0,0.31,14.0,74.0,49876.0,3.0,0.0,262.0,0.0,102050.0
2025-02-05 13:00:00,27.2035411241393,22.9191199018822,0.0,0.24141081871345027,15.6,64,28,12.1,36,15.3,11.8,13.9,0.0,0.0,0.29,15.0,71.0,46644.0,3.0,3.0,42.0,0.0,102000.0
2025-02-05 14:00:00,27.1680342762205,22.8772547538436,0.0,0.24159356725146197,15.4,65,15,14.2,39,15.7,12.2,13.9,0.0,0.0,0.27,14.0,73.0,15261.0,2.0,2.0,42.0,0.0,101930.0
2025-02-05 15:00:00,27.0598211290281,22.6570120356033,0.0,0.24177631578947367,15.2,65,11,14.4,45,15.8,12.5,13.9,0.0,0.0,0.25,15.0,69.0,17956.0,1.0,4.0,36.0,0.0,101830.0
2025-02-05 16:00:00,27.2065458150567,22.7034735558413,0.0,0.24195906432748537,14.6,67,13,14.7,48,15.5,12.7,13.9,0.0,0.0,0.18,15.0,70.0,41546.0,3.0,5.0,72.0,0.0,101780.0
2025-02-05 17:00:00,26.9184966600047,22.8607427268879,0.0,0.24214181286549707,13.5,73,9,10.6,51,14.7,12.9,13.9,0.0,0.0,0.08,15.0,72.0,12794.0,1.0,4.0,37.0,0.0,101770.0
2025-02-05 18:00:00,27.0104034065776,22.7028274113645,0.0,0.24232456140350875,10.9,87,8,6.9,60,13.5,13.0,13.9,0.0,0.0,0.02,14.0,70.0,7014.0,0.0,4.0,72.0,0.0,101800.0
2025-02-05 19:00:00,26.8677305290631,22.7010154452558,0.0,0.24250730994152045,9.8,89,12,5.0,85,12.3,13.0,13.9,0.0,0.0,0.0,13.0,81.0,716.0,0.0,2.0,48.0,0.0,101830.0
2025-02-05 20:00:00,26.8861230020716,22.8373210014601,0.0,0.24269005847953215,9.3,89,13,4.0,110,11.4,12.9,13.9,0.0,0.0,0.0,11.0,84.0,0.0,0.0,2.0,72.0,0.0,101870.0
2025-02-05 21:00:00,26.9342051053733,22.7960058086203,0.0,0.24287280701754385,8.4,91,8,2.8,105,10.7,12.8,13.9,0.0,0.0,0.0,10.0,89.0,0.0,0.0,0.0,119.0,0.0,101900.0
2025-02-05 22:00:00,26.8145911467753,22.8037596072871,0.0,0.24305555555555555,8.0,93,6,2.6,103,10.3,12.7,13.9,0.0,0.0,0.0,9.0,91.0,0.0,0.0,0.0,180.0,0.0,101910.0
2025-02-05 23:00:00,26.6697807022323,22.5597411485556,0.0,0.24323830409356723,7.3,95,4,3.3,315,10.0,12.5,13.9,0.0,0.0,0.0,9.0,92.0,0.0,0.0,0.0,180.0,0.0,101910.0
2025-02-06 00:00:00,26.8911594470485,22.5910192443318,0.0,0.24342105263157893,7.0,94,2,4.0,285,9.6,12.3,13.9,0.0,0.0,0.0,7.0,93.0,0.0,0.0,0.0,166.0,0.0,101900.0
2025-02-06 01:00:00,26.7598583757664,22.5108568199489,0.0,0.24360380116959063,8.0,92,1,3.7,292,10.3,12.3,13.9,0.0,0.0,0.0,7.0,94.0,0.0,0.0,0.0,155.0,0.0,101870.0
2025-02-06 02:00:00,26.5418397952281,22.6296782446643,0.0,0.24378654970760233,7.6,92,0,4.6,256,9.8,12.2,13.9,0.0,0.0,0.0,6.0,95.0,0.0,0.0,0.0,171.0,0.0,101860.0
2025-02-06 03:00:00,26.6570641727022,22.4733292626447,0.0,0.24396929824561403,6.8,93,0,5.2,244,9.3,12.1,13.9,0.0,0.0,0.0,6.0,95.0,0.0,0.0,0.0,192.0,0.0,101820.0
2025-02-06 04:00:00,26.839890018392,22.62318187722,0.0,0.24415204678362573,6.4,93,3,5.1,242,8.9,11.9,13.9,0.0,0.0,0.0,6.0,95.0,0.0,0.0,0.0,180.0,0.0,101770.0
2025-02-06 05:00:00,26.4976346795539,22.4419953202292,0.0,0.2443347953216374,6.1,93,8,5.0,230,8.6,11.7,13.9,0.0,0.0,0.0,5.0,94.0,0.0,0.0,0.0,180.0,0.0,101730.0
2025-02-06 06:00:00,26.625025486813,22.519428152205,0.0,0.2445175438596491,6.2,93,11,4.9,221,8.5,11.5,13.9,0.0,0.0,0.0,5.0,94.0,0.0,0.0,0.0,168.0,0.0,101730.0
2025-02-06 07:00:00,26.7698131943447,22.4923145057877,0.0,0.2447002923976608,6.1,93,12,5.3,220,8.3,11.3,13.9,0.0,0.0,0.0,5.0,95.0,0.0,0.0,0.0,204.0,0.0,101720.0
2025-02-06 08:00:00,26.6054024216972,22.490468846252,0.0,0.2448830409356725,7.5,88,23,7.7,228,8.6,11.2,13.9,0.0,0.0,0.02,4.0,95.0,0.0,0.0,0.0,156.0,0.0,101750.0
2025-02-06 09:00:00,26.5745584625925,22.5226865662836,0.0,0.2450657894736842,9.8,84,30,7.0,226,9.6,11.1,13.8,0.0,0.0,0.07,4.0,96.0,4190.0,0.0,0.0,173.0,0.0,101770.0
2025-02-06 10:00:00,26.4736564563113,22.5318097908298,0.0,0.24524853801169588,12.3,80,10,6.3,260,11.1,11.1,13.8,0.0,0.0,0.15,8.0,88.0,9300.0,1.0,0.0,264.0,0.0,101770.0
2025-02-06 11:00:00,26.5679257789637,25.7960451304884,0.0,0.24543128654970758,14.1,70,0,5.1,322,12.8,11.2,13.8,0.0,0.0,0.27,12.0,82.0,33734.0,2.0,0.0,228.0,0.0,101770.0
2025-02-06 12:00:00,27.0850041762773,29.7733619725222,0.0,0.24561403508771928,15.0,65,1,6.8,358,14.3,11.5,13.8,0.0,0.0,0.32,13.0,76.0,52676.0,5.0,1.0,246.0,0.0,101730.0
2025-02-06 13:00:00,28.3391008433349,27.9261531215525,0.0,0.24579678362573099,15.2,67,8,8.3,17,15.3,11.8,13.8,0.0,0.0,0.31,15.0,69.0,60668.0,3.0,0.0,54.0,0.0,101690.0
2025-02-06 14:00:00,28.533966601016,27.4695883514258,0.0,0.2459795321637427,15.6,65,8,6.0,47,16.0,12.1,13.8,0.0,0.0,0.31,16.0,64.0,66631.0,6.0,1.0,58.0,0.0,101610.0
2025-02-06 15:00:00,28.50499747142415,26.8914981359842,0.0,0.24616228070175436,15.4,65,15,10.2,38,16.1,12.4,13.8,0.0,0.0,0.25,15.666666666666666,66.0,51034.0,4.333333333333333,2.0,52.666666666666664,0.0,101566.66666666667
2025-02-06 16:00:00,28.4760283418323,26.3134079205426,0.0,0.24634502923976606,14.4,72,15,12.0,37,15.7,12.7,13.8,0.0,0.0,0.17,15.333333333333334,68.0,35437.0,2.6666666666666665,3.0,47.333333333333336,0.0,101523.33333333333
2025-02-06 17:00:00,28.3509624231477,26.1156270615684,0.0,0.24652777777777776,13.2,79,100,8.7,51,14.9,12.9,13.8,0.0,0.0,0.08,15.0,70.0,19840.0,1.0,4.0,42.0,0.0,101480.0
2025-02-06 18:00:00,28.479250433225,25.9908857643942,0.0,0.24671052631578946,10.8,89,100,5.4,74,13.6,13.0,13.8,0.0,0.0,0.01,14.0,70.0,6792.0,0.0,2.0,38.0,0.0,101480.0
2025-02-06 19:00:00,28.3478102178487,25.7883212490407,0.0,0.24689327485380116,10.4,89,46,3.3,89,12.6,13.0,13.8,0.0,0.0,0.0,13.0,76.0,453.0,0.0,1.0,54.0,0.0,101470.0
2025-02-06 20:00:00,28.252194618564,25.7756615449105,0.0,0.24707602339181284,8.9,90,57,2.2,101,11.4,13.0,13.8,0.0,0.0,0.0,11.0,81.0,0.0,0.0,0.0,54.0,0.0,101470.0
2025-02-06 21:00:00,28.4015825721961,25.7678842342448,0.0,0.24725877192982454,8.3,89,3,0.2,63,10.6,12.8,13.8,0.0,0.0,0.0,9.0,89.0,0.0,0.0,0.0,177.0,0.0,101480.0
2025-02-06 22:00:00,28.2733834513143,25.5446875618137,0.0,0.24744152046783624,7.4,89,0,2.6,349,9.9,12.7,13.8,0.0,0.0,0.0,9.0,89.0,0.0,0.0,0.0,182.0,0.0,101450.0
2025-02-06 23:00:00,28.2589502699199,25.4772266179094,0.0,0.24762426900584794,6.9,92,0,5.5,249,9.5,12.5,13.8,0.0,0.0,0.0,7.0,92.0,0.0,0.0,0.0,186.0,0.0,101460.0
2025-02-07 00:00:00,28.1729484315373,25.2940310758082,0.0,0.24780701754385964,6.5,92,1,5.2,259,9.1,12.3,13.8,0.0,0.0,0.0,8.0,91.0,0.0,0.0,0.0,186.0,0.0,101410.0
2025-02-07 01:00:00,28.1453413142326,25.2367221353116,0.0,0.24798976608187134,6.9,92,5,5.3,244,9.6,12.3,13.8,0.0,0.0,0.0,6.0,91.0,0.0,0.0,0.0,156.0,0.0,101400.0
2025-02-07 02:00:00,28.0074751696336,25.3493989553284,0.0,0.24817251461988302,6.1,94,15,6.1,232,9.2,12.1,13.8,0.0,0.0,0.0,6.0,94.0,0.0,0.0,0.0,246.0,0.0,101350.0
2025-02-07 03:00:00,28.1891570073928,25.0935913366524,0.0,0.24835526315789472,5.3,98,19,8.0,227,8.9,11.9,13.8,0.0,0.0,0.0,7.0,93.0,0.0,0.0,1.0,204.0,0.0,101310.0
2025-02-07 04:00:00,28.2775126791546,25.266907851366,0.0,0.24853801169590642,4.9,99,5,9.5,221,8.7,11.8,13.8,0.0,0.0,0.0,7.0,93.0,0.0,0.0,2.0,198.0,0.0,101270.0
2025-02-07 05:00:00,28.0794330227072,25.0973669165552,0.0,0.24872076023391812,5.1,100,4,9.1,219,8.5,11.6,13.8,0.0,0.0,0.0,6.0,93.0,0.0,0.0,1.0,204.0,0.0,101210.0
2025-02-07 06:00:00,28.0185812288674,25.1534360373938,0.0,0.24890350877192982,5.4,97,1,7.7,227,8.3,11.4,13.8,0.0,0.0,0.0,5.0,92.0,0.0,0.0,0.0,258.0,0.0,101180.0
2025-02-07 07:00:00,28.1143719037303,24.9315101155992,0.0,0.2490862573099415,5.2,95,7,8.4,238,8.1,11.2,13.8,0.0,0.0,0.0,5.0,95.0,0.0,0.0,0.0,186.0,0.0,101150.0
2025-02-07 08:00:00,28.12283926,24.8136047457975,0.0,0.2492690058479532,6.7,86,8,10.7,238,8.2,11.0,13.8,0.0,0.0,0.02,5.0,93.0,134.0,0.0,0.0,234.0,0.0,101170.0
2025-02-07 09:00:00,28.0303622314925,24.7567438390793,0.0,0.2494517543859649,10.6,76,6,8.2,237,9.3,10.9,13.7,0.0,0.0,0.09,7.0,91.0,5064.0,0.0,2.0,222.0,0.0,101190.0
2025-02-07 10:00:00,27.8491608383459,24.7559502232176,0.0,0.2496345029239766,13.5,66,4,7.4,259,11.0,10.9,13.7,0.0,0.0,0.19,9.0,85.0,15643.0,1.0,3.0,264.0,0.0,101200.0
2025-02-07 11:00:00,27.96533578143,24.7929746884848,0.0,0.2498172514619883,15.5,60,1,7.6,269,12.8,11.1,13.7,0.0,0.0,0.29,11.0,76.0,39850.0,2.0,3.0,258.0,0.0,101190.0
2025-02-07 12:00:00,27.9474547800168,24.7512315227654,0.0,0.25,16.8,54,0,8.9,278,14.3,11.3,13.7,0.0,0.0,0.35,13.0,66.0,57218.0,2.0,4.0,256.0,0.0,101160.0
2025-02-07 13:00:00,28.0139299255643,25.0540475312485,0.0,0.2517361111111111,17.8,45,0,7.7,274,15.4,11.6,13.7,0.0,0.0,0.38,15.0,57.0,63868.0,4.0,2.0,232.0,0.0,101090.0
2025-02-07 14:00:00,27.8013648509206,24.6625013175178,0.0,0.2534722222222222,18.2,41,4,6.9,298,16.2,12.0,13.7,0.0,0.0,0.36,17.0,51.0,63221.0,3.0,1.0,249.0,0.0,100970.0
2025-02-07 15:00:00,27.8956994467602,24.725363638645,0.0,0.2552083333333333,17.7,48,1,7.1,339,16.5,12.3,13.7,0.0,0.0,0.3,18.0,46.0,55050.0,2.0,4.0,355.0,0.0,100890.0
2025-02-07 16:00:00,27.7020588559001,24.4546115637388,0.0,0.2569444444444444,16.2,68,4,8.6,24,16.3,12.6,13.7,0.0,0.0,0.19,17.0,56.0,37213.0,2.0,3.0,19.0,0.0,100880.0
2025-02-07 17:00:00,27.6562988605811,24.2691112264448,0.0,0.2586805555555556,14.1,79,0,5.9,44,15.4,12.9,13.7,0.0,0.0,0.08,17.0,57.0,17064.0,1.0,3.0,30.0,0.0,100870.0
2025-02-07 18:00:00,27.7594208699749,24.4805004423544,0.0,0.2604166666666667,11.5,85,0,1.4,101,13.8,13.0,13.7,0.0,0.0,0.01,16.0,62.0,4544.0,0.0,3.0,24.0,0.0,100890.0
2025-02-07 19:00:00,27.5048678544425,24.2784021377834,0.0,0.2621527777777778,10.6,86,9,2.4,158,12.4,13.0,13.7,0.0,0.0,0.0,13.0,73.0,67.0,0.0,1.0,66.0,0.0,100930.0
2025-02-07 20:00:00,27.5497248243957,24.0723089736738,0.0,0.2638888888888889,9.3,84,84,3.9,191,11.4,12.9,13.7,0.0,0.0,0.0,11.0,76.0,0.0,0.0,2.0,162.0,0.0,100960.0
2025-02-07 21:00:00,27.4296602208187,24.1901728852483,0.0,0.265625,8.8,78,54,4.5,220,10.7,12.8,13.7,0.0,0.0,0.0,11.0,78.0,0.0,0.0,2.0,165.0,0.0,100950.0
2025-02-07 22:00:00,27.3863165853268,24.0832538180736,0.0,0.2673611111111111,8.8,72,16,5.3,225,10.1,12.7,13.7,0.0,0.0,0.0,8.0,85.0,0.0,0.0,0.0,141.0,0.0,100990.0
2025-02-07 23:00:00,27.3673840168012,24.1501864422341,0.0,0.2690972222222222,8.5,70,0,6.1,232,9.7,12.5,13.7,0.0,0.0,0.01,8.0,86.0,0.0,0.0,1.0,186.0,0.0,101030.0
2025-02-08 00:00:00,27.4579052249308,24.099122435129,0.0,0.2708333333333333,8.2,69,0,6.5,235,9.3,12.3,13.7,0.0,0.0,0.01,8.0,84.0,0.0,0.0,0.0,198.0,0.0,101050.0
2025-02-08 01:00:00,27.5282056965625,24.1507375872016,0.0,0.2725694444444444,8.0,68,2,7.8,207,9.6,12.3,13.7,0.0,0.0,0.01,8.0,77.0,0.0,0.0,1.0,184.0,0.0,101060.0
2025-02-08 02:00:00,27.5188336006556,23.8912249361646,0.0,0.2743055555555556,7.4,73,0,7.8,214,9.3,12.2,13.7,0.0,0.0,0.01,8.0,77.0,0.0,0.0,0.0,222.0,0.0,101050.0
2025-02-08 03:00:00,27.2979274674473,24.0247419190751,0.0,0.2760416666666667,7.4,76,0,8.0,221,9.0,12.0,13.7,0.0,0.0,0.01,7.0,77.0,0.0,0.0,1.0,234.0,0.0,101000.0
2025-02-08 04:00:00,27.2516538374733,24.005181528889,0.0,0.2777777777777778,7.4,80,1,7.6,221,8.8,11.8,13.7,0.0,0.0,0.0,9.0,72.0,0.0,0.0,2.0,210.0,0.0,100990.0
2025-02-08 05:00:00,27.2020517878815,23.9703691411065,0.0,0.2795138888888889,7.5,84,2,8.0,214,8.6,11.6,13.7,0.0,0.0,0.0,8.0,71.0,0.0,0.0,2.0,228.0,0.0,101010.0
2025-02-08 06:00:00,27.1663009915769,23.8556602984812,0.0,0.28125,7.6,85,19,8.7,211,8.6,11.4,13.7,0.0,0.0,0.0,9.0,71.0,0.0,0.0,2.0,210.0,0.0,101040.0
2025-02-08 07:00:00,27.2061134211821,23.8946858845068,0.0,0.2829861111111111,8.1,83,9,9.4,215,8.6,11.3,13.7,0.0,0.0,0.0,9.0,72.0,0.0,0.0,3.0,234.0,0.0,101070.0
2025-02-08 08:00:00,27.3773903178281,23.7927408506401,0.0,0.2847222222222222,10.1,77,2,11.2,218,9.0,11.2,13.7,0.0,0.0,0.03,10.0,73.0,339.0,0.0,2.0,228.0,0.0,101120.0
2025-02-08 09:00:00,27.1900632862521,23.922357640637,0.0,0.2864583333333333,13.9,70,1,11.7,215,10.3,11.1,13.7,0.0,0.0,0.11,11.0,73.0,7184.0,0.0,3.0,258.0,0.0,101160.0
2025-02-08 10:00:00,27.0817611465898,23.8572500367401,0.0,0.2881944444444444,16.7,60,0,12.2,234,12.0,11.2,13.6,0.0,0.0,0.22,13.0,68.0,18564.0,1.0,3.0,264.0,0.0,101200.0
2025-02-08 11:00:00,27.0771105296225,23.7728406764548,0.0,0.2899305555555556,18.4,50,15,14.1,241,13.7,11.4,13.6,0.0,0.0,0.32,15.0,64.0,25222.0,2.0,3.0,276.0,0.0,101230.0
2025-02-08 12:00:00,27.0302890689469,23.7984432100738,0.0,0.2916666666666667,19.6,42,1,13.3,241,15.1,11.6,13.6,0.0,0.0,0.38,18.0,54.0,61486.0,5.0,4.0,310.0,0.0,101220.0
2025-02-08 13:00:00,27.2773553352903,23.7204488738347,0.0,0.2934027777777778,20.5,38,0,12.8,247,16.5,12.1,13.6,0.0,0.0,0.42,19.0,43.0,43812.0,3.0,5.0,270.0,0.0,101170.0
2025-02-08 14:00:00,27.1893169550894,23.6681428419632,0.0,0.2951388888888889,20.9,37,0,14.3,251,17.2,12.5,13.6,0.0,0.0,0.41,20.0,36.0,67903.0,6.0,5.0,298.0,0.0,101100.0
2025-02-08 15:00:00,27.3645900648129,23.6250967288954,0.0,0.296875,20.8,39,1,11.4,279,17.5,12.8,13.6,0.0,0.0,0.34,21.0,40.0,53379.0,3.0,3.0,274.0,0.0,101040.0
2025-02-08 16:00:00,27.0429647674113,23.7356878350791,0.0,0.2986111111111111,18.6,63,3,11.9,331,17.3,13.2,13.6,0.0,0.0,0.22,21.0,41.0,34895.0,2.0,2.0,234.0,0.0,101020.0
2025-02-08 17:00:00,26.9739346724435,23.6810021197684,0.0,0.3003472222222222,16.6,80,14,4.0,334,16.6,13.4,13.6,0.0,0.0,0.09,18.0,68.0,14850.0,1.0,4.0,358.0,0.0,101060.0
2025-02-08 18:00:00,26.8539829143944,23.7660390213773,0.0,0.3020833333333333,14.4,83,25,1.1,337,15.1,13.6,13.6,0.0,0.0,0.01,17.0,73.0,3681.0,0.0,1.0,15.0,0.0,101100.0
2025-02-08 19:00:00,26.9305365884289,23.5357875522898,0.0,0.3038194444444444,13.4,86,32,3.7,105,14.0,13.7,13.6,0.0,0.0,0.0,15.0,82.0,0.0,0.0,2.0,112.0,0.0,101180.0
2025-02-08 20:00:00,26.8161241708297,23.4918905003135,0.0,0.3055555555555556,12.6,88,29,4.2,101,13.3,13.7,13.7,0.0,0.0,0.0,14.0,87.0,0.0,0.0,2.0,124.0,0.0,101250.0
2025-02-08 21:00:00,26.8576248055854,23.3107689268544,0.0,0.3072916666666667,12.3,87,20,3.5,85,12.6,13.6,13.7,0.0,0.0,0.0,13.0,88.0,0.0,0.0,3.0,112.0,0.0,101320.0
2025-02-08 22:00:00,26.9052328486451,23.4399660853843,0.0,0.3090277777777778,11.5,88,17,4.6,99,12.0,13.5,13.7,0.0,0.0,0.0,13.0,90.0,0.0,0.0,1.0,91.0,0.0,101380.0
2025-02-08 23:00:00,26.7525735377619,23.4329430921922,0.0,0.3107638888888889,10.9,91,29,3.7,114,11.6,13.4,13.7,0.0,0.0,0.0,13.0,90.0,0.0,0.0,1.0,137.0,0.0,101390.0
2025-02-09 00:00:00,26.9913541956498,23.5176807030761,0.0,0.3125,10.7,93,34,2.1,97,11.2,13.3,13.7,0.0,0.0,0.0,14.0,87.0,0.0,0.0,2.0,126.0,0.0,101370.0
2025-02-09 01:00:00,26.8159988470803,23.292634786777,0.0,0.3142361111111111,12.1,92,92,3.6,89,12.9,13.4,13.7,0.0,0.0,0.0,14.0,87.0,0.0,0.0,2.0,144.0,0.0,101380.0
2025-02-09 02:00:00,26.6390807722044,23.3556273463447,0.0,0.3159722222222222,12.6,92,100,4.2,102,12.7,13.4,13.7,0.0,0.0,0.0,14.0,87.0,0.0,0.0,2.0,138.0,0.0,101370.0
2025-02-09 03:00:00,26.7158410218766,23.5088432416087,0.0,0.3177083333333333,13.1,90,100,3.6,101,12.6,13.3,13.7,0.0,0.0,0.0,14.0,88.0,0.0,0.0,0.0,130.0,0.0,101350.0
2025-02-09 04:00:00,26.7709725863332,23.2781305271723,0.0,0.3194444444444444,13.6,87,100,2.6,98,12.6,13.3,13.7,0.0,0.0,0.0,13.0,92.0,0.0,0.0,0.0,344.0,0.0,101350.0
2025-02-09 05:00:00,26.8241271847477,23.3009059071561,0.0,0.3211805555555555,13.6,86,97,2.0,100,12.6,13.2,13.7,0.0,0.0,0.0,13.0,93.0,0.0,0.0,0.0,114.0,0.0,101340.0
2025-02-09 06:00:00,26.5427953252628,23.3490746997559,0.0,0.3229166666666667,12.6,90,65,3.5,116,12.4,13.2,13.7,0.0,0.0,0.0,12.0,93.0,0.0,0.0,0.0,166.0,0.0,101340.0
2025-02-09 07:00:00,26.6063918437363,23.3497840477907,0.0,0.3246527777777778,11.6,94,27,3.4,133,12.1,13.1,13.7,0.0,0.0,0.0,10.0,91.0,0.0,0.0,0.0,184.0,0.0,101350.0
2025-02-09 08:00:00,26.6598936182978,23.3054163752053,0.0,0.3263888888888889,11.6,93,24,5.2,150,12.0,13.1,13.7,0.0,0.0,0.01,9.0,93.0,1107.0,0.0,0.0,210.0,0.0,101370.0
2025-02-09 09:00:00,26.6509827597158,23.3195874743841,0.0,0.328125,14.3,83,3,3.9,246,12.9,13.0,13.7,0.0,0.0,0.09,12.0,91.0,7937.0,0.0,1.0,270.0,0.0,101410.0
2025-02-09 10:00:00,26.6232586395884,23.2375182522378,0.0,0.3298611111111111,15.9,77,0,4.3,333,14.3,13.1,13.7,0.0,0.0,0.2,14.0,82.0,26735.0,2.0,0.0,210.0,0.0,101440.0
2025-02-09 11:00:00,26.5188971309028,23.187376130952,0.0,0.3315972222222222,17.1,71,14,5.2,18,15.8,13.2,13.7,0.0,0.0,0.29,16.0,72.0,48670.0,4.0,1.0,228.0,0.0,101440.0
2025-02-09 12:00:00,26.6168812326537,23.0092014634311,0.0,0.3333333333333333,18.1,68,45,6.4,25,17.1,13.5,13.7,0.0,0.0,0.35,18.0,66.0,62488.0,3.0,2.0,42.0,0.0,101400.0
2025-02-09 13:00:00,26.6165384369918,23.1288485387963,0.0,0.3350694444444444,18.6,66,29,11.5,27,17.7,13.4,13.7,0.0,0.0,0.34,19.0,64.0,77085.0,6.0,3.0,13.0,0.0,101300.0
2025-02-09 14:00:00,26.5429103369262,23.0547601876938,0.0,0.3368055555555555,17.4,70,0,12.6,30,18.0,13.7,13.7,0.0,0.0,0.29,18.0,69.0,64300.0,6.0,4.0,16.0,0.0,101210.0
2025-02-09 15:00:00,26.3788142162099,23.2003380395267,0.0,0.3385416666666667,17.5,71,0,10.9,51,18.1,14.0,13.7,0.0,0.0,0.27,18.0,68.0,49960.0,2.0,3.0,60.0,0.0,101150.0
2025-02-09 16:00:00,26.7553107495795,23.1408311451624,0.0,0.3402777777777778,16.8,74,10,12.1,45,17.7,14.3,13.7,0.0,0.0,0.19,18.0,66.0,31826.0,2.0,4.0,39.0,0.0,101150.0
2025-02-09 17:00:00,26.732301075303,23.1578384863619,0.0,0.3420138888888889,15.4,80,2,10.5,40,16.9,14.5,13.7,0.0,0.0,0.09,17.0,69.0,12200.0,0.0,3.0,59.0,0.0,101120.0
2025-02-09 18:00:00,26.6623053357655,23.3248815874135,0.0,0.34375,12.8,93,0,6.1,42,15.6,14.6,13.7,0.0,0.0,0.01,16.0,76.0,2916.0,0.0,2.0,52.0,0.0,101150.0
2025-02-09 19:00:00,26.4466596661289,23.1165913458151,0.0,0.3454861111111111,11.7,96,14,4.3,45,14.4,14.6,13.8,0.0,0.0,0.0,13.0,87.0,0.0,0.0,0.0,60.0,0.0,101190.0
2025-02-09 20:00:00,26.5320415880117,23.1147078747623,0.0,0.3472222222222222,11.5,97,23,1.8,51,13.3,14.5,13.8,0.0,0.0,0.0,12.0,88.0,0.0,0.0,0.0,162.0,0.0,101220.0
2025-02-09 21:00:00,26.4934196741779,23.1268241284374,0.0,0.3489583333333333,11.3,97,18,0.5,59,12.5,14.4,13.8,0.0,0.0,0.0,11.0,91.0,0.0,0.0,0.0,162.0,0.0,101250.0
2025-02-09 22:00:00,26.3908347837081,22.9937435912497,0.0,0.3506944444444444,10.3,100,30,1.2,42,12.0,14.2,13.8,0.0,0.0,0.0,10.0,92.0,0.0,0.0,0.0,176.0,0.0,101250.0
2025-02-09 23:00:00,26.5031703696138,22.9047073009712,0.0,0.3524305555555555,10.3,99,45,4.1,241,12.0,14.1,13.8,0.0,0.0,0.0,9.0,94.0,0.0,0.0,0.0,174.0,0.0,101220.0
2025-02-10 00:00:00,26.342022754113,23.0659062543467,0.0,0.3541666666666667,10.3,97,52,5.0,227,11.9,13.9,13.8,0.0,0.0,0.0,9.0,95.0,0.0,0.0,0.0,178.0,0.0,101210.0
2025-02-10 01:00:00,26.3552820299595,23.0849839528538,0.0,0.3559027777777778,10.4,97,94,4.7,272,12.3,13.9,13.8,0.0,0.0,0.0,9.0,95.0,0.0,0.0,0.0,180.0,0.0,101150.0
2025-02-10 02:00:00,26.3521695278538,22.8099058824732,0.0,0.3576388888888889,10.4,95,92,5.7,243,12.1,13.8,13.8,0.0,0.0,0.0,8.0,96.0,0.0,0.0,0.0,180.0,0.0,101100.0
2025-02-10 03:00:00,26.3730351936976,22.9710254631068,0.0,0.359375,10.0,94,72,6.1,240,11.8,13.7,13.8,0.0,0.0,0.0,8.0,96.0,0.0,0.0,0.0,180.0,0.0,101060.0
2025-02-10 04:00:00,25.9597229220872,22.9084173296783,0.0,0.3611111111111111,9.9,94,95,5.9,240,11.6,13.5,13.8,0.0,0.0,0.0,8.0,96.0,0.0,0.0,0.0,204.0,0.0,101010.0
2025-02-10 05:00:00,26.1909033396567,22.799393536943,0.0,0.3628472222222222,9.9,94,100,5.4,241,11.4,13.4,13.8,0.0,0.0,0.0,10.0,96.0,0.0,0.0,0.0,204.0,0.0,100960.0
2025-02-10 06:00:00,26.1732456784024,22.9577372762831,0.0,0.3645833333333333,9.8,93,100,5.9,240,11.2,13.3,13.8,0.0,0.0,0.0,10.0,97.0,0.0,0.0,0.0,192.0,0.0,101000.0
2025-02-10 07:00:00,26.2267802735749,22.7262028311484,0.0,0.3663194444444444,9.9,93,100,6.7,242,11.2,13.1,13.8,0.0,0.0,0.0,10.0,97.0,0.0,0.0,0.0,159.0,0.0,101010.0
2025-02-10 08:00:00,26.1103834915477,22.8261814432803,0.0,0.3680555555555555,10.8,91,100,7.9,258,11.5,13.0,13.8,0.0,0.0,0.02,10.0,97.0,2228.0,0.0,0.0,192.0,0.0,101030.0
2025-02-10 09:00:00,26.1751503925218,22.8992691763541,0.0,0.3697916666666667,11.9,92,100,7.6,272,12.0,13.0,13.8,0.0,0.0,0.05,10.0,97.0,9814.0,1.0,0.0,246.0,0.0,101060.0
2025-02-10 10:00:00,26.1510852107434,22.535689639576,0.0,0.3715277777777778,13.3,87,71,7.5,286,13.0,12.9,13.8,0.0,0.0,0.1,12.0,91.0,29300.0,1.0,2.0,258.0,0.0,101080.0
2025-02-10 11:00:00,26.0964418348553,22.8839295657968,0.0,0.3732638888888889,15.2,77,55,6.1,297,14.4,13.0,13.8,0.0,0.0,0.23,14.0,83.0,50744.0,3.0,2.0,288.0,0.0,101060.0
2025-02-10 12:00:00,26.2308573897941,22.6341022794588,0.0,0.375,16.5,74,4,6.3,327,15.9,13.2,13.8,0.0,0.0,0.33,17.0,71.0,62990.0,5.0,2.0,338.0,0.0,101010.0
2025-02-10 13:00:00,26.5881965161636,25.6949445207892,0.0,0.3767361111111111,17.7,71,39,4.9,351,17.5,13.6,13.9,0.0,0.0,0.37,18.0,64.0,67380.0,5.0,0.0,209.0,0.0,100930.0
2025-02-10 14:00:00,27.9273896774045,26.0321413219221,0.0,0.3784722222222222,17.6,73,37,7.2,16,18.2,13.9,13.9,0.0,0.0,0.33,19.0,63.0,61796.0,5.0,1.0,320.0,0.0,100830.0
2025-02-10 15:00:00,28.2271637202202,25.6058478068549,0.0,0.3802083333333333,17.0,76,55,10.2,30,18.3,14.2,13.9,0.0,0.0,0.27,18.0,66.0,46685.0,1.0,3.0,26.0,0.0,100750.0
2025-02-10 16:00:00,28.1687781770033,25.231297024742,0.0,0.3819444444444444,16.0,78,69,10.7,34,17.9,14.5,13.9,0.0,0.0,0.18,17.0,74.0,25408.0,1.0,4.0,38.0,0.0,100750.0
2025-02-10 17:00:00,28.0753888146717,25.1842768966437,0.0,0.3836805555555555,14.7,83,76,8.9,33,17.0,14.7,13.9,0.0,0.0,0.09,16.0,79.0,8205.0,1.0,4.0,58.0,0.0,100750.0
2025-02-10 18:00:00,28.3117607714546,25.0022601925504,0.0,0.3854166666666667,12.2,94,6,4.8,32,15.6,14.8,13.9,0.0,0.0,0.01,15.0,85.0,2683.0,0.0,3.0,26.0,0.0,100780.0
2025-02-10 19:00:00,28.2092134834554,25.1271975214512,0.0,0.3871527777777778,11.4,96,0,1.0,21,14.2,14.8,13.9,0.0,0.0,0.0,13.0,90.0,0.0,0.0,0.0,60.0,0.0,100830.0
2025-02-10 20:00:00,28.1233009059531,24.8790448858873,0.0,0.3888888888888889,10.5,99,2,1.7,319,13.1,14.7,13.9,0.0,0.0,0.0,11.0,92.0,0.0,0.0,0.0,122.0,0.0,100870.0
2025-02-10 21:00:00,27.975080413453,24.7568075368192,0.0,0.390625,9.8,99,19,3.6,270,12.3,14.5,13.9,0.0,0.0,0.0,11.0,93.0,0.0,0.0,0.0,115.0,0.0,100890.0
2025-02-10 22:00:00,27.8503486752812,24.6967382484241,0.0,0.3923611111111111,9.1,100,95,3.3,257,11.9,14.3,13.9,0.0,0.0,0.0,11.0,92.0,0.0,0.0,0.0,174.0,0.0,100910.0
2025-02-10 23:00:00,28.1280818021071,24.6950448992521,0.0,0.3940972222222222,9.0,100,92,3.7,276,11.6,14.1,13.9,0.0,0.0,0.0,12.0,91.5,0.0,0.0,0.0,166.0,0.0,100900.0
2025-02-11 00:00:00,27.9971083204308,24.871968588341,0.0,0.3958333333333333,9.7,96,77,4.6,265,11.5,14.0,14.0,0.0,0.0,0.0,13.0,91.0,0.0,0.0,0.0,158.0,0.0,100890.0
2025-02-11 01:00:00,27.9603630200098,24.6627100521498,0.0,0.3975694444444444,9.3,98,94,4.9,255,12.6,14.1,14.0,0.0,0.0,0.0,13.0,90.0,0.0,0.0,0.0,184.0,0.0,100860.0
2025-02-11 02:00:00,27.8342460529904,24.7034017384884,0.0,0.3993055555555555,9.6,96,67,4.8,248,12.1,13.9,14.0,0.0,0.0,0.0,11.0,94.0,0.0,0.0,0.0,179.0,0.0,100840.0
2025-02-11 03:00:00,27.8421139080076,24.7483663474029,0.0,0.4010416666666667,9.6,96,73,4.8,247,11.8,13.8,14.0,0.0,0.0,0.0,9.0,95.0,0.0,0.0,0.0,158.0,0.0,100830.0
2025-02-11 04:00:00,27.8463107120155,24.4220293919968,0.0,0.4027777777777778,9.5,94,88,4.0,250,11.6,13.7,14.0,0.0,0.0,0.0,8.0,96.0,0.0,0.0,0.0,138.0,0.0,100810.0
2025-02-11 05:00:00,27.7219841521199,24.4735494234138,0.0,0.4045138888888889,9.3,94,92,2.4,234,11.4,13.5,14.0,0.0,0.0,0.0,11.0,96.0,0.0,0.0,0.0,173.0,0.0,100780.0
2025-02-11 06:00:00,27.7070243805566,24.654839778451,0.0,0.40625,9.3,94,100,3.9,240,11.2,13.4,14.0,0.0,0.0,0.0,11.0,95.0,0.0,0.0,0.0,192.0,0.0,100750.0
2025-02-11 07:00:00,27.900652108032,24.6220108204675,0.0,0.4079861111111111,9.2,96,100,4.8,253,11.0,13.2,14.0,0.0,0.0,0.0,11.0,95.0,0.0,0.0,0.0,72.0,0.0,100740.0
2025-02-11 08:00:00,27.884989920709,24.4752416634389,0.0,0.4097222222222222,10.0,94,100,5.6,256,11.2,13.1,14.0,0.0,0.0,0.01,12.0,95.0,0.0,0.0,0.0,234.0,0.0,100760.0
2025-02-11 09:00:00,27.8679676033293,24.4371234026278,0.0,0.4114583333333333,11.5,92,100,5.8,275,11.9,13.0,14.0,0.0,0.0,0.07,12.0,94.0,3445.0,0.0,0.0,228.0,0.0,100790.0
2025-02-11 10:00:00,27.7892818094408,24.2243410457057,0.0,0.4131944444444444,14.3,77,91,5.6,308,13.2,13.0,14.0,0.0,0.0,0.17,12.0,92.0,10316.0,1.0,1.0,222.0,0.0,100830.0
2025-02-11 11:00:00,27.6603400503498,24.4690747805953,0.0,0.4149305555555555,16.7,65,98,5.2,327,14.8,13.1,14.0,0.0,0.0,0.27,12.0,88.0,9871.0,1.0,1.0,234.0,0.0,100850.0
2025-02-11 12:00:00,27.5543801870896,24.4203158669003,0.0,0.41666666666666663,18.3,61,92,5.6,352,16.3,13.3,14.0,0.0,0.0,0.33,14.0,76.0,62049.0,4.0,1.0,174.0,0.0,100840.0
2025-02-11 13:00:00,27.7563442992153,24.2436569938985,0.0,0.4184027777777778,17.5,69,81,9.7,11,16.3,13.3,14.0,0.0,0.0,0.31,16.0,72.0,78228.0,6.0,0.0,187.0,0.0,100780.0
2025-02-11 14:00:00,27.7112125306114,24.4608826334676,0.0,0.4201388888888889,17.1,72,78,9.9,26,17.1,13.6,14.0,0.0,0.0,0.3,18.0,66.0,46826.0,3.0,0.0,120.0,0.0,100700.0
2025-02-11 15:00:00,27.7425935479621,24.1681490638822,0.0,0.421875,17.0,72,64,9.1,44,17.5,13.9,14.0,0.0,0.0,0.26,19.0,61.0,69477.0,6.0,1.0,192.0,0.0,100610.0
2025-02-11 16:00:00,27.6001584617114,24.1620023505571,0.0,0.4236111111111111,16.7,72,7,8.9,37,17.3,14.1,14.0,0.0,0.0,0.19,19.0,66.0,58264.0,3.0,4.0,30.0,0.0,100540.0
2025-02-11 17:00:00,27.4438680986847,24.2374363203914,0.0,0.4253472222222222,15.5,76,0,5.6,42,16.6,14.3,14.0,0.0,0.0,0.09,18.0,71.0,25776.0,2.0,4.0,348.0,0.0,100510.0
2025-02-11 18:00:00,27.4872291159758,24.3321615504313,0.0,0.4270833333333333,12.7,84,0,2.2,52,15.2,14.4,14.0,0.0,0.0,0.01,16.0,75.0,8112.0,1.0,2.0,42.0,0.0,100540.0
2025-02-11 19:00:00,27.5127827263972,24.204437920311,0.0,0.4288194444444444,12.0,85,0,1.8,74,13.8,14.4,14.0,0.0,0.0,0.0,15.0,79.0,1067.0,0.0,2.0,26.0,0.0,100570.0
2025-02-11 20:00:00,27.4101746199535,24.1111711346165,0.0,0.4305555555555555,11.8,84,0,0.5,72,12.7,14.3,14.0,0.0,0.0,0.0,13.0,85.0,0.0,0.0,0.0,125.0,0.0,100640.0
2025-02-11 21:00:00,27.4656417933329,24.0766179607741,0.0,0.43229166666666663,10.7,85,3,3.6,207,12.0,14.2,14.0,0.0,0.0,0.0,11.0,89.0,0.0,0.0,0.0,276.0,0.0,100660.0
2025-02-11 22:00:00,27.3324265591277,23.9428233791785,0.0,0.4340277777777778,10.4,77,3,6.1,202,11.4,14.0,14.0,0.0,0.0,0.0,10.0,92.0,0.0,0.0,0.0,306.0,0.0,100700.0
2025-02-11 23:00:00,27.2243726347903,23.9200669989142,0.0,0.4357638888888889,10.4,68,21,7.7,222,11.1,13.8,14.0,0.0,0.0,0.02,9.0,93.0,0.0,0.0,2.0,168.0,0.0,100750.0
2025-02-12 00:00:00,27.2351051834507,23.7280105557371,0.0,0.4375,10.9,63,21,9.9,226,10.9,13.6,14.0,0.0,0.0,0.03,10.0,94.0,0.0,0.0,2.0,168.0,0.0,100740.0
2025-02-12 01:00:00,27.2619668660776,23.7921288902523,0.0,0.4392361111111111,10.6,65,35,8.2,225,10.0,13.6,14.1,0.0,0.0,0.02,9.0,94.0,0.0,0.0,0.0,192.0,0.0,100730.0
2025-02-12 02:00:00,27.1224019030586,23.9366404067853,0.0,0.4409722222222222,10.8,57,36,9.0,214,9.9,13.3,14.1,0.0,0.0,0.03,9.0,92.0,0.0,0.0,0.0,163.0,0.0,100700.0
2025-02-12 03:00:00,27.1215324741033,23.7486543006442,0.0,0.4427083333333333,11.0,52,86,11.2,214,10.0,13.1,14.1,0.0,0.0,0.05,9.0,92.0,0.0,0.0,1.0,198.0,0.0,100710.0
2025-02-12 04:00:00,27.0378895494273,23.6961851658079,0.0,0.4444444444444444,11.2,51,82,11.3,212,10.2,12.9,14.1,0.0,0.0,0.05,11.0,81.0,0.0,0.0,1.0,222.0,0.0,100670.0
2025-02-12 05:00:00,27.130461795836,23.8771260929285,0.0,0.4461805555555555,9.6,59,100,7.2,222,10.0,12.8,14.1,0.0,0.0,0.02,11.0,73.0,0.0,0.0,3.0,216.0,0.0,100630.0
2025-02-12 06:00:00,27.2789817426376,23.7648909359187,0.0,0.44791666666666663,9.0,64,100,5.2,234,9.6,12.6,14.1,0.0,0.0,0.01,10.0,68.0,0.0,0.0,2.0,176.0,0.0,100680.0
2025-02-12 07:00:00,27.3316379345185,23.7321994673553,0.0,0.4496527777777778,8.1,69,66,6.4,249,9.1,12.4,14.0,0.0,0.0,0.01,10.0,62.0,0.0,0.0,2.0,210.0,0.0,100700.0
2025-02-12 08:00:00,27.2192075136139,23.6570862443723,0.0,0.4513888888888889,10.9,66,17,8.2,258,9.5,12.2,14.0,0.0,0.0,0.04,10.0,66.0,0.0,0.0,1.0,222.0,0.0,100760.0
2025-02-12 09:00:00,27.1177152769458,23.660763848751,0.0,0.453125,14.4,65,23,10.3,239,11.0,12.1,14.0,0.0,0.0,0.13,9.0,66.0,4652.0,0.0,0.0,204.0,0.0,100820.0
2025-02-12 10:00:00,27.2118787672447,23.5942395394748,0.0,0.4548611111111111,16.8,56,1,11.1,232,12.7,12.1,14.0,0.0,0.0,0.23,15.0,58.0,19050.0,1.0,2.0,264.0,0.0,100910.0
2025-02-12 11:00:00,27.1456286490313,23.7842911819623,0.0,0.4565972222222222,18.2,57,3,8.8,255,14.4,12.3,14.0,0.0,0.0,0.31,16.0,53.0,32232.0,2.0,4.0,240.0,0.0,100930.0
2025-02-12 12:00:00,27.0230005077767,23.5295995300907,0.0,0.4583333333333333,19.2,53,5,8.8,265,16.0,12.5,14.0,0.0,0.0,0.38,18.0,51.0,50344.0,4.0,3.0,211.0,0.0,100920.0
2025-02-12 13:00:00,27.2100268342569,23.7421929829573,0.0,0.4600694444444444,20.4,50,14,9.7,290,17.6,13.1,14.0,0.0,0.0,0.41,19.0,51.0,66330.0,3.0,4.0,292.0,0.0,100870.0
2025-02-12 14:00:00,27.2453233004175,23.5527952402588,0.0,0.4618055555555555,19.8,59,14,11.5,328,18.2,13.4,14.0,0.0,0.0,0.36,21.0,45.0,66949.0,6.0,4.0,270.0,0.0,100740.0
2025-02-12 15:00:00,26.8792636280121,23.5886747692486,0.0,0.46354166666666663,18.1,69,9,15.2,337,18.3,13.8,14.0,0.0,0.0,0.28,19.0,58.0,68225.0,6.0,4.0,36.0,0.0,100620.0
2025-02-12 16:00:00,27.0057621059834,23.5181761132937,0.0,0.4652777777777778,17.5,70,11,9.4,319,17.9,14.1,14.0,0.0,0.0,0.19,18.0,67.0,41976.0,3.0,6.0,19.0,0.0,100600.0
2025-02-12 17:00:00,27.0579010547249,23.3941814996733,0.0,0.4670138888888889,16.4,74,41,5.0,322,17.1,14.3,14.0,0.0,0.0,0.09,17.0,69.0,23010.0,1.0,5.0,0.0,0.0,100600.0
2025-02-12 18:00:00,26.8907326771292,23.6164790043001,0.0,0.46875,14.7,77,36,2.8,291,15.9,14.4,14.1,0.0,0.0,0.02,16.0,71.0,6335.0,0.0,4.0,4.0,0.0,100640.0
2025-02-12 19:00:00,26.9524955597362,23.3650673636933,0.0,0.4704861111111111,13.6,75,47,6.0,254,14.7,14.5,14.1,0.0,0.0,0.01,16.0,74.0,407.0,0.0,2.0,330.0,0.0,100690.0
2025-02-12 20:00:00,26.8999927765066,23.3772188498895,0.0,0.4722222222222222,14.1,72,35,9.0,219,14.2,14.5,14.1,0.0,0.0,0.02,16.0,75.0,0.0,0.0,0.0,282.0,0.0,100770.0
2025-02-12 21:00:00,26.898951410598,23.3674147721518,0.0,0.4739583333333333,13.3,70,39,9.2,212,13.8,14.4,14.1,0.0,0.0,0.02,16.0,69.0,0.0,0.0,1.0,276.0,0.0,100880.0
2025-02-12 22:00:00,26.8428301708826,23.2634833503744,0.0,0.4756944444444444,12.7,67,22,9.2,220,13.3,14.4,14.1,0.0,0.0,0.02,15.0,69.0,0.0,0.0,1.0,246.0,0.0,100950.0
2025-02-12 23:00:00,26.9244593133242,23.4395646166125,0.0,0.4774305555555555,12.2,66,0,9.9,221,12.9,14.3,14.1,0.0,0.0,0.03,14.0,73.0,0.0,0.0,1.0,246.0,0.0,100970.0
2025-02-13 00:00:00,26.8180365261083,23.3413382168836,0.0,0.47916666666666663,11.4,67,0,11.0,219,12.4,14.1,14.1,0.0,0.0,0.03,13.0,74.0,0.0,0.0,0.0,228.0,0.0,100980.0
2025-02-13 01:00:00,26.7771421460339,23.1133905592887,0.0,0.4809027777777778,11.5,67,0,9.9,212,13.1,14.1,14.1,0.0,0.0,0.03,12.0,73.0,0.0,0.0,1.0,210.0,0.0,100970.0
2025-02-13 02:00:00,26.738099262196,23.3888901407148,0.0,0.4826388888888889,10.9,68,0,8.5,214,12.4,14.0,14.1,0.0,0.0,0.02,12.0,69.0,0.0,0.0,2.0,204.0,0.0,100940.0
2025-02-13 03:00:00,26.7759928691369,23.1570150170643,0.0,0.484375,10.1,70,0,7.0,215,11.8,13.9,14.1,0.0,0.0,0.01,12.0,68.0,0.0,0.0,2.0,270.0,0.0,100910.0
2025-02-13 04:00:00,26.6134784255235,23.2754734863381,0.0,0.4861111111111111,9.5,72,0,5.8,216,11.3,13.7,14.1,0.0,0.0,0.01,12.0,66.0,0.0,0.0,1.0,234.0,0.0,100880.0
2025-02-13 05:00:00,26.6573387828055,23.102496446761,0.0,0.4878472222222222,9.1,72,0,4.4,203,10.7,13.6,14.1,0.0,0.0,0.0,10.0,77.0,0.0,0.0,0.0,192.0,0.0,100900.0
2025-02-13 06:00:00,26.6981645209527,23.2297269009864,0.0,0.4895833333333333,8.7,73,0,4.2,180,10.2,13.4,14.1,0.0,0.0,0.0,10.0,78.0,0.0,0.0,1.0,180.0,0.0,100900.0
2025-02-13 07:00:00,26.6512770654169,23.1589683933455,0.0,0.4913194444444444,8.3,74,0,4.1,166,9.8,13.1,14.1,0.0,0.0,0.0,9.0,79.0,0.0,0.0,0.0,240.0,0.0,100940.0
2025-02-13 08:00:00,26.7205831776634,23.327100459015,0.0,0.4930555555555555,10.4,71,0,4.3,162,10.1,12.9,14.1,0.0,0.0,0.02,6.0,88.0,264.0,0.0,0.0,204.0,0.0,100960.0
2025-02-13 09:00:00,26.7554698567234,23.3010394260503,0.0,0.49479166666666663,14.1,66,0,5.4,181,11.5,12.8,14.1,0.0,0.0,0.12,9.0,82.0,5680.0,0.0,0.0,294.0,0.0,101010.0
2025-02-13 10:00:00,26.4286824270226,23.2168051036645,0.0,0.4965277777777778,16.3,52,0,1.9,208,13.3,12.8,14.1,0.0,0.0,0.22,14.0,67.0,22202.0,1.0,1.0,192.0,0.0,101040.0
2025-02-13 11:00:00,26.5830403474975,23.9391987726617,0.0,0.4982638888888889,17.2,49,0,0.5,323,15.1,12.9,14.1,0.0,0.0,0.31,16.0,59.0,45095.0,3.0,1.0,18.0,0.0,101080.0
2025-02-13 12:00:00,27.2700492981113,26.2300904298923,0.0,0.5,17.8,48,0,3.1,33,16.6,13.2,14.1,0.0,0.0,0.37,18.0,49.0,62772.0,4.0,1.0,292.0,0.0,101080.0
2025-02-13 13:00:00,27.9686108900906,26.0975777660622,0.0,0.5044642857142857,18.6,49,0,4.4,25,17.9,13.5,14.1,0.0,0.0,0.39,18.0,49.0,15976.0,2.0,2.0,153.0,0.0,101010.0
2025-02-13 14:00:00,28.2421502481161,25.9168227578577,0.0,0.5089285714285714,18.6,50,0,6.6,35,18.5,13.9,14.1,0.0,0.0,0.37,18.0,53.0,72072.0,5.0,2.0,20.0,0.0,100930.0
2025-02-13 15:00:00,28.1691878883703,25.7287974248291,0.0,0.5133928571428571,18.3,52,1,9.1,39,18.6,14.2,14.1,0.0,0.0,0.31,19.0,54.0,57895.0,5.0,4.0,4.0,0.0,100860.0
2025-02-13 16:00:00,28.0202635570467,25.4893193668165,0.0,0.5178571428571429,17.1,57,3,11.1,42,18.1,14.5,14.1,0.0,0.0,0.22,18.0,59.0,40754.0,2.0,4.0,358.0,0.0,100860.0
2025-02-13 17:00:00,28.0141890566827,25.3803673342275,0.0,0.5223214285714286,15.6,65,3,8.4,54,17.1,14.7,14.1,0.0,0.0,0.11,17.0,65.0,19648.0,1.0,4.0,54.0,0.0,100850.0
2025-02-13 18:00:00,28.1915325539101,25.3902224019272,0.0,0.5267857142857143,12.6,77,2,5.6,63,15.7,14.8,14.1,0.0,0.0,0.02,16.0,69.0,5845.0,0.0,2.0,54.0,0.0,100860.0
2025-02-13 19:00:00,27.9295697167154,25.0938830430718,0.0,0.53125,12.1,77,1,2.0,73,14.2,14.8,14.1,0.0,0.0,0.0,14.0,76.0,177.0,0.0,1.0,82.0,0.0,100880.0
2025-02-13 20:00:00,27.9200339567665,25.069649467271,0.0,0.5357142857142857,11.7,76,0,0.9,78,13.1,14.7,14.2,0.0,0.0,0.0,12.0,79.0,0.0,0.0,0.0,54.0,0.0,100900.0
2025-02-13 21:00:00,28.0157831153919,24.9650855754996,0.0,0.5401785714285714,11.3,76,0,0.9,83,12.2,14.5,14.2,0.0,0.0,0.0,11.0,85.0,0.0,0.0,0.0,111.0,0.0,100970.0
2025-02-13 22:00:00,27.8146728557794,24.8746079427513,0.0,0.5446428571428571,10.5,79,0,3.3,189,11.6,14.3,14.2,0.0,0.0,0.0,9.0,83.0,0.0,0.0,0.0,175.0,0.0,100980.0
2025-02-13 23:00:00,27.96356581777,24.8778762073684,0.0,0.5491071428571429,9.9,80,0,3.3,200,11.0,14.1,14.2,0.0,0.0,0.0,9.0,87.0,0.0,0.0,0.0,184.0,0.0,100950.0
2025-02-14 00:00:00,27.9785835781307,24.8647792168054,0.0,0.5535714285714286,9.5,80,0,2.3,190,10.6,13.9,14.2,0.0,0.0,0.0,8.0,88.0,0.0,0.0,0.0,149.0,0.0,100960.0
2025-02-14 01:00:00,27.8051744568161,24.8836381534255,0.0,0.5580357142857143,9.6,78,0,3.1,204,10.5,13.8,14.2,0.0,0.0,0.0,9.0,87.0,0.0,0.0,0.0,216.0,0.0,100940.0
2025-02-14 02:00:00,27.9738746925308,24.7446449962508,0.0,0.5625,9.1,78,0,3.9,225,10.1,13.6,14.2,0.0,0.0,0.0,8.0,90.0,0.0,0.0,0.0,222.0,0.0,100900.0
2025-02-14 03:00:00,27.8799240024807,24.7836757570359,0.0,0.5669642857142857,8.4,79,0,4.2,243,9.7,13.3,14.2,0.0,0.0,0.0,7.0,90.0,0.0,0.0,0.0,180.0,0.0,100840.0
2025-02-14 04:00:00,27.9716438197729,24.6501799813295,0.0,0.5714285714285714,7.8,80,0,3.8,239,9.4,13.1,14.2,0.0,0.0,0.0,7.0,88.0,0.0,0.0,0.0,180.0,0.0,100800.0
2025-02-14 05:00:00,27.9674098219318,24.5190793382855,0.0,0.5758928571428571,7.7,78,0,2.9,225,9.1,12.9,14.2,0.0,0.0,0.0,6.0,89.0,0.0,0.0,0.0,186.0,0.0,100780.0
2025-02-14 06:00:00,27.7873331203073,24.666779362208,0.0,0.5803571428571429,7.8,75,0,3.4,228,8.8,12.6,14.2,0.0,0.0,0.0,6.0,89.0,0.0,0.0,0.0,186.0,0.0,100780.0
2025-02-14 07:00:00,27.8193096833863,24.5526853498655,0.0,0.5848214285714286,7.5,76,0,5.2,236,8.6,12.4,14.2,0.0,0.0,0.0,6.0,89.0,0.0,0.0,0.0,186.0,0.0,100790.0
2025-02-14 08:00:00,27.9375432691092,24.6595136980729,0.0,0.5892857142857143,10.3,71,0,5.1,238,9.0,12.2,14.2,0.0,0.0,0.03,6.0,89.0,784.0,0.0,1.0,192.0,0.0,100810.0
2025-02-14 09:00:00,27.8997298551141,24.5695718982248,0.0,0.59375,13.9,67,0,5.1,247,10.6,12.1,14.2,0.0,0.0,0.12,9.0,79.0,7800.0,0.0,0.0,186.0,0.0,100790.0
2025-02-14 10:00:00,27.8377744139689,24.7192066391253,0.0,0.5982142857142857,16.5,60,0,5.3,292,12.6,12.1,14.1,0.0,0.0,0.23,13.0,68.0,26263.0,2.0,2.0,228.0,0.0,100800.0
2025-02-14 11:00:00,27.7026578422707,24.5681019296005,0.0,0.6026785714285714,18.0,53,0,5.2,333,14.5,12.2,14.1,0.0,0.0,0.33,16.0,54.0,49510.0,4.0,0.0,193.0,0.0,100780.0
2025-02-14 12:00:00,27.6136692616747,24.539653908114,0.0,0.6071428571428571,19.0,52,0,6.3,1,16.2,12.5,14.1,0.0,0.0,0.39,19.0,45.0,66068.0,4.0,1.0,192.0,0.0,100740.0
2025-02-14 13:00:00,27.6981018202573,24.4488635857432,0.0,0.6116071428571429,19.8,52,0,7.5,18,17.1,12.8,14.1,0.0,0.0,0.41,21.0,38.0,70824.0,4.0,0.0,35.0,0.0,100670.0
2025-02-14 14:00:00,27.8263691658963,24.537604596797,0.0,0.6160714285714286,19.6,53,0,9.4,30,17.9,13.1,14.1,0.0,0.0,0.39,22.0,34.0,67300.0,3.0,2.0,355.0,0.0,100550.0
2025-02-14 15:00:00,27.7699857988856,24.4142653227913,0.0,0.6205357142857143,19.0,53,0,10.1,37,18.2,13.5,14.1,0.0,0.0,0.32,22.0,40.0,56650.0,3.0,3.0,43.0,0.0,100480.0
2025-02-14 16:00:00,27.5558286627589,24.4688063335369,0.0,0.625,18.3,56,0,9.1,37,17.9,13.8,14.1,0.0,0.0,0.23,21.0,36.0,38068.0,2.0,4.0,66.0,0.0,100480.0
2025-02-14 17:00:00,27.4170079625273,24.284907651228,0.0,0.6294642857142857,16.6,69,0,5.3,35,17.1,14.0,14.1,0.0,0.0,0.11,20.0,38.0,17041.0,1.0,3.0,48.0,0.0,100470.0
2025-02-14 18:00:00,27.4763932998826,24.3042640549555,0.0,0.6339285714285714,13.6,77,0,1.7,32,15.4,14.2,14.1,0.0,0.0,0.01,19.0,48.0,4170.0,0.0,3.0,24.0,0.0,100450.0
2025-02-14 19:00:00,27.3045924965344,24.1450028729571,0.0,0.6383928571428571,12.6,79,0,1.6,339,14.0,14.2,14.1,0.0,0.0,0.0,15.0,74.0,0.0,0.0,2.0,12.0,0.0,100490.0
2025-02-14 20:00:00,27.4914294550234,24.2207151870968,0.0,0.6428571428571428,11.5,83,0,2.5,307,12.8,14.1,14.1,0.0,0.0,0.0,13.0,84.0,0.0,0.0,0.0,54.0,0.0,100530.0
2025-02-14 21:00:00,27.2675347926743,24.1326403672391,0.0,0.6473214285714286,10.7,86,0,1.9,286,12.0,14.0,14.1,0.0,0.0,0.0,11.0,84.0,0.0,0.0,0.0,175.0,0.0,100560.0
2025-02-14 22:00:00,27.2930541012253,23.9999854709759,0.0,0.6517857142857143,10.1,87,0,3.3,256,11.3,13.9,14.2,0.0,0.0,0.0,10.0,88.0,0.0,0.0,0.0,174.0,0.0,100590.0
2025-02-14 23:00:00,27.2663926835716,23.9914581865295,0.0,0.65625,9.5,89,0,3.8,263,10.8,13.7,14.2,0.0,0.0,0.0,10.0,89.0,0.0,0.0,2.0,180.0,0.0,100570.0
2025-02-15 00:00:00,27.1970829424151,23.8146060773752,0.0,0.6607142857142857,9.3,87,0,3.2,273,10.3,13.5,14.2,0.0,0.0,0.0,9.0,92.0,0.0,0.0,0.0,198.0,0.0,100550.0
2025-02-15 01:00:00,27.1486868715802,23.8551666092411,0.0,0.6651785714285714,8.5,84,0,3.8,263,9.6,13.4,14.2,0.0,0.0,0.0,7.0,92.0,0.0,0.0,0.0,186.0,0.0,100520.0
2025-02-15 02:00:00,27.1821564539397,23.8296639334017,0.0,0.6696428571428571,8.0,85,0,4.4,269,9.4,13.2,14.2,0.0,0.0,0.0,7.0,93.0,0.0,0.0,0.0,198.0,0.0,100500.0
2025-02-15 03:00:00,27.0112863561853,23.9286476357975,0.0,0.6741071428571428,8.3,79,0,2.7,264,9.1,12.9,14.2,0.0,0.0,0.0,7.0,92.0,0.0,0.0,1.0,192.0,0.0,100430.0
2025-02-15 04:00:00,27.0997222708944,23.9243490530299,0.0,0.6785714285714286,8.6,74,0,1.8,265,8.8,12.7,14.2,0.0,0.0,0.0,7.0,93.0,0.0,0.0,0.0,174.0,0.0,100370.0
2025-02-15 05:00:00,27.0687385292363,23.940243520969,0.0,0.6830357142857143,8.6,71,0,1.4,279,8.6,12.4,14.2,0.0,0.0,0.0,6.0,87.0,0.0,0.0,1.0,172.0,0.0,100340.0
2025-02-15 06:00:00,27.3786528351425,23.8558720034376,0.0,0.6875,8.6,69,0,1.7,264,8.4,12.2,14.1,0.0,0.0,0.0,6.0,90.0,0.0,0.0,0.0,216.0,0.0,100380.0
2025-02-15 07:00:00,27.2064658991078,23.7455652799438,0.0,0.6919642857142857,8.5,67,0,1.7,248,8.1,12.0,14.1,0.0,0.0,0.0,5.0,92.0,0.0,0.0,0.0,173.0,0.0,100370.0
2025-02-15 08:00:00,27.4450610905072,23.6712333247974,0.0,0.6964285714285714,10.8,69,0,1.8,188,8.7,11.8,14.1,0.0,0.0,0.02,6.0,87.0,1849.0,0.0,1.0,180.0,0.0,100400.0
2025-02-15 09:00:00,27.1730029645628,24.0109837015273,0.0,0.7008928571428571,14.1,62,99,4.2,225,10.4,11.7,14.1,0.0,0.0,0.12,11.0,75.0,10544.0,1.0,0.0,204.0,0.0,100410.0
2025-02-15 10:00:00,27.2692057394707,23.8010304293967,0.0,0.7053571428571428,16.7,56,100,4.7,274,12.4,11.7,14.1,0.0,0.0,0.23,15.0,58.0,28269.0,1.0,3.0,240.0,0.0,100420.0
2025-02-15 11:00:00,27.0872169696866,23.8019205089224,0.0,0.7098214285714286,18.9,50,99,3.3,307,14.5,11.9,14.1,0.0,0.0,0.33,17.0,53.0,50749.0,2.0,1.0,252.0,0.0,100380.0
2025-02-15 12:00:00,27.2892248005801,23.6308537709206,0.0,0.7142857142857143,20.3,48,80,4.2,358,16.3,12.2,14.1,0.0,0.0,0.4,20.0,39.0,66089.0,5.0,2.0,269.0,0.0,100310.0
2025-02-15 13:00:00,27.2550033461998,23.7084286777019,0.0,0.71875,21.0,51,100,6.1,14,17.2,12.5,14.1,0.0,0.0,0.43,23.0,34.0,71438.0,5.0,1.0,40.0,0.0,100200.0
2025-02-15 14:00:00,27.1652676233117,23.7755084566121,0.0,0.7232142857142857,20.7,52,100,9.0,26,18.2,12.9,14.1,0.0,0.0,0.4,23.0,33.0,71684.0,6.0,2.0,30.0,0.0,100080.0
2025-02-15 15:00:00,27.2162453689652,23.6982971984352,0.0,0.7276785714285714,19.5,53,100,10.2,36,18.2,13.2,14.1,0.0,0.0,0.3,23.0,47.0,49931.0,3.0,2.0,44.0,0.0,99970.0
2025-02-15 16:00:00,27.1090973320619,23.6563165186179,0.0,0.7321428571428571,17.8,61,100,8.4,26,17.6,13.6,14.1,0.0,0.0,0.16,21.0,40.0,20442.0,1.0,4.0,26.0,0.0,99920.0
2025-02-15 17:00:00,26.9890982230529,23.6278516127702,0.0,0.7366071428571428,16.2,73,100,6.3,26,16.8,13.8,14.1,0.0,0.0,0.09,19.0,55.0,16212.0,1.0,3.0,13.0,0.0,99950.0
2025-02-15 18:00:00,26.9953401436422,23.7333760668941,0.0,0.7410714285714286,12.8,88,100,4.4,26,15.4,14.0,14.1,0.0,0.0,0.01,16.0,58.0,3568.0,0.0,3.0,42.0,0.0,100030.0
2025-02-15 19:00:00,27.0223871789647,23.7107994492273,0.0,0.7455357142857143,12.4,91,100,2.5,350,14.3,14.0,14.1,0.0,0.0,0.0,15.0,70.0,0.0,0.0,0.0,90.0,0.0,100070.0
2025-02-15 20:00:00,26.9171863698547,23.5908883548005,0.0,0.75,11.9,91,100,2.0,98,13.5,14.0,14.1,0.0,0.0,0.0,13.0,79.0,0.0,0.0,0.0,114.0,0.0,100060.0
2025-02-15 21:00:00,26.7892939691947,23.4232795856549,0.0,0.7544642857142857,12.2,89,100,1.5,108,13.0,13.9,14.1,0.0,0.0,0.0,13.0,78.0,0.0,0.0,2.0,127.0,0.0,100020.0
2025-02-15 22:00:00,26.8413520865022,23.5067113291402,0.0,0.7589285714285714,12.2,87,100,2.0,340,12.6,13.9,14.1,0.0,0.0,0.0,12.0,84.0,0.0,0.0,2.0,6.0,0.0,100050.0
2025-02-15 23:00:00,27.0443167319278,23.5690965053855,0.0,0.7633928571428571,11.3,91,100,4.1,297,12.3,13.8,14.1,0.0,0.0,0.0,12.0,86.0,0.0,0.0,0.0,169.0,0.0,100060.0
2025-02-16 00:00:00,26.8319677304833,23.5019291886365,0.0,0.7678571428571428,10.7,92,82,3.1,307,12.0,13.7,14.1,0.0,0.0,0.0,12.0,89.0,0.0,0.0,2.0,133.0,0.0,100000.0
2025-02-16 01:00:00,26.7314810509094,23.6520144111422,0.0,0.7723214285714286,9.8,99,73,3.0,302,11.8,13.7,14.1,0.0,0.0,0.0,12.0,92.0,0.0,0.0,0.0,228.0,0.0,100010.0
2025-02-16 02:00:00,26.6906546710249,23.2850500250556,0.0,0.7767857142857143,10.0,97,100,6.1,278,11.5,13.6,14.1,0.0,0.0,0.0,12.0,92.0,0.0,0.0,2.0,137.0,0.0,99950.0
2025-02-16 03:00:00,26.6779030880407,23.3791826696944,0.0,0.78125,10.1,97,80,9.3,260,11.4,13.5,14.1,0.0,0.0,0.0,12.0,92.0,0.0,0.0,0.0,143.0,0.0,99880.0
2025-02-16 04:00:00,26.7517448196948,23.3265870275565,0.0,0.7857142857142857,10.5,94,100,8.2,267,11.4,13.4,14.1,0.0,0.0,0.0,12.0,93.0,0.0,0.0,0.0,300.0,0.0,99850.0
2025-02-16 05:00:00,26.8009706375689,23.3644701286548,0.0,0.7901785714285714,10.9,91,100,7.4,249,11.4,13.2,14.1,0.0,0.0,0.0,12.0,93.0,0.0,0.0,0.0,240.0,0.0,99860.0
2025-02-16 06:00:00,26.7222963623437,23.3816540283941,0.0,0.7946428571428571,10.7,88,100,5.3,236,11.3,13.1,14.1,0.0,0.0,0.0,13.0,90.0,0.0,0.0,0.0,180.0,0.0,99860.0
2025-02-16 07:00:00,26.6432606981177,23.4262159957978,0.0,0.7991071428571428,10.3,87,100,7.9,250,11.2,13.0,14.1,0.0,0.0,0.0,11.0,90.0,0.0,0.0,2.0,251.0,0.0,99980.0
2025-02-16 08:00:00,26.7922129486215,23.239275156369,0.0,0.8035714285714286,11.1,89,100,12.0,259,11.5,12.9,14.1,0.0,0.0,0.03,11.0,92.0,1377.0,0.0,1.0,252.0,0.0,100100.0
2025-02-16 09:00:00,26.8066745151408,23.2944700291817,0.0,0.8080357142857143,14.2,75,100,11.1,252,12.3,12.9,14.1,0.0,0.0,0.1,12.0,87.0,12471.0,1.0,2.0,240.0,0.0,100210.0
2025-02-16 10:00:00,26.7428684109497,23.2611338851868,0.0,0.8125,16.6,63,100,16.8,245,13.6,12.9,14.1,0.1,0.1,0.21,15.0,80.0,23649.0,1.0,2.0,262.0,0.0,100280.0
2025-02-16 11:00:00,26.6874125758284,23.2927279122861,0.0,0.8169642857142857,17.3,68,100,17.7,261,14.6,13.0,14.1,0.1,0.1,0.21,16.0,76.0,23181.0,1.0,3.0,228.0,0.0,100320.0
2025-02-16 12:00:00,26.6801071674152,23.2824167231088,0.0,0.8214285714285714,18.1,65,100,17.0,280,15.3,13.2,14.1,0.3,0.3,0.22,17.0,74.0,2175.0,0.0,3.0,346.0,0.0,100360.0
2025-02-16 13:00:00,26.6371053564928,23.3361519247254,0.0,0.8258928571428571,17.5,73,98,16.8,308,15.4,13.2,14.1,0.9,0.9,0.26,16.0,80.0,13314.0,1.0,4.0,318.0,0.0,100330.0
2025-02-16 14:00:00,26.8073754912262,23.2004112437844,0.0,0.8303571428571428,17.3,75,100,14.2,320,15.7,13.4,14.1,1.5,1.5,0.22,16.0,81.0,11286.0,1.0,4.0,5.0,0.0,100310.0
2025-02-16 15:00:00,26.6682688901091,23.1742935311859,0.0,0.8348214285714286,17.6,67,100,10.5,331,16.0,13.6,14.1,0.1,0.1,0.23,16.0,84.0,12430.0,1.0,3.0,350.0,0.0,100280.0
2025-02-16 16:00:00,26.6152271819517,23.1608273049193,0.0,0.8392857142857143,17.3,67,100,8.5,318,16.3,13.8,14.1,0.0,0.0,0.19,17.0,72.0,40376.0,3.0,5.0,347.0,0.0,100260.0
2025-02-16 17:00:00,26.7021245276342,23.1224834622708,0.0,0.84375,16.6,72,28,3.9,309,16.1,14.0,14.1,0.0,0.0,0.09,17.0,67.0,8784.0,1.0,4.0,336.0,0.0,100300.0
2025-02-16 18:00:00,26.5410670570998,22.9599063409115,0.0,0.8482142857142857,14.3,78,4,0.2,288,14.9,14.1,14.1,0.0,0.0,0.01,17.0,66.0,2657.0,0.0,2.0,338.0,0.0,100380.0
2025-02-16 19:00:00,26.6061918382897,22.9903516300263,0.0,0.8526785714285714,13.0,82,0,2.0,178,13.7,14.1,14.1,0.0,0.0,0.0,13.0,82.0,0.0,0.0,1.0,109.0,0.0,100420.0
2025-02-16 20:00:00,26.6233512212879,23.0308406644553,0.0,0.8571428571428571,11.5,86,0,4.7,181,12.8,14.0,14.1,0.0,0.0,0.0,12.5,81.5,0.0,0.0,0.5,136.5,0.0,100445.0
2025-02-16 21:00:00,26.6044502696667,23.3051451163423,0.0,0.8616071428571428,10.7,89,0,5.9,187,12.2,13.9,14.1,0.0,0.0,0.0,12.0,81.0,0.0,0.0,0.0,164.0,0.0,100470.0
2025-02-16 22:00:00,26.2258699183729,23.103123380101,0.0,0.8660714285714286,10.1,89,0,7.2,198,11.7,13.8,14.1,0.0,0.0,0.0,10.0,87.0,0.0,0.0,0.0,176.0,0.0,100500.0
2025-02-16 23:00:00,26.4642974668799,23.0889824163603,0.0,0.8705357142857143,9.8,86,0,6.8,196,11.4,13.6,14.1,0.0,0.0,0.0,9.0,87.0,0.0,0.0,0.0,176.0,0.0,100580.0
2025-02-17 00:00:00,26.5631511697432,23.2209758167449,0.0,0.875,9.5,86,0,6.2,202,11.0,13.5,14.1,0.0,0.0,0.0,11.0,82.0,0.0,0.0,0.0,198.0,0.0,100580.0
2025-02-17 01:00:00,26.4528197705389,22.9598521856402,0.0,0.8794642857142857,9.5,83,0,5.2,201,11.3,13.4,14.1,0.0,0.0,0.0,10.0,83.0,0.0,0.0,1.0,168.0,0.0,100570.0
2025-02-17 02:00:00,26.4393783584317,23.1428056480176,0.0,0.8839285714285714,9.4,82,0,5.9,214,10.8,13.3,14.1,0.0,0.0,0.0,9.0,84.0,0.0,0.0,2.0,162.0,0.0,100560.0
2025-02-17 03:00:00,26.3820916296152,23.043796089749,0.0,0.8883928571428571,9.5,80,0,6.6,227,10.4,13.1,14.1,0.0,0.0,0.0,9.0,86.0,0.0,0.0,0.0,188.0,0.0,100530.0
2025-02-17 04:00:00,26.4046791020265,22.9559666261079,0.0,0.8928571428571428,9.3,79,0,6.6,229,10.1,13.0,14.1,0.0,0.0,0.0,8.0,87.0,0.0,0.0,1.0,192.0,0.0,100490.0
2025-02-17 05:00:00,26.2662815835296,23.0747476032948,0.0,0.8973214285714286,9.1,79,0,7.3,231,9.9,12.8,14.1,0.0,0.0,0.0,9.0,84.0,0.0,0.0,1.0,192.0,0.0,100450.0
2025-02-17 06:00:00,26.2450088724596,22.9661630135425,0.0,0.9017857142857143,9.1,79,0,7.7,225,9.8,12.6,14.1,0.0,0.0,0.0,8.0,85.0,0.0,0.0,0.0,228.0,0.0,100440.0
2025-02-17 07:00:00,26.2693951138526,23.0981416350663,0.0,0.90625,8.9,80,0,6.8,227,9.6,12.5,14.1,0.0,0.0,0.0,8.0,87.0,0.0,0.0,2.0,204.0,0.0,100450.0
2025-02-17 08:00:00,26.218205000673,22.9916316337041,0.0,0.9107142857142857,11.9,71,0,7.1,232,10.1,12.3,14.1,0.0,0.0,0.04,9.0,84.0,0.0,0.0,1.0,222.0,0.0,100470.0
2025-02-17 09:00:00,26.4260357847321,23.1814759973062,0.0,0.9151785714285714,15.1,66,0,7.1,236,11.5,12.3,14.1,0.0,0.0,0.13,10.0,80.0,4520.0,0.0,1.0,216.0,0.0,100520.0
2025-02-17 10:00:00,26.2560967241375,22.8531744651799,0.0,0.9196428571428571,17.4,59,0,7.4,256,13.4,12.3,14.1,0.0,0.0,0.24,13.0,73.0,16981.0,1.0,2.0,223.0,0.0,100560.0
2025-02-17 11:00:00,26.4167901551836,22.8823583097719,0.0,0.9241071428571428,18.9,52,0,6.5,273,15.2,12.5,14.1,0.0,0.0,0.34,15.0,64.0,39236.0,2.0,3.0,270.0,0.0,100550.0
2025-02-17 12:00:00,26.438255802236,22.9091117429796,0.0,0.9285714285714286,19.8,48,0,4.7,300,16.8,12.8,14.1,0.0,0.0,0.4,17.0,55.0,58476.0,4.0,3.0,289.0,0.0,100570.0
2025-02-17 13:00:00,26.422533472846,22.7590391066883,0.0,0.9330357142857143,20.5,48,0,5.2,360,17.9,13.0,14.1,0.0,0.0,0.42,19.0,49.0,68404.0,5.0,4.0,251.0,0.0,100540.0
2025-02-17 14:00:00,26.4309611539283,23.0136115599924,0.0,0.9375,20.3,51,0,9.6,20,18.6,13.4,14.1,0.0,0.0,0.4,21.0,44.0,71568.0,7.0,1.0,288.0,0.0,100450.0
2025-02-17 15:00:00,26.3142799377176,22.9462201595894,0.0,0.9419642857142857,19.3,54,0,12.7,28,18.8,13.8,14.1,0.0,0.0,0.33,21.0,42.0,62720.0,4.0,3.0,90.0,0.0,100340.0
2025-02-17 16:00:00,26.3563018006984,23.0795710917402,0.0,0.9464285714285714,18.3,55,7,12.1,44,18.4,14.1,14.1,0.0,0.0,0.24,20.0,48.0,48637.0,2.0,4.0,37.0,0.0,100310.0
2025-02-17 17:00:00,26.380469405935,22.8582436027153,0.0,0.9508928571428571,17.0,62,98,8.7,52,17.5,14.3,14.1,0.0,0.0,0.13,19.0,48.0,28145.0,2.0,4.0,73.0,0.0,100280.0
2025-02-17 18:00:00,26.1861709406912,22.9427320420433,0.0,0.9553571428571428,14.1,73,100,7.1,65,16.1,14.5,14.1,0.0,0.0,0.03,19.0,50.0,9477.0,1.0,3.0,72.0,0.0,100230.0
2025-02-17 19:00:00,26.3290410805138,22.7675399400645,0.0,0.9598214285714285,13.0,77,100,2.9,64,14.8,14.5,14.1,0.0,0.0,0.0,16.0,58.0,1734.0,0.0,1.0,42.0,0.0,100240.0
2025-02-17 20:00:00,26.3081666400111,22.7013008408947,0.0,0.9642857142857143,12.7,78,100,0.8,50,13.7,14.5,14.1,0.0,0.0,0.0,14.0,64.0,0.0,0.0,0.0,101.0,0.0,100270.0
2025-02-17 21:00:00,26.3095372759209,23.0355294552833,0.0,0.96875,11.8,82,100,0.4,53,12.9,14.4,14.1,0.0,0.0,0.0,12.0,68.0,0.0,0.0,0.0,150.0,0.0,100280.0
2025-02-17 22:00:00,26.1901735137882,22.8652129576752,0.0,0.9732142857142857,10.7,86,95,0.7,36,12.3,14.3,14.1,0.0,0.0,0.0,12.0,74.0,0.0,0.0,0.0,103.0,0.0,100280.0
2025-02-17 23:00:00,26.2188159646328,22.8241468908177,0.0,0.9776785714285714,9.6,90,91,1.7,11,11.7,14.1,14.1,0.0,0.0,0.0,11.0,77.0,0.0,0.0,0.0,258.0,0.0,100230.0
2025-02-18 00:00:00,26.2880244967937,23.0673375754766,0.0,0.9821428571428571,9.1,91,99,2.3,340,11.2,14.0,14.2,0.0,0.0,0.0,10.0,78.0,0.0,0.0,0.0,180.0,0.0,100210.0
2025-02-18 01:00:00,26.2350424925152,22.9196151356509,0.0,0.9866071428571428,9.0,87,93,3.1,321,11.1,13.9,14.2,0.0,0.0,0.0,10.0,79.0,0.0,0.0,1.0,143.0,0.0,100160.0
2025-02-18 02:00:00,26.2210619580483,22.87023461539,0.0,0.9910714285714285,8.8,84,60,2.7,284,10.7,13.7,14.2,0.0,0.0,0.0,9.0,81.0,0.0,0.0,1.0,198.0,0.0,100110.0
2025-02-18 03:00:00,26.1008766567145,22.8455844691843,0.0,0.9955357142857143,8.9,80,60,3.5,188,10.2,13.5,14.2,0.0,0.0,0.0,8.0,83.0,0.0,0.0,0.0,174.0,0.0,100050.0
2025-02-18 04:00:00,26.2887837405841,22.7642962401108,0.0,1.0,9.1,78,31,4.1,198,9.9,13.3,14.2,0.0,0.0,0.0,9.0,82.0,0.0,0.0,2.0,138.0,0.0,100050.0
2025-02-18 05:00:00,26.1117927522353,22.727433430439,0.0,1.0044642857142856,9.4,78,45,4.6,188,9.6,13.1,14.2,0.0,0.0,0.0,8.0,84.0,0.0,0.0,1.0,6.0,0.0,99980.0
2025-02-18 06:00:00,26.0942184976251,22.8622204870151,0.0,1.0089285714285714,9.2,80,0,4.9,192,9.5,12.9,14.2,0.0,0.0,0.0,7.0,85.0,0.0,0.0,1.0,258.0,0.0,99960.0
2025-02-18 07:00:00,26.1947899046739,22.6569328518766,0.0,1.0133928571428572,9.0,80,0,5.6,188,9.3,12.7,14.2,0.0,0.0,0.0,8.0,82.0,0.0,0.0,1.0,132.0,0.0,99950.0
2025-02-18 08:00:00,26.1078218846792,22.7157672343349,0.0,1.0178571428571428,12.3,71,16,6.5,192,9.9,12.5,14.2,0.0,0.0,0.04,10.0,76.0,193.0,0.0,2.0,336.0,0.0,100000.0
2025-02-18 09:00:00,25.9224502049557,22.646389839102,0.0,1.0223214285714286,17.0,63,0,7.3,209,11.6,12.4,14.1,0.0,0.0,0.15,12.0,67.0,5658.0,0.0,1.0,246.0,0.0,100050.0
2025-02-18 10:00:00,26.020307142524,22.5962792482947,0.0,1.0267857142857142,20.8,52,19,5.0,230,13.8,12.5,14.1,0.0,0.0,0.27,17.0,51.0,21603.0,1.0,2.0,264.0,0.0,100050.0
2025-02-18 11:00:00,25.7131681841284,22.627910734774,0.0,1.03125,23.5,34,94,12.6,200,15.9,12.7,14.1,0.0,0.0,0.42,19.0,44.0,45596.0,3.0,5.0,288.0,0.0,100080.0
2025-02-18 12:00:00,26.1032729640871,22.7588116804848,0.0,1.0357142857142856,25.2,30,100,12.1,216,17.6,13.0,14.1,0.0,0.0,0.5,21.0,40.0,62822.0,5.0,3.0,281.0,0.0,100080.0
2025-02-18 13:00:00,26.0876057739813,22.4116002925844,0.0,1.0401785714285714,25.0,32,100,11.3,265,18.7,13.4,14.1,0.0,0.0,0.48,24.0,34.0,56012.0,3.0,2.0,309.0,0.0,100020.0
2025-02-18 14:00:00,26.2393244319432,22.7082684745819,0.0,1.0446428571428572,23.4,44,100,12.1,335,19.4,13.8,14.1,0.0,0.0,0.42,26.0,28.0,56205.0,5.0,5.0,246.0,0.0,99920.0
2025-02-18 15:00:00,26.1668596314417,22.6729895977222,0.0,1.0491071428571428,20.6,63,100,9.3,15,19.4,14.1,14.1,0.0,0.0,0.28,21.0,58.0,66250.0,6.0,4.0,48.0,0.0,99900.0
2025-02-18 16:00:00,26.1260690034086,22.5582319942758,0.0,1.0535714285714286,19.3,65,100,12.1,69,19.0,14.5,14.1,0.0,0.0,0.21,20.0,60.0,52912.0,3.0,2.0,52.0,0.0,99890.0
2025-02-18 17:00:00,26.0627355541105,22.5142524558912,0.0,1.0580357142857142,17.6,71,100,9.9,41,18.1,14.7,14.2,0.0,0.0,0.11,20.0,61.0,12604.0,1.0,4.0,30.0,0.0,99890.0
2025-02-18 18:00:00,25.9652568058203,22.537442116167,0.0,1.0625,14.7,83,78,5.6,67,16.8,14.9,14.2,0.0,0.0,0.02,18.0,56.0,6308.0,0.0,3.0,30.0,0.0,99920.0
2025-02-18 19:00:00,25.9148695675634,22.6319866504426,0.0,1.0669642857142856,15.3,81,92,1.5,79,16.0,15.0,14.2,0.0,0.0,0.0,17.0,64.0,448.0,0.0,2.0,108.0,0.0,99980.0
2025-02-18 20:00:00,25.9256208474599,22.7211711628077,0.0,1.0714285714285714,15.4,80,93,0.5,77,15.4,15.0,14.2,0.0,0.0,0.0,17.0,61.0,0.0,0.0,1.0,137.0,0.0,100050.0
2025-02-18 21:00:00,25.9281236041388,22.5983366475921,0.0,1.0758928571428572,15.0,81,100,0.6,6,14.9,15.0,14.2,0.0,0.0,0.0,16.0,64.0,0.0,0.0,2.0,48.0,0.0,100100.0
2025-02-18 22:00:00,25.8018911816923,22.354320887137,0.0,1.0803571428571428,15.2,80,71,0.7,351,14.6,15.0,14.2,0.0,0.0,0.0,13.0,77.0,0.0,0.0,2.0,186.0,0.0,100170.0
2025-02-18 23:00:00,25.9956820681756,22.4535627656119,0.0,1.0848214285714286,13.8,81,60,8.7,264,14.2,14.9,14.2,0.0,0.0,0.01,12.0,78.0,0.0,0.0,2.0,151.0,0.0,100190.0
2025-02-19 00:00:00,25.8517983629524,22.4953893012244,0.0,1.0892857142857142,13.1,81,58,1.1,288,13.7,14.8,14.2,0.0,0.0,0.0,14.0,86.0,0.0,0.0,3.0,113.0,0.0,100180.0
2025-02-19 01:00:00,25.9033707428003,22.5008103495583,0.0,1.09375,13.4,82,74,3.8,276,13.8,14.7,14.2,0.0,0.0,0.0,13.0,93.0,0.0,0.0,1.0,104.0,0.0,100220.0
2025-02-19 02:00:00,25.7396299505777,22.4203855218016,0.0,1.0982142857142856,13.0,83,94,4.3,288,13.3,14.6,14.2,0.0,0.0,0.0,14.0,93.0,0.0,0.0,3.0,120.0,0.0,100280.0
2025-02-19 03:00:00,25.6461067511347,22.4468338832122,0.0,1.1026785714285714,12.2,93,93,2.7,311,12.9,14.5,14.2,0.0,0.0,0.0,14.0,93.0,0.0,0.0,1.0,78.0,0.0,100310.0
2025-02-19 04:00:00,25.8239980988907,22.7624945540372,0.0,1.1071428571428572,11.3,89,84,5.4,247,12.4,14.4,14.2,0.0,0.0,0.0,14.0,95.0,0.0,0.0,3.0,111.0,0.0,100330.0
2025-02-19 05:00:00,25.707043654161,22.5611773489053,0.0,1.1116071428571428,11.7,87,90,4.9,257,12.3,14.3,14.2,0.0,0.0,0.0,14.0,94.0,0.0,0.0,0.0,54.0,0.0,100370.0
2025-02-19 06:00:00,25.6766542048782,22.6872939229482,0.0,1.1160714285714286,11.9,84,100,4.6,251,12.3,14.1,14.3,0.0,0.0,0.0,13.0,94.0,0.0,0.0,0.0,228.0,0.0,100460.0
2025-02-19 07:00:00,25.7533921007207,22.4995330189059,0.0,1.1205357142857142,11.8,84,99,5.2,230,12.1,14.0,14.3,0.0,0.0,0.02,13.0,94.0,0.0,0.0,0.0,163.0,0.0,100520.0
2025-02-19 08:00:00,25.7249238824791,22.4150314347236,0.0,1.125,13.5,83,91,8.1,241,12.5,13.9,14.3,0.0,0.0,0.04,12.0,95.0,751.0,0.0,0.0,216.0,0.0,100590.0
2025-02-19 09:00:00,25.846217397418,22.4822114125883,0.0,1.1294642857142856,15.8,80,92,6.0,239,13.6,13.9,14.3,0.0,0.0,0.11,14.0,91.0,8251.0,0.0,2.0,270.0,0.0,100680.0
2025-02-19 10:00:00,25.7605596639265,22.5483919135239,0.0,1.1339285714285714,17.2,73,85,6.4,256,15.0,13.9,14.3,0.0,0.0,0.2,16.0,75.0,28302.0,1.0,2.0,264.0,0.0,100750.0
2025-02-19 11:00:00,25.6364617812317,22.3753371307094,0.0,1.1383928571428572,18.7,64,10,7.6,289,16.7,14.0,14.3,0.0,0.0,0.33,18.0,60.0,31427.0,2.0,3.0,279.0,0.0,100760.0
2025-02-19 12:00:00,25.7510644766646,22.3129730030457,0.0,1.1428571428571428,19.3,59,24,6.5,322,18.0,14.3,14.3,0.0,0.0,0.36,19.0,54.0,35451.0,3.0,4.0,293.0,0.0,100800.0
2025-02-19 13:00:00,25.7523446609897,22.419773528997,0.0,1.1473214285714286,19.6,56,55,10.0,319,18.4,14.3,14.3,0.0,0.0,0.36,20.0,57.0,74729.0,4.0,1.0,90.0,0.0,100790.0
2025-02-19 14:00:00,25.7555610741267,22.3150400507259,0.0,1.1517857142857142,17.4,77,89,11.2,43,18.5,14.6,14.3,0.7,0.7,0.27,19.0,67.0,78523.0,6.0,4.0,17.0,0.0,100750.0
2025-02-19 15:00:00,25.7398193735991,22.2210604399341,0.0,1.15625,17.2,79,79,3.4,83,18.1,14.8,14.3,0.1,0.1,0.2,19.0,70.0,62384.0,3.0,3.0,20.0,0.0,100730.0
2025-02-19 16:00:00,25.6237663574542,22.3571942259077,0.0,1.1607142857142856,17.3,80,35,9.6,25,17.8,15.0,14.3,0.1,0.1,0.14,19.0,68.0,47144.0,3.0,3.0,73.0,0.0,100760.0
2025-02-19 17:00:00,25.631065541572,22.3536406787352,0.0,1.1651785714285714,16.2,85,41,8.3,6,17.2,15.2,14.3,0.0,0.0,0.09,18.0,67.0,16834.0,1.0,3.0,18.0,0.0,100820.0
2025-02-19 18:00:00,25.5074526612162,22.1822023057489,0.0,1.1696428571428572,13.9,94,30,3.1,19,16.2,15.3,14.3,0.0,0.0,0.01,17.0,71.0,7617.0,0.0,3.0,48.0,0.0,100880.0
2025-02-19 19:00:00,25.5936749535639,22.3571082097604,0.0,1.1741071428571428,13.2,96,37,1.0,22,15.1,15.3,14.3,0.0,0.0,0.0,15.0,76.0,263.0,0.0,1.0,38.0,0.0,100960.0
2025-02-19 20:00:00,25.7268099855156,22.2181594096336,0.0,1.1785714285714286,13.1,97,29,1.7,58,14.4,15.2,14.3,0.0,0.0,0.0,14.0,81.0,0.0,0.0,0.0,54.0,0.0,101060.0
2025-02-19 21:00:00,25.5970304392938,22.3423576334515,0.0,1.1830357142857142,12.8,98,47,1.4,90,13.9,15.1,14.3,0.0,0.0,0.0,12.0,83.0,0.0,0.0,0.0,145.0,0.0,101100.0
2025-02-19 22:00:00,25.5089811415989,22.3583705070804,0.0,1.1875,12.3,99,34,0.2,66,13.3,15.0,14.3,0.0,0.0,0.0,11.0,89.0,0.0,0.0,0.0,166.0,0.0,101160.0
2025-02-19 23:00:00,25.5010413059255,22.3661699951492,0.0,1.1919642857142856,11.3,100,99,2.4,225,13.0,14.9,14.3,0.0,0.0,0.0,11.0,85.0,0.0,0.0,0.0,168.0,0.0,101180.0
2025-02-20 00:00:00,25.5280669066089,22.2728829679866,0.0,1.1964285714285714,11.3,100,95,6.2,214,13.0,14.7,14.3,0.0,0.0,0.0,10.0,89.0,0.0,0.0,0.0,163.0,0.0,101230.0
2025-02-20 01:00:00,25.5112341081719,22.4277533677956,0.0,1.2008928571428572,11.0,98,72,4.7,244,12.6,14.6,14.4,0.0,0.0,0.0,10.0,90.0,0.0,0.0,0.0,174.0,0.0,101240.0
2025-02-20 02:00:00,25.554638708668,22.2778204493763,0.0,1.2053571428571428,11.4,95,63,3.7,221,12.5,14.5,14.4,0.0,0.0,0.0,9.0,93.0,0.0,0.0,0.0,186.0,0.0,101290.0
2025-02-20 03:00:00,25.6620025647989,22.2889951570619,0.0,1.2098214285714286,11.4,92,67,3.5,210,12.4,14.3,14.4,0.0,0.0,0.0,9.0,91.0,0.0,0.0,0.0,174.0,0.0,101280.0
2025-02-20 04:00:00,25.4948587968413,22.2120490244795,0.0,1.2142857142857142,11.1,93,60,3.0,217,12.3,14.2,14.4,0.0,0.0,0.0,8.0,92.0,0.0,0.0,0.0,138.0,0.0,101260.0
2025-02-20 05:00:00,25.5775491722501,22.2479399173176,0.0,1.21875,10.8,95,62,3.1,219,12.0,14.1,14.4,0.0,0.0,0.0,8.0,94.0,0.0,0.0,0.0,175.0,0.0,101300.0
2025-02-20 06:00:00,25.5271546365897,22.3867446883213,0.0,1.2232142857142856,10.9,94,100,3.8,209,11.9,13.9,14.4,0.0,0.0,0.0,8.0,94.0,0.0,0.0,0.0,198.0,0.0,101330.0
2025-02-20 07:00:00,25.4752781682143,22.2320947662486,0.0,1.2276785714285714,10.6,93,100,4.2,215,11.7,13.8,14.4,0.0,0.0,0.01,7.0,94.0,0.0,0.0,1.0,174.0,0.0,101390.0
2025-02-20 08:00:00,25.6058009391525,22.3691925775302,0.0,1.2321428571428572,12.0,90,100,5.9,217,12.0,13.7,14.4,0.0,0.0,0.03,7.0,94.0,1502.0,0.0,0.0,174.0,0.0,101440.0
2025-02-20 09:00:00,25.4823717536145,22.0511894520267,0.0,1.2366071428571428,13.6,86,72,5.6,229,12.9,13.6,14.4,0.0,0.0,0.09,11.0,90.0,8508.0,1.0,0.0,184.0,0.0,101510.0
2025-02-20 10:00:00,25.4556531519458,22.2807203594581,0.0,1.2410714285714286,15.6,80,10,4.7,256,14.3,13.6,14.4,0.0,0.0,0.19,14.0,82.0,27846.0,1.0,2.0,276.0,0.0,101550.0
2025-02-20 11:00:00,25.3249568452738,21.9968521923705,0.0,1.2455357142857142,17.3,74,1,4.8,333,16.1,13.8,14.4,0.0,0.0,0.31,17.0,69.0,49991.0,3.0,0.0,119.0,0.0,101540.0
2025-02-20 12:00:00,25.5451533025425,22.1835913658175,0.0,1.25,18.4,69,0,6.9,5,17.6,14.0,14.4,0.0,0.0,0.38,19.0,63.0,63050.0,3.0,2.0,67.0,0.0,101540.0
2025-02-20 13:00:00,25.5256610275201,21.9936468113713,0.0,1.2517857142857143,18.8,66,26,7.7,27,18.5,14.3,14.4,0.0,0.0,0.39,20.0,63.0,79394.0,5.0,3.0,108.0,0.0,101480.0
2025-02-20 14:00:00,25.6765830175831,22.0999276880687,0.0,1.2535714285714286,18.9,66,31,8.4,34,19.2,14.6,14.4,0.0,0.0,0.36,19.0,65.0,69741.0,7.0,3.0,18.0,0.0,101430.0
2025-02-20 15:00:00,25.3045674617419,21.9582798438836,0.0,1.2553571428571428,18.1,70,14,12.5,37,19.3,14.9,14.4,0.0,0.0,0.29,19.0,62.0,56690.0,5.0,3.0,39.0,0.0,101380.0
2025-02-20 16:00:00,25.4412972600156,22.06425944835,0.0,1.2571428571428571,17.0,75,6,12.8,41,18.9,15.2,14.4,0.0,0.0,0.21,19.0,62.0,39050.0,2.0,4.0,54.0,0.0,101370.0
2025-02-20 17:00:00,25.4447858082458,22.0798483103766,0.0,1.2589285714285714,15.9,80,7,10.2,43,18.1,15.4,14.4,0.0,0.0,0.11,18.0,69.0,18480.0,1.0,3.0,24.0,0.0,101400.0
2025-02-20 18:00:00,25.4853722039275,22.1741213919185,0.0,1.2607142857142857,13.4,93,10,5.3,49,16.7,15.5,14.4,0.0,0.0,0.01,16.0,76.0,5515.0,0.0,3.0,33.0,0.0,101420.0
2025-02-20 19:00:00,25.4038170675576,22.1183261283176,0.0,1.2625,12.3,95,10,4.3,58,15.3,15.5,14.4,0.0,0.0,0.0,14.0,82.0,44.0,0.0,2.0,48.0,0.0,101440.0
2025-02-20 20:00:00,25.3430219735636,22.0618122960334,0.0,1.2642857142857142,11.9,96,2,1.9,60,14.2,15.4,14.4,0.0,0.0,0.0,13.0,87.0,0.0,0.0,0.0,156.0,0.0,101470.0
2025-02-20 21:00:00,25.2326698335528,22.1105392654972,0.0,1.2660714285714285,11.6,96,0,1.0,51,13.3,15.3,14.4,0.0,0.0,0.0,11.0,89.0,0.0,0.0,0.0,174.0,0.0,101500.0
2025-02-20 22:00:00,25.1569069169852,22.1396544817109,0.0,1.2678571428571428,11.2,97,0,0.8,40,12.4,15.1,14.5,0.0,0.0,0.0,10.0,85.0,0.0,0.0,0.0,169.0,0.0,101500.0
2025-02-20 23:00:00,25.3549119074873,22.2792006642035,0.0,1.269642857142857,10.6,99,20,1.3,5,12.0,14.9,14.5,0.0,0.0,0.0,9.0,91.0,0.0,0.0,0.0,174.0,0.0,101490.0
2025-02-21 00:00:00,25.4513102872757,22.0075430301794,0.0,1.2714285714285714,11.0,98,100,6.0,259,12.0,14.7,14.5,0.0,0.0,0.0,10.0,93.0,0.0,0.0,0.0,180.0,0.0,101490.0
2025-02-21 01:00:00,25.3465793421611,21.9394830335915,0.0,1.2732142857142856,11.1,99,100,5.9,247,12.5,14.7,14.5,0.0,0.0,0.0,10.0,95.0,0.0,0.0,1.0,198.0,0.0,101460.0
2025-02-21 02:00:00,25.257029326409,21.8771286635403,0.0,1.275,10.5,98,96,3.5,241,12.4,14.5,14.5,0.0,0.0,0.0,9.0,95.0,0.0,0.0,0.0,204.0,0.0,101430.0
2025-02-21 03:00:00,25.3148754205397,21.9519263849018,0.0,1.2767857142857142,10.6,97,98,3.2,250,12.3,14.4,14.5,0.0,0.0,0.0,8.0,95.0,0.0,0.0,0.0,177.0,0.0,101370.0
2025-02-21 04:00:00,25.3778868114532,21.9684717188975,0.0,1.2785714285714285,10.7,98,100,3.1,259,12.2,14.3,14.5,0.0,0.0,0.0,7.0,95.0,0.0,0.0,0.0,186.0,0.0,101310.0
2025-02-21 05:00:00,25.2020098220484,21.7538734691132,0.0,1.2803571428571427,10.3,97,100,1.9,228,11.9,14.1,14.5,0.0,0.0,0.0,6.0,95.0,0.0,0.0,0.0,142.0,0.0,101290.0
2025-02-21 06:00:00,25.3265614302312,21.8995367460538,0.0,1.2821428571428573,10.5,95,96,1.9,233,11.8,14.0,14.5,0.0,0.0,0.0,9.0,96.0,0.0,0.0,0.0,246.0,0.0,101310.0
2025-02-21 07:00:00,25.1884724996007,22.0989594406193,0.0,1.2839285714285715,10.5,94,90,2.5,273,11.7,13.8,14.5,0.0,0.0,0.01,8.0,96.0,0.0,0.0,0.0,204.0,0.0,101300.0
2025-02-21 08:00:00,25.3122367840795,22.2003089123848,0.0,1.2857142857142858,11.6,92,86,4.0,313,12.1,13.7,14.5,0.0,0.0,0.02,10.0,97.0,2423.0,0.0,0.0,204.0,0.0,101290.0
2025-02-21 09:00:00,25.2259808479748,21.956826661256,0.0,1.2875,14.1,86,59,6.1,324,13.2,13.7,14.5,0.0,0.0,0.1,11.0,97.0,9287.0,0.0,0.0,318.0,0.0,101320.0
2025-02-21 10:00:00,25.3295441081949,21.9313686213588,0.0,1.2892857142857144,16.1,79,57,5.4,352,14.5,13.7,14.5,0.0,0.0,0.18,11.0,97.0,21683.0,1.0,1.0,234.0,0.0,101350.0
2025-02-21 11:00:00,25.0913291463314,21.9847013006709,0.0,1.2910714285714286,18.2,74,25,6.7,14,16.1,13.8,14.5,0.0,0.0,0.29,13.0,97.0,55336.0,4.0,0.0,212.0,0.0,101340.0
2025-02-21 12:00:00,25.3125122008936,21.7393445637313,0.0,1.292857142857143,20.3,71,97,5.4,20,17.8,14.1,14.5,0.0,0.0,0.38,19.0,62.0,70096.0,5.0,1.0,48.0,0.0,101220.0
2025-02-21 13:00:00,25.2695576381558,21.6478033584652,0.0,1.2946428571428572,20.5,70,100,13.2,21,18.9,14.3,14.5,0.0,0.0,0.38,22.0,48.0,69568.0,5.0,4.0,8.0,0.0,101070.0
2025-02-21 14:00:00,25.3005309754398,21.8116237114241,0.0,1.2964285714285715,19.8,68,100,14.9,27,19.5,14.6,14.5,0.0,0.0,0.36,21.0,58.0,47649.0,3.0,3.0,350.0,0.0,100970.0
2025-02-21 15:00:00,24.9955609226673,21.698438238074,0.0,1.2982142857142858,18.6,67,100,12.6,25,19.3,14.9,14.5,0.0,0.0,0.26,21.0,55.0,50888.0,4.0,4.0,353.0,0.0,100900.0
2025-02-21 16:00:00,25.0343482892614,21.7913983552707,0.0,1.3,17.9,70,100,8.1,70,18.8,15.2,14.5,0.0,0.0,0.17,20.0,57.0,23232.0,2.0,3.0,14.0,0.0,100880.0
2025-02-21 17:00:00,25.1297958338222,21.7841761835037,0.0,1.3017857142857143,17.7,74,100,5.6,61,18.2,15.4,14.5,0.0,0.0,0.1,19.0,64.0,14855.0,1.0,4.0,26.0,0.0,100860.0
2025-02-21 18:00:00,25.1753115138149,21.9779978077214,0.0,1.3035714285714286,15.2,84,88,3.4,55,17.0,15.5,14.5,0.0,0.0,0.02,17.0,72.0,6221.0,0.0,4.0,358.0,0.0,100850.0
2025-02-21 19:00:00,25.123253897465,21.8838330369531,0.0,1.3053571428571429,15.0,84,38,0.5,94,15.8,15.5,14.5,0.0,0.0,0.0,15.0,85.0,0.0,0.0,3.0,352.0,0.0,100890.0
2025-02-21 20:00:00,25.0778768651686,21.7304674322926,0.0,1.3071428571428572,13.4,90,14,3.3,309,14.7,15.5,14.5,0.0,0.0,0.0,14.0,88.0,0.0,0.0,0.0,130.0,0.0,100960.0
2025-02-21 21:00:00,25.3148902973788,21.8752091978109,0.0,1.3089285714285714,12.5,93,4,1.0,290,13.8,15.4,14.6,0.0,0.0,0.0,13.0,91.0,0.0,0.0,3.0,150.0,0.0,101030.0
2025-02-21 22:00:00,25.174021954698,21.9035915668513,0.0,1.3107142857142857,11.6,91,3,3.1,273,13.1,15.2,14.6,0.0,0.0,0.0,13.0,92.0,0.0,0.0,2.0,124.0,0.0,101100.0
2025-02-21 23:00:00,25.1951588811436,21.6839669569041,0.0,1.3125,11.4,89,25,2.3,295,12.5,15.1,14.6,0.0,0.0,0.0,13.0,92.0,0.0,0.0,2.0,116.0,0.0,101110.0
2025-02-22 00:00:00,25.09898551622,21.7308029552676,0.0,1.3142857142857143,11.7,86,4,1.5,236,12.2,14.9,14.6,0.0,0.0,0.0,11.0,94.0,0.0,0.0,0.0,180.0,0.0,101140.0
2025-02-22 01:00:00,25.1402314655163,21.5769167332046,0.0,1.3160714285714286,11.3,91,24,2.4,324,11.8,14.9,14.6,0.0,0.0,0.0,10.0,94.0,0.0,0.0,0.0,180.0,0.0,101100.0
2025-02-22 02:00:00,25.036380587761,21.5942207159349,0.0,1.3178571428571428,10.7,91,42,4.0,274,11.6,14.7,14.6,0.0,0.0,0.0,10.0,95.0,0.0,0.0,0.0,246.0,0.0,101030.0
2025-02-22 03:00:00,25.3978576518367,21.732822003354,0.0,1.3196428571428571,10.5,88,100,5.3,253,11.5,14.5,14.6,0.0,0.0,0.0,10.0,96.0,0.0,0.0,1.0,180.0,0.0,100990.0
2025-02-22 04:00:00,24.9840649722889,21.6589243257899,0.0,1.3214285714285714,10.4,80,100,5.2,230,11.4,14.3,14.6,0.0,0.0,0.0,9.0,95.0,0.0,0.0,0.0,173.0,0.0,100970.0
2025-02-22 05:00:00,25.1040594355098,21.5290778024388,0.0,1.3232142857142857,10.6,73,100,4.7,202,11.4,14.1,14.6,0.0,0.0,0.0,9.0,95.0,0.0,0.0,0.0,147.0,0.0,100980.0
2025-02-22 06:00:00,25.1224430765409,21.6744295638149,0.0,1.325,11.0,76,100,3.8,220,11.3,13.9,14.6,0.0,0.0,0.0,10.0,93.0,0.0,0.0,0.0,89.0,0.0,100950.0
2025-02-22 07:00:00,25.043929679443,21.7771918666975,0.0,1.3267857142857142,11.6,75,100,0.7,241,11.2,13.8,14.6,0.0,0.0,0.01,9.0,95.0,0.0,0.0,0.0,26.0,0.0,101070.0
2025-02-22 08:00:00,25.0629655254874,21.7967494179024,0.0,1.3285714285714285,13.5,72,100,1.5,270,11.7,13.6,14.6,0.0,0.0,0.03,11.0,91.0,2955.0,0.0,2.0,133.0,0.0,101110.0
2025-02-22 09:00:00,25.028284959815,21.7191948293525,0.0,1.3303571428571428,15.5,66,100,2.8,9,12.9,13.6,14.6,0.0,0.0,0.1,14.0,89.0,15344.0,1.0,1.0,144.0,0.0,101060.0
2025-02-22 10:00:00,25.1219590376735,21.6729519193276,0.0,1.332142857142857,16.9,70,100,6.0,354,14.2,13.6,14.6,0.0,0.0,0.16,15.0,87.0,24912.0,1.0,0.0,24.0,0.0,101150.0
2025-02-22 11:00:00,24.9117740239124,21.6976602232076,0.0,1.3339285714285714,17.8,74,100,7.8,360,15.6,13.7,14.6,0.0,0.0,0.23,17.0,79.0,47820.0,3.0,1.0,174.0,0.0,101170.0
2025-02-22 12:00:00,24.9677951145544,21.8094412467752,0.0,1.3357142857142856,18.4,69,100,3.9,13,16.7,13.9,14.6,0.0,0.0,0.26,18.0,67.0,33574.0,3.0,1.0,150.0,0.0,101100.0
2025-02-22 13:00:00,25.0075378518874,21.5476062282787,0.0,1.3375,18.7,74,100,10.0,16,16.9,14.2,14.6,0.0,0.0,0.16,19.0,65.0,24619.0,2.0,2.0,139.0,0.0,101020.0
2025-02-22 14:00:00,24.9706338447558,21.3980219145029,0.0,1.3392857142857142,17.6,75,100,11.5,35,17.1,14.4,14.6,0.0,0.0,0.16,19.0,62.0,31301.0,2.0,2.0,266.0,0.0,100970.0
2025-02-22 15:00:00,25.082825539849,21.4134373731071,0.0,1.3410714285714285,18.0,71,100,10.1,46,17.5,14.6,14.6,0.0,0.0,0.22,19.0,60.0,21604.0,1.0,3.0,5.0,0.0,100940.0
2025-02-22 16:00:00,24.9589611197679,21.5714814573821,0.0,1.342857142857143,16.1,81,100,9.9,338,17.1,14.7,14.6,0.8,0.8,0.12,18.0,65.0,11426.0,1.0,2.0,32.0,0.0,100930.0
2025-02-22 17:00:00,24.8230342555407,21.5603737624671,0.0,1.3446428571428573,15.1,93,98,4.5,89,16.0,14.8,14.6,0.6,0.6,0.03,17.5,66.5,11129.0,0.5,2.5,26.5,0.0,100955.0
2025-02-22 18:00:00,25.0170521298539,21.5926780501357,0.0,1.3464285714285715,14.4,96,97,7.9,39,15.3,14.9,14.6,0.6,0.6,0.02,17.0,68.0,10832.0,0.0,3.0,21.0,0.0,100980.0
2025-02-22 19:00:00,25.0445321880287,21.5742433814133,0.0,1.3482142857142858,13.9,92,100,2.4,159,14.7,14.9,14.6,1.4,1.4,0.0,15.0,91.0,739.0,0.0,4.0,24.0,0.0,101070.0
2025-02-22 20:00:00,24.9919364992207,21.7716483134327,0.0,1.35,13.6,92,91,3.4,213,14.2,14.8,14.6,0.4,0.4,0.0,14.0,93.0,0.0,0.0,0.0,53.0,15.0,101110.0
2025-02-22 21:00:00,25.0739540698762,21.5871470113891,0.0,1.3517857142857144,12.8,92,2,9.9,212,13.5,14.8,14.6,0.0,0.0,0.0,14.0,95.0,0.0,0.0,0.0,54.0,8.0,101140.0
2025-02-22 22:00:00,24.8664450189853,21.6200695595778,0.0,1.3535714285714286,11.9,87,10,10.1,213,12.8,14.7,14.6,0.0,0.0,0.0,14.0,95.0,0.0,0.0,1.0,170.0,0.0,101200.0
2025-02-22 23:00:00,24.9089724645587,21.6996767747769,0.0,1.355357142857143,11.5,83,17,10.1,223,12.2,14.5,14.6,0.2,0.2,0.01,13.0,87.0,0.0,0.0,2.0,258.0,0.0,101300.0
2025-02-23 00:00:00,24.9054450082771,21.8142511597231,0.0,1.3571428571428572,11.1,85,21,9.7,225,11.7,14.3,14.6,0.1,0.1,0.0,12.0,87.0,0.0,0.0,1.0,222.0,0.0,101340.0
2025-02-23 01:00:00,25.0430584568419,21.5457472278176,0.0,1.3589285714285715,11.8,79,24,9.7,238,12.1,14.3,14.6,0.0,0.0,0.01,11.0,87.0,0.0,0.0,2.0,204.0,0.0,101350.0
2025-02-23 02:00:00,25.0268579425931,21.4568407879787,0.0,1.3607142857142858,11.4,80,23,9.4,243,11.7,14.1,14.6,0.0,0.0,0.01,12.0,80.0,0.0,0.0,2.0,245.0,0.0,101350.0
2025-02-23 03:00:00,24.9167278501857,21.5938024980796,0.0,1.3625,10.8,84,36,9.7,238,11.4,14.0,14.6,0.0,0.0,0.0,12.0,79.0,0.0,0.0,1.0,210.0,0.0,101340.0
2025-02-23 04:00:00,25.006450102262,21.6318149600383,0.0,1.3642857142857143,10.9,85,25,11.0,237,11.2,13.8,14.6,0.0,0.0,0.01,12.0,79.0,0.0,0.0,1.0,210.0,0.0,101350.0
2025-02-23 05:00:00,25.0485359675857,21.5707141779204,0.0,1.3660714285714286,10.8,85,23,10.4,234,11.2,13.6,14.6,0.0,0.0,0.0,12.0,80.0,0.0,0.0,0.0,264.0,0.0,101370.0
2025-02-23 06:00:00,24.9924908769736,21.621492140032,0.0,1.3678571428571429,10.1,92,80,6.8,185,11.0,13.5,14.6,2.5,2.5,0.0,12.0,80.0,0.0,0.0,2.0,246.0,0.0,101390.0
2025-02-23 07:00:00,24.9639450933654,21.6775241710752,0.0,1.3696428571428572,9.9,95,72,5.9,204,10.9,13.3,14.6,0.8,0.8,0.01,12.0,79.0,0.0,0.0,2.0,251.0,0.0,101430.0
2025-02-23 08:00:00,24.9635575404241,21.6974962657388,0.0,1.3714285714285714,11.0,88,64,12.4,237,11.0,13.2,14.6,0.0,0.0,0.03,12.0,79.0,78.0,0.0,2.0,246.0,0.0,101450.0
2025-02-23 09:00:00,25.0319887223024,21.4918222560856,0.0,1.3732142857142857,12.3,83,92,2.7,191,11.8,13.1,14.6,0.5,0.5,0.07,11.0,84.0,2089.0,0.0,0.0,276.0,0.0,101540.0
2025-02-23 10:00:00,25.0541353734889,21.5398247039768,0.0,1.375,13.5,78,12,6.0,191,12.8,13.1,14.6,0.9,0.9,0.15,11.0,87.0,8026.0,1.0,0.0,270.0,0.0,101640.0
2025-02-23 11:00:00,25.1016096712922,21.393967614537,0.0,1.3767857142857143,15.5,69,14,6.3,274,14.5,13.1,14.6,0.0,0.0,0.3,15.0,71.0,45087.0,3.0,4.0,258.0,0.0,101660.0
2025-02-23 12:00:00,25.2645456682165,21.4087530695482,0.0,1.3785714285714286,16.4,65,5,5.7,311,15.9,13.3,14.6,0.0,0.0,0.33,16.0,69.0,89620.0,7.0,2.0,240.0,0.0,101690.0
2025-02-23 13:00:00,25.0802438277318,21.383158543709,0.0,1.3803571428571428,17.3,61,18,10.6,352,17.5,13.7,14.6,0.0,0.0,0.38,16.0,70.0,3812.0,0.0,2.0,345.0,0.0,101660.0
2025-02-23 14:00:00,25.05023632171,21.5218591190539,0.0,1.3821428571428571,17.0,63,32,10.6,6,17.8,14.0,14.6,0.5,0.5,0.34,16.0,68.0,78913.0,7.0,4.0,36.0,3.0,101650.0
2025-02-23 15:00:00,25.1900051490523,21.4658904007753,0.0,1.3839285714285714,16.6,64,19,9.7,19,17.6,14.2,14.6,0.2,0.2,0.29,17.0,69.0,27090.0,2.0,2.0,307.0,0.0,101590.0
2025-02-23 16:00:00,25.0384275234326,21.4422850033565,0.0,1.3857142857142857,16.3,65,1,8.2,24,17.4,14.5,14.6,0.0,0.0,0.21,17.0,66.0,59174.0,4.0,3.0,48.0,0.0,101550.0
2025-02-23 17:00:00,25.2416951873179,21.3597585388183,0.0,1.3875,15.5,68,0,6.4,46,16.7,14.6,14.6,0.0,0.0,0.12,17.0,65.0,31948.0,2.0,3.0,48.0,0.0,101550.0
2025-02-23 18:00:00,25.1915555021571,21.3202769920589,0.0,1.3892857142857142,12.6,83,0,5.2,46,15.4,14.7,14.6,0.0,0.0,0.02,17.0,64.0,10898.0,1.0,2.0,65.0,0.0,101580.0
2025-02-23 19:00:00,25.1072726919335,21.4206708828538,0.0,1.3910714285714285,11.5,88,0,3.9,61,14.1,14.7,14.6,0.0,0.0,0.0,15.0,73.0,1959.0,0.0,2.0,38.0,0.0,101680.0
2025-02-23 20:00:00,25.1713956898799,21.5474803893,0.0,1.3928571428571428,11.0,87,0,1.5,81,13.0,14.6,14.6,0.0,0.0,0.0,13.0,82.0,0.0,0.0,1.0,152.0,0.0,101750.0
2025-02-23 21:00:00,25.2396491144767,21.5924849165245,0.0,1.394642857142857,10.5,88,8,1.1,8,12.2,14.5,14.6,0.0,0.0,0.0,12.0,89.0,0.0,0.0,0.0,102.0,0.0,101800.0
2025-02-23 22:00:00,25.1447472743423,21.5324097089776,0.0,1.3964285714285714,10.1,90,1,1.4,3,11.7,14.3,14.6,0.0,0.0,0.0,11.0,91.0,0.0,0.0,1.0,20.0,0.0,101860.0
2025-02-23 23:00:00,25.1065677892384,21.5147997239746,0.0,1.3982142857142856,9.6,90,10,2.7,315,11.2,14.1,14.6,0.0,0.0,0.0,9.0,93.0,0.0,0.0,0.0,186.0,0.0,101900.0
2025-02-24 00:00:00,25.1487670316203,21.5557925653606,0.0,1.4,9.3,91,21,3.4,238,11.0,13.9,14.6,0.0,0.0,0.0,9.0,95.0,0.0,0.0,0.0,198.0,0.0,101960.0
2025-02-24 01:00:00,25.1065845754826,21.6604166751429,0.0,1.4017857142857142,10.0,92,18,3.5,167,11.9,13.9,14.6,0.0,0.0,0.0,10.0,95.0,0.0,0.0,0.0,210.0,0.0,102000.0
2025-02-24 02:00:00,25.0714337832802,21.3785030959251,0.0,1.4035714285714287,9.0,92,1,2.1,126,11.4,13.8,14.6,0.0,0.0,0.0,10.0,92.0,0.0,0.0,0.0,173.0,0.0,101950.0
2025-02-24 03:00:00,24.9926483891918,21.4727637527878,0.0,1.405357142857143,8.4,92,0,1.4,79,10.9,13.6,14.6,0.0,0.0,0.0,9.0,93.0,0.0,0.0,0.0,174.0,0.0,101890.0
2025-02-24 04:00:00,25.1419671760454,21.4250596386975,0.0,1.4071428571428573,8.1,92,0,2.1,345,10.4,13.4,14.6,0.0,0.0,0.0,7.0,95.0,0.0,0.0,0.0,178.0,0.0,101880.0
2025-02-24 05:00:00,25.0753153317985,21.5727844055274,0.0,1.4089285714285715,8.2,92,9,5.1,254,10.1,13.2,14.6,0.0,0.0,0.0,8.0,95.0,0.0,0.0,0.0,204.0,0.0,101840.0
2025-02-24 06:00:00,24.876370918525,21.5526341772182,0.0,1.4107142857142858,7.6,95,12,5.9,222,10.0,13.1,14.6,0.0,0.0,0.0,8.0,94.0,0.0,0.0,2.0,171.0,0.0,101820.0
2025-02-24 07:00:00,24.990798706192,21.4905173457342,0.0,1.4125,6.9,97,1,4.1,226,9.7,12.9,14.6,0.0,0.0,0.01,8.0,92.0,0.0,0.0,0.0,222.0,0.0,101820.0
2025-02-24 08:00:00,25.2552468248307,21.5434082019405,0.0,1.4142857142857144,9.6,90,2,5.5,255,10.2,12.7,14.6,0.0,0.0,0.03,7.0,94.0,457.0,0.0,0.0,110.0,0.0,101840.0
2025-02-24 09:00:00,24.9217614871102,21.5525004818299,0.0,1.4160714285714286,14.0,78,2,5.8,261,11.7,12.6,14.6,0.0,0.0,0.13,9.0,93.0,5425.0,0.0,1.0,204.0,0.0,101900.0
2025-02-24 10:00:00,25.1737758282075,21.5490733243028,0.0,1.417857142857143,15.9,69,15,4.2,278,13.6,12.7,14.6,0.0,0.0,0.24,12.0,85.0,26377.0,1.0,2.0,262.0,0.0,101940.0
2025-02-24 11:00:00,24.9665634749763,21.3977636347727,0.0,1.4196428571428572,17.3,64,10,5.0,335,15.4,12.8,14.6,0.0,0.0,0.33,15.0,79.0,49410.0,4.0,2.0,312.0,0.0,101950.0
2025-02-24 12:00:00,25.1418960972245,21.3673515966534,18.260945691186983,1.4214285714285715,18.0,63,78,9.3,343,16.8,13.1,14.6,0.0,0.0,0.36,16.0,71.0,69188.0,3.0,1.0,27.0,0.0,101930.0
2025-02-24 13:00:00,25.0366968929968,21.4707608728201,0.0,1.4232142857142858,17.4,65,90,10.9,5,17.3,13.3,14.5,0.0,0.0,0.29,19.0,57.0,76679.0,4.0,1.0,269.0,0.0,101880.0
2025-02-24 14:00:00,24.8496801857859,21.322344086245,0.0,1.425,17.4,67,100,10.4,50,17.9,13.6,14.5,0.0,0.0,0.32,20.0,53.0,77574.0,7.0,1.0,186.0,0.0,101780.0
2025-02-24 15:00:00,24.9284175274956,21.2456752429991,0.0,1.4267857142857143,17.5,66,100,9.6,40,18.1,14.0,14.5,0.0,0.0,0.28,19.0,61.0,63050.0,5.0,2.0,78.0,0.0,101680.0
2025-02-24 16:00:00,25.1034172138816,21.2717452142022,0.0,1.4285714285714286,17.1,68,100,10.7,40,17.9,14.2,14.5,0.0,0.0,0.21,19.0,63.0,48336.0,3.0,3.0,78.0,0.0,101630.0
2025-02-24 17:00:00,24.9889726542869,21.4073216229533,0.0,1.4303571428571429,15.7,72,100,9.1,42,17.0,14.5,14.5,0.0,0.0,0.1,18.0,63.0,19002.0,1.0,4.0,7.0,0.0,101590.0
2025-02-24 18:00:00,25.1193183252842,21.2934543396208,0.0,1.4321428571428572,13.5,84,100,4.4,44,15.9,14.6,14.6,0.0,0.0,0.02,17.0,67.0,8480.0,0.0,2.0,53.0,0.0,101530.0
2025-02-24 19:00:00,25.3012952109496,21.4496762798103,0.0,1.4339285714285714,12.7,87,46,1.9,55,14.5,14.6,14.6,0.0,0.0,0.0,16.0,75.0,1285.0,0.0,1.0,60.0,0.0,101530.0
2025-02-24 20:00:00,25.1325301507388,21.3755274062244,0.0,1.4357142857142857,12.2,88,0,1.5,80,13.4,14.6,14.6,0.0,0.0,0.0,14.0,82.0,0.0,0.0,0.0,123.0,0.0,101630.0
2025-02-24 21:00:00,25.092307005362,21.3391390167976,0.0,1.4375,11.7,89,4,1.0,22,12.6,14.5,14.6,0.0,0.0,0.0,12.0,88.0,0.0,0.0,0.0,42.0,0.0,101610.0
2025-02-24 22:00:00,25.0667177954833,21.5074941496433,0.0,1.4392857142857143,10.9,90,0,2.2,328,11.9,14.3,14.6,0.0,0.0,0.0,11.0,89.0,0.0,0.0,0.0,144.0,0.0,101670.0
2025-02-24 23:00:00,25.0524400814411,21.4449950859905,0.0,1.4410714285714286,9.9,86,0,2.9,200,11.4,14.1,14.6,0.0,0.0,0.0,10.0,92.0,0.0,0.0,1.0,186.0,0.0,101710.0
2025-02-25 00:00:00,25.0690535638836,21.3026752588612,0.0,1.4428571428571428,9.0,86,0,4.4,242,11.0,14.0,14.6,0.0,0.0,0.0,10.0,92.0,0.0,0.0,1.0,175.0,0.0,101680.0
2025-02-25 01:00:00,25.1438016497575,21.3449582317784,0.0,1.4446428571428571,9.2,88,2,4.9,236,11.2,13.9,14.6,0.0,0.0,0.0,10.0,90.0,0.0,0.0,1.0,210.0,0.0,101660.0
2025-02-25 02:00:00,25.1029673583887,21.3952784458121,0.0,1.4464285714285714,8.9,87,19,6.0,251,10.9,13.7,14.6,0.0,0.0,0.0,9.0,92.0,0.0,0.0,1.0,182.0,0.0,101640.0
2025-02-25 03:00:00,25.0867052613702,21.5137366302715,0.0,1.4482142857142857,9.2,84,21,8.1,246,10.7,13.5,14.6,0.0,0.0,0.0,9.0,93.0,0.0,0.0,1.0,186.0,0.0,101550.0
2025-02-25 04:00:00,25.1282556264524,21.4438770478068,0.0,1.45,9.6,81,37,9.0,236,10.6,13.4,14.6,0.0,0.0,0.0,10.0,90.0,0.0,0.0,0.0,198.0,0.0,101510.0
2025-02-25 05:00:00,25.1326043329888,21.3292386158144,0.0,1.4517857142857142,9.5,80,77,8.2,232,10.4,13.2,14.6,0.0,0.0,0.0,9.0,90.0,0.0,0.0,1.0,180.0,0.0,101490.0
2025-02-25 06:00:00,24.9004291538767,21.2328694269251,0.0,1.4535714285714285,9.3,81,99,8.3,237,10.3,13.0,14.6,0.0,0.0,0.0,9.0,88.0,0.0,0.0,0.0,198.0,0.0,101450.0
2025-02-25 07:00:00,25.0058473468113,21.4328307768435,0.0,1.4553571428571428,9.0,85,96,9.0,240,10.1,12.9,14.5,0.0,0.0,0.02,10.0,87.0,0.0,0.0,2.0,246.0,0.0,101450.0
2025-02-25 08:00:00,25.1016867919377,21.5178955917455,0.0,1.457142857142857,11.7,78,100,10.9,234,10.7,12.7,14.5,0.0,0.0,0.05,9.0,87.0,1328.0,0.0,1.0,210.0,0.0,101490.0
2025-02-25 09:00:00,24.9436576736927,21.5990343268438,0.0,1.4589285714285714,15.5,70,100,9.1,239,12.2,12.7,14.5,0.0,0.0,0.15,12.0,84.0,9244.0,0.0,2.0,246.0,0.0,101500.0
2025-02-25 10:00:00,24.9805033443412,21.1826685847714,0.0,1.4607142857142856,18.4,57,100,13.7,247,14.0,12.8,14.5,0.0,0.0,0.28,14.0,76.0,28404.0,2.0,4.0,246.0,0.0,101500.0
2025-02-25 11:00:00,25.0585357488616,21.4257933023958,0.0,1.4625,19.9,49,100,14.5,252,15.7,12.9,14.5,0.0,0.0,0.38,16.0,63.0,53630.0,3.0,4.0,282.0,0.0,101510.0
2025-02-25 12:00:00,24.9588966783215,21.3647874349826,0.0,1.4642857142857144,20.5,47,100,12.3,262,17.1,13.2,14.5,0.0,0.0,0.43,19.0,51.0,70560.0,5.0,5.0,300.0,0.0,101480.0
2025-02-25 13:00:00,24.8576224816056,21.3190819709876,0.0,1.4660714285714287,21.6,44,100,10.1,260,18.3,13.5,14.5,0.0,0.0,0.43,21.0,43.0,69244.0,4.0,4.0,274.0,0.0,101400.0
2025-02-25 14:00:00,25.0577549608421,21.2695416268434,0.0,1.467857142857143,21.6,47,100,11.3,286,18.8,13.9,14.5,0.0,0.0,0.36,22.0,39.0,68420.0,7.0,3.0,318.0,0.0,101280.0
2025-02-25 15:00:00,25.1111047749372,21.1866499241515,0.0,1.4696428571428573,20.9,49,94,10.0,326,19.1,14.2,14.5,0.0,0.0,0.34,22.0,34.0,62108.0,5.0,4.0,348.0,0.0,101200.0
2025-02-25 16:00:00,24.9792001061495,21.1615027152281,0.0,1.4714285714285715,20.0,47,91,9.5,338,18.9,14.5,14.5,0.0,0.0,0.26,21.0,42.0,42975.0,3.0,4.0,25.0,0.0,101180.0
2025-02-25 17:00:00,25.0312209105761,21.1253497570976,0.0,1.4732142857142858,18.6,64,98,1.9,328,18.2,14.8,14.5,0.0,0.0,0.12,21.0,40.0,26826.0,1.0,7.0,354.0,0.0,101190.0
2025-02-25 18:00:00,25.0700916110219,21.148314759774,0.0,1.475,16.3,57,98,0.8,311,16.7,15.0,14.5,0.0,0.0,0.02,20.0,43.0,6920.0,0.0,2.0,358.0,0.0,101190.0
2025-02-25 19:00:00,24.8997936299544,21.1333121855992,0.0,1.4767857142857144,15.3,57,100,2.7,264,15.2,15.0,14.5,0.0,0.0,0.0,17.0,51.0,341.0,0.0,0.0,42.0,0.0,101240.0
2025-02-25 20:00:00,24.9235756599015,21.2187924704043,0.0,1.4785714285714286,14.6,60,100,8.2,229,14.3,15.0,14.5,0.0,0.0,0.03,15.0,63.0,0.0,0.0,0.0,186.0,0.0,101310.0
2025-02-25 21:00:00,24.869007463487,21.1727673596862,0.0,1.480357142857143,14.1,61,21,11.4,203,13.9,14.9,14.5,0.0,0.0,0.04,15.0,54.0,0.0,0.0,0.0,312.0,0.0,101340.0
2025-02-25 22:00:00,24.655887106701,21.2999674922598,0.0,1.4821428571428572,13.5,65,19,9.9,211,13.6,14.8,14.5,0.0,0.0,0.03,16.0,51.0,0.0,0.0,1.0,216.0,0.0,101380.0
2025-02-25 23:00:00,24.9827938039034,21.1109100445742,0.0,1.4839285714285715,12.8,71,27,6.0,237,13.2,14.7,14.5,0.0,0.0,0.01,15.0,57.0,0.0,0.0,0.0,270.0,0.0,101360.0
2025-02-26 00:00:00,24.9802745528306,21.3711771737943,0.0,1.4857142857142858,12.8,71,84,1.8,262,12.7,14.6,14.5,0.0,0.0,0.0,14.0,65.0,0.0,0.0,0.0,48.0,0.0,101380.0
2025-02-26 01:00:00,24.9472702115984,21.098974784893,0.0,1.4875,14.2,71,95,1.2,272,14.6,14.7,14.6,0.0,0.0,0.0,14.0,69.0,0.0,0.0,0.0,204.0,0.0,101390.0
2025-02-26 02:00:00,24.8227306061294,21.4315116682113,0.0,1.4892857142857143,13.6,76,99,4.0,236,14.1,14.6,14.6,0.2,0.2,0.0,15.0,66.0,0.0,0.0,0.0,288.0,0.0,101370.0
2025-02-26 03:00:00,24.9024793956349,21.1477921436075,0.0,1.4910714285714286,13.2,81,100,6.6,193,13.6,14.6,14.6,0.2,0.2,0.0,15.0,70.0,0.0,0.0,0.0,156.0,0.0,101370.0
2025-02-26 04:00:00,24.8661005320686,21.2304578088537,0.0,1.4928571428571429,12.8,87,100,5.6,197,13.3,14.5,14.6,0.0,0.0,0.0,16.0,72.0,0.0,0.0,2.0,285.0,0.0,101340.0
2025-02-26 05:00:00,24.8107009827422,21.1069960912106,0.0,1.4946428571428572,12.3,94,92,6.3,191,13.0,14.4,14.6,0.1,0.1,0.0,15.0,77.0,0.0,0.0,0.0,240.0,0.0,101350.0
2025-02-26 06:00:00,24.9641894135187,21.1381558064478,0.0,1.4964285714285714,11.5,96,100,5.9,173,12.7,14.3,14.6,0.1,0.1,0.0,13.0,83.0,0.0,0.0,1.0,60.0,0.0,101370.0
2025-02-26 07:00:00,24.8095706441059,21.195362858673,0.0,1.4982142857142857,11.0,98,100,6.6,152,12.3,14.2,14.6,0.1,0.1,0.01,13.0,84.0,0.0,0.0,1.0,144.0,0.0,101400.0
2025-02-26 08:00:00,24.6170046464328,21.3171401524464,0.0,1.5,12.9,93,22,6.9,179,12.6,14.1,14.6,0.0,0.0,0.03,14.0,82.0,1345.0,0.0,2.0,164.0,0.0,101450.0
2025-02-26 09:00:00,24.8378390883265,21.2118876082867,0.0,1.5017857142857143,15.1,81,37,3.7,199,13.7,14.0,14.6,0.0,0.0,0.12,16.0,77.0,19808.0,1.0,0.0,118.0,0.0,101470.0
2025-02-26 10:00:00,24.7711608079871,21.2553919271482,0.0,1.5035714285714286,16.8,73,13,1.5,229,15.2,14.1,14.6,0.0,0.0,0.24,17.0,66.0,37915.0,2.0,0.0,258.0,0.0,101500.0
2025-02-26 11:00:00,25.000540706158,21.2244733806446,0.0,1.5053571428571428,17.7,67,42,4.8,9,16.7,14.2,14.6,0.1,0.1,0.31,17.0,67.0,13810.0,2.0,2.0,42.0,0.0,101500.0
2025-02-26 12:00:00,24.8435920787429,21.3358277179608,0.0,1.5071428571428571,18.4,65,47,6.3,4,17.9,14.4,14.6,0.1,0.1,0.35,18.0,70.0,78849.0,5.0,3.0,65.0,0.0,101470.0
2025-02-26 13:00:00,24.6706696959944,21.0759347214299,0.0,1.5089285714285714,19.0,59,21,7.0,360,18.4,14.5,14.6,0.0,0.0,0.32,18.0,70.0,24466.0,3.0,2.0,42.0,0.0,101380.0
2025-02-26 14:00:00,24.7938709116688,21.2610444619083,0.0,1.5107142857142857,19.2,57,12,8.7,13,19.1,14.8,14.6,0.0,0.0,0.36,20.0,65.0,87669.0,6.0,3.0,44.0,0.0,101260.0
2025-02-26 15:00:00,24.8092401769964,21.0846194188175,0.0,1.5125,18.5,59,30,10.8,29,19.3,15.1,14.6,0.0,0.0,0.31,19.0,64.0,20850.0,2.0,4.0,39.0,0.0,101200.0
2025-02-26 16:00:00,24.8009891383941,20.9597917998888,0.0,1.5142857142857142,17.7,59,2,11.1,48,19.0,15.3,14.6,0.0,0.0,0.24,19.0,62.0,43338.0,2.0,5.0,38.0,0.0,101150.0
2025-02-26 17:00:00,24.635723462065,21.0544521669375,0.0,1.5160714285714285,16.8,64,0,11.0,63,18.2,15.5,14.6,0.0,0.0,0.14,18.0,56.0,21459.0,1.0,3.0,36.0,0.0,101110.0
2025-02-26 18:00:00,24.7435834726811,20.8754846480985,0.0,1.5178571428571428,14.2,77,0,6.6,61,17.0,15.6,14.6,0.0,0.0,0.03,18.0,64.0,5137.0,0.0,4.0,59.0,0.0,101120.0
2025-02-26 19:00:00,24.7080454871106,21.1100486631024,0.0,1.519642857142857,12.2,85,0,5.4,87,15.5,15.6,14.6,0.0,0.0,0.0,15.0,77.0,113.0,0.0,2.0,66.0,0.0,101150.0
2025-02-26 20:00:00,24.696328902416,20.8961059413601,0.0,1.5214285714285714,12.1,81,2,1.9,90,14.3,15.6,14.6,0.0,0.0,0.0,14.0,85.0,0.0,0.0,2.0,84.0,0.0,101150.0
2025-02-26 21:00:00,24.6890698682792,21.0918198123333,0.0,1.5232142857142856,11.6,80,89,0.3,76,13.3,15.4,14.6,0.0,0.0,0.0,12.0,89.0,0.0,0.0,0.0,118.0,0.0,101160.0
2025-02-26 22:00:00,24.5849000108201,21.019787455999,0.0,1.5250000000000001,10.6,84,80,1.9,345,12.6,15.3,14.6,0.0,0.0,0.0,11.0,92.0,0.0,0.0,0.0,270.0,0.0,101140.0
2025-02-26 23:00:00,24.6468770397824,21.1555959283723,0.0,1.5267857142857144,9.8,88,98,4.8,261,12.1,15.1,14.6,0.0,0.0,0.0,10.0,92.0,0.0,0.0,0.0,252.0,0.0,101130.0
2025-02-27 00:00:00,24.8342270303208,21.0576442845379,0.0,1.5285714285714287,9.6,88,99,5.3,259,11.7,14.8,14.6,0.0,0.0,0.0,11.0,92.0,0.0,0.0,0.0,198.0,0.0,101080.0
2025-02-27 01:00:00,24.7161730148043,21.0115384331023,0.0,1.530357142857143,10.1,87,100,5.2,262,12.4,14.8,14.6,0.0,0.0,0.0,10.0,91.0,0.0,0.0,1.0,192.0,0.0,101070.0
2025-02-27 02:00:00,24.6229060052853,21.005383680472,0.0,1.5321428571428573,10.0,86,100,3.8,256,12.0,14.6,14.6,0.0,0.0,0.0,9.0,90.0,0.0,0.0,0.0,188.0,0.0,100990.0
2025-02-27 03:00:00,24.5561729703266,21.1885390360276,0.0,1.5339285714285715,9.9,86,98,4.4,281,11.5,14.4,14.6,0.0,0.0,0.0,10.0,88.0,0.0,0.0,0.0,175.0,0.0,100890.0
2025-02-27 04:00:00,24.5279217984754,21.0040926764477,0.0,1.5357142857142858,9.6,88,78,4.8,283,11.2,14.2,14.7,0.0,0.0,0.0,10.0,90.0,0.0,0.0,1.0,216.0,0.0,100830.0
2025-02-27 05:00:00,24.6081822238412,20.9007589142801,0.0,1.5375,9.8,85,100,6.6,265,11.1,14.1,14.7,0.0,0.0,0.0,9.0,91.0,0.0,0.0,1.0,151.0,0.0,100800.0
2025-02-27 06:00:00,24.5841617950863,20.8844659765603,0.0,1.5392857142857144,9.8,83,100,6.0,263,11.0,13.9,14.7,0.0,0.0,0.0,8.0,93.0,0.0,0.0,2.0,165.0,0.0,100840.0
2025-02-27 07:00:00,24.8408643213768,21.1071601331169,0.0,1.5410714285714286,9.9,82,100,5.7,260,10.8,13.7,14.6,0.0,0.0,0.02,8.0,92.0,0.0,0.0,0.0,192.0,0.0,100830.0
2025-02-27 08:00:00,24.612316169927,21.1453781469345,0.0,1.542857142857143,12.2,76,99,7.1,262,11.3,13.6,14.6,0.0,0.0,0.05,9.0,92.0,4152.0,0.0,0.0,168.0,0.0,100860.0
2025-02-27 09:00:00,24.5474383869392,20.8781850648285,0.0,1.5446428571428572,14.9,70,98,5.2,265,12.8,13.5,14.6,0.0,0.0,0.14,12.0,87.0,12132.0,1.0,1.0,246.0,0.0,100910.0
2025-02-27 10:00:00,24.487479236812,20.9820090689179,0.0,1.5464285714285715,16.9,62,100,5.9,291,14.5,13.5,14.6,0.0,0.0,0.24,15.0,70.0,45175.0,3.0,2.0,288.0,0.0,100930.0
2025-02-27 11:00:00,24.6793758516046,20.7285134732411,0.0,1.5482142857142858,18.6,59,100,7.4,274,16.2,13.7,14.6,0.0,0.0,0.33,17.0,63.0,50676.0,3.0,3.0,330.0,0.0,100880.0
2025-02-27 12:00:00,24.4958286414617,20.7988927630171,0.0,1.55,20.0,54,100,8.0,288,17.6,13.9,14.6,0.0,0.0,0.38,18.0,59.0,69284.0,6.0,1.0,347.0,0.0,100860.0
2025-02-27 13:00:00,24.585196984383,21.0929492403795,0.0,1.5548809523809524,20.4,57,100,8.3,343,18.7,14.2,14.6,0.0,0.0,0.4,20.0,52.0,70283.0,6.0,1.0,54.0,0.0,100760.0
2025-02-27 14:00:00,24.5269519167422,20.8825142851226,0.0,1.559761904761905,19.0,68,100,13.2,15,19.0,14.5,14.6,0.0,0.0,0.29,20.0,64.0,62173.0,5.0,4.0,42.0,0.0,100650.0
2025-02-27 15:00:00,24.5583526197271,20.6947476292866,0.0,1.5646428571428572,17.4,72,100,12.2,32,18.9,14.8,14.6,0.0,0.0,0.23,19.0,68.0,46341.0,2.0,5.0,21.0,0.0,100600.0
2025-02-27 16:00:00,24.7735073730211,20.7100308034071,0.0,1.5695238095238095,16.8,75,100,10.3,32,18.4,15.0,14.6,0.0,0.0,0.17,17.0,71.0,24127.0,1.0,3.0,18.0,0.0,100560.0
2025-02-27 17:00:00,24.4601410558514,20.7949799973289,0.0,1.5744047619047619,15.6,79,100,10.9,31,17.7,15.2,14.6,0.0,0.0,0.1,17.0,74.0,17007.0,1.0,3.0,54.0,0.0,100540.0
2025-02-27 18:00:00,24.4852098388409,20.9916224269718,0.0,1.5792857142857144,13.8,89,100,3.3,43,16.5,15.3,14.6,0.0,0.0,0.02,16.0,70.0,5256.0,0.0,3.0,48.0,0.0,100560.0
2025-02-27 19:00:00,24.4628124882854,20.764892396021,0.0,1.5841666666666667,12.8,92,100,3.2,44,15.3,15.3,14.7,0.0,0.0,0.0,14.0,84.0,0.0,0.0,2.0,48.0,0.0,100600.0
2025-02-27 20:00:00,24.5581577835305,20.8477383138233,0.0,1.589047619047619,12.5,94,100,1.0,46,14.2,15.3,14.7,0.0,0.0,0.0,13.0,87.0,0.0,0.0,0.0,175.0,0.0,100650.0
2025-02-27 21:00:00,24.4414818685769,20.9188634513637,0.0,1.5939285714285716,12.2,94,100,1.1,46,13.4,15.2,14.7,0.0,0.0,0.0,12.0,89.0,0.0,0.0,0.0,170.0,0.0,100650.0
2025-02-27 22:00:00,24.5614354695042,20.6236613944018,0.0,1.598809523809524,11.8,95,100,1.1,4,12.8,15.0,14.7,0.0,0.0,0.0,11.0,91.0,0.0,0.0,0.0,184.0,0.0,100650.0
2025-02-27 23:00:00,24.4911187198147,21.0217880883186,0.0,1.6036904761904762,11.0,97,100,1.8,342,12.3,14.9,14.7,0.0,0.0,0.0,10.0,93.0,0.0,0.0,0.0,176.0,0.0,100650.0
2025-02-28 00:00:00,24.4002896430017,20.7828829065363,0.0,1.6085714285714285,10.5,96,100,2.9,243,11.9,14.7,14.7,0.0,0.0,0.0,10.0,93.0,0.0,0.0,0.0,168.0,0.0,100580.0
2025-02-28 01:00:00,24.5320793274839,20.7070502247478,0.0,1.613452380952381,10.0,96,100,3.1,325,12.0,14.6,14.7,0.0,0.0,0.0,10.0,95.0,0.0,0.0,0.0,228.0,0.0,100520.0
2025-02-28 02:00:00,24.5053488447913,20.7571719310352,0.0,1.6183333333333334,9.8,96,100,2.6,257,11.7,14.5,14.7,0.0,0.0,0.0,10.0,96.0,0.0,0.0,0.0,204.0,0.0,100450.0
2025-02-28 03:00:00,24.4414185765068,20.7186702125357,0.0,1.6232142857142857,10.4,94,100,3.8,280,11.7,14.3,14.7,0.0,0.0,0.0,10.0,96.0,0.0,0.0,0.0,270.0,0.0,100340.0
2025-02-28 04:00:00,24.2893028325869,20.8037007496789,0.0,1.6280952380952383,10.0,97,99,3.2,287,11.7,14.2,14.7,0.0,0.0,0.0,11.0,96.0,0.0,0.0,2.0,161.0,0.0,100330.0
2025-02-28 05:00:00,24.2257326730149,20.8385266375773,0.0,1.6329761904761906,9.0,98,14,2.0,68,11.5,14.0,14.7,0.0,0.0,0.0,11.0,97.0,0.0,0.0,0.0,222.0,0.0,100230.0
2025-02-28 06:00:00,24.3614381579636,20.7765606863946,0.0,1.637857142857143,8.6,99,13,2.8,70,11.0,13.8,14.7,0.0,0.0,0.0,10.0,96.0,0.0,0.0,0.0,307.0,0.0,100170.0
2025-02-28 07:00:00,24.3224492775869,20.8186763313485,0.0,1.6427380952380952,9.2,96,68,5.5,64,10.7,13.7,14.7,0.0,0.0,0.01,10.0,97.0,0.0,0.0,0.0,186.0,0.0,100190.0
2025-02-28 08:00:00,24.344265302289,20.8318169706788,0.0,1.6476190476190478,11.9,91,100,7.7,45,11.4,13.5,14.7,0.0,0.0,0.04,11.0,97.0,5722.0,0.0,0.0,204.0,0.0,100210.0
2025-02-28 09:00:00,24.2779817961345,20.6205500181978,0.0,1.6525,14.1,85,94,6.8,22,12.8,13.5,14.7,0.0,0.0,0.13,13.0,92.0,14181.0,1.0,2.0,264.0,0.0,100210.0
2025-02-28 10:00:00,24.2435249339073,20.6912488619102,0.0,1.6573809523809524,16.1,76,89,9.5,19,14.5,13.5,14.7,0.0,0.0,0.24,14.0,86.0,43919.0,2.0,0.0,222.0,0.0,100170.0
2025-02-28 11:00:00,24.2909092214248,20.7204465521165,0.0,1.6622619047619047,17.9,64,31,11.1,17,16.1,13.6,14.7,0.0,0.0,0.33,16.0,77.0,71615.0,5.0,2.0,48.0,0.0,100130.0
2025-02-28 12:00:00,24.2920996783231,20.5155854124363,0.0,1.6671428571428573,19.1,55,56,12.8,22,17.6,13.9,14.7,0.0,0.0,0.41,19.0,65.0,80835.0,5.0,0.0,180.0,0.0,100040.0
2025-02-28 13:00:00,24.3058436783523,20.7153653804414,0.0,1.6720238095238096,18.1,69,100,8.9,16,18.3,14.2,14.7,0.0,0.0,0.34,18.0,67.0,42621.0,3.0,3.0,356.0,0.0,99940.0
2025-02-28 14:00:00,24.2248376049089,20.5962772458997,0.0,1.676904761904762,17.8,71,100,8.1,341,18.5,14.5,14.7,0.0,0.0,0.25,17.5,69.0,38924.0,2.5,3.5,187.0,0.0,99890.0
2025-02-28 15:00:00,24.3585445019014,20.6026821870389,0.0,1.6817857142857144,18.1,69,100,8.8,288,18.2,14.7,14.7,0.0,0.0,0.17,17.0,71.0,35227.0,2.0,4.0,18.0,0.0,99840.0
2025-02-28 16:00:00,24.1299093100954,20.5308662226536,0.0,1.6866666666666668,18.1,70,99,7.7,303,17.8,14.9,14.7,0.0,0.0,0.12,17.0,74.0,32132.0,2.0,3.0,27.0,0.0,99790.0
2025-02-28 17:00:00,24.4094634715797,20.6307467931315,0.0,1.691547619047619,17.0,77,99,10.6,304,17.4,15.1,14.7,0.0,0.0,0.09,17.0,75.0,33681.0,2.0,4.0,42.0,0.0,99820.0
2025-02-28 18:00:00,24.249664557317,20.578636961242,0.0,1.6964285714285714,14.7,88,100,7.7,261,16.4,15.2,14.7,0.5,0.5,0.03,16.0,81.0,5634.0,0.0,2.0,0.0,0.0,99870.0
2025-02-28 19:00:00,24.2383590763724,20.5545056107159,0.0,1.701309523809524,14.4,87,100,8.0,223,15.4,15.2,14.7,0.2,0.2,0.0,16.0,80.0,1972.0,0.0,3.0,24.0,0.0,99880.0
2025-02-28 20:00:00,24.207619373929,20.4708640247681,0.0,1.7061904761904763,13.6,89,100,7.0,230,14.6,15.2,14.7,0.1,0.1,0.0,16.0,83.0,0.0,0.0,3.0,341.0,0.0,99980.0
2025-02-28 21:00:00,24.1475590215117,20.6750548549778,0.0,1.7110714285714286,13.4,88,98,8.5,229,14.0,15.1,14.7,0.0,0.0,0.0,13.0,92.0,0.0,0.0,0.0,228.0,38.0,100010.0
2025-02-28 22:00:00,24.1679879287416,20.6902604848485,0.0,1.7159523809523811,11.8,90,84,4.5,230,13.3,15.0,14.7,0.0,0.0,0.0,14.0,91.0,0.0,0.0,4.0,264.0,0.0,99990.0
2025-02-28 23:00:00,24.3342337690029,20.6626812459833,0.0,1.7208333333333334,10.8,91,90,4.0,233,12.5,14.9,14.7,0.0,0.0,0.0,13.0,88.0,0.0,0.0,2.0,246.0,0.0,100050.0
2025-03-01 00:00:00,23.9944513338843,20.733059311133,0.0,1.7257142857142858,10.2,93,98,3.9,252,11.8,14.7,14.7,0.0,0.0,0.0,13.0,85.0,0.0,0.0,2.0,239.0,0.0,100030.0
2025-03-01 01:00:00,24.0580203029923,20.4642022042057,0.0,1.730595238095238,11.7,89,98,4.1,212,13.0,14.9,14.7,0.0,0.0,0.0,13.0,86.0,0.0,0.0,3.0,282.0,0.0,100030.0
2025-03-01 02:00:00,24.2608584944568,20.5040967678202,0.0,1.7354761904761906,11.8,90,97,3.5,235,12.8,14.8,14.7,0.0,0.0,0.0,12.0,87.0,0.0,0.0,1.0,186.0,1.0,99980.0
2025-03-01 03:00:00,24.2308933172959,20.5687558123221,0.0,1.740357142857143,10.5,93,71,6.4,249,12.1,14.6,14.7,0.0,0.0,0.0,11.0,91.0,0.0,0.0,0.0,246.0,0.0,99950.0
2025-03-01 04:00:00,24.2349842873343,20.4958912930769,0.0,1.7452380952380953,9.4,94,36,6.2,249,11.5,14.4,14.7,0.0,0.0,0.0,10.0,91.0,0.0,0.0,0.0,198.0,0.0,99850.0
2025-03-01 05:00:00,24.1994579980418,20.4757438592699,0.0,1.7501190476190478,8.7,93,14,7.2,242,10.9,14.2,14.7,0.0,0.0,0.0,10.0,92.0,0.0,0.0,1.0,180.0,0.0,99790.0
2025-03-01 06:00:00,24.109398246062,20.5653564166358,0.0,1.7550000000000001,9.0,86,9,9.5,229,10.5,14.0,14.7,0.0,0.0,0.0,10.0,91.0,0.0,0.0,0.0,180.0,0.0,99810.0
2025-03-01 07:00:00,24.1159552269702,20.5768499991608,0.0,1.7598809523809524,9.2,81,0,11.9,232,10.1,13.8,14.7,0.0,0.0,0.03,10.0,90.0,0.0,0.0,2.0,240.0,0.0,99800.0
2025-03-01 08:00:00,24.2091071409237,20.4197488684578,0.0,1.7647619047619048,11.6,74,86,21.2,236,10.5,13.6,14.7,0.0,0.0,0.07,9.0,91.0,301.0,0.0,1.0,222.0,0.0,99830.0
2025-03-01 09:00:00,24.146052193099,20.7219204585451,0.0,1.7696428571428573,13.0,79,96,16.8,244,11.6,13.4,14.7,0.2,0.2,0.1,10.0,90.0,6044.0,0.0,2.0,240.0,0.0,99900.0
2025-03-01 10:00:00,24.1242628178282,20.4961515780428,0.0,1.7745238095238096,13.3,79,100,15.4,245,12.4,13.4,14.7,0.5,0.5,0.12,12.0,85.0,9727.0,1.0,3.0,258.0,0.0,99990.0
2025-03-01 11:00:00,24.2834988416765,20.4580132486988,0.0,1.779404761904762,13.2,78,100,14.4,236,12.7,13.3,14.7,0.2,0.2,0.1,14.0,75.0,24828.0,1.0,3.0,244.0,0.0,100020.0
2025-03-01 12:00:00,24.0229783976519,20.4681573547279,0.0,1.7842857142857143,14.8,64,100,15.1,254,13.6,13.4,14.7,0.0,0.0,0.2,15.0,72.0,69162.0,4.0,4.0,258.0,0.0,100020.0
2025-03-01 13:00:00,24.014171398174,20.4682436618659,0.0,1.7891666666666668,15.3,69,93,6.6,262,15.7,14.0,14.7,0.2,0.2,0.17,13.0,90.0,7102.0,0.0,3.0,343.0,0.0,100040.0
2025-03-01 14:00:00,23.8808642701807,20.421184007948,0.0,1.7940476190476191,15.9,60,66,10.6,289,16.0,14.1,14.7,0.0,0.0,0.21,15.0,83.0,42868.0,3.0,3.0,330.0,2.0,100000.0
2025-03-01 15:00:00,23.9709928746255,20.3367123087233,0.0,1.7989285714285714,16.3,60,50,13.2,297,16.5,14.2,14.7,0.0,0.0,0.25,14.0,84.0,18796.0,1.0,0.0,264.0,2.0,99990.0
2025-03-01 16:00:00,23.9943429655224,20.3137721038485,0.0,1.803809523809524,15.2,67,34,12.1,305,16.4,14.4,14.7,0.2,0.2,0.19,14.0,81.0,8925.0,0.0,1.0,326.0,1.0,99960.0
2025-03-01 17:00:00,23.9315738469768,20.0927589070827,0.0,1.8086904761904763,14.5,70,32,6.4,330,16.0,14.5,14.7,0.0,0.0,0.11,14.0,87.0,5115.0,0.0,2.0,89.0,0.0,99980.0
2025-03-01 18:00:00,24.1333773639357,20.4930642912461,0.0,1.8135714285714286,12.6,81,37,1.0,2,15.0,14.6,14.7,0.0,0.0,0.02,13.0,92.0,6172.0,0.0,0.0,103.0,8.0,100040.0
2025-03-01 19:00:00,23.8704997268303,20.3297073332801,0.0,1.818452380952381,11.8,85,84,2.6,140,14.1,14.6,14.7,0.0,0.0,0.0,13.0,87.0,2242.0,0.0,0.0,355.0,0.0,100130.0
2025-03-01 20:00:00,24.0391133663572,20.1986336972506,0.0,1.8233333333333335,11.6,86,100,3.8,165,13.6,14.5,14.7,0.0,0.0,0.0,13.0,90.0,0.0,0.0,0.0,162.0,0.0,100210.0
2025-03-01 21:00:00,24.0606035342984,20.2457775319439,0.0,1.8282142857142858,10.9,89,100,4.5,202,13.1,14.5,14.7,0.0,0.0,0.0,12.0,93.0,0.0,0.0,0.0,139.0,0.0,100280.0
2025-03-01 22:00:00,24.1200093064791,20.4248487945984,0.0,1.833095238095238,10.9,87,97,3.6,230,12.8,14.4,14.7,0.0,0.0,0.0,12.0,94.0,0.0,0.0,0.0,186.0,0.0,100280.0
2025-03-01 23:00:00,24.0533728744646,20.3823070329202,0.0,1.8379761904761907,10.7,86,49,3.6,252,12.4,14.3,14.7,0.0,0.0,0.0,11.0,95.0,0.0,0.0,0.0,174.0,0.0,100330.0
2025-03-02 00:00:00,24.0756918987993,20.1933723207203,0.0,1.842857142857143,10.0,87,43,4.5,231,11.9,14.1,14.7,0.0,0.0,0.0,11.0,95.0,0.0,0.0,0.0,166.0,0.0,100310.0
2025-03-02 01:00:00,23.890062362006,20.5721277846912,0.0,1.8477380952380953,10.5,79,3,0.9,261,11.9,14.2,14.7,0.0,0.0,0.0,9.0,96.0,0.0,0.0,0.0,172.0,0.0,100290.0
2025-03-02 02:00:00,24.1674182480091,20.4429111508126,0.0,1.8526190476190476,10.2,79,6,1.0,308,11.3,14.0,14.7,0.0,0.0,0.0,8.0,96.0,0.0,0.0,0.0,173.0,0.0,100280.0
2025-03-02 03:00:00,24.0356497159367,20.3576724041731,0.0,1.8575000000000002,9.4,83,5,3.1,256,10.8,13.8,14.7,0.0,0.0,0.0,8.0,96.0,0.0,0.0,0.0,171.0,0.0,100230.0
2025-03-02 04:00:00,24.042054686677,20.3538748837946,0.0,1.8623809523809525,8.6,85,1,2.9,252,10.3,13.6,14.7,0.0,0.0,0.0,7.0,95.0,0.0,0.0,0.0,179.0,0.0,100230.0
2025-03-02 05:00:00,23.8433926843579,20.318216596144,0.0,1.8672619047619048,7.8,87,0,2.2,270,9.9,13.4,14.7,0.0,0.0,0.0,7.0,95.0,0.0,0.0,0.0,210.0,0.0,100210.0
2025-03-02 06:00:00,24.0684206224504,20.5107134048479,0.0,1.8721428571428573,7.1,90,52,2.2,293,9.6,13.2,14.7,0.0,0.0,0.0,7.0,96.0,0.0,0.0,0.0,180.0,0.0,100190.0
2025-03-02 07:00:00,23.9780696462079,20.3415951556627,0.0,1.8770238095238096,7.3,90,100,1.7,53,9.3,13.0,14.7,0.0,0.0,0.01,6.0,94.0,0.0,0.0,0.0,84.0,0.0,100200.0
2025-03-02 08:00:00,23.9104351900265,20.3296450344195,0.0,1.881904761904762,11.1,80,100,1.5,59,10.1,12.8,14.7,0.0,0.0,0.04,5.0,96.0,986.0,0.0,0.0,176.0,0.0,100200.0
2025-03-02 09:00:00,23.8762990717715,20.4355079345618,0.0,1.8867857142857143,14.1,74,100,4.1,355,11.7,12.8,14.7,0.0,0.0,0.13,8.0,96.0,10472.0,1.0,0.0,186.0,0.0,100280.0
2025-03-02 10:00:00,23.9855068561112,20.1262809802292,0.0,1.8916666666666668,16.2,65,100,5.9,354,13.5,12.8,14.7,0.0,0.0,0.23,11.0,92.0,34069.0,2.0,0.0,228.0,0.0,100320.0
2025-03-02 11:00:00,23.9995778714582,20.3361906150129,0.0,1.8965476190476191,17.8,56,99,8.1,5,15.1,12.9,14.7,0.0,0.0,0.3,13.0,82.0,46053.0,4.0,0.0,170.0,0.0,100310.0
2025-03-02 12:00:00,23.9362008950212,20.3477434907703,0.0,1.9014285714285715,19.3,52,100,7.0,5,16.5,13.1,14.7,0.0,0.0,0.36,17.0,63.0,37552.0,4.0,0.0,107.0,0.0,100260.0
2025-03-02 13:00:00,23.8579574360234,20.2510768762974,0.0,1.906309523809524,18.9,55,100,13.9,25,17.2,13.5,14.7,0.0,0.0,0.34,17.0,65.0,45812.0,4.0,2.0,30.0,0.0,100220.0
2025-03-02 14:00:00,23.9531197780771,19.9529388311997,0.0,1.9111904761904763,17.9,56,99,19.1,34,17.6,13.8,14.7,0.0,0.0,0.32,17.0,69.0,50049.0,4.0,5.0,13.0,0.0,100100.0
2025-03-02 15:00:00,23.8862802735021,20.0630489916657,0.0,1.9160714285714286,17.8,59,87,18.1,45,17.9,14.1,14.7,0.0,0.0,0.3,18.0,63.0,66672.0,6.0,2.0,90.0,0.0,100020.0
2025-03-02 16:00:00,23.9220565644471,19.8641037520098,0.0,1.920952380952381,17.0,63,57,17.3,58,17.5,14.3,14.7,0.0,0.0,0.21,18.0,64.0,55123.0,4.0,4.0,32.0,0.0,99980.0
2025-03-02 17:00:00,23.8865238362759,19.8507023931905,0.0,1.9258333333333335,16.3,68,2,15.9,67,17.0,14.5,14.7,0.0,0.0,0.13,18.0,65.0,23680.0,1.0,4.0,42.0,0.0,99960.0
2025-03-02 18:00:00,23.9646003809341,19.9479815084406,0.0,1.9307142857142858,14.7,79,23,8.1,69,16.1,14.6,14.7,0.0,0.0,0.04,17.0,67.0,6572.0,0.0,5.0,66.0,0.0,99950.0
2025-03-02 19:00:00,24.0859947572374,19.9966441750615,0.0,1.9355952380952381,13.0,89,83,5.3,40,14.9,14.7,14.7,0.0,0.0,0.0,15.0,79.0,1202.0,0.0,2.0,66.0,0.0,100020.0
2025-03-02 20:00:00,23.8831396221607,19.7463655367985,0.0,1.9404761904761907,13.0,95,100,3.2,24,14.0,14.7,14.7,0.0,0.0,0.0,14.0,88.0,0.0,0.0,2.0,18.0,0.0,100080.0
2025-03-02 21:00:00,23.8560973374721,19.8893319104718,0.0,1.945357142857143,12.6,98,100,2.2,35,13.3,14.6,14.7,0.0,0.0,0.0,13.0,92.0,0.0,0.0,0.0,181.0,0.0,100110.0
2025-03-02 22:00:00,23.6723290940051,19.9250439322814,0.0,1.9502380952380953,13.0,97,97,0.8,17,13.0,14.5,14.7,0.0,0.0,0.0,13.0,93.0,0.0,0.0,0.0,240.0,0.0,100130.0
2025-03-02 23:00:00,23.8544203107408,19.8081501019546,0.0,1.9551190476190476,12.5,97,100,5.0,290,12.8,14.4,14.7,0.0,0.0,0.0,14.0,92.0,0.0,0.0,2.0,228.0,0.0,100130.0
2025-03-03 00:00:00,24.0702850758717,19.9060909237088,0.0,1.9600000000000002,12.6,96,100,10.5,266,12.9,14.3,14.7,0.0,0.0,0.0,14.0,91.0,0.0,0.0,0.0,264.0,0.0,100100.0
2025-03-03 01:00:00,23.7968869075516,20.1111169450525,0.0,1.9648809523809525,13.2,98,100,9.6,259,14.0,14.4,14.7,0.0,0.0,0.0,14.0,88.0,0.0,0.0,3.0,252.0,0.0,100080.0
2025-03-03 02:00:00,23.792755084606,20.0728807668745,0.0,1.9697619047619048,13.0,96,100,10.2,257,13.7,14.4,14.7,0.0,0.0,0.0,14.0,92.0,0.0,0.0,2.0,246.0,0.0,100040.0
2025-03-03 03:00:00,23.7970954161974,19.9646827269491,0.0,1.9746428571428571,13.1,96,100,8.7,252,13.6,14.4,14.7,0.0,0.0,0.0,13.0,95.0,0.0,0.0,0.0,258.0,0.0,100020.0
2025-03-03 04:00:00,23.9080290307793,20.0661872060756,0.0,1.9795238095238097,12.6,92,100,6.3,244,13.4,14.3,14.7,0.0,0.0,0.0,12.0,96.0,0.0,0.0,0.0,204.0,0.0,100010.0
2025-03-03 05:00:00,23.8428527335713,19.977510379179,0.0,1.984404761904762,11.9,85,100,5.9,242,13.1,14.3,14.7,0.0,0.0,0.0,11.0,96.0,0.0,0.0,0.0,252.0,0.0,100020.0
2025-03-03 06:00:00,23.9331121937076,20.019101653705,0.0,1.9892857142857143,11.4,82,99,5.4,256,12.8,14.2,14.7,0.0,0.0,0.0,12.0,96.0,0.0,0.0,0.0,186.0,0.0,100030.0
2025-03-03 07:00:00,23.5566493974907,20.0754431553498,0.0,1.9941666666666669,11.6,82,95,5.2,261,12.6,14.1,14.7,0.0,0.0,0.02,11.0,96.0,0.0,0.0,0.0,186.0,0.0,100080.0
2025-03-03 08:00:00,23.7175181177505,19.9368897467538,0.0,1.9990476190476192,13.3,84,79,6.5,264,13.0,14.0,14.7,0.0,0.0,0.04,11.0,97.0,1931.0,0.0,0.0,282.0,0.0,100110.0
2025-03-03 09:00:00,23.8783868380103,20.0995406590734,0.0,2.0039285714285717,15.1,88,69,5.7,302,14.0,14.0,14.7,0.0,0.0,0.11,13.0,97.0,11311.0,1.0,0.0,353.0,0.0,100180.0
2025-03-03 10:00:00,23.878554172237,19.8222896408217,0.0,2.008809523809524,17.4,77,37,7.1,333,15.7,14.1,14.7,0.0,0.0,0.26,16.0,85.0,33592.0,2.0,3.0,317.0,0.0,100220.0
2025-03-03 11:00:00,23.706494099125,19.8865341473392,0.0,2.0136904761904764,19.6,66,22,8.0,345,17.3,14.2,14.7,0.0,0.0,0.36,18.0,76.0,57456.0,3.0,3.0,287.0,0.0,100210.0
2025-03-03 12:00:00,23.8735396676669,19.5927697099407,0.0,2.0185714285714287,20.4,64,20,12.1,352,18.8,14.5,14.7,0.0,0.0,0.42,19.0,65.0,73988.0,4.0,1.0,333.0,0.0,100160.0
2025-03-03 13:00:00,23.7977719758457,20.2166348929807,0.0,2.023452380952381,20.5,65,30,9.3,7,19.9,14.7,14.7,0.0,0.0,0.44,21.0,55.0,80560.0,6.0,2.0,345.0,0.0,100080.0
2025-03-03 14:00:00,23.5872276067713,23.9908621474589,0.0,2.0283333333333333,20.5,65,34,10.1,25,20.5,15.1,14.7,0.0,0.0,0.41,21.0,63.0,77118.0,6.0,3.0,56.0,0.0,99970.0
2025-03-03 15:00:00,23.9376147040161,23.9161331010154,0.0,2.0332142857142856,19.6,67,5,12.3,40,20.6,15.4,14.7,0.0,0.0,0.32,20.0,68.0,74604.0,5.0,4.0,19.0,0.0,99890.0
2025-03-03 16:00:00,23.9062010203597,23.7944451976158,0.0,2.0380952380952384,18.6,68,13,12.1,31,20.2,15.7,14.7,0.0,0.0,0.25,19.0,72.0,48329.0,3.0,4.0,48.0,0.0,99890.0
2025-03-03 17:00:00,23.9442513399525,23.6053533785062,0.0,2.0429761904761907,17.4,71,39,8.1,27,19.3,16.0,14.7,0.0,0.0,0.13,18.0,73.0,22521.0,1.0,4.0,30.0,0.0,99870.0
2025-03-03 18:00:00,24.03967740531,23.3681895656393,0.0,2.047857142857143,15.5,81,51,1.9,43,18.0,16.1,14.7,0.0,0.0,0.03,18.0,75.0,9728.0,0.0,3.0,54.0,0.0,99900.0
2025-03-03 19:00:00,24.6056544789295,23.493807547714,0.0,2.0527380952380954,14.4,85,100,3.1,63,16.6,16.1,14.7,0.0,0.0,0.0,16.0,79.0,614.0,0.0,1.0,42.0,0.0,99950.0
2025-03-03 20:00:00,24.9092032894508,23.4817754748706,0.0,2.0576190476190477,14.3,86,99,5.2,58,15.9,16.1,14.7,0.0,0.0,0.0,15.0,82.0,0.0,0.0,1.0,36.0,0.0,99960.0
2025-03-03 21:00:00,25.3226074120612,23.3609678669964,0.0,2.0625,14.8,75,90,5.8,66,15.4,16.1,14.8,0.0,0.0,0.0,15.0,89.0,0.0,0.0,1.0,352.0,0.0,100020.0
2025-03-03 22:00:00,25.4818071928204,23.4569944993738,0.0,2.0673809523809523,14.0,76,99,5.2,60,14.8,16.0,14.8,0.0,0.0,0.0,15.0,93.0,0.0,0.0,0.0,18.0,0.0,100060.0
2025-03-03 23:00:00,25.6052426142195,23.5939963811628,0.0,2.072261904761905,13.8,78,51,5.4,48,14.5,15.9,14.8,0.0,0.0,0.0,15.0,95.0,0.0,0.0,1.0,60.0,0.0,100110.0
2025-03-04 00:00:00,25.6753108384879,23.540848371821,0.0,2.0771428571428574,13.0,87,22,4.0,42,14.0,15.7,14.8,0.0,0.0,0.0,15.0,95.0,0.0,0.0,3.0,48.0,0.0,99960.0
2025-03-04 01:00:00,25.8540695332518,23.3944697666085,0.0,2.0820238095238097,13.4,91,100,5.2,56,15.1,15.8,14.8,0.0,0.0,0.0,15.0,95.0,0.0,0.0,0.0,318.0,0.0,100030.0
2025-03-04 02:00:00,25.6241136532446,23.4578633377934,0.0,2.086904761904762,13.3,90,100,3.6,48,14.3,15.7,14.8,0.0,0.0,0.0,15.0,94.0,0.0,0.0,0.0,96.0,0.0,100050.0
2025-03-04 03:00:00,26.0659388924987,23.301745989734,0.0,2.0917857142857144,14.4,94,100,8.3,46,14.3,15.6,14.8,0.0,0.0,0.0,15.0,94.0,0.0,0.0,0.0,156.0,0.0,99980.0
2025-03-04 04:00:00,25.9276081355076,23.1671637863886,0.0,2.0966666666666667,14.3,94,100,5.6,45,14.4,15.5,14.8,0.0,0.0,0.0,14.0,95.0,0.0,0.0,1.0,353.0,0.0,99850.0
2025-03-04 05:00:00,25.93853064033035,23.3806743340534,0.0,2.101547619047619,13.9,97,100,4.3,34,14.2,15.4,14.8,0.0,0.0,0.0,14.0,95.0,0.0,0.0,1.0,36.0,0.0,99800.0
2025-03-04 06:00:00,25.9494531451531,23.1234148699845,0.0,2.1064285714285718,13.5,99,100,0.6,57,14.0,15.3,14.8,0.0,0.0,0.0,15.0,94.0,0.0,0.0,2.0,120.0,0.0,99790.0
2025-03-04 07:00:00,26.1057151900393,23.346948622559,0.0,2.111309523809524,13.9,96,100,0.4,32,14.0,15.2,14.8,0.1,0.1,0.01,14.0,94.0,0.0,0.0,0.0,64.0,0.0,99830.0
2025-03-04 08:00:00,25.8823101983666,23.2184720327586,0.0,2.1161904761904764,14.5,94,100,4.0,261,14.3,15.1,14.8,0.3,0.3,0.03,15.0,94.0,708.0,0.0,2.0,10.0,0.0,99870.0
2025-03-04 09:00:00,25.9718797873337,23.2744973392896,0.0,2.1210714285714287,15.1,97,100,7.4,272,14.8,15.1,14.8,0.5,0.5,0.06,15.0,94.0,6128.0,0.0,0.0,252.0,0.0,99960.0
2025-03-04 10:00:00,25.896296088318,23.2024955002386,0.0,2.125952380952381,15.8,92,99,5.6,265,15.4,15.1,14.8,0.8,0.8,0.12,16.0,93.0,16375.0,1.0,0.0,43.0,0.0,99960.0
2025-03-04 11:00:00,25.9679264788161,23.0895790185605,0.0,2.1308333333333334,17.5,75,72,4.0,266,16.7,15.2,14.8,0.4,0.4,0.29,16.0,92.0,12984.0,1.0,2.0,240.0,0.0,99940.0
2025-03-04 12:00:00,25.9776354823432,23.1279683418509,0.0,2.1357142857142857,19.2,59,100,7.1,274,18.3,15.3,14.9,0.1,0.1,0.41,17.0,86.0,23452.0,1.0,2.0,278.0,0.0,99910.0
2025-03-04 13:00:00,26.0861882172876,23.1760766652222,0.0,2.1405952380952384,17.1,79,100,6.0,345,18.2,15.4,14.8,0.4,0.4,0.2,17.0,78.0,29784.0,2.0,0.0,249.0,0.0,99890.0
2025-03-04 14:00:00,26.0184361268224,23.0296891745137,0.0,2.1454761904761908,17.9,73,99,6.1,346,18.2,15.6,14.9,0.5,0.5,0.26,18.0,72.0,27316.0,2.0,2.0,240.0,0.0,99830.0
2025-03-04 15:00:00,26.1725751939195,23.2181563770089,0.0,2.150357142857143,17.6,71,63,6.2,337,17.9,15.7,14.9,0.2,0.2,0.17,19.0,64.0,40945.0,3.0,1.0,191.0,0.0,99760.0
2025-03-04 16:00:00,25.9160768463569,23.1782852512414,0.0,2.1552380952380954,17.8,66,42,2.3,322,18.0,15.8,14.9,0.1,0.1,0.18,18.0,76.0,14547.0,1.0,2.0,48.0,0.0,99740.0
2025-03-04 17:00:00,25.9682937144875,23.0910268923524,0.0,2.1601190476190477,17.6,68,14,4.5,170,17.8,16.0,14.9,0.1,0.1,0.12,17.0,80.0,14981.0,1.0,2.0,117.0,0.0,99760.0
2025-03-04 18:00:00,26.1570409229212,23.0375586131985,0.0,2.165,15.5,82,10,2.7,171,16.9,16.0,14.9,0.0,0.0,0.03,17.0,75.0,5654.0,0.0,0.0,125.0,0.0,99790.0
2025-03-04 19:00:00,25.8110413692215,23.0521009841337,0.0,2.1698809523809524,14.0,87,3,0.7,270,15.7,16.0,14.9,0.0,0.0,0.0,16.0,81.0,181.0,0.0,1.0,12.0,0.0,99820.0
2025-03-04 20:00:00,25.8497460221509,23.0707293745571,0.0,2.1747619047619047,13.2,88,12,0.4,330,14.6,15.9,14.9,0.0,0.0,0.0,16.0,88.0,0.0,0.0,2.0,12.0,0.0,99870.0
2025-03-04 21:00:00,25.84479610965445,22.8537836999379,0.0,2.1796428571428574,12.8,88,6,1.2,304,13.9,15.8,14.9,0.0,0.0,0.0,15.0,89.0,0.0,0.0,0.0,355.0,0.0,99890.0
2025-03-04 22:00:00,25.839846197158,22.8689369710117,0.0,2.1845238095238098,12.1,89,13,3.1,243,13.3,15.6,14.9,0.0,0.0,0.0,14.0,90.0,0.0,0.0,2.0,187.0,0.0,99890.0
2025-03-04 23:00:00,26.0303664614703,22.8163234911474,0.0,2.189404761904762,11.5,90,14,5.5,244,12.8,15.5,14.9,0.0,0.0,0.0,13.0,93.0,0.0,0.0,0.0,192.0,0.0,99910.0
2025-03-05 00:00:00,25.9065655418368,22.9833516586179,0.0,2.1942857142857144,11.2,93,19,5.9,248,12.5,15.3,14.9,0.0,0.0,0.0,13.0,93.0,0.0,0.0,0.0,182.0,0.0,99910.0
2025-03-05 01:00:00,26.0074426933807,22.9002564194069,0.0,2.1991666666666667,12.7,88,4,1.0,340,13.8,15.8,15.0,0.0,0.0,0.0,12.0,94.0,0.0,0.0,0.0,174.0,0.0,99890.0
2025-03-05 02:00:00,25.8952052683279,23.0119451576049,0.0,2.204047619047619,12.0,91,1,1.8,279,13.1,15.6,15.0,0.0,0.0,0.0,10.0,94.0,0.0,0.0,0.0,192.0,0.0,99850.0
2025-03-05 03:00:00,25.9120628169241,22.970922490574,0.0,2.2089285714285714,11.7,90,7,1.1,90,12.5,15.4,15.0,0.0,0.0,0.0,11.0,94.0,0.0,0.0,1.0,156.0,0.0,99770.0
2025-03-05 04:00:00,25.8302215900823,23.0430347250131,0.0,2.213809523809524,11.4,91,26,0.4,54,12.0,15.2,15.0,0.0,0.0,0.0,10.0,93.0,0.0,0.0,1.0,102.0,0.0,99780.0
2025-03-05 05:00:00,25.9723973625757,22.805439123572,0.0,2.2186904761904764,11.1,93,35,1.3,77,11.6,15.0,15.0,0.0,0.0,0.0,11.0,91.0,0.0,0.0,0.0,173.0,0.0,99750.0
2025-03-05 06:00:00,25.9669797665005,23.0347678207486,0.0,2.2235714285714288,10.9,94,11,1.8,18,11.4,14.8,15.0,0.0,0.0,0.0,12.0,92.0,0.0,0.0,0.0,186.0,0.0,99770.0
2025-03-05 07:00:00,25.918444359993433,23.0015818460731,0.0,2.228452380952381,11.0,94,30,1.3,13,11.2,14.6,15.0,0.0,0.0,0.01,12.0,90.0,0.0,0.0,0.0,162.0,0.0,99800.0
2025-03-05 08:00:00,25.869908953486366,22.921990667054,0.0,2.2333333333333334,13.2,89,36,3.3,346,12.1,14.4,15.0,0.0,0.0,0.05,12.0,93.0,6177.0,0.0,0.0,216.0,0.0,99830.0
2025-03-05 09:00:00,25.8213735469793,22.9729558300627,0.0,2.2382142857142857,15.3,81,5,4.3,318,13.6,14.3,15.0,0.0,0.0,0.15,14.0,88.0,14594.0,1.0,0.0,252.0,0.0,99860.0
2025-03-05 10:00:00,25.84893293601985,22.8720300286975,0.0,2.243095238095238,17.5,75,3,5.1,356,15.5,14.4,15.0,0.0,0.0,0.27,16.0,82.0,24351.0,1.0,0.0,246.0,0.0,99910.0
2025-03-05 11:00:00,25.8764923250604,22.9095777500031,0.0,2.247976190476191,19.6,67,13,8.3,357,17.4,14.5,15.0,0.0,0.0,0.37,17.0,74.0,40938.0,3.0,2.0,240.0,0.0,99920.0
2025-03-05 12:00:00,25.7754992999714,22.6442014991999,0.0,2.252857142857143,19.6,67,32,9.5,2,18.8,14.8,15.0,0.0,0.0,0.39,18.0,69.0,31077.0,2.0,1.0,84.0,0.0,99880.0
2025-03-05 13:00:00,25.8955557965787,22.6310667960348,0.0,2.2577380952380954,22.4,50,41,2.1,196,19.5,15.2,15.0,0.0,0.0,0.4,19.0,70.0,42477.0,3.0,3.0,48.0,0.0,99810.0
2025-03-05 14:00:00,25.7740522622562,22.4729859819446,0.0,2.2626190476190478,20.6,63,65,15.4,71,20.1,15.5,15.0,0.9,0.9,0.36,18.0,75.0,24602.0,1.0,4.0,21.0,0.0,99790.0
2025-03-05 15:00:00,25.6082896240332,22.6035021101003,0.0,2.2675,19.5,67,74,5.7,352,20.0,15.7,15.0,0.2,0.2,0.3,18.0,82.0,13728.0,1.0,3.0,96.0,0.0,99760.0
2025-03-05 16:00:00,25.7376538805886,22.5953484345236,0.0,2.2723809523809524,19.0,70,78,11.4,30,19.4,16.0,15.0,0.0,0.0,0.18,17.0,78.0,17676.0,1.0,4.0,137.0,2.0,99670.0
2025-03-05 17:00:00,25.8163763045138,22.6207559576716,0.0,2.2772619047619047,18.4,73,88,1.1,108,19.0,16.2,15.0,0.3,0.3,0.1,17.0,82.0,5711.0,0.0,3.0,82.0,0.0,99680.0
2025-03-05 18:00:00,25.5860433524915,22.400160960319,0.0,2.2821428571428575,16.8,82,69,8.8,83,17.8,16.3,15.0,0.2,0.2,0.04,17.0,82.0,5627.0,0.0,0.0,200.0,0.0,99680.0
2025-03-05 19:00:00,25.6719983219627,22.5198251121198,0.0,2.28702380952381,15.3,89,45,2.6,67,16.7,16.3,15.0,0.0,0.0,0.01,17.0,68.0,0.0,0.0,6.0,120.0,0.0,99660.0
2025-03-05 20:00:00,25.7632816605419,22.524983406172,0.0,2.291904761904762,14.6,91,79,9.9,275,15.7,16.3,15.0,0.0,0.0,0.0,17.0,71.0,0.0,0.0,2.0,91.0,0.0,99760.0
2025-03-05 21:00:00,25.7601889152559,22.5555831406842,0.0,2.2967857142857144,14.3,94,69,4.3,271,15.3,16.2,15.0,0.1,0.1,0.0,16.0,77.0,0.0,0.0,1.0,282.0,0.0,99860.0
2025-03-05 22:00:00,25.7570961699699,22.5140200013811,0.0,2.3016666666666667,13.2,94,94,5.8,250,14.6,16.1,15.1,0.0,0.0,0.0,16.0,84.0,0.0,0.0,3.0,258.0,0.0,99940.0
2025-03-05 23:00:00,25.6772198069208,22.4334596474021,0.0,2.306547619047619,13.0,93,3,8.4,259,14.1,16.0,15.1,0.0,0.0,0.0,15.0,89.0,0.0,0.0,0.0,314.0,0.0,99980.0
2025-03-06 00:00:00,25.6772797160394,22.5232720433361,0.0,2.3114285714285714,12.6,94,5,6.9,254,13.7,15.8,15.1,0.0,0.0,0.0,15.0,90.0,0.0,0.0,1.0,182.0,0.0,99930.0
2025-03-06 01:00:00,25.677339625158,22.4476998670553,0.0,2.316309523809524,12.0,95,19,3.3,177,14.4,15.6,15.1,0.0,0.0,0.0,14.0,93.0,0.0,0.0,0.0,167.0,0.0,99890.0
2025-03-06 02:00:00,25.7093051222154,22.286845894683,0.0,2.3211904761904765,11.3,96,23,3.9,260,13.7,15.5,15.1,0.0,0.0,0.0,13.0,94.0,0.0,0.0,0.0,198.0,0.0,99890.0
2025-03-06 03:00:00,25.7412706192728,22.4332479156703,0.0,2.326071428571429,10.9,95,3,3.9,262,13.2,15.3,15.1,0.0,0.0,0.0,14.0,94.0,0.0,0.0,0.0,210.0,0.0,99850.0
2025-03-06 04:00:00,25.6284242053129,22.4851621306853,0.0,2.330952380952381,11.1,94,9,5.6,253,12.8,15.2,15.1,0.0,0.0,0.0,13.0,94.0,0.0,0.0,0.0,6.0,0.0,99790.0
2025-03-06 05:00:00,25.5843351433053,22.4459914641516,0.0,2.3358333333333334,10.8,93,14,4.1,255,12.5,15.0,15.1,0.0,0.0,0.0,12.0,95.0,0.0,0.0,0.0,171.0,0.0,99790.0
2025-03-06 06:00:00,25.5991554991933,22.6455219546873,0.0,2.3407142857142857,10.8,91,10,2.0,277,12.0,14.8,15.1,0.0,0.0,0.0,12.0,96.0,0.0,0.0,0.0,186.0,0.0,99800.0
2025-03-06 07:00:00,25.4947983238956,22.4581612091233,0.0,2.345595238095238,11.1,90,6,2.5,282,11.8,14.7,15.1,0.0,0.0,0.01,12.0,96.0,184.0,0.0,0.0,78.0,0.0,99800.0
2025-03-06 08:00:00,25.575941367289452,22.3217519327422,0.0,2.350476190476191,13.7,85,0,4.4,268,12.6,14.5,15.1,0.0,0.0,0.05,13.0,96.0,5003.0,0.0,0.0,144.0,0.0,99850.0
2025-03-06 09:00:00,25.6570844106833,22.4170399503682,0.0,2.355357142857143,16.2,78,11,4.7,293,14.2,14.5,15.1,0.0,0.0,0.16,14.0,92.0,11439.0,0.0,0.0,181.0,0.0,99900.0
2025-03-06 10:00:00,25.6578452801705,22.3114474335602,0.0,2.3602380952380955,18.0,72,25,7.9,312,15.9,14.5,15.1,0.0,0.0,0.27,16.0,87.0,17457.0,1.0,0.0,252.0,0.0,99910.0
2025-03-06 11:00:00,25.5247020869797,22.3199553327946,0.0,2.365119047619048,19.4,64,71,6.6,314,17.7,14.7,15.1,0.0,0.0,0.37,16.5,84.5,27627.5,2.0,1.0,158.0,0.0,99910.0
2025-03-06 12:00:00,25.7207515528369,22.3498312297303,0.0,2.37,19.0,68,95,8.2,307,18.7,14.9,15.1,0.2,0.2,0.33,17.0,82.0,37798.0,3.0,2.0,64.0,0.0,99910.0
2025-03-06 13:00:00,25.599883146436,22.2417780161668,0.0,2.3693452380952382,19.4,68,72,7.0,10,19.3,15.2,15.1,0.3,0.3,0.3,19.0,73.0,82807.0,6.0,1.0,120.0,0.0,99890.0
2025-03-06 14:00:00,25.5438430866171,22.1059310121096,0.0,2.3686904761904763,17.5,76,92,4.9,282,18.8,15.4,15.1,3.0,3.0,0.28,19.0,75.0,44557.0,3.0,3.0,36.0,0.0,99810.0
2025-03-06 15:00:00,25.4512471174706,22.1855458759051,0.0,2.3680357142857145,18.0,70,99,2.5,180,18.8,15.6,15.1,0.0,0.0,0.24,19.0,73.0,39380.0,3.0,3.0,358.0,0.0,99740.0
2025-03-06 16:00:00,25.4563570773778,22.0991766067244,0.0,2.3673809523809526,16.6,79,100,7.9,312,18.2,15.8,15.1,0.2,0.2,0.12,19.0,70.0,29092.0,3.0,4.0,358.0,0.0,99730.0
2025-03-06 17:00:00,25.5303752555177,22.252163031004,0.0,2.3667261904761907,15.3,84,100,8.7,246,17.2,15.9,15.1,3.1,3.1,0.08,18.0,78.0,11139.0,0.0,3.0,11.0,0.0,99770.0
2025-03-06 18:00:00,25.4959667418175,22.1091421950617,0.0,2.366071428571429,14.7,92,100,6.4,245,16.1,15.9,15.1,2.4,2.4,0.02,17.0,82.0,1284.0,0.0,3.0,330.0,0.0,99890.0
2025-03-06 19:00:00,25.3080057634849,22.1808110025101,0.0,2.365416666666667,14.3,93,100,8.0,265,15.4,15.9,15.1,0.3,0.3,0.02,14.0,83.0,113.0,0.0,4.0,173.0,13.0,100000.0
2025-03-06 20:00:00,25.4945212850752,22.5681246065351,0.0,2.364761904761905,13.7,92,98,9.7,253,14.7,15.8,15.1,0.3,0.3,0.0,13.0,93.0,0.0,0.0,2.0,264.0,15.0,100120.0
2025-03-06 21:00:00,29.5670300366128,25.3386961298439,0.0,2.3641071428571427,13.7,89,100,11.0,247,14.3,15.7,15.1,0.2,0.2,0.0,12.0,95.0,0.0,0.0,2.0,258.0,38.0,100200.0
2025-03-06 22:00:00,30.021487013096,25.6068495929805,0.0,2.363452380952381,13.4,93,100,11.5,250,14.1,15.6,15.1,0.5,0.5,0.0,13.0,96.0,0.0,0.0,2.0,173.0,5.0,100290.0
2025-03-06 23:00:00,29.6337928642079,25.7516824473966,0.0,2.362797619047619,13.5,93,100,9.9,250,14.0,15.5,15.1,0.5,0.5,0.0,13.0,95.0,0.0,0.0,0.0,204.0,3.0,100320.0
2025-03-07 00:00:00,29.7630946870738,25.6707887721649,0.0,2.362142857142857,13.4,94,100,9.6,244,13.9,15.4,15.1,0.5,0.5,0.0,13.0,94.0,0.0,0.0,0.0,216.0,1.0,100300.0
2025-03-07 01:00:00,29.7003466596349,25.541689031836,0.0,2.361488095238095,13.8,87,100,9.1,242,14.0,15.1,15.1,0.2,0.2,0.0,13.0,93.0,0.0,0.0,0.0,216.0,0.0,100280.0
2025-03-07 02:00:00,29.69583380427055,25.198538366071,0.0,2.3608333333333333,13.6,91,99,7.5,240,13.9,15.0,15.1,0.5,0.5,0.0,13.0,91.0,0.0,0.0,2.0,246.0,0.0,100250.0
2025-03-07 03:00:00,29.6913209489062,25.3763125029857,0.0,2.3601785714285715,13.3,91,93,6.4,241,13.6,14.9,15.1,0.4,0.4,0.0,13.0,93.0,0.0,0.0,0.0,228.0,0.0,100220.0
2025-03-07 04:00:00,29.645303789372665,25.2856005377804,0.0,2.3595238095238096,13.3,84,100,6.4,232,13.4,14.8,15.1,0.1,0.1,0.0,13.0,93.0,0.0,0.0,2.0,282.0,0.0,100190.0
2025-03-07 05:00:00,29.59928662983913,25.3118462094662,0.0,2.3588690476190477,13.0,85,62,4.6,235,13.2,14.7,15.1,0.0,0.0,0.0,13.0,95.0,0.0,0.0,2.0,240.0,0.0,100180.0
2025-03-07 06:00:00,29.553269470305597,25.1793632079555,0.0,2.358214285714286,12.5,84,32,2.0,243,12.8,14.6,15.1,0.0,0.0,0.0,13.0,95.0,0.0,0.0,0.0,246.0,0.0,100180.0
2025-03-07 07:00:00,29.507252310772067,25.2750626388997,0.0,2.357559523809524,12.3,85,42,1.3,264,12.4,14.5,15.1,0.0,0.0,0.01,13.0,94.0,0.0,0.0,0.0,198.0,0.0,100190.0
2025-03-07 08:00:00,29.461235151238533,24.9787541070408,0.0,2.356904761904762,14.0,84,62,3.5,252,13.1,14.4,15.1,0.0,0.0,0.05,13.0,93.0,356.0,0.0,0.0,205.0,0.0,100190.0
2025-03-07 09:00:00,29.415217991705,25.3745975667941,0.0,2.35625,15.8,77,100,2.7,247,14.3,14.4,15.1,0.0,0.0,0.14,13.0,92.0,6265.0,0.0,0.0,258.0,0.0,100230.0
2025-03-07 10:00:00,29.3614867111943,25.1096720260841,0.0,2.3555952380952383,17.4,68,99,2.2,298,15.9,14.4,15.1,0.0,0.0,0.27,14.0,86.0,20128.0,1.0,1.0,270.0,0.0,100260.0
2025-03-07 11:00:00,29.2513162566941,25.0546472469092,0.0,2.3549404761904764,18.8,61,100,3.5,284,17.6,14.6,15.1,0.0,0.0,0.38,16.0,81.0,30990.0,2.0,1.0,276.0,0.0,100230.0
2025-03-07 12:00:00,29.0834848519093,24.8807836930213,0.0,2.3542857142857145,20.2,54,100,4.5,287,19.0,14.9,15.1,0.0,0.0,0.43,18.0,66.0,71728.0,4.0,3.0,266.0,0.0,100200.0
2025-03-07 13:00:00,29.0086864084384,24.8698098185738,0.0,2.3536309523809527,20.4,51,100,6.1,267,19.2,15.3,15.1,0.0,0.0,0.32,19.0,62.0,48856.0,4.0,1.0,270.0,0.0,100140.0
2025-03-07 14:00:00,28.7278734631132,24.8329408486324,0.0,2.3529761904761903,20.5,50,100,6.0,295,19.6,15.5,15.1,0.0,0.0,0.32,19.0,62.0,50036.0,4.0,1.0,21.0,0.0,100040.0
2025-03-07 15:00:00,29.0155953379861,24.7167913553065,0.0,2.3523214285714285,19.5,63,97,8.8,20,19.6,15.8,15.1,0.0,0.0,0.26,19.0,64.0,28092.0,2.0,2.0,324.0,0.0,99980.0
2025-03-07 16:00:00,28.822189299411,24.5311955604057,0.0,2.3516666666666666,18.4,72,7,10.6,42,19.4,16.0,15.1,0.0,0.0,0.21,18.0,80.0,66115.0,4.0,3.0,355.0,0.0,99910.0
2025-03-07 17:00:00,28.6513672159333,24.7156432910428,0.0,2.3510119047619047,17.6,73,0,10.1,54,18.8,16.2,15.1,0.0,0.0,0.15,19.0,77.0,51220.0,2.0,2.0,36.0,0.0,99840.0
2025-03-07 18:00:00,28.5556021909336,24.3519240859095,0.0,2.350357142857143,15.4,82,3,7.5,63,17.7,16.4,15.1,0.0,0.0,0.04,19.0,76.0,14009.0,1.0,2.0,38.0,0.0,99810.0
2025-03-07 19:00:00,28.5730693818857,24.330444782492,0.0,2.349702380952381,13.4,90,0,4.7,81,16.4,16.4,15.2,0.0,0.0,0.02,18.0,80.0,2771.0,0.0,1.0,84.0,0.0,99830.0
2025-03-07 20:00:00,28.5212691300251,24.38830138361,0.0,2.349047619047619,12.6,92,2,0.6,35,15.2,16.3,15.2,0.0,0.0,0.0,15.0,92.0,0.0,0.0,2.0,36.0,0.0,99830.0
2025-03-07 21:00:00,28.5814041879152,24.4555919009728,0.0,2.348392857142857,11.5,94,2,2.7,310,14.3,16.2,15.2,0.0,0.0,0.0,14.0,95.0,0.0,0.0,0.0,38.0,0.0,99850.0
2025-03-07 22:00:00,28.406384590959,24.242527100384,0.0,2.3477380952380953,11.1,89,0,2.7,218,13.6,16.0,15.2,0.0,0.0,0.0,13.0,96.0,0.0,0.0,0.0,182.0,0.0,99840.0
2025-03-07 23:00:00,28.471079500728848,24.2908829285863,0.0,2.3470833333333334,10.6,86,4,4.1,227,13.0,15.8,15.2,0.0,0.0,0.0,12.0,96.0,0.0,0.0,0.0,240.0,0.0,99840.0
2025-03-08 00:00:00,28.5357744104987,24.3005275769097,0.0,2.3464285714285715,10.1,85,11,4.4,211,12.6,15.6,15.2,0.0,0.0,0.0,12.0,97.0,0.0,0.0,0.0,198.0,0.0,99860.0
2025-03-08 01:00:00,28.2700026946274,24.2748857414033,0.0,2.3457738095238096,10.3,87,7,5.4,186,13.7,15.5,15.2,0.0,0.0,0.0,12.0,97.0,0.0,0.0,0.0,186.0,0.0,99830.0
2025-03-08 02:00:00,28.30765845494145,24.2045640216674,0.0,2.3451190476190478,9.4,90,2,5.8,165,13.2,15.3,15.2,0.0,0.0,0.0,11.0,97.0,0.0,0.0,0.0,165.0,0.0,99760.0
2025-03-08 03:00:00,28.3453142152555,24.3101395943611,0.0,2.344464285714286,8.7,94,0,7.0,191,12.8,15.2,15.2,0.0,0.0,0.0,12.0,98.0,0.0,0.0,0.0,204.0,0.0,99690.0
2025-03-08 04:00:00,28.360906278915266,24.3156011728147,0.0,2.343809523809524,9.5,89,88,7.4,204,12.5,15.0,15.2,0.0,0.0,0.0,10.0,98.0,0.0,0.0,0.0,174.0,0.0,99600.0
2025-03-08 05:00:00,28.376498342575033,24.305576585737,0.0,2.343154761904762,9.7,87,68,7.6,181,12.3,14.8,15.2,0.0,0.0,0.0,10.0,98.0,0.0,0.0,0.0,176.0,0.0,99520.0
2025-03-08 06:00:00,28.3920904062348,24.1266393257023,0.0,2.3425,9.4,86,87,8.3,188,12.0,14.6,15.2,0.0,0.0,0.0,9.0,98.0,0.0,0.0,0.0,328.0,0.0,99480.0
2025-03-08 07:00:00,28.3933080721765,23.9741287031396,0.0,2.341845238095238,10.1,78,36,8.6,195,11.8,14.5,15.2,0.0,0.0,0.03,8.0,98.0,0.0,0.0,0.0,174.0,0.0,99450.0
2025-03-08 08:00:00,28.1976219862278,24.1247876908201,0.0,2.341190476190476,14.6,65,47,9.5,195,12.5,14.3,15.2,0.0,0.0,0.08,8.0,98.0,1879.0,0.0,0.0,169.0,0.0,99400.0
2025-03-08 09:00:00,28.3104815689419,24.0866031136303,0.0,2.340535714285714,19.9,54,62,13.8,190,14.2,14.3,15.2,0.0,0.0,0.23,12.0,98.0,10266.0,1.0,0.0,101.0,0.0,99350.0
2025-03-08 10:00:00,28.1593763709466,24.0690477370739,0.0,2.3398809523809523,22.1,40,0,19.7,189,15.9,14.4,15.2,0.0,0.0,0.38,15.0,84.0,37296.0,2.0,3.0,284.0,0.0,99320.0
2025-03-08 11:00:00,28.2333945770485,23.9012142771673,0.0,2.3392261904761904,23.9,36,14,22.2,194,17.6,14.5,15.2,0.0,0.0,0.5,19.0,55.0,60857.0,5.0,2.0,252.0,0.0,99240.0
2025-03-08 12:00:00,28.1884383839092,24.1449164695052,0.0,2.3385714285714285,25.3,34,0,17.5,204,19.2,14.8,15.2,0.0,0.0,0.55,21.0,55.0,76653.0,6.0,4.0,282.0,0.0,99200.0
2025-03-08 13:00:00,28.0225985294142,23.9107753357681,0.0,2.3379166666666666,25.5,33,4,15.1,231,20.5,15.0,15.2,0.0,0.0,0.56,23.0,49.0,83868.0,6.0,4.0,300.0,0.0,99090.0
2025-03-08 14:00:00,28.175702962045,23.8015976965906,0.0,2.3372619047619048,25.6,33,7,15.1,241,21.2,15.4,15.2,0.0,0.0,0.54,24.0,43.0,83721.0,6.0,1.0,294.0,0.0,98930.0
2025-03-08 15:00:00,27.7560196429861,23.6937373438634,0.0,2.336607142857143,24.0,40,54,17.7,277,21.3,15.7,15.2,0.0,0.0,0.44,25.0,35.0,77264.0,7.0,5.0,275.0,0.0,98810.0
2025-03-08 16:00:00,27.9711909132427,23.6492303328656,0.0,2.335952380952381,18.2,68,88,16.5,295,20.4,16.1,15.2,0.0,0.0,0.2,23.0,40.0,11008.0,0.0,4.0,255.0,0.0,98770.0
2025-03-08 17:00:00,27.7308335794067,23.6237272385055,0.0,2.335297619047619,16.2,79,99,10.5,320,19.0,16.3,15.2,0.9,0.9,0.1,17.0,73.0,14756.0,1.0,6.0,330.0,0.0,98980.0
2025-03-08 18:00:00,27.3861506323587,23.5204534960786,0.0,2.3346428571428572,15.1,85,100,3.5,308,17.5,16.4,15.2,0.2,0.2,0.03,17.0,76.0,7875.0,0.0,3.0,330.0,0.0,99110.0
2025-03-08 19:00:00,27.5660530726656,23.6797253972114,0.0,2.3339880952380954,14.5,93,86,6.9,48,16.5,16.4,15.2,0.2,0.2,0.02,15.0,81.0,751.0,0.0,2.0,12.0,0.0,99140.0
2025-03-08 20:00:00,27.4939149532879,23.8074208940372,0.0,2.3333333333333335,14.1,96,100,1.5,209,15.7,16.3,15.2,0.9,0.9,0.0,15.0,87.0,0.0,0.0,2.0,335.0,0.0,99280.0
2025-03-08 21:00:00,27.7650473442114,23.6552779334817,0.0,2.3326785714285716,13.9,95,100,3.9,210,15.2,16.3,15.2,0.8,0.8,0.0,13.0,87.0,0.0,0.0,2.0,246.0,5.0,99370.0
2025-03-08 22:00:00,28.5502769394103,23.9522068561053,0.0,2.3320238095238097,13.6,91,96,4.2,180,14.7,16.1,15.2,0.5,0.5,0.0,12.0,93.0,0.0,0.0,0.0,228.0,10.0,99390.0
2025-03-08 23:00:00,29.7115817688317,25.1533971569401,0.0,2.3313690476190474,13.5,83,100,10.0,192,14.3,16.0,15.2,0.1,0.1,0.01,12.0,95.0,0.0,0.0,0.0,246.0,13.0,99420.0
2025-03-09 00:00:00,29.9389421202139,25.4673391874175,0.0,2.3307142857142855,13.1,79,100,11.1,206,13.7,15.9,15.2,0.1,0.1,0.01,12.0,89.0,0.0,0.0,2.0,198.0,3.0,99400.0
2025-03-09 01:00:00,30.0633800150533,25.5945926956067,0.0,2.3300595238095236,13.1,86,100,2.4,200,13.7,15.8,15.2,0.0,0.0,0.0,12.0,93.0,0.0,0.0,0.0,186.0,2.0,99410.0
2025-03-09 02:00:00,30.2703372055979,25.3690383354977,0.0,2.3294047619047618,12.5,91,99,4.3,198,13.5,15.6,15.2,0.4,0.4,0.0,12.0,94.0,0.0,0.0,2.0,192.0,0.0,99360.0
2025-03-09 03:00:00,29.9517058011594,25.5681940854984,0.0,2.32875,12.4,82,12,8.1,203,13.1,15.5,15.3,0.0,0.0,0.0,12.0,94.0,0.0,0.0,1.0,204.0,0.0,99350.0
2025-03-09 04:00:00,29.8358424445999,25.5651451162467,0.0,2.328095238095238,11.7,79,61,11.9,218,12.5,15.3,15.3,0.0,0.0,0.01,11.0,92.0,0.0,0.0,1.0,270.0,0.0,99350.0
2025-03-09 05:00:00,29.7620227247345,25.4439963950186,0.0,2.327440476190476,11.6,77,95,12.0,224,12.1,15.1,15.3,0.0,0.0,0.02,10.0,94.0,0.0,0.0,0.0,204.0,0.0,99320.0
2025-03-09 06:00:00,29.869068070588,25.3561523723023,0.0,2.3267857142857142,11.8,72,83,17.0,223,11.9,14.9,15.3,0.0,0.0,0.04,10.0,94.0,0.0,0.0,0.0,344.0,0.0,99340.0
2025-03-09 07:00:00,29.6524017269028,25.3629656525844,0.0,2.3261309523809524,12.5,65,44,23.1,223,12.0,14.7,15.3,0.0,0.0,0.09,10.0,90.0,0.0,0.0,0.0,192.0,0.0,99380.0
2025-03-09 08:00:00,29.6831759142173,25.3996045089761,0.0,2.3254761904761905,13.6,60,17,26.9,221,12.5,14.6,15.3,0.0,0.0,0.13,11.0,83.0,5880.0,0.0,1.0,252.0,0.0,99400.0
2025-03-09 09:00:00,29.7561696185153,25.2257588654435,0.0,2.3248214285714286,15.4,55,7,27.9,215,13.6,14.5,15.3,0.0,0.0,0.22,14.0,73.0,22875.0,1.0,4.0,270.0,0.0,99430.0
2025-03-09 10:00:00,29.5510119397506,25.2437495271369,0.0,2.3241666666666667,16.6,50,15,29.2,218,14.8,14.5,15.2,0.0,0.0,0.31,15.0,62.0,49676.0,4.0,5.0,246.0,0.0,99460.0
2025-03-09 11:00:00,29.3189532478577,25.1674111523513,0.0,2.323511904761905,17.5,47,30,28.6,225,16.1,14.6,15.2,0.0,0.0,0.38,16.0,56.0,67522.0,5.0,7.0,276.0,0.0,99430.0
2025-03-09 12:00:00,29.4938980820186,25.0523760498338,0.0,2.322857142857143,17.9,46,18,30.0,228,16.9,14.7,15.2,0.3,0.3,0.41,17.0,52.0,80722.0,7.0,4.0,252.0,0.0,99390.0
2025-03-09 13:00:00,29.2087055903739,24.8944639775163,0.0,2.322202380952381,18.4,43,16,31.6,232,17.5,14.9,15.2,0.0,0.0,0.42,18.0,45.0,85473.0,7.0,8.0,270.0,0.0,99340.0
2025-03-09 14:00:00,29.0628736951433,24.772679282798,0.0,2.321547619047619,19.1,41,15,29.6,236,18.1,15.1,15.2,0.0,0.0,0.43,19.0,45.0,81084.0,7.0,8.0,250.0,0.0,99270.0
2025-03-09 15:00:00,29.1011870367231,24.5346244820332,0.0,2.3208928571428573,18.8,41,36,18.5,261,18.5,15.3,15.2,0.0,0.0,0.38,19.0,37.0,68211.0,5.0,9.0,240.0,0.0,99230.0
2025-03-09 16:00:00,28.8920352073474,24.7271788247918,0.0,2.320238095238095,18.6,42,22,11.6,256,18.4,15.5,15.2,0.0,0.0,0.28,18.0,51.0,45683.0,2.0,10.0,355.0,0.0,99260.0
2025-03-09 17:00:00,28.5649473675534,24.5085801196631,0.0,2.319583333333333,17.6,49,100,6.5,237,17.9,15.7,15.2,0.0,0.0,0.15,17.0,62.0,25827.0,1.0,3.0,27.0,0.0,99260.0
2025-03-09 18:00:00,28.4677876174935,24.4861608899944,0.0,2.3189285714285712,15.3,57,98,4.8,233,16.8,15.8,15.3,0.0,0.0,0.05,15.0,66.0,5261.0,0.0,2.0,86.0,0.0,99300.0
2025-03-09 19:00:00,28.6233840177291,24.2550147198846,0.0,2.3182738095238093,14.5,57,98,7.4,240,15.8,15.8,15.3,0.0,0.0,0.06,13.0,78.0,404.0,0.0,2.0,81.0,0.0,99320.0
2025-03-09 20:00:00,28.3367024781797,24.5796846652756,0.0,2.3176190476190475,13.2,64,99,6.2,231,15.1,15.8,15.3,0.0,0.0,0.02,12.0,81.0,0.0,0.0,0.0,166.0,0.0,99300.0
2025-03-09 21:00:00,28.4296560593839,24.4810359356725,0.0,2.3169642857142856,12.7,70,92,3.3,225,14.5,15.7,15.3,0.0,0.0,0.0,11.0,88.0,0.0,0.0,0.0,258.0,0.0,99330.0
2025-03-09 22:00:00,28.5289512686381,24.1025062839657,0.0,2.3163095238095237,11.6,72,99,5.3,190,13.9,15.6,15.3,0.0,0.0,0.0,11.0,91.0,0.0,0.0,0.0,186.0,0.0,99320.0
2025-03-09 23:00:00,28.4464703652105,24.2570319274948,0.0,2.315654761904762,11.9,70,98,6.6,213,13.6,15.4,15.3,0.0,0.0,0.01,11.0,89.0,0.0,0.0,1.0,339.0,0.0,99290.0
2025-03-10 00:00:00,28.4817321328877,24.249870303653,0.0,2.315,12.2,68,90,7.3,247,13.4,15.3,15.3,0.0,0.0,0.02,12.0,83.0,0.0,0.0,0.0,258.0,0.0,99270.0
2025-03-10 01:00:00,28.4573375453631,24.476479591831,0.0,2.314345238095238,12.5,77,60,5.3,208,13.7,15.2,15.3,1.4,1.4,0.0,12.0,81.0,0.0,0.0,1.0,210.0,0.0,99290.0
2025-03-10 02:00:00,28.2872231412623,24.2565625655322,0.0,2.313690476190476,12.3,77,82,8.9,219,13.1,15.0,15.3,1.0,1.0,0.01,13.0,81.0,0.0,0.0,1.0,158.0,0.0,99250.0
2025-03-10 03:00:00,28.2624032949482,24.1170012745483,0.0,2.3130357142857143,12.6,77,99,14.6,195,12.7,14.9,15.3,1.8,1.8,0.02,12.0,87.0,0.0,0.0,0.0,186.0,0.0,99190.0
2025-03-10 04:00:00,28.3549253000151,24.2946431546761,0.0,2.3123809523809524,13.5,69,100,17.1,212,12.6,14.8,15.3,0.0,0.0,0.05,13.0,76.0,0.0,0.0,1.0,252.0,0.0,99160.0
2025-03-10 05:00:00,28.4840847430963,24.0090929491708,0.0,2.3117261904761905,14.0,63,100,23.2,216,12.6,14.6,15.3,0.0,0.0,0.08,14.0,69.0,0.0,0.0,4.0,222.0,0.0,99140.0
2025-03-10 06:00:00,28.2223862491312,24.226767303662,0.0,2.3110714285714287,14.2,64,85,23.0,215,12.9,14.5,15.3,0.0,0.0,0.07,14.0,69.0,0.0,0.0,3.0,264.0,0.0,99230.0
2025-03-10 07:00:00,28.3006042184135,24.1255224307324,0.0,2.310416666666667,14.4,63,19,21.3,217,13.1,14.4,15.3,0.0,0.0,0.09,14.0,73.0,74.0,0.0,2.0,276.0,0.0,99280.0
2025-03-10 08:00:00,28.2318557570404,24.0800051728194,0.0,2.309761904761905,15.2,61,10,21.8,219,13.6,14.4,15.3,0.0,0.0,0.13,13.0,75.0,3914.0,0.0,4.0,264.0,0.0,99330.0
2025-03-10 09:00:00,28.2111605119383,24.0683394970509,0.0,2.3091071428571426,16.9,57,9,24.5,222,14.6,14.4,15.3,0.0,0.0,0.22,17.0,63.0,31695.0,1.0,4.0,252.0,0.0,99380.0
2025-03-10 10:00:00,28.1042630915857,24.1075733260509,0.0,2.3084523809523807,17.9,53,5,27.7,222,15.7,14.4,15.3,0.0,0.0,0.31,18.0,56.0,51152.0,4.0,2.0,246.0,0.0,99420.0
2025-03-10 11:00:00,27.944860266347,24.1560329399489,0.0,2.307797619047619,18.8,49,7,27.9,225,16.8,14.6,15.3,0.0,0.0,0.39,18.0,51.0,77136.0,6.0,4.0,240.0,0.0,99460.0
2025-03-10 12:00:00,27.7287700817791,23.8107462107734,0.0,2.307142857142857,19.8,46,6,26.8,228,17.9,14.8,15.3,0.0,0.0,0.45,20.0,45.0,84449.0,7.0,8.0,240.0,0.0,99470.0
2025-03-10 13:00:00,27.8996256492918,23.7228612881405,0.0,2.306488095238095,20.5,42,4,26.8,237,18.7,14.9,15.2,0.0,0.0,0.48,21.0,43.0,86316.0,8.0,7.0,252.0,0.0,99480.0
2025-03-10 14:00:00,27.8468438090966,23.8673249851197,0.0,2.305833333333333,21.0,41,14,23.6,236,19.4,15.2,15.2,0.0,0.0,0.47,21.0,41.0,81454.0,5.0,7.0,269.0,0.0,99440.0
2025-03-10 15:00:00,27.6682602626181,23.7545563434679,0.0,2.3051785714285713,20.9,40,42,22.5,237,19.5,15.5,15.2,0.0,0.0,0.41,21.0,36.0,68958.0,3.0,6.0,276.0,0.0,99390.0
2025-03-10 16:00:00,27.6753418115855,23.6077849340624,0.0,2.3045238095238094,20.6,42,54,14.4,239,19.3,15.8,15.3,0.0,0.0,0.29,22.0,34.0,43769.0,2.0,5.0,258.0,0.0,99390.0
2025-03-10 17:00:00,27.5434094231476,23.4749795940663,0.0,2.3038690476190475,19.7,44,71,12.7,232,18.8,16.0,15.3,0.0,0.0,0.21,18.0,60.0,23968.0,1.0,4.0,36.0,0.0,99400.0
2025-03-10 18:00:00,27.3301060188048,23.5270630193351,0.0,2.3032142857142857,18.1,46,99,13.6,214,17.8,16.1,15.3,0.0,0.0,0.12,17.0,64.0,3288.0,0.0,2.0,72.0,0.0,99500.0
2025-03-10 19:00:00,27.4343381979725,23.5140112852199,0.0,2.302559523809524,18.3,46,46,21.6,220,17.3,16.2,15.3,0.0,0.0,0.15,15.0,74.0,132.0,0.0,2.0,54.0,0.0,99530.0
2025-03-10 20:00:00,27.1883839925661,23.5510633027509,0.0,2.301904761904762,16.8,55,83,21.9,216,16.7,16.2,15.3,0.0,0.0,0.1,15.0,67.0,0.0,0.0,0.0,216.0,0.0,99580.0
2025-03-10 21:00:00,27.3410629923393,23.4473419040595,0.0,2.30125,16.2,58,98,21.2,218,16.2,16.2,15.3,0.0,0.0,0.09,15.0,66.0,0.0,0.0,2.0,270.0,0.0,99680.0
2025-03-10 22:00:00,27.4723847939645,23.4206139687252,0.0,2.300595238095238,16.2,59,83,21.5,213,15.9,16.2,15.3,0.0,0.0,0.09,16.0,66.0,0.0,0.0,0.0,262.0,0.0,99680.0
2025-03-10 23:00:00,27.1908561500342,23.4862362937188,0.0,2.2999404761904763,15.8,62,89,20.2,215,15.6,16.1,15.3,0.0,0.0,0.08,15.0,73.0,0.0,0.0,0.0,282.0,0.0,99700.0
2025-03-11 00:00:00,27.1768126179547,23.2615319711332,0.0,2.2992857142857144,15.9,63,90,21.6,216,15.5,16.1,15.3,0.0,0.0,0.08,17.0,59.0,0.0,0.0,4.0,258.0,0.0,99680.0
2025-03-11 01:00:00,27.4033182283763,23.2965488506207,0.0,2.2986309523809525,15.5,66,44,19.4,216,15.8,16.1,15.3,0.0,0.0,0.06,14.0,72.0,0.0,0.0,3.0,288.0,0.0,99670.0
2025-03-11 02:00:00,27.0513657894318,23.223432669374,0.0,2.29797619047619,15.5,65,80,22.2,217,15.5,16.1,15.3,0.0,0.0,0.07,14.0,76.0,0.0,0.0,1.0,258.0,0.0,99690.0
2025-03-11 03:00:00,27.303981791393,23.4228409012477,0.0,2.2973214285714283,15.8,65,89,24.5,219,15.4,16.0,15.3,0.0,0.0,0.08,14.0,77.0,0.0,0.0,2.0,245.0,0.0,99640.0
2025-03-11 04:00:00,27.1337678552046,23.3460182709006,0.0,2.2966666666666664,15.8,63,65,25.2,224,15.2,15.9,15.3,0.0,0.0,0.09,14.0,81.0,0.0,0.0,3.0,282.0,0.0,99580.0
2025-03-11 05:00:00,27.0281630349894,23.2045637366219,0.0,2.2960119047619045,15.6,63,67,24.5,224,15.1,15.9,15.3,0.0,0.0,0.08,15.0,76.0,0.0,0.0,2.0,270.0,0.0,99570.0
2025-03-11 06:00:00,27.0739256189334,23.4300727371079,0.0,2.2953571428571427,15.9,62,72,24.1,224,15.1,15.8,15.3,0.0,0.0,0.09,16.0,58.0,0.0,0.0,4.0,240.0,0.0,99570.0
2025-03-11 07:00:00,27.1848564126905,23.2710768664994,0.0,2.2947023809523808,16.7,59,27,27.8,224,15.2,15.8,15.3,0.0,0.0,0.13,15.0,67.0,376.0,0.0,3.0,318.0,0.0,99610.0
2025-03-11 08:00:00,27.2179374668856,23.2340923981051,0.0,2.294047619047619,17.5,58,43,28.5,228,15.6,15.7,15.3,0.0,0.0,0.16,17.0,57.0,7092.0,0.0,7.0,239.0,0.0,99640.0
2025-03-11 09:00:00,27.1139461364998,23.4769042132574,0.0,2.293392857142857,18.4,57,25,27.4,225,16.3,15.7,15.3,0.0,0.0,0.23,17.0,59.0,14318.0,1.0,4.0,258.0,0.0,99690.0
2025-03-11 10:00:00,27.1353206836589,23.2092167240806,0.0,2.292738095238095,19.4,55,100,24.3,226,17.2,15.8,15.3,0.0,0.0,0.29,20.0,48.0,53335.0,2.0,8.0,264.0,0.0,99670.0
2025-03-11 11:00:00,27.032032500239,23.1942298531786,0.0,2.2920833333333333,18.9,57,100,20.9,225,17.3,15.9,15.4,0.0,0.0,0.2,21.0,48.0,75688.0,5.0,5.0,212.0,0.0,99650.0
2025-03-11 12:00:00,26.7476387435233,23.0213695215983,0.0,2.2914285714285714,18.9,59,100,17.1,225,17.4,16.0,15.4,0.0,0.0,0.17,21.0,46.0,22259.0,2.0,5.0,228.0,0.0,99590.0
2025-03-11 13:00:00,26.8149314314345,22.8149546358176,0.0,2.2907738095238095,20.2,49,100,18.7,223,17.9,16.1,15.4,0.0,0.0,0.21,21.0,49.0,32398.0,2.0,6.0,218.0,0.0,99560.0
2025-03-11 14:00:00,26.6677104034715,22.7584082878614,0.0,2.2901190476190476,18.7,61,98,15.9,234,17.7,16.2,15.4,0.4,0.4,0.18,22.0,48.0,70051.0,5.0,7.0,258.0,0.0,99490.0
2025-03-11 15:00:00,26.780981429804,22.6312525542113,0.0,2.2894642857142857,18.2,66,100,25.5,226,17.5,16.3,15.4,1.4,1.4,0.2,20.0,59.0,13080.0,1.0,4.0,245.0,0.0,99460.0
2025-03-11 16:00:00,26.6978705206487,22.846580713529,0.0,2.288809523809524,16.7,75,100,17.9,221,16.5,16.3,15.4,2.7,2.7,0.09,18.5,68.5,12787.0,1.0,3.5,247.5,0.5,99455.0
2025-03-11 17:00:00,26.6658132535141,22.7906889067676,0.0,2.288154761904762,17.0,72,100,18.1,228,16.1,16.3,15.4,1.9,1.9,0.1,17.0,78.0,12494.0,1.0,3.0,250.0,1.0,99450.0
2025-03-11 18:00:00,26.5268385459417,22.7207129824427,0.0,2.2874999999999996,15.6,85,100,24.4,237,15.5,16.3,15.4,1.5,1.5,0.05,17.0,78.0,5542.0,0.0,4.0,258.0,0.0,99480.0
2025-03-11 19:00:00,26.3018754054225,22.6787052868917,0.0,2.2868452380952378,15.1,86,100,19.0,230,15.1,16.2,15.4,2.3,2.3,0.04,14.0,89.0,1883.0,0.0,2.0,335.0,0.0,99570.0
2025-03-11 20:00:00,26.5201882425247,22.7511092761159,0.0,2.286190476190476,15.8,78,99,20.9,217,14.9,16.1,15.4,0.2,0.2,0.04,15.0,92.0,0.0,0.0,0.0,198.0,1.0,99600.0
2025-03-11 21:00:00,26.5109191777946,22.6861209239709,0.0,2.285535714285714,15.7,78,100,16.7,225,14.8,16.0,15.4,0.0,0.0,0.03,15.0,93.0,0.0,0.0,1.0,6.0,1.0,99600.0
2025-03-11 22:00:00,26.536040545203,22.8188684055319,0.0,2.284880952380952,15.6,76,0,16.4,227,14.7,15.9,15.4,0.0,0.0,0.03,14.0,93.0,0.0,0.0,0.0,222.0,0.0,99680.0
2025-03-11 23:00:00,26.5154692525205,22.7639514694033,0.0,2.2842261904761902,14.0,84,17,10.3,230,14.3,15.8,15.4,0.0,0.0,0.01,14.0,93.0,0.0,0.0,2.0,292.0,0.0,99680.0
2025-03-12 00:00:00,26.5590567802916,22.7252402827331,0.0,2.2835714285714284,13.5,85,15,11.3,230,14.0,15.6,15.4,0.0,0.0,0.01,15.0,92.0,0.0,0.0,2.0,312.0,0.0,99700.0
2025-03-12 01:00:00,26.6855883709376,22.7259832835447,0.0,2.2829166666666665,12.9,90,18,6.5,249,14.2,15.9,15.4,0.0,0.0,0.0,14.0,94.0,0.0,0.0,1.0,276.0,0.0,99700.0
2025-03-12 02:00:00,26.5325143403706,22.6655584148959,0.0,2.2822619047619046,12.7,89,26,8.0,226,13.7,15.8,15.4,0.0,0.0,0.0,14.0,94.0,0.0,0.0,0.0,205.0,0.0,99700.0
2025-03-12 03:00:00,26.8266755986642,22.7596050587917,0.0,2.2816071428571427,12.4,86,25,9.3,227,13.3,15.6,15.4,0.0,0.0,0.0,13.0,94.0,0.0,0.0,0.0,210.0,0.0,99700.0
2025-03-12 04:00:00,26.7478095328232,22.6965760015125,0.0,2.280952380952381,12.1,84,34,8.7,225,13.0,15.4,15.5,0.0,0.0,0.0,13.0,95.0,0.0,0.0,0.0,252.0,0.0,99690.0
2025-03-12 05:00:00,26.5410393431693,22.8263321260387,0.0,2.280297619047619,11.3,88,31,6.6,236,12.6,15.3,15.5,0.0,0.0,0.0,14.0,93.0,0.0,0.0,0.0,198.0,0.0,99690.0
2025-03-12 06:00:00,26.5643133072957,22.7416605236657,0.0,2.279642857142857,11.1,89,40,5.8,232,12.3,15.1,15.5,0.0,0.0,0.0,13.0,89.0,0.0,0.0,0.0,216.0,0.0,99700.0
2025-03-12 07:00:00,26.7287587374154,22.8628257170294,0.0,2.278988095238095,11.6,88,59,6.1,226,12.2,14.9,15.4,0.0,0.0,0.02,12.0,90.0,0.0,0.0,1.0,169.0,0.0,99740.0
2025-03-12 08:00:00,26.6270949539767,22.75695998115,0.0,2.2783333333333333,14.0,83,78,6.7,226,13.0,14.8,15.4,0.1,0.1,0.06,12.0,86.0,1284.0,0.0,0.0,228.0,0.0,99770.0
2025-03-12 09:00:00,26.6918062560036,22.7196103579957,0.0,2.2776785714285714,16.1,73,98,6.7,222,14.3,14.7,15.4,0.0,0.0,0.16,14.0,84.0,10374.0,0.0,2.0,276.0,0.0,99840.0
2025-03-12 10:00:00,26.500622947412,22.9022427142086,0.0,2.2770238095238096,17.8,64,100,11.0,219,15.8,14.7,15.4,0.0,0.0,0.27,16.0,77.0,39897.0,2.0,3.0,258.0,0.0,99880.0
2025-03-12 11:00:00,26.6588237769181,22.5942061201994,0.0,2.2763690476190472,18.9,55,100,16.0,238,16.8,14.9,15.4,0.0,0.0,0.3,17.0,70.0,81003.0,7.0,3.0,312.0,0.0,99880.0
2025-03-12 12:00:00,26.7623384555494,22.5847739983044,0.0,2.2757142857142854,19.9,53,99,14.0,237,17.6,15.0,15.4,0.0,0.0,0.32,18.0,65.0,54543.0,4.0,3.0,284.0,0.0,99880.0
2025-03-12 13:00:00,26.5154431487818,22.4940640183013,0.0,2.2750595238095235,21.3,46,100,11.5,268,18.6,15.3,15.4,0.0,0.0,0.28,19.0,62.0,75806.0,6.0,4.0,292.0,0.0,99800.0
2025-03-12 14:00:00,26.4573811167843,22.4827026130993,0.0,2.2744047619047616,20.1,50,99,9.3,249,18.7,15.5,15.4,0.0,0.0,0.23,20.0,60.0,65355.0,5.0,2.0,270.0,0.0,99680.0
2025-03-12 15:00:00,26.5280933031425,22.3502033843865,0.0,2.2737499999999997,20.5,54,100,9.9,239,19.2,15.7,15.4,0.0,0.0,0.29,20.0,61.0,55956.0,4.0,4.0,294.0,0.0,99580.0
2025-03-12 16:00:00,26.4932338840041,22.2066792227025,0.0,2.273095238095238,20.2,57,100,9.6,263,19.0,15.9,15.4,0.0,0.0,0.19,20.0,57.0,11013.0,1.0,3.0,274.0,0.0,99520.0
2025-03-12 17:00:00,26.4011291077484,22.3942179378398,0.0,2.272440476190476,17.9,76,99,3.2,288,18.2,16.1,15.4,0.4,0.4,0.08,17.0,68.0,17012.0,1.0,3.0,30.0,0.0,99510.0
2025-03-12 18:00:00,26.4209948288966,22.2641361430646,0.0,2.271785714285714,16.0,87,79,2.7,280,17.4,16.2,15.4,0.0,0.0,0.03,16.0,76.0,7647.0,0.0,2.0,48.0,0.0,99510.0
2025-03-12 19:00:00,26.4144028266602,22.4207978729939,0.0,2.271130952380952,14.8,89,57,1.3,234,16.2,16.2,15.5,0.0,0.0,0.02,16.0,79.0,3420.0,0.0,2.0,132.0,0.0,99500.0
2025-03-12 20:00:00,26.2562410908209,22.3756949165412,0.0,2.2704761904761903,14.2,88,29,3.6,232,15.3,16.2,15.5,0.0,0.0,0.0,15.0,86.0,0.0,0.0,0.0,349.0,0.0,99610.0
2025-03-12 21:00:00,26.4325924828457,22.2457072741869,0.0,2.2698214285714284,13.7,86,41,3.5,241,14.6,16.1,15.5,0.0,0.0,0.0,15.0,81.0,0.0,0.0,2.0,228.0,0.0,99480.0
2025-03-12 22:00:00,26.174718138252,22.4268163628223,0.0,2.2691666666666666,13.4,87,63,0.5,226,14.0,15.9,15.5,0.0,0.0,0.0,16.0,80.0,0.0,0.0,2.0,290.0,0.0,99560.0
2025-03-12 23:00:00,26.3150076672716,22.3866408050467,0.0,2.2685119047619047,13.6,83,31,8.1,217,13.5,15.8,15.5,0.0,0.0,0.0,15.0,81.0,0.0,0.0,2.0,252.0,0.0,99550.0
2025-03-13 00:00:00,26.1919002929586,22.6135584698093,0.0,2.267857142857143,15.3,72,37,13.5,228,13.6,15.6,15.5,0.0,0.0,0.03,15.0,84.0,0.0,0.0,0.0,222.0,0.0,99530.0
2025-03-13 01:00:00,25.9924762994004,22.4469997030969,0.0,2.267202380952381,16.2,67,99,20.4,224,15.2,15.7,15.5,0.0,0.0,0.07,17.0,66.0,0.0,0.0,4.0,216.0,0.0,99430.0
2025-03-13 02:00:00,26.1907080489905,22.516841551562,0.0,2.266547619047619,16.5,67,51,19.7,224,15.2,15.7,15.5,0.0,0.0,0.07,15.0,83.0,0.0,0.0,2.0,314.0,0.0,99400.0
2025-03-13 03:00:00,26.1453962865474,22.3198690536762,0.0,2.265892857142857,16.5,66,93,22.8,220,15.1,15.7,15.5,0.0,0.0,0.08,14.0,85.0,0.0,0.0,1.0,192.0,0.0,99330.0
2025-03-13 04:00:00,26.1890554144497,22.4550255330505,0.0,2.265238095238095,16.1,67,91,14.7,205,15.1,15.6,15.5,0.0,0.0,0.05,14.0,85.0,0.0,0.0,2.0,222.0,0.0,99190.0
2025-03-13 05:00:00,26.2517744907556,22.3737995055219,0.0,2.264583333333333,16.1,66,60,13.2,210,15.1,15.6,15.5,0.0,0.0,0.05,14.0,86.0,0.0,0.0,3.0,245.0,0.0,99130.0
2025-03-13 06:00:00,26.0954236625482,22.4740936260423,0.0,2.263928571428571,15.4,71,26,11.2,227,14.9,15.5,15.5,0.0,0.0,0.03,13.0,90.0,0.0,0.0,2.0,303.0,3.0,99030.0
2025-03-13 07:00:00,26.2367733499411,22.3758711226284,0.0,2.263273809523809,14.3,78,30,8.7,222,14.5,15.5,15.5,0.0,0.0,0.03,13.0,91.0,0.0,0.0,2.0,185.0,0.0,99010.0
2025-03-13 08:00:00,26.2464146032947,22.3333723580741,0.0,2.2626190476190473,16.8,71,17,12.3,221,15.0,15.4,15.5,0.0,0.0,0.09,14.0,87.0,474.0,0.0,2.0,270.0,0.0,99000.0
2025-03-13 09:00:00,26.2232694226103,22.3918821495579,0.0,2.2619642857142854,19.5,58,37,17.0,225,16.1,15.5,15.5,0.0,0.0,0.23,14.0,86.0,7456.0,0.0,1.0,206.0,0.0,99080.0
2025-03-13 10:00:00,25.9908870729062,22.5741188536759,0.0,2.2613095238095235,20.8,53,18,21.2,220,17.4,15.5,15.5,0.0,0.0,0.33,16.0,81.0,25972.0,1.0,2.0,279.0,0.0,99070.0
2025-03-13 11:00:00,26.1974220571614,22.2013876113374,0.0,2.2606547619047617,21.5,48,27,25.7,227,18.6,15.7,15.5,0.0,0.0,0.42,18.0,72.0,19183.0,1.0,1.0,240.0,0.0,99020.0
2025-03-13 12:00:00,26.0904201178072,22.2195510207471,0.0,2.26,21.3,44,43,35.6,237,19.3,15.9,15.5,0.1,0.1,0.46,21.0,54.0,64659.0,5.0,7.0,282.0,0.0,98960.0
2025-03-13 13:00:00,26.1748530848295,22.1337018190684,0.0,2.257738095238095,21.2,50,13,33.7,230,19.4,16.0,15.5,0.1,0.1,0.43,20.0,59.0,47113.0,3.0,4.0,246.0,0.0,98900.0
2025-03-13 14:00:00,26.0163578811074,22.084326019363,0.0,2.25547619047619,22.3,41,26,34.2,236,20.0,16.3,15.5,0.0,0.0,0.49,21.0,50.0,34946.0,2.0,6.0,252.0,0.0,98850.0
2025-03-13 15:00:00,25.7782165490276,21.914107836993,0.0,2.2532142857142854,22.0,42,43,28.8,243,20.2,16.5,15.5,0.1,0.1,0.43,21.0,52.0,64382.0,5.0,6.0,258.0,0.0,98820.0
2025-03-13 16:00:00,25.8723476827838,21.988229296301,0.0,2.2509523809523806,20.5,45,1,19.1,244,19.9,16.7,15.5,0.2,0.2,0.31,21.0,46.0,22859.0,1.0,8.0,250.0,0.0,98830.0
2025-03-13 17:00:00,25.9646328364405,21.8963090059671,0.0,2.248690476190476,19.9,48,6,12.5,250,19.3,16.9,15.5,0.0,0.0,0.2,20.0,55.0,15344.0,1.0,2.0,256.0,0.0,98820.0
2025-03-13 18:00:00,25.9222572890892,21.8315572861566,0.0,2.246428571428571,16.8,62,5,5.8,239,18.2,17.0,15.5,0.0,0.0,0.06,21.0,47.0,14245.0,1.0,7.0,260.0,0.0,98890.0
2025-03-13 19:00:00,25.6811441254163,22.0194214865103,0.0,2.2441666666666666,15.4,63,7,1.4,235,16.8,17.0,15.5,0.0,0.0,0.02,19.0,49.0,2397.0,0.0,2.0,291.0,0.0,98880.0
2025-03-13 20:00:00,25.8009780260951,21.8632385193919,0.0,2.241904761904762,14.2,67,4,0.6,232,15.6,16.9,15.5,0.0,0.0,0.0,16.0,61.0,0.0,0.0,0.0,173.0,0.0,98950.0
2025-03-13 21:00:00,25.6370653411142,21.8614640668313,0.0,2.239642857142857,12.8,72,7,3.4,167,14.7,16.7,15.6,0.0,0.0,0.0,17.0,55.0,0.0,0.0,1.0,211.0,0.0,99000.0
2025-03-13 22:00:00,25.724091842559,21.8107318938121,0.0,2.2373809523809522,11.6,77,5,3.1,180,14.0,16.6,15.6,0.0,0.0,0.0,15.0,64.0,0.0,0.0,0.0,151.0,0.0,98990.0
2025-03-13 23:00:00,25.6413134609101,21.8170516979067,0.0,2.2351190476190474,11.3,78,10,5.3,193,13.4,16.4,15.6,0.0,0.0,0.0,13.0,70.0,0.0,0.0,0.0,163.0,0.0,98980.0
2025-03-14 00:00:00,25.8572722166344,21.8532423549582,0.0,2.2328571428571427,10.8,81,13,7.9,202,13.1,16.1,15.6,0.0,0.0,0.0,11.0,80.0,0.0,0.0,2.0,162.0,0.0,98940.0
2025-03-14 01:00:00,25.6054562148703,21.8289594881201,0.0,2.230595238095238,11.4,84,42,6.4,187,13.7,16.1,15.6,0.0,0.0,0.0,11.0,81.0,0.0,0.0,0.0,169.0,0.0,98890.0
2025-03-14 02:00:00,25.8076430924732,21.9456262191288,0.0,2.228333333333333,10.6,89,94,8.3,212,13.3,16.0,15.6,0.0,0.0,0.0,11.0,82.0,0.0,0.0,0.0,192.0,0.0,98880.0
2025-03-14 03:00:00,25.7709048010326,21.8344277286475,0.0,2.2260714285714283,10.9,87,66,6.2,205,13.2,15.8,15.6,0.0,0.0,0.0,11.0,81.0,0.0,0.0,1.0,258.0,0.0,98850.0
2025-03-14 04:00:00,25.5118795939789,21.9185190991983,0.0,2.2238095238095235,11.3,85,97,3.6,255,13.0,15.6,15.6,0.0,0.0,0.0,11.0,83.0,0.0,0.0,0.0,228.0,0.0,98800.0
2025-03-14 05:00:00,25.667352298098,21.7473859942887,0.0,2.2215476190476187,11.4,86,100,4.2,228,12.9,15.4,15.6,0.0,0.0,0.0,12.0,81.0,0.0,0.0,1.0,258.0,0.0,98850.0
2025-03-14 06:00:00,25.634259300824,21.8878766677308,0.0,2.219285714285714,13.0,74,50,10.4,204,12.9,15.3,15.6,0.0,0.0,0.02,11.0,89.0,0.0,0.0,0.0,54.0,3.0,98810.0
2025-03-14 07:00:00,25.6801551101971,21.9002227957821,0.0,2.2170238095238095,13.7,67,39,27.4,225,12.9,15.1,15.6,0.5,0.5,0.09,14.0,70.0,0.0,0.0,4.0,246.0,0.0,98830.0
2025-03-14 08:00:00,25.6540833354836,21.7536167756655,0.0,2.2147619047619047,15.0,60,19,33.8,223,13.3,15.0,15.6,0.0,0.0,0.15,14.0,58.0,2808.0,0.0,6.0,240.0,0.0,98860.0
2025-03-14 09:00:00,25.6491915132968,21.7852628922103,0.0,2.2125,16.6,54,10,30.7,223,14.4,14.9,15.6,0.0,0.0,0.24,16.0,53.0,17808.0,1.0,8.0,252.0,0.0,98880.0
2025-03-14 10:00:00,25.5853249548293,21.7001928690291,0.0,2.210238095238095,17.9,48,46,33.2,229,15.6,15.0,15.6,0.0,0.0,0.34,17.0,52.0,44542.0,4.0,7.0,216.0,0.0,98960.0
2025-03-14 11:00:00,25.3794265550685,21.5572105920328,0.0,2.2079761904761903,18.8,44,21,35.8,230,16.9,15.1,15.6,0.0,0.0,0.42,18.0,43.0,68628.0,5.0,9.0,249.0,0.0,98950.0
2025-03-14 12:00:00,25.3986043346786,21.5084121952286,0.0,2.2057142857142855,19.1,44,29,36.5,227,17.7,15.2,15.6,0.0,0.0,0.42,19.0,42.0,85757.0,7.0,10.0,256.0,0.0,98930.0
2025-03-14 13:00:00,25.4118535924439,21.3941519063734,0.0,2.2034523809523807,20.0,39,50,36.7,241,18.8,15.6,15.6,0.0,0.0,0.46,20.0,40.0,96149.0,6.0,8.0,259.0,0.0,98930.0
2025-03-14 14:00:00,25.3007194434324,21.2431476735498,0.0,2.201190476190476,20.3,41,80,33.6,245,19.2,15.8,15.6,0.1,0.1,0.45,20.0,42.0,44391.0,3.0,10.0,250.0,0.0,98920.0
2025-03-14 15:00:00,25.4520685731697,21.1403081468932,0.0,2.198928571428571,19.6,42,91,28.3,248,19.2,16.0,15.6,0.1,0.1,0.37,20.0,45.0,29102.0,2.0,5.0,232.0,0.0,98900.0
2025-03-14 16:00:00,25.3246086090755,20.9161324870323,0.0,2.1966666666666663,18.5,47,70,19.2,258,18.8,16.2,15.6,0.0,0.0,0.25,19.0,44.0,32820.0,1.0,8.0,293.0,0.0,98990.0
2025-03-14 17:00:00,25.2619673657481,21.1036897170559,0.0,2.1944047619047615,17.7,50,87,15.7,249,18.3,16.3,15.6,0.0,0.0,0.19,19.0,45.0,42871.0,2.0,6.0,238.0,0.0,99060.0
2025-03-14 18:00:00,25.2477862121993,21.132871752108,0.0,2.1921428571428567,16.2,55,99,10.1,245,17.4,16.4,15.6,0.0,0.0,0.09,16.0,64.0,9409.0,1.0,4.0,288.0,0.0,99190.0
2025-03-14 19:00:00,25.1244335688829,21.0130384655218,0.0,2.1898809523809524,15.1,58,100,13.5,237,16.5,16.4,15.6,0.0,0.0,0.08,17.0,53.0,863.0,0.0,3.0,258.0,0.0,99290.0
2025-03-14 20:00:00,24.9526668342998,20.9612812514753,0.0,2.1876190476190476,14.4,60,93,16.6,233,15.8,16.4,15.6,0.0,0.0,0.06,15.0,59.0,0.0,0.0,2.0,264.0,0.0,99370.0
2025-03-14 21:00:00,25.1710703374835,20.9490038819582,0.0,2.1853571428571428,13.8,64,54,17.1,233,15.3,16.3,15.6,0.0,0.0,0.06,15.0,62.0,0.0,0.0,3.0,246.0,0.0,99500.0
2025-03-14 22:00:00,25.2430758358939,21.0090536953661,0.0,2.183095238095238,12.7,69,5,11.3,243,14.7,16.2,15.6,0.0,0.0,0.03,14.0,79.0,0.0,0.0,0.0,324.0,0.0,99600.0
2025-03-14 23:00:00,25.1933162494572,20.9864899343385,0.0,2.180833333333333,12.3,72,2,14.2,231,14.1,16.1,15.6,0.0,0.0,0.03,13.0,84.0,0.0,0.0,0.0,152.0,0.0,99650.0
2025-03-15 00:00:00,25.0779444075,20.9994403540761,0.0,2.1785714285714284,12.6,68,3,20.6,220,13.8,15.9,15.6,0.0,0.0,0.05,12.0,83.0,0.0,0.0,2.0,329.0,0.0,99720.0
2025-03-15 01:00:00,25.0943238481931,21.053209741516,0.0,2.1763095238095236,12.3,77,22,14.3,224,13.9,15.7,15.6,0.2,0.2,0.02,14.0,71.0,0.0,0.0,2.0,282.0,0.0,99750.0
2025-03-15 02:00:00,25.045896569104,21.0249767035702,0.0,2.174047619047619,12.4,68,17,16.9,223,13.3,15.6,15.6,0.0,0.0,0.05,12.0,81.0,0.0,0.0,0.0,276.0,0.0,99820.0
2025-03-15 03:00:00,25.2694896525017,20.9745922510817,0.0,2.171785714285714,12.1,68,7,15.2,222,13.0,15.4,15.6,0.0,0.0,0.04,11.0,81.0,0.0,0.0,1.0,252.0,0.0,99840.0
2025-03-15 04:00:00,25.0184961820006,21.0552860521323,0.0,2.169523809523809,11.3,72,8,12.4,224,12.6,15.2,15.6,0.0,0.0,0.03,12.0,78.0,0.0,0.0,2.0,276.0,0.0,99890.0
2025-03-15 05:00:00,25.0072735394598,21.1547416694199,0.0,2.1672619047619044,11.2,74,8,11.7,223,12.3,15.1,15.6,0.0,0.0,0.02,12.0,79.0,0.0,0.0,2.0,288.0,0.0,99920.0
2025-03-15 06:00:00,25.0111971908634,21.0551998433082,0.0,2.1649999999999996,11.2,74,3,13.8,220,12.2,14.9,15.6,0.0,0.0,0.03,12.0,77.0,0.0,0.0,2.0,285.0,0.0,100000.0
2025-03-15 07:00:00,24.7560042052953,21.0458170473069,0.0,2.1627380952380952,11.7,73,4,13.8,220,12.1,14.8,15.6,0.0,0.0,0.05,12.0,76.0,0.0,0.0,2.0,270.0,0.0,100100.0
2025-03-15 08:00:00,25.0296002862094,21.005170335134,0.0,2.1604761904761904,13.8,68,19,13.6,227,12.8,14.6,15.6,0.0,0.0,0.1,11.0,80.0,5357.0,0.0,0.0,264.0,0.0,100180.0
2025-03-15 09:00:00,24.9234235204583,21.0484548330279,0.0,2.1582142857142856,15.4,62,26,15.5,245,14.0,14.6,15.6,0.0,0.0,0.19,14.0,71.0,27427.0,1.0,4.0,312.0,0.0,100280.0
2025-03-15 10:00:00,25.0001751950971,20.9446167541711,0.0,2.155952380952381,16.7,56,34,16.0,254,15.4,14.6,15.6,0.2,0.2,0.29,15.0,59.0,63777.0,4.0,6.0,276.0,0.0,100370.0
2025-03-15 11:00:00,24.7252457391441,20.7066933679857,0.0,2.153690476190476,17.4,56,35,15.4,258,16.5,14.7,15.6,0.0,0.0,0.33,16.0,58.0,20804.0,1.0,2.0,288.0,0.0,100440.0
2025-03-15 12:00:00,25.064547388457,20.822552534959,0.0,2.1514285714285712,18.5,52,89,12.2,266,17.9,14.9,15.6,0.1,0.1,0.42,17.0,54.0,22640.0,1.0,2.0,258.0,0.0,100450.0
2025-03-15 13:00:00,24.789550563282,20.6457170281811,0.0,2.1491666666666664,16.5,66,60,10.6,327,18.4,15.3,15.6,1.8,1.8,0.37,15.0,68.0,15908.0,1.0,3.0,343.0,0.0,100460.0
2025-03-15 14:00:00,24.8685798611839,20.66345030469,0.0,2.1469047619047616,16.1,65,94,10.0,336,17.9,15.4,15.6,4.7,4.7,0.31,16.0,64.0,76790.0,6.0,3.0,10.0,0.0,100410.0
2025-03-15 15:00:00,24.8404247714658,20.631180042049,0.0,2.144642857142857,15.5,68,35,9.9,18,17.5,15.6,15.6,0.1,0.1,0.22,16.0,65.0,65710.0,4.0,5.0,6.0,0.0,100400.0
2025-03-15 16:00:00,24.8755531907583,20.4591525879274,0.0,2.142380952380952,15.9,66,49,5.4,349,17.7,15.7,15.6,0.0,0.0,0.22,16.0,68.0,20723.0,1.0,4.0,10.0,0.0,100450.0
2025-03-15 17:00:00,24.6828353484371,20.4294155493913,0.0,2.1401190476190473,15.5,67,86,6.8,318,17.3,15.8,15.6,0.0,0.0,0.13,15.0,70.0,23595.0,1.0,3.0,1.0,0.0,100500.0
2025-03-15 18:00:00,24.7844441915057,20.5907867333737,0.0,2.1378571428571425,14.3,77,86,1.2,320,16.5,15.9,15.6,0.0,0.0,0.03,15.0,68.0,6939.0,0.0,4.0,324.0,0.0,100540.0
2025-03-15 19:00:00,24.785977080322,20.5621099589144,0.0,2.135595238095238,13.1,80,73,3.4,184,15.5,15.9,15.6,0.0,0.0,0.02,15.0,71.0,584.0,0.0,0.0,324.0,0.0,100600.0
2025-03-15 20:00:00,24.7226376752829,20.3432001948801,0.0,2.1333333333333333,12.8,86,43,5.8,191,14.9,15.8,15.6,0.0,0.0,0.0,13.0,77.0,0.0,0.0,0.0,172.0,0.0,100680.0
2025-03-15 21:00:00,24.7164197434256,20.344230113951,0.0,2.1310714285714285,11.8,87,38,6.0,203,14.2,15.8,15.6,0.0,0.0,0.0,12.0,81.0,0.0,0.0,0.0,204.0,0.0,100740.0
2025-03-15 22:00:00,24.800769112836,20.3158650572516,0.0,2.1288095238095237,11.2,80,22,7.3,212,13.6,15.6,15.6,0.0,0.0,0.0,10.0,84.0,0.0,0.0,0.0,174.0,0.0,100760.0
2025-03-15 23:00:00,24.813245296232,20.2927837396126,0.0,2.126547619047619,10.7,77,14,7.4,217,13.0,15.5,15.6,0.0,0.0,0.01,10.0,85.0,0.0,0.0,0.0,228.0,0.0,100840.0
2025-03-16 00:00:00,24.6402261722022,20.3359301476055,0.0,2.124285714285714,10.0,79,7,5.8,226,12.5,15.3,15.6,0.0,0.0,0.0,9.0,86.0,0.0,0.0,0.0,192.0,0.0,100830.0
2025-03-16 01:00:00,24.6919701720444,20.3502224818848,0.0,2.1220238095238093,9.5,86,27,3.1,244,12.4,15.1,15.6,0.0,0.0,0.0,8.0,88.0,0.0,0.0,1.0,186.0,0.0,100810.0
2025-03-16 02:00:00,24.4898525058593,20.3343843675458,0.0,2.1197619047619045,9.0,89,94,4.0,200,11.9,14.9,15.6,0.0,0.0,0.0,8.0,86.0,0.0,0.0,0.0,198.0,0.0,100830.0
2025-03-16 03:00:00,24.772388471175,20.477493616272,0.0,2.1174999999999997,8.3,92,7,4.5,183,11.5,14.7,15.6,0.0,0.0,0.0,7.0,91.0,0.0,0.0,0.0,198.0,0.0,100810.0
2025-03-16 04:00:00,24.5773867475553,20.2600816171593,0.0,2.115238095238095,8.0,93,87,6.5,201,11.1,14.5,15.6,0.0,0.0,0.0,6.0,90.0,0.0,0.0,1.0,174.0,0.0,100740.0
2025-03-16 05:00:00,24.7881346607082,20.3938544809438,0.0,2.11297619047619,8.2,89,54,7.3,216,10.8,14.3,15.6,0.0,0.0,0.0,7.0,93.0,0.0,0.0,0.0,186.0,0.0,100730.0
2025-03-16 06:00:00,24.7622610587506,20.4830220274707,0.0,2.1107142857142853,8.6,85,72,7.8,210,10.6,14.1,15.6,0.0,0.0,0.0,7.0,91.0,0.0,0.0,1.0,210.0,0.0,100750.0
2025-03-16 07:00:00,24.6908604843263,20.5804342559328,0.0,2.108452380952381,10.4,78,29,11.6,213,10.6,13.9,15.6,0.0,0.0,0.03,9.0,84.0,331.0,0.0,1.0,210.0,0.0,100770.0
2025-03-16 08:00:00,24.597627474728,20.6235018395027,0.0,2.106190476190476,14.1,66,0,14.6,220,11.7,13.7,15.6,0.0,0.0,0.11,10.0,85.0,7197.0,0.0,1.0,216.0,0.0,100780.0
2025-03-16 09:00:00,24.6569199743122,20.510470688697,0.0,2.1039285714285714,16.7,58,16,19.4,230,13.3,13.7,15.5,0.0,0.0,0.23,12.0,81.0,26018.0,1.0,3.0,270.0,0.0,100840.0
2025-03-16 10:00:00,24.5848810195359,20.4799013674022,0.0,2.1016666666666666,17.9,53,13,20.5,237,14.9,13.8,15.5,0.0,0.0,0.33,15.0,70.0,49975.0,4.0,4.0,294.0,0.0,100870.0
2025-03-16 11:00:00,24.5092676033563,20.2519482454661,0.0,2.0994047619047618,18.8,48,13,20.2,240,16.4,13.9,15.5,0.0,0.0,0.42,17.0,59.0,74541.0,7.0,3.0,278.0,0.0,100840.0
2025-03-16 12:00:00,24.4269391336892,20.4131853367276,0.0,2.097142857142857,19.7,45,58,20.2,244,17.6,14.2,15.5,0.0,0.0,0.46,19.0,44.0,88248.0,8.0,5.0,267.0,0.0,100790.0
2025-03-16 13:00:00,24.296821090309,20.0727316880569,0.0,2.094880952380952,20.5,43,44,18.2,250,18.5,14.3,15.5,0.0,0.0,0.43,20.0,40.0,92540.0,7.0,7.0,253.0,0.0,100730.0
2025-03-16 14:00:00,24.3258673923846,19.9405894145695,0.0,2.0926190476190474,20.7,41,74,12.6,270,19.1,14.6,15.5,0.0,0.0,0.42,20.0,40.0,90068.0,5.0,5.0,272.0,0.0,100670.0
2025-03-16 15:00:00,24.0999666303888,19.8647011615003,0.0,2.0903571428571426,19.5,48,53,11.4,339,19.4,14.9,15.5,0.0,0.0,0.36,19.0,45.0,16604.0,2.0,5.0,24.0,0.0,100630.0
2025-03-16 16:00:00,24.2878185804136,19.8111733713472,0.0,2.088095238095238,17.8,52,4,14.8,13,19.0,15.2,15.5,0.0,0.0,0.27,18.0,49.0,49171.0,4.0,3.0,33.0,0.0,100630.0
2025-03-16 17:00:00,24.1318346037178,19.6931138279578,0.0,2.085833333333333,16.0,54,28,10.3,38,18.2,15.5,15.5,0.0,0.0,0.18,18.0,51.0,25561.0,1.0,4.0,43.0,0.0,100660.0
2025-03-16 18:00:00,24.1356690468427,19.7991880218497,0.0,2.083571428571428,14.2,68,1,4.6,75,16.9,15.6,15.5,0.0,0.0,0.05,17.0,54.0,5994.0,0.0,3.0,72.0,0.0,100730.0
2025-03-16 19:00:00,24.2656101737963,19.6210021936989,0.0,2.081309523809524,12.5,71,3,4.8,87,15.4,15.6,15.5,0.0,0.0,0.03,14.0,65.0,279.0,0.0,1.0,78.0,0.0,100720.0
2025-03-16 20:00:00,24.0568867075008,19.6956583532942,0.0,2.079047619047619,12.1,73,2,2.3,65,14.2,15.6,15.5,0.0,0.0,0.0,13.0,69.0,0.0,0.0,1.0,148.0,0.0,100730.0
2025-03-16 21:00:00,24.1136208973449,19.8414188909635,0.0,2.0767857142857142,12.1,72,3,1.0,52,13.3,15.4,15.5,0.0,0.0,0.0,12.0,71.0,0.0,0.0,2.0,104.0,0.0,100760.0
2025-03-16 22:00:00,24.0615080132202,19.5638559251012,0.0,2.0745238095238094,11.8,73,30,1.1,45,12.5,15.3,15.5,0.0,0.0,0.0,10.0,76.0,0.0,0.0,0.0,175.0,0.0,100740.0
2025-03-16 23:00:00,24.0769584820157,19.632311331189,0.0,2.0722619047619046,11.1,75,32,1.9,81,11.9,15.1,15.5,0.0,0.0,0.0,9.0,78.0,0.0,0.0,1.0,174.0,0.0,100700.0
2025-03-17 00:00:00,23.9678052219199,19.5012733926223,0.0,2.07,10.6,76,9,0.2,59,11.4,14.9,15.5,0.0,0.0,0.0,8.0,83.0,0.0,0.0,0.0,165.0,0.0,100670.0
2025-03-17 01:00:00,24.0120052790818,19.72599349582,0.0,2.067738095238095,9.8,80,20,3.5,205,12.2,14.7,15.5,0.0,0.0,0.0,9.0,83.0,0.0,0.0,0.0,192.0,0.0,100620.0
2025-03-17 02:00:00,23.9943834120706,19.7380757299731,0.0,2.0654761904761902,9.0,85,83,4.3,224,11.7,14.6,15.5,0.0,0.0,0.0,10.0,83.0,0.0,0.0,1.0,246.0,0.0,100610.0
2025-03-17 03:00:00,23.9804428894351,19.7233075809405,0.0,2.0632142857142854,9.7,82,31,4.5,232,11.6,14.4,15.5,0.0,0.0,0.0,9.0,84.0,0.0,0.0,0.0,234.0,0.0,100520.0
2025-03-17 04:00:00,23.9170727662258,19.5958226259156,0.0,2.0609523809523806,9.1,85,70,3.2,207,11.3,14.2,15.5,0.0,0.0,0.0,10.0,81.0,0.0,0.0,0.0,192.0,0.0,100430.0
2025-03-17 05:00:00,23.9818725620877,19.4686229134937,0.0,2.058690476190476,9.5,83,83,3.2,228,11.2,14.1,15.5,0.0,0.0,0.0,11.0,78.0,0.0,0.0,2.0,179.0,0.0,100390.0
2025-03-17 06:00:00,23.9318464821081,19.5903441097312,0.0,2.056428571428571,9.4,84,12,1.5,297,11.0,13.9,15.5,0.0,0.0,0.0,11.0,76.0,0.0,0.0,1.0,192.0,0.0,100330.0
2025-03-17 07:00:00,24.0009493041537,19.7685016359957,0.0,2.0541666666666667,9.7,83,1,3.2,192,10.9,13.7,15.5,0.0,0.0,0.01,11.0,74.0,841.0,0.0,0.0,186.0,0.0,100290.0
2025-03-17 08:00:00,23.917624271117,19.6438963981174,0.0,2.051904761904762,13.7,78,0,4.9,220,11.9,13.6,15.4,0.0,0.0,0.08,13.0,70.0,8267.0,0.0,2.0,216.0,0.0,100300.0
2025-03-17 09:00:00,23.8461967609653,19.5706391861953,0.0,2.049642857142857,17.9,61,0,4.0,248,13.8,13.6,15.4,0.0,0.0,0.21,17.0,60.0,35272.0,2.0,4.0,329.0,0.0,100270.0
2025-03-17 10:00:00,23.7617778598281,19.4863157583561,0.0,2.0473809523809523,20.2,51,6,4.9,258,15.9,13.7,15.4,0.0,0.0,0.34,18.0,56.0,24048.0,2.0,3.0,273.0,0.0,100300.0
2025-03-17 11:00:00,23.9625106499731,19.4075187906498,0.0,2.0451190476190475,22.0,47,11,7.0,266,17.9,14.0,15.4,0.0,0.0,0.44,20.0,52.0,48258.0,4.0,2.0,264.0,0.0,100280.0
2025-03-17 12:00:00,23.6827324750508,19.8957356904726,24.480487559883414,2.0428571428571427,23.4,39,86,12.6,266,19.4,14.3,15.4,0.0,0.0,0.53,24.0,41.0,44606.0,4.0,3.0,271.0,0.0,100220.0
2025-03-17 13:00:00,23.8778685991456,23.1197658776788,0.0,2.040595238095238,24.7,35,9,11.1,260,20.7,14.7,15.4,0.0,0.0,0.56,23.0,33.0,39964.0,4.0,4.0,306.0,0.0,100140.0
2025-03-17 14:00:00,23.6643251978661,23.4887511118813,0.0,2.038333333333333,23.2,45,43,9.4,1,21.4,15.1,15.4,0.0,0.0,0.47,24.0,34.0,29140.0,3.0,3.0,289.0,0.0,100020.0
2025-03-17 15:00:00,23.8348901562874,23.3682949018179,0.0,2.0360714285714283,21.3,54,46,16.0,40,21.3,15.5,15.4,0.0,0.0,0.37,24.0,34.0,21943.5,2.5,3.0,280.0,0.0,99975.0
2025-03-17 16:00:00,23.8132478456874,23.3197026667828,0.0,2.0338095238095235,19.8,55,41,12.6,31,20.7,15.8,15.4,0.0,0.0,0.26,24.0,34.0,14747.0,2.0,3.0,271.0,0.0,99930.0
2025-03-17 17:00:00,24.0782771697816,23.3094676024487,0.0,2.0315476190476187,18.1,59,73,12.0,36,19.8,16.1,15.4,0.0,0.0,0.18,22.0,44.0,46853.0,3.0,5.0,30.0,0.0,99940.0
2025-03-17 18:00:00,24.3694320374895,23.2408611077391,0.0,2.029285714285714,16.5,67,75,7.3,70,18.5,16.3,15.4,0.0,0.0,0.06,20.0,46.0,14740.0,1.0,5.0,13.0,0.0,99980.0
2025-03-17 19:00:00,24.3910290330184,23.0273157813075,0.0,2.0270238095238096,14.8,77,10,4.0,44,17.1,16.4,15.4,0.0,0.0,0.03,19.0,49.0,7678.0,0.0,2.0,96.0,0.0,100030.0
2025-03-17 20:00:00,24.4367500969107,22.9708314264495,0.0,2.0247619047619048,13.9,80,29,1.0,48,15.8,16.3,15.4,0.0,0.0,0.0,16.0,57.0,57.0,0.0,1.0,90.0,0.0,100080.0
2025-03-17 21:00:00,24.6009637632387,22.9956800224513,0.0,2.0225,13.2,81,1,1.5,53,14.8,16.2,15.4,0.0,0.0,0.0,15.0,65.0,0.0,0.0,0.0,42.0,0.0,100110.0
2025-03-17 22:00:00,24.7847691134747,22.8078567143539,0.0,2.020238095238095,12.6,82,5,3.6,229,14.0,16.1,15.4,0.0,0.0,0.0,13.0,74.0,0.0,0.0,0.0,86.0,0.0,100150.0
2025-03-17 23:00:00,24.800839514489,22.8753196842898,0.0,2.0179761904761904,11.8,86,29,6.0,254,13.5,16.0,15.4,0.0,0.0,0.0,12.0,82.0,0.0,0.0,0.0,176.0,0.0,100150.0
2025-03-18 00:00:00,24.8653562979099,22.9002584091427,0.0,2.0157142857142856,11.3,87,29,5.0,259,13.1,15.8,15.4,0.0,0.0,0.0,11.0,86.0,0.0,0.0,0.0,188.0,0.0,100120.0
2025-03-18 01:00:00,24.8525538873704,22.9623869503741,0.0,2.0134523809523808,12.1,80,93,5.2,207,13.6,15.5,15.4,0.0,0.0,0.0,11.0,87.0,0.0,0.0,0.0,186.0,0.0,100110.0
2025-03-18 02:00:00,24.9866717055815,22.9575115549169,0.0,2.011190476190476,11.4,83,94,5.8,216,13.1,15.4,15.4,0.0,0.0,0.0,11.0,88.0,0.0,0.0,1.0,177.0,0.0,100080.0
2025-03-18 03:00:00,24.8699835077327,22.8053166110868,0.0,2.008928571428571,11.7,80,54,9.6,226,12.8,15.3,15.4,0.0,0.0,0.01,12.0,85.0,0.0,0.0,2.0,204.0,0.0,100020.0
2025-03-18 04:00:00,25.128663456921,22.9487558406167,0.0,2.0066666666666664,14.5,67,53,16.0,222,13.0,15.1,15.4,0.0,0.0,0.05,11.0,90.0,0.0,0.0,1.0,167.0,0.0,100040.0
2025-03-18 05:00:00,25.1667849974967,22.892325609108,0.0,2.0044047619047616,16.2,54,30,23.4,221,13.4,15.0,15.4,0.0,0.0,0.11,10.0,92.0,0.0,0.0,2.0,174.0,0.0,100050.0
2025-03-18 06:00:00,25.0168386538124,22.819841205271,0.0,2.002142857142857,16.0,54,53,25.6,221,13.8,14.9,15.4,0.0,0.0,0.11,14.0,70.0,0.0,0.0,3.0,270.0,0.0,100000.0
2025-03-18 07:00:00,25.1220157599451,22.7630660528726,0.0,1.9998809523809522,15.9,57,92,30.4,218,14.1,14.9,15.4,0.0,0.0,0.13,16.0,57.0,0.0,0.0,4.0,264.0,0.0,100090.0
2025-03-18 08:00:00,25.0559760129137,22.8018244890308,0.0,1.9976190476190474,16.8,57,88,28.2,218,14.6,14.9,15.4,0.0,0.0,0.16,17.0,50.0,2876.0,0.0,5.0,232.0,0.0,100140.0
2025-03-18 09:00:00,25.2325425272001,22.7656290202571,0.0,1.9953571428571426,18.0,55,39,30.4,219,15.6,14.9,15.4,0.0,0.0,0.26,18.0,53.0,13548.0,0.0,4.0,245.0,0.0,100220.0
2025-03-18 10:00:00,24.8854201714041,22.5695569655276,0.0,1.993095238095238,19.3,49,2,26.9,225,16.8,15.0,15.4,0.0,0.0,0.36,19.0,50.0,19644.0,2.0,6.0,219.0,0.0,100310.0
2025-03-18 11:00:00,25.2204798646945,22.6810207200317,0.0,1.9908333333333332,20.3,47,13,23.8,237,18.1,15.1,15.4,0.0,0.0,0.44,20.0,48.0,65397.0,5.0,5.0,282.0,0.0,100380.0
2025-03-18 12:00:00,24.7827060634839,22.493962405032,0.0,1.9885714285714284,21.5,44,27,23.3,245,19.2,15.4,15.4,0.0,0.0,0.48,21.0,44.0,80718.0,8.0,3.0,246.0,0.0,100400.0
2025-03-18 13:00:00,25.0203991625008,22.3401267454277,0.0,1.9863095238095236,22.2,42,27,14.6,263,20.3,15.7,15.4,0.0,0.0,0.47,22.0,39.0,87432.0,8.0,3.0,246.0,0.0,100350.0
2025-03-18 14:00:00,25.0498724473414,22.225781064559,0.0,1.9840476190476188,21.6,44,39,10.3,308,20.7,16.0,15.4,0.0,0.0,0.4,23.0,37.0,104221.0,9.0,3.0,253.0,0.0,100340.0
2025-03-18 15:00:00,25.0124020569381,22.0522029285459,0.0,1.981785714285714,20.0,60,37,14.2,354,20.8,16.3,15.4,0.0,0.0,0.31,19.0,67.0,81734.0,6.0,3.0,74.0,0.0,100310.0
2025-03-18 16:00:00,24.8270693605642,21.9664904334145,0.0,1.9795238095238095,18.9,63,5,13.5,44,20.5,16.5,15.4,0.0,0.0,0.26,20.0,61.0,64496.0,7.0,4.0,19.0,0.0,100300.0
2025-03-18 17:00:00,24.8018580730332,21.9960766012238,0.0,1.9772619047619047,18.2,65,1,11.0,63,19.8,16.7,15.4,0.0,0.0,0.17,20.0,61.0,42547.0,2.0,5.0,4.0,0.0,100300.0
2025-03-18 18:00:00,24.7784993754385,21.8900035336419,0.0,1.9749999999999999,16.4,75,1,8.5,33,18.7,16.8,15.5,0.0,0.0,0.06,19.0,61.0,18028.0,1.0,4.0,54.0,0.0,100390.0
2025-03-18 19:00:00,24.8259609248977,21.8228670331922,0.0,1.972738095238095,14.2,86,5,4.0,40,17.3,16.9,15.5,0.0,0.0,0.02,18.0,57.0,4240.0,0.0,3.0,30.0,0.0,100400.0
2025-03-18 20:00:00,24.7009751912416,21.8218602306111,0.0,1.9704761904761903,13.3,88,2,5.2,76,16.1,16.8,15.5,0.0,0.0,0.0,15.0,71.0,0.0,0.0,1.0,66.0,0.0,100530.0
2025-03-18 21:00:00,24.6375274995175,21.7608737524154,0.0,1.9682142857142855,12.7,89,0,5.3,82,15.2,16.7,15.5,0.0,0.0,0.0,14.0,76.0,0.0,0.0,0.0,130.0,0.0,100620.0
2025-03-18 22:00:00,24.693048770873,21.7363682290672,0.0,1.965952380952381,12.7,86,0,2.3,63,14.4,16.6,15.5,0.0,0.0,0.0,14.0,77.0,0.0,0.0,1.0,132.0,0.0,100610.0
2025-03-18 23:00:00,24.620513670408,21.8678883547507,0.0,1.963690476190476,12.7,84,2,1.5,58,13.7,16.4,15.5,0.0,0.0,0.0,12.0,82.0,0.0,0.0,1.0,108.0,0.0,100680.0
2025-03-19 00:00:00,24.6607982894244,21.6760321109457,0.0,1.9614285714285713,12.7,82,0,1.0,46,13.1,16.2,15.5,0.0,0.0,0.0,13.0,76.0,0.0,0.0,2.0,149.0,0.0,100670.0
2025-03-19 01:00:00,24.66933776559,21.7438082307906,0.0,1.9591666666666665,11.8,81,0,1.4,59,13.1,16.0,15.5,0.0,0.0,0.0,12.0,79.0,0.0,0.0,0.0,124.0,0.0,100650.0
2025-03-19 02:00:00,24.6576260194534,21.7214509644883,0.0,1.9569047619047617,10.3,87,5,1.1,65,12.5,15.8,15.5,0.0,0.0,0.0,10.0,83.0,0.0,0.0,0.0,109.0,0.0,100620.0
2025-03-19 03:00:00,24.7837405386091,21.833714792512,0.0,1.954642857142857,9.4,92,0,1.9,360,12.1,15.6,15.5,0.0,0.0,0.0,10.0,84.0,0.0,0.0,1.0,125.0,0.0,100600.0
2025-03-19 04:00:00,24.597678217067,21.5241506047271,0.0,1.9523809523809523,9.3,93,0,3.2,315,11.9,15.4,15.5,0.0,0.0,0.0,9.0,87.0,0.0,0.0,1.0,178.0,0.0,100550.0
2025-03-19 05:00:00,24.6781298030083,21.6461053574846,0.0,1.9501190476190475,9.0,94,0,4.8,283,11.6,15.2,15.5,0.0,0.0,0.0,8.0,89.0,0.0,0.0,1.0,186.0,0.0,100530.0
2025-03-19 06:00:00,24.6300122826978,21.7230754867347,0.0,1.9478571428571427,8.9,92,4,4.0,283,11.4,14.9,15.5,0.0,0.0,0.0,8.0,90.0,0.0,0.0,0.0,162.0,0.0,100500.0
2025-03-19 07:00:00,24.7779144372525,21.7865073879136,0.0,1.945595238095238,9.9,88,8,4.8,283,11.4,14.7,15.5,0.0,0.0,0.01,8.0,91.0,0.0,0.0,0.0,198.0,0.0,100500.0
2025-03-19 08:00:00,24.7042211786064,21.6635940967805,0.0,1.9433333333333331,14.3,77,1,4.2,305,12.5,14.6,15.5,0.0,0.0,0.08,9.0,90.0,3429.0,0.0,2.0,234.0,0.0,100540.0
2025-03-19 09:00:00,24.7800063607574,21.8460826678693,0.0,1.9410714285714283,17.7,64,96,5.0,351,14.4,14.5,15.5,0.0,0.0,0.21,13.0,82.0,15953.0,1.0,0.0,270.0,0.0,100540.0
2025-03-19 10:00:00,24.6175979204308,21.4378134464995,0.0,1.9388095238095238,20.0,57,83,8.3,356,16.5,14.6,15.5,0.0,0.0,0.34,16.0,67.0,43084.0,3.0,0.0,251.0,0.0,100530.0
2025-03-19 11:00:00,24.519403751906,21.4501485001911,0.0,1.936547619047619,21.5,52,93,11.9,3,18.3,14.8,15.5,0.0,0.0,0.44,19.0,58.0,66260.0,5.0,0.0,72.0,0.0,100470.0
2025-03-19 12:00:00,24.5043789146358,21.3899304586911,0.0,1.9342857142857142,22.1,53,100,14.6,11,19.7,15.1,15.5,0.0,0.0,0.48,21.0,51.0,63679.0,5.0,3.0,30.0,0.0,100390.0
2025-03-19 13:00:00,24.4698690588764,21.2839935079242,0.0,1.9320238095238094,20.7,53,100,19.2,18,20.1,15.3,15.5,0.0,0.0,0.45,21.0,56.0,71416.0,5.0,4.0,358.0,0.0,100350.0
2025-03-19 14:00:00,24.3731901112224,21.0311765376233,0.0,1.9297619047619046,19.7,58,100,17.6,32,20.3,15.6,15.5,0.0,0.0,0.37,21.0,53.0,79456.0,7.0,4.0,53.0,0.0,100240.0
2025-03-19 15:00:00,24.3782502997434,20.9670821540248,0.0,1.9274999999999998,19.5,62,100,17.6,40,20.3,15.8,15.5,0.0,0.0,0.3,21.0,59.0,38936.0,2.0,3.0,2.0,0.0,100130.0
2025-03-19 16:00:00,24.2295720523275,20.9560547247551,0.0,1.9252380952380952,19.1,66,100,14.0,39,20.0,16.1,15.5,0.0,0.0,0.22,20.0,58.0,28632.0,2.0,4.0,111.0,0.0,100050.0
2025-03-19 17:00:00,24.266714230824,20.9586717269016,0.0,1.9229761904761904,18.1,72,100,11.4,29,19.4,16.3,15.5,0.0,0.0,0.14,19.0,67.0,22612.0,1.0,3.0,26.0,0.0,100020.0
2025-03-19 18:00:00,24.2809444570274,21.0306016770517,0.0,1.9207142857142856,16.4,81,83,7.2,8,18.4,16.4,15.5,0.0,0.0,0.05,19.0,69.0,14616.0,1.0,2.0,13.0,0.0,100000.0
2025-03-19 19:00:00,24.1786887622632,20.8481815965319,0.0,1.9184523809523808,14.5,90,35,4.4,333,17.1,16.5,15.5,0.0,0.0,0.02,18.0,77.0,3134.0,0.0,2.0,24.0,0.0,99990.0
2025-03-19 20:00:00,24.1660364483448,20.7851037943124,0.0,1.916190476190476,13.3,93,11,4.5,310,16.1,16.5,15.5,0.0,0.0,0.0,15.0,86.0,0.0,0.0,3.0,341.0,0.0,100010.0
2025-03-19 21:00:00,24.1516231441023,20.7679774936472,0.0,1.9139285714285712,12.9,90,91,3.5,288,15.0,16.4,15.5,0.0,0.0,0.0,14.0,90.0,0.0,0.0,1.0,24.0,0.0,100020.0
2025-03-19 22:00:00,24.3006473306688,20.8053503066997,0.0,1.9116666666666666,12.5,86,100,4.9,261,14.3,16.3,15.5,0.0,0.0,0.0,12.0,92.0,0.0,0.0,1.0,204.0,0.0,100060.0
2025-03-19 23:00:00,24.1689802316592,20.6545079148179,0.0,1.9094047619047618,12.7,82,99,2.6,203,13.8,16.1,15.5,0.0,0.0,0.0,12.0,93.0,0.0,0.0,0.0,217.0,0.0,100040.0
2025-03-20 00:00:00,24.1811186561643,20.9166182445354,0.0,1.907142857142857,13.2,78,99,1.3,187,13.3,16.0,15.5,0.0,0.0,0.0,11.0,94.0,0.0,0.0,1.0,163.0,0.0,100040.0
2025-03-20 01:00:00,23.9444884371615,20.6677031884106,0.0,1.9048809523809522,13.4,90,97,1.9,220,14.6,15.9,15.5,0.0,0.0,0.0,11.0,94.0,0.0,0.0,0.0,192.0,0.0,100000.0
2025-03-20 02:00:00,24.0205142013677,21.0082980467605,0.0,1.9026190476190474,14.0,83,93,4.3,186,14.1,15.8,15.5,0.0,0.0,0.0,11.0,95.0,0.0,0.0,0.0,108.0,0.0,99930.0
2025-03-20 03:00:00,23.976691301071,20.7892406310444,0.0,1.9003571428571426,16.6,43,90,11.8,184,13.8,15.7,15.5,0.0,0.0,0.08,11.0,96.0,0.0,0.0,1.0,349.0,0.0,99870.0
2025-03-20 04:00:00,23.9955195718671,20.7894142367765,0.0,1.898095238095238,21.6,22,97,25.2,186,14.4,15.6,15.5,0.0,0.0,0.25,14.0,70.0,0.0,0.0,4.0,312.0,0.0,99780.0
2025-03-20 05:00:00,24.092718657429,20.5828232513079,0.0,1.8958333333333333,22.3,20,100,27.3,186,15.3,15.5,15.5,0.0,0.0,0.27,18.0,43.0,0.0,0.0,3.0,288.0,0.0,99760.0
2025-03-20 06:00:00,24.3561225730655,20.4997764473761,0.0,1.8935714285714285,22.0,20,97,20.6,187,15.9,15.6,15.5,0.0,0.0,0.22,20.0,33.0,0.0,0.0,3.0,295.0,0.0,99870.0
2025-03-20 07:00:00,24.1732484783874,20.5190390965033,0.0,1.8913095238095237,18.5,41,99,4.6,212,15.6,15.6,15.5,0.0,0.0,0.05,22.0,26.0,0.0,0.0,3.0,249.0,0.0,100010.0
2025-03-20 08:00:00,24.0489286512322,20.4406282106466,0.0,1.8890476190476189,19.6,47,88,5.8,276,16.1,15.6,15.5,0.0,0.0,0.12,15.0,88.0,6051.0,0.0,2.0,90.0,0.0,100150.0
2025-03-20 09:00:00,23.9692624068026,20.578272412561,0.0,1.886785714285714,22.1,48,87,2.4,274,17.5,15.7,15.5,0.0,0.0,0.24,17.0,77.0,21446.0,1.0,2.0,70.0,0.0,100310.0
2025-03-20 10:00:00,24.0458750058827,20.5474997778045,0.0,1.8845238095238095,24.2,42,49,4.5,355,19.3,15.8,15.5,0.0,0.0,0.38,21.0,55.0,48703.0,3.0,2.0,150.0,0.0,100380.0
2025-03-20 11:00:00,24.0007954404657,20.4895049161783,0.0,1.8822619047619047,24.8,44,15,9.7,357,20.9,16.1,15.5,0.0,0.0,0.5,23.0,51.0,67431.0,5.0,1.0,56.0,0.0,100360.0
2025-03-20 12:00:00,23.7040702799825,20.1064735169563,0.0,1.88,24.5,49,11,13.0,357,22.1,16.4,15.5,0.0,0.0,0.54,24.0,45.0,83296.0,6.0,0.0,42.0,0.0,100320.0
2025-03-20 13:00:00,23.683840924291,20.0131404012511,0.0,1.8801785714285713,23.0,48,0,14.9,25,22.3,16.6,15.5,0.0,0.0,0.53,24.0,48.0,90574.0,7.0,4.0,12.0,0.0,100250.0
2025-03-20 14:00:00,23.6337008427037,19.8268767435203,0.0,1.8803571428571428,22.3,53,2,15.2,50,22.7,16.9,15.5,0.0,0.0,0.49,22.0,60.0,86741.0,6.0,4.0,42.0,0.0,100150.0
2025-03-20 15:00:00,23.5565095818129,19.6823620966281,0.0,1.8805357142857142,21.8,55,0,13.4,52,22.7,17.2,15.6,0.0,0.0,0.42,22.0,60.0,74716.0,6.0,4.0,8.0,0.0,100050.0
2025-03-20 16:00:00,23.5005251967211,19.7232212155372,0.0,1.8807142857142856,21.5,55,1,14.6,61,22.3,17.5,15.6,0.0,0.0,0.33,22.0,54.0,55775.0,3.0,3.0,48.0,0.0,100000.0
2025-03-20 17:00:00,23.5784430430354,19.3375449865744,0.0,1.8808928571428571,20.5,59,32,13.0,56,21.5,17.8,15.6,0.0,0.0,0.21,22.0,53.0,32865.0,2.0,4.0,84.0,0.0,99890.0
2025-03-20 18:00:00,23.4043749843419,19.3458863038937,0.0,1.8810714285714285,17.9,71,82,11.5,51,20.3,17.9,15.6,0.0,0.0,0.08,22.0,44.0,13489.0,0.0,4.0,54.0,0.0,99830.0
2025-03-20 19:00:00,23.1315863088099,19.4621132527606,0.0,1.8812499999999999,15.6,80,88,10.6,53,18.8,17.9,15.6,0.0,0.0,0.04,21.0,47.0,2330.0,0.0,3.0,60.0,0.0,99780.0
2025-03-20 20:00:00,23.4942782187383,19.3920174453778,0.0,1.8814285714285712,14.3,85,54,5.2,15,17.6,17.9,15.6,0.0,0.0,0.0,16.0,87.0,0.0,0.0,4.0,0.0,0.0,99790.0
2025-03-20 21:00:00,23.1092978632337,19.4937018528564,0.0,1.8816071428571428,13.6,79,9,15.5,286,16.6,17.8,15.6,0.0,0.0,0.02,15.0,94.0,0.0,0.0,3.0,347.0,0.0,99870.0
2025-03-20 22:00:00,23.4096663234152,19.4025828419993,0.0,1.8817857142857142,13.8,79,7,12.7,228,16.0,17.7,15.6,0.0,0.0,0.02,15.0,92.0,0.0,0.0,1.0,222.0,0.0,100090.0
2025-03-20 23:00:00,23.3595778337166,19.3408556578433,0.0,1.8819642857142855,15.1,70,18,12.3,224,15.7,17.5,15.7,0.0,0.0,0.03,14.0,90.0,0.0,0.0,1.0,309.0,0.0,100180.0
2025-03-21 00:00:00,23.3025248987073,19.5013366814995,0.0,1.8821428571428571,13.8,75,1,6.3,261,15.2,17.4,15.7,0.0,0.0,0.01,15.0,78.0,0.0,0.0,0.0,198.0,0.0,100180.0
2025-03-21 01:00:00,23.386203953328,19.3474147118559,0.0,1.8823214285714285,13.8,70,1,2.7,273,15.1,17.3,15.7,0.0,0.0,0.0,14.0,85.0,0.0,0.0,0.0,276.0,0.0,100170.0
2025-03-21 02:00:00,23.3811437344244,19.3688606960825,0.0,1.8824999999999998,13.9,69,1,0.3,348,14.5,17.1,15.7,0.0,0.0,0.0,13.0,84.0,0.0,0.0,0.0,186.0,0.0,100180.0
2025-03-21 03:00:00,23.3788120825332,19.3738599856404,0.0,1.8826785714285714,13.9,64,12,0.7,105,14.0,16.9,15.7,0.0,0.0,0.0,13.0,80.0,0.0,0.0,0.0,216.0,0.0,100190.0
2025-03-21 04:00:00,23.504728287996,19.4520915430425,0.0,1.8828571428571428,12.8,72,93,4.8,216,13.6,16.7,15.7,0.0,0.0,0.0,13.0,85.0,0.0,0.0,1.0,120.0,0.0,100230.0
2025-03-21 05:00:00,23.3429023156479,19.2662391688802,0.0,1.8830357142857141,14.2,79,92,1.2,267,13.9,16.5,15.7,0.9,0.9,0.0,14.0,91.0,0.0,0.0,0.0,114.0,0.0,100280.0
2025-03-21 06:00:00,23.35001583127,19.300261481034,0.0,1.8832142857142855,14.4,81,100,1.3,336,14.0,16.3,15.7,0.1,0.1,0.0,14.0,92.0,0.0,0.0,2.0,115.0,0.0,100350.0
2025-03-21 07:00:00,23.1160924361983,19.275740741106,0.0,1.883392857142857,14.5,89,93,1.7,9,14.3,16.2,15.7,0.0,0.0,0.02,14.0,92.0,0.0,0.0,1.0,97.0,0.0,100510.0
2025-03-21 08:00:00,23.2800096497485,19.1764486113918,0.0,1.8835714285714285,15.8,85,74,6.9,135,14.9,16.1,15.7,0.1,0.1,0.06,15.0,87.0,2764.0,0.0,0.0,170.0,0.0,100610.0
2025-03-21 09:00:00,23.3946367441176,19.3214922278023,0.0,1.8837499999999998,17.1,78,52,1.9,319,16.1,16.1,15.7,0.2,0.2,0.16,16.0,90.0,15455.0,1.0,2.0,192.0,0.0,100630.0
2025-03-21 10:00:00,23.35599066815,19.2566014631287,0.0,1.8839285714285714,18.5,69,17,2.9,281,17.5,16.1,15.7,0.1,0.1,0.28,18.0,78.0,54040.0,4.0,3.0,305.0,0.0,100690.0
2025-03-21 11:00:00,23.1781660773131,19.044027905038,0.0,1.8841071428571428,20.2,53,8,7.3,287,19.1,16.2,15.7,0.0,0.0,0.41,20.0,39.0,74876.0,5.0,3.0,305.0,0.0,100630.0
2025-03-21 12:00:00,23.1466571812514,18.9023162934285,0.0,1.8842857142857141,21.5,42,54,5.5,277,20.7,16.5,15.7,0.0,0.0,0.5,20.0,44.0,88904.0,8.0,4.0,6.0,0.0,100600.0
2025-03-21 13:00:00,23.0065200867549,18.7938866279247,0.0,1.8844642857142857,21.0,56,91,11.4,349,21.9,16.9,15.7,0.0,0.0,0.49,20.0,48.0,93569.0,7.0,4.0,336.0,0.0,100580.0
2025-03-21 14:00:00,22.9276992723491,18.4411575700149,0.0,1.884642857142857,20.0,62,95,15.3,21,22.0,17.2,15.8,0.2,0.2,0.43,19.0,55.0,82891.0,7.0,3.0,43.0,0.0,100560.0
2025-03-21 15:00:00,22.8451596901609,18.4527863073958,0.0,1.8848214285714284,18.4,64,80,18.3,37,21.7,17.5,15.8,0.0,0.0,0.34,19.0,54.0,67000.0,5.0,5.0,48.0,0.0,100480.0
2025-03-21 16:00:00,22.6930044094713,18.4774221979872,0.0,1.885,17.8,63,23,14.5,56,21.2,17.7,15.8,0.0,0.0,0.27,19.0,54.0,46193.0,3.0,4.0,33.0,0.0,100490.0
2025-03-21 17:00:00,22.5293618510882,18.1173648082024,0.0,1.8851785714285714,17.9,62,39,8.7,66,20.4,17.8,15.8,0.0,0.0,0.18,18.0,55.0,25072.0,1.0,3.0,58.0,0.0,100460.0
2025-03-21 18:00:00,22.6775179765137,18.3254769329232,0.0,1.8853571428571427,16.2,72,87,4.9,72,19.2,17.9,15.8,0.0,0.0,0.06,18.0,57.0,9320.0,1.0,2.0,64.0,0.0,100450.0
2025-03-21 19:00:00,22.6066029724854,18.0656718008304,0.0,1.885535714285714,14.8,75,74,1.5,68,17.7,17.9,15.8,0.0,0.0,0.02,16.0,65.0,589.0,0.0,1.0,24.0,0.0,100400.0
2025-03-21 20:00:00,22.690992224455,18.403408293563,0.0,1.8857142857142857,14.4,77,98,0.6,24,16.6,17.8,15.8,0.0,0.0,0.0,14.0,69.0,0.0,0.0,0.0,60.0,0.0,100460.0
2025-03-21 21:00:00,22.5202358094093,18.1690976580695,0.0,1.885892857142857,14.4,77,83,0.4,8,15.9,17.7,15.8,0.0,0.0,0.0,13.0,74.0,0.0,0.0,0.0,140.0,0.0,100490.0
2025-03-21 22:00:00,22.6564166550132,18.2910491688666,0.0,1.8860714285714284,13.8,79,84,0.3,326,15.1,17.5,15.8,0.0,0.0,0.0,12.0,77.0,0.0,0.0,1.0,174.0,0.0,100510.0
2025-03-21 23:00:00,22.779006702263,18.1369060379647,0.0,1.88625,13.3,79,99,3.0,223,14.7,17.3,15.8,0.0,0.0,0.0,12.0,76.0,0.0,0.0,0.0,167.0,0.0,100480.0
2025-03-22 00:00:00,22.6404091590241,18.0451406696858,0.0,1.8864285714285713,12.8,76,95,4.3,229,14.3,17.1,15.9,0.0,0.0,0.0,11.0,81.0,0.0,0.0,0.0,348.0,0.0,100470.0
2025-03-22 01:00:00,22.5666100391318,18.0509538682572,0.0,1.8866071428571427,12.4,77,40,3.5,194,13.9,16.9,15.9,0.0,0.0,0.0,10.0,83.0,0.0,0.0,2.0,162.0,0.0,100400.0
2025-03-22 02:00:00,22.551865818331,17.9408061221497,0.0,1.8867857142857143,11.9,75,9,5.8,215,13.4,16.7,15.9,0.0,0.0,0.0,10.0,82.0,0.0,0.0,0.0,178.0,0.0,100360.0
2025-03-22 03:00:00,22.5343552685367,18.1984894173955,0.0,1.8869642857142856,13.3,68,76,13.3,224,13.3,16.4,15.9,0.0,0.0,0.04,10.0,83.0,0.0,0.0,0.0,358.0,0.0,100290.0
2025-03-22 04:00:00,22.5890135299788,18.0215132883967,0.0,1.887142857142857,14.3,65,79,15.9,224,13.5,16.3,15.9,0.0,0.0,0.05,8.0,86.0,0.0,0.0,1.0,186.0,0.0,100250.0
2025-03-22 05:00:00,22.6531243051624,18.1106893455403,0.0,1.8873214285714284,14.1,66,33,14.3,222,13.6,16.1,15.9,0.0,0.0,0.04,10.0,80.0,0.0,0.0,0.0,192.0,0.0,100250.0
2025-03-22 06:00:00,22.5692250840456,18.0233756820578,0.0,1.8875,13.6,70,30,13.5,223,13.6,15.9,15.9,0.0,0.0,0.04,12.0,75.0,0.0,0.0,1.0,288.0,0.0,100260.0
2025-03-22 07:00:00,22.5763973607706,18.2089443329716,0.0,1.8876785714285713,14.6,66,44,17.4,221,13.7,15.8,15.9,0.0,0.0,0.07,13.0,68.0,667.0,0.0,2.0,246.0,0.0,100260.0
2025-03-22 08:00:00,22.7146296314127,18.0769936044879,0.0,1.8878571428571427,17.0,59,100,14.4,249,14.6,15.7,15.9,0.0,0.0,0.13,15.0,62.0,12125.0,0.0,3.0,246.0,0.0,100370.0
2025-03-22 09:00:00,22.6601660099084,17.9995095749952,0.0,1.8880357142857143,14.7,74,100,16.1,304,15.0,15.7,15.9,0.1,0.1,0.11,17.0,71.0,19702.0,1.0,5.0,318.0,0.0,100480.0
2025-03-22 10:00:00,22.4417906423138,17.7979836033174,0.0,1.8882142857142856,14.8,73,100,8.4,282,15.4,15.6,15.9,0.2,0.2,0.12,12.0,83.0,10509.0,1.0,9.0,347.0,0.0,100620.0
2025-03-22 11:00:00,22.4195573510098,17.8792423077806,0.0,1.888392857142857,15.7,67,100,9.4,267,16.1,15.7,15.9,0.1,0.1,0.2,13.0,76.0,10140.0,1.0,4.0,228.0,0.0,100680.0
2025-03-22 12:00:00,22.5143042488113,17.783558455711,0.0,1.8885714285714286,15.9,64,100,9.9,281,16.4,15.7,15.9,0.0,0.0,0.16,14.0,74.0,34244.0,3.0,3.0,204.0,0.0,100620.0
2025-03-22 13:00:00,22.4454078310194,17.7254189581464,0.0,1.88875,16.3,63,100,9.4,292,16.6,15.7,15.9,0.1,0.1,0.2,16.0,65.0,62186.0,5.0,1.0,243.0,0.0,100550.0
2025-03-22 14:00:00,22.3355544905534,17.485348415385,0.0,1.8889285714285713,16.6,62,100,7.5,289,16.8,15.7,15.9,0.1,0.1,0.17,16.0,65.0,22296.0,1.0,2.0,1.0,0.0,100440.0
2025-03-22 15:00:00,22.332302319376,17.5204416712782,0.0,1.8891071428571427,17.5,56,100,9.5,297,17.6,15.8,15.9,0.0,0.0,0.25,16.0,66.0,15047.0,1.0,2.0,8.0,0.0,100340.0
2025-03-22 16:00:00,22.5632684748117,17.4122225361105,0.0,1.8892857142857142,15.7,64,100,11.3,331,17.1,15.9,15.9,0.2,0.2,0.12,16.0,64.0,11197.0,1.0,3.0,338.0,0.0,100330.0
2025-03-22 17:00:00,22.4169803159934,17.3229806098486,0.0,1.8894642857142856,15.9,62,100,7.0,312,16.6,16.0,15.9,0.0,0.0,0.09,15.0,65.0,8712.0,0.0,4.0,323.0,0.0,100300.0
2025-03-22 18:00:00,22.393715018321,17.5121823388023,0.0,1.889642857142857,15.3,73,81,2.0,301,16.2,16.0,15.9,0.0,0.0,0.04,15.0,66.0,6665.0,0.0,2.0,349.0,0.0,100310.0
2025-03-22 19:00:00,22.4055115059466,17.4913410821254,0.0,1.8898214285714285,14.3,69,44,1.1,269,15.4,16.0,15.9,0.0,0.0,0.02,15.0,67.0,119.0,0.0,0.0,348.0,0.0,100370.0
2025-03-22 20:00:00,22.4142640256174,17.5739977162875,0.0,1.89,13.0,72,100,3.1,256,14.6,15.9,15.9,0.0,0.0,0.0,14.0,69.0,0.0,0.0,1.0,346.0,0.0,100410.0
2025-03-22 21:00:00,22.1013999576546,17.3248557690782,0.0,1.8901785714285713,13.6,71,98,7.4,216,14.4,15.8,15.9,0.0,0.0,0.01,14.0,69.0,0.0,0.0,1.0,198.0,0.0,100480.0
2025-03-22 22:00:00,22.1614888278906,17.2676353375896,0.0,1.8903571428571428,13.1,76,88,9.6,219,14.1,15.7,15.9,0.1,0.1,0.01,14.0,70.0,0.0,0.0,1.0,204.0,0.0,100470.0
2025-03-22 23:00:00,22.2197039905429,17.4744290571887,0.0,1.8905357142857142,12.7,78,48,12.8,217,13.8,15.6,15.9,0.0,0.0,0.02,14.0,73.0,0.0,0.0,1.0,290.0,0.0,100490.0
2025-03-23 00:00:00,22.2500085957971,17.3782568697608,0.0,1.8907142857142856,11.8,80,42,10.6,219,13.4,15.5,15.9,0.0,0.0,0.01,13.0,75.0,0.0,0.0,0.0,198.0,0.0,100430.0
2025-03-23 01:00:00,22.1873474605368,17.3931026412519,0.0,1.8908928571428572,11.6,79,29,6.1,217,13.6,15.4,15.9,0.0,0.0,0.0,12.0,77.0,0.0,0.0,1.0,347.0,0.0,100400.0
2025-03-23 02:00:00,22.3160869141165,17.4487458167421,0.0,1.8910714285714285,10.6,82,35,6.7,223,12.9,15.3,15.9,0.0,0.0,0.0,11.0,78.0,0.0,0.0,2.0,222.0,0.0,100320.0
2025-03-23 03:00:00,22.3208801322242,17.288019395885,0.0,1.8912499999999999,11.0,74,33,11.8,223,12.4,15.1,15.9,0.0,0.0,0.02,10.0,82.0,0.0,0.0,0.0,228.0,0.0,100270.0
2025-03-23 04:00:00,22.0725420497231,17.3739373563614,0.0,1.8914285714285712,10.7,70,64,14.0,220,12.1,15.0,15.9,0.0,0.0,0.03,10.0,75.0,0.0,0.0,2.0,246.0,0.0,100210.0
2025-03-23 05:00:00,22.316001798067,17.2398924516506,0.0,1.8916071428571428,10.5,71,83,13.8,217,11.8,14.8,15.8,0.0,0.0,0.03,9.0,78.0,0.0,0.0,2.0,264.0,0.0,100190.0
2025-03-23 06:00:00,22.2131175837341,17.4522052468758,0.0,1.8917857142857142,10.2,73,0,11.4,210,11.6,14.6,15.8,0.0,0.0,0.02,9.0,78.0,0.0,0.0,1.0,258.0,0.0,100160.0
2025-03-23 07:00:00,22.3240900290436,17.3394115431017,0.0,1.8919642857142855,10.8,73,2,11.8,208,11.5,14.5,15.8,0.0,0.0,0.04,8.0,79.0,1879.0,0.0,0.0,204.0,0.0,100180.0
2025-03-23 08:00:00,22.2607597982794,17.2502372696548,0.0,1.8921428571428571,13.3,65,8,15.1,206,12.3,14.4,15.8,0.0,0.0,0.12,11.0,74.0,12784.0,1.0,2.0,270.0,0.0,100200.0
2025-03-23 09:00:00,22.1095422263558,17.3989344315327,0.0,1.8923214285714285,15.7,53,1,19.5,218,13.7,14.3,15.8,0.0,0.0,0.24,14.0,62.0,35334.0,2.0,2.0,264.0,0.0,100200.0
2025-03-23 10:00:00,22.1412788535977,17.2627624470606,0.0,1.8924999999999998,17.1,47,1,21.3,228,15.3,14.4,15.8,0.0,0.0,0.35,16.0,48.0,61764.0,4.0,4.0,264.0,0.0,100190.0
2025-03-23 11:00:00,21.9311200512344,17.0940187919769,0.0,1.8926785714285714,18.5,42,48,23.1,233,16.9,14.5,15.8,0.0,0.0,0.44,18.0,42.0,82688.0,5.0,4.0,252.0,0.0,100130.0
2025-03-23 12:00:00,22.1233069256971,16.9920193330111,0.0,1.8928571428571428,19.8,39,23,22.5,229,18.2,14.7,15.8,0.0,0.0,0.48,18.0,41.0,58283.0,4.0,4.5,245.0,0.0,100090.0
2025-03-23 13:00:00,21.9180413285865,16.9638506363446,0.0,1.8930357142857142,20.0,37,91,29.1,238,19.0,15.0,15.8,0.0,0.0,0.5,18.0,40.0,33878.0,3.0,5.0,238.0,0.0,100050.0
2025-03-23 14:00:00,21.8262346750525,16.6710578278336,0.0,1.8932142857142855,19.3,39,56,20.0,247,19.0,15.2,15.8,0.0,0.0,0.35,20.0,37.0,95698.0,7.0,5.0,286.0,0.0,99940.0
2025-03-23 15:00:00,21.8745325799316,16.4898516997329,0.0,1.893392857142857,18.3,45,91,31.5,253,19.1,15.5,15.8,0.9,0.9,0.39,20.0,36.0,36784.0,3.0,7.0,238.0,0.0,99880.0
2025-03-23 16:00:00,21.7938015246741,16.7706144459691,0.0,1.8935714285714285,15.9,61,56,13.4,301,17.7,15.6,15.8,0.2,0.2,0.15,20.0,37.0,35507.0,3.0,8.0,282.0,0.0,99830.0
2025-03-23 17:00:00,21.6493529728524,16.501650161708,0.0,1.8937499999999998,15.3,67,50,11.9,328,17.1,15.7,15.8,0.0,0.0,0.13,14.0,85.0,8159.0,1.0,3.0,24.0,0.0,99910.0
2025-03-23 18:00:00,21.8711100443275,16.5794567443665,0.0,1.8939285714285714,12.3,83,72,7.5,297,16.2,15.8,15.8,0.1,0.1,0.04,14.0,82.0,7996.0,0.0,1.0,48.0,0.0,99910.0
2025-03-23 19:00:00,21.8914225227844,16.5444740808322,0.0,1.8941071428571428,11.7,85,81,12.2,261,15.1,15.8,15.8,0.8,0.8,0.03,14.0,79.0,2683.0,0.0,2.0,54.0,0.0,99980.0
2025-03-23 20:00:00,21.6720107308454,16.4599756340594,0.0,1.8942857142857141,11.4,88,51,14.2,224,14.0,15.7,15.8,0.1,0.1,0.01,13.0,87.0,0.0,0.0,3.0,18.0,2.0,100080.0
2025-03-23 21:00:00,21.8231757359604,16.5784649344899,0.0,1.8944642857142857,11.0,85,41,14.9,217,13.2,15.6,15.8,0.1,0.1,0.01,12.0,89.0,0.0,0.0,2.0,217.0,15.0,100210.0
2025-03-23 22:00:00,21.7805742204458,16.6015383625188,0.0,1.894642857142857,10.5,83,48,9.4,228,12.5,15.4,15.8,0.0,0.0,0.0,12.0,86.0,0.0,0.0,2.0,234.0,0.0,100330.0
2025-03-23 23:00:00,21.7796800173615,16.8597283715818,0.0,1.8948214285714284,10.4,82,45,9.5,236,12.0,15.2,15.8,0.0,0.0,0.01,12.0,85.0,0.0,0.0,1.0,234.0,0.0,100410.0
2025-03-24 00:00:00,21.8488442617273,16.5939294764127,0.0,1.895,10.0,82,17,9.6,236,11.7,15.0,15.8,0.0,0.0,0.01,11.0,85.0,0.0,0.0,2.0,240.0,0.0,100460.0
2025-03-24 01:00:00,21.7297934508864,16.5751002203707,0.0,1.8951785714285714,10.0,81,12,14.1,224,12.0,14.8,15.8,0.0,0.0,0.01,10.0,86.0,0.0,0.0,0.0,294.0,0.0,100470.0
2025-03-24 02:00:00,21.6455483464768,16.5552914946376,0.0,1.8953571428571427,9.7,80,3,14.0,216,11.4,14.6,15.8,0.0,0.0,0.02,9.0,86.0,0.0,0.0,0.0,264.0,0.0,100470.0
2025-03-24 03:00:00,21.6583929890486,16.6241690243452,0.0,1.895535714285714,9.6,78,1,15.1,219,11.1,14.4,15.8,0.0,0.0,0.02,9.0,84.0,0.0,0.0,2.0,246.0,0.0,100450.0
2025-03-24 04:00:00,21.649808170181,16.5822523309199,0.0,1.8957142857142857,9.3,77,4,14.9,218,10.8,14.2,15.7,0.0,0.0,0.02,9.0,86.0,0.0,0.0,1.0,294.0,0.0,100430.0
2025-03-24 05:00:00,21.6141328443322,16.4667706051581,0.0,1.895892857142857,9.1,78,4,13.3,220,10.6,14.0,15.7,0.0,0.0,0.02,8.0,86.0,0.0,0.0,2.0,246.0,0.0,100430.0
2025-03-24 06:00:00,21.7322400469848,16.528458822526,0.0,1.8960714285714284,9.0,79,2,12.1,216,10.4,13.9,15.7,0.0,0.0,0.01,8.0,83.0,0.0,0.0,2.0,234.0,0.0,100490.0
2025-03-24 07:00:00,21.5295286781753,16.5643241841026,0.0,1.89625,10.0,75,9,12.7,215,10.5,13.7,15.7,0.0,0.0,0.04,8.0,85.0,0.0,0.0,2.0,264.0,0.0,100570.0
2025-03-24 08:00:00,21.7350828193938,16.5134892701041,0.0,1.8964285714285714,12.2,68,15,13.1,215,11.4,13.5,15.7,0.0,0.0,0.11,8.0,86.0,3539.0,0.0,0.0,198.0,0.0,100620.0
2025-03-24 09:00:00,21.6774479963959,16.6551089642811,0.0,1.8966071428571427,13.9,60,9,14.9,231,12.8,13.5,15.7,0.0,0.0,0.2,10.0,82.0,11870.0,0.0,2.0,276.0,0.0,100670.0
2025-03-24 10:00:00,21.7109067363316,16.5206937673418,0.0,1.8967857142857143,15.4,51,16,15.1,243,14.3,13.6,15.7,0.0,0.0,0.31,13.0,73.0,45805.0,3.0,4.0,294.0,0.0,100720.0
2025-03-24 11:00:00,21.5160070643992,16.4622329115837,0.0,1.8969642857142857,16.5,46,2,14.5,264,15.8,13.7,15.7,0.0,0.0,0.39,16.0,60.0,69008.0,6.0,3.0,293.0,0.0,100720.0
2025-03-24 12:00:00,21.5459157086672,16.1434021996001,0.0,1.897142857142857,17.4,44,8,13.6,291,17.3,13.9,15.7,0.0,0.0,0.46,16.0,46.0,86808.0,6.0,4.0,250.0,0.0,100670.0
2025-03-24 13:00:00,21.4496105006598,16.2540934773257,0.0,1.8973214285714284,17.5,43,51,10.6,307,18.5,14.2,15.6,0.1,0.1,0.46,17.0,42.0,121272.0,8.0,2.0,8.0,0.0,100660.0
2025-03-24 14:00:00,21.3764704610629,16.1034244858995,0.0,1.8975,17.0,45,57,12.0,330,18.6,14.5,15.6,0.0,0.0,0.36,17.0,55.0,96908.0,8.0,4.0,11.0,0.0,100640.0
2025-03-24 15:00:00,21.4144825750895,16.0765091631684,0.0,1.8976785714285713,16.2,50,55,12.0,328,18.4,14.8,15.6,0.0,0.0,0.29,17.0,58.0,85052.0,7.0,3.0,342.0,0.0,100620.0
2025-03-24 16:00:00,21.297274718668,15.9430356256159,0.0,1.8978571428571427,16.0,51,47,8.5,329,18.1,15.0,15.6,0.0,0.0,0.23,17.0,52.0,68515.0,4.0,6.0,354.0,0.0,100600.0
2025-03-24 17:00:00,21.1554882845697,15.9654746972313,0.0,1.8980357142857143,15.5,52,29,5.4,347,17.5,15.2,15.6,0.0,0.0,0.15,16.0,57.0,44495.0,2.0,2.0,13.0,0.0,100610.0
2025-03-24 18:00:00,21.2064694314934,15.920552177377,0.0,1.8982142857142856,14.0,68,4,2.2,2,16.5,15.3,15.6,0.0,0.0,0.05,16.0,52.0,9752.0,1.0,5.0,334.0,0.0,100650.0
2025-03-24 19:00:00,21.1806363001855,15.7746317130517,0.0,1.898392857142857,12.4,68,15,0.9,352,15.0,15.4,15.6,0.0,0.0,0.01,15.0,61.0,4020.0,0.0,1.0,37.0,0.0,100690.0
2025-03-24 20:00:00,21.2135656874183,15.8110651899602,0.0,1.8985714285714286,11.3,71,21,3.9,157,13.8,15.3,15.6,0.0,0.0,0.0,13.0,68.0,0.0,0.0,1.0,12.0,0.0,100760.0
2025-03-24 21:00:00,21.2878643180223,15.9754838268194,0.0,1.89875,10.6,74,35,4.9,192,13.1,15.2,15.6,0.0,0.0,0.0,12.0,73.0,0.0,0.0,2.0,144.0,0.0,100840.0
2025-03-24 22:00:00,21.3142085271289,15.7757144498881,0.0,1.8989285714285713,9.9,77,51,6.5,211,12.5,15.0,15.6,0.0,0.0,0.0,11.0,78.0,0.0,0.0,0.0,174.0,0.0,100900.0
2025-03-24 23:00:00,21.2124557098101,15.8988327277247,0.0,1.8991071428571427,10.0,74,32,7.0,230,12.1,14.9,15.6,0.0,0.0,0.01,11.0,77.0,0.0,0.0,2.0,164.0,0.0,100910.0
2025-03-25 00:00:00,21.3728495260842,15.8315048010995,0.0,1.8992857142857142,10.0,73,51,6.5,220,11.8,14.7,15.6,0.0,0.0,0.01,11.0,79.0,0.0,0.0,0.0,228.0,0.0,100920.0
2025-03-25 01:00:00,21.2551003240607,15.8064003588995,0.0,1.8994642857142856,10.8,73,67,7.0,214,12.6,14.7,15.6,0.0,0.0,0.01,11.0,80.0,0.0,0.0,0.0,240.0,0.0,100900.0
2025-03-25 02:00:00,21.1489885290086,15.8305596904668,0.0,1.899642857142857,10.0,77,44,6.0,211,12.1,14.5,15.6,0.0,0.0,0.0,11.0,78.0,0.0,0.0,0.0,270.0,0.0,100860.0
2025-03-25 03:00:00,21.1303473841203,15.8476867858019,0.0,1.8998214285714285,9.6,78,45,3.6,234,11.5,14.4,15.6,0.0,0.0,0.0,12.0,78.0,0.0,0.0,0.0,216.0,0.0,100820.0
2025-03-25 04:00:00,21.2255330413392,15.7261165700217,0.0,1.9,9.7,77,43,2.9,242,11.1,14.2,15.6,0.0,0.0,0.0,11.0,82.0,0.0,0.0,0.0,192.0,0.0,100780.0
2025-03-25 05:00:00,21.1507250323249,15.7215940365125,0.0,1.9001785714285713,8.7,81,10,4.7,254,10.7,14.0,15.6,0.0,0.0,0.0,10.0,85.0,0.0,0.0,0.0,192.0,0.0,100770.0
2025-03-25 06:00:00,21.112860874701,15.7752499792432,0.0,1.9003571428571429,8.2,84,4,7.2,241,10.4,13.9,15.6,0.0,0.0,0.0,11.0,76.0,0.0,0.0,0.0,228.0,0.0,100790.0
2025-03-25 07:00:00,21.0248497299675,15.9440500710415,0.0,1.9005357142857142,9.2,82,2,9.7,239,10.5,13.7,15.6,0.0,0.0,0.03,9.0,84.0,0.0,0.0,0.0,198.0,0.0,100820.0
2025-03-25 08:00:00,21.280745407272,15.7023911940352,0.0,1.9007142857142856,12.5,73,1,9.0,234,11.5,13.5,15.6,0.0,0.0,0.1,9.0,84.0,4810.0,0.0,0.0,240.0,0.0,100870.0
2025-03-25 09:00:00,21.382623295983,15.60179321001,0.0,1.9008928571428572,14.7,63,1,11.1,239,13.1,13.5,15.5,0.0,0.0,0.21,12.0,73.0,21084.0,1.0,4.0,276.0,0.0,100910.0
2025-03-25 10:00:00,21.0804026078494,15.6293928992689,0.0,1.9010714285714285,16.1,57,30,9.0,260,14.9,13.6,15.5,0.0,0.0,0.32,14.0,65.0,49342.0,3.0,2.0,252.0,0.0,100940.0
2025-03-25 11:00:00,20.9442301961731,15.4318276428637,0.0,1.9012499999999999,17.1,52,13,7.0,282,16.5,13.8,15.5,0.0,0.0,0.38,16.0,55.0,72872.0,7.0,2.0,182.0,0.0,100960.0
2025-03-25 12:00:00,21.1455743684348,15.5451165310813,0.0,1.9014285714285712,18.1,46,37,6.7,297,18.0,14.0,15.5,0.0,0.0,0.45,16.0,50.0,98365.0,8.0,1.0,341.0,0.0,100950.0
2025-03-25 13:00:00,20.952753354402,15.4842465973291,0.0,1.9016071428571428,18.8,40,99,7.8,343,18.9,14.2,15.5,0.0,0.0,0.4,17.0,51.0,30166.0,3.0,0.0,343.0,0.0,100910.0
2025-03-25 14:00:00,21.0840819115703,15.3501971007152,0.0,1.9017857142857142,17.4,52,24,14.0,7,18.7,14.5,15.5,0.0,0.0,0.28,19.0,46.0,94068.0,7.0,4.0,37.0,0.0,100850.0
2025-03-25 15:00:00,20.9623868128565,15.4335902680325,0.0,1.9019642857142856,17.2,54,23,13.5,7,19.0,14.8,15.5,0.0,0.0,0.36,17.0,54.0,21584.0,2.0,4.0,355.0,0.0,100820.0
2025-03-25 16:00:00,20.9810141907662,15.2148526926157,0.0,1.9021428571428571,16.9,54,10,9.8,4,18.8,15.1,15.5,0.0,0.0,0.27,17.0,59.0,73412.0,5.0,5.0,42.0,0.0,100820.0
2025-03-25 17:00:00,20.81032538315,15.159960291804,0.0,1.9023214285714285,16.4,55,8,9.4,9,18.1,15.3,15.5,0.0,0.0,0.18,16.0,63.0,15933.0,1.0,2.0,355.0,0.0,100830.0
2025-03-25 18:00:00,20.6942037738883,15.3020414366967,0.0,1.9024999999999999,14.4,72,1,4.5,51,17.0,15.4,15.5,0.0,0.0,0.06,17.0,62.0,19582.0,1.0,3.0,48.0,0.0,100850.0
2025-03-25 19:00:00,20.9472440906566,15.240577224182,0.0,1.9026785714285714,12.7,76,0,1.8,63,15.4,15.5,15.5,0.0,0.0,0.02,15.0,66.0,2917.0,0.0,2.0,42.0,0.0,100900.0
2025-03-25 20:00:00,20.9444020750377,15.1937681496148,0.0,1.9028571428571428,11.9,77,4,1.6,105,14.2,15.4,15.5,0.0,0.0,0.0,13.0,75.0,0.0,0.0,0.0,126.0,0.0,100950.0
2025-03-25 21:00:00,20.6738965577684,15.2447140541143,0.0,1.9030357142857142,10.9,79,13,3.6,178,13.2,15.3,15.5,0.0,0.0,0.0,11.0,83.0,0.0,0.0,0.0,180.0,0.0,101010.0
2025-03-25 22:00:00,20.7827813608629,15.0893650667006,0.0,1.9032142857142855,10.3,79,12,4.7,187,12.6,15.2,15.5,0.0,0.0,0.0,10.0,85.0,0.0,0.0,0.0,175.0,0.0,101060.0
2025-03-25 23:00:00,20.8182885167875,15.1889278515889,0.0,1.903392857142857,9.9,79,15,5.2,203,12.1,15.0,15.5,0.0,0.0,0.0,9.0,87.0,0.0,0.0,1.0,178.0,0.0,101070.0
2025-03-26 00:00:00,20.5913428370696,15.3940758618586,0.0,1.9035714285714285,9.9,79,29,5.9,209,11.8,14.8,15.5,0.0,0.0,0.0,9.0,86.0,0.0,0.0,2.0,168.0,0.0,101080.0
2025-03-26 01:00:00,20.8210258646084,15.0984502222362,0.0,1.9037499999999998,10.5,77,17,5.9,227,12.2,14.6,15.5,0.0,0.0,0.0,10.0,82.0,0.0,0.0,1.0,178.0,0.0,101050.0
2025-03-26 02:00:00,20.7447200880463,15.0401450395089,0.0,1.9039285714285714,9.6,86,67,4.5,208,11.7,14.5,15.5,0.6,0.6,0.0,8.0,90.0,0.0,0.0,0.0,192.0,0.0,101050.0
2025-03-26 03:00:00,20.8664311586201,15.1247051238056,0.0,1.9041071428571428,9.4,89,31,5.0,164,11.2,14.3,15.5,0.6,0.6,0.0,7.0,92.0,0.0,0.0,0.0,168.0,0.0,101000.0
2025-03-26 04:00:00,20.856961328898,15.0661829964322,0.0,1.9042857142857141,8.8,88,23,4.5,194,10.6,14.1,15.5,0.0,0.0,0.0,8.0,88.0,0.0,0.0,0.0,204.0,0.0,100960.0
2025-03-26 05:00:00,20.7899073082121,15.0328425578633,0.0,1.9044642857142857,9.1,90,21,6.9,209,10.4,13.9,15.5,0.0,0.0,0.0,8.0,88.0,0.0,0.0,0.0,210.0,0.0,100950.0
2025-03-26 06:00:00,20.7387943163282,15.2078553734823,0.0,1.904642857142857,8.8,91,14,8.5,219,10.1,13.7,15.4,0.0,0.0,0.0,7.0,90.0,0.0,0.0,1.0,168.0,0.0,100950.0
2025-03-26 07:00:00,20.8015196833767,15.2513116231902,0.0,1.9048214285714284,9.9,87,8,11.0,226,10.2,13.5,15.4,0.0,0.0,0.02,7.0,92.0,210.0,0.0,1.0,186.0,0.0,100970.0
2025-03-26 08:00:00,20.8755059940949,15.199318868431,0.0,1.905,13.2,79,7,9.4,229,11.4,13.4,15.4,0.0,0.0,0.1,10.0,86.0,6157.0,0.0,2.0,210.0,0.0,100990.0
2025-03-26 09:00:00,20.6130926511336,15.0454681062306,0.0,1.9051785714285714,15.8,64,6,10.1,240,13.1,13.4,15.4,0.0,0.0,0.22,13.0,80.0,25911.0,1.0,2.0,276.0,0.0,101010.0
2025-03-26 10:00:00,20.5925228826118,14.9431643962227,0.0,1.9053571428571427,17.3,55,5,8.6,260,15.0,13.5,15.4,0.0,0.0,0.33,16.0,66.0,54652.0,5.0,3.0,285.0,0.0,101040.0
2025-03-26 11:00:00,20.6709494676557,15.0281545727751,0.0,1.905535714285714,18.2,50,15,6.3,280,16.8,13.7,15.4,0.0,0.0,0.42,18.0,55.0,77136.0,5.0,1.0,266.0,0.0,101050.0
2025-03-26 12:00:00,20.6782483802171,14.8454366015003,42.181838978986704,1.9057142857142857,19.0,46,12,5.1,307,18.4,13.9,15.4,0.0,0.0,0.46,19.0,47.0,92006.0,7.0,2.0,342.0,0.0,100990.0
2025-03-26 13:00:00,20.5852158180581,15.0160960325671,0.0,1.905892857142857,20.0,43,0,6.8,343,20.0,14.5,15.4,0.0,0.0,0.49,20.0,41.0,98612.0,6.0,2.0,84.0,0.0,100930.0
2025-03-26 14:00:00,20.5371696756966,14.7462772735523,0.0,1.9060714285714284,20.2,43,0,9.0,356,20.7,14.9,15.4,0.0,0.0,0.48,19.0,44.0,93592.0,8.0,5.0,30.0,0.0,100840.0
2025-03-26 15:00:00,20.5820041728159,14.53858960498,0.0,1.90625,19.6,45,4,12.0,11,20.8,15.3,15.4,0.0,0.0,0.42,20.0,45.0,80835.0,5.0,6.0,53.0,0.0,100750.0
2025-03-26 16:00:00,20.4602625256633,14.5566190161641,0.0,1.9064285714285714,18.4,51,2,12.2,27,20.4,15.6,15.4,0.0,0.0,0.31,19.0,48.0,61576.0,5.0,6.0,0.0,0.0,100730.0
2025-03-26 17:00:00,20.4195081028707,14.6770809917099,0.0,1.9066071428571427,17.3,54,0,8.4,44,19.5,15.8,15.4,0.0,0.0,0.19,19.0,52.0,37506.0,3.0,3.0,39.0,0.0,100730.0
2025-03-26 18:00:00,20.3419588353255,14.5910013944127,0.0,1.9067857142857143,15.3,69,0,4.6,82,18.2,16.0,15.4,0.0,0.0,0.06,18.0,57.0,13610.0,0.0,3.0,54.0,0.0,100730.0
2025-03-26 19:00:00,20.4073629992274,14.5996553796126,0.0,1.9069642857142857,13.4,72,0,3.0,103,16.4,16.1,15.4,0.0,0.0,0.02,16.0,65.0,2235.0,0.0,2.0,60.0,0.0,100720.0
2025-03-26 20:00:00,20.3199536303869,14.7537900545859,0.0,1.907142857142857,12.0,75,0,3.6,169,15.1,16.0,15.4,0.0,0.0,0.0,14.0,72.0,0.0,0.0,1.0,102.0,0.0,100740.0
2025-03-26 21:00:00,20.3284194263199,14.6603163574742,0.0,1.9073214285714284,11.1,77,0,4.6,197,14.1,15.9,15.4,0.0,0.0,0.0,13.0,71.0,0.0,0.0,1.0,138.0,0.0,100790.0
2025-03-26 22:00:00,20.503165431699,14.6866629841962,0.0,1.9075,10.3,78,3,4.8,218,13.3,15.8,15.4,0.0,0.0,0.0,11.0,79.0,0.0,0.0,0.0,186.0,0.0,100800.0
2025-03-26 23:00:00,20.3269865928738,14.6021029856869,0.0,1.9076785714285713,10.3,75,18,5.1,230,12.6,15.6,15.4,0.0,0.0,0.0,11.0,70.0,0.0,0.0,1.0,178.0,0.0,100780.0
2025-03-27 00:00:00,20.3798644590025,14.6544394277741,0.0,1.9078571428571427,10.2,71,8,5.2,216,12.2,15.4,15.4,0.0,0.0,0.0,10.0,83.0,0.0,0.0,0.0,179.0,0.0,100780.0
2025-03-27 01:00:00,20.3769917841021,14.7103666446467,0.0,1.9080357142857143,11.1,67,1,6.4,211,12.3,15.2,15.4,0.0,0.0,0.01,9.0,81.0,0.0,0.0,2.0,179.0,0.0,100740.0
2025-03-27 02:00:00,20.2405034303743,14.5566237806072,0.0,1.9082142857142856,10.8,65,0,7.5,217,12.0,15.1,15.4,0.0,0.0,0.02,10.0,77.0,0.0,0.0,1.0,180.0,0.0,100700.0
2025-03-27 03:00:00,20.4196158562478,14.7214676782106,0.0,1.908392857142857,10.5,65,0,7.1,215,11.7,14.9,15.4,0.0,0.0,0.02,10.0,73.0,0.0,0.0,1.0,172.0,0.0,100630.0
2025-03-27 04:00:00,20.1475594172334,14.6448352751887,0.0,1.9085714285714286,10.1,67,0,6.2,213,11.4,14.7,15.4,0.0,0.0,0.01,10.0,79.0,0.0,0.0,0.0,204.0,0.0,100580.0
2025-03-27 05:00:00,20.1918132759537,14.6391503117445,0.0,1.90875,9.6,70,0,6.4,217,11.2,14.5,15.4,0.0,0.0,0.01,8.0,85.0,0.0,0.0,0.0,180.0,0.0,100540.0
2025-03-27 06:00:00,20.4096968826838,14.4839110147229,0.0,1.9089285714285713,9.3,71,0,6.4,228,10.9,14.3,15.4,0.0,0.0,0.01,10.0,79.0,0.0,0.0,1.0,222.0,0.0,100550.0
2025-03-27 07:00:00,20.3257718871361,14.6753221485391,0.0,1.9091071428571427,11.1,68,0,7.0,242,11.0,14.1,15.4,0.0,0.0,0.03,9.0,78.0,743.0,0.0,1.0,192.0,0.0,100550.0
2025-03-27 08:00:00,20.2930701387614,14.6303193392166,0.0,1.9092857142857143,14.6,63,0,8.2,250,12.3,14.0,15.4,0.0,0.0,0.12,12.0,68.0,8294.0,0.0,1.0,246.0,0.0,100570.0
2025-03-27 09:00:00,20.4622413575271,14.6068737934265,0.0,1.9094642857142856,17.4,53,0,8.6,265,14.1,14.0,15.4,0.0,0.0,0.25,15.0,61.0,31772.0,2.0,3.0,276.0,0.0,100580.0
2025-03-27 10:00:00,20.3652492215296,14.4496371036061,0.0,1.909642857142857,19.5,46,0,8.6,263,16.2,14.1,15.4,0.0,0.0,0.37,17.0,51.0,60920.0,5.0,4.0,282.0,0.0,100620.0
2025-03-27 11:00:00,20.1784077867464,14.4645504602798,0.0,1.9098214285714286,21.1,40,0,9.0,257,18.1,14.3,15.4,0.0,0.0,0.48,20.0,41.0,82484.0,7.0,3.0,222.0,0.0,100570.0
2025-03-27 12:00:00,20.468353762265,19.1347995015454,0.0,1.91,22.3,36,49,7.6,269,19.9,14.6,15.4,0.0,0.0,0.54,21.0,40.0,94192.0,8.0,3.0,297.0,0.0,100500.0
2025-03-27 13:00:00,20.4336425793787,26.695986800798,0.0,1.9092261904761905,22.8,35,36,9.5,334,21.2,15.0,15.4,0.0,0.0,0.57,22.0,36.0,97460.0,9.0,4.0,301.0,0.0,100430.0
2025-03-27 14:00:00,21.061514682625,25.3661653524428,0.0,1.9084523809523808,21.8,41,2,15.3,1,21.8,15.4,15.4,0.0,0.0,0.52,22.0,39.0,92343.0,6.0,4.0,359.0,0.0,100370.0
2025-03-27 15:00:00,22.1700286634202,24.6314389395483,0.0,1.9076785714285713,20.9,40,38,13.9,355,21.8,15.7,15.4,0.0,0.0,0.45,21.0,43.0,78564.0,6.0,4.0,28.0,0.0,100350.0
2025-03-27 16:00:00,23.0473228979282,24.4661811622918,0.0,1.9069047619047619,20.4,40,18,10.7,353,21.4,16.1,15.4,0.0,0.0,0.34,21.0,45.0,58179.0,4.0,2.0,29.0,0.0,100340.0
2025-03-27 17:00:00,23.6657214437654,24.0686347227302,0.0,1.9061309523809522,19.3,45,7,7.6,12,20.6,16.3,15.4,0.0,0.0,0.21,20.0,41.0,33399.0,2.0,4.0,18.0,0.0,100350.0
2025-03-27 18:00:00,24.0650801031585,23.8759937794421,0.0,1.9053571428571427,16.7,62,9,4.8,59,19.2,16.5,15.4,0.0,0.0,0.07,19.0,45.0,10782.0,1.0,2.0,30.0,0.0,100360.0
2025-03-27 19:00:00,24.252188909846,23.8240287250616,0.0,1.9045833333333333,14.4,69,46,5.6,92,17.4,16.6,15.4,0.0,0.0,0.03,17.0,56.0,1083.0,0.0,2.0,48.0,0.0,100390.0
2025-03-27 20:00:00,24.518477332081,23.7141521007352,0.0,1.9038095238095238,13.3,70,94,4.1,151,16.1,16.6,15.4,0.0,0.0,0.0,15.0,61.0,0.0,0.0,2.0,136.0,0.0,100430.0
2025-03-27 21:00:00,24.6546649420684,23.7014651233425,0.0,1.9030357142857142,12.3,68,43,4.0,169,14.9,16.5,15.4,0.0,0.0,0.0,15.0,60.0,0.0,0.0,1.0,156.0,0.0,100500.0
2025-03-27 22:00:00,24.663317629377,23.6511811926012,0.0,1.9022619047619047,11.6,65,63,4.5,183,14.1,16.4,15.4,0.0,0.0,0.01,13.0,64.0,0.0,0.0,0.0,180.0,0.0,100490.0
2025-03-27 23:00:00,24.839142876693,23.4844658302252,0.0,1.9014880952380953,11.0,64,34,4.8,204,13.4,16.2,15.4,0.0,0.0,0.01,12.0,67.0,0.0,0.0,0.0,210.0,0.0,100530.0
2025-03-28 00:00:00,25.0720295926292,23.4109221693472,0.0,1.9007142857142856,10.9,63,10,4.8,230,12.8,16.0,15.4,0.0,0.0,0.01,9.0,77.0,0.0,0.0,1.0,172.0,0.0,100500.0
2025-03-28 01:00:00,25.1723898332761,23.6074441195502,0.0,1.8999404761904761,11.4,59,14,4.4,237,12.4,15.8,15.4,0.0,0.0,0.01,10.0,73.0,0.0,0.0,0.0,30.0,0.0,100470.0
2025-03-28 02:00:00,25.2815542712939,23.2251478260613,0.0,1.8991666666666667,11.0,59,1,4.8,233,11.9,15.6,15.4,0.0,0.0,0.01,8.0,79.0,0.0,0.0,0.0,174.0,0.0,100450.0
2025-03-28 03:00:00,25.1753364406221,23.2626612033164,0.0,1.898392857142857,10.4,61,1,4.2,229,11.5,15.4,15.4,0.0,0.0,0.01,8.0,77.0,0.0,0.0,0.0,168.0,0.0,100380.0
2025-03-28 04:00:00,25.4574086990009,23.3792205181232,0.0,1.8976190476190475,9.8,64,0,4.1,218,11.2,15.1,15.4,0.0,0.0,0.0,7.0,84.0,0.0,0.0,0.0,186.0,0.0,100350.0
2025-03-28 05:00:00,25.3277912235352,23.1862989648779,0.0,1.896845238095238,9.5,66,0,4.6,214,10.9,14.9,15.4,0.0,0.0,0.0,8.0,81.0,0.0,0.0,0.0,180.0,0.0,100360.0
2025-03-28 06:00:00,25.5779707357324,23.347156668345,0.0,1.8960714285714284,9.3,67,0,4.6,223,10.7,14.7,15.4,0.0,0.0,0.0,8.0,77.0,0.0,0.0,1.0,216.0,0.0,100370.0
2025-03-28 07:00:00,25.3005405478415,23.249526271693,0.0,1.895297619047619,11.4,65,0,5.8,235,10.9,14.5,15.4,0.0,0.0,0.03,6.0,84.0,1935.0,0.0,0.0,180.0,0.0,100400.0
2025-03-28 08:00:00,25.2439821709573,23.0629876721628,0.0,1.8945238095238095,15.0,59,0,6.4,249,12.3,14.3,15.4,0.0,0.0,0.12,13.0,66.0,11848.0,0.0,0.0,228.0,0.0,100440.0
2025-03-28 09:00:00,25.3583867465457,23.1636370227153,0.0,1.8937499999999998,18.0,47,0,3.3,265,14.4,14.3,15.4,0.0,0.0,0.24,16.0,55.0,37503.0,2.0,2.0,317.0,0.0,100480.0
2025-03-28 10:00:00,25.2466687493002,23.0409016611848,0.0,1.8929761904761904,19.9,41,0,2.3,297,16.6,14.4,15.4,0.0,0.0,0.37,19.0,43.0,66408.0,7.0,2.0,348.0,0.0,100520.0
2025-03-28 11:00:00,25.0487471316965,23.0653730835963,0.0,1.892202380952381,21.3,40,0,3.5,299,18.8,14.6,15.4,0.0,0.0,0.47,20.0,40.0,86424.0,6.0,0.0,210.0,0.0,100550.0
2025-03-28 12:00:00,25.3325643921142,22.8214143369371,0.0,1.8914285714285715,22.4,38,0,6.4,344,20.6,14.9,15.4,0.0,0.0,0.54,21.0,38.0,96526.0,7.0,2.0,282.0,0.0,100510.0
2025-03-28 13:00:00,25.0893898642951,22.7312868599789,0.0,1.8906547619047618,22.8,39,0,12.8,358,21.7,15.3,15.4,0.0,0.0,0.56,22.0,37.0,98336.0,7.0,2.0,180.0,0.0,100490.0
2025-03-28 14:00:00,25.0901010067158,22.5062637396316,0.0,1.8898809523809523,21.9,41,0,14.9,359,22.1,15.7,15.4,0.0,0.0,0.52,21.0,51.0,90924.0,8.0,6.0,17.0,0.0,100460.0
2025-03-28 15:00:00,24.9984381486021,22.3904976180249,0.0,1.8891071428571429,22.1,37,0,10.7,351,22.3,16.1,15.4,0.0,0.0,0.46,21.0,46.0,75720.0,5.0,2.0,84.0,0.0,100430.0
2025-03-28 16:00:00,24.9625004074682,22.2630555258717,0.0,1.8883333333333332,21.3,38,0,11.2,3,21.9,16.4,15.4,0.0,0.0,0.36,21.0,43.0,54268.0,3.0,4.0,355.0,0.0,100420.0
2025-03-28 17:00:00,24.8110252903619,22.0437081466239,0.0,1.8875595238095237,19.9,44,0,7.8,22,21.0,16.7,15.4,0.0,0.0,0.22,21.0,34.0,29610.0,2.0,4.0,358.0,0.0,100410.0
2025-03-28 18:00:00,24.8877484486145,22.0533124415949,0.0,1.8867857142857143,16.9,61,0,5.0,76,19.6,16.8,15.4,0.0,0.0,0.08,19.0,44.0,8003.0,0.0,4.0,7.0,0.0,100470.0
2025-03-28 19:00:00,24.8519043315821,21.982825581397,0.0,1.8860119047619046,14.4,67,0,6.3,115,17.7,16.9,15.4,0.0,0.0,0.04,17.0,45.0,507.0,0.0,2.0,354.0,0.0,100510.0
2025-03-28 20:00:00,24.7097313659027,22.0564978676755,0.0,1.8852380952380952,12.9,70,1,4.8,148,16.3,16.9,15.4,0.0,0.0,0.0,13.0,61.0,0.0,0.0,1.0,169.0,0.0,100540.0
2025-03-28 21:00:00,24.7921145366852,21.8684516724458,0.0,1.8844642857142857,11.9,71,0,4.5,176,15.2,16.8,15.4,0.0,0.0,0.0,13.0,60.0,0.0,0.0,2.0,140.0,0.0,100610.0
2025-03-28 22:00:00,24.7241862254607,21.8856747501568,0.0,1.883690476190476,11.9,65,0,5.5,194,14.3,16.6,15.5,0.0,0.0,0.01,12.0,67.0,0.0,0.0,0.0,173.0,0.0,100620.0
2025-03-28 23:00:00,24.7028810006216,21.9306564592716,0.0,1.8829166666666666,12.0,57,0,6.5,196,13.6,16.5,15.5,0.0,0.0,0.02,9.0,73.0,0.0,0.0,1.0,154.0,0.0,100660.0
2025-03-29 00:00:00,24.7912059367253,21.9794960637732,0.0,1.8821428571428571,11.9,55,0,6.7,200,13.1,16.3,15.5,0.0,0.0,0.03,10.0,71.0,0.0,0.0,0.0,184.0,0.0,100670.0
2025-03-29 01:00:00,24.6772035568267,21.7926961392421,0.0,1.8813690476190477,12.6,51,0,7.4,207,13.0,16.0,15.5,0.0,0.0,0.03,10.0,67.0,0.0,0.0,1.0,180.0,0.0,100670.0
2025-03-29 02:00:00,24.694739994251,21.8039298183142,0.0,1.880595238095238,12.2,55,0,8.0,215,12.7,15.8,15.5,0.0,0.0,0.03,11.0,63.0,0.0,0.0,2.0,175.0,0.0,100660.0
2025-03-29 03:00:00,24.800895364146,21.7980084164825,0.0,1.8798214285714285,11.9,58,0,9.3,217,12.5,15.6,15.5,0.0,0.0,0.03,12.0,57.0,0.0,0.0,1.0,210.0,0.0,100640.0
2025-03-29 04:00:00,24.5795827710522,21.8293998534674,0.0,1.879047619047619,11.5,61,0,9.2,213,12.3,15.5,15.5,0.0,0.0,0.03,12.0,58.0,0.0,0.0,0.5,222.0,0.0,100620.0
2025-03-29 05:00:00,24.6410875721875,21.4815238347558,0.0,1.8782738095238094,11.1,64,0,8.5,213,12.1,15.3,15.5,0.0,0.0,0.02,12.0,59.0,0.0,0.0,0.0,234.0,0.0,100600.0
2025-03-29 06:00:00,24.5305839918276,21.7018737729892,0.0,1.8775,10.8,65,0,9.2,206,11.9,15.1,15.5,0.0,0.0,0.03,10.0,67.0,0.0,0.0,2.0,186.0,0.0,100580.0
2025-03-29 07:00:00,24.659882872774,21.5717116807999,0.0,1.8767261904761905,12.4,63,0,10.9,207,12.1,14.9,15.5,0.0,0.0,0.06,9.0,68.0,0.0,0.0,1.0,172.0,0.0,100610.0
2025-03-29 08:00:00,24.480229596271,21.5436340365578,0.0,1.8759523809523808,16.5,55,0,10.3,224,13.3,14.8,15.5,0.0,0.0,0.15,12.0,60.0,3471.0,0.0,1.0,204.0,0.0,100660.0
2025-03-29 09:00:00,24.3124560009413,21.5833056706777,0.0,1.8751785714285714,20.2,43,0,8.3,222,15.3,14.8,15.5,0.0,0.0,0.29,14.0,54.0,16800.0,1.0,2.0,234.0,0.0,100670.0
2025-03-29 10:00:00,24.4595927351713,21.4269485523252,0.0,1.874404761904762,22.2,36,0,4.7,229,17.5,14.9,15.5,0.0,0.0,0.4,18.0,44.0,45332.0,2.0,2.0,218.0,0.0,100680.0
2025-03-29 11:00:00,24.2453466267881,21.1376301664145,0.0,1.8736309523809522,23.3,34,0,2.2,261,19.7,15.1,15.5,0.0,0.0,0.49,21.0,37.0,71343.0,6.0,2.0,332.0,0.0,100700.0
2025-03-29 12:00:00,24.2622883263755,21.4471174785228,0.0,1.8728571428571428,24.2,33,0,1.8,265,21.6,15.5,15.5,0.0,0.0,0.56,22.0,35.0,80981.0,7.0,2.0,240.0,0.0,100660.0
2025-03-29 13:00:00,24.1624694185176,21.2231738646332,0.0,1.8720833333333333,25.6,27,0,5.3,286,22.5,15.8,15.5,0.0,0.0,0.6,24.0,32.0,97897.0,6.0,3.0,268.0,0.0,100640.0
2025-03-29 14:00:00,24.0982383763928,20.5914790979348,0.0,1.8713095238095239,25.6,28,0,7.8,347,23.5,16.2,15.5,0.0,0.0,0.57,25.0,30.0,98020.0,7.0,2.0,27.0,0.0,100550.0
2025-03-29 15:00:00,23.8721980063047,20.3854323810788,0.0,1.8705357142857142,24.6,34,0,11.1,8,23.7,16.6,15.5,0.0,0.0,0.5,26.0,29.0,90561.0,6.0,4.0,294.0,0.0,100450.0
2025-03-29 16:00:00,23.79101974469,20.6267558829082,0.0,1.8697619047619047,23.7,38,0,9.6,20,23.3,16.9,15.5,0.0,0.0,0.38,24.0,32.0,73710.0,6.0,4.0,8.0,0.0,100350.0
2025-03-29 17:00:00,23.5916345798724,19.9862916620711,0.0,1.8689880952380953,22.0,44,0,9.5,34,22.4,17.2,15.5,0.0,0.0,0.24,24.0,32.0,50896.0,4.0,4.0,40.0,0.0,100250.0
2025-03-29 18:00:00,23.7308541810625,19.9399389163572,0.0,1.8682142857142856,18.8,57,0,6.4,57,20.9,17.4,15.5,0.0,0.0,0.09,24.0,34.0,25309.0,2.0,3.0,13.0,0.0,100220.0
2025-03-29 19:00:00,23.6129277483625,19.8913491879238,0.0,1.8674404761904762,16.0,68,0,7.2,86,19.0,17.5,15.5,0.0,0.0,0.04,21.0,47.0,5326.0,0.0,3.0,36.0,0.0,100260.0
2025-03-29 20:00:00,23.5009379689534,19.8986158300107,0.0,1.8666666666666667,14.5,69,0,6.5,103,17.5,17.5,15.5,0.0,0.0,0.01,17.0,59.0,172.0,0.0,2.0,94.0,0.0,100320.0
2025-03-29 21:00:00,23.6312404464956,20.0871104723226,0.0,1.865892857142857,14.5,59,0,2.0,112,16.1,17.5,15.5,0.0,0.0,0.0,15.0,65.0,0.0,0.0,3.0,84.0,0.0,100390.0
2025-03-29 22:00:00,23.7699100953063,20.0252363621442,0.0,1.8651190476190476,14.5,54,0,1.5,103,15.0,17.3,15.5,0.0,0.0,0.0,15.0,60.0,0.0,0.0,1.0,137.0,0.0,100400.0
2025-03-29 23:00:00,23.433511346939,19.8264577861857,0.0,1.864345238095238,14.3,49,0,2.2,121,14.1,17.1,15.6,0.0,0.0,0.0,12.0,70.0,0.0,0.0,0.0,285.0,0.0,100410.0
2025-03-30 00:00:00,23.5712137572492,19.9937209043917,0.0,1.8635714285714284,13.9,46,0,1.9,109,13.4,16.9,15.6,0.0,0.0,0.0,10.0,79.0,0.0,0.0,0.0,167.0,0.0,100450.0
2025-03-30 01:00:00,23.2883075452106,20.0434484788502,0.0,1.862797619047619,13.3,43,0,2.3,110,12.6,16.7,15.6,0.0,0.0,0.0,10.0,78.0,0.0,0.0,0.0,198.0,0.0,100450.0
2025-03-30 02:00:00,23.394668239218348,19.97361940231405,0.0,1.8620238095238095,13.3,44,0,1.1,84,12.2,16.4,15.6,0.0,0.0,0.0,9.0,78.0,0.0,0.0,0.0,204.0,0.0,100410.0
2025-03-30 03:00:00,23.5010289332261,19.9037903257779,0.0,1.8612499999999998,12.1,50,0,5.2,68,11.8,16.1,15.6,0.0,0.0,0.02,8.5,80.0,0.0,0.0,0.0,158.5,0.0,100420.0
2025-03-30 04:00:00,23.4388109412512,19.7487565033573,0.0,1.8604761904761904,11.8,52,0,2.5,75,11.4,15.9,15.6,0.0,0.0,0.0,8.0,82.0,0.0,0.0,0.0,113.0,0.0,100430.0
2025-03-30 05:00:00,23.2839664952244,19.8845771406817,0.0,1.859702380952381,12.0,51,0,2.2,71,11.1,15.6,15.6,0.0,0.0,0.0,7.0,76.0,0.0,0.0,1.0,168.0,0.0,100360.0
2025-03-30 06:00:00,23.4714253673904,19.7563738008948,0.0,1.8589285714285715,11.8,52,0,2.3,64,10.7,15.3,15.6,0.0,0.0,0.0,7.0,79.0,0.0,0.0,0.0,126.0,0.0,100350.0
2025-03-30 07:00:00,23.43238703402,19.8484089235885,0.0,1.8581547619047618,13.1,58,0,1.5,52,11.1,15.1,15.6,0.0,0.0,0.02,7.0,79.0,0.0,0.0,1.0,90.0,0.0,100380.0
2025-03-30 08:00:00,23.467468164659,19.8821919808243,0.0,1.8573809523809524,16.1,53,0,4.6,38,12.8,14.9,15.6,0.0,0.0,0.13,8.0,81.0,0.0,0.0,0.0,176.0,0.0,100420.0
2025-03-30 09:00:00,23.3518517014513,20.0019131675092,0.0,1.856607142857143,18.3,54,0,8.7,28,14.8,14.9,15.6,0.0,0.0,0.26,8.0,81.0,4776.0,0.0,1.0,276.0,0.0,100490.0
2025-03-30 10:00:00,23.413204305309,19.7033855746129,0.0,1.8558333333333332,20.4,43,0,12.9,38,16.9,15.0,15.6,0.0,0.0,0.4,12.0,71.0,21072.0,1.0,1.0,300.0,0.0,100570.0
2025-03-30 11:00:00,23.2158260646789,19.5623665072569,0.0,1.8550595238095238,21.4,37,0,17.0,44,18.7,15.1,15.6,0.0,0.0,0.5,17.0,54.0,50768.0,4.0,0.0,114.0,0.0,100630.0
2025-03-30 12:00:00,23.1644249930993,19.4568454997908,0.0,1.8542857142857143,21.5,32,0,21.9,45,20.1,15.4,15.6,0.0,0.0,0.56,20.0,45.0,75427.0,6.0,2.0,32.0,0.0,100630.0
2025-03-30 13:00:00,23.1290919356815,19.1946900611707,0.0,1.8535119047619046,21.0,33,0,23.3,50,20.8,15.7,15.6,0.0,0.0,0.56,21.0,46.0,90377.0,7.0,5.0,12.0,0.0,100610.0
2025-03-30 14:00:00,22.8529850378412,18.9933551415385,0.0,1.8527380952380952,20.1,37,0,23.2,50,21.2,16.0,15.6,0.0,0.0,0.52,21.0,44.0,97065.0,7.0,4.0,33.0,0.0,100610.0
2025-03-30 15:00:00,22.9039832070006,18.7963866203884,0.0,1.8519642857142857,19.5,38,0,22.9,53,21.2,16.3,15.6,0.0,0.0,0.45,21.0,44.0,94676.0,8.0,4.0,36.0,0.0,100650.0
2025-03-30 16:00:00,22.6576633558867,18.6284720063543,0.0,1.851190476190476,18.5,45,0,20.9,54,20.8,16.5,15.6,0.0,0.0,0.35,20.0,40.0,86022.0,4.0,6.0,48.0,0.0,100610.0
2025-03-30 17:00:00,22.8598566730487,18.5641049645138,0.0,1.8504166666666666,17.3,53,0,19.3,54,19.9,16.7,15.6,0.0,0.0,0.23,20.0,40.0,69151.0,3.0,4.0,60.0,0.0,100610.0
2025-03-30 18:00:00,22.7530985311608,18.2984567936839,0.0,1.8496428571428571,15.8,64,0,14.6,59,18.7,16.8,15.6,0.0,0.0,0.1,19.0,46.0,46498.0,3.0,5.0,67.0,0.0,100630.0
2025-03-30 19:00:00,22.662655168548,18.2056906559102,0.0,1.8488690476190477,14.2,72,0,9.9,64,17.3,16.9,15.6,0.0,0.0,0.04,19.0,47.0,21269.0,1.0,6.0,90.0,0.0,100680.0
2025-03-30 20:00:00,22.776426114651,18.248017247258,0.0,1.848095238095238,12.6,82,0,5.7,67,16.0,16.8,15.6,0.0,0.0,0.0,17.0,55.0,4408.0,0.0,4.0,60.0,0.0,100740.0
2025-03-30 21:00:00,22.5841819618533,18.0958109910277,0.0,1.8473214285714286,12.5,82,0,1.8,55,14.8,16.7,15.6,0.0,0.0,0.0,14.0,64.0,0.0,0.0,3.0,92.0,0.0,100800.0
2025-03-30 22:00:00,22.5325900848409,18.2253062147419,0.0,1.846547619047619,12.0,84,0,0.8,37,13.7,16.6,15.6,0.0,0.0,0.0,14.0,74.0,0.0,0.0,3.0,60.0,0.0,100820.0
2025-03-30 23:00:00,22.6425652981523,18.2360723316327,0.0,1.8457738095238094,11.1,86,0,0.4,28,12.9,16.4,15.6,0.0,0.0,0.0,11.0,82.0,0.0,0.0,0.0,156.0,0.0,100830.0
2025-03-31 00:00:00,22.6971876676072,18.2036403499869,0.0,1.845,10.0,87,0,3.2,315,12.2,16.1,15.6,0.0,0.0,0.0,9.0,88.0,0.0,0.0,0.0,288.0,0.0,100830.0
2025-03-31 01:00:00,22.6413482691341,18.4052955775283,0.0,1.8442261904761905,9.9,89,0,6.4,275,12.1,15.9,15.6,0.0,0.0,0.0,8.0,88.0,0.0,0.0,1.0,172.0,0.0,100810.0
2025-03-31 02:00:00,22.6360831437981,18.2986167883399,0.0,1.8434523809523808,9.1,93,0,8.7,265,11.8,15.7,15.6,0.0,0.0,0.0,10.0,81.0,0.0,0.0,1.0,204.0,0.0,100790.0
2025-03-31 03:00:00,22.5488398783339,18.1483580291039,0.0,1.8426785714285714,8.0,94,0,5.0,269,11.4,15.5,15.6,0.0,0.0,0.0,8.0,86.0,0.0,0.0,0.0,192.0,0.0,100770.0
2025-03-31 04:00:00,22.5059517950348,18.1504411590553,0.0,1.841904761904762,7.5,88,0,3.5,258,10.8,15.2,15.6,0.0,0.0,0.0,8.0,89.0,0.0,0.0,0.0,186.0,0.0,100700.0
2025-03-31 05:00:00,22.463123462661,18.1470362874145,0.0,1.8411309523809523,7.8,81,0,3.9,267,10.3,15.0,15.6,0.0,0.0,0.0,7.0,91.0,0.0,0.0,0.0,174.0,0.0,100660.0
2025-03-31 06:00:00,22.4075949532966,18.0946718630647,0.0,1.8403571428571428,7.9,77,0,1.7,285,9.9,14.7,15.6,0.0,0.0,0.0,8.0,92.0,0.0,0.0,0.0,198.0,0.0,100640.0
2025-03-31 07:00:00,22.5032242999326,18.2114700094111,0.0,1.8395833333333333,10.3,67,0,0.7,16,10.2,14.5,15.6,0.0,0.0,0.01,6.0,92.0,0.0,0.0,0.0,142.0,0.0,100620.0
2025-03-31 08:00:00,22.4215706403587,18.0062784694285,0.0,1.838809523809524,13.7,63,0,4.4,23,11.7,14.3,15.6,0.0,0.0,0.12,5.0,92.0,236.0,0.0,0.0,174.0,0.0,100590.0
2025-03-31 09:00:00,22.4518333346277,18.2944524372947,0.0,1.8380357142857142,16.0,56,0,7.2,23,13.7,14.2,15.6,0.0,0.0,0.25,7.0,89.0,6084.0,0.0,0.0,168.0,0.0,100600.0
2025-03-31 10:00:00,22.1735209093308,18.1594333283415,0.0,1.8372619047619048,17.7,50,0,9.9,26,15.8,14.3,15.6,0.0,0.0,0.37,13.0,78.0,26784.0,2.0,1.0,258.0,0.0,100600.0
2025-03-31 11:00:00,22.253432547394,18.1225894048617,0.0,1.8364880952380953,19.4,46,0,11.0,23,17.8,14.5,15.6,0.0,0.0,0.47,16.0,66.0,57000.0,5.0,1.0,65.0,0.0,100580.0
2025-03-31 12:00:00,22.1500094219316,17.7368883988435,0.0,1.8357142857142856,20.6,44,0,12.5,24,19.5,14.7,15.6,0.0,0.0,0.53,18.0,56.0,79480.0,6.0,0.0,58.0,0.0,100570.0
2025-03-31 13:00:00,22.160913124324,17.4421562776173,0.0,1.8349404761904762,20.8,45,0,12.2,30,20.4,15.0,15.6,0.0,0.0,0.54,21.0,48.0,94273.0,6.0,3.0,66.0,0.0,100490.0
2025-03-31 14:00:00,21.8486270789683,17.4220599782691,0.0,1.8341666666666667,20.8,43,0,13.4,36,21.2,15.4,15.6,0.0,0.0,0.51,21.0,53.0,99777.0,8.0,3.0,14.0,0.0,100410.0
2025-03-31 15:00:00,21.781292919368,17.3656145206992,0.0,1.833392857142857,20.4,45,14,14.1,37,21.4,15.7,15.6,0.0,0.0,0.44,21.0,46.0,95389.0,9.0,4.0,23.0,0.0,100350.0
2025-03-31 16:00:00,21.7831785557315,17.140050545512,0.0,1.8326190476190476,19.7,48,0,13.0,36,21.1,16.0,15.6,0.0,0.0,0.34,21.0,44.0,84276.0,6.0,4.0,71.0,0.0,100290.0
2025-03-31 17:00:00,21.6616169971868,16.8824633327788,0.0,1.8318452380952381,18.5,54,0,11.5,36,20.3,16.3,15.6,0.0,0.0,0.22,21.0,45.0,66122.0,5.0,4.0,42.0,0.0,100220.0
2025-03-31 18:00:00,21.5597395780218,16.7507877193181,0.0,1.8310714285714285,16.2,69,0,5.6,36,19.0,16.4,15.6,0.0,0.0,0.07,20.0,56.0,41929.0,2.0,4.0,32.0,0.0,100210.0
2025-03-31 19:00:00,21.7086262478293,16.8366772826909,0.0,1.830297619047619,13.7,81,0,2.3,33,17.1,16.5,15.6,0.0,0.0,0.01,19.0,56.0,16920.0,1.0,4.0,27.0,0.0,100190.0
2025-03-31 20:00:00,21.6646692654159,16.7502158368518,0.0,1.8295238095238096,13.0,85,0,1.3,14,15.6,16.5,15.6,0.0,0.0,0.0,17.0,64.0,3271.0,0.0,3.0,42.0,0.0,100180.0
2025-03-31 21:00:00,21.5857639037447,16.5746335694646,0.0,1.8287499999999999,12.0,87,20,2.4,315,14.5,16.4,15.6,0.0,0.0,0.0,14.0,80.0,0.0,0.0,1.0,60.0,0.0,100180.0
2025-03-31 22:00:00,21.6096713508957,16.6115034462448,0.0,1.8279761904761904,11.4,85,70,2.6,274,13.6,16.2,15.6,0.0,0.0,0.0,12.0,86.0,0.0,0.0,0.0,198.0,0.0,100210.0
2025-03-31 23:00:00,21.605767808575,16.616316586517,0.0,1.827202380952381,11.1,83,79,3.1,253,12.8,16.0,15.6,0.0,0.0,0.0,10.0,85.0,0.0,0.0,0.0,178.0,0.0,100230.0
2025-04-01 00:00:00,21.4875609585652,16.6242830236961,0.0,1.8264285714285715,11.0,81,98,3.2,236,12.2,15.8,15.6,0.0,0.0,0.0,10.0,87.0,0.0,0.0,0.0,168.0,0.0,100210.0
2025-04-01 01:00:00,21.4498967804359,16.6258739814917,0.0,1.8256547619047618,10.6,83,98,6.0,240,11.7,15.7,15.6,0.0,0.0,0.0,9.0,92.0,0.0,0.0,0.0,177.0,0.0,100170.0
2025-04-01 02:00:00,21.5857500113947,16.9441134809659,0.0,1.8248809523809524,10.4,85,99,6.1,251,11.6,15.4,15.6,0.0,0.0,0.0,8.0,94.0,0.0,0.0,0.0,192.0,0.0,100160.0
2025-04-01 03:00:00,21.3053903768554,16.7662228230962,0.0,1.824107142857143,10.4,81,98,3.6,245,11.3,15.2,15.6,0.0,0.0,0.0,8.0,95.0,0.0,0.0,0.0,167.0,0.0,100130.0
2025-04-01 04:00:00,21.4886610813896,16.7790374563464,0.0,1.8233333333333333,10.5,78,100,2.7,247,11.0,15.0,15.6,0.0,0.0,0.0,9.0,95.0,0.0,0.0,0.0,180.0,0.0,100110.0
2025-04-01 05:00:00,21.3379785674736,16.3979794279871,0.0,1.8225595238095238,10.1,78,99,3.9,222,10.7,14.8,15.6,0.0,0.0,0.0,8.0,95.0,0.0,0.0,0.0,173.0,0.0,100070.0
2025-04-01 06:00:00,21.2994451885203,16.7063510636435,0.0,1.8217857142857143,10.0,78,100,3.0,236,10.5,14.5,15.6,0.0,0.0,0.0,8.0,94.0,0.0,0.0,0.0,174.0,0.0,100000.0
2025-04-01 07:00:00,21.3064809062354,16.7255485091984,0.0,1.8210119047619047,11.7,77,100,3.3,280,10.9,14.3,15.6,0.0,0.0,0.02,8.0,95.0,0.0,0.0,0.0,156.0,0.0,100000.0
2025-04-01 08:00:00,21.1837561660112,16.4575183522309,0.0,1.8202380952380952,14.6,69,100,3.6,255,12.3,14.2,15.6,0.0,0.0,0.1,8.0,95.0,640.0,0.0,0.0,198.0,0.0,99940.0
2025-04-01 09:00:00,21.2752923358757,16.6003209733127,0.0,1.8194642857142858,16.8,58,100,1.1,333,14.2,14.2,15.6,0.0,0.0,0.21,11.0,95.0,8727.0,0.0,0.0,180.0,0.0,99940.0
2025-04-01 10:00:00,21.3283932369436,16.4696317810937,0.0,1.818690476190476,18.6,52,20,4.3,356,16.3,14.3,15.6,0.0,0.0,0.34,14.0,83.0,34778.0,2.0,0.0,276.0,0.0,99970.0
2025-04-01 11:00:00,21.360397451478,16.4430419261162,0.0,1.8179166666666666,20.2,49,40,7.0,355,18.4,14.5,15.6,0.0,0.0,0.47,17.0,62.0,44349.0,4.0,2.0,112.0,0.0,99970.0
2025-04-01 12:00:00,21.083620950606,16.161479279605,0.0,1.8171428571428572,21.0,44,22,11.1,339,20.0,14.8,15.6,0.0,0.0,0.53,19.0,59.0,73895.0,5.0,1.0,44.0,0.0,99970.0
2025-04-01 13:00:00,21.1533433633926,16.0580482784435,0.0,1.8163690476190477,21.2,42,39,13.3,339,20.9,15.2,15.6,0.0,0.0,0.54,19.0,51.0,67438.0,5.0,2.0,351.0,0.0,99930.0
2025-04-01 14:00:00,20.8333371724479,16.1383621169442,0.0,1.815595238095238,21.1,43,25,11.8,337,21.5,15.6,15.6,0.0,0.0,0.51,20.0,42.0,91157.0,7.0,5.0,6.0,0.0,99870.0
2025-04-01 15:00:00,20.8466435522428,15.8441337449203,0.0,1.8148214285714286,20.4,48,3,9.5,336,21.7,15.9,15.6,0.0,0.0,0.43,20.0,41.0,93520.0,6.0,2.0,1.0,0.0,99800.0
2025-04-01 16:00:00,21.0912172216387,15.8097004913002,0.0,1.8140476190476191,19.9,50,6,7.1,344,21.5,16.3,15.6,0.0,0.0,0.32,20.0,52.0,79752.0,7.0,4.0,27.0,0.0,99770.0
2025-04-01 17:00:00,20.9226621917587,15.7790858926055,0.0,1.8132738095238095,19.6,54,10,3.4,321,20.8,16.5,15.6,0.0,0.0,0.19,20.0,56.0,59582.0,3.0,5.0,27.0,0.0,99700.0
2025-04-01 18:00:00,20.9147286630379,15.6712045967244,0.0,1.8125,17.4,73,30,2.8,43,19.6,16.7,15.6,0.0,0.0,0.07,19.0,59.0,35398.0,1.0,2.0,53.0,0.0,99660.0
2025-04-01 19:00:00,20.6398606634134,15.4579996997538,0.0,1.8117261904761905,15.2,77,70,3.6,132,17.9,16.8,15.6,0.0,0.0,0.02,19.0,65.0,13007.0,1.0,2.0,343.0,0.0,99650.0
2025-04-01 20:00:00,20.5713150833499,15.5962262348782,0.0,1.8109523809523809,14.5,74,100,3.8,169,16.7,16.8,15.6,0.0,0.0,0.0,16.0,81.0,1403.0,0.0,2.0,37.0,0.0,99660.0
2025-04-01 21:00:00,20.6874797382717,15.4498384394199,0.0,1.8101785714285714,14.2,71,98,4.0,202,15.9,16.8,15.6,0.0,0.0,0.0,15.0,86.0,0.0,0.0,0.0,102.0,0.0,99650.0
2025-04-01 22:00:00,20.5730237885756,15.4725211515061,0.0,1.809404761904762,13.9,70,21,4.9,207,15.2,16.7,15.6,0.0,0.0,0.01,15.0,86.0,0.0,0.0,2.0,144.0,0.0,99680.0
2025-04-01 23:00:00,20.6074088808577,15.4481219387472,0.0,1.8086309523809523,13.5,72,1,6.0,214,14.6,16.5,15.6,0.0,0.0,0.01,14.0,85.0,0.0,0.0,1.0,186.0,0.0,99670.0
2025-04-02 00:00:00,20.7569712376349,15.3818541077388,0.0,1.8078571428571428,13.2,75,0,5.6,212,14.1,16.4,15.6,0.0,0.0,0.0,14.0,84.0,0.0,0.0,1.0,282.0,0.0,99610.0
2025-04-02 01:00:00,20.6040743252103,15.3261290132394,0.0,1.8070833333333334,13.4,75,6,2.0,212,13.9,16.2,15.6,0.0,0.0,0.0,11.0,89.0,0.0,0.0,1.0,174.0,0.0,99600.0
2025-04-02 02:00:00,20.7236371030041,15.3845150030918,0.0,1.806309523809524,13.1,77,1,2.0,135,13.5,16.1,15.6,0.0,0.0,0.0,12.0,91.0,0.0,0.0,0.0,198.0,0.0,99560.0
2025-04-02 03:00:00,20.5667970164338,15.3421847284739,0.0,1.8055357142857142,12.1,82,0,3.6,137,13.1,15.9,15.6,0.0,0.0,0.0,12.0,87.0,0.0,0.0,0.0,168.0,0.0,99520.0
2025-04-02 04:00:00,20.4186253638241,15.3146906090546,0.0,1.8047619047619048,11.3,85,0,3.5,159,12.8,15.7,15.6,0.0,0.0,0.0,12.0,88.0,0.0,0.0,1.0,186.0,0.0,99440.0
2025-04-02 05:00:00,20.654570797503,15.1557198748829,0.0,1.8039880952380953,10.8,87,0,3.5,191,12.5,15.6,15.6,0.0,0.0,0.0,13.0,84.0,0.0,0.0,0.0,178.0,0.0,99370.0
2025-04-02 06:00:00,20.4713179525951,15.4208324895447,0.0,1.8032142857142857,10.6,86,0,3.3,175,12.3,15.4,15.6,0.0,0.0,0.0,12.0,87.0,0.0,0.0,0.0,134.0,0.0,99340.0
2025-04-02 07:00:00,20.5076434012259,15.3220322815888,0.0,1.8024404761904762,12.8,79,1,6.9,247,12.6,15.2,15.6,0.0,0.0,0.03,12.0,84.0,0.0,0.0,1.0,186.0,0.0,99340.0
2025-04-02 08:00:00,20.4432521542033,15.3310425291038,0.0,1.8016666666666667,17.2,68,21,3.1,261,14.0,15.1,15.6,0.0,0.0,0.13,12.0,80.0,2125.0,0.0,1.0,204.0,0.0,99370.0
2025-04-02 09:00:00,20.5294092423195,15.3389718151529,0.0,1.800892857142857,19.9,57,39,3.1,14,16.1,15.1,15.6,0.0,0.0,0.26,16.0,73.0,12826.0,0.0,0.0,192.0,0.0,99400.0
2025-04-02 10:00:00,20.4224455047459,15.1933412832597,0.0,1.8001190476190476,21.7,53,7,3.6,21,18.3,15.3,15.6,0.0,0.0,0.39,19.0,60.0,37020.0,2.0,0.0,240.0,0.0,99430.0
2025-04-02 11:00:00,20.4979860292476,15.2116344211574,0.0,1.7993452380952382,23.0,50,7,5.7,22,20.3,15.5,15.6,0.0,0.0,0.49,21.0,52.0,66066.0,6.0,1.0,279.0,0.0,99450.0
2025-04-02 12:00:00,20.2924852024038,14.8819150628139,40.13772890177085,1.7985714285714285,23.1,52,18,13.1,39,21.7,15.8,15.6,0.0,0.0,0.52,22.0,44.0,86219.0,6.0,2.0,324.0,0.0,99460.0
2025-04-02 13:00:00,20.4405110906001,20.3889717376564,0.0,1.797797619047619,21.7,58,31,19.6,44,22.3,16.2,15.6,0.0,0.0,0.49,22.0,55.0,96736.0,6.0,7.0,44.0,0.0,99410.0
2025-04-02 14:00:00,20.7545641239461,24.2520142444952,0.0,1.7970238095238096,21.8,59,4,18.2,48,22.7,16.6,15.6,0.0,0.0,0.46,22.0,56.0,98240.0,8.0,4.0,42.0,0.0,99370.0
2025-04-02 15:00:00,20.7736363510518,23.9772284551255,0.0,1.79625,20.9,61,3,18.1,48,22.6,16.9,15.7,0.0,0.0,0.39,21.0,59.0,92361.0,5.0,5.0,10.0,0.0,99350.0
2025-04-02 16:00:00,21.1387710586019,23.8214121764789,0.0,1.7954761904761904,20.8,63,0,16.2,51,22.3,17.2,15.7,0.0,0.0,0.32,21.0,62.0,77952.0,6.0,5.0,38.0,0.0,99350.0
2025-04-02 17:00:00,21.5380503755683,23.3975748285265,0.0,1.794702380952381,19.1,68,2,16.0,40,21.5,17.4,15.7,0.0,0.0,0.2,21.0,63.0,57125.0,4.0,4.0,60.0,0.0,99330.0
2025-04-02 18:00:00,21.7518974365289,23.2796713977741,0.0,1.7939285714285715,17.9,76,0,13.2,24,20.3,17.6,15.7,0.0,0.0,0.09,20.0,61.0,32024.0,2.0,3.0,52.0,0.0,99340.0
2025-04-02 19:00:00,22.0811668717571,23.0944786958081,0.0,1.7931547619047619,15.9,86,15,8.8,43,18.9,17.7,15.7,0.0,0.0,0.03,20.0,62.0,10633.0,1.0,3.0,6.0,0.0,99400.0
2025-04-02 20:00:00,22.3329603214875,23.0478351580131,0.0,1.7923809523809524,14.5,91,0,5.1,56,17.7,17.7,15.7,0.0,0.0,0.0,18.0,66.0,1214.0,0.0,3.0,60.0,0.0,99430.0
2025-04-02 21:00:00,22.5101478045668,22.7435286431387,0.0,1.791607142857143,14.4,91,0,1.6,55,16.6,17.6,15.7,0.0,0.0,0.0,16.0,73.0,0.0,0.0,1.0,84.0,0.0,99480.0
2025-04-02 22:00:00,22.5051747574702,22.8607587940654,0.0,1.7908333333333333,13.9,92,3,1.2,27,15.8,17.5,15.7,0.0,0.0,0.0,15.0,78.0,0.0,0.0,0.0,8.0,0.0,99550.0
2025-04-02 23:00:00,22.6878289801971,22.9098575646508,0.0,1.7900595238095238,13.7,92,2,1.6,323,15.1,17.3,15.7,0.0,0.0,0.0,14.0,80.0,0.0,0.0,0.0,118.0,0.0,99590.0
2025-04-03 00:00:00,23.1434592091263,22.8558564431455,0.0,1.7892857142857144,13.3,92,0,1.3,308,14.6,17.1,15.7,0.0,0.0,0.0,14.0,81.0,0.0,0.0,0.0,161.0,0.0,99610.0
2025-04-03 01:00:00,22.9645952445871,22.9766633092871,0.0,1.7885119047619047,13.7,90,0,0.2,9,14.9,17.0,15.8,0.0,0.0,0.0,12.0,82.0,0.0,0.0,0.0,186.0,0.0,99620.0
2025-04-03 02:00:00,23.0312250586696,22.8679479496237,0.0,1.7877380952380952,13.2,90,0,0.6,330,14.3,16.9,15.8,0.0,0.0,0.0,11.0,85.0,0.0,0.0,1.0,167.0,0.0,99620.0
2025-04-03 03:00:00,23.0683849979943,22.8375005737143,0.0,1.7869642857142858,12.5,90,3,3.3,266,13.8,16.7,15.8,0.0,0.0,0.0,11.0,87.0,0.0,0.0,0.0,110.0,0.0,99600.0
2025-04-03 04:00:00,23.3711995652643,22.7426804943773,0.0,1.786190476190476,12.2,90,8,5.3,254,13.5,16.5,15.8,0.0,0.0,0.0,12.0,92.0,0.0,0.0,0.0,94.0,0.0,99590.0
2025-04-03 05:00:00,23.320340567461,22.9753893640744,0.0,1.7854166666666667,12.6,92,70,8.4,237,13.5,16.3,15.8,0.0,0.0,0.0,13.0,94.0,0.0,0.0,0.0,192.0,0.0,99600.0
2025-04-03 06:00:00,23.4582068454516,23.1044200482286,0.0,1.7846428571428572,13.6,89,100,9.5,232,13.8,16.2,15.8,0.0,0.0,0.0,12.0,95.0,0.0,0.0,0.0,178.0,0.0,99620.0
2025-04-03 07:00:00,23.3793103062054,23.0911840466348,0.0,1.7838690476190477,15.1,84,100,10.7,231,14.3,16.0,15.8,0.0,0.0,0.04,12.0,92.0,0.0,0.0,2.0,204.0,0.0,99690.0
2025-04-03 08:00:00,23.5922994339291,22.9790262621577,0.0,1.783095238095238,16.4,81,100,11.4,245,15.1,16.0,15.8,0.0,0.0,0.09,14.0,86.0,2208.0,0.0,0.0,204.0,0.0,99720.0
2025-04-03 09:00:00,23.6717361667237,22.8772730052046,0.0,1.7823214285714286,17.6,75,85,9.7,255,16.2,15.9,15.8,0.0,0.0,0.17,15.0,82.0,12312.0,0.0,1.0,282.0,0.0,99770.0
2025-04-03 10:00:00,23.4396018015048,22.9209373149714,0.0,1.7815476190476192,18.8,69,100,7.6,270,17.5,16.0,15.8,0.0,0.0,0.22,17.0,76.0,23456.0,1.0,2.0,234.0,0.0,99820.0
2025-04-03 11:00:00,23.5886198160114,22.9786568434886,0.0,1.7807738095238095,20.2,63,100,7.7,291,19.1,16.1,15.8,0.0,0.0,0.35,19.0,70.0,76592.0,5.0,1.0,1.0,0.0,99840.0
2025-04-03 12:00:00,23.6221114924795,22.8068070997075,0.0,1.78,21.3,58,84,9.7,314,20.4,16.3,15.8,0.0,0.0,0.39,20.0,65.0,90529.0,7.0,2.0,299.0,0.0,99840.0
2025-04-03 13:00:00,23.6772696975198,22.6604181988358,0.0,1.7798809523809525,21.7,59,98,14.1,8,22.1,16.7,15.8,0.0,0.0,0.49,20.0,69.0,116329.0,7.0,2.0,18.0,0.0,99780.0
2025-04-03 14:00:00,23.6068020604084,22.272233847978,0.0,1.7797619047619049,20.0,69,66,15.9,31,22.4,17.0,15.8,0.0,0.0,0.38,20.0,71.0,44600.0,4.0,5.0,33.0,0.0,99750.0
2025-04-03 15:00:00,23.6126656504183,22.2771273215951,0.0,1.779642857142857,19.7,69,97,14.4,47,22.4,17.3,15.8,0.0,0.0,0.33,20.0,66.0,75232.0,6.0,5.0,18.0,0.0,99700.0
2025-04-03 16:00:00,23.8267704019769,22.2135949149537,0.0,1.7795238095238095,19.5,68,98,13.2,56,22.0,17.5,15.8,0.0,0.0,0.27,19.0,72.0,65315.0,5.0,4.0,72.0,0.0,99710.0
2025-04-03 17:00:00,23.6459729659039,22.0121666229562,0.0,1.779404761904762,18.5,72,6,12.9,48,21.3,17.7,15.8,0.0,0.0,0.18,19.0,72.0,27724.0,2.0,3.0,45.0,0.0,99630.0
2025-04-03 18:00:00,23.6150196998256,21.745882902853,0.0,1.7792857142857144,17.1,80,8,11.3,65,20.2,17.9,15.8,0.0,0.0,0.08,19.0,73.0,15048.0,1.0,4.0,42.0,0.0,99600.0
2025-04-03 19:00:00,23.8285101652365,21.7738620120738,0.0,1.7791666666666668,15.4,88,7,8.0,77,18.8,17.9,15.8,0.0,0.0,0.02,18.0,70.0,8960.0,0.0,4.0,48.0,0.0,99560.0
2025-04-03 20:00:00,23.4603328208357,21.867936950089,0.0,1.779047619047619,14.3,85,0,7.4,84,17.7,17.9,15.9,0.0,0.0,0.0,17.0,74.0,483.0,0.0,2.0,53.0,0.0,99560.0
2025-04-03 21:00:00,23.7464125146944,21.5592894882027,0.0,1.7789285714285714,13.3,83,0,6.1,58,16.6,17.8,15.9,0.0,0.0,0.0,15.0,85.0,0.0,0.0,1.0,117.0,0.0,99550.0
2025-04-03 22:00:00,23.5667156309481,21.8367886508085,0.0,1.7788095238095238,12.8,84,20,2.7,23,15.6,17.7,15.9,0.0,0.0,0.0,14.5,87.0,0.0,0.0,0.5,85.0,0.0,99545.0
2025-04-03 23:00:00,23.7639901493153,21.5527475487243,0.0,1.7786904761904763,12.2,87,88,9.4,315,14.9,17.5,15.9,0.0,0.0,0.0,14.0,89.0,0.0,0.0,0.0,53.0,0.0,99540.0
2025-04-04 00:00:00,23.4995724571003,21.70819552147,0.0,1.7785714285714287,12.6,93,37,18.1,245,14.6,17.3,15.9,0.0,0.0,0.0,13.0,92.0,0.0,0.0,0.0,291.0,0.0,99520.0
2025-04-04 01:00:00,23.687089806567,21.7514884852539,0.0,1.778452380952381,14.0,87,38,9.2,203,15.0,17.2,15.9,0.0,0.0,0.0,12.0,93.0,0.0,0.0,0.0,204.0,0.0,99500.0
2025-04-04 02:00:00,23.6408351616505,21.8154949842,0.0,1.7783333333333333,13.3,86,44,8.5,219,14.7,17.0,15.9,0.0,0.0,0.0,14.0,93.0,0.0,0.0,3.0,228.0,0.0,99790.0
2025-04-04 03:00:00,23.716764345678,21.4664678533547,0.0,1.7782142857142857,13.7,83,4,6.3,230,14.5,16.9,15.9,0.0,0.0,0.0,15.0,89.0,0.0,0.0,2.0,246.0,0.0,99910.0
2025-04-04 04:00:00,23.4683507099232,21.7018985682937,0.0,1.7780952380952382,12.7,87,0,3.2,236,14.1,16.7,15.9,0.0,0.0,0.0,13.0,91.0,0.0,0.0,0.0,146.0,0.0,99870.0
2025-04-04 05:00:00,23.582560455439,21.7782205850473,0.0,1.7779761904761906,12.5,85,0,1.5,169,13.6,16.5,15.9,0.0,0.0,0.0,13.0,89.0,0.0,0.0,2.0,157.0,0.0,99930.0
2025-04-04 06:00:00,23.7696876536611,21.5688827233653,0.0,1.7778571428571428,12.5,83,0,1.5,158,13.2,16.3,15.9,0.0,0.0,0.0,13.0,92.0,0.0,0.0,2.0,128.0,0.0,99910.0
2025-04-04 07:00:00,23.7010509178978,21.6216106220501,0.0,1.7777380952380952,14.6,78,0,3.6,212,13.6,16.2,15.9,0.0,0.0,0.03,13.0,90.0,0.0,0.0,0.0,145.0,0.0,99930.0
2025-04-04 08:00:00,23.7716140961413,21.5324146812681,0.0,1.7776190476190477,18.0,68,0,1.2,212,15.1,16.1,15.9,0.0,0.0,0.13,12.0,93.0,0.0,0.0,0.0,204.0,0.0,99930.0
2025-04-04 09:00:00,23.5211387239814,21.6106223430735,0.0,1.7775,20.7,61,0,3.1,285,17.1,16.1,15.9,0.0,0.0,0.27,12.0,94.0,5440.0,0.0,0.0,204.0,0.0,100010.0
2025-04-04 10:00:00,23.5250788260343,21.3976784417803,0.0,1.7773809523809525,23.5,51,0,5.6,263,19.4,16.2,15.9,0.0,0.0,0.41,16.0,83.0,19900.0,1.0,2.0,285.0,0.0,100030.0
2025-04-04 11:00:00,23.6128387351822,21.692569843816,0.0,1.7772619047619047,25.6,40,6,10.6,265,21.3,16.4,15.9,0.0,0.0,0.54,18.0,74.0,47093.0,2.0,2.0,264.0,0.0,100080.0
2025-04-04 12:00:00,23.5946576409638,21.3088909433671,0.0,1.7771428571428571,26.5,38,26,11.9,268,22.8,16.7,15.9,0.0,0.0,0.58,21.0,61.0,70293.0,5.0,0.0,19.0,0.0,100100.0
2025-04-04 13:00:00,23.550975855597,21.0120779045083,0.0,1.7770238095238096,26.6,39,34,10.2,275,23.6,17.1,15.9,0.0,0.0,0.54,24.0,48.0,85388.0,7.0,3.0,228.0,0.0,100070.0
2025-04-04 14:00:00,23.3436620687502,20.9122449699836,0.0,1.776904761904762,26.8,38,87,8.0,296,24.4,17.4,15.9,0.0,0.0,0.53,25.0,39.0,110519.0,9.0,6.0,317.0,0.0,100050.0
2025-04-04 15:00:00,23.3272700570586,20.6737001781391,0.0,1.7767857142857144,23.8,46,48,16.9,3,23.7,17.8,16.0,0.0,0.0,0.31,26.0,37.0,107084.0,8.0,3.0,257.0,0.0,100000.0
2025-04-04 16:00:00,23.3292967371811,20.3294191352117,0.0,1.7766666666666666,23.1,47,26,13.5,44,23.3,18.1,16.0,0.0,0.0,0.33,27.0,35.0,96425.0,6.0,2.0,318.0,0.0,99960.0
2025-04-04 17:00:00,23.3674575690045,20.1509283709887,0.0,1.776547619047619,22.4,51,30,8.9,72,22.7,18.3,16.0,0.0,0.0,0.22,23.0,47.0,31378.0,3.0,6.0,0.0,0.0,99990.0
2025-04-04 18:00:00,23.1498660180058,20.2050365825898,0.0,1.7764285714285715,20.4,62,15,5.1,358,21.6,18.5,16.0,0.0,0.0,0.09,23.0,48.0,26400.0,1.0,4.0,7.0,0.0,100020.0
2025-04-04 19:00:00,23.0626297602783,20.226512946511,0.0,1.776309523809524,17.9,74,12,1.8,339,20.0,18.6,16.0,0.0,0.0,0.02,22.0,57.0,23679.0,1.0,3.0,37.0,0.0,100070.0
2025-04-04 20:00:00,22.9876248360928,19.8415702297219,0.0,1.7761904761904763,16.9,78,9,1.0,22,18.7,18.5,16.0,0.0,0.0,0.0,21.0,55.0,6898.0,0.0,3.0,30.0,0.0,100090.0
2025-04-04 21:00:00,23.0995366780678,19.869726689838,0.0,1.7760714285714285,16.4,76,0,1.9,104,17.6,18.5,16.0,0.0,0.0,0.0,19.0,58.0,187.0,0.0,1.0,120.0,0.0,100140.0
2025-04-04 22:00:00,23.0006731142955,19.9394748253449,0.0,1.775952380952381,15.7,76,1,1.7,18,16.7,18.3,16.0,0.0,0.0,0.0,17.0,66.0,0.0,0.0,0.0,54.0,0.0,100250.0
2025-04-04 23:00:00,23.1343355063788,19.5870064329882,0.0,1.7758333333333334,14.8,81,1,1.8,27,16.0,18.2,16.1,0.0,0.0,0.0,17.0,66.0,0.0,0.0,1.0,154.0,0.0,100360.0
2025-04-05 00:00:00,22.921571825636,19.9382877368218,0.0,1.7757142857142858,14.1,82,0,3.1,74,15.4,18.0,16.1,0.0,0.0,0.0,16.0,76.0,0.0,0.0,1.0,119.0,0.0,100410.0
2025-04-05 01:00:00,22.941760445242,19.8802195946883,0.0,1.7755952380952382,14.3,78,0,2.6,90,15.2,17.9,16.1,0.0,0.0,0.0,14.0,82.0,0.0,0.0,0.0,161.0,0.0,100410.0
2025-04-05 02:00:00,22.9792372115393,19.889176272707,0.0,1.7754761904761904,13.9,78,1,2.6,90,14.6,17.7,16.1,0.0,0.0,0.0,13.0,84.0,0.0,0.0,1.0,134.0,0.0,100410.0
2025-04-05 03:00:00,22.9213925563117,19.8371786034318,0.0,1.7753571428571429,13.3,81,24,4.9,79,14.2,17.5,16.1,0.0,0.0,0.0,13.0,80.0,0.0,0.0,1.0,120.0,0.0,100390.0
2025-04-05 04:00:00,22.7873756444615,19.6724451638809,0.0,1.7752380952380953,13.2,84,42,5.6,77,14.0,17.3,16.1,0.0,0.0,0.0,13.0,82.0,0.0,0.0,0.0,125.0,0.0,100410.0
2025-04-05 05:00:00,22.7274540048858,19.7391127702586,0.0,1.7751190476190477,13.4,85,99,3.9,70,13.9,17.1,16.1,0.0,0.0,0.0,13.0,82.0,0.0,0.0,1.0,138.0,0.0,100400.0
2025-04-05 06:00:00,23.0319537554297,19.6398223047212,0.0,1.775,13.6,87,100,3.8,70,13.9,16.9,16.1,0.1,0.1,0.02,12.0,86.0,0.0,0.0,0.0,92.0,0.0,100390.0
2025-04-05 07:00:00,22.8506624951658,19.6220998515337,0.0,1.7748809523809523,15.2,84,30,5.2,86,14.4,16.7,16.1,0.0,0.0,0.03,13.0,80.0,0.0,0.0,1.0,184.0,0.0,100440.0
2025-04-05 08:00:00,22.9040977049153,19.6862214941422,0.0,1.7747619047619048,16.8,79,36,3.8,73,15.5,16.6,16.1,0.0,0.0,0.09,13.0,86.0,149.0,0.0,0.0,103.0,0.0,100450.0
2025-04-05 09:00:00,22.9349828080987,19.5649028759167,0.0,1.7746428571428572,18.2,71,32,4.7,20,17.0,16.6,16.1,0.0,0.0,0.22,15.0,84.0,8036.0,0.0,0.0,109.0,0.0,100480.0
2025-04-05 10:00:00,22.672155155078,19.522214138401,0.0,1.7745238095238096,19.4,66,29,4.8,19,18.6,16.7,16.1,0.1,0.1,0.31,17.0,77.0,30560.0,1.0,2.0,119.0,0.0,100480.0
2025-04-05 11:00:00,22.9056182812102,19.5542900020483,0.0,1.7744047619047618,20.8,61,51,7.2,10,20.3,16.8,16.1,0.1,0.1,0.42,19.0,70.0,32318.0,2.0,0.0,217.0,0.0,100490.0
2025-04-05 12:00:00,22.7012403517126,19.4254139829975,0.0,1.7742857142857142,20.3,62,90,12.7,13,20.8,17.0,16.1,0.0,0.0,0.32,19.0,68.0,47622.0,4.0,2.0,77.0,0.0,100540.0
2025-04-05 13:00:00,22.600452268512,19.163146968313,0.0,1.7741666666666667,20.1,63,99,13.1,13,21.8,17.3,16.1,0.1,0.1,0.42,20.0,65.0,44610.0,4.0,2.0,30.0,0.0,100490.0
2025-04-05 14:00:00,22.4579810213179,18.9796778136981,0.0,1.774047619047619,20.4,60,100,12.9,14,22.3,17.6,16.1,0.0,0.0,0.42,21.0,60.0,97685.0,7.0,5.0,1.0,0.0,100450.0
2025-04-05 15:00:00,22.6446319517604,18.6230730612497,0.0,1.7739285714285715,19.7,61,99,14.2,14,22.2,17.8,16.1,0.0,0.0,0.32,20.0,63.0,98499.0,8.0,5.0,42.0,0.0,100400.0
2025-04-05 16:00:00,22.6106787242609,18.2825075615202,0.0,1.7738095238095237,18.9,62,83,11.7,21,21.8,18.0,16.2,0.0,0.0,0.25,20.0,57.0,88264.0,6.0,4.0,48.0,0.0,100340.0
2025-04-05 17:00:00,22.4377905081709,18.3493244869854,0.0,1.7736904761904762,18.1,63,92,10.6,22,21.1,18.2,16.2,0.0,0.0,0.19,20.0,58.0,68260.0,3.0,4.0,354.0,0.0,100310.0
2025-04-05 18:00:00,22.3783159527479,17.8047931926508,0.0,1.7735714285714286,17.0,66,82,5.1,35,20.0,18.3,16.2,0.0,0.0,0.08,19.0,55.0,46700.0,3.0,4.0,14.0,0.0,100310.0
2025-04-05 19:00:00,22.0424048099215,18.0127943699227,0.0,1.773452380952381,15.1,75,95,3.4,91,18.6,18.3,16.2,0.0,0.0,0.02,19.0,56.0,15852.0,1.0,3.0,42.0,0.0,100310.0
2025-04-05 20:00:00,22.2353862375868,17.7482190171074,0.0,1.7733333333333334,13.9,80,4,4.3,142,17.4,18.2,16.2,0.0,0.0,0.0,18.0,60.0,6698.0,0.0,3.0,42.0,0.0,100310.0
2025-04-05 21:00:00,22.3064426365488,17.8432845147985,0.0,1.7732142857142856,13.1,84,1,4.1,173,16.3,18.1,16.2,0.0,0.0,0.0,16.0,70.0,0.0,0.0,1.0,48.0,0.0,100320.0
2025-04-05 22:00:00,22.1785711123241,17.6746108823923,0.0,1.773095238095238,12.7,83,3,4.6,197,15.6,17.9,16.2,0.0,0.0,0.0,15.0,68.0,0.0,0.0,2.0,132.0,0.0,100330.0
2025-04-05 23:00:00,22.0582802551063,17.8167078443199,0.0,1.7729761904761905,12.6,80,4,5.4,211,15.0,17.8,16.2,0.0,0.0,0.0,14.0,74.0,0.0,0.0,0.0,174.0,0.0,100370.0
2025-04-06 00:00:00,22.1449401711145,17.7150110011822,0.0,1.772857142857143,12.3,77,6,5.5,223,14.5,17.6,16.2,0.0,0.0,0.0,13.0,70.0,0.0,0.0,0.0,312.0,0.0,100380.0
2025-04-06 01:00:00,22.1178668212769,17.8043915019508,0.0,1.7727380952380953,12.3,75,2,4.8,228,14.3,17.5,16.2,0.0,0.0,0.0,14.0,75.0,0.0,0.0,0.0,270.0,0.0,100390.0
2025-04-06 02:00:00,22.0532039575539,17.7698763369681,0.0,1.7726190476190475,12.1,71,2,3.9,211,13.8,17.2,16.2,0.0,0.0,0.0,12.0,82.0,0.0,0.0,1.0,198.0,0.0,100390.0
2025-04-06 03:00:00,21.8926435412495,17.7015322220176,0.0,1.7725,11.8,69,5,3.6,207,13.3,17.0,16.3,0.0,0.0,0.0,12.0,75.0,0.0,0.0,0.0,182.0,0.0,100360.0
2025-04-06 04:00:00,22.0219009637421,17.5597292881897,0.0,1.7723809523809524,11.3,70,2,5.1,237,12.9,16.8,16.3,0.0,0.0,0.01,12.0,72.0,0.0,0.0,0.0,144.0,0.0,100300.0
2025-04-06 05:00:00,21.7936284175435,17.5379152557956,0.0,1.7722619047619048,11.1,70,2,6.4,239,12.6,16.5,16.3,0.0,0.0,0.01,9.0,83.0,0.0,0.0,0.0,234.0,0.0,100280.0
2025-04-06 06:00:00,21.9015115541784,17.5613755316134,0.0,1.7721428571428572,10.9,70,0,6.4,232,12.4,16.3,16.3,0.0,0.0,0.03,9.0,83.0,0.0,0.0,0.0,173.0,0.0,100290.0
2025-04-06 07:00:00,22.0579463631458,17.6128427388046,0.0,1.7720238095238094,13.5,65,17,7.1,227,12.8,16.1,16.3,0.0,0.0,0.05,10.0,78.0,0.0,0.0,0.0,180.0,0.0,100290.0
2025-04-06 08:00:00,21.9388955940483,17.7848561881507,0.0,1.7719047619047619,17.2,55,98,4.7,233,14.3,16.0,16.3,0.0,0.0,0.15,9.0,79.0,632.0,0.0,1.0,161.0,0.0,100300.0
2025-04-06 09:00:00,21.8173018306789,17.6698793338875,0.0,1.7717857142857143,19.4,47,93,5.3,276,16.3,15.9,16.3,0.0,0.0,0.27,13.0,69.0,9094.0,0.0,1.0,204.0,0.0,100330.0
2025-04-06 10:00:00,21.9211216759225,17.4220597340163,0.0,1.7716666666666667,20.9,45,99,6.8,288,18.3,16.0,16.2,0.0,0.0,0.39,16.0,57.0,29741.0,1.0,4.0,262.0,0.0,100350.0
2025-04-06 11:00:00,21.6589451342799,17.4076374190305,0.0,1.7715476190476191,22.3,43,100,8.7,302,20.1,16.2,16.2,0.0,0.0,0.47,19.0,49.0,57517.0,5.0,3.0,300.0,0.0,100370.0
2025-04-06 12:00:00,21.7918542496519,17.1386656583995,0.0,1.7714285714285714,22.2,45,100,12.7,329,21.2,16.5,16.2,0.0,0.0,0.46,20.0,46.0,36736.0,3.0,3.0,348.0,0.0,100390.0
2025-04-06 13:00:00,21.5977385258383,16.8599040080845,0.0,1.7713095238095238,21.3,47,27,15.3,344,21.2,16.8,16.2,0.0,0.0,0.37,20.0,50.0,62016.0,4.0,5.0,2.0,0.0,100380.0
2025-04-06 14:00:00,21.5315331307826,16.6335554195053,0.0,1.7711904761904762,21.4,43,3,15.5,338,22.0,17.0,16.3,0.0,0.0,0.48,20.0,58.0,48047.0,4.0,4.0,354.0,0.0,100350.0
2025-04-06 15:00:00,21.2441560868527,16.5222254071546,0.0,1.7710714285714286,21.4,43,2,13.1,337,22.4,17.3,16.3,0.0,0.0,0.44,21.0,53.0,102807.0,7.0,4.0,343.0,0.0,100350.0
2025-04-06 16:00:00,21.2596849799985,16.4545447423807,0.0,1.770952380952381,20.6,46,58,13.1,344,22.2,17.6,16.3,0.0,0.0,0.35,21.0,50.0,71412.0,6.0,5.0,33.0,0.0,100320.0
2025-04-06 17:00:00,21.4112456157648,16.2243232507857,0.0,1.7708333333333333,19.5,51,22,7.2,360,21.5,17.8,16.3,0.0,0.0,0.21,21.0,48.0,67019.0,5.0,5.0,58.0,0.0,100280.0
2025-04-06 18:00:00,21.3453669420098,16.1534492015824,0.0,1.7707142857142857,18.0,64,94,2.7,65,20.4,17.9,16.3,0.0,0.0,0.07,21.0,44.0,42846.0,2.0,5.0,344.0,0.0,100250.0
2025-04-06 19:00:00,21.1844640525248,16.160862150229,0.0,1.770595238095238,15.7,68,12,4.4,117,18.7,18.0,16.3,0.0,0.0,0.03,20.0,48.0,10410.0,1.0,2.0,6.0,0.0,100290.0
2025-04-06 20:00:00,21.3145287448667,15.8121210237135,0.0,1.7704761904761905,14.3,74,9,4.0,163,17.3,17.9,16.3,0.0,0.0,0.0,19.0,51.0,3330.0,0.0,1.0,14.0,0.0,100330.0
2025-04-06 21:00:00,21.153597145321,15.7695581736702,0.0,1.770357142857143,13.6,74,11,5.0,182,16.3,17.8,16.3,0.0,0.0,0.0,16.0,61.0,0.0,0.0,2.0,78.0,0.0,100410.0
2025-04-06 22:00:00,21.1978904929767,15.902997240705,0.0,1.7702380952380952,13.4,67,7,6.5,203,15.6,17.7,16.3,0.0,0.0,0.01,15.0,63.0,0.0,0.0,0.0,58.0,0.0,100460.0
2025-04-06 23:00:00,21.1605105974269,15.6985595478413,0.0,1.7701190476190476,13.2,63,13,6.9,209,15.0,17.5,16.3,0.0,0.0,0.02,13.0,72.0,0.0,0.0,1.0,216.0,0.0,100500.0
2025-04-07 00:00:00,20.9721467461044,15.74129682418,0.0,1.77,13.1,62,61,7.2,216,14.5,17.4,16.3,0.0,0.0,0.02,12.0,76.0,0.0,0.0,1.0,90.0,0.0,100500.0
2025-04-07 01:00:00,21.0523958713297,15.7212634660173,0.0,1.7698809523809524,12.8,64,0,6.9,213,14.3,17.2,16.3,0.0,0.0,0.02,14.0,62.0,0.0,0.0,1.0,282.0,0.0,100460.0
2025-04-07 02:00:00,21.0704113840161,15.7750155069209,0.0,1.7697619047619049,12.9,65,0,7.6,214,14.0,17.0,16.3,0.0,0.0,0.02,12.0,70.0,0.0,0.0,0.0,172.0,0.0,100450.0
2025-04-07 03:00:00,20.9401852186083,15.6258729863416,0.0,1.769642857142857,12.6,68,31,6.4,214,13.8,16.8,16.3,0.0,0.0,0.01,11.0,74.0,0.0,0.0,0.0,174.0,0.0,100430.0
2025-04-07 04:00:00,20.8794050883347,15.4842098331773,0.0,1.7695238095238095,12.5,70,23,6.0,221,13.5,16.7,16.3,0.0,0.0,0.01,11.0,77.0,0.0,0.0,0.0,192.0,0.0,100430.0
2025-04-07 05:00:00,20.7585107685357,15.5707875465323,0.0,1.769404761904762,12.5,72,19,6.7,211,13.4,16.5,16.3,0.0,0.0,0.01,12.0,68.0,0.0,0.0,0.0,228.0,0.0,100400.0
2025-04-07 06:00:00,20.9745092306717,15.7337028824091,0.0,1.7692857142857144,12.0,76,11,5.6,200,13.2,16.3,16.3,0.0,0.0,0.03,9.0,78.0,0.0,0.0,0.0,148.0,0.0,100410.0
2025-04-07 07:00:00,21.0550076026491,15.7137859646783,0.0,1.7691666666666668,14.3,73,10,7.3,195,13.6,16.1,16.3,0.0,0.0,0.05,9.0,80.0,0.0,0.0,2.0,156.0,0.0,100450.0
2025-04-07 08:00:00,20.880189019532,15.6957368477918,0.0,1.769047619047619,18.5,60,0,4.1,197,15.1,16.0,16.3,0.0,0.0,0.15,11.0,77.0,1790.0,0.0,0.0,192.0,0.0,100510.0
2025-04-07 09:00:00,20.89507259615,15.6514521965803,0.0,1.7689285714285714,20.6,50,0,1.3,201,17.1,16.1,16.3,0.0,0.0,0.27,12.0,76.0,6111.0,0.0,0.0,300.0,0.0,100530.0
2025-04-07 10:00:00,20.8976396141537,15.3112794943415,0.0,1.7688095238095238,22.0,46,0,2.5,21,19.3,16.2,16.3,0.0,0.0,0.4,16.0,65.0,19280.0,1.0,0.0,264.0,0.0,100560.0
2025-04-07 11:00:00,20.8300018721827,15.0965025118295,0.0,1.7686904761904763,23.2,42,0,4.7,19,21.3,16.4,16.3,0.0,0.0,0.51,21.0,49.0,64874.0,6.0,0.0,191.0,0.0,100590.0
2025-04-07 12:00:00,20.8420716998734,15.2022690973455,39.17433021216444,1.7685714285714287,24.2,39,0,8.2,18,22.9,16.7,16.3,0.0,0.0,0.58,22.0,41.0,84707.0,7.0,3.0,288.0,0.0,100610.0
2025-04-07 13:00:00,20.9827363074654,23.7344654986571,0.0,1.7684523809523809,24.2,41,0,11.9,26,23.9,17.1,16.3,0.0,0.0,0.59,23.0,41.0,98144.0,8.0,1.0,49.0,0.0,100560.0
2025-04-07 14:00:00,21.1313910176005,23.5709122889702,0.0,1.7683333333333333,23.5,42,0,15.8,34,24.3,17.5,16.3,0.0,0.0,0.55,24.0,35.0,102141.0,5.0,2.0,227.0,0.0,100510.0
2025-04-07 15:00:00,21.5640263309782,23.2888357034155,0.0,1.7682142857142857,22.8,43,0,16.6,42,24.2,17.9,16.3,0.0,0.0,0.48,24.0,39.0,96460.0,9.0,3.0,35.0,0.0,100480.0
2025-04-07 16:00:00,21.5878513193149,22.9560633345511,0.0,1.7680952380952382,22.0,46,0,15.7,47,23.7,18.2,16.3,0.0,0.0,0.38,24.0,39.0,83922.0,6.0,4.0,49.0,0.0,100460.0
2025-04-07 17:00:00,21.7825862955596,22.9216976354456,0.0,1.7679761904761906,20.9,49,0,14.5,47,22.8,18.4,16.4,0.0,0.0,0.25,22.0,47.0,64028.0,5.0,4.0,40.0,0.0,100460.0
2025-04-07 18:00:00,22.09503575914,22.5474118224563,0.0,1.7678571428571428,19.0,56,0,11.1,50,21.5,18.6,16.4,0.0,0.0,0.12,22.0,47.0,39023.0,3.0,3.0,36.0,0.0,100490.0
2025-04-07 19:00:00,22.136699670804,22.5700975514382,0.0,1.7677380952380952,16.3,69,0,5.9,62,19.9,18.6,16.4,0.0,0.0,0.04,21.0,51.0,14744.0,1.0,3.0,38.0,0.0,100500.0
2025-04-07 20:00:00,22.3372835436277,22.3071135125725,0.0,1.7676190476190476,15.4,75,0,4.5,67,18.4,18.6,16.4,0.0,0.0,0.0,19.0,59.0,2703.0,0.0,2.0,66.0,0.0,100550.0
2025-04-07 21:00:00,22.3829260655821,22.2829279255361,0.0,1.7675,15.1,76,0,3.2,63,17.1,18.5,16.4,0.0,0.0,0.0,16.0,68.0,0.0,0.0,0.0,70.0,0.0,100560.0
2025-04-07 22:00:00,22.6270395644414,22.3011386078524,0.0,1.7673809523809525,14.7,78,0,2.1,54,16.1,18.4,16.4,0.0,0.0,0.0,14.0,74.0,0.0,0.0,0.0,192.0,0.0,100640.0
2025-04-07 23:00:00,22.6570205271639,22.4826847291613,0.0,1.7672619047619047,14.5,80,0,1.2,44,15.3,18.2,16.4,0.0,0.0,0.0,13.0,76.0,0.0,0.0,0.0,186.0,0.0,100640.0
2025-04-08 00:00:00,22.7645355819042,22.1788291624609,0.0,1.7671428571428571,13.9,82,0,1.3,15,14.6,18.0,16.4,0.0,0.0,0.0,13.0,79.0,0.0,0.0,0.0,192.0,0.0,100650.0
2025-04-08 01:00:00,22.8009267065206,22.2244331506897,0.0,1.7670238095238096,13.2,84,0,2.6,322,14.0,17.8,16.4,0.0,0.0,0.0,11.0,81.0,0.0,0.0,0.0,162.0,0.0,100670.0
2025-04-08 02:00:00,22.7727723991407,22.1603863427032,0.0,1.766904761904762,12.5,83,0,4.1,291,13.6,17.5,16.4,0.0,0.0,0.0,11.0,83.0,0.0,0.0,0.0,175.0,0.0,100650.0
2025-04-08 03:00:00,22.7524395310149,22.1746350004091,0.0,1.7667857142857144,12.4,81,0,2.9,294,13.2,17.3,16.4,0.0,0.0,0.0,10.0,81.0,0.0,0.0,0.0,178.0,0.0,100640.0
2025-04-08 04:00:00,22.8993539170071,22.4473499843391,0.0,1.7666666666666666,12.4,78,0,2.9,299,12.9,17.0,16.4,0.0,0.0,0.0,10.0,84.0,0.0,0.0,0.0,167.0,0.0,100590.0
2025-04-08 05:00:00,22.8900983219443,22.0656296354386,0.0,1.766547619047619,12.1,77,0,1.8,343,12.6,16.8,16.4,0.0,0.0,0.0,10.0,85.0,0.0,0.0,0.0,165.0,0.0,100570.0
2025-04-08 06:00:00,23.063582650897,22.2708396623986,0.0,1.7664285714285715,11.7,77,0,1.9,354,12.3,16.5,16.4,0.0,0.0,0.02,10.0,85.0,0.0,0.0,1.0,167.0,0.0,100560.0
2025-04-08 07:00:00,23.0314047272201,22.1744018289318,0.0,1.7663095238095239,14.0,70,0,3.2,355,12.9,16.3,16.4,0.0,0.0,0.04,9.0,87.0,0.0,0.0,0.0,192.0,0.0,100570.0
2025-04-08 08:00:00,23.0081038449984,22.1293741777952,0.0,1.7661904761904763,17.3,64,0,5.7,347,14.5,16.2,16.4,0.0,0.0,0.15,10.0,85.0,2999.0,0.0,0.0,174.0,0.0,100590.0
2025-04-08 09:00:00,23.0389802110488,22.0757385122793,0.0,1.7660714285714285,19.8,54,0,7.7,345,16.5,16.2,16.4,0.0,0.0,0.29,14.0,80.0,15233.0,1.0,0.0,288.0,0.0,100620.0
2025-04-08 10:00:00,22.9406179277731,22.0356048733518,0.0,1.765952380952381,22.5,45,0,10.7,356,18.6,16.3,16.4,0.0,0.0,0.43,17.0,77.0,41647.0,2.0,2.0,48.0,0.0,100620.0
2025-04-08 11:00:00,22.7835486082881,21.9691082665724,0.0,1.7658333333333334,23.7,41,0,17.2,15,20.5,16.5,16.4,0.0,0.0,0.54,21.0,64.0,68910.0,6.0,2.0,44.0,0.0,100620.0
2025-04-08 12:00:00,23.3479260777192,21.9259396594745,0.0,1.7657142857142858,24.0,39,0,17.3,26,22.0,16.7,16.4,0.0,0.0,0.59,23.0,52.0,85190.0,6.0,1.0,357.0,0.0,100580.0
2025-04-08 13:00:00,23.0692556626423,21.6406833453864,0.0,1.7655952380952382,23.9,41,0,14.1,40,23.0,17.1,16.4,0.0,0.0,0.59,23.0,53.0,97230.0,8.0,4.0,42.0,0.0,100540.0
2025-04-08 14:00:00,23.0153716260773,21.4647292524797,0.0,1.7654761904761904,24.3,42,0,15.7,49,23.7,17.4,16.4,0.0,0.0,0.57,24.0,43.0,99979.0,8.0,4.0,26.0,0.0,100480.0
2025-04-08 15:00:00,22.9301041041237,21.2907385909073,0.0,1.7653571428571428,24.3,45,6,15.0,45,24.0,17.8,16.5,0.0,0.0,0.49,24.0,45.0,94086.0,7.0,5.0,28.0,0.0,100420.0
2025-04-08 16:00:00,22.9693822541494,21.0749143896854,0.0,1.7652380952380953,23.1,52,5,14.5,36,23.8,18.1,16.5,0.0,0.0,0.37,24.0,46.0,79712.0,8.0,4.0,38.0,0.0,100350.0
2025-04-08 17:00:00,23.0632828773388,20.8297042086017,0.0,1.7651190476190477,22.0,56,3,11.2,29,23.0,18.4,16.5,0.0,0.0,0.24,24.0,46.0,58886.0,3.0,5.0,18.0,0.0,100300.0
2025-04-08 18:00:00,22.9805493601794,20.6120948232401,0.0,1.765,20.0,65,5,7.9,360,21.8,18.6,16.5,0.0,0.0,0.1,24.0,53.0,32679.0,2.0,3.0,0.0,0.0,100290.0
2025-04-08 19:00:00,22.8701348864467,20.4121621377237,0.0,1.7648809523809523,17.2,74,2,5.4,351,20.2,18.7,16.5,0.0,0.0,0.03,22.0,55.0,11616.0,1.0,3.0,36.0,0.0,100320.0
2025-04-08 20:00:00,22.8978486125704,20.6364142171285,0.0,1.7647619047619048,16.3,77,13,3.3,357,18.8,18.7,16.5,0.0,0.0,0.0,20.0,63.0,1573.0,0.0,4.0,16.0,0.0,100340.0
2025-04-08 21:00:00,23.0296774378592,20.4420737015015,0.0,1.7646428571428572,15.7,79,42,2.4,347,17.7,18.6,16.5,0.0,0.0,0.0,18.0,72.0,0.0,0.0,1.0,348.0,0.0,100450.0
2025-04-08 22:00:00,22.8223899946291,20.3994905966107,0.0,1.7645238095238096,15.3,82,76,6.9,286,17.0,18.5,16.5,0.0,0.0,0.0,16.0,80.0,0.0,0.0,0.0,53.0,0.0,100490.0
2025-04-08 23:00:00,22.772502218047,20.4242257453491,0.0,1.7644047619047618,15.4,81,23,13.6,262,16.7,18.4,16.5,0.0,0.0,0.02,15.0,82.0,0.0,0.0,0.0,192.0,0.0,100530.0
2025-04-09 00:00:00,22.8889474723919,20.31174618446,0.0,1.7642857142857142,15.2,82,91,10.1,261,16.4,18.2,16.5,0.0,0.0,0.01,15.0,83.0,0.0,0.0,0.0,210.0,0.0,100540.0
2025-04-09 01:00:00,22.8634245812254,20.3191627088269,0.0,1.7641666666666667,14.2,85,98,7.5,256,15.6,18.1,16.5,0.0,0.0,0.0,14.0,83.0,0.0,0.0,0.0,180.0,0.0,100530.0
2025-04-09 02:00:00,22.9660803327083,20.3060544920923,0.0,1.764047619047619,13.8,90,100,11.9,254,15.3,17.9,16.6,0.0,0.0,0.0,15.0,85.0,0.0,0.0,0.0,78.0,0.0,100510.0
2025-04-09 03:00:00,22.9235561659788,20.3589052761859,0.0,1.7639285714285715,13.3,94,79,12.7,253,15.1,17.7,16.6,0.0,0.0,0.0,12.0,90.0,0.0,0.0,0.0,324.0,0.0,100470.0
2025-04-09 04:00:00,22.8831398984444,20.1723992938072,0.0,1.7638095238095237,13.1,94,8,11.0,261,14.9,17.6,16.6,0.0,0.0,0.0,12.0,89.0,0.0,0.0,0.0,188.0,0.0,100450.0
2025-04-09 05:00:00,22.8164273060185,20.3432695757633,0.0,1.7636904761904761,12.9,94,0,8.7,273,14.6,17.4,16.6,0.0,0.0,0.0,11.0,89.0,0.0,0.0,0.0,176.0,0.0,100440.0
2025-04-09 06:00:00,22.9815925583295,20.2693717503283,0.0,1.7635714285714286,12.6,94,0,6.4,278,14.4,17.2,16.6,0.0,0.0,0.02,11.0,91.0,0.0,0.0,0.0,173.0,0.0,100410.0
2025-04-09 07:00:00,22.8801168678314,20.3182491402156,0.0,1.763452380952381,14.7,87,0,7.0,292,14.7,17.1,16.6,0.0,0.0,0.04,11.0,92.0,0.0,0.0,0.0,173.0,0.0,100400.0
2025-04-09 08:00:00,22.817867041704,20.3758520994347,0.0,1.7633333333333334,17.3,78,0,5.7,306,16.0,17.0,16.6,0.0,0.0,0.14,11.0,90.0,4728.0,0.0,0.0,154.0,0.0,100430.0
2025-04-09 09:00:00,22.8545243662832,20.2634424032303,0.0,1.7632142857142856,19.2,71,0,6.4,346,17.8,17.0,16.6,0.0,0.0,0.27,16.0,81.0,18089.0,1.0,0.0,179.0,0.0,100440.0
2025-04-09 10:00:00,22.6424711013926,20.120417686871,0.0,1.763095238095238,21.1,63,0,9.2,18,19.7,17.0,16.6,0.0,0.0,0.4,19.0,73.0,44385.0,3.0,0.0,118.0,0.0,100450.0
2025-04-09 11:00:00,22.7442222624143,20.0916762665188,0.0,1.7629761904761905,22.8,57,0,11.9,33,21.5,17.2,16.6,0.0,0.0,0.5,20.0,73.0,68756.0,5.0,1.0,42.0,0.0,100490.0
2025-04-09 12:00:00,22.9024207992754,20.0289512326329,0.0,1.762857142857143,23.4,55,3,14.6,37,23.0,17.5,16.6,0.0,0.0,0.55,21.0,66.0,86396.0,6.0,1.0,114.0,0.0,100470.0
2025-04-09 13:00:00,22.7112640205663,19.5852586304391,0.0,1.7627380952380953,22.6,63,2,15.4,33,23.5,17.8,16.6,0.0,0.0,0.53,22.0,67.0,99351.0,9.0,4.0,353.0,0.0,100380.0
2025-04-09 14:00:00,22.8726942754834,19.2809028969492,0.0,1.7626190476190475,22.1,63,17,15.4,36,24.0,18.2,16.6,0.0,0.0,0.49,21.0,72.0,94854.0,6.0,4.0,23.0,0.0,100320.0
2025-04-09 15:00:00,22.5063132500915,18.9781951255285,0.0,1.7625,21.5,66,95,15.6,42,24.1,18.5,16.6,0.0,0.0,0.42,21.0,71.0,90484.0,7.0,4.0,31.0,0.0,100260.0
2025-04-09 16:00:00,22.5786308785595,18.7518978631502,0.0,1.7623809523809524,21.0,67,100,14.5,38,23.7,18.8,16.6,0.0,0.0,0.31,22.0,72.0,82578.0,7.0,5.0,44.0,0.0,100190.0
2025-04-09 17:00:00,22.8177253266118,18.5276600780105,0.0,1.7622619047619048,19.6,73,100,12.1,33,22.7,19.0,16.6,0.0,0.0,0.16,20.0,76.0,42173.0,2.0,2.0,18.0,0.0,100150.0
2025-04-09 18:00:00,22.6524768065454,18.3908488961635,0.0,1.7621428571428572,18.1,81,100,12.3,44,21.4,19.1,16.6,0.0,0.0,0.07,19.0,80.0,10486.0,0.0,4.0,43.0,0.0,100130.0
2025-04-09 19:00:00,22.4962465359193,18.5330393979383,0.0,1.7620238095238094,17.2,87,100,8.4,36,20.3,19.1,16.6,0.0,0.0,0.03,18.5,81.0,8218.0,0.0,3.5,37.5,0.0,100120.0
2025-04-09 20:00:00,22.5800539812733,18.5015160698532,0.0,1.7619047619047619,16.1,94,34,6.9,359,19.3,19.1,16.7,0.0,0.0,0.0,18.0,82.0,5950.0,0.0,3.0,32.0,0.0,100110.0
2025-04-09 21:00:00,22.7138013574535,18.3103763405991,0.0,1.7617857142857143,14.7,100,96,3.8,8,18.3,19.1,16.7,0.0,0.0,0.0,17.0,88.0,464.0,0.0,3.0,53.0,0.0,100090.0
2025-04-09 22:00:00,22.6767250825183,18.3355279722525,0.0,1.7616666666666667,14.0,100,100,2.2,15,17.4,18.9,16.7,0.0,0.0,0.0,17.0,90.0,0.0,0.0,2.0,43.0,0.0,100160.0
2025-04-09 23:00:00,22.7060805510795,18.5448080366745,0.0,1.7615476190476191,13.8,100,100,1.3,10,16.6,18.8,16.7,0.0,0.0,0.0,16.0,91.0,0.0,0.0,1.0,66.0,0.0,100220.0
2025-04-10 00:00:00,22.757073614628,18.3720306943519,0.0,1.7614285714285713,13.5,98,100,1.9,359,15.9,18.6,16.7,0.0,0.0,0.0,16.0,92.0,0.0,0.0,0.0,14.0,0.0,100230.0
2025-04-10 01:00:00,22.3772420799258,18.3552827660748,0.0,1.7613095238095238,13.9,98,100,5.3,18,15.9,18.5,16.7,0.0,0.0,0.0,15.0,91.0,0.0,0.0,0.0,161.0,0.0,100210.0
2025-04-10 02:00:00,22.3784057922711,18.3387022127291,0.0,1.7611904761904762,13.5,99,100,7.0,1,15.8,18.3,16.7,0.0,0.0,0.0,16.0,92.0,0.0,0.0,0.0,150.0,0.0,100220.0
2025-04-10 03:00:00,22.4509720712189,18.2149875120568,0.0,1.7610714285714286,13.1,99,100,6.6,349,15.6,18.1,16.7,0.0,0.0,0.0,17.0,91.0,0.0,0.0,0.0,36.0,0.0,100130.0
2025-04-10 04:00:00,22.3748226412474,18.3262722372869,0.0,1.760952380952381,13.4,99,100,4.0,317,15.5,17.9,16.7,0.0,0.0,0.0,16.0,91.0,0.0,0.0,2.0,66.0,0.0,100090.0
2025-04-10 05:00:00,22.4631619574268,18.2144481743201,0.0,1.7608333333333333,14.0,93,100,3.0,346,15.5,17.8,16.7,0.0,0.0,0.0,16.0,91.0,0.0,0.0,0.0,66.0,0.0,100120.0
2025-04-10 06:00:00,22.4609656041929,18.1091659189372,0.0,1.7607142857142857,15.1,93,100,9.6,71,15.5,17.6,16.7,0.0,0.0,0.02,17.0,90.0,0.0,0.0,0.0,222.0,0.0,100150.0
2025-04-10 07:00:00,22.5130242165175,18.1980388296108,0.0,1.760595238095238,16.7,92,71,9.3,30,15.9,17.5,16.7,0.0,0.0,0.03,16.0,91.0,0.0,0.0,0.0,113.0,0.0,100090.0
2025-04-10 08:00:00,22.4878263835141,18.202685750569,0.0,1.7604761904761905,18.7,84,99,9.4,356,16.9,17.4,16.7,0.0,0.0,0.11,16.0,91.0,38.0,0.0,0.0,70.0,0.0,100100.0
2025-04-10 09:00:00,22.5420255531446,18.0793981829367,0.0,1.760357142857143,21.3,70,100,8.5,342,18.4,17.4,16.7,0.0,0.0,0.24,17.0,90.0,2506.0,0.0,0.0,179.0,0.0,100160.0
2025-04-10 10:00:00,22.4669964244996,18.1707591229831,0.0,1.7602380952380952,22.9,59,100,11.3,355,20.2,17.5,16.8,0.0,0.0,0.37,17.0,87.0,9176.0,0.0,0.0,126.0,0.0,100160.0
2025-04-10 11:00:00,22.270199446493,18.0453031774392,0.0,1.7601190476190476,23.0,56,100,10.7,13,21.7,17.7,16.8,0.0,0.0,0.46,18.0,84.0,37620.0,2.0,1.0,124.0,0.0,100150.0
2025-04-10 12:00:00,22.1397777343886,17.7221270476059,0.0,1.76,23.7,56,94,12.1,33,23.1,18.0,16.8,0.0,0.0,0.51,20.0,78.0,36739.0,3.0,2.0,67.0,0.0,100210.0
2025-04-10 13:00:00,22.3023764944775,17.4025412541529,0.0,1.76,21.5,70,100,16.8,38,22.7,18.1,16.8,0.0,0.0,0.43,20.0,78.0,64737.0,5.0,3.0,31.0,0.0,100230.0
2025-04-10 14:00:00,22.251367318701,17.3212477638812,0.0,1.76,20.4,74,100,14.6,41,22.8,18.4,16.8,0.0,0.0,0.34,20.0,78.0,79870.0,6.0,4.0,6.0,0.0,100230.0
2025-04-10 15:00:00,22.2766209693911,17.0596978609517,0.0,1.76,19.4,78,100,16.3,45,22.2,18.6,16.8,0.0,0.0,0.21,20.0,81.0,32985.0,2.0,5.0,32.0,0.0,100250.0
2025-04-10 16:00:00,22.217591463719,17.1541944936448,0.0,1.76,18.8,80,100,17.5,45,21.6,18.7,16.8,0.0,0.0,0.18,19.0,81.0,28404.0,2.0,5.0,42.0,0.0,100250.0
2025-04-10 17:00:00,22.1312688078188,16.9868808817644,0.0,1.76,18.1,84,100,16.4,47,20.9,18.9,16.8,0.0,0.0,0.12,19.0,84.0,13326.0,0.0,5.0,66.0,0.0,100230.0
2025-04-10 18:00:00,22.0425152408447,16.885916794147,0.0,1.76,17.4,87,100,14.8,50,20.1,18.9,16.8,0.0,0.0,0.06,18.0,85.0,10087.0,0.0,4.0,54.0,0.0,100220.0
2025-04-10 19:00:00,22.1308086608873,16.7316831263181,0.0,1.76,16.2,93,100,13.2,50,19.2,18.9,16.8,0.0,0.0,0.02,18.0,85.0,8056.0,0.0,4.0,90.0,0.0,100190.0
2025-04-10 20:00:00,21.9936685850115,16.8149644785326,0.0,1.76,16.1,94,100,15.7,49,18.6,18.9,16.8,0.0,0.0,0.0,18.0,86.0,2441.0,0.0,4.0,48.0,0.0,100200.0
2025-04-10 21:00:00,21.8930806042071,16.6168251155457,0.0,1.76,16.0,95,100,17.2,52,18.2,18.8,16.8,0.0,0.0,0.0,17.0,88.0,61.0,0.0,3.0,77.0,0.0,100230.0
2025-04-10 22:00:00,22.2534353330706,16.7667684081794,0.0,1.76,16.1,95,100,15.9,52,17.9,18.7,16.8,0.0,0.0,0.0,17.0,88.0,0.0,0.0,2.0,48.0,0.0,100230.0
2025-04-10 23:00:00,22.094617830892,16.6459130507211,0.0,1.76,15.6,97,100,15.8,50,17.6,18.6,16.9,0.0,0.0,0.0,17.0,88.0,0.0,0.0,2.0,64.0,0.0,100230.0
2025-04-11 00:00:00,22.0203627047663,16.5335749181777,0.0,1.76,15.5,97,100,15.3,50,17.4,18.5,16.9,0.0,0.0,0.0,17.0,89.0,0.0,0.0,3.0,65.0,0.0,100210.0
2025-04-11 01:00:00,21.9000443098216,16.4491752628674,0.0,1.76,15.7,95,100,17.7,49,17.6,18.5,16.9,0.0,0.0,0.0,17.0,90.0,0.0,0.0,3.0,48.0,0.0,100220.0
2025-04-11 02:00:00,21.9789898610885,16.6765462140513,0.0,1.76,15.3,99,100,13.3,42,17.3,18.4,16.9,0.0,0.0,0.0,17.0,91.0,0.0,0.0,2.0,60.0,0.0,100200.0
2025-04-11 03:00:00,21.9477350693171,16.4134851703657,0.0,1.76,14.9,100,100,10.4,27,17.1,18.3,16.9,0.0,0.0,0.0,17.0,92.0,0.0,0.0,1.0,88.0,0.0,100110.0
2025-04-11 04:00:00,21.8971236911002,16.6470706917682,0.0,1.76,14.6,100,100,9.0,8,16.9,18.2,16.9,0.0,0.0,0.0,17.0,93.0,0.0,0.0,1.0,48.0,0.0,100040.0
2025-04-11 05:00:00,21.91823745891,16.5735008986103,0.0,1.76,14.3,99,100,8.7,354,16.6,18.1,16.9,0.0,0.0,0.0,17.0,92.0,0.0,0.0,1.0,6.0,0.0,99940.0
2025-04-11 06:00:00,21.9256652477612,16.5093356291953,0.0,1.76,14.6,96,100,8.3,350,16.4,18.0,16.9,0.0,0.0,0.02,17.0,92.0,0.0,0.0,0.0,353.0,0.0,99940.0
2025-04-11 07:00:00,21.8646180433361,16.4697807864202,0.0,1.76,16.0,90,100,8.4,353,16.4,17.9,16.9,0.0,0.0,0.03,17.0,92.0,0.0,0.0,0.0,330.0,0.0,99970.0
2025-04-11 08:00:00,21.8032309081334,16.4789490470334,0.0,1.76,18.6,81,100,7.6,354,17.0,17.8,16.9,0.0,0.0,0.1,16.0,93.0,228.0,0.0,0.0,25.0,0.0,99950.0
2025-04-11 09:00:00,21.9391448340074,16.5403639570836,0.0,1.76,20.1,77,100,9.0,358,18.2,17.8,16.9,0.0,0.0,0.19,16.0,94.0,2991.0,0.0,2.0,282.0,0.0,100010.0
2025-04-11 10:00:00,21.7489150425438,16.3428054565377,0.0,1.76,23.8,68,100,7.5,1,19.9,17.8,16.9,0.0,0.0,0.33,17.0,92.0,7460.0,0.0,2.0,18.0,0.0,99960.0
2025-04-11 11:00:00,21.8429627854363,16.2149657011443,0.0,1.76,25.2,67,100,2.4,65,21.2,18.0,16.9,0.0,0.0,0.33,18.0,89.0,16476.0,1.0,2.0,33.0,0.0,100000.0
2025-04-11 12:00:00,22.243157007924,21.7608585380658,36.24845769211088,1.76,27.0,56,100,5.4,177,22.5,18.2,16.9,0.0,0.0,0.34,18.0,88.0,32495.0,2.0,2.0,21.0,0.0,100040.0
2025-04-11 13:00:00,22.5544983756469,26.2847357513953,0.0,1.76,22.2,75,100,19.0,14,22.0,18.3,16.9,0.0,0.0,0.4,19.0,85.0,36728.0,2.0,3.0,42.0,0.0,100070.0
2025-04-11 14:00:00,24.0216562096452,24.981648832066,0.0,1.76,21.8,74,100,17.1,0,22.5,18.5,16.9,0.0,0.0,0.37,19.0,85.0,33390.0,2.0,4.0,21.0,0.0,100050.0
2025-04-11 15:00:00,24.4383356857584,24.6655203105281,0.0,1.76,19.6,77,100,19.2,348,22.2,18.7,16.9,0.0,0.0,0.25,18.0,87.0,20850.0,1.0,3.0,30.0,0.0,100060.0
2025-04-11 16:00:00,24.880167635698,24.4056626797227,0.0,1.76,18.0,86,100,8.3,350,22.0,18.9,17.0,0.0,0.0,0.24,19.0,83.0,41574.0,2.0,3.0,20.0,0.0,99980.0
2025-04-11 17:00:00,25.0194027559905,24.0310809249126,0.0,1.76,18.0,85,94,7.3,41,21.6,19.0,17.0,0.0,0.0,0.15,19.0,84.0,29554.0,2.0,2.0,24.0,0.0,99960.0
2025-04-11 18:00:00,25.1704455540137,24.116425620868,0.0,1.76,16.3,92,98,8.1,16,20.7,19.1,17.0,0.0,0.0,0.06,19.0,85.0,18212.0,1.0,4.0,39.0,0.0,99960.0
2025-04-11 19:00:00,25.4458136129404,23.9324018780441,0.0,1.76,15.3,96,100,3.3,191,19.6,19.1,17.0,0.0,0.0,0.01,18.0,88.0,6181.0,0.0,3.0,19.0,0.0,99990.0
2025-04-11 20:00:00,25.4031490580865,23.8633287891272,0.0,1.76,15.2,97,100,2.9,356,18.7,19.1,17.0,0.0,0.0,0.0,17.0,90.0,1474.0,0.0,1.0,59.0,0.0,100000.0
2025-04-11 21:00:00,25.6999519778003,23.8736183778699,0.0,1.76,14.4,100,98,1.6,41,17.9,19.0,17.0,0.0,0.0,0.0,17.0,92.0,0.0,0.0,2.0,43.0,0.0,100060.0
2025-04-11 22:00:00,25.4189718381258,23.8176621452153,0.0,1.76,14.0,100,100,3.0,9,17.2,18.9,17.0,0.0,0.0,0.0,17.0,95.0,0.0,0.0,2.0,54.0,0.0,100060.0
2025-04-11 23:00:00,25.6009841695354,23.7759087958064,0.0,1.76,13.1,100,100,2.8,340,16.7,18.7,17.0,0.0,0.0,0.0,17.0,93.0,0.0,0.0,0.0,78.0,0.0,100090.0
2025-04-12 00:00:00,25.4949235057768,24.0964574347898,0.0,1.76,12.9,100,100,2.4,316,16.2,18.5,17.0,0.0,0.0,0.0,17.0,92.0,0.0,0.0,2.0,71.0,0.0,100120.0
2025-04-12 01:00:00,25.6177752479021,23.8583458038216,0.0,1.76,15.6,98,100,10.1,77,17.2,18.9,17.1,0.0,0.0,0.0,16.0,95.0,0.0,0.0,1.0,54.0,0.0,100170.0
2025-04-12 02:00:00,25.411037268921,23.9646744886747,0.0,1.76,15.0,100,100,11.6,58,17.1,18.8,17.1,0.0,0.0,0.0,16.0,95.0,0.0,0.0,2.0,60.0,0.0,100160.0
2025-04-12 03:00:00,25.4775194255759,23.8746993776814,0.0,1.76,14.7,99,100,6.6,36,16.9,18.6,17.1,0.1,0.1,0.0,16.0,96.0,0.0,0.0,2.0,82.0,0.0,100130.0
2025-04-12 04:00:00,25.4431775231175,23.8121279961605,0.0,1.76,14.6,99,100,3.7,346,16.7,18.5,17.1,0.0,0.0,0.0,16.0,95.0,0.0,0.0,2.0,66.0,0.0,100030.0
2025-04-12 05:00:00,25.5180709005747,23.8011321044693,0.0,1.76,14.1,99,100,7.9,283,16.4,18.4,17.1,0.0,0.0,0.0,16.0,95.0,0.0,0.0,1.0,36.0,0.0,99990.0
2025-04-12 06:00:00,25.5238749153174,23.7466283341433,0.0,1.76,14.2,99,100,7.4,300,16.2,18.2,17.1,0.0,0.0,0.01,16.0,95.0,0.0,0.0,0.0,90.0,0.0,99930.0
2025-04-12 07:00:00,25.4076729485094,23.6016844241084,0.0,1.76,15.1,97,100,6.4,317,16.5,18.1,17.1,0.0,0.0,0.03,16.0,95.0,0.0,0.0,0.0,48.0,0.0,99880.0
2025-04-12 08:00:00,25.5113506628731,23.6648210400657,0.0,1.76,15.4,99,100,6.3,335,16.7,18.0,17.1,0.0,0.0,0.04,16.0,95.0,370.0,0.0,1.0,314.0,0.0,99970.0
2025-04-12 09:00:00,25.5968459627346,23.5600253423782,0.0,1.76,15.6,97,100,8.3,344,17.0,17.9,17.1,0.0,0.0,0.05,16.0,94.0,1333.0,0.0,0.0,43.0,0.0,100090.0
2025-04-12 10:00:00,25.4923496334641,23.5275261002156,0.0,1.76,16.3,93,100,7.9,330,17.5,17.8,17.1,0.0,0.0,0.09,17.0,92.0,2369.0,0.0,2.0,42.0,0.0,100120.0
2025-04-12 11:00:00,25.4325295310175,23.4861651260536,0.0,1.76,17.8,86,100,10.1,341,18.2,17.8,17.1,0.3,0.3,0.15,17.0,90.0,8526.0,0.0,3.0,144.0,0.0,100150.0
2025-04-12 12:00:00,25.3494962680432,23.4363223234072,0.0,1.76,18.8,82,100,12.7,344,18.9,17.9,17.1,0.1,0.1,0.23,17.0,89.0,10330.0,0.0,0.0,53.0,0.0,100130.0
2025-04-12 13:00:00,25.4833961822955,23.6288236222712,0.0,1.76,19.1,87,100,9.1,57,18.4,17.8,17.1,0.3,0.3,0.17,17.0,92.0,7190.0,0.0,1.0,320.0,0.0,100220.0
2025-04-12 14:00:00,25.4327398024938,23.7357627868996,0.0,1.76,19.0,85,100,11.0,14,18.9,17.8,17.1,0.0,0.0,0.17,17.0,90.0,3807.0,0.0,0.0,86.0,0.0,100230.0
2025-04-12 15:00:00,25.3311624883613,23.2567487565985,0.0,1.76,18.5,85,100,11.0,358,19.1,17.9,17.1,0.1,0.1,0.16,18.0,88.0,13549.0,1.0,4.0,96.0,0.0,100100.0
2025-04-12 16:00:00,25.4961397873215,23.3124015845373,0.0,1.76,18.7,82,100,8.7,32,19.5,18.0,17.1,0.0,0.0,0.19,18.0,87.0,15233.0,1.0,0.0,36.0,0.0,100050.0
2025-04-12 17:00:00,25.2899440983361,23.1880992589538,0.0,1.76,17.4,87,100,7.9,25,19.3,18.0,17.1,0.0,0.0,0.09,18.0,90.0,18226.0,1.0,3.0,45.0,0.0,99930.0
2025-04-12 18:00:00,25.3507932671556,23.4226910802491,0.0,1.76,16.8,89,100,0.0,104,18.8,18.1,17.1,0.0,0.0,0.04,17.0,93.0,3203.0,0.0,0.0,53.0,0.0,99940.0
2025-04-12 19:00:00,25.4194692183821,23.4766405776966,0.0,1.76,16.4,93,100,1.5,273,18.1,18.1,17.1,0.5,0.5,0.02,17.0,95.0,2262.0,0.0,2.0,169.0,2.0,99890.0
2025-04-12 20:00:00,25.2409047859695,23.0825981588045,0.0,1.76,16.1,97,100,4.4,343,17.5,18.0,17.1,0.7,0.7,0.0,17.0,96.0,378.0,0.0,2.0,274.0,0.0,99910.0
2025-04-12 21:00:00,25.4179373237858,23.2098633222444,0.0,1.76,15.8,98,100,2.7,323,17.0,18.0,17.1,0.4,0.4,0.0,17.0,97.0,0.0,0.0,2.0,294.0,3.0,99900.0
2025-04-12 22:00:00,25.5281575651137,23.468315309089,0.0,1.76,15.8,98,99,1.3,327,16.7,17.9,17.1,0.1,0.1,0.0,16.0,97.0,0.0,0.0,4.0,103.0,6.0,99860.0
2025-04-12 23:00:00,25.5194136948546,23.5255891198527,0.0,1.76,15.5,98,76,3.8,335,16.4,17.8,17.1,0.0,0.0,0.0,16.0,96.0,0.0,0.0,0.0,144.0,1.0,99980.0
2025-04-13 00:00:00,25.8047552388727,23.6378637528749,0.0,1.76,15.0,99,34,0.5,315,16.0,17.7,17.1,0.0,0.0,0.0,17.0,93.0,0.0,0.0,0.0,124.0,1.0,99920.0
2025-04-13 01:00:00,25.8040494518903,23.9715579169527,0.0,1.76,15.5,99,93,2.9,46,16.4,17.6,17.1,0.0,0.0,0.0,18.0,81.0,0.0,0.0,5.0,329.0,1.0,99830.0
2025-04-13 02:00:00,25.8933333043143,23.8262981615755,0.0,1.76,15.2,100,100,1.9,353,16.0,17.5,17.1,0.0,0.0,0.0,16.0,94.0,0.0,0.0,0.0,118.0,0.0,99910.0
2025-04-13 03:00:00,25.9484862671205,24.082795279403,0.0,1.76,14.9,100,100,3.9,20,15.8,17.4,17.1,0.0,0.0,0.0,16.0,95.0,0.0,0.0,0.0,102.0,0.0,99840.0
2025-04-13 04:00:00,25.7674727996564,23.8601219916768,0.0,1.76,15.2,100,100,5.4,45,15.9,17.3,17.1,0.0,0.0,0.0,15.0,96.0,0.0,0.0,0.0,356.0,0.0,99800.0
2025-04-13 05:00:00,25.9425234616186,23.8911244331912,0.0,1.76,15.3,99,100,2.7,51,15.9,17.2,17.1,4.5,4.5,0.0,16.0,97.0,0.0,0.0,0.0,78.0,0.0,99740.0
2025-04-13 06:00:00,25.9869194119169,23.8421053857842,0.0,1.76,15.4,99,100,2.2,56,16.0,17.1,17.1,7.6,7.6,0.01,16.0,97.0,0.0,0.0,0.0,48.0,0.0,99720.0
2025-04-13 07:00:00,25.8818189561345,23.78609243315,0.0,1.76,15.6,96,97,2.4,153,16.1,17.0,17.1,6.3,6.3,0.02,16.0,97.0,0.0,0.0,0.0,169.0,2.0,99810.0
2025-04-13 08:00:00,26.2248034639593,23.9658787011324,0.0,1.76,16.3,93,100,5.2,256,16.4,17.0,17.1,1.4,1.4,0.06,16.0,97.0,683.0,0.0,2.0,0.0,4.0,99640.0
2025-04-13 09:00:00,26.1163658368936,24.0340016500372,0.0,1.76,17.3,86,100,7.4,274,17.0,17.0,17.1,0.3,0.3,0.13,16.0,97.0,6488.0,0.0,2.0,145.0,1.0,99810.0
2025-04-13 10:00:00,26.1698664382258,24.0316797538406,0.0,1.76,17.4,84,100,6.9,288,17.1,17.0,17.1,0.2,0.2,0.1,17.0,97.0,15293.0,1.0,1.0,354.0,0.0,99890.0
2025-04-13 11:00:00,26.205176489637,23.9952017503665,0.0,1.76,17.5,84,100,8.1,317,17.4,17.0,17.1,0.4,0.4,0.12,17.0,95.0,30188.0,2.0,0.0,12.0,0.0,99840.0
2025-04-13 12:00:00,26.0192375856669,23.9645301743205,0.0,1.76,17.8,82,100,7.7,323,17.6,17.0,17.1,0.3,0.3,0.15,18.0,87.0,52633.0,4.0,2.0,295.0,0.0,99860.0
2025-04-13 13:00:00,26.1776501120043,24.146988772828,0.0,1.76,16.5,88,100,11.5,299,17.5,17.2,17.1,5.2,5.2,0.13,19.0,85.0,26545.0,3.0,4.0,351.0,0.0,99860.0
2025-04-13 14:00:00,26.1336664049044,24.1412795906233,0.0,1.76,17.5,85,96,7.9,250,17.7,17.2,17.1,0.6,0.6,0.15,17.0,90.0,5698.0,0.0,4.0,322.0,0.0,99890.0
2025-04-13 15:00:00,26.0518424693457,24.0370019172035,0.0,1.76,18.7,78,96,6.1,284,18.4,17.3,17.1,0.1,0.1,0.24,17.0,94.0,12931.0,1.0,2.0,44.0,0.0,99890.0
2025-04-13 16:00:00,25.9981661775114,23.906146600538,0.0,1.76,18.2,76,40,3.8,262,18.6,17.4,17.1,0.0,0.0,0.15,17.0,95.0,14128.0,1.0,2.0,20.0,25.0,99890.0
2025-04-13 17:00:00,26.307486827882,24.0554978440054,0.0,1.76,18.8,70,27,2.8,227,19.0,17.5,17.1,0.0,0.0,0.2,18.0,92.0,7702.0,0.0,3.0,77.0,0.0,99900.0
2025-04-13 18:00:00,26.7974887724425,24.3687680305338,0.0,1.76,17.9,79,28,2.9,182,18.6,17.6,17.1,0.0,0.0,0.08,18.0,89.0,29036.0,2.0,2.0,162.0,76.0,99920.0
2025-04-13 19:00:00,26.7963182826516,24.5589195719987,0.0,1.76,15.6,80,38,5.2,193,17.4,17.6,17.1,0.0,0.0,0.02,18.0,84.0,10773.0,0.0,2.0,180.0,0.0,99970.0
2025-04-13 20:00:00,26.7937988163635,24.4397003790081,0.0,1.76,14.8,82,81,7.7,203,16.6,17.5,17.1,0.0,0.0,0.0,18.0,88.0,1696.0,0.0,2.0,126.0,0.0,99950.0
2025-04-13 21:00:00,26.7540282426093,24.671638731868,0.0,1.76,14.5,83,14,7.6,210,16.1,17.4,17.1,0.0,0.0,0.0,16.0,94.0,0.0,0.0,0.0,48.0,0.0,99970.0
2025-04-13 22:00:00,26.8641310736154,24.5479025005696,0.0,1.76,13.9,87,5,6.2,212,15.6,17.3,17.1,0.0,0.0,0.0,15.0,95.0,0.0,0.0,0.0,179.0,0.0,100010.0
2025-04-13 23:00:00,26.5888681556222,24.558120907266,0.0,1.76,13.3,90,10,5.4,208,15.2,17.2,17.1,0.0,0.0,0.0,15.0,94.0,0.0,0.0,0.0,198.0,0.0,100070.0
2025-04-14 00:00:00,26.745845807931,24.5352799269433,0.0,1.76,12.8,92,18,5.6,222,14.9,17.0,17.1,0.0,0.0,0.0,16.0,88.0,0.0,0.0,0.0,198.0,0.0,100060.0
2025-04-14 01:00:00,26.6382019307323,24.2225958810153,0.0,1.76,13.5,90,3,6.1,225,15.3,17.0,17.1,0.0,0.0,0.0,15.0,91.0,0.0,0.0,1.0,211.0,0.0,100050.0
2025-04-14 02:00:00,26.9164427353606,24.2180797893341,0.0,1.76,13.0,91,15,5.7,230,14.8,16.8,17.1,0.0,0.0,0.0,14.0,91.0,0.0,0.0,1.0,234.0,0.0,100020.0
2025-04-14 03:00:00,26.6508434652426,24.3838459040618,0.0,1.76,12.5,91,68,4.8,254,14.4,16.7,17.1,0.4,0.4,0.0,14.0,92.0,0.0,0.0,2.0,270.0,0.0,99970.0
2025-04-14 04:00:00,26.6628775229187,24.335758129745,0.0,1.76,13.3,91,42,5.9,217,14.2,16.5,17.1,0.3,0.3,0.0,13.0,92.0,0.0,0.0,1.0,246.0,0.0,99950.0
2025-04-14 05:00:00,26.7549111917746,24.26125940717,0.0,1.76,13.0,92,16,6.4,203,14.0,16.4,17.1,0.0,0.0,0.0,13.0,93.0,0.0,0.0,1.0,198.0,0.0,99950.0
2025-04-14 06:00:00,26.6848948782841,24.4002377654925,0.0,1.76,12.9,92,7,6.8,200,13.7,16.2,17.1,0.0,0.0,0.02,13.0,92.0,0.0,0.0,1.0,211.0,0.0,99940.0
2025-04-14 07:00:00,26.5886672375426,24.1583577583204,0.0,1.76,15.4,86,2,9.7,200,14.2,16.0,17.1,0.0,0.0,0.05,12.0,93.0,0.0,0.0,2.0,198.0,0.0,99960.0
2025-04-14 08:00:00,26.5203493127539,24.1478870228788,0.0,1.76,18.1,75,2,9.4,210,15.5,16.0,17.1,0.0,0.0,0.16,14.0,91.0,6252.0,0.0,1.0,211.0,0.0,100000.0
2025-04-14 09:00:00,26.3924222435081,24.1276249596858,0.0,1.76,20.2,65,1,10.7,223,17.2,16.0,17.0,0.0,0.0,0.29,16.0,85.0,19128.0,1.0,2.0,252.0,0.0,100020.0
2025-04-14 10:00:00,26.5200826779254,24.1416024542271,0.0,1.76,22.0,54,18,13.8,244,18.8,16.2,17.0,0.0,0.0,0.42,17.0,81.0,47820.0,3.0,3.0,246.0,0.0,100020.0
2025-04-14 11:00:00,26.4175189181539,23.8585485538074,0.0,1.76,22.8,50,36,15.3,258,20.1,16.5,17.0,0.1,0.1,0.48,20.0,70.0,75384.0,6.0,3.0,288.0,0.0,100020.0
2025-04-14 12:00:00,26.4781131298694,23.6159388153832,0.0,1.76,22.9,50,41,12.2,292,21.0,16.8,17.0,0.2,0.2,0.49,22.0,62.0,94121.0,9.0,2.0,255.0,0.0,100030.0
2025-04-14 13:00:00,26.2243716505291,23.5751330419835,0.0,1.76,22.7,52,94,12.0,311,21.8,17.0,17.0,0.2,0.2,0.52,21.0,66.0,74953.0,6.0,5.0,12.0,0.0,100030.0
2025-04-14 14:00:00,26.369204470117,23.4725853457517,0.0,1.76,21.2,64,63,14.2,330,22.0,17.4,17.0,0.1,0.1,0.42,21.0,65.0,41636.0,4.0,4.0,17.0,0.0,99970.0
2025-04-14 15:00:00,26.2605836910991,23.5274501067107,0.0,1.76,20.5,67,31,11.8,343,22.0,17.7,17.0,0.0,0.0,0.35,21.0,67.0,102228.0,7.0,2.0,358.0,0.0,99920.0
2025-04-14 16:00:00,26.0865464016503,23.4229892587219,0.0,1.76,20.2,67,12,7.9,351,21.9,18.0,17.0,0.0,0.0,0.3,20.0,69.0,92948.0,8.0,6.0,355.0,0.0,99890.0
2025-04-14 17:00:00,26.0695469018794,23.1923545183122,0.0,1.76,19.5,69,35,8.6,358,21.3,18.2,17.0,0.0,0.0,0.19,21.0,65.0,40948.0,3.0,4.0,8.0,0.0,99870.0
2025-04-14 18:00:00,26.172190292651,23.1414762933006,0.0,1.76,18.3,73,47,6.3,6,20.3,18.4,17.0,0.0,0.0,0.09,19.0,69.0,20840.0,1.0,6.0,330.0,0.0,99880.0
2025-04-14 19:00:00,26.0301708205471,23.0382717219964,0.0,1.76,16.5,82,52,3.4,14,19.1,18.4,17.0,0.0,0.0,0.02,19.0,71.0,12948.0,1.0,3.0,11.0,0.0,99890.0
2025-04-14 20:00:00,25.9355950339643,22.9816817247919,0.0,1.76,16.3,82,69,5.2,77,18.3,18.4,17.0,0.0,0.0,0.0,18.0,78.0,1415.0,0.0,0.0,30.0,0.0,99920.0
2025-04-14 21:00:00,26.0650655927872,23.0071147782077,0.0,1.76,15.3,88,62,3.1,84,17.6,18.4,17.1,0.0,0.0,0.0,16.0,86.0,0.0,0.0,2.0,95.0,0.0,99960.0
2025-04-14 22:00:00,25.9402075647809,22.8389550024401,0.0,1.76,14.7,90,99,3.0,150,16.9,18.3,17.1,0.0,0.0,0.0,15.0,87.0,0.0,0.0,3.0,130.0,0.0,100050.0
2025-04-14 23:00:00,25.9567608878143,23.0178304609432,0.0,1.76,15.2,88,91,3.1,175,16.7,18.1,17.1,0.0,0.0,0.0,15.0,88.0,0.0,0.0,2.0,103.0,0.0,100100.0
2025-04-15 00:00:00,25.8039579020023,23.1129101192228,0.0,1.76,14.2,91,86,2.1,243,16.2,18.0,17.1,0.0,0.0,0.0,15.0,88.0,0.0,0.0,0.0,138.0,0.0,100090.0
2025-04-15 01:00:00,26.0008442807152,23.0434631074276,0.0,1.76,14.3,90,26,1.3,310,16.3,17.9,17.1,0.0,0.0,0.0,14.0,91.0,0.0,0.0,0.0,97.0,0.0,100000.0
2025-04-15 02:00:00,25.7274523202216,22.8074855086154,0.0,1.76,14.0,90,42,4.3,176,15.9,17.8,17.1,0.0,0.0,0.0,13.0,93.0,0.0,0.0,0.0,192.0,0.0,99990.0
2025-04-15 03:00:00,25.6321625419504,22.7815308382938,0.0,1.76,13.4,90,82,6.5,215,15.4,17.6,17.1,0.0,0.0,0.0,13.0,94.0,0.0,0.0,0.0,204.0,0.0,99920.0
2025-04-15 04:00:00,25.8341773634619,22.8453666104424,0.0,1.76,15.1,75,50,14.7,210,15.3,17.4,17.1,0.0,0.0,0.03,13.0,95.0,0.0,0.0,0.0,228.0,0.0,99820.0
2025-04-15 05:00:00,25.803860425044,22.7852874130833,0.0,1.76,15.9,68,77,18.0,211,15.4,17.3,17.1,0.0,0.0,0.06,13.0,95.0,0.0,0.0,0.0,240.0,0.0,99800.0
2025-04-15 06:00:00,25.8594338783332,22.7142738223121,0.0,1.76,16.1,65,67,21.4,217,15.5,17.2,17.1,0.0,0.0,0.09,13.0,95.0,0.0,0.0,0.0,262.0,0.0,99720.0
2025-04-15 07:00:00,25.7780210525437,22.725055572399,0.0,1.76,16.8,64,8,21.9,224,15.8,17.1,17.1,0.0,0.0,0.12,14.0,86.0,45.0,0.0,0.0,270.0,0.0,99720.0
2025-04-15 08:00:00,25.8966460830825,22.6642739989456,0.0,1.76,17.3,66,56,20.9,262,16.5,17.0,17.1,0.4,0.4,0.18,14.0,82.0,4232.0,0.0,2.0,302.0,0.0,99790.0
2025-04-15 09:00:00,25.8295654164021,22.8764847650334,0.0,1.76,15.3,80,100,17.9,281,16.4,17.0,17.1,2.0,2.0,0.15,17.0,79.0,21276.0,1.0,3.0,336.0,0.0,99840.0
2025-04-15 10:00:00,25.5950233901634,22.6484201493168,0.0,1.76,14.1,89,97,10.4,248,15.7,16.9,17.1,1.3,1.3,0.07,15.0,81.0,37696.0,3.0,7.0,0.0,0.0,99890.0
2025-04-15 11:00:00,25.7189374729402,22.6821599725128,0.0,1.76,15.7,77,100,9.2,242,16.6,16.9,17.1,0.4,0.4,0.25,13.0,84.0,7823.0,0.0,5.0,318.0,0.0,100000.0
2025-04-15 12:00:00,25.5093080788902,22.6815149133804,0.0,1.76,15.4,77,100,8.5,245,16.5,16.8,17.1,0.4,0.4,0.14,13.0,88.0,20635.0,2.0,0.0,308.0,10.0,100120.0
2025-04-15 13:00:00,25.7527342051621,22.6625926236461,0.0,1.76,15.9,75,85,7.7,256,16.4,16.8,17.0,0.3,0.3,0.17,13.0,92.0,21182.0,1.0,2.0,240.0,7.0,100140.0
2025-04-15 14:00:00,26.0256778003559,22.4773272835379,0.0,1.76,15.6,68,98,10.5,281,16.8,16.8,17.0,0.3,0.3,0.21,14.0,87.0,8214.0,0.0,0.0,194.0,6.0,100130.0
2025-04-15 15:00:00,26.1141868672059,22.3688059033899,0.0,1.76,16.9,64,99,8.8,268,17.5,16.8,17.0,0.1,0.1,0.26,14.0,89.0,24865.0,2.0,3.0,198.0,15.0,100120.0
2025-04-15 16:00:00,26.4574438409883,22.7279020708174,0.0,1.76,15.4,67,100,5.2,277,17.1,16.9,17.0,0.2,0.2,0.11,15.0,83.0,34904.0,2.0,1.0,276.0,0.0,100030.0
2025-04-15 17:00:00,26.3225014529998,22.6547305528567,0.0,1.76,15.6,67,92,9.3,230,16.9,16.9,17.0,0.1,0.1,0.1,15.5,81.0,31248.5,2.0,1.5,273.0,0.0,100015.0
2025-04-15 18:00:00,26.3568798007182,22.6294126059807,0.0,1.76,14.2,78,78,13.7,201,16.2,16.9,17.0,0.3,0.3,0.07,16.0,79.0,27593.0,2.0,2.0,270.0,0.0,100000.0
2025-04-15 19:00:00,26.3273195669813,23.0869580184286,0.0,1.76,12.9,78,53,11.1,205,15.3,16.8,17.0,0.0,0.0,0.04,14.0,86.0,11914.0,1.0,1.0,246.0,0.0,100030.0
2025-04-15 20:00:00,26.1395576536257,23.0715129773315,0.0,1.76,11.9,81,23,11.1,197,14.5,16.7,17.0,0.9,0.9,0.01,14.0,85.0,6583.0,0.0,2.0,234.0,3.0,100070.0
2025-04-15 21:00:00,26.4172764149205,23.0775925966475,0.0,1.76,10.6,86,86,3.5,226,13.7,16.5,17.0,0.0,0.0,0.0,13.0,86.0,268.0,0.0,3.0,246.0,0.0,100140.0
2025-04-15 22:00:00,26.3305732348736,23.1263447149847,0.0,1.76,10.9,85,48,16.2,209,13.3,16.3,17.0,0.0,0.0,0.01,12.0,88.0,0.0,0.0,2.0,234.0,1.0,100200.0
2025-04-15 23:00:00,26.349227322329,23.3232499594423,0.0,1.76,11.1,78,66,14.4,230,12.9,16.1,17.0,0.0,0.0,0.02,12.0,88.0,0.0,0.0,1.0,192.0,0.0,100280.0
2025-04-16 00:00:00,26.3992995344604,23.2184735759444,0.0,1.76,10.5,81,100,6.5,249,12.6,15.9,17.0,0.0,0.0,0.0,13.0,82.0,0.0,0.0,3.0,210.0,0.0,100350.0
2025-04-16 01:00:00,26.304412591842,23.4014507004813,0.0,1.76,11.4,74,28,15.0,255,13.0,15.5,17.0,0.0,0.0,0.03,12.0,75.0,0.0,0.0,4.0,309.0,0.0,100380.0
2025-04-16 02:00:00,26.2916396384733,23.2582363769776,0.0,1.76,11.2,72,27,14.2,253,12.6,15.3,17.0,0.0,0.0,0.03,12.0,86.0,0.0,0.0,3.0,240.0,0.0,100420.0
2025-04-16 03:00:00,26.3970008242952,23.2854636612016,0.0,1.76,11.0,68,34,16.7,256,12.4,15.2,17.0,0.0,0.0,0.04,12.0,80.0,0.0,0.0,4.0,258.0,0.0,100460.0
2025-04-16 04:00:00,26.4133339196278,23.4601723215953,0.0,1.76,10.7,68,28,17.8,250,12.2,15.0,16.9,0.0,0.0,0.05,11.0,76.0,0.0,0.0,3.0,223.0,0.0,100430.0
2025-04-16 05:00:00,26.4916567754628,23.2424669728847,0.0,1.76,10.6,68,18,19.6,243,12.1,14.8,16.9,0.0,0.0,0.05,10.0,77.0,0.0,0.0,3.0,246.0,0.0,100420.0
2025-04-16 06:00:00,26.3312031484156,23.3158513853251,0.0,1.76,10.5,69,25,20.0,245,12.0,14.7,16.9,0.0,0.0,0.07,11.0,72.0,0.0,0.0,4.0,300.0,0.0,100440.0
2025-04-16 07:00:00,26.1377186419472,23.3758593424017,0.0,1.76,11.9,64,24,22.6,247,12.3,14.5,16.9,0.0,0.0,0.1,11.0,70.0,0.0,0.0,3.0,264.0,0.0,100470.0
2025-04-16 08:00:00,26.5420924952426,23.4059504112005,0.0,1.76,13.3,59,24,25.0,244,13.1,14.5,16.9,0.0,0.0,0.17,11.0,73.0,184.0,0.0,5.0,294.0,0.0,100540.0
2025-04-16 09:00:00,26.3260907790743,23.130826221543,0.0,1.76,14.8,52,16,28.9,263,14.2,14.5,16.9,0.0,0.0,0.26,11.0,72.0,10136.0,0.0,4.0,264.0,0.0,100620.0
2025-04-16 10:00:00,26.4434764506285,23.0184249468225,0.0,1.76,16.1,46,6,29.4,273,15.4,14.5,16.9,0.0,0.0,0.36,13.0,70.0,29504.0,1.0,3.0,252.0,0.0,100650.0
2025-04-16 11:00:00,26.3315044618681,23.0622147028273,0.0,1.76,17.1,41,5,30.1,278,16.6,14.7,16.8,0.0,0.0,0.45,14.0,63.0,26432.0,2.0,6.0,290.0,0.0,100690.0
2025-04-16 12:00:00,26.2914375320941,23.031537538256,0.0,1.76,17.8,38,1,29.5,280,17.8,14.9,16.8,0.0,0.0,0.5,16.0,56.0,87083.0,6.0,9.0,282.0,0.0,100740.0
2025-04-16 13:00:00,26.0956790643903,22.7602729775429,0.0,1.76,17.9,41,1,27.3,282,18.7,15.2,16.8,0.0,0.0,0.51,16.0,58.0,106866.0,9.0,5.0,300.0,0.0,100750.0
2025-04-16 14:00:00,26.0778802798526,22.5961075504601,0.0,1.76,18.1,39,0,24.7,284,19.2,15.5,16.8,0.0,0.0,0.49,17.0,44.0,113766.0,9.0,8.0,302.0,0.0,100760.0
2025-04-16 15:00:00,26.1639068769444,22.4918628659124,0.0,1.76,18.1,41,0,22.3,288,19.4,15.8,16.8,0.0,0.0,0.44,18.0,48.0,110177.0,9.0,5.0,324.0,0.0,100750.0
2025-04-16 16:00:00,25.9264791754491,22.5607192954451,0.0,1.76,17.7,41,0,19.1,295,19.2,16.1,16.8,0.0,0.0,0.36,18.0,44.0,95110.0,7.0,8.0,312.0,0.0,100740.0
2025-04-16 17:00:00,26.0244242613751,22.4737131058781,0.0,1.76,16.7,48,1,14.6,299,18.5,16.3,16.8,0.0,0.0,0.24,19.0,38.0,80422.0,7.0,4.0,317.0,0.0,100730.0
2025-04-16 18:00:00,25.8995663053587,22.4463606642833,0.0,1.76,15.3,64,24,4.4,288,17.6,16.4,16.8,0.0,0.0,0.09,19.0,33.0,57500.0,4.0,7.0,312.0,0.0,100720.0
2025-04-16 19:00:00,25.8009151915531,22.3923205161956,0.0,1.76,13.2,60,2,5.1,260,16.0,16.4,16.8,0.0,0.0,0.04,19.0,38.0,18749.0,1.0,4.0,306.0,0.0,100730.0
2025-04-16 20:00:00,25.7926809966319,22.4135209359899,0.0,1.76,12.9,60,0,8.9,227,15.0,16.4,16.8,0.0,0.0,0.03,18.0,40.0,8102.0,0.0,3.0,314.0,0.0,100790.0
2025-04-16 21:00:00,25.994252439196,22.3349195267891,0.0,1.76,12.2,64,0,9.0,233,14.3,16.2,16.8,0.0,0.0,0.03,16.0,48.0,478.0,0.0,2.0,292.0,0.0,100820.0
2025-04-16 22:00:00,25.9004295325732,22.1554417996907,0.0,1.76,11.9,67,0,9.3,235,13.8,16.1,16.8,0.0,0.0,0.02,15.0,52.0,0.0,0.0,3.0,297.0,0.0,100860.0
2025-04-16 23:00:00,25.8313382331757,22.1570768982225,0.0,1.76,11.6,71,0,9.9,225,13.5,15.9,16.8,0.0,0.0,0.02,13.0,63.0,0.0,0.0,1.0,258.0,0.0,100920.0
2025-04-17 00:00:00,25.9326948157648,22.1982088067249,0.0,1.76,11.4,74,0,10.6,214,13.2,15.8,16.7,0.0,0.0,0.02,13.0,67.0,0.0,0.0,2.0,198.0,0.0,100990.0
2025-04-17 01:00:00,25.8275685763553,22.3275440085136,0.0,1.76,11.4,75,0,6.3,211,13.6,15.7,16.7,0.0,0.0,0.01,14.0,63.0,0.0,0.0,1.0,240.0,0.0,100980.0
2025-04-17 02:00:00,25.7203182811622,22.2335033919372,0.0,1.76,10.2,81,3,4.4,215,13.0,15.5,16.7,0.0,0.0,0.0,12.0,73.0,0.0,0.0,0.0,198.0,0.0,100980.0
2025-04-17 03:00:00,25.6016157740578,22.2583916357718,0.0,1.76,9.6,84,7,6.7,209,12.5,15.3,16.7,0.0,0.0,0.0,12.0,72.0,0.0,0.0,1.0,216.0,0.0,100930.0
2025-04-17 04:00:00,25.720524182244,22.3588938847334,0.0,1.76,9.2,86,3,5.6,216,12.1,15.2,16.7,0.0,0.0,0.0,11.0,77.0,0.0,0.0,1.0,192.0,0.0,100850.0
2025-04-17 05:00:00,25.5499582025894,22.4150279978649,0.0,1.76,9.2,85,2,6.4,223,11.7,15.0,16.7,0.0,0.0,0.0,11.0,80.0,0.0,0.0,0.0,246.0,0.0,100850.0
2025-04-17 06:00:00,25.762139996358,22.2971667344536,0.0,1.76,9.9,82,1,7.9,221,11.5,14.8,16.7,0.0,0.0,0.02,11.0,81.0,0.0,0.0,1.0,252.0,0.0,100850.0
2025-04-17 07:00:00,25.8663979283419,22.1857389592989,0.0,1.76,13.0,72,0,10.6,215,12.2,14.6,16.7,0.0,0.0,0.07,11.0,80.0,0.0,0.0,1.0,222.0,0.0,100820.0
2025-04-17 08:00:00,25.6493736083008,22.3142605151484,0.0,1.76,16.4,62,0,12.1,222,13.6,14.5,16.7,0.0,0.0,0.18,11.0,81.0,1117.0,0.0,2.0,264.0,0.0,100840.0
2025-04-17 09:00:00,25.6893021625962,22.1304611718716,0.0,1.76,18.6,53,25,14.2,232,15.4,14.6,16.6,0.0,0.0,0.31,13.0,76.0,9912.0,1.0,1.0,246.0,0.0,100840.0
2025-04-17 10:00:00,25.6752071511544,22.0433311836579,0.0,1.76,20.0,47,100,16.3,235,17.1,14.7,16.6,0.0,0.0,0.42,15.0,66.0,35414.0,2.0,2.0,240.0,0.0,100860.0
2025-04-17 11:00:00,25.813426456263,22.0083076441294,0.0,1.76,21.0,46,100,16.5,239,18.4,15.0,16.6,0.0,0.0,0.47,18.0,56.0,67039.0,4.0,3.0,288.0,0.0,100840.0
2025-04-17 12:00:00,25.7954951829223,21.8506811878738,0.0,1.76,22.0,45,100,16.2,246,19.7,15.3,16.6,0.0,0.0,0.53,21.0,48.0,87640.0,4.0,4.0,288.0,0.0,100870.0
2025-04-17 13:00:00,25.4725598782036,21.7561184914703,0.0,1.76,23.9,40,100,10.0,259,21.0,15.7,16.6,0.0,0.0,0.54,21.0,45.0,102140.0,8.0,4.0,295.0,0.0,100860.0
2025-04-17 14:00:00,25.7222990856529,21.4162148693581,0.0,1.76,22.4,50,100,11.6,324,21.3,16.1,16.6,0.0,0.0,0.4,22.0,43.0,91612.0,8.0,1.0,240.0,0.0,100790.0
2025-04-17 15:00:00,25.5280479560123,21.396315257506,0.0,1.76,21.8,56,99,11.0,335,21.5,16.5,16.6,0.0,0.0,0.39,23.0,42.0,80000.0,7.0,3.0,286.0,0.0,100740.0
2025-04-17 16:00:00,25.5151131921491,21.2232321645227,0.0,1.76,21.4,58,63,7.6,357,21.4,16.8,16.6,0.0,0.0,0.3,22.0,52.0,59256.0,5.0,3.0,24.0,0.0,100740.0
2025-04-17 17:00:00,25.5676250895357,21.253747762576,0.0,1.76,20.6,62,59,6.9,40,21.0,17.1,16.6,0.0,0.0,0.22,22.0,54.0,49024.0,4.0,3.0,6.0,0.0,100670.0
2025-04-17 18:00:00,25.3372340740699,20.9317927799108,0.0,1.76,18.8,72,94,5.0,68,20.0,17.3,16.6,0.0,0.0,0.09,22.0,57.0,58060.0,4.0,3.0,355.0,0.0,100680.0
2025-04-17 19:00:00,25.333613364878,21.2040973458016,0.0,1.76,16.1,83,100,5.8,81,18.6,17.4,16.6,0.0,0.0,0.02,21.0,58.0,17049.0,1.0,3.0,37.0,0.0,100670.0
2025-04-17 20:00:00,25.1510036626968,21.1260260882212,0.0,1.76,15.2,86,100,5.8,86,17.5,17.4,16.6,0.0,0.0,0.0,19.0,64.0,5625.0,0.0,3.0,15.0,0.0,100680.0
2025-04-17 21:00:00,25.3328312992136,20.9254594230397,0.0,1.76,15.0,84,100,1.8,71,16.6,17.4,16.6,0.0,0.0,0.0,17.0,74.0,160.0,0.0,1.0,78.0,0.0,100700.0
2025-04-17 22:00:00,25.27272754924,20.9174317264296,0.0,1.76,14.8,84,96,0.3,51,15.8,17.3,16.6,0.0,0.0,0.0,16.0,80.0,0.0,0.0,1.0,126.0,0.0,100720.0
2025-04-17 23:00:00,25.171484576498,20.820051591253,0.0,1.76,14.1,85,100,2.7,171,15.1,17.2,16.6,0.0,0.0,0.0,16.0,79.0,0.0,0.0,2.0,131.0,0.0,100740.0
2025-04-18 00:00:00,25.1409998624363,21.0321843487243,0.0,1.76,13.7,84,100,3.4,180,14.6,17.0,16.6,0.0,0.0,0.0,15.0,83.0,0.0,0.0,0.0,184.0,0.0,100710.0
2025-04-18 01:00:00,25.2895658662368,20.8821440499539,0.0,1.76,14.0,84,100,3.1,184,14.7,16.9,16.6,0.0,0.0,0.0,13.0,88.0,0.0,0.0,0.0,240.0,0.0,100670.0
2025-04-18 02:00:00,25.3018546999307,20.8826559922412,0.0,1.76,13.7,83,100,1.7,126,14.3,16.7,16.6,0.0,0.0,0.0,12.0,90.0,0.0,0.0,0.0,186.0,0.0,100650.0
2025-04-18 03:00:00,25.1107035194385,20.9888429948149,0.0,1.76,13.8,82,99,0.5,49,14.0,16.5,16.6,0.0,0.0,0.0,12.0,91.0,0.0,0.0,0.0,180.0,0.0,100570.0
2025-04-18 04:00:00,25.092918212010606,20.933570080612068,0.0,1.76,13.3,83,87,0.9,25,13.6,16.3,16.6,0.0,0.0,0.0,12.272727272727273,90.18181818181819,1073.7575757575758,0.09090909090909091,0.0,178.1818181818182,0.0,100558.48484848485
2025-04-18 05:00:00,25.07513290458271,20.878297166409236,0.0,1.76,12.9,81,26,1.4,67,13.2,16.2,16.6,0.0,0.0,0.0,12.545454545454545,89.36363636363636,2147.5151515151515,0.18181818181818182,0.0,176.36363636363637,0.0,100546.9696969697
2025-04-18 06:00:00,25.057347597154816,20.823024252206405,0.0,1.76,12.9,80,41,1.9,54,12.9,16.0,16.6,0.0,0.0,0.01,12.818181818181818,88.54545454545455,3221.272727272727,0.2727272727272727,0.0,174.54545454545453,0.0,100535.45454545454
2025-04-18 07:00:00,25.039562289726923,20.767751338003574,0.0,1.76,15.3,77,100,5.4,312,13.7,15.8,16.6,0.0,0.0,0.06,13.09090909090909,87.72727272727273,4295.030303030303,0.36363636363636365,0.0,172.72727272727272,0.0,100523.93939393939
2025-04-18 08:00:00,25.02177698229903,20.712478423800743,0.0,1.76,17.8,67,92,5.8,279,15.2,15.7,16.6,0.0,0.0,0.16,13.363636363636363,86.9090909090909,5368.787878787879,0.4545454545454546,0.0,170.9090909090909,0.0,100512.42424242424
2025-04-18 09:00:00,25.003991674871138,20.65720550959791,0.0,1.76,19.4,60,60,2.4,288,16.9,15.8,16.6,0.0,0.0,0.27,13.636363636363637,86.0909090909091,6442.545454545454,0.5454545454545454,0.0,169.0909090909091,0.0,100500.90909090909
2025-04-18 10:00:00,24.98620636744324,20.60193259539508,0.0,1.76,21.2,56,52,2.9,3,18.9,15.9,16.6,0.0,0.0,0.41,13.909090909090908,85.27272727272727,7516.30303030303,0.6363636363636364,0.0,167.27272727272728,0.0,100489.39393939394
2025-04-18 11:00:00,24.96842106001535,20.54665968119225,0.0,1.76,22.6,54,61,5.8,16,20.7,16.2,16.6,0.0,0.0,0.51,14.181818181818182,84.45454545454545,8590.060606060606,0.7272727272727273,0.0,165.45454545454547,0.0,100477.87878787878
2025-04-18 12:00:00,24.950635752587456,20.491386766989418,0.0,1.76,23.2,54,51,8.8,24,22.0,16.6,16.6,0.0,0.0,0.55,14.454545454545455,83.63636363636364,9663.818181818182,0.8181818181818182,0.0,163.63636363636363,0.0,100466.36363636363
2025-04-18 13:00:00,24.93285044515956,20.436113852786587,0.0,1.76,23.1,56,45,13.0,30,22.7,16.9,16.6,0.0,0.0,0.55,14.727272727272727,82.81818181818181,10737.575757575758,0.9090909090909092,0.0,161.8181818181818,0.0,100454.84848484848
2025-04-18 14:00:00,24.915065137731666,20.380840938583756,0.0,1.76,22.4,57,10,14.6,39,23.2,17.3,16.6,0.0,0.0,0.51,15.0,82.0,11811.333333333334,1.0,0.0,160.0,0.0,100443.33333333333
2025-04-18 15:00:00,24.897279830303773,20.325568024380924,0.0,1.76,21.7,60,8,15.0,31,23.2,17.7,16.6,0.0,0.0,0.44,15.272727272727273,81.18181818181819,12885.090909090908,1.0909090909090908,0.0,158.1818181818182,0.0,100431.81818181818
2025-04-18 16:00:00,24.87949452287588,20.270295110178093,0.0,1.76,20.7,64,36,14.0,32,22.8,18.0,16.6,0.0,0.0,0.33,15.545454545454545,80.36363636363636,13958.848484848484,1.1818181818181819,0.0,156.36363636363637,0.0,100420.30303030302
2025-04-18 17:00:00,24.861709215447988,20.215022195975262,0.0,1.76,19.2,69,57,9.8,28,22.0,18.2,16.6,0.0,0.0,0.21,15.818181818181818,79.54545454545455,15032.60606060606,1.2727272727272727,0.0,154.54545454545453,0.0,100408.78787878787
2025-04-18 18:00:00,24.84392390802009,20.15974928177243,0.0,1.76,18.2,74,89,4.8,48,20.8,18.4,16.6,0.0,0.0,0.09,16.09090909090909,78.72727272727272,16106.363636363636,1.3636363636363638,0.0,152.72727272727272,0.0,100397.27272727272
2025-04-18 19:00:00,24.8261386005922,20.1044763675696,0.0,1.76,16.2,84,86,1.0,59,19.4,18.5,16.6,0.0,0.0,0.01,16.363636363636363,77.9090909090909,17180.121212121212,1.4545454545454546,0.0,150.9090909090909,0.0,100385.75757575757
2025-04-18 20:00:00,24.808353293164306,20.04920345336677,0.0,1.76,15.8,85,96,0.9,104,18.1,18.5,16.6,0.0,0.0,0.0,16.636363636363637,77.0909090909091,18253.878787878788,1.5454545454545454,0.0,149.0909090909091,0.0,100374.24242424243
2025-04-18 21:00:00,24.79056798573641,19.993930539163937,0.0,1.76,15.8,85,100,0.7,120,17.2,18.4,16.6,0.0,0.0,0.0,16.90909090909091,76.27272727272727,19327.636363636364,1.6363636363636365,0.0,147.27272727272728,0.0,100362.72727272728
2025-04-18 22:00:00,24.772782678308516,19.938657624961106,0.0,1.76,15.4,88,99,2.5,198,16.7,18.2,16.6,0.0,0.0,0.0,17.18181818181818,75.45454545454545,20401.39393939394,1.7272727272727273,0.0,145.45454545454547,0.0,100351.21212121213
2025-04-18 23:00:00,24.754997370880623,19.883384710758275,0.0,1.76,14.8,91,98,4.9,236,16.2,18.1,16.6,0.0,0.0,0.0,17.454545454545453,74.63636363636364,21475.151515151516,1.8181818181818183,0.0,143.63636363636363,0.0,100339.69696969698
2025-04-19 00:00:00,24.73721206345273,19.828111796555444,0.0,1.76,14.2,91,1,4.0,240,15.8,17.9,16.7,0.0,0.0,0.0,17.727272727272727,73.81818181818181,22548.909090909092,1.9090909090909092,0.0,141.8181818181818,0.0,100328.18181818182
2025-04-19 01:00:00,24.719426756024838,19.772838882352612,0.0,1.76,14.8,89,8,4.2,231,16.5,17.9,16.7,0.0,0.0,0.0,18.0,73.0,23622.666666666668,2.0,0.0,140.0,0.0,100316.66666666667
2025-04-19 02:00:00,24.70164144859694,19.71756596814978,0.0,1.76,15.2,84,26,1.0,311,15.9,17.7,16.7,0.0,0.0,0.0,18.272727272727273,72.18181818181819,24696.424242424244,2.090909090909091,0.0,138.1818181818182,0.0,100305.15151515152
2025-04-19 03:00:00,24.68385614116905,19.66229305394695,0.0,1.76,14.6,87,23,1.5,339,15.4,17.6,16.7,0.0,0.0,0.0,18.545454545454547,71.36363636363636,25770.181818181816,2.1818181818181817,0.0,136.36363636363637,0.0,100293.63636363637
2025-04-19 04:00:00,24.666070833741156,19.60702013974412,0.0,1.76,14.3,87,13,1.0,285,14.9,17.4,16.7,0.0,0.0,0.0,18.818181818181817,70.54545454545455,26843.939393939392,2.272727272727273,0.0,134.54545454545456,0.0,100282.12121212122
2025-04-19 05:00:00,24.64828552631326,19.551747225541288,0.0,1.76,13.6,87,14,3.6,231,14.5,17.2,16.7,0.0,0.0,0.0,19.09090909090909,69.72727272727272,27917.696969696968,2.3636363636363638,0.0,132.72727272727272,0.0,100270.60606060606
2025-04-19 06:00:00,24.630500218885366,19.496474311338456,0.0,1.76,13.5,89,21,3.3,216,14.2,17.0,16.7,0.0,0.0,0.01,19.363636363636363,68.9090909090909,28991.454545454544,2.4545454545454546,0.0,130.9090909090909,0.0,100259.09090909091
2025-04-19 07:00:00,24.612714911457473,19.441201397135625,0.0,1.76,15.9,82,20,1.7,276,15.0,16.9,16.7,0.0,0.0,0.05,19.636363636363637,68.0909090909091,30065.21212121212,2.5454545454545454,0.0,129.0909090909091,0.0,100247.57575757576
2025-04-19 08:00:00,24.59492960402958,19.385928482932794,0.0,1.76,18.0,75,16,2.1,315,16.4,16.8,16.7,0.0,0.0,0.16,19.90909090909091,67.27272727272727,31138.969696969696,2.6363636363636362,0.0,127.27272727272728,0.0,100236.06060606061
2025-04-19 09:00:00,24.577144296601688,19.330655568729963,0.0,1.76,19.8,67,90,8.0,299,18.1,16.8,16.7,0.0,0.0,0.29,20.18181818181818,66.45454545454545,32212.727272727272,2.7272727272727275,0.0,125.45454545454545,0.0,100224.54545454546
2025-04-19 10:00:00,24.55935898917379,19.27538265452713,0.0,1.76,20.0,67,36,14.4,310,19.5,17.0,16.7,0.1,0.1,0.35,20.454545454545453,65.63636363636364,33286.48484848485,2.8181818181818183,0.0,123.63636363636364,0.0,100213.0303030303
2025-04-19 11:00:00,24.5415736817459,19.2201097403243,0.0,1.76,19.7,67,93,16.7,317,20.2,17.1,16.7,0.2,0.2,0.34,20.727272727272727,64.81818181818181,34360.242424242424,2.909090909090909,0.0,121.81818181818181,0.0,100201.51515151515
2025-04-19 12:00:00,24.6654241079421,18.8862329880109,0.0,1.76,19.6,65,84,17.2,321,20.7,17.3,16.7,0.1,0.1,0.36,21.0,64.0,35434.0,3.0,0.0,120.0,0.0,100190.0
2025-04-19 13:00:00,24.5411802619019,18.6754521537437,0.0,1.76,20.0,63,96,19.3,314,21.2,17.6,16.7,0.1,0.1,0.39,21.0,64.0,101505.0,7.0,5.0,341.0,0.0,100140.0
2025-04-19 14:00:00,24.5549213901986,18.6774639183325,0.0,1.76,19.5,58,100,19.9,311,21.4,17.8,16.7,0.0,0.0,0.37,20.0,60.0,80442.0,7.0,7.0,352.0,0.0,100120.0
2025-04-19 15:00:00,24.4005384009604,18.5610634979396,0.0,1.76,19.6,51,89,15.5,309,21.2,18.0,16.7,0.0,0.0,0.3,19.0,66.0,44147.0,4.0,5.0,345.0,0.0,100130.0
2025-04-19 16:00:00,24.615008964588,18.4701807205241,0.0,1.76,18.7,53,72,11.5,324,21.0,18.2,16.7,0.0,0.0,0.27,17.0,66.0,11745.0,1.0,9.0,343.0,0.0,100140.0
2025-04-19 17:00:00,24.3442935556358,18.3192602361621,0.0,1.76,18.2,56,97,10.3,309,20.4,18.3,16.7,0.0,0.0,0.19,17.0,64.0,20657.0,1.0,4.0,351.0,0.0,100120.0
2025-04-19 18:00:00,24.3541740856147,18.1336580269552,0.0,1.76,17.3,57,100,6.7,286,19.5,18.4,16.7,0.0,0.0,0.09,17.0,65.0,7423.0,0.0,4.0,342.0,0.0,100130.0
2025-04-19 19:00:00,24.3291374818872,18.5122112752686,0.0,1.76,17.2,50,100,9.4,253,18.8,18.4,16.7,0.0,0.0,0.08,17.0,59.0,1512.0,0.0,5.0,342.0,0.0,100140.0
2025-04-19 20:00:00,24.4541719073781,18.1190035161134,0.0,1.76,16.7,45,100,10.2,243,18.2,18.3,16.7,0.0,0.0,0.07,17.0,58.0,630.0,0.0,4.0,349.0,0.0,100180.0
2025-04-19 21:00:00,24.2708723790081,18.3984176530717,0.0,1.76,16.2,45,100,10.3,234,17.6,18.3,16.7,0.0,0.0,0.07,17.0,55.0,0.0,0.0,3.0,312.0,0.0,100280.0
2025-04-19 22:00:00,24.2748573772334,18.171222016217,0.0,1.76,15.8,48,100,11.0,231,17.2,18.2,16.7,0.0,0.0,0.06,16.0,52.0,0.0,0.0,2.0,282.0,0.0,100340.0
2025-04-19 23:00:00,24.2762066590431,18.0474353770306,0.0,1.76,15.4,56,100,8.6,240,16.9,18.1,16.7,0.0,0.0,0.04,16.0,58.0,0.0,0.0,2.0,252.0,0.0,100340.0
2025-04-20 00:00:00,24.2766880113875,18.115293013789,0.0,1.76,14.8,62,100,9.9,232,16.5,18.0,16.8,0.1,0.1,0.04,16.0,57.0,0.0,0.0,2.0,237.0,0.0,100335.0
2025-04-20 01:00:00,24.2031294326007,18.2277048393097,0.0,1.76,15.0,61,100,9.3,226,16.6,17.9,16.8,0.0,0.0,0.04,16.0,56.0,0.0,0.0,2.0,222.0,0.0,100330.0
2025-04-20 02:00:00,24.3367027604556,18.037755907492,0.0,1.76,14.7,60,95,10.7,214,16.2,17.8,16.8,0.0,0.0,0.04,15.0,59.0,0.0,0.0,2.0,234.0,0.0,100370.0
2025-04-20 03:00:00,24.3068110357878,18.0269029834463,0.0,1.76,13.9,61,63,10.9,218,15.8,17.6,16.8,0.0,0.0,0.04,15.0,61.0,0.0,0.0,0.0,228.0,0.0,100360.0
2025-04-20 04:00:00,24.3518159393615,18.0663475916131,0.0,1.76,12.9,64,81,11.1,222,15.3,17.5,16.8,0.0,0.0,0.04,15.0,63.0,0.0,0.0,1.0,264.0,0.0,100340.0
2025-04-20 05:00:00,24.3823194634876,18.0078369562414,0.0,1.76,12.8,65,9,9.3,247,15.0,17.3,16.8,0.0,0.0,0.03,14.0,64.0,0.0,0.0,0.0,234.0,0.0,100290.0
2025-04-20 06:00:00,24.3418200784529,18.1891368917781,0.0,1.76,11.7,72,1,6.2,249,14.4,17.1,16.8,0.0,0.0,0.03,14.0,65.0,0.0,0.0,0.0,252.0,0.0,100290.0
2025-04-20 07:00:00,24.1535335752805,18.0204852038106,0.0,1.76,13.7,68,0,6.7,246,14.6,17.0,16.8,0.0,0.0,0.07,13.0,68.0,0.0,0.0,0.0,210.0,0.0,100280.0
2025-04-20 08:00:00,24.2650453027732,18.1191912522612,0.0,1.76,15.5,59,11,8.9,250,15.6,16.8,16.8,0.0,0.0,0.18,12.0,71.0,423.0,0.0,1.0,204.0,0.0,100280.0
2025-04-20 09:00:00,24.2563748550246,17.954733526686,0.0,1.76,16.9,52,10,13.2,245,16.9,16.8,16.8,0.0,0.0,0.29,13.0,66.0,7794.0,0.0,2.0,240.0,0.0,100350.0
2025-04-20 10:00:00,24.1239084600341,17.9994213234519,0.0,1.76,18.2,44,14,18.5,260,18.3,16.9,16.8,0.0,0.0,0.41,16.0,52.0,35123.0,2.0,4.0,282.0,0.0,100400.0
2025-04-20 11:00:00,24.2428727571538,17.881039779009,0.0,1.76,19.6,36,81,21.4,271,19.5,17.0,16.8,0.0,0.0,0.5,17.0,38.0,24345.0,2.0,4.0,291.0,0.0,100430.0
2025-04-20 12:00:00,24.1228825643034,17.7194230661465,0.0,1.76,20.1,33,90,21.1,284,20.2,17.2,16.8,0.0,0.0,0.48,18.0,35.0,84434.0,6.0,4.0,258.0,0.0,100420.0
2025-04-20 13:00:00,24.0790476214087,17.5337603096841,0.0,1.76,19.8,35,20,25.8,300,20.6,17.2,16.8,0.0,0.0,0.47,19.0,36.0,107369.0,9.0,4.0,304.0,0.0,100420.0
2025-04-20 14:00:00,23.955651598107,17.3244286446739,0.0,1.76,20.6,35,16,22.6,302,21.3,17.4,16.8,0.0,0.0,0.54,19.0,34.0,33878.0,3.0,4.0,349.0,0.0,100400.0
2025-04-20 15:00:00,23.986045791933,17.1782863402081,0.0,1.76,19.8,43,8,21.9,305,21.3,17.6,16.8,0.1,0.1,0.44,20.0,35.0,119180.0,10.0,7.0,352.0,0.0,100370.0
2025-04-20 16:00:00,24.0434308425131,17.113287601539,0.0,1.76,19.3,46,17,18.7,305,21.1,17.8,16.8,0.0,0.0,0.35,20.0,40.0,100065.0,7.0,7.0,336.0,0.0,100350.0
2025-04-20 17:00:00,23.9865106982054,17.0819871136485,0.0,1.76,18.6,49,8,17.6,309,20.5,18.0,16.8,0.0,0.0,0.25,20.0,43.0,60098.0,5.0,8.0,348.0,0.0,100330.0
2025-04-20 18:00:00,24.167924330598,16.7845643092739,0.0,1.76,17.4,56,1,8.1,306,19.5,18.1,16.8,0.0,0.0,0.11,20.0,46.0,63753.0,4.0,6.0,328.0,0.0,100320.0
2025-04-20 19:00:00,23.8457389221254,16.7795781918235,0.0,1.76,15.3,62,0,7.4,290,18.1,18.1,16.8,0.0,0.0,0.05,19.0,48.0,41424.0,2.0,4.0,1.0,0.0,100340.0
2025-04-20 20:00:00,23.9424885667087,16.6516991553537,0.0,1.76,14.8,65,10,7.7,279,17.0,18.1,16.8,0.0,0.0,0.02,19.0,50.0,9728.0,0.0,5.0,340.0,0.0,100340.0
2025-04-20 21:00:00,24.0539340798014,16.5779534876038,0.0,1.76,14.4,69,26,7.4,259,16.2,17.9,16.8,0.0,0.0,0.02,18.0,50.0,932.0,0.0,2.0,251.0,0.0,100400.0
2025-04-20 22:00:00,23.8638200730402,16.710508364264,0.0,1.76,13.9,73,99,10.3,229,15.7,17.8,16.8,0.0,0.0,0.02,17.0,54.0,0.0,0.0,2.0,270.0,0.0,100510.0
2025-04-20 23:00:00,24.1243304149659,16.8816137506737,0.0,1.76,13.5,76,96,10.7,231,15.3,17.6,16.8,0.0,0.0,0.02,15.0,61.0,0.0,0.0,2.0,223.0,0.0,100570.0
2025-04-21 00:00:00,23.793297999808,16.7105648890544,0.0,1.76,13.0,78,33,9.7,230,14.9,17.5,16.8,0.0,0.0,0.01,16.0,56.0,0.0,0.0,0.0,218.0,0.0,100600.0
2025-04-21 01:00:00,23.96558987111,16.5464255506823,0.0,1.76,13.4,75,15,7.3,233,15.4,17.3,16.8,0.0,0.0,0.01,15.0,60.0,0.0,0.0,1.0,246.0,0.0,100600.0
2025-04-21 02:00:00,24.0744590943183,16.6689826810093,0.0,1.76,12.8,77,25,6.4,239,14.8,17.2,16.8,0.0,0.0,0.0,15.0,62.0,0.0,0.0,0.0,261.0,0.0,100610.0
2025-04-21 03:00:00,23.939435957576,16.6482328398165,0.0,1.76,12.7,78,24,6.3,231,14.4,17.0,16.8,0.0,0.0,0.0,14.0,65.0,0.0,0.0,0.0,234.0,0.0,100590.0
2025-04-21 04:00:00,23.7473514666735,16.6842231267111,0.0,1.76,12.3,79,12,6.8,217,14.0,16.8,16.8,0.0,0.0,0.0,14.0,64.0,0.0,0.0,0.0,258.0,0.0,100580.0
2025-04-21 05:00:00,23.9524505865505,16.6212235464263,0.0,1.76,12.1,79,12,7.2,214,13.7,16.7,16.8,0.0,0.0,0.0,13.0,67.0,0.0,0.0,1.0,216.0,0.0,100600.0
2025-04-21 06:00:00,24.1249784411093,16.6766304359059,0.0,1.76,12.4,76,16,8.3,216,13.5,16.5,16.8,0.0,0.0,0.03,12.0,75.0,0.0,0.0,2.0,192.0,0.0,100590.0
2025-04-21 07:00:00,23.7365262896622,16.6214126631544,0.0,1.76,14.7,69,11,9.7,215,14.1,16.3,16.8,0.0,0.0,0.08,13.0,70.0,0.0,0.0,1.0,228.0,0.0,100630.0
2025-04-21 08:00:00,23.8945628477071,16.6570441480958,0.0,1.76,17.0,58,3,10.7,225,15.4,16.2,16.8,0.0,0.0,0.19,11.0,76.0,1194.0,0.0,0.0,264.0,0.0,100670.0
2025-04-21 09:00:00,23.7424583850097,16.8395913770033,0.0,1.76,18.5,52,1,11.4,244,17.0,16.3,16.8,0.0,0.0,0.31,13.0,75.0,10376.0,1.0,0.0,264.0,0.0,100720.0
2025-04-21 10:00:00,23.7614232245115,16.4882690852843,0.0,1.76,19.7,50,0,7.8,250,18.8,16.4,16.8,0.0,0.0,0.42,16.0,59.0,35060.0,2.0,4.0,308.0,0.0,100770.0
2025-04-21 11:00:00,23.7213760565877,16.4714527436742,0.0,1.76,20.9,47,39,4.2,264,20.6,16.6,16.8,0.0,0.0,0.52,18.0,50.0,65768.0,5.0,2.0,334.0,0.0,100770.0
2025-04-21 12:00:00,23.9553233170027,17.4090119656912,35.34623661037043,1.76,22.0,42,51,1.8,315,22.2,16.9,16.8,0.0,0.0,0.54,20.0,46.0,87093.0,6.0,3.0,254.0,0.0,100760.0
2025-04-21 13:00:00,24.1920841127376,22.899070910279,0.0,1.76,22.0,42,1,9.6,25,22.9,17.2,16.8,0.0,0.0,0.48,20.0,43.0,102313.0,9.0,1.0,307.0,0.0,100720.0
2025-04-21 14:00:00,25.0866614820784,23.0930600499494,0.0,1.76,21.4,49,1,15.1,15,23.4,17.5,16.8,0.0,0.0,0.53,21.0,40.0,67394.0,7.0,2.0,54.0,0.0,100660.0
2025-04-21 15:00:00,25.5747027659907,23.1736899068299,0.0,1.76,20.4,54,0,14.9,16,23.3,17.9,16.8,0.0,0.0,0.44,22.0,36.0,111316.0,9.0,1.0,259.0,0.0,100600.0
2025-04-21 16:00:00,25.7846104698018,22.8384912465098,0.0,1.76,19.8,57,0,12.8,29,22.9,18.2,16.8,0.0,0.0,0.34,21.0,51.0,92299.0,8.0,4.0,42.0,0.0,100580.0
2025-04-21 17:00:00,25.6984184184807,22.6343905322136,0.0,1.76,18.9,59,0,12.5,36,22.1,18.4,16.8,0.0,0.0,0.23,20.0,56.0,78136.0,6.0,5.0,54.0,0.0,100540.0
2025-04-21 18:00:00,25.6504581204093,22.6485596951392,0.0,1.76,17.4,66,0,10.6,41,20.8,18.5,16.8,0.0,0.0,0.12,20.0,53.0,54188.0,3.0,3.0,54.0,0.0,100520.0
2025-04-21 19:00:00,25.8021893943705,22.6630776847567,0.0,1.76,15.0,81,0,5.7,50,19.3,18.6,16.8,0.0,0.0,0.02,19.0,61.0,7648.0,0.0,1.0,44.0,0.0,100530.0
2025-04-21 20:00:00,25.6911777701057,22.6913926829327,0.0,1.76,14.0,88,0,1.9,43,17.8,18.5,16.8,0.0,0.0,0.0,18.0,66.0,7034.0,0.0,2.0,43.0,0.0,100530.0
2025-04-21 21:00:00,25.5415295019449,22.9058965529052,0.0,1.76,13.3,91,0,2.3,317,16.7,18.4,16.8,0.0,0.0,0.0,16.0,75.0,328.0,0.0,2.0,60.0,0.0,100550.0
2025-04-21 22:00:00,25.9300742680819,22.9718709346273,0.0,1.76,12.8,91,0,1.9,286,15.8,18.3,16.8,0.0,0.0,0.0,14.0,79.0,0.0,0.0,0.0,48.0,0.0,100640.0
2025-04-21 23:00:00,25.6470483822456,23.1810767255939,0.0,1.76,12.4,90,0,1.3,274,15.0,18.1,16.8,0.0,0.0,0.0,13.0,86.0,0.0,0.0,0.0,114.0,0.0,100680.0
2025-04-22 00:00:00,25.8089292058987,23.0341806307282,0.0,1.76,12.0,86,0,3.1,172,14.5,17.8,16.9,0.0,0.0,0.0,12.0,87.0,0.0,0.0,0.0,166.0,0.0,100700.0
2025-04-22 01:00:00,25.7116892312903,22.9949757750771,0.0,1.76,12.0,86,0,1.5,280,14.2,17.6,16.9,0.0,0.0,0.0,12.0,90.0,0.0,0.0,0.0,176.0,0.0,100700.0
2025-04-22 02:00:00,25.7445033345617,22.8072506685767,0.0,1.76,11.7,86,0,2.4,268,13.7,17.4,16.9,0.0,0.0,0.0,11.0,91.0,0.0,0.0,1.0,169.0,0.0,100660.0
2025-04-22 03:00:00,25.8159205690954,23.0004361038842,0.0,1.76,11.2,85,0,3.8,220,13.3,17.1,16.9,0.0,0.0,0.0,11.0,93.0,0.0,0.0,0.0,178.0,0.0,100620.0
2025-04-22 04:00:00,25.7076504429739,23.0796724291784,0.0,1.76,10.7,84,0,4.8,216,12.9,16.9,16.9,0.0,0.0,0.0,9.0,94.0,0.0,0.0,0.0,179.0,0.0,100600.0
2025-04-22 05:00:00,25.8078261757782,23.0048284049292,0.0,1.76,10.5,84,5,5.7,242,12.6,16.6,16.9,0.0,0.0,0.0,10.0,95.0,0.0,0.0,0.0,173.0,0.0,100560.0
2025-04-22 06:00:00,25.7298391335956,23.1291521602031,0.0,1.76,11.1,82,3,6.3,239,12.5,16.4,16.8,0.0,0.0,0.02,11.0,95.0,0.0,0.0,0.0,204.0,0.0,100580.0
2025-04-22 07:00:00,25.7965663673212,22.8178050820989,0.0,1.76,14.1,74,3,8.8,241,13.3,16.2,16.8,0.0,0.0,0.07,9.0,95.0,0.0,0.0,0.0,178.0,0.0,100590.0
2025-04-22 08:00:00,25.8647612531914,22.8843443855182,0.0,1.76,17.2,64,0,7.8,243,14.9,16.1,16.8,0.0,0.0,0.18,9.0,95.0,2705.0,0.0,0.0,192.0,0.0,100620.0
2025-04-22 09:00:00,25.8003883294099,22.8038576617302,0.0,1.76,19.4,54,0,8.2,260,16.8,16.1,16.8,0.0,0.0,0.31,13.0,86.0,10876.0,1.0,0.0,204.0,0.0,100700.0
2025-04-22 10:00:00,25.7710670900034,22.7033883718394,0.0,1.76,21.1,49,0,7.2,273,18.9,16.2,16.8,0.0,0.0,0.43,17.0,65.0,40861.0,2.0,3.0,244.0,0.0,100730.0
2025-04-22 11:00:00,25.7213272795256,22.5714882545799,0.0,1.76,22.4,46,0,5.2,306,20.8,16.4,16.8,0.0,0.0,0.53,19.0,53.0,70044.0,5.0,4.0,288.0,0.0,100770.0
2025-04-22 12:00:00,25.5005822391948,22.501307034629,0.0,1.76,22.9,46,11,9.9,3,22.4,16.8,16.8,0.0,0.0,0.58,21.0,52.0,91265.0,8.0,2.0,269.0,0.0,100740.0
2025-04-22 13:00:00,25.7760826325616,22.367586405557,0.0,1.76,22.7,43,100,14.5,12,23.2,17.1,16.8,0.0,0.0,0.57,22.0,44.0,106490.0,8.0,4.0,348.0,0.0,100710.0
2025-04-22 14:00:00,25.699825284803,22.1756729960719,0.0,1.76,22.6,45,93,11.6,14,23.6,17.5,16.8,0.0,0.0,0.52,22.0,48.0,105547.0,9.0,4.0,39.0,0.0,100690.0
2025-04-22 15:00:00,25.8427709613112,21.9113333594222,0.0,1.76,22.4,46,43,11.3,20,23.7,17.8,16.8,0.0,0.0,0.46,21.0,52.0,117230.0,10.0,4.0,42.0,0.0,100690.0
2025-04-22 16:00:00,25.4837096910249,21.6301619733076,0.0,1.76,21.8,48,3,10.9,17,23.4,18.1,16.8,0.0,0.0,0.37,22.0,52.0,95548.0,8.0,4.0,54.0,0.0,100670.0
2025-04-22 17:00:00,25.3380299555085,21.4324240925795,0.0,1.76,21.0,51,1,8.3,20,22.6,18.4,16.8,0.0,0.0,0.25,22.0,52.0,74957.0,4.0,2.0,48.0,0.0,100640.0
2025-04-22 18:00:00,25.6295002208482,21.3254390805633,0.0,1.76,19.4,61,0,5.3,55,21.5,18.6,16.8,0.0,0.0,0.11,22.0,51.0,49519.0,3.0,3.0,80.0,0.0,100640.0
2025-04-22 19:00:00,25.3902166911039,21.3859575877209,0.0,1.76,16.6,73,0,5.4,82,19.9,18.7,16.9,0.0,0.0,0.03,21.0,54.0,8102.0,1.0,4.0,20.0,0.0,100670.0
2025-04-22 20:00:00,25.5508421247392,21.2860354646168,0.0,1.76,15.5,75,0,4.7,107,18.5,18.7,16.9,0.0,0.0,0.0,19.0,60.0,5197.0,0.0,2.0,48.0,0.0,100710.0
2025-04-22 21:00:00,25.2986312718434,21.3205189952841,0.0,1.76,15.0,71,0,3.1,137,17.4,18.6,16.9,0.0,0.0,0.0,18.0,65.0,97.0,0.0,0.0,93.0,0.0,100730.0
2025-04-22 22:00:00,25.4579894975313,21.3803259365299,0.0,1.76,14.9,65,5,1.7,152,16.4,18.4,16.9,0.0,0.0,0.0,16.0,70.0,0.0,0.0,0.0,97.0,0.0,100790.0
2025-04-22 23:00:00,25.2841991456215,21.2654064244243,0.0,1.76,14.7,64,5,0.6,112,15.7,18.3,16.9,0.0,0.0,0.0,15.0,71.0,0.0,0.0,0.0,168.0,0.0,100840.0
2025-04-23 00:00:00,25.3638196542066,21.4244296211722,0.0,1.76,14.3,64,0,0.7,90,15.1,18.1,16.9,0.0,0.0,0.0,14.0,76.0,0.0,0.0,0.0,66.0,0.0,100890.0
2025-04-23 01:00:00,25.2769741772416,21.3208204832759,0.0,1.76,13.8,72,0,0.8,78,15.1,17.9,16.9,0.0,0.0,0.0,14.0,74.0,0.0,0.0,2.0,101.0,0.0,100890.0
2025-04-23 02:00:00,25.4259074256268,21.2649372684144,0.0,1.76,13.4,69,0,2.2,150,14.5,17.7,16.9,0.0,0.0,0.0,14.0,70.0,0.0,0.0,2.0,138.0,0.0,100880.0
2025-04-23 03:00:00,25.2762659439885,21.3347177981174,0.0,1.76,13.3,66,0,2.0,118,14.0,17.5,16.9,0.0,0.0,0.0,12.0,77.0,0.0,0.0,0.0,139.0,0.0,100860.0
2025-04-23 04:00:00,25.1698698307528,21.1592778130695,0.0,1.76,13.0,64,0,1.8,126,13.5,17.2,16.9,0.0,0.0,0.0,11.0,83.0,0.0,0.0,0.0,139.0,0.0,100880.0
2025-04-23 05:00:00,25.324372689744,21.1135746073371,0.0,1.76,12.9,63,0,0.5,60,13.1,17.0,16.9,0.0,0.0,0.0,12.0,80.0,0.0,0.0,2.0,170.0,0.0,100830.0
2025-04-23 06:00:00,25.4090289934408,21.1663178949982,0.0,1.76,13.2,64,0,1.3,70,12.9,16.8,16.9,0.0,0.0,0.01,10.0,87.0,0.0,0.0,0.0,330.0,0.0,100820.0
2025-04-23 07:00:00,25.2269214159605,21.2762114863095,0.0,1.76,15.9,58,0,2.1,46,13.8,16.6,16.9,0.0,0.0,0.06,9.0,87.0,0.0,0.0,1.0,171.0,0.0,100850.0
2025-04-23 08:00:00,25.0261731707169,21.1827480065759,0.0,1.76,18.3,56,0,6.0,30,15.5,16.5,16.9,0.0,0.0,0.19,10.0,87.0,3840.0,0.0,0.0,192.0,0.0,100900.0
2025-04-23 09:00:00,25.4315888675263,21.3078264839265,0.0,1.76,20.5,48,0,11.8,35,17.4,16.5,16.9,0.0,0.0,0.34,15.0,72.0,18760.0,1.0,1.0,239.0,0.0,100920.0
2025-04-23 10:00:00,25.2186154694392,20.9466452289173,0.0,1.76,22.0,44,0,15.9,36,19.3,16.6,16.9,0.0,0.0,0.47,19.0,61.0,48448.0,3.0,1.0,24.0,0.0,100920.0
2025-04-23 11:00:00,25.1770625016728,20.9084208698819,0.0,1.76,22.6,41,0,18.6,37,20.9,16.8,16.9,0.0,0.0,0.55,21.0,52.0,75551.0,6.0,2.0,75.0,0.0,100930.0
2025-04-23 12:00:00,24.9956987957142,20.7288186928142,0.0,1.76,22.9,41,0,20.7,40,22.2,17.1,16.9,0.0,0.0,0.6,22.0,48.0,94660.0,8.0,4.0,66.0,0.0,100910.0
2025-04-23 13:00:00,24.936677602707,20.4442506577133,0.0,1.76,22.5,47,0,21.0,44,22.8,17.3,16.9,0.0,0.0,0.58,22.0,53.0,106150.0,7.0,5.0,48.0,0.0,100880.0
2025-04-23 14:00:00,25.0730614235704,20.3757626505865,0.0,1.76,22.3,49,0,21.4,49,23.3,17.6,16.9,0.0,0.0,0.54,22.0,53.0,108870.0,9.0,5.0,48.0,0.0,100810.0
2025-04-23 15:00:00,24.9687503986752,20.2897521033542,0.0,1.76,22.3,50,0,20.3,53,23.4,18.0,16.9,0.0,0.0,0.48,23.0,53.0,103305.0,8.0,5.0,60.0,0.0,100740.0
2025-04-23 16:00:00,25.0812513867481,20.142978700341,0.0,1.76,21.7,53,0,19.2,54,23.1,18.2,16.9,0.0,0.0,0.38,23.0,53.0,89454.0,7.0,6.0,36.0,0.0,100690.0
2025-04-23 17:00:00,24.8168262483813,20.0659034967333,0.0,1.76,20.4,61,0,17.4,52,22.4,18.5,16.9,0.0,0.0,0.25,23.0,55.0,70461.0,5.0,6.0,19.0,0.0,100640.0
2025-04-23 18:00:00,24.9201061363406,20.0628962920565,0.0,1.76,18.8,67,0,15.5,47,21.3,18.6,16.9,0.0,0.0,0.13,22.0,52.0,43904.0,3.0,4.0,64.0,0.0,100640.0
2025-04-23 19:00:00,24.6602433654894,19.6979459373385,0.0,1.76,16.9,72,0,10.1,51,19.9,18.7,16.9,0.0,0.0,0.05,21.0,58.0,18086.0,1.0,4.0,24.0,0.0,100650.0
2025-04-23 20:00:00,24.7478958717205,19.7434397855882,0.0,1.76,15.6,79,0,6.0,36,18.7,18.7,16.9,0.0,0.0,0.0,19.0,65.0,4414.0,0.0,3.0,60.0,0.0,100650.0
2025-04-23 21:00:00,24.8412037287361,19.6174145332989,0.0,1.76,14.7,86,0,3.5,359,17.6,18.6,16.9,0.0,0.0,0.0,18.0,68.0,0.0,0.0,2.0,88.0,0.0,100690.0
2025-04-23 22:00:00,24.6750618730071,19.705179709626,0.0,1.76,14.5,87,0,4.0,313,16.8,18.5,16.9,0.0,0.0,0.0,17.0,75.0,0.0,0.0,2.0,30.0,0.0,100750.0
2025-04-23 23:00:00,24.9011686316583,19.8998652516281,0.0,1.76,14.2,87,0,7.9,277,16.3,18.4,16.9,0.0,0.0,0.0,15.0,80.0,0.0,0.0,0.0,26.0,0.0,100790.0
2025-04-24 00:00:00,24.8875968595091,19.8340460043838,0.0,1.76,13.7,89,0,8.0,260,15.9,18.2,16.9,0.0,0.0,0.0,14.0,85.0,0.0,0.0,0.0,192.0,0.0,100790.0
2025-04-24 01:00:00,24.6527542681805,19.8024119895341,0.0,1.76,13.6,89,0,6.9,252,15.7,18.0,17.0,0.0,0.0,0.0,13.0,87.0,0.0,0.0,0.0,180.0,0.0,100780.0
2025-04-24 02:00:00,24.7515378594767,19.3133363803077,0.0,1.76,13.2,90,0,7.4,253,15.3,17.9,17.0,0.0,0.0,0.0,12.0,90.0,0.0,0.0,0.0,170.0,0.0,100740.0
2025-04-24 03:00:00,24.729799356502,19.5532755718876,0.0,1.76,12.9,92,0,12.0,260,15.0,17.7,17.0,0.0,0.0,0.0,13.0,91.0,0.0,0.0,0.0,164.0,0.0,100670.0
2025-04-24 04:00:00,24.723370597468,19.5414443338577,0.0,1.76,12.7,91,0,11.7,255,14.8,17.5,17.0,0.0,0.0,0.0,12.0,93.0,0.0,0.0,0.0,294.0,0.0,100630.0
2025-04-24 05:00:00,24.7424763625828,19.4679185738853,0.0,1.76,12.7,87,0,10.5,261,14.5,17.3,17.0,0.0,0.0,0.0,11.0,94.0,0.0,0.0,0.0,186.0,0.0,100620.0
2025-04-24 06:00:00,24.9630441535509,19.658535461448,0.0,1.76,13.0,84,0,10.2,262,14.4,17.2,17.0,0.0,0.0,0.03,11.0,94.0,0.0,0.0,1.0,192.0,0.0,100600.0
2025-04-24 07:00:00,24.456035268221,19.4755248710027,0.0,1.76,15.5,76,0,9.2,255,15.0,17.0,17.0,0.0,0.0,0.07,11.0,95.0,74.0,0.0,0.0,186.0,0.0,100610.0
2025-04-24 08:00:00,24.6940349150489,19.5618198965585,0.0,1.76,18.3,65,0,7.2,263,16.4,16.9,17.0,0.0,0.0,0.19,11.0,95.0,6360.0,0.0,0.0,186.0,0.0,100650.0
2025-04-24 09:00:00,24.7609801558207,19.516573296939,0.0,1.76,20.3,58,0,5.8,288,18.3,17.0,17.0,0.0,0.0,0.31,16.0,83.0,22512.0,1.0,2.0,224.0,0.0,100680.0
2025-04-24 10:00:00,24.4064566900583,19.5858573269767,0.0,1.76,22.1,55,0,5.1,322,20.3,17.1,17.0,0.0,0.0,0.44,18.0,73.0,48814.0,3.0,0.0,330.0,0.0,100690.0
2025-04-24 11:00:00,24.5461315534219,19.5322748671197,0.0,1.76,23.3,56,0,7.0,5,22.2,17.4,17.0,0.0,0.0,0.53,20.0,61.0,74607.0,5.0,0.0,357.0,0.0,100670.0
2025-04-24 12:00:00,24.5863048858496,19.2060856874331,0.0,1.76,23.5,59,0,11.4,23,23.6,17.7,17.0,0.0,0.0,0.57,22.0,58.0,93050.0,9.0,2.0,60.0,0.0,100640.0
2025-04-24 13:00:00,24.4399041128397,19.2050261504879,0.0,1.76,23.1,57,76,13.7,21,24.3,18.1,17.0,0.0,0.0,0.56,23.0,57.0,103424.0,7.0,2.0,356.0,0.0,100570.0
2025-04-24 14:00:00,24.5740920954908,19.0212708581428,0.0,1.76,23.0,57,90,12.0,22,24.8,18.4,17.0,0.0,0.0,0.53,23.0,58.0,104099.0,9.0,4.0,30.0,0.0,100560.0
2025-04-24 15:00:00,24.3508158177509,18.8388873447568,0.0,1.76,22.8,56,100,11.8,25,24.8,18.8,17.0,0.0,0.0,0.45,23.0,53.0,96501.0,8.0,5.0,36.0,0.0,100490.0
2025-04-24 16:00:00,24.4662928154337,19.023702485781,0.0,1.76,21.5,60,100,13.0,23,24.1,19.1,17.0,0.0,0.0,0.31,23.0,54.0,85449.0,7.0,5.0,36.0,0.0,100430.0
2025-04-24 17:00:00,24.3145320927355,18.4942058613637,0.0,1.76,20.1,65,98,11.2,26,23.2,19.3,17.0,0.0,0.0,0.21,22.0,54.0,67396.0,4.0,3.0,39.0,0.0,100370.0
2025-04-24 18:00:00,24.5087350782102,18.2443233783806,0.0,1.76,18.7,73,100,7.2,19,22.0,19.5,17.0,0.0,0.0,0.1,21.0,66.0,28608.0,1.0,3.0,38.0,0.0,100350.0
2025-04-24 19:00:00,24.3846023345133,18.4201439842259,0.0,1.76,16.7,85,100,3.4,356,20.6,19.5,17.0,0.0,0.0,0.02,20.0,74.0,10252.0,0.0,3.0,54.0,0.0,100360.0
2025-04-24 20:00:00,24.3597123933877,18.4554803302267,0.0,1.76,16.4,87,100,0.7,294,19.4,19.5,17.0,0.0,0.0,0.0,18.0,82.0,3374.0,0.0,2.0,18.0,0.0,100380.0
2025-04-24 21:00:00,24.3151882788213,18.4066453651659,0.0,1.76,16.2,86,100,5.3,242,18.5,19.4,17.0,0.0,0.0,0.0,17.0,87.0,0.0,0.0,0.0,66.0,0.0,100410.0
2025-04-24 22:00:00,24.3055603932303,18.3382080736229,0.0,1.76,16.8,80,100,6.7,255,18.1,19.3,17.1,0.0,0.0,0.0,17.0,89.0,0.0,0.0,0.0,81.0,0.0,100450.0
2025-04-24 23:00:00,24.1721554978593,18.3305562738592,0.0,1.76,17.0,81,100,0.9,236,17.7,19.2,17.1,0.0,0.0,0.0,16.0,90.0,0.0,0.0,0.0,174.0,0.0,100480.0
2025-04-25 00:00:00,24.2372884436247,18.2695416272329,0.0,1.76,16.8,82,100,7.9,41,17.6,19.0,17.1,0.1,0.1,0.01,16.0,92.0,0.0,0.0,0.0,144.0,0.0,100460.0
2025-04-25 01:00:00,24.3783943467813,18.4160908421467,0.0,1.76,16.2,84,100,4.2,212,17.0,18.9,17.1,0.0,0.0,0.0,16.0,91.0,0.0,0.0,0.0,168.0,0.0,100500.0
2025-04-25 02:00:00,24.3081845355661,18.2912339121237,0.0,1.76,16.3,84,100,0.7,264,16.8,18.7,17.1,0.0,0.0,0.0,16.0,93.0,0.0,0.0,2.0,138.0,0.0,100480.0
2025-04-25 03:00:00,24.3296769642557,18.4323525809284,0.0,1.76,16.0,84,100,3.1,105,16.6,18.6,17.1,0.0,0.0,0.0,16.0,93.0,0.0,0.0,2.0,98.0,0.0,100410.0
2025-04-25 04:00:00,24.3403113165026,18.4060662540364,0.0,1.76,16.1,84,100,4.5,65,16.5,18.4,17.1,0.0,0.0,0.0,16.0,92.0,0.0,0.0,0.0,288.0,0.0,100390.0
2025-04-25 05:00:00,24.079732506453,18.4284859944006,0.0,1.76,16.1,83,97,1.1,128,16.4,18.3,17.1,0.1,0.1,0.0,16.0,92.0,0.0,0.0,1.0,206.0,0.0,100370.0
2025-04-25 06:00:00,24.0276161473514,18.2756847981662,0.0,1.76,16.1,86,100,1.5,345,16.2,18.1,17.1,0.0,0.0,0.02,16.0,90.0,0.0,0.0,2.0,54.0,0.0,100340.0
2025-04-25 07:00:00,24.219672758547,18.3074202403435,0.0,1.76,17.2,83,100,1.8,169,16.7,18.0,17.1,0.1,0.1,0.04,16.0,90.0,84.0,0.0,2.0,323.0,0.0,100350.0
2025-04-25 08:00:00,24.1607947337817,18.3198050493383,0.0,1.76,17.9,81,100,7.4,187,17.0,17.9,17.1,0.1,0.1,0.06,16.0,94.0,1522.0,0.0,4.0,158.0,0.0,100380.0
2025-04-25 09:00:00,24.1476175316668,18.2644256101135,0.0,1.76,18.7,88,100,5.8,198,17.5,17.9,17.1,0.8,0.8,0.08,17.0,93.0,6352.0,0.0,2.0,54.0,0.0,100430.0
2025-04-25 10:00:00,24.2266448529489,18.1104425113644,0.0,1.76,20.5,79,100,10.1,212,18.3,17.9,17.1,0.5,0.5,0.15,18.0,85.0,20336.0,1.0,0.0,276.0,0.0,100470.0
2025-04-25 11:00:00,24.1140765985471,18.1113596741061,0.0,1.76,22.3,61,100,9.8,217,19.2,17.9,17.1,0.0,0.0,0.23,19.0,79.0,21393.0,1.0,0.0,211.0,0.0,100510.0
2025-04-25 12:00:00,24.2587841874832,18.1344237299167,0.0,1.76,23.7,53,100,7.8,224,20.3,18.0,17.1,0.0,0.0,0.3,20.0,76.0,18292.0,1.0,1.0,66.0,0.0,100500.0
2025-04-25 13:00:00,24.2634751804893,18.3192455349663,0.0,1.76,24.8,50,99,8.8,300,22.6,18.6,17.1,0.0,0.0,0.44,20.0,72.0,17747.0,1.0,1.0,336.0,0.0,100490.0
2025-04-25 14:00:00,24.1637744766513,17.9356844221745,0.0,1.76,23.5,58,100,3.4,331,22.7,18.8,17.2,0.0,0.0,0.26,20.0,72.0,14328.0,1.0,2.0,228.0,0.0,100450.0
2025-04-25 15:00:00,24.2558591686959,17.9117948832538,0.0,1.76,24.9,55,98,2.6,295,23.8,19.0,17.2,0.0,0.0,0.41,20.0,78.0,16436.0,1.0,2.0,245.0,0.0,100420.0
2025-04-25 16:00:00,24.1758518055864,17.7964897904218,0.0,1.76,24.0,60,88,1.7,68,23.4,19.3,17.2,0.2,0.2,0.18,21.0,78.0,15943.0,1.0,0.0,259.0,0.0,100370.0
2025-04-25 17:00:00,24.2248252335445,17.9516051125695,0.0,1.76,24.0,61,99,3.5,33,23.4,19.5,17.2,0.0,0.0,0.2,19.0,86.0,13760.0,1.0,2.0,48.0,0.0,100370.0
2025-04-25 18:00:00,24.0865486458368,17.9426890960735,0.0,1.76,22.1,71,100,4.6,61,22.7,19.6,17.2,0.0,0.0,0.1,19.0,88.0,12526.0,0.0,3.0,168.0,0.0,100320.0
2025-04-25 19:00:00,23.9847963816863,17.7489452112718,0.0,1.76,18.8,85,100,4.6,132,21.3,19.7,17.2,0.0,0.0,0.02,20.0,83.0,9096.0,1.0,0.0,174.0,0.0,100300.0
2025-04-25 20:00:00,24.1919621238122,18.0412615978718,0.0,1.76,18.3,82,100,2.7,157,20.2,19.7,17.2,0.0,0.0,0.0,21.0,83.0,2947.0,0.0,0.0,92.0,0.0,100300.0
2025-04-25 21:00:00,24.0111373734633,17.8412177435771,0.0,1.76,18.5,77,33,0.9,171,19.3,19.7,17.2,0.0,0.0,0.0,19.5,87.0,1473.5,0.0,0.0,106.0,0.0,100325.0
2025-04-25 22:00:00,24.13687739218,17.9797102141176,0.0,1.76,18.2,76,16,0.7,195,18.6,19.6,17.2,0.0,0.0,0.0,18.0,91.0,0.0,0.0,0.0,120.0,0.0,100350.0
2025-04-25 23:00:00,23.913485673836,18.0714221974976,0.0,1.76,17.6,74,86,0.9,240,17.9,19.5,17.3,0.0,0.0,0.0,16.0,92.0,0.0,0.0,0.0,12.0,0.0,100430.0
2025-04-26 00:00:00,23.9081332342368,17.6950300088076,0.0,1.76,17.3,70,1,2.3,193,17.4,19.3,17.3,0.0,0.0,0.0,17.0,94.0,0.0,0.0,0.0,179.0,0.0,100470.0
2025-04-26 01:00:00,23.9714786471537,17.814685616655,0.0,1.76,16.5,73,0,3.4,211,16.5,18.9,17.3,0.0,0.0,0.0,16.0,92.0,0.0,0.0,0.0,170.0,0.0,100420.0
2025-04-26 02:00:00,23.9969177807906,17.8119582959174,0.0,1.76,16.0,76,0,1.9,254,16.1,18.7,17.3,0.0,0.0,0.0,15.0,92.0,0.0,0.0,0.0,42.0,0.0,100390.0
2025-04-26 03:00:00,24.0326080515805,17.7586963326686,0.0,1.76,15.7,78,0,0.5,333,15.7,18.5,17.3,0.0,0.0,0.0,14.0,94.0,0.0,0.0,0.0,185.0,0.0,100360.0
2025-04-26 04:00:00,24.011414047879,17.7650273161927,0.0,1.76,15.1,81,0,3.5,188,15.4,18.3,17.3,0.0,0.0,0.0,14.0,91.0,0.0,0.0,0.0,182.0,0.0,100340.0
2025-04-26 05:00:00,24.0511548243761,17.8099231489966,0.0,1.76,15.1,82,0,8.5,211,15.2,18.1,17.3,0.0,0.0,0.01,13.0,93.0,0.0,0.0,0.0,170.0,0.0,100380.0
2025-04-26 06:00:00,23.8563818541052,17.719622173644,0.0,1.76,16.2,78,0,9.7,206,15.4,17.9,17.3,0.0,0.0,0.04,15.0,88.0,0.0,0.0,1.0,192.0,0.0,100380.0
2025-04-26 07:00:00,23.881789290696,17.735611748558,0.0,1.76,19.2,72,0,9.4,218,16.3,17.8,17.3,0.0,0.0,0.09,13.0,91.0,0.0,0.0,0.0,210.0,0.0,100380.0
2025-04-26 08:00:00,24.0205730281688,17.649929350191,0.0,1.76,22.6,58,0,7.9,220,17.9,17.7,17.3,0.0,0.0,0.22,14.0,90.0,984.0,0.0,2.0,228.0,0.0,100410.0
2025-04-26 09:00:00,23.7765507088059,17.7769640930258,0.0,1.76,24.3,52,0,10.6,243,19.8,17.8,17.3,0.0,0.0,0.37,16.0,85.0,8892.0,0.0,0.0,198.0,0.0,100450.0
2025-04-26 10:00:00,23.8496500882606,17.648700225002,0.0,1.76,25.7,51,0,12.1,263,21.7,18.0,17.3,0.0,0.0,0.49,20.0,71.0,31638.0,2.0,2.0,222.0,0.0,100480.0
2025-04-26 11:00:00,23.9741613765168,17.4135768441327,0.0,1.76,26.9,48,0,11.8,280,23.4,18.2,17.3,0.0,0.0,0.59,23.0,55.0,60910.0,4.0,3.0,281.0,0.0,100490.0
2025-04-26 12:00:00,23.887267190933,17.2618161848791,0.0,1.76,27.0,46,0,14.0,320,24.8,18.6,17.3,0.0,0.0,0.64,25.0,53.0,82830.0,5.0,2.0,211.0,0.0,100500.0
2025-04-26 13:00:00,23.7519426658051,17.1306379964194,0.0,1.76,26.9,45,0,15.6,332,25.8,19.0,17.3,0.0,0.0,0.64,26.0,45.0,99703.0,7.0,4.0,269.0,0.0,100490.0
2025-04-26 14:00:00,23.7971974110793,17.0613784132337,0.0,1.76,26.3,46,1,16.2,329,26.2,19.4,17.3,0.0,0.0,0.6,26.0,49.0,107101.0,10.0,6.0,36.0,0.0,100450.0
2025-04-26 15:00:00,23.9030737384444,16.9336635556689,0.0,1.76,25.8,46,1,13.4,329,26.3,19.8,17.3,0.0,0.0,0.52,26.0,49.0,106536.0,9.0,5.0,28.0,0.0,100420.0
2025-04-26 16:00:00,23.6853600315022,16.7981233745923,0.0,1.76,25.2,46,0,10.2,326,25.9,20.1,17.3,0.0,0.0,0.41,26.0,47.0,95504.0,8.0,4.0,356.0,0.0,100430.0
2025-04-26 17:00:00,23.7022747438518,16.7624472678931,0.0,1.76,24.8,43,0,6.3,336,25.2,20.4,17.3,0.0,0.0,0.27,26.0,42.0,81326.0,7.0,4.0,350.0,0.0,100390.0
2025-04-26 18:00:00,23.7518423412035,16.514856100106,0.0,1.76,22.9,57,0,3.1,88,24.0,20.6,17.4,0.0,0.0,0.11,26.0,40.0,59063.0,4.0,4.0,30.0,0.0,100370.0
2025-04-26 19:00:00,23.7654309351946,16.5375228078585,0.0,1.76,19.9,66,0,3.7,111,22.3,20.6,17.4,0.0,0.0,0.03,24.0,44.0,20402.0,2.0,5.0,30.0,0.0,100390.0
2025-04-26 20:00:00,23.392516077555,16.3746490372366,0.0,1.76,18.4,72,0,3.0,112,20.9,20.6,17.4,0.0,0.0,0.0,23.0,47.0,10073.0,0.0,3.0,69.0,0.0,100400.0
2025-04-26 21:00:00,23.6692014950158,16.5104436169914,0.0,1.76,17.7,72,0,2.3,124,19.6,20.5,17.4,0.0,0.0,0.0,20.0,56.0,1081.0,0.0,1.0,48.0,0.0,100450.0
2025-04-26 22:00:00,23.6538034271194,16.4219322964136,0.0,1.76,17.4,68,0,1.7,112,18.6,20.4,17.4,0.0,0.0,0.0,19.0,61.0,0.0,0.0,2.0,70.0,0.0,100500.0
2025-04-26 23:00:00,23.6161432051066,16.4557911770388,0.0,1.76,17.0,63,5,1.6,117,17.8,20.2,17.4,0.0,0.0,0.0,17.0,67.0,0.0,0.0,2.0,113.0,0.0,100560.0
2025-04-27 00:00:00,23.4324006533165,16.4941995345276,0.0,1.76,16.9,57,13,0.9,102,17.1,20.0,17.5,0.0,0.0,0.0,16.0,67.0,0.0,0.0,2.0,144.0,0.0,100570.0
2025-04-27 01:00:00,23.6523596418456,16.4214497171618,0.0,1.76,16.8,60,11,1.6,67,16.8,19.8,17.5,0.0,0.0,0.0,15.0,73.0,0.0,0.0,0.0,60.0,0.0,100580.0
2025-04-27 02:00:00,23.580290055969,16.1998348598024,0.0,1.76,16.3,63,7,1.8,69,16.3,19.6,17.5,0.0,0.0,0.0,14.0,75.0,0.0,0.0,0.0,180.0,0.0,100590.0
2025-04-27 03:00:00,23.4200758241605,16.3126533426327,0.0,1.76,16.1,63,0,1.1,75,15.8,19.3,17.5,0.0,0.0,0.0,14.0,71.0,0.0,0.0,0.0,144.0,0.0,100560.0
2025-04-27 04:00:00,23.5300929064069,16.3661854922098,0.0,1.76,15.5,64,0,1.4,52,15.3,19.1,17.5,0.0,0.0,0.0,13.0,77.0,0.0,0.0,0.0,181.0,0.0,100540.0
2025-04-27 05:00:00,23.3686757486999,16.3151476832432,0.0,1.76,14.7,71,0,2.4,44,14.9,18.8,17.5,0.0,0.0,0.0,12.0,84.0,0.0,0.0,0.0,162.0,0.0,100530.0
2025-04-27 06:00:00,23.6862197715148,16.3521854985356,0.0,1.76,14.9,74,0,2.3,54,14.7,18.6,17.5,0.0,0.0,0.02,11.0,83.0,0.0,0.0,0.0,178.0,0.0,100520.0
2025-04-27 07:00:00,23.4774758829156,16.2385253116265,0.0,1.76,16.9,67,0,5.0,63,15.6,18.4,17.5,0.0,0.0,0.08,11.0,85.0,0.0,0.0,0.0,137.0,0.0,100570.0
2025-04-27 08:00:00,23.4954965823634,16.4056286033119,0.0,1.76,19.2,62,0,5.6,41,17.3,18.3,17.5,0.0,0.0,0.2,10.0,87.0,2195.0,0.0,0.0,96.0,0.0,100620.0
2025-04-27 09:00:00,23.225986159093,16.3841243675904,0.0,1.76,21.2,57,0,8.0,30,19.2,18.2,17.5,0.0,0.0,0.33,15.0,76.0,12991.0,1.0,0.0,179.0,0.0,100630.0
2025-04-27 10:00:00,23.20668062589856,16.326639879980057,0.0,1.76,23.1,48,0,9.8,29,21.1,18.3,17.5,0.0,0.0,0.47,20.0,65.0,38317.0,2.0,1.0,48.0,0.0,100610.0
2025-04-27 11:00:00,23.18737509270412,16.26915539236972,0.0,1.76,23.5,49,0,14.7,24,22.8,18.5,17.5,0.0,0.0,0.55,19.88888888888889,65.62962962962963,36897.851851851854,1.925925925925926,0.962962962962963,47.111111111111114,0.0,100610.37037037036
2025-04-27 12:00:00,23.16806955950968,16.211670904759377,0.0,1.76,22.9,54,0,16.0,29,24.0,18.8,17.5,0.0,0.0,0.57,19.77777777777778,66.25925925925925,35478.7037037037,1.8518518518518519,0.9259259259259259,46.22222222222222,0.0,100610.74074074074
2025-04-27 13:00:00,23.148764026315238,16.154186417149035,0.0,1.76,22.8,58,0,15.3,33,24.7,19.0,17.5,0.0,0.0,0.57,19.666666666666668,66.88888888888889,34059.555555555555,1.7777777777777777,0.8888888888888888,45.333333333333336,0.0,100611.11111111111
2025-04-27 14:00:00,23.129458493120797,16.096701929538696,0.0,1.76,22.9,56,0,16.1,38,25.2,19.3,17.5,0.0,0.0,0.54,19.555555555555557,67.51851851851852,32640.40740740741,1.7037037037037037,0.8518518518518519,44.44444444444444,0.0,100611.48148148147
2025-04-27 15:00:00,23.110152959926356,16.039217441928354,0.0,1.76,22.6,56,0,17.2,41,25.2,19.6,17.5,0.0,0.0,0.47,19.444444444444443,68.14814814814815,31221.25925925926,1.6296296296296298,0.8148148148148149,43.55555555555556,0.0,100611.85185185185
2025-04-27 16:00:00,23.090847426731916,15.981732954318014,0.0,1.76,21.9,60,0,17.5,46,24.8,19.9,17.5,0.0,0.0,0.37,19.333333333333332,68.77777777777777,29802.111111111113,1.5555555555555556,0.7777777777777778,42.666666666666664,0.0,100612.22222222222
2025-04-27 17:00:00,23.071541893537475,15.924248466707674,0.0,1.76,20.8,64,0,16.9,48,23.9,20.1,17.6,0.0,0.0,0.25,19.22222222222222,69.4074074074074,28382.962962962964,1.4814814814814814,0.7407407407407407,41.77777777777778,0.0,100612.5925925926
2025-04-27 18:00:00,23.052236360343034,15.866763979097332,0.0,1.76,19.2,72,0,10.8,42,22.7,20.2,17.6,0.0,0.0,0.12,19.11111111111111,70.03703703703704,26963.814814814818,1.4074074074074074,0.7037037037037037,40.888888888888886,0.0,100612.96296296296
2025-04-27 19:00:00,23.032930827148594,15.809279491486992,0.0,1.76,17.0,82,1,4.5,38,21.1,20.3,17.6,0.0,0.0,0.02,19.0,70.66666666666667,25544.666666666668,1.3333333333333335,0.6666666666666667,40.0,0.0,100613.33333333333
2025-04-27 20:00:00,23.013625293954153,15.751795003876651,0.0,1.76,16.2,84,0,2.5,23,19.7,20.2,17.6,0.0,0.0,0.0,18.88888888888889,71.29629629629629,24125.51851851852,1.2592592592592593,0.6296296296296297,39.111111111111114,0.0,100613.70370370371
2025-04-27 21:00:00,22.994319760759712,15.69431051626631,0.0,1.76,15.9,84,0,2.0,15,18.5,20.1,17.6,0.0,0.0,0.0,18.77777777777778,71.92592592592592,22706.370370370372,1.1851851851851851,0.5925925925925926,38.22222222222222,0.0,100614.07407407407
2025-04-27 22:00:00,22.97501422756527,15.63682602865597,0.0,1.76,15.6,83,0,1.6,17,17.6,19.9,17.6,0.0,0.0,0.0,18.666666666666668,72.55555555555556,21287.222222222223,1.1111111111111112,0.5555555555555556,37.333333333333336,0.0,100614.44444444444
2025-04-27 23:00:00,22.95570869437083,15.579341541045629,0.0,1.76,15.2,82,0,0.9,27,16.8,19.7,17.6,0.0,0.0,0.0,18.555555555555557,73.18518518518519,19868.074074074077,1.0370370370370372,0.5185185185185186,36.44444444444444,0.0,100614.81481481482
2025-04-28 00:00:00,22.93640316117639,15.521857053435289,0.0,1.76,14.7,82,0,1.0,26,16.2,19.5,17.6,0.0,0.0,0.0,18.444444444444443,73.81481481481481,18448.925925925927,0.962962962962963,0.4814814814814815,35.55555555555556,0.0,100615.18518518518
2025-04-28 01:00:00,22.91709762798195,15.464372565824947,0.0,1.76,14.5,81,0,1.3,37,16.0,19.3,17.6,0.0,0.0,0.0,18.333333333333332,74.44444444444444,17029.77777777778,0.888888888888889,0.4444444444444445,34.666666666666664,0.0,100615.55555555556
2025-04-28 02:00:00,22.89779209478751,15.406888078214607,0.0,1.76,13.8,82,0,2.2,5,15.4,19.1,17.6,0.0,0.0,0.0,18.22222222222222,75.07407407407408,15610.629629629631,0.8148148148148149,0.40740740740740744,33.77777777777778,0.0,100615.92592592593
2025-04-28 03:00:00,22.878486561593068,15.349403590604267,0.0,1.76,13.5,83,0,1.2,16,14.9,18.8,17.6,0.0,0.0,0.0,18.11111111111111,75.70370370370371,14191.481481481484,0.7407407407407408,0.3703703703703704,32.88888888888889,0.0,100616.29629629629
2025-04-28 04:00:00,22.859181028398627,15.291919102993925,0.0,1.76,13.2,84,0,1.0,19,14.4,18.6,17.6,0.0,0.0,0.0,18.0,76.33333333333333,12772.333333333336,0.6666666666666667,0.33333333333333337,32.0,0.0,100616.66666666667
2025-04-28 05:00:00,22.839875495204186,15.234434615383584,0.0,1.76,12.7,87,0,0.6,38,14.0,18.3,17.7,0.0,0.0,0.0,17.88888888888889,76.96296296296296,11353.185185185188,0.5925925925925927,0.29629629629629634,31.11111111111111,0.0,100617.03703703704
2025-04-28 06:00:00,22.820569962009746,15.176950127773244,0.0,1.76,13.1,89,0,0.4,46,13.8,18.0,17.7,0.0,0.0,0.01,17.77777777777778,77.5925925925926,9934.03703703704,0.5185185185185186,0.2592592592592593,30.22222222222222,0.0,100617.4074074074
2025-04-28 07:00:00,22.801264428815305,15.119465640162902,0.0,1.76,15.3,83,0,2.3,49,14.8,17.8,17.6,0.0,0.0,0.06,17.666666666666668,78.22222222222223,8514.88888888889,0.44444444444444453,0.22222222222222227,29.333333333333336,0.0,100617.77777777778
2025-04-28 08:00:00,22.781958895620864,15.061981152552562,0.0,1.76,17.4,72,0,8.2,34,16.4,17.7,17.6,0.0,0.0,0.19,17.555555555555557,78.85185185185185,7095.740740740743,0.37037037037037046,0.18518518518518523,28.444444444444446,0.0,100618.14814814815
2025-04-28 09:00:00,22.762653362426423,15.004496664942222,0.0,1.76,19.1,62,0,12.9,39,18.2,17.7,17.6,0.0,0.0,0.31,17.444444444444443,79.48148148148148,5676.592592592595,0.2962962962962964,0.1481481481481482,27.555555555555557,0.0,100618.51851851853
2025-04-28 10:00:00,22.743347829231983,14.947012177331882,0.0,1.76,20.4,57,0,16.9,43,19.9,17.7,17.6,0.0,0.0,0.42,17.333333333333332,80.11111111111111,4257.444444444447,0.22222222222222232,0.11111111111111116,26.666666666666668,0.0,100618.88888888889
2025-04-28 11:00:00,22.724042296037542,14.88952768972154,0.0,1.76,21.2,57,0,21.1,48,21.4,17.9,17.6,0.0,0.0,0.49,17.22222222222222,80.74074074074075,2838.2962962962993,0.14814814814814825,0.07407407407407413,25.77777777777778,0.0,100619.25925925926
2025-04-28 12:00:00,22.7047367628431,14.8320432021112,0.0,1.76,21.6,57,0,23.2,50,22.6,18.1,17.6,0.0,0.0,0.53,17.11111111111111,81.37037037037037,1419.148148148151,0.07407407407407418,0.03703703703703709,24.88888888888889,0.0,100619.62962962964
2025-04-28 13:00:00,22.7180693967423,14.753773718217,0.0,1.76,21.9,57,0,24.4,52,23.5,18.5,17.6,0.0,0.0,0.53,17.0,82.0,0.0,0.0,0.0,24.0,0.0,100620.0
2025-04-28 14:00:00,22.5995003125937,14.7381746232442,0.0,1.76,21.9,56,0,25.7,55,23.9,18.7,17.6,0.0,0.0,0.51,21.0,61.0,107372.0,9.0,5.0,48.0,0.0,100520.0
2025-04-28 15:00:00,22.4861118585279,14.508917657546,0.0,1.76,21.4,60,0,25.8,54,24.0,19.0,17.6,0.0,0.0,0.44,22.0,60.0,105436.0,8.0,5.0,94.0,0.0,100460.0
2025-04-28 16:00:00,22.4566796212805,14.5016780396445,0.0,1.76,20.4,63,0,24.4,56,23.6,19.3,17.7,0.0,0.0,0.34,22.0,58.0,93333.0,8.0,7.0,53.0,0.0,100430.0
2025-04-28 17:00:00,22.5227454867943,14.3467402723923,0.0,1.76,19.3,69,1,21.1,56,22.8,19.5,17.7,0.0,0.0,0.23,22.0,56.0,78430.0,6.0,6.0,96.0,0.0,100400.0
2025-04-28 18:00:00,22.3205547349456,14.4474355439624,0.0,1.76,17.9,77,7,17.7,53,21.7,19.6,17.7,0.0,0.0,0.11,21.0,62.0,54844.0,3.0,6.0,58.0,0.0,100370.0
2025-04-28 19:00:00,22.3988680788702,14.2982140113519,0.0,1.76,16.7,85,2,14.4,55,20.4,19.6,17.7,0.0,0.0,0.04,20.0,65.0,9543.0,1.0,7.0,66.0,0.0,100380.0
2025-04-28 20:00:00,22.360456367439,14.3694649938245,0.0,1.76,16.0,91,9,12.2,52,19.3,19.6,17.7,0.0,0.0,0.0,19.0,69.0,8539.0,0.0,6.0,86.0,0.0,100390.0
2025-04-28 21:00:00,22.1453820091015,14.1637118600853,0.0,1.76,15.6,94,11,8.8,48,18.4,19.5,17.7,0.0,0.0,0.0,18.0,75.0,646.0,0.0,2.0,59.0,0.0,100420.0
2025-04-28 22:00:00,22.4648370047963,14.2477496246875,0.0,1.76,15.5,94,19,7.7,45,17.8,19.4,17.7,0.0,0.0,0.0,16.0,83.0,0.0,0.0,0.0,66.0,0.0,100460.0
2025-04-28 23:00:00,22.4663978610149,14.4446151758301,0.0,1.76,15.0,93,13,7.2,42,17.2,19.3,17.7,0.0,0.0,0.0,16.0,86.0,0.0,0.0,1.0,60.0,0.0,100500.0
2025-04-29 00:00:00,22.245222045825,14.1738028948605,0.0,1.76,15.0,93,15,9.8,50,16.8,19.1,17.7,0.0,0.0,0.0,15.0,88.0,0.0,0.0,0.0,328.0,0.0,100520.0
2025-04-29 01:00:00,22.3992168783267,14.3604628661994,0.0,1.76,14.6,93,15,4.5,47,17.3,19.0,17.7,0.0,0.0,0.0,14.0,90.0,0.0,0.0,0.0,262.0,0.0,100520.0
2025-04-29 02:00:00,22.4269270754894,14.2771388172494,0.0,1.76,14.3,95,15,1.7,24,16.8,18.9,17.7,0.0,0.0,0.0,13.0,92.0,0.0,0.0,0.0,180.0,0.0,100470.0
2025-04-29 03:00:00,22.2383683505309,14.3605689295234,0.0,1.76,13.7,97,31,1.9,360,16.3,18.7,17.7,0.0,0.0,0.0,12.0,93.0,0.0,0.0,0.0,172.0,0.0,100370.0
2025-04-29 04:00:00,22.2865032576055,14.2111927912819,0.0,1.76,13.7,98,69,4.8,261,16.0,18.6,17.7,0.0,0.0,0.0,12.0,94.0,0.0,0.0,0.0,72.0,0.0,100290.0
2025-04-29 05:00:00,22.2490255152551,14.2184176649609,0.0,1.76,13.7,99,100,4.5,276,15.9,18.4,17.7,0.0,0.0,0.0,11.0,95.0,0.0,0.0,0.0,192.0,0.0,100250.0
2025-04-29 06:00:00,22.416266584397,14.3305271978497,0.0,1.76,13.7,99,100,5.0,282,15.9,18.2,17.7,0.0,0.0,0.01,12.0,95.0,0.0,0.0,0.0,228.0,0.0,100230.0
2025-04-29 07:00:00,22.0649616678425,14.1937348998408,0.0,1.76,14.8,91,72,4.1,10,16.4,18.1,17.7,0.0,0.0,0.05,12.0,96.0,0.0,0.0,0.0,188.0,0.0,100210.0
2025-04-29 08:00:00,22.2120063701624,14.2257131870181,0.0,1.76,16.3,81,92,10.3,35,17.2,18.0,17.7,0.0,0.0,0.13,11.0,96.0,3892.0,0.0,0.0,180.0,0.0,100170.0
2025-04-29 09:00:00,22.1707467566156,14.1454669907381,0.0,1.76,17.7,74,100,11.6,27,18.5,18.0,17.7,0.0,0.0,0.24,14.0,96.0,18833.0,1.0,0.0,78.0,0.0,100190.0
2025-04-29 10:00:00,22.296467511646,14.1647049024487,0.0,1.76,19.2,68,98,14.6,31,20.0,18.1,17.7,0.0,0.0,0.37,17.0,84.0,26999.0,1.0,2.0,48.0,0.0,100170.0
2025-04-29 11:00:00,22.0310236945824,14.1727773627843,0.0,1.76,20.1,65,100,15.8,31,21.5,18.2,17.7,0.0,0.0,0.44,19.0,73.0,65386.0,4.0,4.0,72.0,0.0,100100.0
2025-04-29 12:00:00,21.939559598969,14.3457987517431,0.0,1.76,20.5,66,100,14.7,31,22.6,18.4,17.7,0.0,0.0,0.47,20.0,74.0,87216.0,7.0,3.0,24.0,0.0,100080.0
2025-04-29 13:00:00,22.0022688572329,13.9188841411842,0.0,1.76,20.8,64,100,15.7,31,23.3,18.7,17.7,0.0,0.0,0.4,20.0,75.0,98120.0,7.0,4.0,54.0,0.0,100050.0
2025-04-29 14:00:00,21.8609467234508,14.0988210334201,0.0,1.76,20.8,65,100,16.0,24,23.6,19.0,17.7,0.0,0.0,0.4,20.0,72.0,40056.0,4.0,4.0,348.0,0.0,99990.0
2025-04-29 15:00:00,21.9865305645446,13.9308851501239,0.0,1.76,20.2,66,100,12.1,35,23.2,19.2,17.7,0.0,0.0,0.28,19.0,76.0,23287.0,2.0,3.0,330.0,0.0,99990.0
2025-04-29 16:00:00,21.9821655217146,13.7673721922628,0.0,1.76,20.1,67,98,12.3,35,22.6,19.4,17.7,0.0,0.0,0.21,19.0,78.0,19688.0,1.0,3.0,48.0,0.0,100060.0
2025-04-29 17:00:00,21.8904113982012,13.9784788151942,0.0,1.76,19.5,70,58,16.1,36,22.1,19.5,17.7,0.0,0.0,0.18,19.0,80.0,13140.0,0.0,3.0,36.0,0.0,100010.0
2025-04-29 18:00:00,21.8319874102442,13.8889561453315,0.0,1.76,18.3,78,85,14.5,35,21.3,19.6,17.7,0.0,0.0,0.1,19.0,80.0,17417.0,1.0,5.0,24.0,0.0,99980.0
2025-04-29 19:00:00,21.8929166408525,13.7757977546616,0.0,1.76,16.9,87,93,12.5,25,20.3,19.6,17.8,0.0,0.0,0.03,18.0,81.0,8934.0,0.0,4.0,42.0,0.0,100030.0
2025-04-29 20:00:00,21.8834288079462,13.8750810674769,0.0,1.76,16.5,91,98,9.2,30,19.5,19.6,17.8,0.0,0.0,0.0,18.0,82.0,4520.0,0.0,3.0,54.0,0.0,100080.0
2025-04-29 21:00:00,21.8788644649393,13.9063848636059,0.0,1.76,16.4,91,100,11.8,41,18.9,19.6,17.8,0.0,0.0,0.0,17.0,86.0,252.0,0.0,4.0,36.0,0.0,100140.0
2025-04-29 22:00:00,21.6455219930278,13.843070604308,0.0,1.76,16.7,89,95,10.6,47,18.5,19.5,17.8,0.0,0.0,0.0,17.0,87.0,0.0,0.0,1.0,48.0,0.0,100190.0
2025-04-29 23:00:00,21.584495583584,13.840040145166,0.0,1.76,17.0,87,100,9.6,55,18.3,19.4,17.8,0.0,0.0,0.0,17.0,88.0,0.0,0.0,3.0,48.0,0.0,100200.0
2025-04-30 00:00:00,21.7187367197681,13.8909419034963,0.0,1.76,16.6,88,100,7.0,61,18.0,19.3,17.8,0.0,0.0,0.0,17.0,90.0,0.0,0.0,2.0,54.0,0.0,100190.0
2025-04-30 01:00:00,21.6301167752516,13.6812708159545,0.0,1.76,16.8,91,100,11.2,46,18.6,19.3,17.8,0.2,0.2,0.0,17.0,92.0,0.0,0.0,0.0,48.0,0.0,100200.0
2025-04-30 02:00:00,21.7760315500397,13.9478105484086,0.0,1.76,16.7,91,100,7.8,57,18.1,19.3,17.8,0.1,0.1,0.0,17.0,94.0,0.0,0.0,0.0,60.0,0.0,100130.0
2025-04-30 03:00:00,21.7426423253959,13.7709394038352,0.0,1.76,16.6,91,100,9.1,67,17.8,19.2,17.8,0.1,0.1,0.0,16.0,94.0,0.0,0.0,2.0,42.0,0.0,100090.0
2025-04-30 04:00:00,21.794972214562,13.7551965029503,0.0,1.76,16.2,90,100,7.1,87,17.5,19.0,17.8,0.0,0.0,0.0,16.0,96.0,0.0,0.0,0.0,72.0,0.0,100080.0
2025-04-30 05:00:00,21.7321089600601,13.6371507296701,0.0,1.76,15.6,92,99,6.1,78,17.2,18.9,17.8,0.0,0.0,0.0,16.0,96.0,0.0,0.0,0.0,96.0,0.0,100020.0
2025-04-30 06:00:00,21.8333195567733,13.9035599153564,0.0,1.76,15.1,95,100,4.6,70,17.0,18.8,17.8,0.0,0.0,0.02,16.0,97.0,0.0,0.0,2.0,70.0,0.0,99930.0
2025-04-30 07:00:00,21.8228595940417,13.6936306938461,0.0,1.76,14.9,97,100,2.6,47,17.1,18.7,17.8,0.0,0.0,0.03,16.0,97.0,0.0,0.0,0.0,60.0,0.0,99920.0
2025-04-30 08:00:00,21.5808652147735,13.5214955454308,0.0,1.76,15.2,97,100,3.3,338,17.4,18.6,17.8,0.0,0.0,0.06,16.0,97.0,2568.0,0.0,0.0,24.0,0.0,99970.0
2025-04-30 09:00:00,21.8117097810735,13.8749768993388,0.0,1.76,16.4,91,100,7.7,318,18.2,18.5,17.8,0.0,0.0,0.13,17.0,96.0,10665.0,0.0,0.0,249.0,0.0,100020.0
2025-04-30 10:00:00,21.5975519483586,13.6842807190316,0.0,1.76,18.1,81,100,7.6,289,19.4,18.5,17.8,0.0,0.0,0.24,18.0,92.0,16644.0,1.0,0.0,285.0,0.0,100040.0
2025-04-30 11:00:00,21.6080174033404,13.7069394729485,0.0,1.76,19.4,77,100,7.7,278,20.3,18.6,17.8,0.0,0.0,0.24,19.0,80.0,53364.0,4.0,2.0,341.0,0.0,100040.0
2025-04-30 12:00:00,21.5670567632235,13.7859187354622,0.0,1.76,21.1,71,100,8.5,331,21.7,18.7,17.8,0.0,0.0,0.35,20.0,73.0,57592.0,5.0,1.0,288.0,0.0,100040.0
2025-04-30 13:00:00,21.5197261430635,13.6645401315331,0.0,1.76,19.9,73,100,6.9,347,21.7,19.0,17.8,0.1,0.1,0.23,21.0,74.0,47775.0,4.0,3.0,20.0,0.0,99990.0
2025-04-30 14:00:00,21.5722721155927,13.5766636395121,0.0,1.76,20.2,73,100,9.4,25,21.8,19.1,17.8,0.0,0.0,0.22,21.0,75.0,56883.0,5.0,4.0,352.0,0.0,99990.0
2025-04-30 15:00:00,21.4073648080064,13.6244729898932,0.0,1.76,19.9,76,100,11.4,36,21.8,19.2,17.8,0.2,0.2,0.22,21.0,76.0,49256.0,3.0,5.0,20.0,0.0,100000.0
2025-04-30 16:00:00,21.4255275888063,13.6315299803923,0.0,1.76,20.4,74,99,10.0,65,21.9,19.4,17.8,0.0,0.0,0.24,21.0,73.0,43196.0,3.0,4.0,12.0,0.0,100000.0
2025-04-30 17:00:00,21.2894591658565,13.6217804615663,0.0,1.76,20.6,73,98,5.8,88,21.9,19.5,17.9,0.0,0.0,0.19,21.0,74.0,38096.0,2.0,4.0,32.0,0.0,99990.0
2025-04-30 18:00:00,21.2410526778531,13.5979610903742,0.0,1.76,19.9,77,100,5.5,44,21.4,19.6,17.9,0.0,0.0,0.1,20.0,78.0,25942.0,2.0,2.0,26.0,0.0,100010.0
2025-04-30 19:00:00,21.3644001476162,13.5342883645726,0.0,1.76,17.4,91,100,4.0,18,20.3,19.6,17.9,0.0,0.0,0.02,19.0,82.0,12178.0,1.0,2.0,44.0,0.0,100040.0
2025-04-30 20:00:00,21.3268426365192,13.7742970449608,0.0,1.76,16.4,94,74,1.8,16,19.2,19.6,17.9,0.0,0.0,0.0,19.0,84.0,4150.0,0.0,2.0,20.0,0.0,100050.0
2025-04-30 21:00:00,21.4140614630891,13.3720031837205,0.0,1.76,15.9,94,94,1.3,354,18.3,19.5,17.9,0.0,0.0,0.0,18.0,87.0,52.0,0.0,2.0,30.0,0.0,100090.0
2025-04-30 22:00:00,21.349298224084,13.6181617071952,0.0,1.76,15.7,96,96,2.4,114,17.8,19.4,17.9,0.0,0.0,0.0,17.0,92.0,0.0,0.0,0.0,78.0,0.0,100200.0
2025-04-30 23:00:00,21.3844128711541,13.5049115020257,0.0,1.76,15.7,94,100,4.9,156,17.6,19.3,17.9,0.0,0.0,0.0,17.0,91.0,0.0,0.0,0.0,145.0,0.0,100280.0
2025-05-01 00:00:00,21.2433254799278,13.4116918599345,0.0,1.76,15.9,93,100,5.5,198,17.6,19.1,17.9,0.0,0.0,0.0,18.0,91.0,0.0,0.0,0.0,90.0,0.0,100270.0
2025-05-01 01:00:00,21.3124007670571,13.6115628873374,0.0,1.76,16.9,92,100,4.4,171,18.6,19.1,17.9,0.1,0.1,0.0,17.0,92.0,0.0,0.0,0.0,66.0,0.0,100250.0
2025-05-01 02:00:00,21.2627813252546,13.6693354170663,0.0,1.76,17.0,91,100,3.2,177,18.3,19.1,17.9,0.1,0.1,0.0,17.0,92.0,0.0,0.0,0.0,72.0,0.0,100230.0
2025-05-01 03:00:00,21.2634534849142,13.4534643660826,0.0,1.76,17.0,92,100,2.7,166,18.1,19.0,17.9,0.1,0.1,0.0,17.0,93.0,0.0,0.0,0.0,54.0,0.0,100200.0
2025-05-01 04:00:00,21.1569412907618,13.5387554605514,0.0,1.76,17.0,92,100,1.1,135,17.9,18.9,17.9,0.0,0.0,0.0,17.0,93.0,0.0,0.0,0.0,48.0,0.0,100160.0
2025-05-01 05:00:00,21.3728891988421,13.5779684661754,0.0,1.76,16.7,93,100,1.0,45,17.8,18.8,17.9,0.1,0.1,0.0,17.0,93.0,0.0,0.0,0.0,36.0,0.0,100160.0
2025-05-01 06:00:00,21.2698069525821,13.3757166139063,0.0,1.76,16.6,93,100,2.6,72,17.7,18.8,17.9,0.1,0.1,0.02,17.0,93.0,0.0,0.0,0.0,66.0,0.0,100150.0
2025-05-01 07:00:00,21.3411031105837,13.5555855151657,0.0,1.76,16.6,94,100,3.0,51,17.8,18.7,17.9,0.0,0.0,0.04,17.0,94.0,124.0,0.0,0.0,112.0,0.0,100170.0
2025-05-01 08:00:00,21.3480786962873,13.3366776763794,0.0,1.76,17.0,91,100,4.7,22,18.3,18.6,17.9,0.0,0.0,0.1,17.0,93.0,6940.0,0.0,0.0,72.0,0.0,100210.0
2025-05-01 09:00:00,21.3011383843314,13.549923271087,0.0,1.76,18.5,83,100,8.5,6,19.5,18.6,17.9,0.0,0.0,0.22,18.0,88.0,14104.0,1.0,0.0,117.0,0.0,100220.0
2025-05-01 10:00:00,21.3668157801615,13.5423443048986,0.0,1.76,19.7,78,68,9.5,8,20.8,18.7,17.9,0.0,0.0,0.32,20.0,79.0,57752.0,3.0,2.0,30.0,0.0,100200.0
2025-05-01 11:00:00,21.2403192664869,13.5689095901177,0.0,1.76,21.3,73,52,11.1,24,22.6,18.9,17.9,0.0,0.0,0.47,21.0,75.0,89091.0,6.0,2.0,10.0,0.0,100160.0
2025-05-01 12:00:00,21.1148150612271,13.27817958685,0.0,1.76,21.8,71,21,12.5,34,24.0,19.1,17.9,0.0,0.0,0.52,22.0,72.0,97670.0,7.0,4.0,24.0,0.0,100150.0
2025-05-01 13:00:00,21.0496588180927,13.3666367732895,0.0,1.76,21.7,70,17,14.2,41,24.8,19.4,17.9,0.0,0.0,0.51,22.0,70.0,105077.0,9.0,3.0,63.0,0.0,100080.0
2025-05-01 14:00:00,21.0602981360574,13.3002906996937,0.0,1.76,21.8,69,33,16.2,51,25.1,19.7,17.9,0.0,0.0,0.47,22.0,68.0,89047.0,8.0,4.0,29.0,0.0,100030.0
2025-05-01 15:00:00,20.7391202182157,13.2080075110489,0.0,1.76,21.7,70,64,13.9,54,25.1,20.0,17.9,0.0,0.0,0.4,22.0,69.0,95159.0,9.0,6.0,45.0,0.0,100020.0
2025-05-01 16:00:00,21.0047691935489,13.0426886458072,0.0,1.76,20.9,73,99,14.6,46,24.5,20.2,17.9,0.0,0.0,0.27,22.0,68.0,88032.0,6.0,4.0,59.0,0.0,99990.0
2025-05-01 17:00:00,20.8581530852947,13.1922097269748,0.0,1.76,20.3,76,97,14.9,38,23.6,20.4,18.0,0.0,0.0,0.16,22.0,71.0,71480.0,5.0,2.0,48.0,0.0,99920.0
2025-05-01 18:00:00,20.9657916661487,13.2034929958292,0.0,1.76,18.7,84,100,12.9,33,22.5,20.5,18.0,0.0,0.0,0.08,22.0,73.0,34756.0,1.0,4.0,60.0,0.0,99880.0
2025-05-01 19:00:00,20.9261839317446,13.0925349737886,0.0,1.76,17.2,90,100,9.9,44,21.3,20.5,18.0,0.0,0.0,0.03,20.0,74.0,5027.0,0.0,4.0,42.0,0.0,99830.0
2025-05-01 20:00:00,20.8454291569549,13.2465757851602,0.0,1.76,16.3,93,98,7.1,23,20.2,20.5,18.0,0.0,0.0,0.0,19.0,82.0,243.0,0.0,4.0,336.0,0.0,99970.0
2025-05-01 21:00:00,20.8938887683937,13.0725890150942,0.0,1.76,16.9,89,100,5.3,28,19.5,20.4,18.0,0.0,0.0,0.0,18.0,94.0,0.0,0.0,3.0,114.0,76.0,99940.0
2025-05-01 22:00:00,20.859832291415,13.143140797893,0.0,1.76,18.3,82,100,1.7,175,19.0,20.3,18.0,0.0,0.0,0.0,17.0,95.0,0.0,0.0,3.0,117.0,15.0,99930.0
2025-05-01 23:00:00,20.8059166277547,13.0247780387499,0.0,1.76,20.5,68,94,6.7,184,18.9,20.2,18.0,0.0,0.0,0.02,18.0,94.0,0.0,0.0,0.0,54.0,0.0,99850.0
2025-05-02 00:00:00,20.9379777965567,13.2444876060989,0.0,1.76,25.5,39,63,22.4,185,19.3,20.1,18.0,0.0,0.0,0.2,18.0,91.0,0.0,0.0,4.0,297.0,0.0,99910.0
2025-05-02 01:00:00,20.863738894231,13.2399563791086,0.0,1.76,20.7,58,96,8.6,172,18.7,19.9,18.0,0.0,0.0,0.04,26.0,42.0,0.0,0.0,7.0,210.0,0.0,99710.0
2025-05-02 02:00:00,20.8810594689289,13.1706386351709,0.0,1.76,25.2,42,100,31.2,179,19.2,19.8,18.0,0.0,0.0,0.23,26.0,41.0,0.0,0.0,4.0,186.0,0.0,99660.0
2025-05-02 03:00:00,21.0406238940683,13.0953070426698,0.0,1.76,24.9,45,100,26.4,182,19.9,19.7,18.0,0.0,0.0,0.2,27.0,39.0,0.0,0.0,10.0,216.0,0.0,99590.0
2025-05-02 04:00:00,20.8121257170414,13.1109181278079,0.0,1.76,24.9,45,100,15.0,201,20.3,19.7,18.0,0.0,0.0,0.12,27.0,39.0,0.0,0.0,7.0,197.0,0.0,99500.0
2025-05-02 05:00:00,20.8279776262116,12.9816353163778,0.0,1.76,20.1,64,100,6.1,269,19.8,19.7,18.1,0.0,0.0,0.02,28.0,34.0,0.0,0.0,4.0,214.0,0.0,99530.0
2025-05-02 06:00:00,20.5393141962248,13.0460829874167,0.0,1.76,18.7,79,100,3.6,303,19.3,19.7,18.1,0.0,0.0,0.02,27.0,39.0,0.0,0.0,4.0,188.0,0.0,99710.0
2025-05-02 07:00:00,20.8215643345209,12.8647832149117,0.0,1.76,19.7,76,100,7.9,327,19.4,19.6,18.1,0.0,0.0,0.08,19.0,79.0,304.0,0.0,4.0,157.0,0.0,99850.0
2025-05-02 08:00:00,20.7078157951413,12.8754275743645,0.0,1.76,20.7,71,100,9.4,325,20.2,19.6,18.1,0.0,0.0,0.17,18.0,90.0,6417.0,0.0,4.0,120.0,0.0,100010.0
2025-05-02 09:00:00,20.7625391684492,12.9761867023765,0.0,1.76,22.5,64,100,11.8,330,21.3,19.6,18.1,0.0,0.0,0.29,19.0,86.0,18179.0,1.0,2.0,95.0,0.0,100040.0
2025-05-02 10:00:00,20.5607857624013,13.0123775356277,0.0,1.76,23.7,59,100,14.0,337,22.6,19.8,18.1,0.0,0.0,0.41,20.0,78.0,36444.0,2.0,2.0,99.0,0.0,100100.0
2025-05-02 11:00:00,20.7402142141167,12.826303844266,0.0,1.76,23.9,59,92,15.9,355,23.8,19.9,18.1,0.0,0.0,0.48,22.0,69.0,67779.0,5.0,1.0,54.0,0.0,100130.0
2025-05-02 12:00:00,20.5835623140655,12.8700969740253,0.0,1.76,23.9,57,100,12.5,9,24.7,20.1,18.1,0.0,0.0,0.5,23.0,62.0,61372.0,5.0,3.0,330.0,0.0,100130.0
2025-05-02 13:00:00,20.5603608165337,12.8428089597044,0.0,1.76,24.6,53,14,13.7,355,26.0,20.4,18.1,0.0,0.0,0.57,23.0,62.0,97288.0,8.0,3.0,32.0,0.0,100110.0
2025-05-02 14:00:00,20.6771232574129,12.9383985349265,0.0,1.76,24.1,55,6,15.3,359,26.3,20.7,18.1,0.0,0.0,0.53,25.0,53.0,108336.0,9.0,3.0,6.0,0.0,100060.0
2025-05-02 15:00:00,20.5447033646862,12.7591216758098,0.0,1.76,23.4,57,22,13.6,4,26.3,20.9,18.1,0.0,0.0,0.45,23.0,60.0,99154.0,7.0,7.0,17.0,0.0,100080.0
2025-05-02 16:00:00,20.5923716879992,12.9464176838377,0.0,1.76,22.4,61,26,12.0,19,25.8,21.2,18.1,0.0,0.0,0.34,23.0,62.0,84892.0,6.0,4.0,48.0,0.0,100070.0
2025-05-02 17:00:00,20.5612370569396,12.8515240874586,0.0,1.76,22.1,65,10,9.2,12,25.1,21.4,18.1,0.0,0.0,0.24,22.0,68.0,62990.0,4.0,5.0,5.0,0.0,100090.0
2025-05-02 18:00:00,20.4944825769134,12.8769766539441,0.0,1.76,20.5,71,10,9.4,3,24.0,21.5,18.2,0.0,0.0,0.12,21.0,74.0,22725.0,1.0,3.0,59.0,0.0,100150.0
2025-05-02 19:00:00,20.5772284867722,12.8314240016527,0.0,1.76,18.4,82,18,3.6,21,22.6,21.5,18.2,0.0,0.0,0.02,21.0,68.0,11385.0,1.0,3.0,6.0,0.0,100200.0
2025-05-02 20:00:00,20.6081972184322,13.0130560193697,0.0,1.76,17.4,88,24,3.0,74,21.2,21.5,18.2,0.0,0.0,0.0,20.0,67.0,2637.0,0.0,3.0,48.0,0.0,100260.0
2025-05-02 21:00:00,20.4220898981202,13.1526592570391,0.0,1.76,16.9,91,5,3.3,115,20.2,21.4,18.2,0.0,0.0,0.0,18.0,73.0,0.0,0.0,0.0,91.0,0.0,100320.0
2025-05-02 22:00:00,20.5088003834169,13.0040885765728,0.0,1.76,16.7,90,0,2.2,100,19.4,21.2,18.2,0.0,0.0,0.0,17.5,75.5,0.0,0.0,0.0,86.5,0.0,100365.0
2025-05-02 23:00:00,20.4823359105078,12.9083314837888,0.0,1.76,16.5,87,0,2.2,99,18.7,21.0,18.2,0.0,0.0,0.0,17.0,78.0,0.0,0.0,0.0,82.0,0.0,100410.0
2025-05-03 00:00:00,20.4408108970252,12.6506897816165,0.0,1.76,16.3,85,0,1.7,70,18.1,20.8,18.2,0.0,0.0,0.0,17.0,75.0,0.0,0.0,0.0,152.0,0.0,100460.0
2025-05-03 01:00:00,20.4948959701742,12.9255393083694,0.0,1.76,16.5,76,1,1.5,72,17.9,20.6,18.2,0.0,0.0,0.0,17.0,79.0,0.0,0.0,2.0,114.0,0.0,100490.0
2025-05-03 02:00:00,20.4633011417034,12.8070420416419,0.0,1.76,16.3,75,0,2.7,67,17.5,20.4,18.3,0.0,0.0,0.0,16.0,82.0,0.0,0.0,0.0,119.0,0.0,100490.0
2025-05-03 03:00:00,20.4804109492602,12.8396211134039,0.0,1.76,15.8,76,1,2.9,68,17.1,20.2,18.3,0.0,0.0,0.0,17.0,76.0,0.0,0.0,1.0,150.0,0.0,100500.0
2025-05-03 04:00:00,20.5610298356796,12.7114269121455,0.0,1.76,15.7,77,0,1.2,45,16.6,19.9,18.3,0.0,0.0,0.0,16.0,78.0,0.0,0.0,1.0,120.0,0.0,100440.0
2025-05-03 05:00:00,20.3304218800628,12.7616409264135,0.0,1.76,15.4,78,0,0.7,43,16.2,19.7,18.3,0.0,0.0,0.0,15.0,82.0,0.0,0.0,1.0,119.0,0.0,100420.0
2025-05-03 06:00:00,20.6230074131775,12.8035362751274,0.0,1.76,15.8,80,0,1.3,69,16.1,19.5,18.3,0.0,0.0,0.01,15.0,85.0,0.0,0.0,2.0,144.0,0.0,100400.0
2025-05-03 07:00:00,20.3753424046389,12.7865161623482,0.0,1.76,18.4,70,0,1.1,22,17.1,19.3,18.3,0.0,0.0,0.07,15.0,85.0,0.0,0.0,1.0,119.0,0.0,100390.0
2025-05-03 08:00:00,20.4910456890764,12.6189411042608,0.0,1.76,19.8,67,0,5.2,5,18.6,19.2,18.3,0.0,0.0,0.2,14.0,86.0,1778.0,0.0,1.0,98.0,0.0,100410.0
2025-05-03 09:00:00,20.3869928927279,12.7211390171739,0.0,1.76,21.1,62,0,7.3,16,20.4,19.2,18.3,0.0,0.0,0.33,16.0,84.0,11879.0,1.0,0.0,312.0,0.0,100470.0
2025-05-03 10:00:00,20.2635160707715,12.6803543465029,0.0,1.76,22.6,56,61,8.6,26,22.1,19.3,18.3,0.0,0.0,0.44,19.0,71.0,35404.0,2.0,0.0,342.0,0.0,100490.0
2025-05-03 11:00:00,20.2073712247038,12.7462321781902,0.0,1.76,22.6,58,100,10.6,22,23.1,19.5,18.3,0.0,0.0,0.41,20.0,68.0,66120.0,4.0,4.0,6.0,0.0,100510.0
2025-05-03 12:00:00,20.2450141730969,12.5474644749028,0.0,1.76,21.7,62,100,15.1,15,23.4,19.7,18.3,0.0,0.0,0.34,21.0,68.0,24105.0,3.0,1.0,17.0,0.0,100490.0
2025-05-03 13:00:00,20.468508265872,12.6120490672151,0.0,1.76,22.5,58,100,14.2,12,23.9,19.9,18.3,0.0,0.0,0.38,22.0,59.0,99548.0,9.0,2.0,341.0,0.0,100470.0
2025-05-03 14:00:00,20.1977569352103,12.6064447521513,0.0,1.76,21.2,62,100,13.2,12,23.9,20.1,18.3,0.0,0.0,0.32,23.0,63.0,102124.0,8.0,3.0,28.0,0.0,100410.0
2025-05-03 15:00:00,20.1917836559304,12.736318009824,0.0,1.76,21.6,61,100,10.3,3,24.1,20.3,18.3,0.0,0.0,0.36,22.0,63.0,73998.0,6.0,3.0,54.0,0.0,100400.0
2025-05-03 16:00:00,20.1756852105636,12.6313023942513,0.0,1.76,20.9,61,100,7.9,3,23.8,20.4,18.3,0.0,0.0,0.26,22.0,62.0,49536.0,4.0,3.0,24.0,0.0,100400.0
2025-05-03 17:00:00,20.2381741795268,12.709681956467,0.0,1.76,20.6,61,100,7.9,14,23.2,20.6,18.3,0.0,0.0,0.18,21.0,59.0,41309.0,3.0,5.0,18.0,0.0,100390.0
2025-05-03 18:00:00,20.243939312366,12.6070975541344,0.0,1.76,19.9,63,12,6.7,71,22.4,20.6,18.3,0.0,0.0,0.11,20.0,63.0,31735.0,3.0,3.0,355.0,0.0,100390.0
2025-05-03 19:00:00,20.2530879904331,12.772044995524,0.0,1.76,18.0,71,8,5.2,73,21.2,20.7,18.3,0.0,0.0,0.03,20.0,63.0,37476.0,2.0,3.0,7.0,0.0,100430.0
2025-05-03 20:00:00,20.4056387555405,12.7325156446043,0.0,1.76,16.8,77,10,4.7,101,20.0,20.6,18.4,0.0,0.0,0.0,20.0,63.0,7075.0,0.0,2.0,43.0,0.0,100430.0
2025-05-03 21:00:00,20.2544494600946,12.6424010465852,0.0,1.76,16.1,81,7,4.5,98,19.2,20.5,18.4,0.0,0.0,0.0,20.0,59.0,1768.0,0.0,1.0,138.0,0.0,100440.0
2025-05-03 22:00:00,20.2211992678012,12.6208931676708,0.0,1.76,15.7,80,10,3.6,97,18.4,20.4,18.4,0.0,0.0,0.0,19.0,61.0,0.0,0.0,2.0,126.0,0.0,100470.0
2025-05-03 23:00:00,20.2088108141505,12.5895217106504,0.0,1.76,15.3,79,5,4.1,96,17.7,20.2,18.4,0.0,0.0,0.0,16.0,72.0,0.0,0.0,0.0,112.0,0.0,100540.0
2025-05-04 00:00:00,20.1331854406438,12.5921237561021,0.0,1.76,15.3,76,14,2.7,114,17.2,20.0,18.4,0.0,0.0,0.0,16.0,70.0,0.0,0.0,1.0,124.0,0.0,100570.0
2025-05-04 01:00:00,20.253071369572,12.6893537352067,0.0,1.76,15.4,74,9,1.6,94,16.9,19.9,18.4,0.0,0.0,0.0,16.0,71.0,0.0,0.0,1.0,112.0,0.0,100560.0
2025-05-04 02:00:00,20.3780967555838,12.5976422101578,0.0,1.76,15.3,74,9,1.2,74,16.5,19.7,18.4,0.0,0.0,0.0,15.0,77.0,0.0,0.0,1.0,113.0,0.0,100560.0
2025-05-04 03:00:00,20.1493434006625,12.4674539554253,0.0,1.76,14.8,76,12,0.9,83,16.1,19.4,18.4,0.0,0.0,0.0,15.0,80.0,0.0,0.0,1.0,120.0,0.0,100510.0
2025-05-04 04:00:00,20.0609284998396,12.6177193280819,0.0,1.76,14.2,80,3,2.1,142,15.7,19.2,18.4,0.0,0.0,0.0,14.0,83.0,0.0,0.0,1.0,120.0,0.0,100470.0
2025-05-04 05:00:00,20.1683554989712,12.5830637744689,0.0,1.76,13.6,83,2,3.4,231,15.3,19.0,18.4,0.0,0.0,0.0,14.0,85.0,0.0,0.0,1.0,131.0,0.0,100450.0
2025-05-04 06:00:00,20.0511351779808,12.5371784475607,0.0,1.76,14.4,81,1,4.6,218,15.3,18.8,18.4,0.0,0.0,0.02,14.0,84.0,0.0,0.0,1.0,144.0,0.0,100450.0
2025-05-04 07:00:00,19.7962092893859,12.7101326915646,0.0,1.76,17.2,73,1,3.6,235,16.2,18.6,18.4,0.0,0.0,0.08,12.0,89.0,0.0,0.0,0.0,282.0,0.0,100450.0
2025-05-04 08:00:00,19.9326959596857,12.6393894199338,0.0,1.76,19.4,64,1,3.5,294,17.8,18.5,18.4,0.0,0.0,0.2,13.0,87.0,3126.0,0.0,1.0,233.0,0.0,100470.0
2025-05-04 09:00:00,20.1751961796049,12.6104377327172,0.0,1.76,21.1,59,1,5.0,264,19.8,18.5,18.4,0.0,0.0,0.33,15.0,84.0,15813.0,1.0,0.0,165.0,0.0,100460.0
2025-05-04 10:00:00,20.0402725806616,12.6713074129574,0.0,1.76,23.3,49,1,6.3,271,21.8,18.7,18.4,0.0,0.0,0.47,18.0,71.0,41084.0,2.0,1.0,278.0,0.0,100460.0
2025-05-04 11:00:00,20.2191893993428,12.5501786890464,0.0,1.76,24.6,44,38,8.4,309,23.7,18.9,18.4,0.0,0.0,0.57,20.0,63.0,69898.0,4.0,1.0,224.0,0.0,100440.0
2025-05-04 12:00:00,19.9808863886889,12.537930122175,0.0,1.76,22.9,60,41,16.6,357,24.6,19.2,18.4,0.1,0.1,0.5,22.0,56.0,91043.0,8.0,0.0,340.0,0.0,100400.0
2025-05-04 13:00:00,20.0820104654386,12.4837390000795,0.0,1.76,21.0,66,24,16.9,13,24.6,19.5,18.4,0.0,0.0,0.37,24.0,45.0,27108.0,3.0,1.0,336.0,0.0,100350.0
2025-05-04 14:00:00,19.9504522182084,12.3338922660336,0.0,1.76,22.0,61,17,11.6,15,25.1,19.8,18.4,0.0,0.0,0.46,23.0,60.0,114450.0,8.0,3.0,18.0,0.0,100310.0
2025-05-04 15:00:00,20.1674126647759,12.349620669367,0.0,1.76,22.0,54,22,12.8,356,25.3,20.1,18.4,0.0,0.0,0.43,22.0,59.0,109377.0,9.0,5.0,359.0,0.0,100310.0
2025-05-04 16:00:00,20.0167629106991,12.3877902394155,0.0,1.76,20.8,59,7,11.9,2,24.8,20.3,18.4,0.0,0.0,0.31,22.0,64.0,96314.0,7.0,4.0,31.0,0.0,100320.0
2025-05-04 17:00:00,19.8917080146073,12.4515062581598,0.0,1.76,20.4,59,33,7.2,8,24.2,20.5,18.4,0.0,0.0,0.23,22.0,58.0,80855.0,6.0,2.0,359.0,0.0,100280.0
2025-05-04 18:00:00,20.0448958419466,12.4048381202857,0.0,1.76,20.0,60,38,6.0,342,23.1,20.6,18.4,0.0,0.0,0.12,21.0,61.0,56271.0,4.0,4.0,42.0,0.0,100280.0
2025-05-04 19:00:00,20.1520869670784,12.5041520488165,0.0,1.76,18.0,69,39,1.9,354,21.6,20.7,18.4,0.0,0.0,0.02,20.0,63.0,9244.0,1.0,5.0,23.0,0.0,100300.0
2025-05-04 20:00:00,19.9006813412541,12.3404444499266,0.0,1.76,17.2,73,15,1.7,243,20.3,20.6,18.4,0.0,0.0,0.0,19.0,67.0,10091.0,0.0,3.0,39.0,0.0,100300.0
2025-05-04 21:00:00,20.0306703224421,12.3987607997089,0.0,1.76,16.5,75,36,3.3,228,19.2,20.5,18.4,0.0,0.0,0.0,18.0,72.0,609.0,0.0,2.0,76.0,0.0,100310.0
2025-05-04 22:00:00,19.9626024740523,12.2673111499429,0.0,1.76,16.1,75,44,5.4,222,18.4,20.4,18.4,0.0,0.0,0.0,17.0,76.0,0.0,0.0,2.0,85.0,0.0,100380.0
2025-05-04 23:00:00,19.9370608189103,12.4006873341278,0.0,1.76,15.3,78,64,6.1,215,17.7,20.2,18.4,0.0,0.0,0.0,16.0,79.0,0.0,0.0,2.0,126.0,0.0,100430.0
2025-05-05 00:00:00,20.1632689345299,12.414058525467,0.0,1.76,14.9,79,79,7.1,214,17.2,20.1,18.5,0.0,0.0,0.01,15.0,80.0,0.0,0.0,1.0,138.0,0.0,100440.0
2025-05-05 01:00:00,19.9204157873534,12.4277052072992,0.0,1.76,15.0,79,51,2.0,253,17.2,19.9,18.5,0.0,0.0,0.0,15.0,78.0,0.0,0.0,1.0,144.0,0.0,100410.0
2025-05-05 02:00:00,20.2699428520084,12.3720590716453,0.0,1.76,14.2,82,57,3.8,219,16.6,19.7,18.5,0.0,0.0,0.0,14.0,83.0,0.0,0.0,1.0,282.0,0.0,100400.0
2025-05-05 03:00:00,20.0383372525064,12.3687153945232,0.0,1.76,13.6,85,56,4.0,232,16.2,19.5,18.5,0.0,0.0,0.0,13.0,87.0,0.0,0.0,1.0,198.0,0.0,100350.0
2025-05-05 04:00:00,20.0634763397614,12.3103086023436,0.0,1.76,13.4,86,46,3.7,259,15.8,19.3,18.5,0.0,0.0,0.0,13.0,87.0,0.0,0.0,0.0,189.0,0.0,100320.0
2025-05-05 05:00:00,19.9191850083273,12.2212160815681,0.0,1.76,13.5,86,50,4.4,257,15.5,19.1,18.5,0.0,0.0,0.0,12.0,89.0,0.0,0.0,0.0,186.0,0.0,100320.0
2025-05-05 06:00:00,20.0078432962219,12.6704618172835,0.0,1.76,14.3,83,42,3.6,245,15.4,18.8,18.5,0.0,0.0,0.02,12.0,90.0,0.0,0.0,1.0,192.0,0.0,100300.0
2025-05-05 07:00:00,19.8849535708241,12.2809636116175,0.0,1.76,16.9,73,51,4.7,216,16.3,18.7,18.5,0.0,0.0,0.08,12.0,91.0,0.0,0.0,1.0,180.0,0.0,100300.0
2025-05-05 08:00:00,19.8634800693245,12.4340746054306,0.0,1.76,18.7,65,96,6.5,258,17.7,18.6,18.5,0.0,0.0,0.19,12.0,91.0,4488.0,0.0,0.0,180.0,0.0,100320.0
2025-05-05 09:00:00,19.9161117694635,12.3551674788863,0.0,1.76,20.2,59,53,10.1,274,19.3,18.6,18.5,0.0,0.0,0.3,17.0,79.0,19575.0,1.0,1.0,228.0,0.0,100330.0
2025-05-05 10:00:00,19.7625488320946,12.4807742911471,0.0,1.76,21.7,53,23,10.4,271,20.9,18.7,18.5,0.0,0.0,0.4,19.0,70.0,47788.0,3.0,2.0,223.0,0.0,100350.0
2025-05-05 11:00:00,19.9531529008438,12.115559388581,0.0,1.76,23.3,46,8,10.8,293,22.7,18.8,18.5,0.0,0.0,0.54,20.0,63.0,78935.0,5.0,2.0,271.0,0.0,100350.0
2025-05-05 12:00:00,19.7740692937685,12.2280375162753,0.0,1.76,23.3,45,33,14.7,327,24.0,19.1,18.5,0.0,0.0,0.57,21.0,54.0,38748.0,3.0,2.0,312.0,0.0,100350.0
2025-05-05 13:00:00,19.7642445350841,12.3661369495802,0.0,1.76,23.0,45,69,18.8,323,24.5,19.4,18.5,0.0,0.0,0.53,21.0,51.0,60560.0,5.0,8.0,338.0,0.0,100320.0
2025-05-05 14:00:00,19.6964327707287,12.3692891392061,0.0,1.76,22.8,46,49,18.2,327,24.7,19.7,18.5,0.0,0.0,0.48,22.0,45.0,111488.0,8.0,5.0,330.0,0.0,100270.0
2025-05-05 15:00:00,19.9450396378072,12.3167979828512,0.0,1.76,23.0,44,12,14.5,334,24.8,19.9,18.5,0.0,0.0,0.47,22.0,46.0,107861.0,9.0,9.0,338.0,0.0,100230.0
2025-05-05 16:00:00,19.78135456241,12.2924763719586,0.0,1.76,22.0,50,1,12.4,338,24.7,20.2,18.5,0.0,0.0,0.38,23.0,46.0,94640.0,7.0,4.0,343.0,0.0,100200.0
2025-05-05 17:00:00,19.9195709953958,12.3509326316503,0.0,1.76,20.9,53,1,11.0,328,24.0,20.4,18.5,0.0,0.0,0.26,22.0,44.0,78100.0,6.0,5.0,353.0,0.0,100150.0
2025-05-05 18:00:00,19.8022298222176,12.3342552199436,0.0,1.76,20.1,55,0,5.4,304,22.9,20.5,18.5,0.0,0.0,0.13,22.0,46.0,54202.0,3.0,7.0,318.0,0.0,100140.0
2025-05-05 19:00:00,19.8306972502406,12.454219840938,0.0,1.76,18.4,59,0,1.9,254,21.4,20.6,18.5,0.0,0.0,0.02,22.0,48.0,7581.0,0.0,7.0,334.0,0.0,100160.0
2025-05-05 20:00:00,19.7602528001861,12.2563729156708,0.0,1.76,17.4,62,16,4.5,223,20.0,20.5,18.5,0.0,0.0,0.01,20.0,58.0,6586.0,0.0,5.0,330.0,0.0,100150.0
2025-05-05 21:00:00,19.783251900871,12.3266836781197,0.0,1.76,16.8,65,24,5.1,218,19.0,20.4,18.5,0.0,0.0,0.01,18.0,62.0,260.0,0.0,1.0,346.0,0.0,100200.0
2025-05-05 22:00:00,19.6463936783057,12.3258974790291,0.0,1.76,16.6,64,23,6.0,209,18.4,20.3,18.5,0.0,0.0,0.02,17.0,69.0,0.0,0.0,1.0,198.0,0.0,100270.0
2025-05-05 23:00:00,19.9980722822481,12.2346744056542,0.0,1.76,16.1,66,25,7.1,211,17.9,20.1,18.5,0.0,0.0,0.02,15.0,78.0,0.0,0.0,0.0,178.0,0.0,100340.0
2025-05-06 00:00:00,19.7710539149213,12.2650341883569,0.0,1.76,15.8,68,24,8.8,215,17.5,20.0,18.5,0.0,0.0,0.02,15.0,76.0,0.0,0.0,0.0,178.0,0.0,100340.0
2025-05-06 01:00:00,19.8555310197537,12.3146506059899,0.0,1.76,15.0,71,10,7.4,210,17.0,19.8,18.5,0.0,0.0,0.02,16.0,67.0,0.0,0.0,1.0,204.0,0.0,100340.0
2025-05-06 02:00:00,19.9355673835743,12.2861063217126,0.0,1.76,14.5,73,2,6.8,208,16.6,19.6,18.5,0.0,0.0,0.01,16.0,66.0,0.0,0.0,0.0,245.0,0.0,100320.0
2025-05-06 03:00:00,19.8503333681961,12.2537178526073,0.0,1.76,13.7,77,0,5.2,214,16.1,19.4,18.5,0.0,0.0,0.0,13.0,77.0,0.0,0.0,0.0,185.0,0.0,100270.0
2025-05-06 04:00:00,19.9417062966568,12.1661475143898,0.0,1.76,13.6,76,0,4.2,231,15.6,19.2,18.5,0.0,0.0,0.0,14.0,73.0,0.0,0.0,1.0,204.0,0.0,100240.0
2025-05-06 05:00:00,19.6113420124136,12.3108635254182,0.0,1.76,13.4,77,0,5.0,232,15.1,19.0,18.5,0.0,0.0,0.0,13.0,79.0,0.0,0.0,1.0,198.0,0.0,100240.0
2025-05-06 06:00:00,19.7007792791583,12.2671210605089,0.0,1.76,14.1,77,0,4.4,230,15.0,18.7,18.5,0.0,0.0,0.02,14.0,74.0,0.0,0.0,2.0,204.0,0.0,100240.0
2025-05-06 07:00:00,19.8286576217511,12.1330590622765,0.0,1.76,16.9,69,0,5.2,229,15.9,18.6,18.5,0.0,0.0,0.09,14.0,74.0,196.0,0.0,1.0,222.0,0.0,100240.0
2025-05-06 08:00:00,19.5443545229184,12.0463450011806,0.0,1.76,19.4,58,0,4.4,239,17.6,18.5,18.5,0.0,0.0,0.21,15.0,73.0,5959.0,0.0,2.0,198.0,0.0,100270.0
2025-05-06 09:00:00,19.7366691049983,12.1871524043744,0.0,1.76,20.9,52,0,3.3,260,19.5,18.5,18.5,0.0,0.0,0.34,19.0,59.0,25844.0,2.0,1.0,245.0,0.0,100270.0
2025-05-06 10:00:00,19.6362122740781,12.1703314539879,0.0,1.76,22.2,47,9,2.0,259,21.6,18.6,18.5,0.0,0.0,0.46,21.0,54.0,55418.0,4.0,2.0,251.0,0.0,100280.0
2025-05-06 11:00:00,19.5487717062459,12.1282376340839,0.0,1.76,23.6,43,35,2.1,298,23.5,18.8,18.5,0.0,0.0,0.56,22.0,45.0,81365.0,6.0,5.0,282.0,0.0,100270.0
2025-05-06 12:00:00,19.8140627152802,12.2224336891245,0.0,1.76,24.6,40,24,6.1,357,25.0,19.1,18.5,0.0,0.0,0.62,23.0,43.0,100009.0,9.0,3.0,264.0,0.0,100240.0
2025-05-06 13:00:00,19.581436512818,12.086695610685,0.0,1.76,24.7,43,65,12.8,12,26.2,19.7,18.5,0.0,0.0,0.62,24.0,40.0,111925.0,8.0,1.0,240.0,0.0,100190.0
2025-05-06 14:00:00,19.7049685262872,12.1850883464277,0.0,1.76,23.7,50,100,16.0,13,26.5,20.0,18.5,0.0,0.0,0.56,23.0,50.0,116156.0,9.0,4.0,24.0,0.0,100110.0
2025-05-06 15:00:00,19.7859403286997,11.9703695598013,0.0,1.76,22.9,52,100,14.2,11,26.3,20.4,18.5,0.0,0.0,0.46,23.0,55.0,76828.0,7.0,6.0,31.0,0.0,100090.0
2025-05-06 16:00:00,19.8065072316927,12.1854824626642,0.0,1.76,21.6,56,99,13.2,23,25.4,20.6,18.5,0.0,0.0,0.3,22.0,57.0,104157.0,9.0,4.0,30.0,0.0,100070.0
2025-05-06 17:00:00,19.6139125585426,12.1910869426097,0.0,1.76,20.7,60,40,12.5,41,24.5,20.8,18.5,0.0,0.0,0.24,22.0,57.0,58260.0,4.0,5.0,54.0,0.0,100070.0
2025-05-06 18:00:00,19.60494233603395,12.177741211409849,0.0,1.76,19.6,65,62,10.2,36,23.3,20.9,18.5,0.0,0.0,0.13,21.954545454545453,57.31818181818182,62236.22727272727,4.318181818181818,5.0,52.68181818181818,0.0,100068.63636363637
2025-05-06 19:00:00,19.595972113525296,12.164395480209995,0.0,1.76,17.5,78,98,4.4,25,21.9,21.0,18.6,0.0,0.0,0.03,21.90909090909091,57.63636363636363,66212.45454545454,4.636363636363637,5.0,51.36363636363637,0.0,100067.27272727272
2025-05-06 20:00:00,19.587001891016644,12.151049749010143,0.0,1.76,16.9,82,98,1.0,30,20.5,20.9,18.6,0.0,0.0,0.0,21.863636363636363,57.95454545454545,70188.68181818182,4.954545454545454,5.0,50.04545454545455,0.0,100065.90909090909
2025-05-06 21:00:00,19.578031668507993,12.137704017810291,0.0,1.76,15.9,85,8,1.4,65,19.3,20.8,18.6,0.0,0.0,0.0,21.818181818181817,58.27272727272727,74164.90909090909,5.2727272727272725,5.0,48.72727272727273,0.0,100064.54545454546
2025-05-06 22:00:00,19.56906144599934,12.12435828661044,0.0,1.76,15.2,86,4,2.2,156,18.4,20.7,18.6,0.0,0.0,0.0,21.772727272727273,58.59090909090909,78141.13636363637,5.590909090909091,5.0,47.40909090909091,0.0,100063.18181818182
2025-05-06 23:00:00,19.560091223490687,12.111012555410586,0.0,1.76,15.1,84,39,1.1,151,17.6,20.5,18.6,0.0,0.0,0.0,21.727272727272727,58.90909090909091,82117.36363636363,5.909090909090909,5.0,46.09090909090909,0.0,100061.81818181818
2025-05-07 00:00:00,19.551121000982036,12.097666824210734,0.0,1.76,15.2,82,89,0.5,336,17.1,20.3,18.6,0.0,0.0,0.0,21.681818181818183,59.22727272727273,86093.59090909091,6.2272727272727275,5.0,44.77272727272727,0.0,100060.45454545454
2025-05-07 01:00:00,19.54215077847338,12.084321093010882,0.0,1.76,14.8,87,95,0.6,320,17.2,20.1,18.6,0.0,0.0,0.0,21.636363636363637,59.54545454545455,90069.81818181818,6.545454545454545,5.0,43.45454545454545,0.0,100059.09090909091
2025-05-07 02:00:00,19.53318055596473,12.070975361811028,0.0,1.76,14.7,84,14,0.4,27,16.8,19.9,18.6,0.0,0.0,0.0,21.59090909090909,59.86363636363637,94046.04545454546,6.863636363636363,5.0,42.13636363636364,0.0,100057.72727272728
2025-05-07 03:00:00,19.52421033345608,12.057629630611176,0.0,1.76,14.3,83,5,0.5,56,16.2,19.7,18.6,0.0,0.0,0.0,21.545454545454547,60.18181818181818,98022.27272727272,7.181818181818182,5.0,40.81818181818182,0.0,100056.36363636363
2025-05-07 04:00:00,19.515240110947424,12.044283899411324,0.0,1.76,14.0,84,58,0.6,52,15.7,19.5,18.6,0.0,0.0,0.0,21.5,60.5,101998.5,7.5,5.0,39.5,0.0,100055.0
2025-05-07 05:00:00,19.506269888438773,12.030938168211472,0.0,1.76,14.1,85,39,0.5,52,15.4,19.2,18.6,0.0,0.0,0.0,21.454545454545453,60.81818181818182,105974.72727272726,7.818181818181818,5.0,38.18181818181818,0.0,100053.63636363637
2025-05-07 06:00:00,19.49729966593012,12.017592437011619,0.0,1.76,14.6,86,72,0.9,45,15.4,19.0,18.6,0.0,0.0,0.01,21.40909090909091,61.13636363636363,109950.95454545454,8.136363636363637,5.0,36.86363636363637,0.0,100052.27272727272
2025-05-07 07:00:00,19.488329443421467,12.004246705811767,0.0,1.76,16.5,77,50,1.3,54,16.3,18.8,18.6,0.0,0.0,0.06,21.363636363636363,61.45454545454545,113927.18181818181,8.454545454545455,5.0,35.54545454545455,0.0,100050.90909090909
2025-05-07 08:00:00,19.479359220912816,11.990900974611915,0.0,1.76,18.7,67,61,2.7,354,17.9,18.7,18.6,0.0,0.0,0.18,21.318181818181817,61.77272727272727,117903.40909090909,8.772727272727273,5.0,34.22727272727273,0.0,100049.54545454546
2025-05-07 09:00:00,19.470388998404164,11.977555243412061,0.0,1.76,20.4,60,5,9.3,27,19.5,18.7,18.6,0.0,0.0,0.3,21.272727272727273,62.09090909090909,121879.63636363635,9.09090909090909,5.0,32.90909090909091,0.0,100048.18181818182
2025-05-07 10:00:00,19.46141877589551,11.964209512212209,0.0,1.76,21.8,56,33,11.2,33,21.4,18.8,18.6,0.0,0.0,0.44,21.227272727272727,62.40909090909091,125855.86363636363,9.409090909090908,5.0,31.590909090909093,0.0,100046.81818181818
2025-05-07 11:00:00,19.45244855338686,11.950863781012357,0.0,1.76,22.5,55,13,12.3,32,22.9,19.0,18.6,0.0,0.0,0.48,21.181818181818183,62.72727272727273,129832.09090909091,9.727272727272727,5.0,30.272727272727273,0.0,100045.45454545454
2025-05-07 12:00:00,19.443478330878207,11.937518049812505,0.0,1.76,22.9,54,5,14.5,31,24.4,19.3,18.6,0.0,0.0,0.57,21.136363636363637,63.04545454545455,133808.31818181818,10.045454545454545,5.0,28.954545454545457,0.0,100044.09090909091
2025-05-07 13:00:00,19.434508108369553,11.924172318612651,0.0,1.76,22.3,59,1,14.9,32,24.9,19.4,18.6,0.0,0.0,0.53,21.09090909090909,63.36363636363637,137784.54545454544,10.363636363636363,5.0,27.636363636363637,0.0,100042.72727272728
2025-05-07 14:00:00,19.4255378858609,11.9108265874128,0.0,1.76,22.2,60,0,16.0,36,25.4,19.7,18.6,0.0,0.0,0.51,21.045454545454547,63.68181818181818,141760.77272727274,10.681818181818182,5.0,26.31818181818182,0.0,100041.36363636363
2025-05-07 15:00:00,19.4934800670545,12.1218114963055,0.0,1.76,22.0,59,7,15.6,35,25.5,20.0,18.6,0.0,0.0,0.46,21.0,64.0,145737.0,11.0,5.0,25.0,0.0,100040.0
2025-05-07 16:00:00,19.3668179770427,11.9356472451256,0.0,1.76,21.0,61,4,15.4,34,25.1,20.3,18.6,0.0,0.0,0.35,22.0,60.0,103460.0,8.0,4.0,59.0,0.0,99990.0
2025-05-07 17:00:00,19.5414822419945,12.0262291837224,0.0,1.76,20.2,64,5,13.7,37,24.2,20.5,18.6,0.0,0.0,0.24,21.0,58.0,92629.0,7.0,4.0,4.0,0.0,99970.0
2025-05-07 18:00:00,19.5940588201465,11.9714245266212,0.0,1.76,19.0,69,1,9.2,27,23.0,20.6,18.6,0.0,0.0,0.12,21.0,61.0,66346.0,5.0,4.0,31.0,0.0,99980.0
2025-05-07 19:00:00,19.442017355345,12.1296284800944,0.0,1.76,17.0,84,0,4.3,34,21.6,20.7,18.6,0.0,0.0,0.02,20.0,69.0,8412.0,1.0,2.0,86.0,0.0,99980.0
2025-05-07 20:00:00,19.620984379716,12.1955928882982,0.0,1.76,16.1,91,2,1.5,25,20.1,20.6,18.6,0.0,0.0,0.0,20.0,69.0,9196.0,1.0,3.0,33.0,0.0,100000.0
2025-05-07 21:00:00,19.5285929753879,12.2074943409119,0.0,1.76,15.6,93,0,0.6,360,19.0,20.5,18.6,0.0,0.0,0.0,18.0,79.0,2514.0,0.0,2.0,42.0,0.0,100050.0
2025-05-07 22:00:00,19.3631801992068,12.1912073664028,0.0,1.76,15.0,96,1,0.4,360,18.0,20.4,18.6,0.0,0.0,0.0,16.0,87.0,0.0,0.0,0.0,37.0,0.0,100060.0
2025-05-07 23:00:00,19.3402838315145,12.2041723295064,0.0,1.76,14.5,96,2,0.4,15,17.3,20.2,18.6,0.0,0.0,0.0,16.0,90.0,0.0,0.0,0.0,48.0,0.0,100110.0
2025-05-08 00:00:00,19.5812232543133,12.1814642900779,0.0,1.76,14.2,94,57,0.6,23,16.6,20.0,18.6,0.0,0.0,0.0,14.0,91.0,0.0,0.0,0.0,42.0,0.0,100130.0
2025-05-08 01:00:00,19.4514614017659,12.2846889609434,0.0,1.76,15.1,96,100,0.6,32,17.1,19.9,18.6,0.5,0.5,0.0,15.0,91.0,0.0,0.0,0.0,120.0,0.0,100090.0
2025-05-08 02:00:00,19.1815091001834,12.101743140807,0.0,1.76,15.2,98,100,2.3,82,16.9,19.7,18.6,0.9,0.9,0.0,14.0,92.0,0.0,0.0,1.0,159.0,0.0,100080.0
2025-05-08 03:00:00,19.52182468541,12.1194490651906,0.0,1.76,15.5,99,100,2.0,23,16.9,19.5,18.6,1.0,1.0,0.0,15.0,92.0,0.0,0.0,0.0,94.0,0.0,100050.0
2025-05-08 04:00:00,19.4102508052059,12.038152720707,0.0,1.76,15.4,99,100,3.1,39,16.8,19.3,18.6,1.3,1.3,0.0,15.0,92.0,0.0,0.0,0.0,137.0,0.0,100020.0
2025-05-08 05:00:00,19.3612003442864,12.1950126660237,0.0,1.76,14.9,100,100,1.5,321,16.6,19.2,18.6,0.1,0.1,0.0,15.0,92.0,0.0,0.0,1.0,54.0,0.0,99950.0
2025-05-08 06:00:00,19.4058231717559,11.9419940482464,0.0,1.76,15.1,99,100,1.7,205,16.5,19.0,18.6,0.3,0.3,0.01,15.0,93.0,0.0,0.0,1.0,54.0,0.0,99910.0
2025-05-08 07:00:00,19.4092343528622,12.0649097823182,0.0,1.76,15.7,98,98,4.2,288,16.8,18.9,18.6,1.6,1.6,0.05,15.0,94.0,0.0,0.0,0.0,6.0,0.0,99910.0
2025-05-08 08:00:00,19.4976148818365,12.0473698684039,0.0,1.76,17.1,86,73,4.6,304,17.6,18.8,18.6,0.0,0.0,0.14,15.0,94.0,712.0,0.0,0.0,188.0,0.0,99940.0
2025-05-08 09:00:00,19.3290247186439,12.075932268422,0.0,1.76,18.8,75,43,3.9,301,18.9,18.7,18.6,0.0,0.0,0.25,15.0,94.0,815.0,0.0,1.0,250.0,0.0,100070.0
2025-05-08 10:00:00,19.2206697325754,11.8858510128877,0.0,1.76,20.9,64,29,8.4,283,20.6,18.8,18.6,0.0,0.0,0.39,15.0,95.0,7807.0,0.0,3.0,308.0,1.0,100090.0
2025-05-08 11:00:00,19.2881601985464,12.0009467925085,0.0,1.76,22.5,58,44,9.6,299,22.2,19.0,18.6,0.0,0.0,0.47,17.0,90.0,49132.0,2.0,2.0,262.0,0.0,100150.0
2025-05-08 12:00:00,19.2478546134504,12.1930697083041,0.0,1.76,21.0,65,30,13.0,352,22.9,19.2,18.6,0.1,0.1,0.41,18.0,88.0,4372.0,0.0,1.0,212.0,0.0,100180.0
2025-05-08 13:00:00,19.3954577440997,12.1504297336149,0.0,1.76,21.1,66,52,10.8,358,23.8,19.4,18.6,0.9,0.9,0.49,17.0,88.0,43900.0,4.0,2.0,314.0,3.0,100210.0
2025-05-08 14:00:00,19.0577405801055,12.1044551307879,0.0,1.76,21.7,64,80,8.8,1,24.0,19.6,18.6,0.1,0.1,0.4,19.0,74.0,41825.0,4.0,2.0,349.0,0.0,100180.0
2025-05-08 15:00:00,19.2435173435757,11.8252348776642,0.0,1.76,20.2,68,78,10.9,343,23.6,19.9,18.6,0.4,0.4,0.32,21.0,67.0,41412.0,4.0,3.0,27.0,0.0,100110.0
2025-05-08 16:00:00,19.2912789452976,12.0233101036993,0.0,1.76,20.3,67,69,8.7,12,23.3,20.0,18.6,0.1,0.1,0.27,22.0,66.0,79946.0,7.0,3.0,48.0,0.0,100060.0
2025-05-08 17:00:00,19.3990417218887,12.1862637021686,0.0,1.76,20.2,66,63,9.8,10,22.9,20.2,18.6,0.0,0.0,0.2,21.0,62.0,87860.0,6.0,4.0,13.0,0.0,100060.0
2025-05-08 18:00:00,19.3582753497923,11.9801067608515,0.0,1.76,19.2,65,62,7.8,28,22.1,20.3,18.6,0.0,0.0,0.11,20.0,73.0,68863.0,4.0,4.0,26.0,0.0,100070.0
2025-05-08 19:00:00,19.1884391086813,11.988042291603,0.0,1.76,17.8,73,16,4.0,82,21.0,20.3,18.6,0.0,0.0,0.03,20.0,70.0,24592.0,2.0,5.0,6.0,0.0,100100.0
2025-05-08 20:00:00,19.3670096983322,12.0332896479244,0.0,1.76,16.5,80,20,3.5,80,19.7,20.3,18.7,0.0,0.0,0.0,20.0,62.0,12306.0,1.0,3.0,24.0,0.0,100110.0
2025-05-08 21:00:00,19.3431021770619,11.8892676857884,0.0,1.76,15.8,83,11,3.6,113,18.8,20.2,18.7,0.0,0.0,0.0,18.0,67.0,1534.0,0.0,1.0,48.0,0.0,100140.0
2025-05-08 22:00:00,19.3736366609409,12.1665997796857,0.0,1.76,15.2,84,7,2.0,127,17.9,20.0,18.7,0.0,0.0,0.0,17.0,74.0,0.0,0.0,1.0,108.0,0.0,100170.0
2025-05-08 23:00:00,19.4953434227904,12.1415090101897,0.0,1.76,15.0,84,1,1.1,130,17.2,19.9,18.7,0.0,0.0,0.0,16.0,77.0,0.0,0.0,1.0,139.0,0.0,100220.0
2025-05-09 00:00:00,19.2697908311948,12.075535087235,0.0,1.76,14.7,83,1,1.0,139,16.6,19.7,18.7,0.0,0.0,0.0,15.0,82.0,0.0,0.0,1.0,96.0,0.0,100260.0
2025-05-09 01:00:00,19.4171227339342,12.1541993238368,0.0,1.76,15.0,71,3,2.2,126,16.7,19.5,18.7,0.0,0.0,0.0,14.0,85.0,0.0,0.0,0.0,125.0,0.0,100240.0
2025-05-09 02:00:00,19.3557810998356,12.1814509552887,0.0,1.76,13.8,78,2,2.9,154,16.2,19.3,18.7,0.0,0.0,0.0,13.0,86.0,0.0,0.0,0.0,156.0,0.0,100190.0
2025-05-09 03:00:00,19.3418911497492,12.0609351296626,0.0,1.76,12.9,87,7,4.1,192,15.7,19.1,18.7,0.0,0.0,0.0,13.0,82.0,0.0,0.0,0.0,174.0,0.0,100140.0
2025-05-09 04:00:00,19.1721801169412,11.9881184735577,0.0,1.76,12.4,93,7,3.5,180,15.4,18.9,18.7,0.0,0.0,0.0,12.0,88.0,0.0,0.0,0.0,138.0,0.0,100080.0
2025-05-09 05:00:00,19.1197701406848,11.9806625316697,0.0,1.76,12.2,94,7,3.9,196,15.1,18.7,18.7,0.0,0.0,0.0,13.0,87.0,0.0,0.0,0.0,204.0,0.0,100060.0
2025-05-09 06:00:00,19.2874439882434,12.1740561094039,0.0,1.76,13.5,88,0,6.2,224,15.1,18.5,18.7,0.0,0.0,0.02,12.0,91.0,0.0,0.0,0.0,172.0,0.0,100030.0
2025-05-09 07:00:00,19.3838050437108,12.1638663265044,0.0,1.76,17.2,75,2,5.2,229,16.0,18.3,18.7,0.0,0.0,0.09,12.0,90.0,0.0,0.0,1.0,186.0,0.0,100020.0
2025-05-09 08:00:00,19.1295405080038,12.0199871717496,0.0,1.76,20.3,60,7,3.0,279,17.8,18.3,18.6,0.0,0.0,0.21,13.0,88.0,3856.0,0.0,1.0,95.0,0.0,100050.0
2025-05-09 09:00:00,19.4025069609269,12.0583037267297,0.0,1.76,22.2,54,0,4.5,320,19.8,18.3,18.6,0.0,0.0,0.35,16.0,79.0,18364.0,1.0,2.0,252.0,0.0,100090.0
2025-05-09 10:00:00,19.1878035662518,11.7888091191205,0.0,1.76,23.6,52,0,5.2,330,21.8,18.5,18.6,0.0,0.0,0.47,19.0,67.0,45858.0,3.0,2.0,288.0,0.0,100100.0
2025-05-09 11:00:00,19.2974639212082,11.9727870714267,0.0,1.76,24.6,49,0,7.6,4,23.6,18.7,18.6,0.0,0.0,0.57,21.0,60.0,73931.0,6.0,1.0,66.0,0.0,100090.0
2025-05-09 12:00:00,19.1546937930235,11.9406189178515,0.0,1.76,24.4,51,16,14.7,21,24.9,19.0,18.6,0.0,0.0,0.59,23.0,53.0,94192.0,8.0,3.0,343.0,0.0,100070.0
2025-05-09 13:00:00,19.3172576242864,11.752475385214,0.0,1.76,23.4,54,14,20.9,32,25.2,19.3,18.6,0.0,0.0,0.54,25.0,48.0,108178.0,9.0,2.0,144.0,0.0,100030.0
2025-05-09 14:00:00,19.3529073990077,11.8339257830824,0.0,1.76,23.4,53,2,17.8,45,25.6,19.6,18.6,0.0,0.0,0.54,24.0,51.0,107246.0,9.0,6.0,42.0,0.0,99970.0
2025-05-09 15:00:00,19.4348882104617,11.7691145184809,0.0,1.76,22.9,53,57,18.0,43,25.6,19.9,18.6,0.0,0.0,0.48,24.0,53.0,107936.0,9.0,4.0,23.0,0.0,99920.0
2025-05-09 16:00:00,19.1270804676359,11.9736527137961,0.0,1.76,22.7,54,88,15.4,43,25.3,20.2,18.6,0.0,0.0,0.39,23.0,57.0,92564.0,8.0,8.0,32.0,0.0,99890.0
2025-05-09 17:00:00,19.3031568510006,11.9969484970618,0.0,1.76,21.3,61,85,18.1,41,24.5,20.4,18.6,0.0,0.0,0.26,22.0,59.0,77306.0,6.0,6.0,31.0,0.0,99860.0
2025-05-09 18:00:00,19.2775022067175,11.948481544905,0.0,1.76,19.4,69,77,11.7,37,23.2,20.6,18.6,0.0,0.0,0.13,21.0,66.0,50826.0,3.0,3.0,36.0,0.0,99870.0
2025-05-09 19:00:00,19.2256088146939,12.0939214209499,0.0,1.76,18.1,78,95,6.0,37,21.8,20.6,18.7,0.0,0.0,0.03,21.0,67.0,11366.0,1.0,3.0,31.0,0.0,99890.0
2025-05-09 20:00:00,19.1774627924021,12.0002707248149,0.0,1.76,17.2,85,99,0.6,49,20.6,20.6,18.7,0.0,0.0,0.0,20.0,68.0,11879.0,1.0,4.0,48.0,0.0,99880.0
2025-05-09 21:00:00,19.3472102685539,12.0485470099804,0.0,1.76,17.0,85,100,5.7,68,19.8,20.6,18.7,0.0,0.0,0.0,19.0,76.0,1171.0,0.0,2.0,37.0,0.0,99960.0
2025-05-09 22:00:00,19.2028089589427,12.0805387349049,0.0,1.76,16.6,87,100,1.3,49,19.1,20.5,18.7,0.0,0.0,0.0,18.0,80.0,0.0,0.0,0.0,48.0,0.0,100070.0
2025-05-09 23:00:00,19.4494564154382,11.9513975541739,0.0,1.76,15.5,92,59,3.5,360,18.3,20.3,18.7,0.0,0.0,0.0,17.0,83.0,0.0,0.0,1.0,94.0,0.0,100050.0
2025-05-10 00:00:00,19.2107758078613,11.8696404800058,0.0,1.76,14.9,92,100,3.2,289,17.6,20.2,18.7,0.0,0.0,0.0,17.0,84.0,0.0,0.0,0.0,120.0,0.0,100030.0
2025-05-10 01:00:00,19.3728711425459,12.0053571282695,0.0,1.76,16.3,89,99,3.2,140,17.7,19.9,18.7,0.1,0.1,0.0,15.0,87.0,0.0,0.0,0.0,181.0,0.0,99940.0
2025-05-10 02:00:00,19.3003348196026,12.0701054062229,0.0,1.76,15.8,93,100,3.6,248,17.3,19.8,18.7,0.4,0.4,0.0,15.0,89.0,0.0,0.0,1.0,258.0,0.0,99970.0
2025-05-10 03:00:00,19.2926323985518,11.9478475292057,0.0,1.76,15.9,91,84,0.6,333,17.0,19.6,18.7,0.0,0.0,0.0,15.0,90.0,0.0,0.0,2.0,270.0,0.0,100020.0
2025-05-10 04:00:00,19.2247326715225,11.9080628202416,0.0,1.76,15.4,92,100,0.4,356,16.6,19.4,18.7,0.0,0.0,0.0,16.0,85.0,0.0,0.0,2.0,112.0,0.0,99810.0
2025-05-10 05:00:00,19.2765638034713,12.0015097953651,0.0,1.76,14.7,93,100,2.8,230,16.1,19.2,18.7,0.0,0.0,0.0,16.0,86.0,0.0,0.0,1.0,42.0,0.0,99950.0
2025-05-10 06:00:00,19.4479561262279,12.0194811499288,0.0,1.76,15.6,90,99,0.5,68,16.1,19.0,18.7,0.0,0.0,0.01,16.0,82.0,0.0,0.0,0.0,144.0,0.0,99880.0
2025-05-10 07:00:00,19.224799683411,11.9376455653921,0.0,1.76,17.2,87,100,1.9,325,16.8,18.9,18.7,0.0,0.0,0.07,14.0,91.0,76.0,0.0,2.0,186.0,0.0,99930.0
2025-05-10 08:00:00,18.9759101899829,12.0757938047387,0.0,1.76,18.6,81,100,1.8,5,18.0,18.8,18.7,0.0,0.0,0.16,14.0,91.0,5720.0,0.0,0.0,234.0,0.0,99990.0
2025-05-10 09:00:00,19.3171879239577,12.0445592307714,0.0,1.76,19.9,75,99,4.1,326,19.3,18.8,18.7,0.0,0.0,0.24,16.0,84.0,13472.0,1.0,2.0,204.0,0.0,100030.0
2025-05-10 10:00:00,19.1186700355567,11.9575932264603,0.0,1.76,21.7,64,100,3.8,320,21.1,18.9,18.7,0.0,0.0,0.36,19.0,76.0,23618.0,2.0,0.0,201.0,0.0,100020.0
2025-05-10 11:00:00,19.2237554263537,11.9669074051496,0.0,1.76,22.8,60,98,6.1,344,22.6,19.1,18.7,0.0,0.0,0.43,21.0,68.0,32204.0,3.0,1.0,33.0,0.0,100020.0
2025-05-10 12:00:00,19.2707909501191,11.911303788886,0.0,1.76,23.6,60,95,8.0,7,24.1,19.3,18.7,0.0,0.0,0.51,22.0,62.0,101198.0,8.0,1.0,18.0,0.0,100010.0
2025-05-10 13:00:00,19.203233147288,11.7164578917456,0.0,1.76,23.8,54,58,16.0,23,25.6,19.8,18.7,0.0,0.0,0.56,23.0,54.0,69428.0,5.0,4.0,0.0,0.0,99970.0
2025-05-10 14:00:00,19.1277669279648,11.7594988545574,0.0,1.76,23.3,53,31,15.0,22,25.9,20.1,18.7,0.0,0.0,0.51,23.0,57.0,84188.0,6.0,4.0,34.0,0.0,99980.0
2025-05-10 15:00:00,19.1420728759051,11.8992861812759,0.0,1.76,22.6,55,48,12.6,24,25.6,20.4,18.7,0.0,0.0,0.41,24.0,54.0,106416.0,8.0,5.0,18.0,0.0,99960.0
2025-05-10 16:00:00,19.270073574643,11.950411360126,0.0,1.76,21.6,57,25,12.0,25,25.1,20.6,18.7,0.0,0.0,0.31,23.0,56.0,91639.0,6.0,6.0,13.0,0.0,99950.0
2025-05-10 17:00:00,19.1631706176273,12.0333312166426,0.0,1.76,21.2,58,4,9.8,36,24.4,20.8,18.7,0.0,0.0,0.24,23.0,57.0,74988.0,4.0,5.0,42.0,0.0,99960.0
2025-05-10 18:00:00,19.2535289824083,12.0699347718677,0.0,1.76,19.9,64,1,10.6,29,23.3,20.9,18.7,0.0,0.0,0.14,22.0,63.0,49300.0,3.0,4.0,54.0,0.0,99970.0
2025-05-10 19:00:00,19.2270295442051,11.9685960224291,0.0,1.76,18.0,75,5,5.9,51,22.0,21.0,18.7,0.0,0.0,0.04,21.0,65.0,8854.0,1.0,3.0,15.0,0.0,100010.0
2025-05-10 20:00:00,19.2155542214116,12.0869278499644,0.0,1.76,16.8,84,2,1.6,48,20.6,20.9,18.7,0.0,0.0,0.0,20.0,71.0,6658.0,0.0,3.0,36.0,0.0,100050.0
2025-05-10 21:00:00,19.3425423901792,11.9701755996567,0.0,1.76,16.0,87,1,2.4,113,19.5,20.8,18.7,0.0,0.0,0.0,18.0,80.0,267.0,0.0,1.0,60.0,0.0,100120.0
2025-05-10 22:00:00,19.2851182566766,11.9823032201022,0.0,1.76,15.4,88,0,3.5,135,18.6,20.7,18.7,0.0,0.0,0.0,17.0,82.0,0.0,0.0,1.0,99.0,0.0,100180.0
2025-05-10 23:00:00,19.3162533191998,12.2011300108886,0.0,1.76,15.3,85,0,2.2,158,17.9,20.5,18.7,0.0,0.0,0.0,17.0,79.0,0.0,0.0,0.0,346.0,0.0,100250.0
2025-05-11 00:00:00,19.3455252002706,12.1167476699732,0.0,1.76,15.1,83,0,1.5,203,17.3,20.3,18.7,0.0,0.0,0.0,15.0,85.0,0.0,0.0,0.0,139.0,0.0,100310.0
2025-05-11 01:00:00,19.2973108887786,11.9573432682859,0.0,1.76,15.5,77,9,1.8,171,17.1,20.1,18.8,0.0,0.0,0.0,16.0,82.0,0.0,0.0,2.0,43.0,0.0,100300.0
2025-05-11 02:00:00,19.2673965978914,11.9593405602635,0.0,1.76,15.1,77,0,0.7,338,16.6,19.9,18.8,0.0,0.0,0.0,15.0,84.0,0.0,0.0,2.0,132.0,0.0,100280.0
2025-05-11 03:00:00,19.173959986283,11.8564704494313,0.0,1.76,14.7,76,0,1.7,90,16.2,19.7,18.8,0.0,0.0,0.0,16.0,76.0,0.0,0.0,2.0,107.0,0.0,100210.0
2025-05-11 04:00:00,19.2334562079851,12.0177040562684,0.0,1.76,14.6,74,0,1.4,114,15.8,19.5,18.8,0.0,0.0,0.0,15.0,73.0,0.0,0.0,2.0,120.0,0.0,100170.0
2025-05-11 05:00:00,19.1595760355224,12.1393502120354,0.0,1.76,14.6,74,13,0.6,55,15.4,19.3,18.8,0.0,0.0,0.0,15.0,72.0,0.0,0.0,1.0,138.0,0.0,100120.0
2025-05-11 06:00:00,19.0460407906671,12.0497410183575,0.0,1.76,15.5,74,45,2.3,108,15.6,19.1,18.8,0.0,0.0,0.02,13.0,85.0,0.0,0.0,0.0,288.0,0.0,100100.0
2025-05-11 07:00:00,19.0448252064943,12.0945579288137,0.0,1.76,17.8,66,42,4.8,142,16.5,18.9,18.8,0.0,0.0,0.08,13.0,89.0,312.0,0.0,0.0,42.0,0.0,100120.0
2025-05-11 08:00:00,18.8432743068536,12.1201372803071,0.0,1.76,19.7,60,58,2.4,288,18.0,18.8,18.7,0.0,0.0,0.18,15.0,85.0,6295.0,0.0,1.0,216.0,0.0,100210.0
2025-05-11 09:00:00,19.0267648566981,11.8646578776035,0.0,1.76,21.1,57,58,4.3,10,19.8,18.8,18.7,0.0,0.0,0.29,16.0,82.0,18869.0,1.0,0.0,188.0,0.0,100210.0
2025-05-11 10:00:00,19.0156215592574,11.9659976657293,0.0,1.76,22.6,52,96,3.4,343,21.7,18.9,18.7,0.0,0.0,0.42,18.0,77.0,17942.0,1.0,1.0,234.0,0.0,100260.0
2025-05-11 11:00:00,19.2026425865221,12.1316691254862,0.0,1.76,22.8,51,39,7.8,337,22.6,19.1,18.7,0.0,0.0,0.35,19.0,68.0,41895.0,3.0,0.0,296.0,0.0,100270.0
2025-05-11 12:00:00,19.1778837137169,11.8917631785894,0.0,1.76,23.1,52,41,7.3,5,23.7,19.3,18.7,0.0,0.0,0.46,22.0,58.0,101237.0,8.0,1.0,96.0,0.0,100260.0
2025-05-11 13:00:00,19.1319274084162,11.9594742199959,0.0,1.76,22.6,56,58,10.0,351,25.1,19.6,18.7,0.5,0.5,0.55,22.0,52.0,112304.0,7.0,2.0,54.0,0.0,100240.0
2025-05-11 14:00:00,19.1426916132142,11.8816324390466,0.0,1.76,23.0,53,77,10.1,340,25.0,19.9,18.7,0.6,0.6,0.44,22.0,60.0,107524.0,9.0,5.0,30.0,0.0,100250.0
2025-05-11 15:00:00,19.0420226055083,11.8868300764892,0.0,1.76,22.7,52,46,10.2,348,24.4,20.1,18.7,0.4,0.4,0.39,23.0,53.0,103764.0,9.0,4.0,21.0,0.0,100230.0
2025-05-11 16:00:00,19.1630509720957,11.9340658292769,0.0,1.76,22.3,50,51,8.9,341,24.4,20.3,18.7,0.0,0.0,0.36,23.0,46.0,92180.0,6.0,7.0,12.0,0.0,100220.0
2025-05-11 17:00:00,18.9741964514438,11.7768260400162,0.0,1.76,22.0,51,37,8.7,359,23.9,20.5,18.7,0.0,0.0,0.24,23.0,47.0,78500.0,5.0,4.0,1.0,0.0,100210.0
2025-05-11 18:00:00,19.1422445161949,12.0932234333893,0.0,1.76,21.1,56,18,6.9,359,23.0,20.6,18.8,0.0,0.0,0.14,22.0,54.0,31608.0,3.0,4.0,17.0,0.0,100210.0
2025-05-11 19:00:00,19.1708805625806,11.8871591152381,0.0,1.76,19.1,67,3,2.7,7,21.7,20.7,18.8,0.0,0.0,0.03,21.0,55.0,11382.0,1.0,3.0,58.0,0.0,100290.0
2025-05-11 20:00:00,19.1733755672569,12.1421166370738,0.0,1.76,17.7,70,1,3.6,129,20.4,20.7,18.8,0.0,0.0,0.0,21.0,58.0,4472.0,0.0,3.0,59.0,0.0,100280.0
2025-05-11 21:00:00,19.1490450022227,11.9559896033471,0.0,1.76,16.5,77,0,2.9,198,19.4,20.6,18.8,0.0,0.0,0.0,19.0,61.0,68.0,0.0,1.0,105.0,0.0,100330.0
2025-05-11 22:00:00,19.1414245152857,11.8829599908031,0.0,1.76,15.7,80,1,3.5,182,18.5,20.5,18.8,0.0,0.0,0.0,18.0,66.0,0.0,0.0,0.0,131.0,0.0,100380.0
2025-05-11 23:00:00,19.1254673141371,12.005524331442,0.0,1.76,15.1,80,1,3.7,183,17.8,20.3,18.8,0.0,0.0,0.0,16.0,71.0,0.0,0.0,0.0,145.0,0.0,100430.0
2025-05-12 00:00:00,18.9347391705908,12.1498536421575,0.0,1.76,14.8,79,0,3.4,197,17.2,20.1,18.8,0.0,0.0,0.0,17.0,69.0,0.0,0.0,0.0,168.0,0.0,100430.0
2025-05-12 01:00:00,19.1210787246905,11.9484560730809,0.0,1.76,15.1,76,1,2.7,160,16.6,20.0,18.8,0.0,0.0,0.0,15.0,73.0,0.0,0.0,0.0,174.0,0.0,100410.0
2025-05-12 02:00:00,19.0909644758623,12.0112180455545,0.0,1.76,14.8,75,7,1.0,270,16.1,19.7,18.8,0.0,0.0,0.0,14.0,80.0,0.0,0.0,0.0,66.0,0.0,100420.0
2025-05-12 03:00:00,19.2613097755103,11.8763619086903,0.0,1.76,14.6,75,1,1.8,279,15.8,19.5,18.8,0.0,0.0,0.0,13.0,84.0,0.0,0.0,0.0,180.0,0.0,100390.0
2025-05-12 04:00:00,19.1897047494339,12.0356039061878,0.0,1.76,14.4,75,0,1.8,153,15.4,19.3,18.8,0.0,0.0,0.0,13.0,83.0,0.0,0.0,2.0,156.0,0.0,100360.0
2025-05-12 05:00:00,19.1540342305002,11.9095497957348,0.0,1.76,14.1,76,0,1.6,135,15.0,19.1,18.8,0.0,0.0,0.0,12.0,86.0,0.0,0.0,0.0,66.0,0.0,100380.0
2025-05-12 06:00:00,19.1470713660019,11.8607096311264,0.0,1.76,14.7,78,0,2.4,197,15.1,18.8,18.8,0.0,0.0,0.02,13.0,80.0,0.0,0.0,0.0,156.0,0.0,100370.0
2025-05-12 07:00:00,19.2036221798233,11.891963307606,0.0,1.76,17.5,67,0,2.7,261,16.1,18.7,18.8,0.0,0.0,0.09,13.0,79.0,1124.0,0.0,0.0,204.0,0.0,100360.0
2025-05-12 08:00:00,19.0896911218538,12.0200952812302,0.0,1.76,19.6,57,0,2.3,300,17.8,18.6,18.8,0.0,0.0,0.21,14.0,81.0,11985.0,1.0,1.0,192.0,0.0,100390.0
2025-05-12 09:00:00,18.9741477254877,11.9502473097211,0.0,1.76,21.3,51,0,4.0,302,19.8,18.6,18.8,0.0,0.0,0.34,19.0,62.0,32225.0,2.0,1.0,132.0,0.0,100430.0
2025-05-12 10:00:00,19.0692119458261,11.9232130947931,0.0,1.76,22.9,46,0,4.8,308,21.8,18.7,18.8,0.0,0.0,0.47,21.0,51.0,63624.0,5.0,1.0,139.0,0.0,100450.0
2025-05-12 11:00:00,19.1039081587243,11.9459058138136,0.0,1.76,24.1,43,0,7.6,342,23.6,19.0,18.8,0.0,0.0,0.57,22.0,49.0,86625.0,8.0,3.0,314.0,0.0,100470.0
2025-05-12 12:00:00,19.1632632568723,11.8972901912167,0.0,1.76,24.2,41,1,12.9,7,24.9,19.2,18.8,0.0,0.0,0.61,24.0,43.0,102933.0,7.0,4.0,354.0,0.0,100430.0
2025-05-12 13:00:00,19.0215451327406,11.7130142486983,0.0,1.76,24.0,40,8,13.9,4,25.8,19.7,18.8,0.0,0.0,0.6,23.0,49.0,110458.0,7.0,3.0,67.0,0.0,100400.0
2025-05-12 14:00:00,19.0918897615532,11.9744468946373,0.0,1.76,23.9,38,8,13.0,13,26.1,20.0,18.8,0.0,0.0,0.57,23.0,43.0,110542.0,10.0,4.0,354.0,0.0,100350.0
2025-05-12 15:00:00,18.9684533814569,11.9398358010203,0.0,1.76,23.5,37,18,15.0,12,26.1,20.3,18.8,0.0,0.0,0.51,23.0,43.0,103164.0,10.0,6.0,30.0,0.0,100310.0
2025-05-12 16:00:00,19.3000828779125,11.8811786280493,0.0,1.76,22.3,38,9,13.8,10,25.5,20.6,18.8,0.0,0.0,0.41,23.0,41.0,88483.0,7.0,4.0,10.0,0.0,100280.0
2025-05-12 17:00:00,19.1759299755837,11.8933119746311,0.0,1.76,21.8,42,7,10.5,23,24.7,20.8,18.8,0.0,0.0,0.29,23.0,41.0,67983.0,4.0,4.0,42.0,0.0,100200.0
2025-05-12 18:00:00,19.2040520159215,11.839994564656,0.0,1.76,20.5,48,4,6.6,27,23.5,20.9,18.8,0.0,0.0,0.15,22.0,40.0,40912.0,2.0,4.0,30.0,0.0,100200.0
2025-05-12 19:00:00,19.0098564231591,12.1502207534995,0.0,1.76,18.4,59,11,2.6,53,21.9,21.0,18.8,0.0,0.0,0.03,21.0,41.0,11825.0,1.0,5.0,30.0,0.0,100190.0
2025-05-12 20:00:00,19.0878207837513,12.1188421791402,0.0,1.76,17.2,62,4,2.3,122,20.4,20.9,18.8,0.0,0.0,0.0,20.0,51.0,3264.0,0.0,3.0,42.0,0.0,100230.0
2025-05-12 21:00:00,19.1983065916765,12.0361992894215,0.0,1.76,16.2,63,54,4.1,183,19.3,20.8,18.8,0.0,0.0,0.01,18.0,59.0,0.0,0.0,0.0,76.0,0.0,100260.0
2025-05-12 22:00:00,19.1324441732703,12.0292143548571,0.0,1.76,15.2,63,86,4.0,193,18.3,20.7,18.8,0.0,0.0,0.01,18.0,55.0,0.0,0.0,2.0,138.0,0.0,100290.0
