datetime,s_a,s_b,irr,LAI,temperature_2m,relative_humidity_2m,cloud_cover,wind_speed_10m,wind_direction_100m,soil_temperature_0_to_7cm,soil_temperature_7_to_28cm,soil_temperature_28_to_100cm,rain,precipitation,evapotranspiration,Temp,Hum,Int,UVI,WS,WD,RG,BP
2024-12-12 12:00:00,14.2117003431111,12.9934263252733,0.0,0.0,18.1,35,0,6.4,311,14.3,12.0,17.0,0.0,0.0,0.31,16.0,37.0,42135.0,3.0,2.0,316.0,0.0,100590.0
2024-12-12 13:00:00,14.1255545008422,13.0105989459292,0.0,0.0001827485380116959,18.9,34,0,7.1,334,15.1,12.2,17.0,0.0,0.0,0.32,18.0,34.0,45420.0,3.0,3.0,300.0,0.0,100500.0
2024-12-12 14:00:00,14.1155913637092,12.9260131836708,0.0,0.0003654970760233918,18.9,33,1,7.0,351,16.0,12.5,17.0,0.0,0.0,0.29,19.0,31.0,41185.0,3.0,3.0,324.0,0.0,100440.0
2024-12-12 15:00:00,14.2929162209217,12.8714840934774,0.0,0.0005482456140350877,17.8,41,1,9.6,40,16.2,12.8,17.0,0.0,0.0,0.23,19.0,38.0,28431.0,1.0,4.0,15.0,0.0,100380.0
2024-12-12 16:00:00,14.2261699736453,12.7692025639253,0.0,0.0007309941520467836,15.9,50,0,8.4,74,15.7,13.1,17.0,0.0,0.0,0.13,18.0,44.0,13915.0,1.0,2.0,54.0,0.0,100400.0
2024-12-12 17:00:00,14.1498988876324,13.0062367718832,0.0,0.0009137426900584795,12.4,57,0,6.9,91,14.4,13.3,17.0,0.0,0.0,0.04,18.0,48.0,4766.0,0.0,2.0,63.0,0.0,100410.0
2024-12-12 18:00:00,14.3130120346867,13.1245050472597,0.0,0.0010964912280701754,11.4,60,0,3.0,101,12.9,13.4,16.9,0.0,0.0,0.0,14.0,58.0,156.0,0.0,2.0,110.0,0.0,100450.0
2024-12-12 19:00:00,14.2171781652268,12.9807655949666,0.0,0.0012792397660818713,10.5,63,0,0.7,78,11.8,13.4,16.9,0.0,0.0,0.0,12.0,60.0,0.0,0.0,1.0,337.0,0.0,100460.0
2024-12-12 20:00:00,14.2498257769366,12.960251303345,0.0,0.0014619883040935672,9.6,65,6,1.0,28,10.9,13.3,16.9,0.0,0.0,0.0,10.0,65.0,0.0,0.0,0.0,154.0,0.0,100520.0
2024-12-12 21:00:00,14.3463184875287,12.8781193175817,0.0,0.001644736842105263,8.6,67,21,4.1,282,10.2,13.2,16.9,0.0,0.0,0.0,8.0,69.0,0.0,0.0,1.0,180.0,0.0,100570.0
2024-12-12 22:00:00,14.2613021590433,12.881054782382,0.0,0.001827485380116959,8.9,64,94,7.3,254,9.9,13.1,16.9,0.0,0.0,0.02,8.0,69.0,0.0,0.0,1.0,177.0,0.0,100620.0
2024-12-12 23:00:00,14.2682716667931,13.1807175797357,0.0,0.002010233918128655,10.1,60,72,6.6,242,10.1,13.0,16.9,0.0,0.0,0.02,9.0,68.0,0.0,0.0,1.0,216.0,0.0,100670.0
2024-12-13 00:00:00,14.190016225622,12.7537461157662,0.0,0.0021929824561403508,10.4,57,49,7.8,226,10.1,12.9,16.9,0.0,0.0,0.03,6.0,76.0,0.0,0.0,1.0,180.0,0.0,100720.0
2024-12-13 01:00:00,14.2462071806647,12.8912927070532,0.0,0.0023757309941520467,9.2,52,26,8.4,222,9.9,13.0,16.9,0.0,0.0,0.03,7.0,76.0,0.0,0.0,0.0,148.0,0.0,100720.0
2024-12-13 02:00:00,14.2375160841555,12.9440231967789,0.0,0.0025584795321637425,9.9,54,18,8.5,221,9.9,12.9,16.8,0.0,0.0,0.03,6.0,76.0,0.0,0.0,1.0,180.0,0.0,100730.0
2024-12-13 03:00:00,14.0691961879945,13.160843944749,0.0,0.0027412280701754384,8.6,62,23,7.2,224,9.7,12.8,16.8,0.0,0.0,0.02,8.0,67.0,0.0,0.0,0.0,258.0,0.0,100740.0
2024-12-13 04:00:00,14.059239672514,13.0242386287685,0.0,0.0029239766081871343,8.1,67,9,7.6,228,9.5,12.7,16.8,0.0,0.0,0.02,5.0,76.0,0.0,0.0,0.0,102.0,0.0,100770.0
2024-12-13 05:00:00,14.017568900872,12.9949480240367,0.0,0.0031067251461988302,7.4,72,0,6.5,225,9.2,12.6,16.8,0.0,0.0,0.01,8.0,60.0,0.0,0.0,2.0,198.0,0.0,100750.0
2024-12-13 06:00:00,14.2579217144178,12.9461028917406,0.0,0.003289473684210526,6.9,76,0,5.5,230,8.9,12.5,16.8,0.0,0.0,0.0,9.0,58.0,0.0,0.0,2.0,192.0,0.0,100780.0
2024-12-13 07:00:00,14.2433201339504,12.9040618604565,0.0,0.003472222222222222,6.8,79,3,5.2,231,8.6,12.3,16.8,0.0,0.0,0.0,9.0,60.0,0.0,0.0,2.0,204.0,0.0,100870.0
2024-12-13 08:00:00,13.9696574083711,12.991415146653,0.0,0.003654970760233918,8.7,75,1,4.5,238,8.7,12.2,16.8,0.0,0.0,0.02,8.0,63.0,694.0,0.0,1.0,204.0,0.0,100910.0
2024-12-13 09:00:00,14.0860887657506,12.9287083806803,0.0,0.003837719298245614,12.6,67,0,5.7,242,10.0,12.1,16.7,0.0,0.0,0.08,11.0,59.0,6332.0,0.0,1.0,179.0,0.0,100990.0
2024-12-13 10:00:00,14.4007915669781,12.8363509594057,0.0,0.00402046783625731,15.6,58,0,5.6,259,11.8,12.2,16.7,0.0,0.0,0.18,13.0,55.0,17764.0,1.0,2.0,210.0,0.0,101080.0
2024-12-13 11:00:00,14.0551245342039,12.8432544241015,0.0,0.004203216374269006,17.4,51,0,6.4,271,13.7,12.3,16.7,0.0,0.0,0.25,15.0,50.0,32635.0,1.0,3.0,274.0,0.0,101120.0
2024-12-13 12:00:00,14.1901666391195,12.931135818166,0.0,0.0043859649122807015,18.7,47,0,6.0,275,15.3,12.5,16.7,0.0,0.0,0.3,16.0,47.0,42740.0,2.0,3.0,274.0,0.0,101090.0
2024-12-13 13:00:00,14.0361850541985,12.7619842802652,0.0,0.004568713450292397,20.1,40,0,5.7,287,16.9,12.8,16.7,0.0,0.0,0.32,18.0,43.0,45246.0,2.0,2.0,251.0,0.0,100990.0
2024-12-13 14:00:00,14.0866840762314,12.8856670938328,0.0,0.004751461988304093,20.4,38,0,6.0,325,17.6,13.2,16.7,0.0,0.0,0.29,20.0,40.0,39358.0,2.0,3.0,246.0,0.0,100950.0
2024-12-13 15:00:00,14.1427244039607,12.7706190613247,0.0,0.004934210526315789,18.8,48,0,13.2,14,17.6,13.5,16.7,0.0,0.0,0.24,20.0,41.0,26992.0,1.0,4.0,354.0,0.0,100940.0
2024-12-13 16:00:00,14.3224588222778,12.9591503377689,0.0,0.005116959064327485,16.0,62,1,12.0,25,16.9,13.8,16.7,0.0,0.0,0.13,19.0,48.0,11847.0,1.0,4.0,36.0,0.0,100990.0
2024-12-13 17:00:00,14.2413669865002,13.116215807469,0.0,0.005299707602339181,13.1,78,3,4.9,49,15.5,14.0,16.6,0.0,0.0,0.02,17.0,50.0,3858.0,0.0,3.0,33.0,0.0,101060.0
2024-12-13 18:00:00,14.2352254637515,13.0576286577679,0.0,0.005482456140350877,12.6,81,0,2.9,49,14.1,14.1,16.6,0.0,0.0,0.0,14.0,62.0,0.0,0.0,1.0,120.0,0.0,101160.0
2024-12-13 19:00:00,14.2049948328245,12.894278085561,0.0,0.005665204678362573,12.2,82,0,0.9,53,13.0,14.1,16.6,0.0,0.0,0.0,13.0,66.0,0.0,0.0,1.0,138.0,0.0,101230.0
2024-12-13 20:00:00,14.1812921216871,13.1530363269565,0.0,0.005847953216374269,11.2,82,0,1.1,98,12.1,14.1,16.6,0.0,0.0,0.0,11.0,69.0,0.0,0.0,0.0,186.0,0.0,101290.0
2024-12-13 21:00:00,14.188225516588,13.107484399382,0.0,0.006030701754385965,10.4,83,0,3.2,287,11.4,14.0,16.6,0.0,0.0,0.0,8.0,79.0,0.0,0.0,0.0,180.0,0.0,101350.0
2024-12-13 22:00:00,14.3938046280245,13.0098905897921,0.0,0.0062134502923976605,9.9,85,0,3.9,234,10.9,13.9,16.6,0.0,0.0,0.0,8.0,74.0,0.0,0.0,0.0,174.0,0.0,101400.0
2024-12-13 23:00:00,14.2335442157257,13.1054448554891,0.0,0.006396198830409356,9.7,80,0,2.7,205,10.4,13.7,16.6,0.0,0.0,0.0,8.0,69.0,0.0,0.0,1.0,180.0,0.0,101430.0
2024-12-14 00:00:00,14.3410066093219,12.9782970205975,0.0,0.006578947368421052,9.0,82,4,3.2,288,10.0,13.6,16.6,0.0,0.0,0.0,9.0,72.0,0.0,0.0,0.0,186.0,0.0,101470.0
2024-12-14 01:00:00,14.3108287206765,12.8573769505622,0.0,0.006761695906432748,8.2,80,0,4.4,254,9.6,13.5,16.6,0.0,0.0,0.0,7.0,73.0,0.0,0.0,1.0,174.0,0.0,101410.0
2024-12-14 02:00:00,14.3135286312563,13.1071040372225,0.0,0.006944444444444444,7.9,75,1,4.7,234,9.4,13.4,16.6,0.0,0.0,0.0,7.0,76.0,0.0,0.0,0.0,180.0,0.0,101420.0
2024-12-14 03:00:00,14.3284696726372,13.0039621445533,0.0,0.00712719298245614,7.5,75,99,3.1,293,9.1,13.2,16.6,0.0,0.0,0.0,6.0,75.0,0.0,0.0,1.0,174.0,0.0,101390.0
2024-12-14 04:00:00,14.0933848772837,12.7874886834086,0.0,0.007309941520467836,7.2,74,91,3.3,256,9.0,13.0,16.6,0.0,0.0,0.0,5.0,78.0,0.0,0.0,0.0,173.0,0.0,101430.0
2024-12-14 05:00:00,14.1627820164179,12.8884818006989,0.0,0.007492690058479532,6.4,74,99,4.6,223,9.0,12.9,16.6,0.0,0.0,0.0,5.0,77.0,0.0,0.0,1.0,180.0,0.0,101410.0
2024-12-14 06:00:00,14.2989159454114,13.0819611567038,0.0,0.007675438596491228,5.7,78,82,6.6,258,8.9,12.7,16.6,0.0,0.0,0.0,6.0,77.0,0.0,0.0,1.0,168.0,0.0,101470.0
2024-12-14 07:00:00,14.1199278506584,12.96005014752,0.0,0.007858187134502924,6.6,75,49,6.7,220,8.9,12.6,16.5,0.0,0.0,0.0,6.0,77.0,0.0,0.0,1.0,160.0,0.0,101540.0
2024-12-14 08:00:00,14.0335518521661,12.8627229326513,0.0,0.00804093567251462,7.7,75,64,6.9,239,9.1,12.4,16.5,0.0,0.0,0.02,6.0,81.0,1049.0,0.0,0.0,353.0,0.0,101580.0
2024-12-14 09:00:00,14.0362123966698,12.9739729686749,0.0,0.008223684210526315,10.4,75,99,6.2,278,10.0,12.4,16.5,0.0,0.0,0.07,9.0,77.0,7526.0,0.0,1.0,264.0,0.0,101620.0
2024-12-14 10:00:00,14.1846706141211,12.8469789682723,0.0,0.008406432748538011,13.5,72,57,6.0,277,11.5,12.4,16.5,0.0,0.0,0.14,12.0,69.0,20224.0,1.0,2.0,252.0,0.0,101680.0
2024-12-14 11:00:00,14.0763133149201,13.0114657568788,0.0,0.008589181286549707,15.6,61,57,2.7,322,13.4,12.5,16.5,0.0,0.0,0.23,14.0,71.0,33993.0,2.0,2.0,299.0,0.0,101690.0
2024-12-14 12:00:00,14.2190249894735,13.0308214276791,0.0,0.008771929824561403,16.7,55,60,5.5,9,15.1,12.6,16.5,0.0,0.0,0.28,16.0,70.0,42424.0,3.0,2.0,44.0,0.0,101640.0
2024-12-14 13:00:00,14.256016963357,12.9450033306578,0.0,0.008954678362573099,17.3,57,68,8.8,24,16.2,13.1,16.5,0.0,0.0,0.29,17.0,62.0,41500.0,3.0,2.0,24.0,0.0,101560.0
2024-12-14 14:00:00,14.3188617682198,12.8814792784797,0.0,0.009137426900584795,17.2,61,85,10.2,33,16.8,13.4,16.5,0.0,0.0,0.26,17.0,63.0,39857.0,2.0,4.0,30.0,0.0,101540.0
2024-12-14 15:00:00,14.2716309595003,13.0704486845626,0.0,0.00932017543859649,16.8,64,98,11.2,45,16.9,13.6,16.5,0.0,0.0,0.19,17.0,63.0,23300.0,1.0,3.0,64.0,0.0,101520.0
2024-12-14 16:00:00,14.1770212725112,12.9683480006119,0.0,0.009502923976608187,15.8,67,0,10.6,52,16.4,13.9,16.5,0.0,0.0,0.11,17.0,64.0,9778.0,0.0,4.0,66.0,0.0,101530.0
2024-12-14 17:00:00,14.2295585223992,12.9221451778928,0.0,0.009685672514619883,13.0,83,19,6.3,51,15.2,14.0,16.4,0.0,0.0,0.02,15.0,73.0,2864.0,0.0,3.0,48.0,0.0,101600.0
2024-12-14 18:00:00,14.0524714289978,13.076608389701,0.0,0.009868421052631578,12.1,86,21,3.6,64,13.9,14.1,16.4,0.0,0.0,0.0,13.0,80.0,0.0,0.0,0.0,72.0,0.0,101650.0
2024-12-14 19:00:00,14.2329279362637,12.8322900469937,0.0,0.010051169590643274,11.9,82,14,1.9,69,12.9,14.1,16.4,0.0,0.0,0.0,11.0,84.0,0.0,0.0,0.0,174.0,0.0,101760.0
2024-12-14 20:00:00,14.2911686479801,12.9549669424326,0.0,0.01023391812865497,11.0,82,60,2.7,99,12.0,14.0,16.4,0.0,0.0,0.0,9.0,82.0,0.0,0.0,0.0,174.0,0.0,101790.0
2024-12-14 21:00:00,14.1658747833607,13.0429637762519,0.0,0.010416666666666666,9.8,87,6,2.6,110,11.4,14.0,16.4,0.0,0.0,0.0,9.0,82.5,0.0,0.0,0.0,174.0,0.0,101795.0
2024-12-14 22:00:00,14.2294634048333,13.0737016212819,0.0,0.010599415204678362,9.0,91,62,2.1,37,10.8,13.8,16.4,0.0,0.0,0.0,9.0,83.0,0.0,0.0,0.0,174.0,0.0,101800.0
2024-12-14 23:00:00,14.1685786670046,13.0449088127702,0.0,0.010782163742690058,8.8,92,76,2.4,311,10.4,13.7,16.4,0.0,0.0,0.0,8.0,83.0,0.0,0.0,0.0,186.0,0.0,101840.0
2024-12-15 00:00:00,14.2422269822012,12.9490252835813,0.0,0.010964912280701754,8.7,90,19,4.7,235,10.0,13.5,16.4,0.0,0.0,0.0,9.0,85.0,0.0,0.0,1.0,180.0,0.0,101840.0
2024-12-15 01:00:00,14.0930994552687,12.9526601938533,0.0,0.01114766081871345,8.6,87,98,4.4,262,9.9,13.6,16.4,0.0,0.0,0.0,8.0,86.0,0.0,0.0,1.0,180.0,0.0,101810.0
2024-12-15 02:00:00,14.3155373664229,12.9105307697867,0.0,0.011330409356725146,8.4,86,100,5.0,234,9.7,13.4,16.4,0.0,0.0,0.0,7.0,86.0,0.0,0.0,1.0,180.0,0.0,101810.0
2024-12-15 03:00:00,14.3087755529354,13.0367698989397,0.0,0.011513157894736841,8.2,86,100,5.0,216,9.7,13.3,16.4,0.0,0.0,0.0,7.0,84.0,0.0,0.0,1.0,176.0,0.0,101790.0
2024-12-15 04:00:00,14.3188293090154,12.8669765725077,0.0,0.011695906432748537,7.9,86,100,4.3,266,9.6,13.1,16.4,0.0,0.0,0.0,7.0,86.0,0.0,0.0,0.0,186.0,0.0,101750.0
2024-12-15 05:00:00,14.3913362840987,12.9919415338791,0.0,0.011878654970760233,8.4,84,91,5.5,243,9.7,13.0,16.4,0.0,0.0,0.0,7.0,91.0,0.0,0.0,0.0,102.0,0.0,101760.0
2024-12-15 06:00:00,14.1894126200387,13.0447804129057,0.0,0.01206140350877193,8.4,82,34,4.8,197,9.7,12.9,16.4,0.0,0.0,0.0,6.0,90.0,0.0,0.0,1.0,171.0,0.0,101750.0
2024-12-15 07:00:00,14.1553822480609,12.7852760281566,0.0,0.012244152046783625,7.9,84,97,4.3,199,9.6,12.8,16.4,0.0,0.0,0.0,8.0,90.0,0.0,0.0,1.0,186.0,0.0,101790.0
2024-12-15 08:00:00,14.081441121031,12.8880412490969,0.0,0.012426900584795321,9.2,80,100,6.5,200,9.9,12.7,16.4,0.0,0.0,0.02,7.0,89.0,0.0,0.0,0.0,178.0,0.0,101880.0
2024-12-15 09:00:00,14.1467871664921,12.8233811750244,0.0,0.012609649122807017,11.6,74,30,6.0,193,10.8,12.6,16.3,0.0,0.0,0.06,6.0,91.0,2175.0,0.0,0.0,170.0,0.0,101930.0
2024-12-15 10:00:00,14.2773581455413,12.9768912169063,0.0,0.012792397660818713,13.9,70,92,4.3,270,12.2,12.6,16.3,0.0,0.0,0.14,12.0,74.0,9088.0,1.0,0.0,178.0,0.0,102020.0
2024-12-15 11:00:00,14.139067388768,13.1217066060164,0.0,0.012975146198830409,15.7,64,36,4.7,14,14.0,12.7,16.3,0.0,0.0,0.23,14.0,78.0,21608.0,1.0,1.0,324.0,0.0,102100.0
2024-12-15 12:00:00,14.1771427653296,12.933309055028,0.0,0.013157894736842105,16.9,60,100,10.2,30,15.4,12.9,16.3,0.0,0.0,0.28,16.0,70.0,29229.0,2.0,0.0,91.0,0.0,102100.0
2024-12-15 13:00:00,14.1538563990611,12.9432879610928,0.0,0.0133406432748538,17.1,60,60,14.9,44,15.7,13.1,16.3,0.0,0.0,0.27,17.0,63.0,46678.0,2.0,2.0,76.0,0.0,102080.0
2024-12-15 14:00:00,14.1374222904979,13.0345145909341,0.0,0.013523391812865496,17.1,58,10,14.1,49,16.3,13.3,16.3,0.0,0.0,0.26,17.0,60.0,25216.0,1.0,3.0,32.0,0.0,102040.0
2024-12-15 15:00:00,14.1289544614427,12.9745154372759,0.0,0.013706140350877192,16.5,62,4,14.5,48,16.5,13.5,16.3,0.0,0.0,0.2,18.0,58.0,39391.0,2.0,4.0,85.0,0.0,101980.0
2024-12-15 16:00:00,14.1396365853521,12.9765853634434,0.0,0.013888888888888888,15.4,69,19,12.5,50,16.0,13.7,16.3,0.0,0.0,0.12,17.0,63.0,30256.0,1.0,5.0,16.0,0.0,101970.0
2024-12-15 17:00:00,14.2075818627723,13.0262925715336,0.0,0.014071637426900584,12.4,85,2,6.8,58,14.9,13.9,16.3,0.0,0.0,0.02,16.0,67.0,9291.0,0.0,4.0,30.0,0.0,102010.0
2024-12-15 18:00:00,14.1174456375336,12.8756861653397,0.0,0.01425438596491228,11.0,88,2,6.2,71,13.5,14.0,16.3,0.0,0.0,0.0,15.0,71.0,1857.0,0.0,3.0,30.0,0.0,102030.0
2024-12-15 19:00:00,14.2862053540701,12.8241762790543,0.0,0.014437134502923976,10.5,89,17,4.6,73,12.4,13.9,16.3,0.0,0.0,0.0,13.0,79.0,0.0,0.0,1.0,72.0,0.0,102050.0
2024-12-15 20:00:00,14.146962189346,13.0376486923152,0.0,0.014619883040935672,10.3,88,0,3.5,75,11.5,13.9,16.3,0.0,0.0,0.0,11.0,84.0,0.0,0.0,1.0,99.0,0.0,102090.0
2024-12-15 21:00:00,14.1892221414111,13.0860986498059,0.0,0.014802631578947368,10.1,89,2,2.6,84,10.8,13.8,16.3,0.0,0.0,0.0,10.0,88.0,0.0,0.0,1.0,105.0,0.0,102160.0
2024-12-15 22:00:00,14.3584392760105,13.1232697645142,0.0,0.014985380116959063,9.6,89,2,1.5,75,10.2,13.6,16.3,0.0,0.0,0.0,8.0,90.0,0.0,0.0,0.0,186.0,0.0,102210.0
2024-12-15 23:00:00,14.3893244364439,12.975394421829,0.0,0.01516812865497076,9.4,88,37,1.4,63,9.6,13.5,16.3,0.0,0.0,0.0,7.0,93.0,0.0,0.0,0.0,126.0,0.0,102220.0
2024-12-16 00:00:00,14.0722823471063,13.129312648133,0.0,0.015350877192982455,9.1,86,0,0.4,59,9.2,13.3,16.2,0.0,0.0,0.0,6.0,92.0,0.0,0.0,0.0,204.0,0.0,102240.0
2024-12-16 01:00:00,14.1891873597907,12.9678887226193,0.0,0.015533625730994151,8.5,83,5,0.7,60,8.7,13.3,16.2,0.0,0.0,0.0,6.0,90.0,0.0,0.0,0.0,180.0,0.0,102260.0
2024-12-16 02:00:00,14.4331553591915,12.8316032295182,0.0,0.015716374269005847,7.8,83,24,0.4,50,8.3,13.1,16.2,0.0,0.0,0.0,6.0,90.0,0.0,0.0,1.0,198.0,0.0,102260.0
2024-12-16 03:00:00,14.1249482217959,13.0366222442594,0.0,0.015899122807017545,7.1,84,5,0.3,39,8.0,12.9,16.2,0.0,0.0,0.0,4.0,88.0,0.0,0.0,0.0,192.0,0.0,102260.0
2024-12-16 04:00:00,14.2818082640565,12.9379210218668,0.0,0.01608187134502924,6.6,83,0,0.4,35,7.6,12.6,16.2,0.0,0.0,0.0,4.0,92.0,0.0,0.0,1.0,160.0,0.0,102280.0
2024-12-16 05:00:00,14.0384094451019,12.9045762706002,0.0,0.016264619883040933,5.8,85,9,1.2,33,7.3,12.4,16.2,0.0,0.0,0.0,3.0,90.0,0.0,0.0,0.0,186.0,0.0,102300.0
2024-12-16 06:00:00,14.2006007290997,12.9545612618008,0.0,0.01644736842105263,5.1,88,0,3.3,310,7.1,12.2,16.2,0.0,0.0,0.0,3.0,92.0,0.0,0.0,0.0,198.0,0.0,102270.0
2024-12-16 07:00:00,14.1199944291091,13.0051201552105,0.0,0.01663011695906433,4.9,89,0,3.8,297,7.0,12.0,16.2,0.0,0.0,0.0,2.0,89.0,0.0,0.0,0.0,168.0,0.0,102340.0
2024-12-16 08:00:00,14.2905707468891,12.8870785926286,0.0,0.016812865497076022,5.6,86,16,3.9,318,7.2,11.8,16.2,0.0,0.0,0.01,2.0,89.0,0.0,0.0,1.0,84.0,0.0,102380.0
2024-12-16 09:00:00,13.9851730419924,13.0096487597116,0.0,0.016995614035087717,10.3,78,15,4.5,324,8.4,11.6,16.2,0.0,0.0,0.07,4.0,89.0,3636.0,0.0,0.0,198.0,0.0,102430.0
2024-12-16 10:00:00,14.0274342399905,12.950351839351,0.0,0.017178362573099414,13.9,59,0,6.1,310,10.4,11.6,16.1,0.0,0.0,0.17,8.0,80.0,8052.0,1.0,1.0,108.0,0.0,102450.0
2024-12-16 11:00:00,14.173012774989,13.1493845071061,0.0,0.017361111111111112,16.0,48,0,5.4,333,12.4,11.7,16.1,0.0,0.0,0.25,10.0,78.0,24529.0,1.0,2.0,282.0,0.0,102470.0
2024-12-16 12:00:00,14.2587326104667,13.1335822074466,0.0,0.017543859649122806,17.2,43,0,6.8,8,14.1,11.9,16.1,0.0,0.0,0.3,16.0,56.0,38842.0,2.0,0.0,168.0,0.0,102430.0
2024-12-16 13:00:00,14.184217473416,13.2095375516282,0.0,0.0177266081871345,18.1,42,0,9.3,25,15.7,12.2,16.1,0.0,0.0,0.32,16.0,52.0,44479.0,1.0,1.0,19.0,0.0,102340.0
2024-12-16 14:00:00,14.2655868782402,13.2538245396128,0.0,0.017909356725146198,17.1,46,0,16.6,31,16.2,12.5,16.1,0.0,0.0,0.29,17.0,43.0,42758.0,2.0,2.0,42.0,0.0,102250.0
2024-12-16 15:00:00,14.4868273111376,13.1696277571521,0.0,0.018092105263157895,16.1,47,0,17.1,35,16.0,12.8,16.1,0.0,0.0,0.23,18.0,50.0,32830.0,2.0,4.0,23.0,0.0,102170.0
2024-12-16 16:00:00,14.2424724072773,13.2905180722869,0.0,0.01827485380116959,15.1,53,0,14.8,39,15.5,13.0,16.1,0.0,0.0,0.15,17.0,47.0,18492.0,1.0,3.0,78.0,0.0,102130.0
2024-12-16 17:00:00,14.3179157975567,13.2813517440232,0.0,0.018457602339181284,13.3,59,0,11.3,54,14.4,13.2,16.1,0.0,0.0,0.06,17.0,46.0,6448.0,0.0,2.0,95.0,0.0,102140.0
2024-12-16 18:00:00,14.0389777046162,13.045120961867,0.0,0.01864035087719298,12.2,64,0,8.8,65,13.3,13.3,16.1,0.0,0.0,0.03,15.0,54.0,1048.0,0.0,3.0,72.0,0.0,102150.0
2024-12-16 19:00:00,14.2574302287318,13.1243781265349,0.0,0.01882309941520468,10.9,65,2,4.8,68,12.1,13.3,16.1,0.0,0.0,0.01,13.0,66.0,0.0,0.0,0.0,105.0,0.0,102180.0
2024-12-16 20:00:00,14.1795989512186,13.189425192898,0.0,0.019005847953216373,9.5,60,6,0.4,44,10.9,13.3,16.0,0.0,0.0,0.0,11.0,74.0,0.0,0.0,0.0,192.0,0.0,102210.0
2024-12-16 21:00:00,14.4073046043564,13.299737871066,0.0,0.019188596491228067,7.9,60,0,6.7,273,10.1,13.2,16.0,0.0,0.0,0.02,9.0,78.0,0.0,0.0,0.0,252.0,0.0,102220.0
2024-12-16 22:00:00,14.1510984550838,13.2192241965778,0.0,0.019371345029239765,6.2,64,0,6.2,263,9.6,13.0,16.0,0.0,0.0,0.01,9.0,74.0,0.0,0.0,2.0,246.0,0.0,102210.0
2024-12-16 23:00:00,14.1919374607482,13.2915246801897,0.0,0.019554093567251463,5.4,61,0,4.4,285,9.0,12.9,16.0,0.0,0.0,0.01,7.0,72.0,0.0,0.0,2.0,174.0,0.0,102200.0
2024-12-17 00:00:00,14.1874661328428,13.3523015897107,0.0,0.019736842105263157,5.4,57,0,4.8,267,8.5,12.7,16.0,0.0,0.0,0.01,7.0,74.0,0.0,0.0,2.0,160.0,0.0,102210.0
2024-12-17 01:00:00,14.4524163317596,13.3357122467749,0.0,0.01991959064327485,5.3,57,0,4.1,268,8.4,12.6,16.0,0.0,0.0,0.01,5.0,78.0,0.0,0.0,0.0,186.0,0.0,102190.0
2024-12-17 02:00:00,14.2590411485047,13.1169933165302,0.0,0.02010233918128655,4.9,54,0,2.9,279,7.8,12.4,16.0,0.0,0.0,0.0,4.0,75.0,0.0,0.0,0.0,178.0,0.0,102150.0
2024-12-17 03:00:00,14.1649637407862,13.3969747984083,0.0,0.020285087719298246,4.4,55,0,3.8,270,7.3,12.2,16.0,0.0,0.0,0.01,4.0,73.0,0.0,0.0,1.0,180.0,0.0,102120.0
2024-12-17 04:00:00,14.2461051908614,13.2000141879828,0.0,0.02046783625730994,4.1,58,13,4.0,274,6.9,12.0,16.0,0.0,0.0,0.01,4.0,76.0,0.0,0.0,1.0,180.0,0.0,102090.0
2024-12-17 05:00:00,14.0517999224246,13.2573160823309,0.0,0.020650584795321635,4.1,59,1,4.8,272,6.7,11.8,16.0,0.0,0.0,0.01,4.0,79.0,0.0,0.0,1.0,198.0,0.0,102070.0
2024-12-17 06:00:00,14.2247755446256,13.0387199760269,0.0,0.020833333333333332,4.3,58,5,5.2,265,6.5,11.5,16.0,0.0,0.0,0.01,4.0,84.0,0.0,0.0,2.0,186.0,0.0,102080.0
2024-12-17 07:00:00,13.9780580149055,13.3506835405148,0.0,0.02101608187134503,3.8,60,64,4.7,264,6.2,11.3,15.9,0.0,0.0,0.01,4.0,85.0,0.0,0.0,0.0,168.0,0.0,102090.0
2024-12-17 08:00:00,14.2688763401545,13.1317957499357,0.0,0.021198830409356724,5.4,60,39,5.5,264,6.3,11.1,15.9,0.0,0.0,0.02,2.0,82.0,53.0,0.0,0.0,180.0,0.0,102140.0
2024-12-17 09:00:00,14.1107823844786,13.1496123611175,0.0,0.021381578947368418,10.2,57,2,5.2,255,7.7,11.0,15.9,0.0,0.0,0.08,3.0,83.0,3755.0,0.0,0.0,126.0,0.0,102160.0
2024-12-17 10:00:00,14.2267276997113,13.4444500761254,0.0,0.021564327485380116,13.9,45,6,5.4,284,9.7,11.0,15.9,0.0,0.0,0.18,10.0,57.0,12178.0,1.0,2.0,240.0,0.0,102210.0
2024-12-17 11:00:00,14.1242795748739,13.2462985751864,0.0,0.021747076023391813,16.0,38,9,5.4,314,11.8,11.0,15.9,0.0,0.0,0.26,12.0,47.0,26818.0,2.0,2.0,245.0,0.0,102220.0
2024-12-17 12:00:00,14.050528616002,15.0315881039243,0.0,0.021929824561403508,17.1,35,95,7.6,327,13.5,11.2,15.8,0.0,0.0,0.31,15.0,38.0,40435.0,2.0,2.0,279.0,0.0,102130.0
2024-12-17 13:00:00,14.1137206008328,16.7850237548466,0.0,0.0221125730994152,17.3,42,100,8.0,342,14.6,11.4,15.8,0.0,0.0,0.3,17.0,31.0,46226.0,2.0,2.0,252.0,0.0,102050.0
2024-12-17 14:00:00,14.245225104329,17.8599290034545,0.0,0.0222953216374269,16.9,46,68,7.5,10,15.3,11.7,15.8,0.0,0.0,0.26,18.0,28.0,41018.0,3.0,2.0,306.0,0.0,101960.0
2024-12-17 15:00:00,14.0926614979894,18.6600172177231,0.0,0.022478070175438597,16.1,51,84,8.0,33,15.5,12.0,15.8,0.0,0.0,0.2,19.0,25.0,32844.0,2.0,1.0,319.0,0.0,101900.0
2024-12-17 16:00:00,14.4329672368194,19.0689023156907,0.0,0.02266081871345029,14.5,61,98,5.5,44,14.9,12.3,15.8,0.0,0.0,0.1,18.0,35.0,17129.0,1.0,3.0,343.0,0.0,101930.0
2024-12-17 17:00:00,14.0928811273447,19.2696946243785,0.0,0.022843567251461985,11.6,71,100,2.9,66,13.6,12.4,15.8,0.0,0.0,0.02,17.0,41.0,5944.0,0.0,2.0,26.0,0.0,101940.0
2024-12-17 18:00:00,14.2673510067639,19.4737289448313,0.0,0.023026315789473683,11.2,73,100,1.2,54,12.2,12.5,15.8,0.0,0.0,0.0,14.0,61.0,386.0,0.0,1.0,72.0,0.0,101980.0
2024-12-17 19:00:00,14.3543581413598,19.6563048709562,0.0,0.02320906432748538,11.2,73,99,1.6,123,11.4,12.5,15.8,0.0,0.0,0.0,12.0,67.0,0.0,0.0,2.0,110.0,0.0,102020.0
2024-12-17 20:00:00,14.2887812963563,19.7315168807119,0.0,0.023391812865497075,10.7,73,90,2.3,187,10.7,12.5,15.8,0.0,0.0,0.0,12.0,65.0,0.0,0.0,2.0,130.0,0.0,102050.0
2024-12-17 21:00:00,14.5085319510355,19.8725187243323,0.0,0.02357456140350877,9.9,72,19,2.1,246,10.1,12.5,15.7,0.0,0.0,0.0,11.0,65.0,0.0,0.0,0.0,124.0,0.0,102070.0
2024-12-17 22:00:00,14.187522225558,19.7950623579571,0.0,0.023757309941520467,8.8,73,2,3.9,238,9.4,12.4,15.7,0.0,0.0,0.0,9.0,62.0,0.0,0.0,0.0,180.0,0.0,102090.0
2024-12-17 23:00:00,14.3792484341074,19.8275224021548,0.0,0.023940058479532164,8.3,71,7,4.6,224,9.0,12.2,15.7,0.0,0.0,0.0,9.0,62.0,0.0,0.0,1.0,222.0,0.0,102070.0
2024-12-18 00:00:00,14.1926911746352,19.9299375199822,0.0,0.02412280701754386,8.0,68,0,4.1,236,8.5,12.1,15.7,0.0,0.0,0.0,9.0,69.0,0.0,0.0,0.0,228.0,0.0,102070.0
2024-12-18 01:00:00,14.2971802524709,20.0650364057792,0.0,0.024305555555555552,7.3,70,0,4.7,236,7.8,12.1,15.7,0.0,0.0,0.0,6.0,69.0,0.0,0.0,1.0,178.0,0.0,102010.0
2024-12-18 02:00:00,14.3564700215735,19.9682596977554,0.0,0.02448830409356725,7.1,60,0,4.9,218,7.7,11.9,15.7,0.0,0.0,0.01,5.0,74.0,0.0,0.0,1.0,240.0,0.0,102000.0
2024-12-18 03:00:00,14.3922184675716,19.994496701173,0.0,0.024671052631578948,7.1,55,0,4.6,203,7.5,11.7,15.7,0.0,0.0,0.01,5.0,70.0,0.0,0.0,1.0,180.0,0.0,102010.0
2024-12-18 04:00:00,14.3339020360004,19.7746533389092,0.0,0.024853801169590642,7.4,53,0,3.3,224,7.3,11.6,15.7,0.0,0.0,0.01,6.0,71.0,0.0,0.0,1.0,180.0,0.0,102020.0
2024-12-18 05:00:00,14.3013367551118,20.0285730602519,0.0,0.025036549707602336,6.8,58,0,4.8,251,7.1,11.4,15.7,0.0,0.0,0.01,5.0,70.0,0.0,0.0,0.0,192.0,0.0,101960.0
2024-12-18 06:00:00,14.3990904596908,20.0308079993261,0.0,0.025219298245614034,6.6,57,0,6.2,228,7.0,11.2,15.7,0.0,0.0,0.02,4.0,68.0,0.0,0.0,2.0,174.0,0.0,101970.0
2024-12-18 07:00:00,14.3211573746791,20.2633501530625,0.0,0.02540204678362573,6.4,56,0,5.1,231,6.9,11.1,15.6,0.0,0.0,0.01,6.0,66.0,0.0,0.0,1.0,186.0,0.0,101970.0
2024-12-18 08:00:00,14.222799948602,20.05762744032,0.0,0.025584795321637425,8.0,56,4,6.1,240,7.0,10.9,15.6,0.0,0.0,0.03,7.0,61.0,224.0,0.0,2.0,198.0,0.0,102010.0
2024-12-18 09:00:00,14.3314920107431,20.0596807681117,0.0,0.02576754385964912,12.1,53,0,7.9,243,8.4,10.8,15.6,0.0,0.0,0.1,8.0,56.0,5217.0,0.0,1.0,198.0,0.0,102040.0
2024-12-18 10:00:00,14.2180040559969,20.1929121710289,0.0,0.025950292397660817,15.0,50,0,5.5,262,10.4,10.8,15.6,0.0,0.0,0.17,12.0,46.0,14401.0,1.0,2.0,276.0,0.0,102070.0
2024-12-18 11:00:00,14.2168683148452,19.9782538453979,0.0,0.026133040935672515,17.1,39,0,4.2,277,12.4,11.0,15.6,0.0,0.0,0.25,14.0,38.0,28797.0,1.0,2.0,233.0,0.0,102110.0
2024-12-18 12:00:00,14.2340786525758,20.2632048078314,0.0,0.02631578947368421,18.7,36,0,3.8,262,14.2,11.2,15.6,0.0,0.0,0.3,17.0,35.0,40151.0,3.0,2.0,270.0,0.0,102030.0
2024-12-18 13:00:00,14.0947015581126,20.0994023024558,0.0,0.026498538011695903,19.9,35,1,5.2,273,14.6,11.4,15.5,0.0,0.0,0.31,18.0,32.0,43666.0,2.0,2.0,228.0,0.0,101920.0
2024-12-18 14:00:00,14.2695733541428,20.2260003443438,0.0,0.0266812865497076,20.6,33,0,4.7,287,15.8,11.7,15.5,0.0,0.0,0.28,20.0,29.0,39799.0,3.0,2.0,258.0,0.0,101810.0
2024-12-18 15:00:00,13.9586322026171,20.2178327589993,0.0,0.0268640350877193,20.6,34,0,2.2,322,16.4,12.1,15.5,0.0,0.0,0.2,21.0,26.0,28016.0,1.0,2.0,304.0,0.0,101740.0
2024-12-18 16:00:00,14.4990523452766,20.2367210228226,0.0,0.027046783625730993,18.3,60,0,3.4,46,16.2,12.4,15.5,0.0,0.0,0.11,20.0,38.0,13674.0,1.0,4.0,43.0,0.0,101760.0
2024-12-18 17:00:00,14.4184301119802,20.3451137647408,0.0,0.027229532163742687,14.4,60,0,4.2,74,14.9,12.6,15.5,0.0,0.0,0.03,19.0,42.0,4865.0,0.0,2.0,48.0,0.0,101750.0
2024-12-18 18:00:00,14.2979776346281,20.0096517833815,0.0,0.027412280701754384,13.7,62,0,0.8,90,13.4,12.8,15.5,0.0,0.0,0.0,15.0,53.0,162.0,0.0,0.0,54.0,0.0,101750.0
2024-12-18 19:00:00,14.2671832275516,20.3648546400767,0.0,0.027595029239766082,12.7,62,0,1.3,184,12.3,12.8,15.5,0.0,0.0,0.0,12.0,55.0,0.0,0.0,0.0,179.0,0.0,101770.0
2024-12-18 20:00:00,14.3018856434258,20.352852129716,0.0,0.027777777777777776,12.2,57,2,2.4,222,11.5,12.8,15.5,0.0,0.0,0.0,11.0,65.0,0.0,0.0,1.0,180.0,0.0,101780.0
2024-12-18 21:00:00,14.3869847225079,20.2531118830138,0.0,0.02796052631578947,12.1,49,7,3.0,221,10.8,12.8,15.5,0.0,0.0,0.01,11.0,56.0,0.0,0.0,1.0,176.0,0.0,101790.0
2024-12-18 22:00:00,14.2903189172415,20.1330523631595,0.0,0.028143274853801168,12.3,43,0,2.6,232,10.3,12.7,15.5,0.0,0.0,0.01,10.0,48.0,0.0,0.0,1.0,178.0,0.0,101760.0
2024-12-18 23:00:00,14.2665056256426,20.3909162186876,0.0,0.028326023391812866,11.8,43,0,3.9,235,9.9,12.6,15.5,0.0,0.0,0.02,11.0,47.0,0.0,0.0,1.0,184.0,0.0,101760.0
2024-12-19 00:00:00,14.2568722628277,20.1859399947871,0.0,0.02850877192982456,11.3,40,0,5.6,233,9.6,12.5,15.5,0.0,0.0,0.03,11.0,44.0,0.0,0.0,2.0,178.0,0.0,101720.0
2024-12-19 01:00:00,14.2238083941646,20.1667087868712,0.0,0.028691520467836254,10.5,37,6,4.4,222,8.4,12.4,15.5,0.0,0.0,0.02,11.0,40.0,0.0,0.0,2.0,186.0,0.0,101640.0
2024-12-19 02:00:00,14.393267971613,20.272248450196,0.0,0.02887426900584795,9.3,35,0,6.4,240,8.4,12.3,15.5,0.0,0.0,0.04,13.0,36.0,0.0,0.0,1.0,194.0,0.0,101590.0
2024-12-19 03:00:00,14.2850074546621,20.1686597491079,0.0,0.02905701754385965,8.8,36,9,6.0,253,8.4,12.1,15.5,0.0,0.0,0.03,12.0,38.0,0.0,0.0,2.0,180.0,0.0,101560.0
2024-12-19 04:00:00,14.4036348484293,20.1188393859191,0.0,0.029239766081871343,9.0,35,23,6.1,243,8.3,12.0,15.5,0.0,0.0,0.04,12.0,39.0,0.0,0.0,2.0,180.0,0.0,101540.0
2024-12-19 05:00:00,14.3265197357057,20.1392662495514,0.0,0.029422514619883038,9.2,34,20,7.1,234,8.3,11.8,15.4,0.0,0.0,0.04,13.0,37.0,0.0,0.0,4.0,258.0,0.0,101530.0
2024-12-19 06:00:00,14.2843372484205,20.2269376669427,0.0,0.029605263157894735,9.0,36,2,6.7,257,8.2,11.7,15.4,0.0,0.0,0.04,12.0,37.0,0.0,0.0,2.0,198.0,0.0,101520.0
2024-12-19 07:00:00,14.3627447363079,20.2829558368741,0.0,0.029788011695906433,10.6,30,3,11.4,238,8.3,11.6,15.4,0.0,0.0,0.08,13.0,36.0,0.0,0.0,3.0,233.0,0.0,101530.0
2024-12-19 08:00:00,14.4785432169204,20.1990115600628,0.0,0.029970760233918127,12.8,30,12,13.8,225,9.0,11.5,15.4,0.0,0.0,0.11,12.0,37.0,546.0,0.0,3.0,234.0,0.0,101560.0
2024-12-19 09:00:00,14.1857008007075,20.2675987011841,0.0,0.03015350877192982,16.2,32,65,13.0,228,10.3,11.5,15.4,0.0,0.0,0.16,14.0,30.0,6241.0,0.0,4.0,185.0,0.0,101600.0
2024-12-19 10:00:00,14.3842911839779,20.3137854605876,0.0,0.03033625730994152,19.6,31,43,10.2,235,12.2,11.5,15.4,0.0,0.0,0.24,16.0,30.0,16820.0,1.0,2.0,258.0,0.0,101620.0
2024-12-19 11:00:00,14.2406952283522,22.1957719904388,0.0,0.030519005847953216,21.5,31,32,9.6,242,14.1,11.7,15.4,0.0,0.0,0.31,19.0,27.0,30815.0,1.5,3.0,268.5,0.0,101600.0
2024-12-19 12:00:00,14.1257726585677,22.6702899894294,0.0,0.03070175438596491,22.4,28,35,12.3,250,15.8,12.0,15.4,0.0,0.0,0.37,22.0,24.0,44810.0,2.0,4.0,279.0,0.0,101580.0
2024-12-19 13:00:00,14.3036824745027,23.0758742881558,0.0,0.030884502923976605,23.1,28,88,9.0,262,16.7,12.3,15.4,0.0,0.0,0.36,22.0,25.0,22680.0,1.0,4.0,279.0,0.0,101480.0
2024-12-19 14:00:00,14.1550663366379,23.1197025568415,0.0,0.031067251461988302,22.7,33,99,6.3,273,17.3,12.6,15.4,0.0,0.0,0.26,23.0,26.0,44211.0,2.0,2.0,220.0,0.0,101400.0
2024-12-19 15:00:00,14.3844119996081,23.070984586559,0.0,0.03125,21.4,41,100,4.2,283,17.3,13.0,15.4,0.0,0.0,0.14,23.0,26.0,18441.0,1.0,0.0,306.0,0.0,101350.0
2024-12-19 16:00:00,14.4299838650583,22.9037396460511,0.0,0.031432748538011694,19.6,49,90,3.1,305,16.6,13.2,15.4,0.0,0.0,0.07,22.0,29.0,12148.0,1.0,2.0,258.0,0.0,101340.0
2024-12-19 17:00:00,14.3827784830344,22.9470249887469,0.0,0.03161549707602339,18.2,45,100,2.2,290,15.7,13.4,15.4,0.0,0.0,0.03,21.0,32.0,1889.0,0.0,0.0,206.0,0.0,101320.0
2024-12-19 18:00:00,14.2802870367615,23.0059771257928,0.0,0.03179824561403509,16.2,57,100,1.6,270,14.7,13.6,15.4,0.1,0.1,0.0,19.0,37.0,0.0,0.0,0.0,288.0,0.0,101360.0
2024-12-19 19:00:00,14.3170033886874,22.9316607527913,0.0,0.031980994152046784,14.5,58,37,6.0,201,13.7,13.6,15.4,0.0,0.0,0.02,18.0,39.0,0.0,0.0,2.0,211.0,0.0,101410.0
2024-12-19 20:00:00,14.3938924429398,22.8090824624152,0.0,0.03216374269005848,13.0,59,12,6.9,211,12.9,13.7,15.4,0.0,0.0,0.02,17.0,42.0,0.0,0.0,1.0,216.0,0.0,101460.0
2024-12-19 21:00:00,14.355497284858,22.8033783029611,0.0,0.03234649122807017,13.1,61,24,7.6,219,12.4,13.6,15.4,0.0,0.0,0.02,16.0,47.0,0.0,0.0,0.0,192.0,0.0,101470.0
2024-12-19 22:00:00,14.2850570821059,22.7748569841869,0.0,0.032529239766081866,12.9,66,62,6.8,218,12.1,13.6,15.4,0.0,0.0,0.02,15.0,47.0,0.0,0.0,1.0,182.0,0.0,101470.0
2024-12-19 23:00:00,14.2545147711609,22.6514066930645,0.0,0.03271198830409357,13.1,69,94,6.8,223,11.9,13.5,15.4,0.0,0.0,0.01,15.0,49.0,0.0,0.0,1.0,186.0,0.0,101470.0
2024-12-20 00:00:00,14.4085124806261,22.8123692532543,0.0,0.03289473684210526,13.4,70,63,6.5,237,11.9,13.5,15.4,0.0,0.0,0.01,17.0,49.0,0.0,0.0,1.0,174.0,0.0,101440.0
2024-12-20 01:00:00,14.4601094882316,22.6601269904481,0.0,0.033077485380116955,14.5,62,98,6.6,262,13.8,13.9,15.4,0.0,0.0,0.02,15.0,57.0,0.0,0.0,1.0,6.0,0.0,101450.0
2024-12-20 02:00:00,14.3320416495158,22.6529168417472,0.0,0.03326023391812866,15.1,61,100,7.3,255,13.5,13.9,15.4,0.0,0.0,0.03,15.0,50.0,0.0,0.0,1.0,223.0,0.0,101460.0
2024-12-20 03:00:00,14.203326918158,22.6195989439573,0.0,0.03344298245614035,14.4,59,100,7.9,243,13.1,13.9,15.4,0.0,0.0,0.03,16.0,46.0,0.0,0.0,3.0,239.0,0.0,101460.0
2024-12-20 04:00:00,14.4965288215866,22.7486045173784,0.0,0.033625730994152045,13.9,60,100,11.4,219,12.9,13.9,15.4,0.0,0.0,0.04,16.0,55.0,0.0,0.0,1.0,228.0,0.0,101470.0
2024-12-20 05:00:00,14.3644333787071,22.5822583663935,0.0,0.03380847953216374,13.7,68,99,11.3,219,12.8,13.8,15.4,0.0,0.0,0.03,15.0,65.0,0.0,0.0,1.0,233.0,0.0,101450.0
2024-12-20 06:00:00,14.5130634470986,22.4760784742544,0.0,0.03399122807017543,13.2,76,99,10.0,222,12.6,13.8,15.4,0.0,0.0,0.02,15.0,65.0,0.0,0.0,1.0,204.0,0.0,101430.0
2024-12-20 07:00:00,14.314808907355,22.582949763353,0.0,0.034173976608187134,12.7,80,96,7.7,232,12.4,13.8,15.4,0.0,0.0,0.0,15.0,66.0,0.0,0.0,1.0,198.0,0.0,101480.0
2024-12-20 08:00:00,14.2336140444118,22.647386003264,0.0,0.03435672514619883,13.1,80,94,5.0,229,12.4,13.7,15.4,0.0,0.0,0.02,12.0,76.0,1548.0,0.0,0.0,108.0,0.0,101520.0
2024-12-20 09:00:00,14.2556393168221,22.5895646249088,0.0,0.03453947368421052,15.4,74,99,4.0,210,13.2,13.7,15.4,0.0,0.0,0.07,14.0,70.0,6583.0,0.0,0.0,200.0,0.0,101550.0
2024-12-20 10:00:00,14.3784004999906,22.5316514448608,0.0,0.034722222222222224,17.1,66,92,2.4,171,14.4,13.7,15.4,0.0,0.0,0.12,17.0,64.0,23649.0,1.0,2.0,261.0,0.0,101570.0
2024-12-20 11:00:00,14.3087291005932,22.3665006592688,0.0,0.03490497076023392,18.1,62,81,0.8,198,15.7,13.9,15.4,0.0,0.0,0.19,18.0,57.0,15164.0,1.0,2.0,270.0,0.0,101550.0
2024-12-20 12:00:00,14.281546274281,22.389560431904,0.0,0.03508771929824561,19.0,58,86,2.7,340,17.2,14.0,15.4,0.0,0.0,0.28,21.0,48.0,57259.0,3.0,1.0,312.0,0.0,101440.0
2024-12-20 13:00:00,14.2709772982795,22.3382708572081,0.0,0.035270467836257306,20.5,51,97,5.2,321,18.5,14.3,15.4,0.0,0.0,0.29,20.0,48.0,44619.0,2.0,3.0,325.0,0.0,101320.0
2024-12-20 14:00:00,14.379541478859,22.4522545266062,0.0,0.035453216374269,20.5,51,98,8.0,342,18.8,14.5,15.4,0.0,0.0,0.25,19.0,55.0,18957.0,1.0,4.0,17.0,0.0,101250.0
2024-12-20 15:00:00,14.3545101287972,22.4366810005531,0.0,0.0356359649122807,18.7,61,34,12.5,6,18.4,14.8,15.4,0.0,0.0,0.17,19.0,57.0,24307.0,1.0,4.0,4.0,0.0,101240.0
2024-12-20 16:00:00,14.4980352665096,22.2968782922422,0.0,0.035818713450292396,17.5,68,38,8.5,22,17.9,15.0,15.4,0.0,0.0,0.11,18.0,63.0,10990.0,1.0,3.0,18.0,0.0,101280.0
2024-12-20 17:00:00,14.5377715086675,22.0976603394189,0.0,0.03600146198830409,15.0,83,66,4.7,37,16.8,15.1,15.4,0.0,0.0,0.02,17.5,64.5,6967.5,0.5,3.0,24.0,0.0,101300.0
2024-12-20 18:00:00,14.4446650299346,22.4372675848482,0.0,0.03618421052631579,14.7,84,54,5.6,77,15.9,15.2,15.4,0.0,0.0,0.0,17.0,66.0,2945.0,0.0,3.0,30.0,0.0,101320.0
2024-12-20 19:00:00,14.440291207622,22.4948167183384,0.0,0.036366959064327485,14.4,84,100,4.2,102,15.3,15.2,15.5,0.0,0.0,0.0,15.0,78.0,0.0,0.0,1.0,85.0,0.0,101360.0
2024-12-20 20:00:00,14.4807179596744,22.3037006896432,0.0,0.03654970760233918,14.4,82,100,3.5,129,15.0,15.2,15.5,0.0,0.0,0.0,14.0,82.0,0.0,0.0,2.0,126.0,0.0,101380.0
2024-12-20 21:00:00,14.4652951340858,22.3562252575185,0.0,0.03673245614035087,14.1,82,100,2.2,165,14.7,15.2,15.5,0.0,0.0,0.0,13.0,87.0,0.0,0.0,1.0,110.0,0.0,101400.0
2024-12-20 22:00:00,14.3959525809337,22.1954473201882,0.0,0.03691520467836257,14.4,79,100,1.1,330,14.4,15.2,15.5,0.0,0.0,0.0,14.0,83.0,0.0,0.0,1.0,145.0,0.0,101420.0
2024-12-20 23:00:00,14.5091929284467,22.3269497166315,0.0,0.03709795321637427,14.4,81,100,1.0,352,14.3,15.1,15.5,0.0,0.0,0.0,13.0,84.0,0.0,0.0,0.0,66.0,0.0,101410.0
2024-12-21 00:00:00,14.5870453059429,22.408806080839,0.0,0.03728070175438596,13.9,83,88,0.4,23,14.1,15.1,15.5,0.0,0.0,0.0,12.0,87.0,0.0,0.0,0.0,166.0,0.0,101430.0
2024-12-21 01:00:00,14.401315345859,22.1525756094426,0.0,0.03746345029239766,12.2,81,88,0.2,29,12.9,15.0,15.5,0.0,0.0,0.0,10.0,87.0,0.0,0.0,0.0,174.0,0.0,101410.0
2024-12-21 02:00:00,14.4970462564124,22.3581025565781,0.0,0.03764619883040936,11.6,82,100,1.7,71,12.4,14.9,15.5,0.0,0.0,0.0,10.0,84.0,0.0,0.0,0.0,204.0,0.0,101400.0
2024-12-21 03:00:00,14.5269233930575,22.3596411997279,0.0,0.03782894736842105,11.8,80,100,1.5,72,12.1,14.7,15.5,0.0,0.0,0.0,10.0,85.0,0.0,0.0,0.0,152.0,0.0,101370.0
2024-12-21 04:00:00,14.4648236829699,22.059506681642,0.0,0.038011695906432746,12.3,81,100,0.7,56,12.2,14.6,15.5,0.0,0.0,0.0,12.0,82.0,0.0,0.0,0.0,138.0,0.0,101370.0
2024-12-21 05:00:00,14.3225256388638,22.0938489532695,0.0,0.03819444444444444,12.2,83,100,0.6,64,12.2,14.5,15.5,0.0,0.0,0.0,10.0,87.0,0.0,0.0,1.0,349.0,0.0,101360.0
2024-12-21 06:00:00,14.43004109267,22.1050047474841,0.0,0.038377192982456135,12.5,82,100,1.0,71,12.3,14.4,15.6,0.0,0.0,0.0,10.0,84.0,0.0,0.0,0.0,198.0,0.0,101390.0
2024-12-21 07:00:00,14.516857075914,22.3063797563349,0.0,0.038559941520467836,12.8,81,100,1.8,68,12.3,14.3,15.6,0.0,0.0,0.0,11.0,83.0,0.0,0.0,0.0,180.0,0.0,101430.0
2024-12-21 08:00:00,14.6024997126927,21.9806434372482,0.0,0.03874269005847953,13.1,83,100,4.1,65,12.4,14.2,15.6,0.0,0.0,0.02,11.0,84.0,0.0,0.0,0.0,6.0,0.0,101460.0
2024-12-21 09:00:00,14.3981039536245,22.2674619088036,0.0,0.038925438596491224,14.4,79,100,6.8,52,13.0,14.1,15.6,0.0,0.0,0.05,11.0,85.0,512.0,0.0,0.0,54.0,0.0,101480.0
2024-12-21 10:00:00,14.4097851574155,24.9586862888503,0.0,0.039108187134502925,15.3,74,100,12.5,46,13.8,14.1,15.6,0.0,0.0,0.1,12.0,83.0,6658.0,0.0,1.0,42.0,0.0,101540.0
2024-12-21 11:00:00,14.7303297878314,25.873192763998,0.0,0.03929093567251462,16.4,67,100,13.7,45,14.8,14.2,15.6,0.0,0.0,0.18,15.0,82.0,13122.0,0.0,2.0,18.0,0.0,101630.0
2024-12-21 12:00:00,14.5330630883047,25.9433509514277,0.0,0.039473684210526314,16.9,65,100,13.9,42,15.7,14.3,15.6,0.0,0.0,0.21,16.0,77.0,17459.0,1.0,4.0,54.0,0.0,101660.0
2024-12-21 13:00:00,14.3549570716646,25.6877280699828,0.0,0.03965643274853801,17.1,66,93,15.7,44,16.2,14.4,15.6,0.0,0.0,0.25,16.0,72.0,24553.0,1.0,1.0,48.0,0.0,101610.0
2024-12-21 14:00:00,14.5021911984607,25.6334604609117,0.0,0.0398391812865497,16.9,67,100,18.0,46,16.9,14.6,15.6,0.0,0.0,0.24,17.0,68.0,18620.0,1.0,2.0,54.0,0.0,101560.0
2024-12-21 15:00:00,14.4097578688751,25.4433477405922,0.0,0.0400219298245614,16.3,67,100,17.7,52,16.8,14.7,15.6,0.0,0.0,0.17,16.0,70.0,18015.0,1.0,3.0,72.0,0.0,101530.0
2024-12-21 16:00:00,14.4256490082186,25.2584447532486,0.0,0.0402046783625731,15.5,69,100,14.8,53,16.3,14.8,15.6,0.0,0.0,0.1,16.0,71.0,12153.0,0.0,3.0,86.0,0.0,101500.0
2024-12-21 17:00:00,14.3353999463803,25.3538604317586,0.0,0.04038742690058479,14.3,74,100,12.7,57,15.6,14.9,15.6,0.0,0.0,0.05,16.0,67.0,7078.0,0.0,2.0,48.0,0.0,101550.0
2024-12-21 18:00:00,14.3756616188956,25.2445806262714,0.0,0.04057017543859649,13.6,78,100,10.3,68,14.9,14.9,15.6,0.0,0.0,0.01,15.0,71.0,1220.0,0.0,2.0,60.0,0.0,101610.0
2024-12-21 19:00:00,14.4742454836732,24.9367775718138,0.0,0.04075292397660819,13.2,80,99,8.7,67,14.3,14.9,15.6,0.0,0.0,0.01,14.0,74.0,0.0,0.0,2.0,83.0,0.0,101620.0
2024-12-21 20:00:00,14.523429725659,25.114257812051,0.0,0.04093567251461988,12.6,82,77,7.7,62,13.7,14.9,15.6,0.0,0.0,0.0,14.0,74.0,0.0,0.0,2.0,104.0,0.0,101640.0
2024-12-21 21:00:00,14.3351613041876,24.9671109266096,0.0,0.041118421052631575,11.9,82,1,7.9,62,13.1,14.8,15.6,0.0,0.0,0.0,12.0,81.0,0.0,0.0,0.0,138.0,0.0,101670.0
2024-12-21 22:00:00,14.506344797198,24.7044248784002,0.0,0.04130116959064327,11.0,82,1,5.2,65,12.4,14.7,15.6,0.0,0.0,0.0,11.0,84.0,0.0,0.0,2.0,72.0,0.0,101660.0
2024-12-21 23:00:00,14.4791548188289,24.8044216375761,0.0,0.04148391812865497,10.8,81,0,2.6,48,11.7,14.6,15.6,0.0,0.0,0.0,10.0,84.0,0.0,0.0,1.0,116.0,0.0,101680.0
2024-12-22 00:00:00,14.4736851845093,24.6340012372784,0.0,0.041666666666666664,10.5,81,0,2.2,48,11.2,14.4,15.6,0.0,0.0,0.0,11.0,77.0,0.0,0.0,0.0,86.0,0.0,101700.0
2024-12-22 01:00:00,14.3851805561936,24.3978934092034,0.0,0.04184941520467836,10.5,76,3,1.3,36,11.6,14.4,15.7,0.0,0.0,0.0,8.0,84.0,0.0,0.0,0.0,186.0,0.0,101720.0
2024-12-22 02:00:00,14.3832010906718,24.5068932496238,0.0,0.04203216374269006,9.8,79,18,1.2,7,11.0,14.3,15.7,0.0,0.0,0.0,8.0,87.0,0.0,0.0,0.0,186.0,0.0,101710.0
2024-12-22 03:00:00,14.6134318923372,24.5825837831277,0.0,0.042214912280701754,9.1,82,19,2.7,295,10.5,14.1,15.7,0.0,0.0,0.0,7.0,86.0,0.0,0.0,1.0,165.0,0.0,101710.0
2024-12-22 04:00:00,14.4728980424571,24.5906964736615,0.0,0.04239766081871345,8.4,85,1,3.7,295,10.1,13.9,15.7,0.0,0.0,0.0,7.0,88.0,0.0,0.0,1.0,186.0,0.0,101690.0
2024-12-22 05:00:00,14.4503672088476,24.5381387167441,0.0,0.04258040935672514,8.3,87,0,5.2,288,10.0,13.7,15.7,0.0,0.0,0.0,7.0,85.0,0.0,0.0,0.0,228.0,0.0,101690.0
2024-12-22 06:00:00,14.2846429126309,24.5795953492209,0.0,0.042763157894736836,7.3,92,0,7.2,256,9.8,13.5,15.7,0.0,0.0,0.0,6.0,88.0,0.0,0.0,1.0,159.0,0.0,101670.0
2024-12-22 07:00:00,14.2856871887399,24.4445683301869,0.0,0.04294590643274854,6.9,92,0,5.2,273,9.6,13.3,15.7,0.0,0.0,0.0,5.0,88.0,0.0,0.0,0.0,168.0,0.0,101690.0
2024-12-22 08:00:00,14.4590476478962,24.2138490485008,0.0,0.04312865497076023,8.0,87,0,1.9,311,9.6,13.2,15.7,0.0,0.0,0.01,5.0,89.0,0.0,0.0,0.0,180.0,0.0,101730.0
2024-12-22 09:00:00,14.3898116115902,24.392966301766,0.0,0.043311403508771926,11.6,76,0,2.4,292,10.6,13.0,15.6,0.0,0.0,0.06,5.0,89.0,2816.0,0.0,0.0,180.0,0.0,101780.0
2024-12-22 10:00:00,14.4603035252919,24.2554352299211,0.0,0.04349415204678363,14.2,63,0,4.2,315,12.2,13.0,15.6,0.0,0.0,0.16,11.0,75.0,9883.0,1.0,0.0,204.0,0.0,101800.0
2024-12-22 11:00:00,14.4449082228911,24.2540737372896,0.0,0.04367690058479532,16.1,57,0,6.1,310,13.9,13.1,15.6,0.0,0.0,0.24,13.0,73.0,23247.0,1.0,2.0,258.0,0.0,101780.0
2024-12-22 12:00:00,14.2464211801063,24.2515439456875,0.0,0.043859649122807015,17.0,53,0,9.3,342,15.3,13.2,15.6,0.0,0.0,0.28,15.0,63.0,36932.0,2.0,1.0,282.0,0.0,101750.0
2024-12-22 13:00:00,14.3752789137672,24.2354866615809,0.0,0.04404239766081871,16.9,55,0,9.3,22,15.8,13.3,15.6,0.0,0.0,0.29,18.0,53.0,42565.0,2.0,1.0,59.0,0.0,101630.0
2024-12-22 14:00:00,14.5068639622076,24.0557355360296,0.0,0.0442251461988304,16.9,57,0,7.7,38,16.6,13.5,15.6,0.0,0.0,0.26,17.0,52.0,40712.0,2.0,0.0,310.0,0.0,101550.0
2024-12-22 15:00:00,14.4906961639255,24.1010838546737,0.0,0.044407894736842105,16.7,58,0,8.8,42,16.8,13.8,15.6,0.0,0.0,0.2,17.0,55.0,31720.0,2.0,2.0,8.0,0.0,101500.0
2024-12-22 16:00:00,14.3263109073921,24.192546530348,0.0,0.0445906432748538,16.1,62,0,4.5,77,16.4,14.0,15.6,0.0,0.0,0.11,17.0,61.0,18082.0,1.0,4.0,24.0,0.0,101520.0
2024-12-22 17:00:00,14.4251612920336,24.1487166758901,0.0,0.04477339181286549,14.0,69,0,0.7,114,15.2,14.1,15.6,0.0,0.0,0.01,17.0,59.0,6696.0,0.0,2.0,130.0,0.0,101450.0
2024-12-22 18:00:00,14.5907930271043,24.1855644422641,0.0,0.044956140350877194,12.7,74,0,1.3,184,13.8,14.1,15.6,0.0,0.0,0.0,16.0,65.0,1020.0,0.0,0.0,222.0,0.0,101450.0
2024-12-22 19:00:00,14.4090421833681,24.3800301010302,0.0,0.04513888888888889,12.3,75,0,0.8,338,12.8,14.1,15.6,0.0,0.0,0.0,13.0,75.0,0.0,0.0,1.0,48.0,0.0,101440.0
2024-12-22 20:00:00,14.4218877129108,24.1462854744627,0.0,0.04532163742690058,11.6,77,0,1.9,288,11.9,14.0,15.6,0.0,0.0,0.0,11.0,79.0,0.0,0.0,0.0,162.0,0.0,101470.0
2024-12-22 21:00:00,14.7617089700841,24.0742908197093,0.0,0.045504385964912276,10.9,79,0,2.3,300,11.3,13.9,15.6,0.0,0.0,0.0,10.0,82.0,0.0,0.0,2.0,157.0,0.0,101470.0
2024-12-22 22:00:00,14.4507142743639,23.9735230091612,0.0,0.04568713450292397,9.8,82,0,4.6,194,10.7,13.8,15.6,0.0,0.0,0.0,11.0,83.0,0.0,0.0,2.0,152.0,0.0,101450.0
2024-12-22 23:00:00,14.4081034390652,24.0233078562463,0.0,0.04586988304093567,9.4,83,0,5.1,222,10.4,13.6,15.6,0.0,0.0,0.0,9.0,85.0,0.0,0.0,0.0,186.0,0.0,101400.0
2024-12-23 00:00:00,14.5504833519437,23.9325994887024,0.0,0.046052631578947366,9.1,84,0,5.8,250,10.1,13.5,15.6,0.0,0.0,0.0,7.0,87.0,0.0,0.0,0.0,111.0,0.0,101410.0
2024-12-23 01:00:00,14.5377268334684,23.9701667778084,0.0,0.04623538011695906,9.1,78,0,6.2,224,9.8,13.4,15.6,0.0,0.0,0.0,7.0,88.0,0.0,0.0,0.0,264.0,0.0,101320.0
2024-12-23 02:00:00,14.6331411691469,23.9034041475299,0.0,0.04641812865497076,9.7,73,0,9.8,221,9.8,13.3,15.6,0.0,0.0,0.02,7.0,85.0,0.0,0.0,1.0,186.0,0.0,101220.0
2024-12-23 03:00:00,14.5219417796221,23.8648398873322,0.0,0.046600877192982455,9.7,74,0,9.2,231,9.8,13.1,15.6,0.0,0.0,0.01,7.0,87.0,0.0,0.0,2.0,228.0,0.0,101160.0
2024-12-23 04:00:00,14.5637547823039,23.8021794683091,0.0,0.04678362573099415,8.9,77,0,6.0,229,9.6,13.0,15.6,0.0,0.0,0.0,10.0,79.0,0.0,0.0,3.0,258.0,0.0,101090.0
2024-12-23 05:00:00,14.4077132499345,23.7329289100547,0.0,0.046966374269005844,9.0,73,0,1.3,220,9.1,12.8,15.6,0.0,0.0,0.0,10.0,79.0,0.0,0.0,1.0,288.0,0.0,101090.0
2024-12-23 06:00:00,14.292723861223,23.7482543926529,0.0,0.04714912280701754,8.6,73,0,3.4,208,8.8,12.6,15.6,0.0,0.0,0.0,8.0,83.0,0.0,0.0,1.0,180.0,0.0,101100.0
2024-12-23 07:00:00,14.3850973413377,23.9125126192585,0.0,0.04733187134502924,8.7,70,0,6.4,225,8.5,12.5,15.6,0.0,0.0,0.01,10.0,73.0,0.0,0.0,2.0,228.0,0.0,101090.0
2024-12-23 08:00:00,14.3936925323933,23.8049058332121,0.0,0.04751461988304093,9.9,69,0,2.2,247,8.6,12.3,15.6,0.0,0.0,0.01,11.0,70.0,0.0,0.0,3.0,222.0,0.0,101090.0
2024-12-23 09:00:00,14.3027371971711,23.6799284187146,0.0,0.04769736842105263,11.9,66,0,2.3,90,9.9,12.2,15.6,0.0,0.0,0.07,10.0,70.0,4137.0,0.0,2.0,216.0,0.0,101110.0
2024-12-23 10:00:00,14.3368286433962,23.8872158110442,0.0,0.04788011695906433,14.8,57,0,2.4,90,11.7,12.2,15.6,0.0,0.0,0.16,14.0,62.0,11628.0,1.0,2.0,276.0,0.0,101170.0
2024-12-23 11:00:00,14.4670397872043,23.6738829288655,0.0,0.04806286549707602,17.1,51,0,5.1,63,13.5,12.3,15.6,0.0,0.0,0.25,15.0,54.0,27073.0,1.0,3.0,204.0,0.0,101200.0
2024-12-23 12:00:00,14.3708695436687,23.7342465409894,0.0,0.04824561403508772,18.4,51,0,10.9,60,15.1,12.5,15.6,0.0,0.0,0.3,17.0,47.0,40338.0,2.0,3.0,228.0,0.0,101180.0
2024-12-23 13:00:00,14.4337436036588,23.6287067975905,0.0,0.04842836257309941,19.3,48,0,7.3,52,16.6,12.8,15.6,0.0,0.0,0.31,19.0,43.0,44965.0,2.0,1.0,305.0,0.0,101050.0
2024-12-23 14:00:00,14.4055695968501,23.6181526168294,0.0,0.048611111111111105,19.1,52,0,11.2,48,17.2,13.1,15.6,0.0,0.0,0.29,21.0,38.0,42326.0,3.0,2.0,336.0,0.0,100950.0
2024-12-23 15:00:00,14.3377825431541,23.6459821631437,0.0,0.048793859649122806,17.7,57,0,15.5,50,17.2,13.4,15.6,0.0,0.0,0.22,20.0,49.0,30957.0,2.0,3.0,20.0,0.0,100910.0
2024-12-23 16:00:00,14.5338120214705,23.8615074513386,0.0,0.0489766081871345,16.3,63,0,15.7,56,16.6,13.7,15.6,0.0,0.0,0.14,19.0,47.0,16840.0,1.0,3.0,84.0,0.0,100910.0
2024-12-23 17:00:00,14.6499898779172,23.6841904629511,0.0,0.049159356725146194,13.9,73,0,8.5,69,15.5,13.8,15.6,0.0,0.0,0.04,18.0,57.0,5777.0,0.0,5.0,60.0,0.0,100980.0
2024-12-23 18:00:00,14.6433384758263,23.6014861603723,0.0,0.049342105263157895,12.2,79,0,3.3,72,14.0,13.9,15.6,0.0,0.0,0.0,15.0,69.0,515.0,0.0,1.0,104.0,0.0,101010.0
2024-12-23 19:00:00,14.4587773123978,23.6458377803864,0.0,0.04952485380116959,11.4,80,0,4.8,54,12.7,13.9,15.6,0.0,0.0,0.0,13.0,74.0,0.0,0.0,0.0,126.0,0.0,101050.0
2024-12-23 20:00:00,14.6171231283294,23.6465314701546,0.0,0.049707602339181284,11.0,82,0,3.7,70,11.8,13.8,15.6,0.0,0.0,0.0,10.0,83.0,0.0,0.0,0.0,102.0,0.0,101110.0
2024-12-23 21:00:00,14.6207394142264,23.7001273533829,0.0,0.04989035087719298,10.7,81,0,2.2,63,10.9,13.7,15.6,0.0,0.0,0.0,9.0,84.0,0.0,0.0,0.0,180.0,0.0,101190.0
2024-12-23 22:00:00,14.5200663802736,23.6073459063011,0.0,0.05007309941520467,10.5,79,0,2.2,74,10.3,13.6,15.6,0.0,0.0,0.0,8.0,87.0,0.0,0.0,0.0,198.0,0.0,101210.0
2024-12-23 23:00:00,14.4327687479648,23.7483531629117,0.0,0.05025584795321637,10.2,73,0,2.1,78,9.7,13.4,15.6,0.0,0.0,0.0,8.0,87.0,0.0,0.0,0.0,178.0,0.0,101240.0
2024-12-24 00:00:00,14.4291001009815,23.4829125656566,0.0,0.05043859649122807,10.0,67,0,1.5,68,9.2,13.2,15.5,0.0,0.0,0.0,7.0,86.0,0.0,0.0,0.0,174.0,0.0,101280.0
2024-12-24 01:00:00,14.3948707679537,23.7481245638269,0.0,0.05062134502923976,8.9,73,0,0.4,56,8.4,13.0,15.5,0.0,0.0,0.0,5.0,84.0,0.0,0.0,0.0,78.0,0.0,101290.0
2024-12-24 02:00:00,14.4880811376816,23.3464813441269,0.0,0.05080409356725146,8.5,69,0,1.0,63,8.1,12.8,15.5,0.0,0.0,0.0,4.0,84.0,0.0,0.0,1.0,186.0,0.0,101270.0
2024-12-24 03:00:00,14.5372048560946,23.3128878084167,0.0,0.05098684210526316,8.0,64,0,1.5,65,7.8,12.6,15.5,0.0,0.0,0.0,4.0,86.0,0.0,0.0,0.0,108.0,0.0,101280.0
2024-12-24 04:00:00,14.7468916851683,23.3639441753972,0.0,0.05116959064327485,8.1,59,0,0.4,58,7.5,12.3,15.5,0.0,0.0,0.0,5.0,86.0,0.0,0.0,1.0,192.0,0.0,101320.0
2024-12-24 05:00:00,14.5251635796448,23.6228032747315,0.0,0.051352339181286545,8.3,57,0,0.4,58,7.2,12.1,15.5,0.0,0.0,0.0,4.0,89.0,0.0,0.0,0.0,186.0,0.0,101310.0
2024-12-24 06:00:00,14.6622597489059,23.3545082965513,0.0,0.05153508771929824,8.1,56,0,0.2,54,6.9,11.9,15.5,0.0,0.0,0.0,3.0,85.0,0.0,0.0,0.0,142.0,0.0,101320.0
2024-12-24 07:00:00,14.6232112625763,23.3700392660013,0.0,0.05171783625730994,7.5,56,0,0.8,43,6.7,11.6,15.5,0.0,0.0,0.0,3.0,83.0,0.0,0.0,0.0,174.0,0.0,101340.0
2024-12-24 08:00:00,14.4816543809329,23.1628436365678,0.0,0.051900584795321635,7.5,62,0,3.4,309,6.8,11.4,15.5,0.0,0.0,0.02,3.0,81.0,191.0,0.0,0.0,174.0,0.0,101370.0
2024-12-24 09:00:00,14.4078484432326,23.2508072824135,0.0,0.05208333333333333,10.5,65,0,6.1,285,8.1,11.3,15.5,0.0,0.0,0.07,6.0,76.0,4152.0,0.0,0.0,198.0,0.0,101400.0
2024-12-24 10:00:00,14.5366151662856,23.1418681715396,0.0,0.05226608187134503,13.2,54,0,5.9,312,10.0,11.2,15.5,0.0,0.0,0.16,13.0,59.0,14355.0,1.0,0.0,132.0,0.0,101430.0
2024-12-24 11:00:00,14.3972764710656,23.1036577596091,0.0,0.052448830409356724,14.9,49,0,5.3,345,11.9,11.3,15.4,0.0,0.0,0.24,14.0,57.0,29393.0,2.0,2.0,282.0,0.0,101450.0
2024-12-24 12:00:00,14.3934664782064,23.2912664437108,0.0,0.05263157894736842,15.9,46,0,7.4,8,13.5,11.5,15.4,0.0,0.0,0.29,16.0,43.0,41205.0,3.0,0.0,102.0,0.0,101410.0
2024-12-24 13:00:00,14.404525073316,23.2353995229536,0.0,0.05281432748538011,16.6,42,0,5.8,10,14.7,11.6,15.4,0.0,0.0,0.3,19.0,36.0,44827.0,3.0,2.0,126.0,0.0,101330.0
2024-12-24 14:00:00,14.334465454977,23.0277057913448,0.0,0.052997076023391806,16.7,43,0,7.2,22,15.4,11.9,15.4,0.0,0.0,0.27,18.0,35.0,40803.0,2.0,1.0,248.0,0.0,101250.0
2024-12-24 15:00:00,14.6617209061008,23.4033522345976,0.0,0.05317982456140351,16.2,50,0,9.8,40,15.5,12.2,15.4,0.0,0.0,0.21,18.0,38.0,28380.0,2.0,3.0,52.0,0.0,101220.0
2024-12-24 16:00:00,14.6317843394908,23.3616295211765,0.0,0.0533625730994152,15.2,59,0,8.6,47,15.1,12.5,15.4,0.0,0.0,0.12,17.0,45.0,14091.0,1.0,3.0,54.0,0.0,101220.0
2024-12-24 17:00:00,14.598010785128,23.4525304078751,0.0,0.053545321637426896,12.0,72,0,5.9,58,13.8,12.6,15.4,0.0,0.0,0.03,17.0,46.0,4784.0,0.0,2.0,38.0,0.0,101230.0
2024-12-24 18:00:00,14.3484457933429,23.231311503673,0.0,0.0537280701754386,11.4,74,0,3.6,62,12.4,12.7,15.4,0.0,0.0,0.0,14.0,57.0,185.0,0.0,0.0,91.0,0.0,101250.0
2024-12-24 19:00:00,14.7137690407137,23.1663924636147,0.0,0.05391081871345029,11.2,75,0,2.4,53,11.3,12.7,15.4,0.0,0.0,0.0,11.0,71.0,0.0,0.0,0.0,180.0,0.0,101260.0
2024-12-24 20:00:00,14.8468616046794,23.182805913491,0.0,0.054093567251461985,11.1,76,0,0.9,41,10.4,12.6,15.4,0.0,0.0,0.0,9.0,78.0,0.0,0.0,0.0,204.0,0.0,101310.0
2024-12-24 21:00:00,14.767374348096,23.2261274142344,0.0,0.05427631578947368,10.1,81,0,1.8,2,9.7,12.5,15.4,0.0,0.0,0.0,8.0,72.0,0.0,0.0,1.0,174.0,0.0,101350.0
2024-12-24 22:00:00,14.6727208756817,23.0943236945199,0.0,0.054459064327485374,9.3,85,0,4.6,289,9.3,12.4,15.4,0.0,0.0,0.0,8.0,73.0,0.0,0.0,0.0,173.0,0.0,101370.0
2024-12-24 23:00:00,14.5695135077498,23.3318593989587,0.0,0.054641812865497075,8.5,87,0,5.0,276,9.2,12.3,15.3,0.0,0.0,0.0,7.0,74.0,0.0,0.0,1.0,186.0,0.0,101410.0
2024-12-25 00:00:00,14.5478591517241,23.2293620055152,0.0,0.05482456140350877,8.0,83,0,6.4,264,8.9,12.1,15.3,0.0,0.0,0.0,9.0,72.0,0.0,0.0,1.0,186.0,0.0,101410.0
2024-12-25 01:00:00,14.5958429562367,23.0226866147042,0.0,0.05500730994152046,7.2,82,0,5.9,273,8.2,12.1,15.3,0.0,0.0,0.0,7.0,75.0,0.0,0.0,0.0,216.0,0.0,101360.0
2024-12-25 02:00:00,14.563126215674,23.036636029201,0.0,0.055190058479532164,6.9,75,0,4.6,285,7.9,11.9,15.3,0.0,0.0,0.0,5.0,80.0,0.0,0.0,1.0,166.0,0.0,101340.0
2024-12-25 03:00:00,14.4637911169363,23.2678449893607,0.0,0.05537280701754386,7.0,67,0,2.3,307,7.5,11.7,15.3,0.0,0.0,0.0,4.0,81.0,0.0,0.0,0.0,174.0,0.0,101360.0
2024-12-25 04:00:00,14.5778759085424,23.1508617069523,0.0,0.05555555555555555,6.8,62,0,3.6,268,7.2,11.5,15.3,0.0,0.0,0.0,4.0,80.0,0.0,0.0,1.0,156.0,0.0,101340.0
2024-12-25 05:00:00,14.4968583240699,23.0446855675566,0.0,0.05573830409356725,6.4,62,0,5.9,258,7.0,11.3,15.3,0.0,0.0,0.01,4.0,80.0,0.0,0.0,1.0,180.0,0.0,101320.0
2024-12-25 06:00:00,14.799698232314,23.0178683619192,0.0,0.05592105263157894,6.0,62,0,5.8,257,6.9,11.1,15.3,0.0,0.0,0.01,6.0,84.0,0.0,0.0,0.0,204.0,0.0,101310.0
2024-12-25 07:00:00,14.7245626051875,23.0441294208811,0.0,0.05610380116959064,5.3,62,0,4.3,273,6.7,11.0,15.3,0.0,0.0,0.0,4.0,86.0,0.0,0.0,0.0,192.0,0.0,101330.0
2024-12-25 08:00:00,14.4772672728801,23.0648640506055,0.0,0.056286549707602336,6.7,60,0,3.6,268,6.8,10.8,15.2,0.0,0.0,0.02,4.0,85.0,482.0,0.0,0.0,216.0,0.0,101400.0
2024-12-25 09:00:00,14.5752747303422,23.0011591631339,0.0,0.05646929824561403,10.8,60,0,6.0,251,8.0,10.7,15.2,0.0,0.0,0.08,8.0,78.0,5282.0,0.0,0.0,184.0,0.0,101460.0
2024-12-25 10:00:00,14.5092911902778,22.9025890634867,0.0,0.05665204678362573,14.3,57,0,4.3,347,10.0,10.7,15.2,0.0,0.0,0.16,13.0,64.0,17040.0,1.0,0.0,192.0,0.0,101470.0
2024-12-25 11:00:00,14.3567159707588,22.8053387290217,0.0,0.056834795321637425,16.1,48,0,5.9,6,12.0,10.8,15.2,0.0,0.0,0.24,17.0,53.0,31976.0,1.0,0.0,228.0,0.0,101460.0
2024-12-25 12:00:00,14.4555866256126,23.5226259713369,0.0,0.05701754385964912,17.1,47,0,7.4,360,13.6,11.0,15.2,0.0,0.0,0.29,16.0,53.0,41985.0,2.0,1.0,302.0,0.0,101400.0
2024-12-25 13:00:00,14.615463229874,29.106042508841,0.0,0.057200292397660814,17.0,49,0,9.6,12,14.2,11.2,15.2,0.0,0.0,0.3,17.0,53.0,43992.0,2.0,3.0,7.0,0.0,101330.0
2024-12-25 14:00:00,14.6656360672745,29.042598226549,0.0,0.05738304093567251,17.0,54,0,10.6,27,15.0,11.5,15.2,0.0,0.0,0.27,18.0,53.0,38745.0,2.0,1.0,96.0,0.0,101310.0
2024-12-25 15:00:00,14.5960305175531,28.5678666023555,0.0,0.05756578947368421,16.9,55,0,9.9,34,15.3,11.8,15.1,0.0,0.0,0.21,18.0,52.0,26372.0,2.0,3.0,30.0,0.0,101270.0
2024-12-25 16:00:00,14.7478267148046,28.173875448409,0.0,0.0577485380116959,15.6,62,0,6.7,43,14.9,12.1,15.1,0.0,0.0,0.12,18.0,52.0,12100.0,1.0,3.0,48.0,0.0,101260.0
2024-12-25 17:00:00,14.7498691872057,27.8719845686051,0.0,0.0579312865497076,12.5,70,0,4.6,55,13.7,12.3,15.1,0.0,0.0,0.03,17.0,59.0,3866.0,0.0,3.0,48.0,0.0,101260.0
2024-12-25 18:00:00,14.8473652164099,27.707779012346,0.0,0.0581140350877193,12.1,72,0,2.3,54,12.2,12.3,15.1,0.0,0.0,0.0,14.0,78.0,0.0,0.0,2.0,48.0,0.0,101300.0
2024-12-25 19:00:00,14.7852822680454,27.5328801516754,0.0,0.05829678362573099,12.2,72,0,1.2,56,11.2,12.4,15.1,0.0,0.0,0.0,12.0,82.0,0.0,0.0,0.0,30.0,0.0,101340.0
2024-12-25 20:00:00,14.8918088997699,27.4221921332683,0.0,0.05847953216374269,12.4,72,0,1.5,54,10.4,12.3,15.1,0.0,0.0,0.0,10.0,84.0,0.0,0.0,1.0,138.0,0.0,101360.0
2024-12-25 21:00:00,14.6227810655252,27.4011233095016,0.0,0.05866228070175438,12.1,72,0,1.7,47,9.8,12.2,15.1,0.0,0.0,0.0,9.0,85.0,0.0,0.0,1.0,192.0,0.0,101350.0
2024-12-25 22:00:00,14.7976789386538,27.2296966260239,0.0,0.058845029239766075,11.7,73,0,1.9,46,9.3,12.1,15.1,0.0,0.0,0.0,8.0,82.0,0.0,0.0,0.0,164.0,0.0,101390.0
2024-12-25 23:00:00,14.7400467509355,26.9233518394759,0.0,0.059027777777777776,11.0,75,0,1.3,40,8.8,12.0,15.1,0.0,0.0,0.0,8.0,83.0,0.0,0.0,1.0,172.0,0.0,101390.0
2024-12-26 00:00:00,14.8275772003872,26.8217068898069,0.0,0.05921052631578947,10.4,78,0,1.5,37,8.4,11.8,15.1,0.0,0.0,0.0,7.0,83.0,0.0,0.0,1.0,171.0,0.0,101370.0
2024-12-26 01:00:00,14.6500384940354,26.7362923213666,0.0,0.059393274853801165,9.6,78,0,1.1,27,7.4,11.8,15.1,0.0,0.0,0.0,6.0,79.0,0.0,0.0,1.0,172.0,0.0,101330.0
2024-12-26 02:00:00,14.8428422127079,26.7685542233662,0.0,0.059576023391812866,9.1,78,0,2.5,357,7.3,11.6,15.1,0.0,0.0,0.0,7.0,88.0,0.0,0.0,0.0,210.0,0.0,101340.0
2024-12-26 03:00:00,14.5900384429024,26.4797320711964,0.0,0.05975877192982456,8.3,80,0,4.8,319,7.3,11.4,15.1,0.0,0.0,0.0,6.0,88.0,0.0,0.0,0.0,198.0,0.0,101340.0
2024-12-26 04:00:00,14.8626280627518,26.3580271669974,0.0,0.059941520467836254,8.2,81,0,5.4,311,7.5,11.2,15.1,0.0,0.0,0.0,5.0,86.0,0.0,0.0,0.0,186.0,0.0,101360.0
2024-12-26 05:00:00,14.6670575413889,26.4685262185747,0.0,0.06012426900584795,7.6,83,0,4.1,334,7.6,11.1,15.0,0.0,0.0,0.0,5.0,86.0,0.0,0.0,0.0,180.0,0.0,101340.0
2024-12-26 06:00:00,14.705862350028,26.4161613704532,0.0,0.06030701754385964,7.4,79,0,3.0,14,7.4,10.9,15.0,0.0,0.0,0.0,5.0,85.0,0.0,0.0,0.0,174.0,0.0,101360.0
2024-12-26 07:00:00,14.5206094962648,26.2268504799387,0.0,0.06048976608187134,8.1,72,0,1.5,37,7.2,10.8,15.0,0.0,0.0,0.0,5.0,79.0,0.0,0.0,0.0,161.0,0.0,101390.0
2024-12-26 08:00:00,14.6958388256959,26.2666626086594,0.0,0.06067251461988304,9.6,68,0,0.9,48,7.2,10.6,15.0,0.0,0.0,0.01,4.0,83.0,1020.0,0.0,0.0,180.0,0.0,101430.0
2024-12-26 09:00:00,14.6372690729827,26.0615352362642,0.0,0.06085526315789473,12.6,60,0,5.0,39,8.7,10.6,15.0,0.0,0.0,0.08,9.0,70.0,5976.0,0.0,0.0,198.0,0.0,101460.0
2024-12-26 10:00:00,14.7078264587052,26.2117186194858,0.0,0.06103801169590643,15.0,58,0,10.6,34,10.5,10.6,15.0,0.0,0.0,0.18,11.0,77.0,19188.0,1.0,1.0,292.0,0.0,101520.0
2024-12-26 11:00:00,14.6573412730485,26.1012235345009,0.0,0.06122076023391813,15.9,56,0,16.3,45,12.1,10.7,15.0,0.0,0.0,0.25,13.0,68.5,26867.5,1.5,0.5,320.0,0.0,101515.0
2024-12-26 12:00:00,14.7726298811762,26.2572980879942,0.0,0.06140350877192982,16.3,53,0,16.3,47,13.5,11.0,14.9,0.0,0.0,0.29,15.0,60.0,34547.0,2.0,0.0,348.0,0.0,101510.0
2024-12-26 13:00:00,14.9919319615982,26.1419064981824,0.0,0.061586257309941515,16.6,54,0,16.6,49,14.5,11.1,14.9,0.0,0.0,0.29,18.0,47.0,43531.0,3.0,4.0,69.0,0.0,101440.0
2024-12-26 14:00:00,14.7809241104648,26.0940347526013,0.0,0.06176900584795321,16.5,56,0,17.0,53,15.1,11.4,14.9,0.0,0.0,0.27,18.0,44.0,44328.0,3.0,5.0,77.0,0.0,101370.0
2024-12-26 15:00:00,14.6743887594884,26.0645664846125,0.0,0.06195175438596491,16.2,59,0,16.6,55,15.2,11.7,14.9,0.0,0.0,0.21,17.0,53.0,36595.0,2.0,5.0,42.0,0.0,101300.0
2024-12-26 16:00:00,14.8369557733741,26.0302248131763,0.0,0.062134502923976605,15.3,65,0,14.5,55,14.8,12.0,14.9,0.0,0.0,0.13,17.0,52.0,23857.0,1.0,4.0,60.0,0.0,101280.0
2024-12-26 17:00:00,14.8784542798605,25.9469255687087,0.0,0.0623172514619883,12.9,79,0,8.8,54,13.9,12.2,14.9,0.0,0.0,0.03,17.0,58.0,10021.0,1.0,2.0,96.0,0.0,101300.0
2024-12-26 18:00:00,14.9212174391319,26.0116359322141,0.0,0.0625,11.0,87,0,6.3,62,12.6,12.3,14.9,0.0,0.0,0.0,15.0,63.0,2880.0,0.0,2.0,43.0,0.0,101320.0
2024-12-26 19:00:00,14.8884193539823,25.8665616610273,0.0,0.06268274853801169,11.0,86,0,2.7,65,11.5,12.3,14.9,0.0,0.0,0.0,13.0,75.0,0.0,0.0,1.0,72.0,0.0,101360.0
2024-12-26 20:00:00,14.817359655665,25.818724749432,0.0,0.06286549707602339,11.0,83,0,1.7,59,10.6,12.3,14.9,0.0,0.0,0.0,10.0,80.0,0.0,0.0,0.0,228.0,0.0,101410.0
2024-12-26 21:00:00,14.7941364281913,25.6404521550959,0.0,0.06304824561403509,10.7,81,0,1.7,49,9.8,12.2,14.9,0.0,0.0,0.0,9.0,86.0,0.0,0.0,0.0,174.0,0.0,101430.0
2024-12-26 22:00:00,14.9918044243228,25.7883998225713,0.0,0.06323099415204678,10.1,81,0,0.9,39,9.1,12.1,14.9,0.0,0.0,0.0,8.0,84.0,0.0,0.0,0.0,180.0,0.0,101440.0
2024-12-26 23:00:00,15.0415054183999,25.7147103198748,0.0,0.06341374269005848,9.2,85,0,1.0,22,8.6,12.0,14.9,0.0,0.0,0.0,7.0,84.0,0.0,0.0,2.0,192.0,0.0,101460.0
2024-12-27 00:00:00,15.071939391563,25.5625136513983,0.0,0.06359649122807018,8.6,87,0,1.2,22,8.2,11.8,14.9,0.0,0.0,0.0,7.0,86.0,0.0,0.0,0.0,166.0,0.0,101480.0
2024-12-27 01:00:00,15.0856368381478,25.516380368084,0.0,0.06377923976608187,7.9,82,0,2.1,5,7.7,11.8,14.9,0.0,0.0,0.0,6.0,86.0,0.0,0.0,1.0,174.0,0.0,101470.0
2024-12-27 02:00:00,15.054425002141,25.5290223680413,0.0,0.06396198830409357,7.5,87,0,8.8,253,7.7,11.6,14.9,0.0,0.0,0.0,6.0,84.0,0.0,0.0,1.0,178.0,0.0,101440.0
2024-12-27 03:00:00,14.9554240317596,25.4859111666205,0.0,0.06414473684210525,6.0,94,0,11.0,263,7.7,11.4,14.9,0.0,0.0,0.0,5.0,86.0,0.0,0.0,1.0,180.0,0.0,101440.0
2024-12-27 04:00:00,14.9695887655918,25.5743563026954,0.0,0.06432748538011696,5.5,93,0,7.8,265,7.6,11.2,14.8,0.0,0.0,0.0,4.0,84.0,0.0,0.0,1.0,180.0,0.0,101450.0
2024-12-27 05:00:00,14.8261137369774,25.3103760318424,0.0,0.06451023391812866,5.0,91,11,5.9,261,7.4,11.1,14.8,0.0,0.0,0.0,4.0,85.0,0.0,0.0,0.0,180.0,0.0,101450.0
2024-12-27 06:00:00,14.9325028327397,25.2221945470709,0.0,0.06469298245614034,4.2,90,24,4.4,265,7.1,10.9,14.8,0.0,0.0,0.0,3.0,86.0,0.0,0.0,1.0,168.0,0.0,101430.0
2024-12-27 07:00:00,14.9304029785177,25.1969464196661,0.0,0.06487573099415204,3.9,84,15,3.9,257,6.8,10.8,14.8,0.0,0.0,0.0,3.0,81.0,0.0,0.0,1.0,180.0,0.0,101450.0
2024-12-27 08:00:00,14.93396838851,25.29607985486,0.0,0.06505847953216373,5.0,75,13,3.8,275,6.8,10.6,14.8,0.0,0.0,0.01,3.0,83.0,0.0,0.0,2.0,166.0,0.0,101480.0
2024-12-27 09:00:00,14.8582925233767,25.2523062621093,0.0,0.06524122807017543,8.1,80,25,4.0,347,7.8,10.5,14.8,0.0,0.0,0.05,3.0,85.0,1905.0,0.0,0.0,180.0,0.0,101510.0
2024-12-27 10:00:00,14.9907049946407,25.0917325368295,0.0,0.06542397660818713,11.1,70,3,5.5,6,9.4,10.5,14.8,0.0,0.0,0.13,8.0,76.0,7203.0,0.0,0.0,192.0,0.0,101550.0
2024-12-27 11:00:00,14.8912149022008,25.0127617249939,0.0,0.06560672514619882,13.7,57,0,7.7,350,11.2,10.5,14.8,0.0,0.0,0.23,12.0,62.0,22139.0,1.0,0.0,270.0,0.0,101620.0
2024-12-27 12:00:00,14.844010327013,24.9958141363187,0.0,0.06578947368421052,15.2,53,0,10.9,15,12.7,10.7,14.7,0.0,0.0,0.28,15.0,56.0,35749.0,1.0,0.0,318.0,0.0,101620.0
2024-12-27 13:00:00,14.8668954141356,25.123323991545,0.0,0.06597222222222222,15.9,49,0,11.7,37,14.0,11.1,14.7,0.0,0.0,0.3,15.0,59.0,42866.0,2.0,3.0,24.0,0.0,101550.0
2024-12-27 14:00:00,14.8738951287069,25.0294028168091,0.0,0.06615497076023391,16.3,45,0,15.9,53,14.6,11.4,14.7,0.0,0.0,0.29,16.0,45.0,42986.0,3.0,2.0,348.0,0.0,101450.0
2024-12-27 15:00:00,15.03876498308,24.9494368631562,0.0,0.06633771929824561,15.8,46,0,18.4,56,14.7,11.7,14.7,0.0,0.0,0.24,16.0,42.0,34410.0,2.0,4.0,31.0,0.0,101380.0
2024-12-27 16:00:00,15.0936645124518,25.0414626008901,0.0,0.06652046783625731,14.9,51,0,15.9,58,14.3,11.9,14.7,0.0,0.0,0.16,17.0,40.0,21302.0,1.0,4.0,84.0,0.0,101360.0
2024-12-27 17:00:00,15.0324873540379,25.1033336219477,0.0,0.066703216374269,12.8,57,0,10.1,60,13.4,12.1,14.7,0.0,0.0,0.06,16.0,42.0,8253.0,0.0,4.0,90.0,0.0,101370.0
2024-12-27 18:00:00,15.263952557483,24.9991121191008,0.0,0.0668859649122807,10.7,67,0,7.8,67,12.1,12.2,14.7,0.0,0.0,0.02,15.0,56.0,2016.0,0.0,4.0,92.0,0.0,101400.0
2024-12-27 19:00:00,15.1847330526785,24.9044712134052,0.0,0.06706871345029239,10.0,68,0,7.1,75,10.9,12.2,14.7,0.0,0.0,0.01,13.0,67.0,0.0,0.0,2.0,54.0,0.0,101450.0
2024-12-27 20:00:00,15.1727194290027,24.9967938759277,0.0,0.06725146198830409,9.5,71,0,7.7,76,10.0,12.1,14.7,0.0,0.0,0.01,11.0,74.0,0.0,0.0,1.0,94.0,0.0,101500.0
2024-12-27 21:00:00,15.0735728624985,24.879779214794,0.0,0.06743421052631579,9.2,74,0,6.8,63,9.3,12.0,14.7,0.0,0.0,0.01,9.0,81.0,0.0,0.0,0.0,174.0,0.0,101540.0
2024-12-27 22:00:00,15.105596751848,25.1118285663116,0.0,0.06761695906432748,9.2,75,0,3.2,53,8.7,11.9,14.7,0.0,0.0,0.0,7.0,80.0,0.0,0.0,0.0,186.0,0.0,101560.0
2024-12-27 23:00:00,15.25921145738,24.9298557982111,0.0,0.06779970760233918,8.4,78,0,1.5,46,8.1,11.7,14.7,0.0,0.0,0.0,6.0,80.0,0.0,0.0,1.0,172.0,0.0,101570.0
2024-12-28 00:00:00,15.2850579097971,24.8403965401495,0.0,0.06798245614035087,7.5,79,0,0.4,33,7.5,11.5,14.7,0.0,0.0,0.0,5.0,77.0,0.0,0.0,0.0,180.0,0.0,101580.0
2024-12-28 01:00:00,15.199982682248,24.8192632672362,0.0,0.06816520467836257,6.4,78,0,3.2,300,7.0,11.5,14.7,0.0,0.0,0.0,4.0,73.0,0.0,0.0,0.0,176.0,0.0,101570.0
2024-12-28 02:00:00,15.2493941539963,24.6308969486635,0.0,0.06834795321637427,5.6,79,0,5.1,273,6.8,11.2,14.7,0.0,0.0,0.0,5.0,73.0,0.0,0.0,0.0,186.0,0.0,101530.0
2024-12-28 03:00:00,15.043789686042,24.912276610308,0.0,0.06853070175438596,4.7,78,0,5.1,267,6.7,11.0,14.7,0.0,0.0,0.0,3.0,78.0,0.0,0.0,1.0,171.0,0.0,101510.0
2024-12-28 04:00:00,15.1414544319748,24.7181985136362,0.0,0.06871345029239766,4.2,76,0,4.8,255,6.4,10.8,14.6,0.0,0.0,0.0,3.0,84.0,0.0,0.0,0.0,186.0,0.0,101520.0
2024-12-28 05:00:00,15.1493555134136,24.6977648852188,0.0,0.06889619883040936,3.8,73,0,4.6,240,6.1,10.6,14.6,0.0,0.0,0.0,4.0,75.0,0.0,0.0,2.0,180.0,0.0,101500.0
2024-12-28 06:00:00,15.113423303501,24.7871423399406,0.0,0.06907894736842105,3.4,73,0,4.5,245,5.8,10.4,14.6,0.0,0.0,0.0,4.0,77.0,0.0,0.0,1.0,180.0,0.0,101480.0
2024-12-28 07:00:00,15.1215593146438,24.6892178701887,0.0,0.06926169590643275,3.0,76,0,4.3,257,5.6,10.2,14.6,0.0,0.0,0.0,2.0,78.0,0.0,0.0,0.0,166.0,0.0,101480.0
2024-12-28 08:00:00,15.3400648231193,24.6419416583899,0.0,0.06944444444444445,4.3,73,0,4.8,264,5.6,10.0,14.6,0.0,0.0,0.01,2.0,82.0,0.0,0.0,0.0,172.0,0.0,101520.0
2024-12-28 09:00:00,15.1806888776919,24.5345132518833,0.0,0.06962719298245613,8.6,69,0,6.2,266,6.8,9.9,14.6,0.0,0.0,0.07,2.0,79.0,2977.0,0.0,0.0,171.0,0.0,101550.0
2024-12-28 10:00:00,15.2271330572725,24.5347930281227,0.0,0.06980994152046784,12.1,56,0,7.2,285,8.7,9.8,14.6,0.0,0.0,0.16,9.0,57.0,9964.0,1.0,0.0,170.0,0.0,101600.0
2024-12-28 11:00:00,15.2827293003411,24.5694873982124,0.0,0.06999269005847952,13.9,46,0,6.2,304,10.6,9.9,14.5,0.0,0.0,0.23,13.0,54.0,25233.0,1.0,0.0,210.0,0.0,101640.0
2024-12-28 12:00:00,15.3010753855448,24.8242537367524,0.0,0.07017543859649122,15.1,41,0,6.5,337,12.2,10.1,14.5,0.0,0.0,0.28,14.0,58.0,38540.0,2.0,1.0,268.0,0.0,101610.0
2024-12-28 13:00:00,14.9790120878291,24.5413813117089,0.0,0.07035818713450293,15.9,38,0,8.3,13,13.6,10.6,14.5,0.0,0.0,0.3,16.0,44.0,44240.0,2.0,0.0,180.0,0.0,101500.0
2024-12-28 14:00:00,15.2067492010183,24.4860335108872,0.0,0.07054093567251461,15.8,40,0,10.1,21,14.3,10.9,14.5,0.0,0.0,0.28,17.0,41.0,41747.0,2.0,2.0,48.0,0.0,101400.0
2024-12-28 15:00:00,15.3476471186901,24.5564076666289,0.0,0.07072368421052631,15.1,47,0,10.4,30,14.4,11.1,14.5,0.0,0.0,0.22,16.0,43.0,32936.0,2.0,5.0,26.0,0.0,101320.0
2024-12-28 16:00:00,15.2822317764413,24.533524947374,0.0,0.070906432748538,13.9,57,0,8.0,42,14.0,11.4,14.5,0.0,0.0,0.12,16.0,47.0,18992.0,1.0,4.0,43.0,0.0,101330.0
2024-12-28 17:00:00,15.5368251484547,24.8291023912084,0.0,0.0710891812865497,10.8,70,0,3.9,54,12.7,11.6,14.5,0.0,0.0,0.02,15.0,50.0,6722.0,0.0,4.0,66.0,0.0,101350.0
2024-12-28 18:00:00,15.4850097221197,24.419266477243,0.0,0.0712719298245614,10.1,71,0,1.5,61,11.2,11.7,14.5,0.0,0.0,0.0,13.0,63.0,968.0,0.0,1.0,54.0,0.0,101360.0
2024-12-28 19:00:00,15.5862658244304,24.4180376402565,0.0,0.07145467836257309,9.4,72,0,0.7,72,10.0,11.6,14.5,0.0,0.0,0.0,10.0,76.0,0.0,0.0,0.0,188.0,0.0,101390.0
2024-12-28 20:00:00,15.5662517332049,24.5759026593412,0.0,0.07163742690058479,8.8,72,0,0.6,72,9.1,11.6,14.5,0.0,0.0,0.0,7.0,69.0,0.0,0.0,0.0,148.0,0.0,101440.0
2024-12-28 21:00:00,15.6281029891734,24.5253220876952,0.0,0.07182017543859649,8.5,70,0,0.9,58,8.4,11.4,14.5,0.0,0.0,0.0,7.0,73.0,0.0,0.0,0.0,186.0,0.0,101460.0
2024-12-28 22:00:00,15.5565522775748,24.4412068651339,0.0,0.07200292397660818,8.3,69,0,0.4,41,7.8,11.3,14.5,0.0,0.0,0.0,6.0,74.0,0.0,0.0,0.0,180.0,0.0,101470.0
2024-12-28 23:00:00,15.409811316794,24.6019015324212,0.0,0.07218567251461988,8.0,70,2,1.0,18,7.4,11.1,14.5,0.0,0.0,0.0,6.0,73.0,0.0,0.0,1.0,180.0,0.0,101470.0
2024-12-29 00:00:00,15.473942834307,24.4990755838649,0.0,0.07236842105263158,7.1,74,0,3.2,317,7.1,10.9,14.4,0.0,0.0,0.0,5.0,70.0,0.0,0.0,0.0,150.0,0.0,101480.0
2024-12-29 01:00:00,15.5914962884762,24.3308495656624,0.0,0.07255116959064327,6.2,71,0,5.0,261,6.9,11.0,14.4,0.0,0.0,0.0,4.0,75.0,0.0,0.0,1.0,180.0,0.0,101440.0
2024-12-29 02:00:00,15.3711153136955,24.471338457656,0.0,0.07273391812865497,5.2,73,0,6.4,255,6.8,10.8,14.4,0.0,0.0,0.0,4.0,76.0,0.0,0.0,1.0,204.0,0.0,101390.0
2024-12-29 03:00:00,15.2386896139656,24.2777331846725,0.0,0.07291666666666666,5.0,72,3,7.1,249,6.7,10.6,14.4,0.0,0.0,0.01,3.0,74.0,0.0,0.0,1.0,174.0,0.0,101380.0
2024-12-29 04:00:00,15.578505256756,24.1879110988086,0.0,0.07309941520467836,4.8,70,0,7.6,244,6.5,10.4,14.4,0.0,0.0,0.01,3.0,84.0,0.0,0.0,1.0,186.0,0.0,101390.0
2024-12-29 05:00:00,15.4888351081298,24.3489504887922,0.0,0.07328216374269006,4.6,69,0,7.4,246,6.4,10.3,14.4,0.0,0.0,0.01,3.0,78.0,0.0,0.0,1.0,180.0,0.0,101360.0
2024-12-29 06:00:00,15.4869199971801,24.4107530718677,0.0,0.07346491228070175,4.1,69,0,7.0,246,6.2,10.1,14.4,0.0,0.0,0.01,5.0,72.0,0.0,0.0,0.0,228.0,0.0,101340.0
2024-12-29 07:00:00,15.5192685226231,24.4479226901549,0.0,0.07364766081871345,3.6,71,0,6.8,244,6.0,10.0,14.4,0.0,0.0,0.01,5.0,78.0,0.0,0.0,1.0,216.0,0.0,101360.0
2024-12-29 08:00:00,15.3994138365086,24.1932151553084,0.0,0.07383040935672514,4.5,71,1,7.0,237,6.0,9.8,14.4,0.0,0.0,0.02,5.0,80.0,0.0,0.0,0.0,210.0,0.0,101410.0
2024-12-29 09:00:00,15.5141490080985,24.3609250821253,0.0,0.07401315789473684,9.3,59,4,6.8,233,7.1,9.7,14.3,0.0,0.0,0.07,6.0,78.0,3638.0,0.0,1.0,204.0,0.0,101450.0
2024-12-29 10:00:00,15.5796311457441,24.2869256261833,0.0,0.07419590643274854,13.2,55,24,4.9,282,8.9,9.7,14.3,0.0,0.0,0.16,9.0,67.0,11859.0,1.0,2.0,198.0,0.0,101490.0
2024-12-29 11:00:00,15.3126224357376,24.0622115995084,0.0,0.07437865497076022,15.3,42,60,4.2,353,10.9,9.8,14.3,0.0,0.0,0.24,11.0,57.0,26707.0,1.0,3.0,228.0,0.0,101540.0
2024-12-29 12:00:00,15.5129740295252,24.0324089513251,0.0,0.07456140350877193,16.4,40,67,7.2,8,12.6,10.0,14.3,0.0,0.0,0.29,13.0,51.0,39538.0,2.0,2.0,222.0,0.0,101510.0
2024-12-29 13:00:00,15.6503291516464,24.1371669233861,0.0,0.07474415204678363,16.8,41,65,10.8,12,14.0,10.4,14.3,0.0,0.0,0.31,15.0,47.0,44164.0,2.0,2.0,306.0,0.0,101400.0
2024-12-29 14:00:00,15.5169195295678,24.1814526619017,0.0,0.07492690058479531,16.2,45,32,13.1,16,14.6,10.7,14.3,0.0,0.0,0.28,17.0,40.0,43844.0,3.0,2.0,178.0,0.0,101320.0
2024-12-29 15:00:00,15.3882593668848,24.3368303972485,0.0,0.07510964912280702,15.4,52,6,12.0,27,14.6,11.1,14.3,0.0,0.0,0.21,17.0,39.0,30768.0,1.0,1.0,48.0,0.0,101250.0
2024-12-29 16:00:00,15.8010639502536,24.1635439807885,0.0,0.07529239766081872,13.9,64,3,9.8,48,14.2,11.3,14.3,0.0,0.0,0.12,16.0,54.0,16624.0,1.0,4.0,5.0,0.0,101230.0
2024-12-29 17:00:00,15.6972021277836,24.2613994857509,0.0,0.0754751461988304,10.7,75,17,5.4,75,12.9,11.5,14.3,0.0,0.0,0.03,15.0,58.0,6122.0,0.0,3.0,42.0,0.0,101260.0
2024-12-29 18:00:00,15.5104674403998,24.5086909270706,0.0,0.0756578947368421,9.6,73,24,5.9,85,11.4,11.6,14.3,0.0,0.0,0.0,13.0,64.0,490.0,0.0,1.0,72.0,0.0,101300.0
2024-12-29 19:00:00,15.8596174615072,24.2386195324685,0.0,0.07584064327485379,9.5,71,30,5.1,76,10.2,11.6,14.3,0.0,0.0,0.0,10.0,69.0,0.0,0.0,0.0,143.0,0.0,101330.0
2024-12-29 20:00:00,15.7989262234931,24.108014977093,0.0,0.07602339181286549,9.7,69,5,2.6,64,9.4,11.5,14.2,0.0,0.0,0.0,8.0,78.0,0.0,0.0,0.0,142.0,0.0,101380.0
2024-12-29 21:00:00,15.713356957452,24.3698304238797,0.0,0.0762061403508772,9.1,68,2,1.2,57,8.6,11.4,14.2,0.0,0.0,0.0,7.0,77.0,0.0,0.0,0.0,173.0,0.0,101410.0
2024-12-29 22:00:00,15.7943509298965,24.1609814427049,0.0,0.07638888888888888,7.5,68,5,0.9,54,8.0,11.3,14.2,0.0,0.0,0.0,6.0,77.0,0.0,0.0,1.0,186.0,0.0,101440.0
2024-12-29 23:00:00,15.7315464405821,24.3038980239722,0.0,0.07657163742690058,5.7,65,50,3.0,194,7.5,11.1,14.2,0.0,0.0,0.0,6.0,79.0,0.0,0.0,1.0,198.0,0.0,101450.0
2024-12-30 00:00:00,15.7079815899477,24.0820899627494,0.0,0.07675438596491227,5.0,67,90,6.6,243,7.3,11.0,14.2,0.0,0.0,0.01,7.0,76.0,0.0,0.0,0.0,210.0,0.0,101460.0
2024-12-30 01:00:00,15.8231192598159,24.1422147684619,0.0,0.07693713450292397,5.4,65,90,6.1,247,7.3,10.9,14.2,0.0,0.0,0.01,5.0,77.0,0.0,0.0,0.0,174.0,0.0,101440.0
2024-12-30 02:00:00,15.773093852710801,24.2292517527839,0.0,0.07711988304093567,5.0,65,29,7.1,247,7.1,10.8,14.2,0.0,0.0,0.01,5.0,77.0,0.0,0.0,1.0,171.0,0.0,101410.0
2024-12-30 03:00:00,16.045044655186,24.0640397910619,0.0,0.07730263157894736,4.5,66,3,7.5,243,6.8,10.6,14.2,0.0,0.0,0.01,4.0,76.0,0.0,0.0,2.0,172.0,0.0,101410.0
2024-12-30 04:00:00,15.8581257292055,23.9019522559405,0.0,0.07748538011695906,4.0,67,2,6.7,244,6.6,10.4,14.2,0.0,0.0,0.01,3.0,81.0,0.0,0.0,0.0,180.0,0.0,101410.0
2024-12-30 05:00:00,15.7492106679763,24.0586957730948,0.0,0.07766812865497076,3.6,68,6,6.6,240,6.3,10.3,14.2,0.0,0.0,0.01,4.0,76.0,0.0,0.0,2.0,165.0,0.0,101380.0
2024-12-30 06:00:00,15.6435241614345,23.9437934792369,0.0,0.07785087719298245,3.6,68,18,7.1,238,6.1,10.1,14.2,0.0,0.0,0.01,2.0,81.0,0.0,0.0,0.0,172.0,0.0,101400.0
2024-12-30 07:00:00,15.7340604645244,24.0489128131976,0.0,0.07803362573099415,3.6,68,11,6.6,235,5.9,9.9,14.2,0.0,0.0,0.01,2.0,84.0,0.0,0.0,1.0,180.0,0.0,101430.0
2024-12-30 08:00:00,15.7718683728026,23.9269064285382,0.0,0.07821637426900585,4.6,68,4,8.0,229,5.9,9.8,14.1,0.0,0.0,0.03,2.0,85.0,174.0,0.0,0.0,198.0,0.0,101460.0
2024-12-30 09:00:00,15.7709340373688,24.0108660577417,0.0,0.07839912280701754,9.3,62,1,9.6,229,7.0,9.6,14.1,0.0,0.0,0.08,6.0,75.0,5133.0,0.0,1.0,204.0,0.0,101510.0
2024-12-30 10:00:00,15.7641686096378,24.0485468062638,0.0,0.07858187134502924,13.4,53,3,6.5,260,8.9,9.6,14.1,0.0,0.0,0.16,9.0,66.0,16260.0,1.0,2.0,234.0,0.0,101560.0
2024-12-30 11:00:00,15.7154405097402,26.016121848346,0.0,0.07876461988304093,15.1,42,8,6.1,327,10.8,9.7,14.1,0.0,0.0,0.24,11.0,58.0,29798.0,1.0,2.0,264.0,0.0,101590.0
2024-12-30 12:00:00,15.9038777557624,28.1398595539264,0.0,0.07894736842105263,15.9,38,18,7.7,358,12.4,10.0,14.1,0.0,0.0,0.29,14.0,46.0,37989.0,2.0,1.0,234.0,0.0,101550.0
2024-12-30 13:00:00,15.7478731593123,28.1211854553492,0.0,0.07913011695906433,16.4,38,8,8.5,7,13.8,10.3,14.1,0.0,0.0,0.31,15.0,43.0,28905.0,2.0,2.0,256.0,0.0,101470.0
2024-12-30 14:00:00,15.9156602251314,27.9345849380329,0.0,0.07931286549707602,16.2,40,12,10.0,12,14.4,10.6,14.1,0.0,0.0,0.28,19.0,35.0,41144.0,3.0,2.0,132.0,0.0,101370.0
2024-12-30 15:00:00,15.7997655874914,27.8716474617855,0.0,0.07949561403508772,15.4,48,24,10.1,35,14.5,10.9,14.1,0.0,0.0,0.2,17.0,38.0,25980.0,1.0,3.0,24.0,0.0,101320.0
2024-12-30 16:00:00,15.8512964982998,28.0298442025536,0.0,0.0796783625730994,14.2,57,23,7.4,65,14.0,11.2,14.1,0.0,0.0,0.12,16.0,45.0,15077.0,1.0,4.0,27.0,0.0,101330.0
2024-12-30 17:00:00,15.9784827423604,27.8252200959909,0.0,0.0798611111111111,11.4,68,20,3.8,66,12.8,11.4,14.1,0.0,0.0,0.03,15.0,47.0,5298.0,0.0,3.0,63.0,0.0,101350.0
2024-12-30 18:00:00,15.9033017250363,27.5415514347672,0.0,0.0800438596491228,10.8,68,34,1.2,55,11.4,11.5,14.0,0.0,0.0,0.0,13.0,64.0,204.0,0.0,0.0,42.0,0.0,101370.0
2024-12-30 19:00:00,15.9203695727023,27.4147472522383,0.0,0.0802266081871345,10.0,66,3,1.1,66,10.3,11.5,14.0,0.0,0.0,0.0,9.0,75.0,0.0,0.0,0.0,144.0,0.0,101410.0
2024-12-30 20:00:00,16.0007322094581,27.3730390008741,0.0,0.0804093567251462,9.0,64,6,2.3,102,9.4,11.4,14.0,0.0,0.0,0.0,8.0,78.0,0.0,0.0,0.0,186.0,0.0,101450.0
2024-12-30 21:00:00,15.9961196586751,27.339491104249,0.0,0.0805921052631579,8.1,68,3,2.2,95,8.7,11.3,14.0,0.0,0.0,0.0,7.0,76.0,0.0,0.0,1.0,186.0,0.0,101480.0
2024-12-30 22:00:00,16.0840981126324,27.3849379607535,0.0,0.08077485380116958,7.4,71,4,1.6,88,8.1,11.2,14.0,0.0,0.0,0.0,9.0,70.0,0.0,0.0,1.0,186.0,0.0,101500.0
2024-12-30 23:00:00,16.1494951982115,27.2300407387216,0.0,0.08095760233918128,6.6,74,4,1.8,132,7.6,11.1,14.0,0.0,0.0,0.0,5.0,78.0,0.0,0.0,0.0,180.0,0.0,101520.0
2024-12-31 00:00:00,15.9843899369331,27.0358337720736,0.0,0.08114035087719298,6.6,73,3,1.7,313,7.2,10.9,14.0,0.0,0.0,0.0,7.0,73.0,0.0,0.0,0.0,186.0,0.0,101520.0
2024-12-31 01:00:00,16.3024227015958,27.0070288156267,0.0,0.08132309941520467,5.6,71,9,7.3,240,7.1,10.8,14.0,0.0,0.0,0.01,5.0,71.0,0.0,0.0,1.0,186.0,0.0,101480.0
2024-12-31 02:00:00,16.1765741023728,26.9378803055504,0.0,0.08150584795321637,5.0,69,9,6.7,246,6.9,10.6,14.0,0.0,0.0,0.01,6.0,75.0,0.0,0.0,0.0,222.0,0.0,101460.0
2024-12-31 03:00:00,16.0661557686366,26.9073364012015,0.0,0.08168859649122806,4.8,63,68,7.5,240,6.7,10.5,14.0,0.0,0.0,0.02,4.0,78.0,0.0,0.0,0.0,174.0,0.0,101470.0
2024-12-31 04:00:00,16.0920849794337,26.8534613009956,0.0,0.08187134502923976,4.4,61,5,6.0,236,6.5,10.3,14.0,0.0,0.0,0.01,4.0,73.0,0.0,0.0,1.0,186.0,0.0,101450.0
2024-12-31 05:00:00,15.9360963550943,26.7520806301864,0.0,0.08205409356725146,3.7,63,10,4.7,229,6.2,10.1,14.0,0.0,0.0,0.01,4.0,64.0,0.0,0.0,1.0,180.0,0.0,101410.0
2024-12-31 06:00:00,15.9770280314515,26.8699050126246,0.0,0.08223684210526315,3.9,62,3,6.9,222,6.0,10.0,14.0,0.0,0.0,0.01,7.0,73.0,0.0,0.0,2.0,222.0,0.0,101430.0
2024-12-31 07:00:00,16.1908116246668,26.6896257640323,0.0,0.08241959064327485,4.7,58,0,8.3,218,6.0,9.8,14.0,0.0,0.0,0.02,7.0,69.0,0.0,0.0,2.0,228.0,0.0,101460.0
2024-12-31 08:00:00,16.2440134169708,26.7400417912406,0.0,0.08260233918128654,6.0,59,1,8.1,224,6.1,9.7,13.9,0.0,0.0,0.03,6.0,74.0,327.0,0.0,0.0,234.0,0.0,101520.0
2024-12-31 09:00:00,16.3036093721707,26.6677747826888,0.0,0.08278508771929824,9.4,53,15,9.1,242,7.2,9.6,13.9,0.0,0.0,0.09,7.0,72.0,6841.0,0.0,2.0,222.0,0.0,101530.0
2024-12-31 10:00:00,16.6658266816767,26.6604974767315,0.0,0.08296783625730994,12.1,48,13,8.4,246,8.8,9.6,13.9,0.0,0.0,0.16,8.0,68.0,8588.0,1.0,2.0,222.0,0.0,101590.0
2024-12-31 11:00:00,16.2443316725358,26.663252125716,0.0,0.08315058479532163,14.0,48,16,7.9,272,10.5,9.7,13.9,0.0,0.0,0.23,12.0,54.0,31890.0,2.0,3.0,246.0,0.0,101570.0
2024-12-31 12:00:00,16.462570947253,26.4831172926299,0.0,0.08333333333333333,14.8,52,7,5.3,309,12.2,9.9,13.9,0.0,0.0,0.26,13.0,53.0,27908.0,1.0,2.0,306.0,0.0,101540.0
2024-12-31 13:00:00,16.5597515339099,26.3026511520122,0.0,0.08351608187134503,15.3,52,25,2.8,344,14.1,10.5,13.9,0.0,0.0,0.25,15.0,54.0,25688.0,1.0,0.0,10.0,0.0,101450.0
2024-12-31 14:00:00,16.6157638382339,26.3728655830314,0.0,0.08369883040935672,15.3,48,40,4.5,2,14.6,10.8,13.9,0.0,0.0,0.21,16.0,46.0,51388.0,3.0,2.0,141.0,0.0,101370.0
2024-12-31 15:00:00,16.7795378915966,26.4374988286464,0.0,0.08388157894736842,14.9,49,23,8.4,12,14.5,11.1,13.9,0.0,0.0,0.18,15.0,56.0,27421.0,1.0,3.0,52.0,0.0,101330.0
2024-12-31 16:00:00,16.6562540925333,26.3694958390365,0.0,0.08406432748538012,14.1,54,25,8.7,35,14.0,11.3,13.9,0.0,0.0,0.12,15.0,52.0,9358.0,0.0,3.0,65.0,0.0,101340.0
2024-12-31 17:00:00,16.8420472540965,26.4282207374381,0.0,0.0842470760233918,11.9,67,30,8.1,56,13.0,11.5,13.9,0.0,0.0,0.04,14.0,52.0,4544.0,0.0,2.0,36.0,0.0,101380.0
2024-12-31 18:00:00,17.1473042336492,26.4788969384611,0.0,0.08442982456140351,10.2,76,10,7.4,73,11.9,11.6,13.9,0.0,0.0,0.01,13.0,57.0,0.0,0.0,0.0,48.0,0.0,101410.0
2024-12-31 19:00:00,16.9794396220857,26.3453668224042,0.0,0.0846125730994152,9.4,79,17,5.5,77,10.8,11.6,13.9,0.0,0.0,0.0,11.0,62.0,0.0,0.0,0.0,182.0,0.0,101450.0
2024-12-31 20:00:00,17.1808211841374,26.1986361402616,0.0,0.0847953216374269,8.7,80,9,4.6,109,9.9,11.6,13.9,0.0,0.0,0.0,9.0,68.0,0.0,0.0,0.0,186.0,0.0,101480.0
2024-12-31 21:00:00,17.2655383877563,26.3931882737782,0.0,0.0849780701754386,8.2,80,26,2.7,100,9.1,11.5,13.9,0.0,0.0,0.0,6.0,71.0,0.0,0.0,0.0,167.0,0.0,101500.0
2024-12-31 22:00:00,17.2872636607164,26.1962660373721,0.0,0.08516081871345028,8.5,79,5,1.3,72,8.6,11.4,13.9,0.0,0.0,0.0,6.0,75.0,0.0,0.0,0.0,186.0,0.0,101520.0
2024-12-31 23:00:00,17.4944607457323,26.1636244699016,0.0,0.08534356725146199,7.7,81,7,0.4,48,8.0,11.2,13.9,0.0,0.0,0.0,5.0,70.0,0.0,0.0,0.0,186.0,0.0,101510.0
2025-01-01 00:00:00,17.4933648162799,26.0326527328047,0.0,0.08552631578947367,7.1,83,11,1.1,12,7.6,11.1,13.9,0.0,0.0,0.0,4.0,80.0,0.0,0.0,0.0,204.0,0.0,101510.0
2025-01-01 01:00:00,17.4342248060217,26.1511257687513,0.0,0.08570906432748537,5.4,79,2,4.2,283,7.0,11.0,13.9,0.0,0.0,0.0,4.0,76.0,0.0,0.0,1.0,174.0,0.0,101490.0
2025-01-01 02:00:00,17.559496765839,25.7277161249981,0.0,0.08589181286549707,4.9,80,10,6.1,257,6.8,10.8,13.9,0.0,0.0,0.0,4.0,72.0,0.0,0.0,1.0,174.0,0.0,101470.0
2025-01-01 03:00:00,17.5392193576726,25.9521789888352,0.0,0.08607456140350876,5.2,78,0,6.9,250,6.7,10.6,13.8,0.0,0.0,0.0,2.0,78.0,0.0,0.0,1.0,180.0,0.0,101460.0
2025-01-01 04:00:00,17.5262064973664,25.9323838617507,0.0,0.08625730994152046,4.7,78,0,6.2,249,6.4,10.4,13.8,0.0,0.0,0.0,2.0,80.0,0.0,0.0,0.0,192.0,0.0,101470.0
2025-01-01 05:00:00,17.5495925851591,25.6806259711722,0.0,0.08644005847953216,4.5,76,9,6.7,225,6.2,10.3,13.8,0.0,0.0,0.0,1.0,77.0,0.0,0.0,1.0,166.0,0.0,101460.0
2025-01-01 06:00:00,17.654255495857,25.9211248336692,0.0,0.08662280701754385,4.3,76,3,6.4,218,5.9,10.1,13.8,0.0,0.0,0.0,4.0,69.0,0.0,0.0,2.0,174.0,0.0,101440.0
2025-01-01 07:00:00,17.5368012423624,25.7303707820562,0.0,0.08680555555555555,4.0,81,6,6.2,220,5.7,9.9,13.8,0.0,0.0,0.0,4.0,74.0,0.0,0.0,0.0,246.0,0.0,101470.0
2025-01-01 08:00:00,17.8619482111081,25.696705538978,0.0,0.08698830409356725,5.6,77,42,7.5,219,5.8,9.7,13.8,0.0,0.0,0.02,3.5,75.5,445.5,0.0,1.0,225.0,0.0,101480.0
2025-01-01 09:00:00,17.6677613189339,25.6679643589419,0.0,0.08717105263157894,9.0,72,100,9.4,228,7.0,9.6,13.8,0.0,0.0,0.07,3.0,77.0,891.0,0.0,2.0,204.0,0.0,101490.0
2025-01-01 10:00:00,18.0312482255798,25.7791134249648,0.0,0.08735380116959064,11.9,65,79,7.7,239,8.7,9.6,13.8,0.0,0.0,0.14,6.0,71.0,6528.0,0.0,0.0,198.0,0.0,101520.0
2025-01-01 11:00:00,17.8310719163378,25.5158107955938,0.0,0.08753654970760233,13.7,59,1,4.0,265,10.6,9.7,13.8,0.0,0.0,0.21,8.0,72.0,11197.0,1.0,1.0,294.0,0.0,101570.0
2025-01-01 12:00:00,17.9554266130945,25.6769464416332,0.0,0.08771929824561403,14.8,56,1,6.1,27,12.3,9.9,13.8,0.0,0.0,0.26,11.0,63.0,17801.0,1.0,2.0,270.0,0.0,101550.0
2025-01-01 13:00:00,17.9468616832409,25.6048803351895,0.0,0.08790204678362573,15.3,56,10,11.3,47,13.1,10.4,13.8,0.0,0.0,0.27,13.0,62.0,42124.0,2.0,1.0,300.0,0.0,101520.0
2025-01-01 14:00:00,18.1621546964069,25.6492280464249,0.0,0.08808479532163742,15.0,57,75,13.1,43,13.7,10.6,13.8,0.0,0.0,0.23,15.0,61.0,46206.0,2.0,0.0,283.0,0.0,101430.0
2025-01-01 15:00:00,18.135882510652,25.6857556357482,0.0,0.08826754385964912,14.7,58,100,13.0,43,13.9,10.9,13.7,0.0,0.0,0.19,15.0,62.0,21218.0,1.0,2.0,37.0,0.0,101360.0
2025-01-01 16:00:00,18.1001662593464,25.571629988154,0.0,0.0884502923976608,13.5,66,100,11.8,39,13.6,11.1,13.7,0.0,0.0,0.1,14.0,69.0,9489.0,1.0,5.0,24.0,0.0,101360.0
2025-01-01 17:00:00,18.1724781096835,25.6354967056197,0.0,0.08863304093567251,12.1,77,63,7.8,14,12.9,11.3,13.7,0.0,0.0,0.04,15.0,63.0,8732.0,0.0,3.0,60.0,0.0,101360.0
2025-01-01 18:00:00,18.3651359584921,25.6550039517131,0.0,0.08881578947368421,10.6,88,63,2.1,5,11.9,11.4,13.7,0.0,0.0,0.01,14.0,69.0,2540.0,0.0,4.0,342.0,0.0,101370.0
2025-01-01 19:00:00,18.4764281141125,25.2788418604234,0.0,0.0889985380116959,10.2,87,67,0.6,350,11.0,11.5,13.7,0.1,0.1,0.0,12.0,75.0,0.0,0.0,1.0,6.0,0.0,101400.0
2025-01-01 20:00:00,18.5183232810968,25.6762514268449,0.0,0.0891812865497076,9.9,86,71,1.1,50,10.5,11.5,13.7,0.2,0.2,0.0,11.0,89.0,0.0,0.0,2.0,6.0,3.0,101460.0
2025-01-01 21:00:00,18.5425905841321,25.679042053509,0.0,0.0893640350877193,9.8,89,44,3.5,240,10.2,11.4,13.7,0.1,0.1,0.0,10.0,91.0,0.0,0.0,0.0,180.0,2.0,101500.0
2025-01-01 22:00:00,18.6129758525657,25.5972565360765,0.0,0.08954678362573099,8.7,90,34,3.7,232,9.6,11.4,13.7,0.1,0.1,0.0,11.0,92.0,0.0,0.0,2.0,216.0,0.0,101500.0
2025-01-01 23:00:00,18.6588985906819,25.6068723621167,0.0,0.08972953216374269,8.4,91,40,5.5,238,9.0,11.3,13.7,0.0,0.0,0.0,11.0,93.0,0.0,0.0,0.0,54.0,0.0,101520.0
2025-01-02 00:00:00,18.8046619708379,25.5874021961372,0.0,0.08991228070175439,8.1,93,22,6.4,234,8.7,11.2,13.7,0.0,0.0,0.0,11.0,93.0,0.0,0.0,2.0,240.0,13.0,101550.0
2025-01-02 01:00:00,18.8225997159094,25.5022854462518,0.0,0.09009502923976608,7.3,96,22,6.7,222,9.0,11.2,13.7,0.0,0.0,0.0,10.0,93.0,0.0,0.0,0.0,180.0,2.0,101560.0
2025-01-02 02:00:00,18.8465214011402,25.6740548600949,0.0,0.09027777777777778,6.8,96,54,7.1,223,8.4,11.1,13.7,0.0,0.0,0.0,9.0,94.0,0.0,0.0,0.0,240.0,0.0,101550.0
2025-01-02 03:00:00,18.9216152798111,25.7419960344861,0.0,0.09046052631578946,6.2,96,75,6.6,226,7.9,10.9,13.7,0.0,0.0,0.0,9.0,95.0,0.0,0.0,1.0,204.0,0.0,101530.0
2025-01-02 04:00:00,18.9275377923979,25.5415711853688,0.0,0.09064327485380116,5.7,98,91,7.7,231,7.5,10.8,13.7,0.0,0.0,0.0,8.0,95.0,0.0,0.0,0.0,210.0,0.0,101520.0
2025-01-02 05:00:00,19.0486952825696,25.9535037076028,0.0,0.09082602339181287,5.3,100,100,8.7,222,7.3,10.6,13.7,0.0,0.0,0.0,6.0,95.0,0.0,0.0,0.0,188.0,0.0,101510.0
2025-01-02 06:00:00,19.0055434506268,25.672247689474,0.0,0.09100877192982455,5.2,100,99,9.0,219,7.2,10.5,13.7,0.0,0.0,0.0,6.0,95.0,0.0,0.0,1.0,180.0,0.0,101500.0
2025-01-02 07:00:00,19.0056379466158,25.6553839658592,0.0,0.09119152046783625,5.4,100,97,9.4,223,7.1,10.4,13.7,0.0,0.0,0.0,6.0,94.0,0.0,0.0,1.0,192.0,0.0,101520.0
2025-01-02 08:00:00,19.0567482500163,25.9015133690784,0.0,0.09137426900584794,6.0,97,24,9.4,225,7.1,10.2,13.7,0.0,0.0,0.01,6.0,94.0,0.0,0.0,1.0,186.0,0.0,101580.0
2025-01-02 09:00:00,19.1024681062668,25.7248106404941,0.0,0.09155701754385964,8.5,91,29,9.6,232,7.9,10.1,13.7,0.0,0.0,0.04,6.0,94.0,1955.0,0.0,0.0,186.0,0.0,101620.0
2025-01-02 10:00:00,19.2092849553108,25.7490000826969,0.0,0.09173976608187134,11.0,87,26,9.6,233,9.4,10.1,13.7,0.0,0.0,0.11,7.0,95.0,6003.0,0.0,0.0,239.0,0.0,101700.0
2025-01-02 11:00:00,19.2824757390291,25.8671907555938,0.0,0.09192251461988303,13.4,74,3,10.6,256,11.0,10.2,13.7,0.0,0.0,0.19,11.0,89.0,19511.0,1.0,2.0,239.0,0.0,101750.0
2025-01-02 12:00:00,19.2823039474706,25.8301510550454,0.0,0.09210526315789473,14.8,63,4,6.8,270,12.6,10.4,13.7,0.0,0.0,0.26,12.0,82.0,19802.0,1.0,2.0,276.0,0.0,101770.0
2025-01-02 13:00:00,19.2383725598887,25.9401931501932,0.0,0.09228801169590643,15.9,59,1,3.7,299,14.5,10.7,13.6,0.0,0.0,0.26,14.0,72.0,44928.0,2.0,2.0,234.0,0.0,101680.0
2025-01-02 14:00:00,19.4832053811136,25.854498404562,0.0,0.09247076023391812,16.4,56,2,4.4,335,15.2,11.0,13.6,0.0,0.0,0.26,15.0,61.0,44847.0,2.0,1.0,198.0,0.0,101570.0
2025-01-02 15:00:00,19.4198798196356,25.7988523799742,0.0,0.09265350877192982,16.2,55,1,5.8,1,15.4,11.3,13.6,0.0,0.0,0.2,17.0,55.0,30372.0,2.0,0.0,96.0,0.0,101490.0
2025-01-02 16:00:00,19.5395714984533,25.7619632925202,0.0,0.09283625730994152,15.3,63,0,6.9,27,15.0,11.6,13.6,0.0,0.0,0.12,18.0,53.0,25339.0,1.0,0.0,184.0,0.0,101450.0
2025-01-02 17:00:00,19.5656919925963,25.9842097850264,0.0,0.09301900584795321,12.2,78,0,6.3,52,13.9,11.8,13.6,0.0,0.0,0.03,16.0,62.0,8890.0,1.0,3.0,24.0,0.0,101500.0
2025-01-02 18:00:00,19.6578777564027,25.7363617561389,0.0,0.09320175438596491,10.5,84,0,4.7,67,12.4,11.9,13.6,0.0,0.0,0.02,14.0,71.0,2540.0,0.0,2.0,48.0,0.0,101510.0
2025-01-02 19:00:00,19.6748701317201,25.849764308447,0.0,0.0933845029239766,10.0,83,0,3.1,91,11.2,11.9,13.6,0.0,0.0,0.0,12.0,81.0,0.0,0.0,0.0,91.0,0.0,101560.0
2025-01-02 20:00:00,19.681876301154,25.85418194232,0.0,0.0935672514619883,9.1,85,0,2.0,113,10.3,11.9,13.6,0.0,0.0,0.0,10.0,87.0,0.0,0.0,2.0,148.0,0.0,101600.0
2025-01-02 21:00:00,19.7425074555799,25.824938261773,0.0,0.09375,8.4,86,0,1.2,50,9.5,11.8,13.6,0.0,0.0,0.0,10.0,83.0,0.0,0.0,0.0,156.0,0.0,101620.0
2025-01-02 22:00:00,19.8102891955606,25.8654023566707,0.0,0.09393274853801169,8.1,87,0,1.9,27,8.9,11.7,13.6,0.0,0.0,0.0,8.0,87.0,0.0,0.0,0.0,198.0,0.0,101610.0
2025-01-02 23:00:00,20.0586680377821,25.6203108134785,0.0,0.09411549707602339,7.5,87,0,2.8,184,8.5,11.5,13.6,0.0,0.0,0.0,7.0,92.0,0.0,0.0,0.0,192.0,0.0,101630.0
2025-01-03 00:00:00,20.0353470821766,25.6770753602033,0.0,0.09429824561403508,6.9,88,0,4.0,222,8.1,11.4,13.6,0.0,0.0,0.0,6.0,92.0,0.0,0.0,0.0,168.0,0.0,101630.0
2025-01-03 01:00:00,20.0536493121543,25.8345747105682,0.0,0.09448099415204678,6.4,89,0,5.1,234,7.8,11.3,13.6,0.0,0.0,0.0,6.0,92.0,0.0,0.0,0.0,192.0,0.0,101610.0
2025-01-03 02:00:00,20.0770470470621,25.4345642897443,0.0,0.09466374269005848,6.0,90,0,5.6,229,7.5,11.2,13.6,0.0,0.0,0.0,7.0,93.0,0.0,0.0,0.0,198.0,0.0,101600.0
2025-01-03 03:00:00,20.0717401801494,25.5710341301493,0.0,0.09484649122807016,5.8,90,0,5.6,226,7.4,11.0,13.6,0.0,0.0,0.0,6.0,94.0,0.0,0.0,1.0,192.0,0.0,101580.0
2025-01-03 04:00:00,20.2589546203211,25.6551917258389,0.0,0.09502923976608187,5.9,87,0,6.3,219,7.2,10.8,13.6,0.0,0.0,0.0,5.0,94.0,0.0,0.0,1.0,176.0,0.0,101590.0
2025-01-03 05:00:00,20.041436722698,25.3581883529871,0.0,0.09521198830409357,5.7,86,0,6.2,221,7.0,10.6,13.6,0.0,0.0,0.0,5.0,94.0,0.0,0.0,0.0,180.0,0.0,101540.0
2025-01-03 06:00:00,20.3481921037239,25.3865835250784,0.0,0.09539473684210525,5.5,85,0,6.7,231,6.9,10.5,13.6,0.0,0.0,0.0,6.0,92.0,0.0,0.0,0.0,186.0,0.0,101490.0
2025-01-03 07:00:00,20.2422074915421,25.4823505839979,0.0,0.09557748538011696,5.6,83,0,7.7,237,6.7,10.3,13.6,0.0,0.0,0.0,6.0,91.0,0.0,0.0,1.0,228.0,0.0,101460.0
2025-01-03 08:00:00,20.1517017968258,25.3553067476736,0.0,0.09576023391812866,6.9,77,0,8.0,241,6.8,10.2,13.6,0.0,0.0,0.02,5.0,91.0,0.0,0.0,2.0,252.0,0.0,101460.0
2025-01-03 09:00:00,20.3467015802185,25.4296302066311,0.0,0.09594298245614034,10.7,67,0,10.0,244,7.9,10.1,13.6,0.0,0.0,0.08,7.0,85.0,3023.0,0.0,2.0,246.0,0.0,101510.0
2025-01-03 10:00:00,20.2544358788871,25.2575070902326,0.0,0.09612573099415204,13.7,58,4,10.5,252,9.6,10.1,13.6,0.0,0.0,0.17,9.0,81.0,8189.0,0.0,2.0,240.0,0.0,101560.0
2025-01-03 11:00:00,20.4913876782035,25.4912398009365,0.0,0.09630847953216373,15.9,49,0,11.6,258,11.4,10.2,13.6,0.0,0.0,0.26,11.0,66.0,25677.0,1.0,4.0,258.0,0.0,101630.0
2025-01-03 12:00:00,20.3914192067685,25.3438233136393,0.0,0.09649122807017543,17.3,44,13,11.2,260,13.0,10.4,13.6,0.0,0.0,0.31,13.0,56.0,39736.0,3.0,5.0,282.0,0.0,101590.0
2025-01-03 13:00:00,20.3708336232724,25.4423896599627,0.0,0.09667397660818713,18.6,40,7,11.0,256,14.4,10.7,13.6,0.0,0.0,0.33,15.0,48.0,46343.0,1.0,5.0,287.0,0.0,101490.0
2025-01-03 14:00:00,20.4974960302569,25.3577214862393,0.0,0.09685672514619882,19.1,36,2,11.1,255,15.2,11.0,13.6,0.0,0.0,0.32,17.0,45.0,45229.0,3.0,2.0,265.0,0.0,101400.0
2025-01-03 15:00:00,20.8134098733047,25.2761432431505,0.0,0.09703947368421052,19.3,37,5,8.7,265,15.5,11.3,13.6,0.0,0.0,0.25,18.0,40.0,35877.0,2.0,3.0,238.0,0.0,101300.0
2025-01-03 16:00:00,20.8298364008254,25.3517235933224,0.0,0.09722222222222221,17.5,52,7,4.3,294,15.2,11.6,13.6,0.0,0.0,0.13,19.0,38.0,20865.0,1.0,2.0,244.0,0.0,101280.0
2025-01-03 17:00:00,20.8353238631901,25.3644603924479,0.0,0.09740497076023391,14.7,51,6,0.9,309,13.9,11.8,13.6,0.0,0.0,0.02,19.0,36.0,7495.0,0.0,2.0,300.0,0.0,101300.0
2025-01-03 18:00:00,20.8869317124957,25.5684557721093,0.0,0.09758771929824561,12.7,58,0,0.6,180,12.3,11.9,13.6,0.0,0.0,0.02,15.0,57.0,1333.0,0.0,1.0,64.0,0.0,101310.0
2025-01-03 19:00:00,20.6437114947081,25.5260546925403,0.0,0.0977704678362573,11.5,55,0,2.4,202,11.1,11.9,13.6,0.0,0.0,0.0,11.0,68.0,0.0,0.0,0.0,162.0,0.0,101360.0
2025-01-03 20:00:00,20.8285618322592,25.4213837637106,0.0,0.097953216374269,9.9,55,65,5.8,222,10.1,11.9,13.6,0.0,0.0,0.02,10.0,71.0,0.0,0.0,0.0,180.0,0.0,101400.0
2025-01-03 21:00:00,20.8681993676926,25.4457907584685,0.0,0.0981359649122807,9.2,57,64,6.6,227,9.5,11.8,13.6,0.0,0.0,0.02,9.0,67.0,0.0,0.0,1.0,180.0,0.0,101410.0
2025-01-03 22:00:00,20.9651717788811,25.3012559125815,0.0,0.09831871345029239,9.0,58,76,6.6,230,9.1,11.7,13.6,0.0,0.0,0.02,9.0,66.0,0.0,0.0,1.0,176.0,0.0,101430.0
2025-01-03 23:00:00,21.0018234019888,25.4275630181587,0.0,0.09850146198830409,8.8,58,16,6.2,221,8.7,11.5,13.6,0.0,0.0,0.02,8.0,68.0,0.0,0.0,1.0,180.0,0.0,101440.0
2025-01-04 00:00:00,20.9762309457059,25.0231060254785,0.0,0.09868421052631579,9.1,56,29,4.7,225,8.2,11.4,13.6,0.0,0.0,0.01,9.0,65.0,0.0,0.0,1.0,186.0,0.0,101440.0
2025-01-04 01:00:00,20.9937289376557,25.3169106395814,0.0,0.09886695906432748,8.2,57,100,7.2,223,7.8,11.3,13.6,0.0,0.0,0.02,8.0,68.0,0.0,0.0,0.0,228.0,0.0,101390.0
2025-01-04 02:00:00,20.9567986599264,25.2767850129643,0.0,0.09904970760233918,7.4,58,100,7.9,221,7.7,11.1,13.6,0.0,0.0,0.02,8.0,68.0,0.0,0.0,2.0,258.0,0.0,101360.0
2025-01-04 03:00:00,21.1201626860537,25.0294008628721,0.0,0.09923245614035087,6.8,61,97,8.4,221,7.6,10.9,13.6,0.0,0.0,0.02,10.0,61.0,0.0,0.0,3.0,258.0,0.0,101340.0
2025-01-04 04:00:00,21.0491423925981,24.9688163111065,0.0,0.09941520467836257,7.0,61,81,9.2,225,7.6,10.8,13.6,0.0,0.0,0.03,8.0,64.0,0.0,0.0,2.0,210.0,0.0,101300.0
2025-01-04 05:00:00,20.8921490552354,25.2718689693701,0.0,0.09959795321637427,6.6,63,7,9.3,224,7.5,10.6,13.6,0.0,0.0,0.02,8.0,61.0,0.0,0.0,2.0,222.0,0.0,101270.0
2025-01-04 06:00:00,21.0323183332,25.2402316290216,0.0,0.09978070175438596,6.5,63,12,10.1,226,7.3,10.5,13.6,0.0,0.0,0.03,8.0,61.0,0.0,0.0,2.0,222.0,0.0,101240.0
2025-01-04 07:00:00,21.0985299014101,25.0667682668313,0.0,0.09996345029239766,6.6,62,31,10.5,227,7.2,10.4,13.6,0.0,0.0,0.03,7.0,64.0,0.0,0.0,2.0,222.0,0.0,101300.0
2025-01-04 08:00:00,21.1955163337365,24.9955436809143,0.0,0.10014619883040934,7.6,61,47,10.8,228,7.3,10.2,13.5,0.0,0.0,0.04,8.0,61.0,42.0,0.0,1.0,228.0,0.0,101310.0
2025-01-04 09:00:00,20.9815666597233,25.2084425423263,0.0,0.10032894736842105,11.8,56,97,10.9,233,8.3,10.1,13.5,0.0,0.0,0.1,9.0,55.0,6241.0,0.0,3.0,240.0,0.0,101330.0
2025-01-04 10:00:00,21.085004044382,25.1371322553758,0.0,0.10051169590643275,15.4,48,97,10.6,243,10.0,10.2,13.5,0.0,0.0,0.18,12.0,46.0,13638.0,1.0,3.0,264.0,0.0,101380.0
2025-01-04 11:00:00,20.9723819575362,25.0139998002327,0.0,0.10069444444444443,17.6,38,58,11.5,263,11.8,10.3,13.5,0.0,0.0,0.28,13.0,44.0,13569.0,1.0,3.0,252.0,0.0,101430.0
2025-01-04 12:00:00,21.0139097667279,24.7676775973638,0.0,0.10087719298245613,19.1,33,91,11.7,265,13.4,10.5,13.5,0.0,0.0,0.34,15.0,40.0,41929.0,1.0,2.0,245.0,0.0,101390.0
2025-01-04 13:00:00,21.0382887940819,24.8723075966782,0.0,0.10105994152046784,20.1,31,90,8.8,267,14.6,10.8,13.5,0.0,0.0,0.35,17.0,38.0,38086.0,2.0,3.0,258.0,0.0,101280.0
2025-01-04 14:00:00,21.1514392092938,24.9338793900646,0.0,0.10124269005847952,20.5,30,99,7.7,286,15.5,11.1,13.5,0.0,0.0,0.32,19.0,31.0,45791.0,3.0,2.0,309.0,0.0,101170.0
2025-01-04 15:00:00,21.1920152036918,24.7101371567845,0.0,0.10142543859649122,19.5,34,99,8.1,341,15.8,11.4,13.5,0.0,0.0,0.24,19.0,30.0,43944.0,2.0,2.0,287.0,0.0,101090.0
2025-01-04 16:00:00,21.2954606147079,24.8392826186479,0.0,0.10160818713450293,16.7,49,98,8.0,24,15.3,11.7,13.5,0.0,0.0,0.14,20.0,28.0,21333.0,1.0,2.0,336.0,0.0,101060.0
2025-01-04 17:00:00,21.2359269636607,24.8751825354653,0.0,0.10179093567251461,12.8,67,84,4.6,57,14.0,11.9,13.5,0.0,0.0,0.04,17.0,42.0,6733.0,0.0,3.0,38.0,0.0,101070.0
2025-01-04 18:00:00,21.5485629295393,24.8778278800006,0.0,0.10197368421052631,10.9,70,100,5.1,78,12.4,12.0,13.5,0.0,0.0,0.02,14.0,65.0,648.0,0.0,1.0,65.0,0.0,101100.0
2025-01-04 19:00:00,21.3583379935712,25.1417484517829,0.0,0.102156432748538,10.0,68,17,4.4,102,11.2,12.0,13.5,0.0,0.0,0.0,12.0,74.0,0.0,0.0,1.0,132.0,0.0,101120.0
2025-01-04 20:00:00,21.4595773888591,24.9493612436118,0.0,0.1023391812865497,9.4,67,11,2.7,123,10.2,12.0,13.5,0.0,0.0,0.0,12.0,78.0,0.0,0.0,2.0,138.0,0.0,101130.0
2025-01-04 21:00:00,21.613539228268,24.9781487362672,0.0,0.1025219298245614,9.1,67,97,1.6,120,9.4,11.9,13.5,0.0,0.0,0.0,9.0,81.0,0.0,0.0,1.0,166.0,0.0,101140.0
2025-01-04 22:00:00,21.5233626898154,24.8566344619632,0.0,0.10270467836257309,9.0,67,95,1.5,132,8.8,11.7,13.5,0.0,0.0,0.0,10.0,71.0,0.0,0.0,2.0,173.0,0.0,101110.0
2025-01-04 23:00:00,21.4967292762147,25.1000132426742,0.0,0.10288742690058479,8.8,68,99,2.6,151,8.4,11.6,13.5,0.0,0.0,0.0,9.0,81.0,0.0,0.0,1.0,258.0,0.0,101110.0
2025-01-05 00:00:00,21.3718282799093,24.867787384139,0.0,0.10307017543859648,8.2,70,100,4.2,187,8.0,11.4,13.5,0.0,0.0,0.0,9.0,75.0,0.0,0.0,0.0,228.0,0.0,101070.0
2025-01-05 01:00:00,21.5012097502938,24.7461916471422,0.0,0.10325292397660818,7.6,65,100,5.3,201,7.2,11.3,13.5,0.0,0.0,0.01,8.0,76.0,0.0,0.0,1.0,168.0,0.0,101010.0
2025-01-05 02:00:00,21.4545564360644,24.8751525497599,0.0,0.10343567251461988,7.4,60,100,5.5,216,7.2,11.1,13.5,0.0,0.0,0.01,8.0,70.0,0.0,0.0,1.0,176.0,0.0,100960.0
2025-01-05 03:00:00,21.5997182654347,24.6037105199329,0.0,0.10361842105263157,7.3,54,100,5.9,223,7.2,10.9,13.5,0.0,0.0,0.02,7.0,76.0,0.0,0.0,1.0,180.0,0.0,100920.0
2025-01-05 04:00:00,21.6098509990369,24.7023235611536,0.0,0.10380116959064327,6.9,50,100,6.2,235,7.1,10.7,13.5,0.0,0.0,0.02,7.0,75.0,0.0,0.0,1.0,180.0,0.0,100870.0
2025-01-05 05:00:00,21.3076745268798,24.6594663383807,0.0,0.10398391812865497,6.9,49,100,6.6,243,7.0,10.5,13.5,0.0,0.0,0.02,9.0,66.0,0.0,0.0,2.0,210.0,0.0,100810.0
2025-01-05 06:00:00,21.596922328461,24.6352166965597,0.0,0.10416666666666666,7.2,50,100,6.6,248,7.0,10.4,13.5,0.0,0.0,0.03,8.0,70.0,0.0,0.0,0.0,216.0,0.0,100800.0
2025-01-05 07:00:00,21.7334998538981,24.8391743397099,0.0,0.10434941520467836,7.1,52,100,6.6,252,7.0,10.2,13.5,0.0,0.0,0.02,9.0,66.0,0.0,0.0,1.0,234.0,0.0,100790.0
2025-01-05 08:00:00,21.5331234699977,24.7328004493546,0.0,0.10453216374269006,7.7,57,100,6.1,247,7.1,10.1,13.5,0.0,0.0,0.04,9.0,62.0,134.0,0.0,1.0,222.0,0.0,100780.0
2025-01-05 09:00:00,21.5587724370889,24.6592789844794,0.0,0.10471491228070175,11.0,54,100,7.1,248,8.0,10.0,13.5,0.0,0.0,0.08,8.0,65.0,7060.0,0.0,2.0,228.0,0.0,100810.0
2025-01-05 10:00:00,21.4380613622572,24.7648785583315,0.0,0.10489766081871345,14.0,46,100,8.2,254,9.5,10.0,13.5,0.0,0.0,0.16,10.0,59.0,15611.0,1.0,3.0,198.0,0.0,100800.0
2025-01-05 11:00:00,21.4858898925217,24.6769863694602,0.0,0.10508040935672514,16.1,41,100,6.4,278,11.1,10.1,13.5,0.0,0.0,0.21,14.0,45.0,30219.0,2.0,2.0,233.0,0.0,100790.0
2025-01-05 12:00:00,21.5972375590357,24.5124592957094,0.0,0.10526315789473684,16.9,40,100,6.8,285,12.2,10.3,13.5,0.0,0.0,0.21,15.0,42.0,25082.0,1.0,3.0,256.0,0.0,100720.0
2025-01-05 13:00:00,21.2951572229811,24.6846278122643,0.0,0.10544590643274854,17.6,39,100,5.9,295,13.1,10.7,13.5,0.0,0.0,0.21,16.0,38.0,55106.0,2.0,3.0,250.0,0.0,100610.0
2025-01-05 14:00:00,21.5335903469259,24.6303808001006,0.0,0.10562865497076022,18.8,36,100,4.5,320,14.3,10.9,13.5,0.0,0.0,0.26,18.0,33.0,47806.0,3.0,2.0,228.0,0.0,100470.0
2025-01-05 15:00:00,21.6567972968077,24.6290462186428,0.0,0.10581140350877193,18.5,42,100,2.8,322,14.7,11.2,13.5,0.0,0.0,0.17,20.0,31.0,35210.0,2.0,3.0,232.0,0.0,100380.0
2025-01-05 16:00:00,21.8128719382405,24.596228694374,0.0,0.10599415204678361,17.2,59,99,2.8,40,14.6,11.4,13.5,0.0,0.0,0.1,20.0,29.0,17667.0,1.0,2.0,216.0,0.0,100330.0
2025-01-05 17:00:00,21.6895877083036,24.5543648479263,0.0,0.10617690058479531,14.1,61,96,3.4,77,13.6,11.6,13.5,0.0,0.0,0.04,19.0,32.0,7456.0,0.0,1.0,138.0,0.0,100330.0
2025-01-05 18:00:00,21.6563105026807,24.6557471604762,0.0,0.10635964912280702,12.2,66,75,1.1,175,12.1,11.7,13.5,0.0,0.0,0.01,16.0,42.0,267.0,0.0,1.0,174.0,0.0,100320.0
2025-01-05 19:00:00,21.7617481126243,24.5473136091509,0.0,0.1065423976608187,10.1,60,77,4.1,200,10.9,11.8,13.5,0.0,0.0,0.01,14.0,46.0,0.0,0.0,2.0,170.0,0.0,100360.0
2025-01-05 20:00:00,21.7211446986519,24.7265765999086,0.0,0.1067251461988304,9.6,47,9,8.7,209,10.1,11.7,13.5,0.0,0.0,0.04,10.0,55.0,0.0,0.0,1.0,192.0,0.0,100360.0
2025-01-05 21:00:00,21.8350247043644,24.4853121608335,0.0,0.1069078947368421,11.2,40,18,10.8,211,9.8,11.6,13.5,0.0,0.0,0.06,8.0,61.0,0.0,0.0,2.0,186.0,0.0,100370.0
2025-01-05 22:00:00,21.9411279904856,24.5589105821948,0.0,0.10709064327485379,11.2,42,90,10.4,212,9.6,11.6,13.5,0.0,0.0,0.06,9.0,56.0,0.0,0.0,1.0,186.0,0.0,100410.0
2025-01-05 23:00:00,21.9821129169824,24.5181519215539,0.0,0.10727339181286549,11.1,45,30,9.9,215,9.4,11.5,13.5,0.0,0.0,0.05,9.0,51.0,0.0,0.0,0.0,156.0,0.0,100400.0
2025-01-06 00:00:00,21.4841718641188,24.5402813783859,0.0,0.1074561403508772,12.4,43,19,12.4,213,9.4,11.4,13.5,0.0,0.0,0.07,12.0,43.0,0.0,0.0,1.0,222.0,0.0,100350.0
2025-01-06 01:00:00,21.8099895846822,24.4599062085247,0.0,0.10763888888888888,10.4,50,10,9.4,203,9.6,11.5,13.5,0.0,0.0,0.04,11.0,48.0,0.0,0.0,2.0,198.0,0.0,100330.0
2025-01-06 02:00:00,21.8106793445755,24.4724026836518,0.0,0.10782163742690058,12.0,46,59,11.4,211,9.5,11.4,13.5,0.0,0.0,0.06,12.0,44.0,0.0,0.0,1.0,192.0,0.0,100240.0
2025-01-06 03:00:00,21.7731375263044,24.4610103383658,0.0,0.10800438596491227,14.0,42,100,12.4,212,9.9,11.3,13.5,0.0,0.0,0.08,12.0,45.0,0.0,0.0,2.0,234.0,0.0,100170.0
2025-01-06 04:00:00,21.8525773029595,24.5477824180467,0.0,0.10818713450292397,15.3,36,63,14.9,213,10.5,11.3,13.5,0.0,0.0,0.11,12.0,48.0,0.0,0.0,2.0,168.0,0.0,100110.0
2025-01-06 05:00:00,21.8855031062744,24.4251199080515,0.0,0.10836988304093567,14.0,37,94,12.2,213,10.6,11.3,13.5,0.0,0.0,0.08,12.0,48.0,0.0,0.0,2.0,258.0,0.0,100050.0
2025-01-06 06:00:00,21.771354329964,24.377537048353,0.0,0.10855263157894736,13.8,35,97,13.9,221,10.6,11.3,13.5,0.0,0.0,0.1,14.0,43.0,0.0,0.0,3.0,294.0,0.0,100050.0
2025-01-06 07:00:00,21.866437645184,24.3841820024067,0.0,0.10873538011695906,13.9,33,100,15.2,226,10.7,11.3,13.5,0.0,0.0,0.11,14.0,39.0,0.0,0.0,4.0,282.0,0.0,100110.0
2025-01-06 08:00:00,21.877459373302,24.3011136775162,0.0,0.10891812865497075,13.5,36,100,20.3,230,10.9,11.3,13.5,0.0,0.0,0.14,14.0,39.0,264.0,0.0,2.0,276.0,0.0,100190.0
2025-01-06 09:00:00,21.7446107328899,24.293925753438,0.0,0.10910087719298245,14.1,44,91,29.0,227,11.3,11.3,13.5,0.0,0.0,0.17,12.0,59.0,1603.0,0.0,2.0,210.0,0.0,100290.0
2025-01-06 10:00:00,21.8316892211094,24.3087800517909,0.0,0.10928362573099415,15.6,49,99,23.8,226,12.0,11.4,13.5,0.2,0.2,0.2,13.0,68.0,5126.0,0.0,3.0,246.0,0.0,100330.0
2025-01-06 11:00:00,22.1283930373529,24.4024641715025,0.0,0.10946637426900584,17.3,44,75,29.7,224,13.1,11.5,13.5,0.0,0.0,0.28,11.0,84.0,11292.0,1.0,4.0,228.0,2.0,100400.0
2025-01-06 12:00:00,21.8642624138587,24.3025880316976,0.0,0.10964912280701754,18.2,44,92,30.3,223,14.3,11.7,13.5,0.0,0.0,0.34,14.0,69.0,11088.0,1.0,4.0,217.0,1.0,100210.0
2025-01-06 13:00:00,21.8033960820575,24.3631161051884,0.0,0.10983187134502924,17.2,50,99,28.6,226,13.8,12.1,13.5,0.0,0.0,0.26,14.0,77.0,25271.0,1.0,3.0,276.0,0.0,100220.0
2025-01-06 14:00:00,21.8085433777717,24.4738585585983,0.0,0.11001461988304093,17.7,50,94,27.1,230,14.5,12.2,13.5,0.0,0.0,0.26,16.0,64.0,38290.0,2.0,5.0,282.0,0.0,100190.0
2025-01-06 15:00:00,21.7233001544597,24.1741034345725,0.0,0.11019736842105263,18.0,50,96,25.5,236,14.8,12.4,13.5,0.0,0.0,0.23,17.0,57.0,26669.0,1.0,4.0,246.0,0.0,100180.0
2025-01-06 16:00:00,21.8790723759348,24.2633280414489,0.0,0.11038011695906433,14.6,67,82,14.4,264,14.6,12.6,13.5,0.9,0.9,0.11,16.0,64.0,13896.0,1.0,5.0,284.0,0.0,100250.0
2025-01-06 17:00:00,21.8984414625197,24.3562017907191,0.0,0.11056286549707602,12.1,81,52,3.3,265,13.7,12.7,13.5,0.0,0.0,0.03,15.0,68.0,3448.0,0.0,4.0,294.0,0.0,100280.0
2025-01-06 18:00:00,21.913748089494,24.474429275459,0.0,0.11074561403508772,11.1,86,2,9.7,188,12.6,12.7,13.5,0.0,0.0,0.02,14.0,78.0,78.0,0.0,3.0,258.0,0.0,100410.0
2025-01-06 19:00:00,22.0083725311227,24.2499450909646,0.0,0.1109283625730994,10.5,87,21,7.3,227,11.7,12.7,13.5,0.0,0.0,0.0,12.0,84.0,0.0,0.0,2.0,228.0,0.0,100520.0
2025-01-06 20:00:00,21.9625692047407,24.3245809745648,0.0,0.1111111111111111,11.1,80,8,9.6,222,11.2,12.6,13.5,0.0,0.0,0.01,11.0,88.0,0.0,0.0,0.0,318.0,0.0,100630.0
2025-01-06 21:00:00,21.854835829119,24.3324639608158,0.0,0.1112938596491228,10.8,80,10,10.8,217,10.8,12.6,13.5,0.0,0.0,0.01,11.0,82.0,0.0,0.0,2.0,270.0,0.0,100680.0
2025-01-06 22:00:00,22.0195164272183,24.1863094265492,0.0,0.1114766081871345,10.6,80,13,10.8,221,10.5,12.4,13.5,0.0,0.0,0.01,10.0,89.0,0.0,0.0,2.0,198.0,0.0,100760.0
2025-01-06 23:00:00,21.9348392600822,24.370889895746,0.0,0.1116593567251462,10.5,82,4,11.9,222,10.3,12.3,13.5,0.0,0.0,0.01,10.0,85.0,0.0,0.0,1.0,192.0,0.0,100820.0
2025-01-07 00:00:00,21.9867054533811,24.2613626005874,0.0,0.11184210526315788,10.3,84,10,12.9,220,10.2,12.2,13.5,0.0,0.0,0.01,10.0,81.0,0.0,0.0,2.0,216.0,0.0,100860.0
2025-01-07 01:00:00,21.9567662619557,24.2333234162657,0.0,0.11202485380116958,10.8,82,5,10.6,225,11.5,12.5,13.6,0.0,0.0,0.01,10.0,83.0,0.0,0.0,1.0,228.0,0.0,100890.0
2025-01-07 02:00:00,21.8755556269649,24.1610335743884,0.0,0.11220760233918128,10.5,82,15,8.6,229,11.0,12.5,13.6,0.0,0.0,0.0,10.0,81.0,0.0,0.0,0.0,288.0,0.0,100890.0
2025-01-07 03:00:00,22.032664646359,24.2070098243109,0.0,0.11239035087719297,10.4,79,29,8.3,226,10.5,12.4,13.6,0.1,0.1,0.01,9.0,84.0,0.0,0.0,2.0,252.0,0.0,100950.0
2025-01-07 04:00:00,21.9288036179942,24.1480254511524,0.0,0.11257309941520467,10.3,81,22,8.5,227,10.3,12.3,13.6,0.0,0.0,0.0,11.0,77.0,0.0,0.0,3.0,192.0,0.0,100960.0
2025-01-07 05:00:00,21.9483413126111,24.34230709311,0.0,0.11275584795321637,10.2,81,21,8.6,235,10.1,12.2,13.6,0.0,0.0,0.0,11.0,77.0,0.0,0.0,2.5,204.0,0.0,100975.0
2025-01-07 06:00:00,21.9592551610456,24.29621282821,0.0,0.11293859649122806,10.0,81,17,9.3,235,10.0,12.1,13.6,0.0,0.0,0.01,11.0,77.0,0.0,0.0,2.0,216.0,0.0,100990.0
2025-01-07 07:00:00,21.8639655004331,24.1492289928466,0.0,0.11312134502923976,9.5,83,18,9.4,231,9.7,11.9,13.6,0.0,0.0,0.0,12.0,73.0,0.0,0.0,3.0,256.0,0.0,101010.0
2025-01-07 08:00:00,22.075913571243,24.2724644535444,0.0,0.11330409356725146,10.0,82,6,10.4,231,9.7,11.8,13.6,0.0,0.0,0.02,11.0,78.0,0.0,0.0,2.0,210.0,0.0,101080.0
2025-01-07 09:00:00,21.8486285986786,24.3023981389158,0.0,0.11348684210526315,12.5,76,9,11.6,225,10.5,11.8,13.6,0.0,0.0,0.07,9.0,83.0,1343.0,0.0,1.0,204.0,0.0,101150.0
2025-01-07 10:00:00,21.7697566380586,24.2956355661641,0.0,0.11366959064327485,14.7,65,18,11.3,228,11.9,11.8,13.6,0.0,0.0,0.16,11.0,77.0,8613.0,1.0,2.0,264.0,0.0,101220.0
2025-01-07 11:00:00,21.940845754954,24.2676340360157,0.0,0.11385233918128654,15.8,61,34,14.7,261,13.2,11.9,13.6,0.0,0.0,0.22,13.0,74.0,18031.0,1.0,2.0,304.0,0.0,101310.0
2025-01-07 12:00:00,22.0566276373549,24.2015407096362,0.0,0.11403508771929824,16.6,56,50,14.8,256,14.2,12.0,13.6,0.0,0.0,0.26,16.0,66.0,42868.0,2.0,4.0,282.0,0.0,101350.0
2025-01-07 13:00:00,21.8158118045895,24.3249850054872,0.0,0.11421783625730994,17.7,49,36,12.0,249,15.5,12.3,13.6,0.0,0.0,0.29,16.0,61.0,47502.0,3.0,5.0,298.0,0.0,101310.0
2025-01-07 14:00:00,22.0121188231855,24.143291811931,0.0,0.11440058479532163,18.0,45,23,11.3,251,16.1,12.5,13.6,0.0,0.0,0.28,18.0,51.0,49328.0,4.0,3.0,256.0,0.0,101240.0
2025-01-07 15:00:00,22.1768781946341,24.192226547693,0.0,0.11458333333333333,18.0,44,6,10.7,257,16.2,12.8,13.6,0.0,0.0,0.24,18.0,45.0,42352.0,3.0,5.0,286.0,0.0,101170.0
2025-01-07 16:00:00,21.9770772728778,24.1981765653316,0.0,0.11476608187134502,17.2,51,1,4.9,275,15.9,13.0,13.6,0.0,0.0,0.14,18.0,43.0,28375.0,2.0,4.0,264.0,0.0,101120.0
2025-01-07 17:00:00,22.0616732809292,24.4175963044504,0.0,0.11494883040935672,13.9,63,0,3.6,350,14.7,13.2,13.6,0.0,0.0,0.04,19.0,44.0,12185.0,1.0,5.0,290.0,0.0,101140.0
2025-01-07 18:00:00,21.8641946566739,24.1439416677322,0.0,0.11513157894736842,11.3,80,37,5.0,36,13.2,13.2,13.6,0.0,0.0,0.02,16.0,59.0,3481.0,0.0,3.0,18.0,0.0,101180.0
2025-01-07 19:00:00,22.1934978231488,24.149588777443,0.0,0.1153143274853801,10.6,83,87,6.4,90,12.2,13.2,13.6,0.0,0.0,0.0,13.0,71.0,0.0,0.0,2.0,88.0,0.0,101200.0
2025-01-07 20:00:00,22.2084322795944,24.3236520171267,0.0,0.1154970760233918,9.6,84,99,4.6,88,11.4,13.1,13.6,0.0,0.0,0.0,11.0,78.0,0.0,0.0,2.0,126.0,0.0,101270.0
2025-01-07 21:00:00,21.9883490402688,24.2141563899244,0.0,0.11567982456140351,9.6,81,100,1.5,73,10.7,13.0,13.7,0.0,0.0,0.0,11.0,78.0,0.0,0.0,2.0,134.0,0.0,101280.0
2025-01-07 22:00:00,22.1449137041322,24.1195744026291,0.0,0.1158625730994152,9.3,81,83,0.2,49,10.1,12.8,13.7,0.0,0.0,0.0,9.0,83.0,0.0,0.0,1.0,180.0,0.0,101290.0
2025-01-07 23:00:00,22.1462281325238,24.3586269109929,0.0,0.1160453216374269,8.6,81,3,1.1,49,9.5,12.7,13.7,0.0,0.0,0.0,8.0,82.0,0.0,0.0,0.0,144.0,0.0,101300.0
2025-01-08 00:00:00,22.1971643251328,24.1144274205328,0.0,0.1162280701754386,8.1,81,1,1.3,14,9.0,12.5,13.7,0.0,0.0,0.0,8.0,86.0,0.0,0.0,0.0,198.0,0.0,101310.0
2025-01-08 01:00:00,21.9888598448687,24.1430615072601,0.0,0.11641081871345028,7.8,83,2,2.1,297,8.6,12.4,13.7,0.0,0.0,0.0,7.0,87.0,0.0,0.0,0.0,176.0,0.0,101260.0
2025-01-08 02:00:00,22.0220307917479,24.0809210522372,0.0,0.11659356725146199,6.7,84,42,3.2,254,8.3,12.1,13.7,0.0,0.0,0.0,7.0,91.0,0.0,0.0,0.0,186.0,0.0,101190.0
2025-01-08 03:00:00,22.0149831058348,24.0435734574031,0.0,0.11677631578947367,6.0,83,77,3.6,246,7.9,11.9,13.7,0.0,0.0,0.0,6.0,91.0,0.0,0.0,0.0,210.0,0.0,101130.0
2025-01-08 04:00:00,21.9528087520732,24.1968832654739,0.0,0.11695906432748537,5.6,81,97,4.9,239,7.7,11.7,13.7,0.0,0.0,0.0,6.0,92.0,0.0,0.0,2.0,222.0,0.0,101110.0
2025-01-08 05:00:00,22.1163562592428,24.0837649713846,0.0,0.11714181286549707,5.7,78,40,5.9,246,7.4,11.5,13.7,0.0,0.0,0.0,4.0,91.0,0.0,0.0,1.0,180.0,0.0,101110.0
2025-01-08 06:00:00,22.0624505026701,24.2446458788913,0.0,0.11732456140350876,5.8,75,28,6.0,252,7.2,11.3,13.7,0.0,0.0,0.0,7.0,86.0,0.0,0.0,1.0,192.0,0.0,101090.0
2025-01-08 07:00:00,21.9267741706198,24.0887529061877,0.0,0.11750730994152046,5.6,73,54,6.1,244,7.0,11.1,13.7,0.0,0.0,0.0,7.0,83.0,0.0,0.0,2.0,240.0,0.0,101110.0
2025-01-08 08:00:00,22.1867986210888,24.2061333086237,0.0,0.11769005847953215,7.0,70,63,5.1,241,7.0,10.8,13.7,0.0,0.0,0.02,7.0,82.0,0.0,0.0,2.0,234.0,0.0,101140.0
2025-01-08 09:00:00,21.8066848242355,24.2119688356847,0.0,0.11787280701754385,11.1,66,93,5.8,253,8.3,10.7,13.7,0.0,0.0,0.07,7.0,78.0,2401.0,0.0,2.0,210.0,0.0,101150.0
2025-01-08 10:00:00,21.9169186746051,24.0769126530646,0.0,0.11805555555555555,14.7,56,59,5.4,256,10.2,10.7,13.7,0.0,0.0,0.17,10.0,70.0,9115.0,0.0,2.0,222.0,0.0,101150.0
2025-01-08 11:00:00,33.9608177276969,44.595217942579,0.0,0.11823830409356724,17.9,47,16,6.5,281,12.2,10.8,13.6,0.0,0.0,0.26,12.0,61.0,24305.0,1.0,4.0,216.0,0.0,101160.0
2025-01-08 12:00:00,38.3483463258857,47.282818996492,0.0,0.11842105263157894,20.5,39,75,8.7,272,14.1,11.0,13.6,0.0,0.0,0.34,15.0,51.0,39675.0,2.0,5.0,256.0,0.0,101090.0
2025-01-08 13:00:00,37.6451763993916,44.5703772961444,0.0,0.11860380116959064,22.0,31,100,9.8,277,15.2,11.3,13.6,0.0,0.0,0.37,17.0,42.0,49708.0,3.0,6.0,252.0,0.0,101030.0
2025-01-08 14:00:00,37.1148992011331,42.6430483537348,0.0,0.11878654970760233,19.7,44,100,14.9,314,15.9,11.6,13.6,0.0,0.0,0.32,19.0,35.0,44480.0,3.0,4.0,263.0,0.0,101010.0
2025-01-08 15:00:00,36.6915586558488,41.0279267715965,0.0,0.11896929824561403,18.5,54,86,3.3,331,16.2,11.9,13.6,0.0,0.0,0.21,20.0,31.0,40098.0,2.0,2.0,265.0,0.0,101040.0
2025-01-08 16:00:00,36.457272618564,39.9717963281878,0.0,0.11915204678362573,18.0,66,0,1.8,107,16.0,12.2,13.6,0.0,0.0,0.13,19.0,48.0,24730.0,1.0,0.0,53.0,0.0,101050.0
2025-01-08 17:00:00,36.0375531142656,39.0566929576309,0.0,0.11933479532163742,14.7,72,0,3.4,20,14.8,12.5,13.6,0.0,0.0,0.04,18.0,59.0,10369.0,0.0,3.0,54.0,0.0,100990.0
2025-01-08 18:00:00,35.9106554193002,38.3670772756507,0.0,0.11951754385964912,13.4,74,0,1.3,4,13.2,12.6,13.6,0.0,0.0,0.02,17.0,64.0,3042.0,0.0,1.0,66.0,0.0,100910.0
2025-01-08 19:00:00,35.5084604549445,37.5844810170368,0.0,0.1197002923976608,12.6,80,0,1.4,339,12.0,12.6,13.7,0.0,0.0,0.0,13.0,83.0,0.0,0.0,0.0,38.0,0.0,100990.0
2025-01-08 20:00:00,35.0825729023013,37.1430452771541,0.0,0.11988304093567251,11.5,78,33,2.9,210,11.0,12.5,13.7,0.0,0.0,0.0,11.0,88.0,0.0,0.0,2.0,143.0,0.0,101130.0
2025-01-08 21:00:00,34.7879677270899,36.7794416476205,0.0,0.12006578947368421,10.7,67,12,4.3,238,10.3,12.4,13.7,0.0,0.0,0.0,11.0,87.0,0.0,0.0,0.0,174.0,0.0,101110.0
2025-01-08 22:00:00,34.5911448926869,35.8974386193187,0.0,0.1202485380116959,10.3,68,0,0.9,274,9.6,12.3,13.7,0.0,0.0,0.0,9.0,93.0,0.0,0.0,0.0,162.0,0.0,101180.0
2025-01-08 23:00:00,34.3506672363339,35.6538616976188,0.0,0.1204312865497076,9.7,67,0,2.2,242,9.0,12.1,13.7,0.0,0.0,0.0,8.0,92.0,0.0,0.0,0.0,120.0,0.0,101260.0
2025-01-09 00:00:00,34.3697171829668,35.445503807885,0.0,0.12061403508771928,8.9,74,0,5.5,231,8.6,12.0,13.7,0.0,0.0,0.0,9.0,87.0,0.0,0.0,2.0,143.0,0.0,101240.0
2025-01-09 01:00:00,34.1477078215539,35.1725859419332,0.0,0.12079678362573099,9.8,71,0,8.2,231,9.0,12.0,13.7,0.0,0.0,0.01,8.0,87.0,0.0,0.0,1.0,228.0,0.0,101190.0
2025-01-09 02:00:00,33.8602287940354,34.7463623409555,0.0,0.12097953216374269,9.9,68,7,2.0,252,8.5,11.8,13.7,0.0,0.0,0.0,6.0,92.0,0.0,0.0,0.0,42.0,0.0,101130.0
2025-01-09 03:00:00,33.8627140837519,34.3429291281954,0.0,0.12116228070175437,9.6,69,0,1.6,241,8.2,11.7,13.7,0.0,0.0,0.0,9.0,80.0,0.0,0.0,0.0,204.0,0.0,101140.0
2025-01-09 04:00:00,33.5747307457692,34.2109612006365,0.0,0.12134502923976608,8.8,73,12,7.8,226,7.9,11.5,13.7,0.0,0.0,0.01,10.0,72.0,0.0,0.0,2.0,180.0,0.0,101130.0
2025-01-09 05:00:00,33.5480420662986,33.7405242851915,0.0,0.12152777777777778,10.3,69,22,10.2,222,8.1,11.3,13.7,0.0,0.0,0.02,11.0,65.0,0.0,0.0,2.0,228.0,0.0,101120.0
2025-01-09 06:00:00,33.3738236925029,33.9212735461263,0.0,0.12171052631578946,11.0,66,35,10.2,222,8.4,11.1,13.7,0.0,0.0,0.03,11.0,66.0,0.0,0.0,2.0,234.0,0.0,101140.0
2025-01-09 07:00:00,33.4911252515105,33.617483757177,0.0,0.12189327485380116,11.5,63,87,10.9,219,8.7,11.0,13.7,0.0,0.0,0.03,11.0,68.0,0.0,0.0,2.0,240.0,0.0,101150.0
2025-01-09 08:00:00,33.2246270900433,33.5607087789805,0.0,0.12207602339181287,12.3,61,16,10.6,219,9.1,10.9,13.7,0.0,0.0,0.05,10.0,70.0,0.0,0.0,2.0,210.0,0.0,101210.0
2025-01-09 09:00:00,33.2594468310356,33.3379739499252,0.0,0.12225877192982455,15.8,54,4,11.6,223,10.2,10.9,13.7,0.0,0.0,0.12,11.0,65.0,4410.0,0.0,1.0,233.0,0.0,101290.0
2025-01-09 10:00:00,32.9141812388418,33.0993277117283,0.0,0.12244152046783625,18.7,47,11,12.1,234,12.0,11.0,13.7,0.0,0.0,0.21,13.0,60.0,12156.0,1.0,3.0,246.0,0.0,101360.0
2025-01-09 11:00:00,32.9388834645501,33.0338980726126,0.0,0.12262426900584794,20.5,42,11,12.6,249,13.7,11.2,13.6,0.0,0.0,0.3,17.0,49.0,24696.0,2.0,4.0,264.0,0.0,101410.0
2025-01-09 12:00:00,32.7487485337734,32.9162229448881,0.0,0.12280701754385964,21.7,39,5,11.8,258,15.2,11.4,13.6,0.0,0.0,0.35,19.0,44.0,42795.0,2.0,4.0,264.0,0.0,101410.0
2025-01-09 13:00:00,32.4647280387018,32.5187033145028,0.0,0.12298976608187134,23.0,34,9,11.5,258,16.5,11.8,13.6,0.0,0.0,0.38,21.0,40.0,60140.0,3.0,3.0,272.0,0.0,101350.0
2025-01-09 14:00:00,32.4275985595495,32.342684920815,0.0,0.12317251461988303,23.4,34,10,8.9,276,17.3,12.1,13.6,0.0,0.0,0.34,22.0,36.0,40160.0,3.0,6.0,286.0,0.0,101230.0
2025-01-09 15:00:00,32.5253684548756,32.2994563131775,0.0,0.12335526315789473,22.6,39,8,7.7,319,17.7,12.5,13.6,0.0,0.0,0.27,23.0,35.0,32652.0,2.0,3.0,303.0,0.0,101170.0
2025-01-09 16:00:00,32.2985026648213,31.8299144235054,0.0,0.12353801169590642,20.1,53,6,4.1,5,17.4,12.8,13.7,0.0,0.0,0.14,24.0,31.0,24172.0,1.0,3.0,289.0,0.0,101170.0
2025-01-09 17:00:00,32.0373096148082,31.7864004414614,0.0,0.12372076023391812,16.7,61,4,2.8,63,16.2,13.1,13.7,0.0,0.0,0.04,21.0,36.0,8088.0,0.0,4.0,38.0,0.0,101210.0
2025-01-09 18:00:00,31.8575995951111,31.6082982718059,0.0,0.12390350877192982,14.2,68,2,5.1,121,14.6,13.2,13.7,0.0,0.0,0.04,20.0,43.0,1887.0,0.0,2.0,120.0,0.0,101230.0
2025-01-09 19:00:00,31.8155967287656,31.5202044284619,0.0,0.12408625730994151,13.5,68,2,3.7,158,13.4,13.3,13.7,0.0,0.0,0.0,16.0,50.0,0.0,0.0,2.0,108.0,0.0,101270.0
2025-01-09 20:00:00,31.7065292837892,31.096593631291,0.0,0.12426900584795321,13.1,66,0,4.0,190,12.5,13.3,13.7,0.0,0.0,0.0,15.0,55.0,0.0,0.0,2.0,156.0,0.0,101320.0
2025-01-09 21:00:00,31.7706465674803,31.3868681246619,0.0,0.12445175438596491,12.9,64,0,4.7,189,11.9,13.2,13.7,0.0,0.0,0.01,15.0,54.0,0.0,0.0,1.0,204.0,0.0,101340.0
2025-01-09 22:00:00,31.401071467571,30.934511662295,0.0,0.1246345029239766,12.6,63,0,5.4,196,11.4,13.1,13.7,0.0,0.0,0.01,11.0,65.0,0.0,0.0,0.0,186.0,0.0,101410.0
2025-01-09 23:00:00,31.4677403726642,30.8960655044886,0.0,0.1248172514619883,12.1,68,5,6.6,202,11.1,13.0,13.7,0.0,0.0,0.01,14.0,54.0,0.0,0.0,1.0,162.0,0.0,101430.0
2025-01-10 00:00:00,31.6384322223901,30.9506513607882,0.0,0.125,12.0,78,6,6.9,201,11.0,12.9,13.7,0.0,0.0,0.0,9.0,73.0,0.0,0.0,0.0,322.0,0.0,101470.0
2025-01-10 01:00:00,31.3181232660521,30.8123117791072,0.0,0.1251827485380117,11.8,78,0,6.4,200,11.3,13.0,13.7,0.0,0.0,0.0,10.0,67.0,0.0,0.0,2.0,164.0,0.0,101430.0
2025-01-10 02:00:00,31.2514647735081,30.669766087327,0.0,0.12536549707602337,11.4,85,0,5.6,201,11.0,12.9,13.7,0.0,0.0,0.0,10.0,68.0,0.0,0.0,0.0,178.0,0.0,101400.0
2025-01-10 03:00:00,31.0170012197201,30.5651819997945,0.0,0.12554824561403508,11.3,85,0,4.8,211,10.7,12.8,13.7,0.0,0.0,0.0,9.0,73.0,0.0,0.0,0.0,168.0,0.0,101410.0
2025-01-10 04:00:00,31.198848885641,30.6901508587432,0.0,0.12573099415204678,11.0,86,1,6.8,223,10.5,12.6,13.7,0.0,0.0,0.0,8.0,74.0,0.0,0.0,1.0,172.0,0.0,101410.0
2025-01-10 05:00:00,31.0243101604527,30.6500994176622,0.0,0.12591374269005848,10.8,86,0,7.4,227,10.4,12.5,13.7,0.0,0.0,0.0,10.0,73.0,0.0,0.0,2.0,186.0,0.0,101410.0
2025-01-10 06:00:00,30.9673866749819,30.3006943789472,0.0,0.12609649122807018,10.6,86,4,7.4,234,10.3,12.4,13.7,0.0,0.0,0.0,10.0,69.0,0.0,0.0,1.0,198.0,0.0,101440.0
2025-01-10 07:00:00,30.6956968205699,30.4042080815192,0.0,0.12627923976608185,10.5,84,12,8.2,238,10.1,12.3,13.7,0.0,0.0,0.0,11.0,67.0,0.0,0.0,2.0,234.0,0.0,101440.0
2025-01-10 08:00:00,30.8639612847509,30.1673561989964,0.0,0.12646198830409355,11.2,80,2,9.1,237,10.2,12.2,13.7,0.0,0.0,0.02,10.0,71.0,52.0,0.0,0.0,204.0,0.0,101500.0
2025-01-10 09:00:00,30.8578797599116,30.3351787828491,0.0,0.12664473684210525,14.5,68,1,10.1,236,11.2,12.1,13.8,0.0,0.0,0.09,12.0,65.0,4832.0,0.0,2.0,234.0,0.0,101560.0
2025-01-10 10:00:00,30.5835639939173,30.1453560288999,0.0,0.12682748538011696,17.6,58,1,7.6,242,12.8,12.2,13.8,0.0,0.0,0.18,14.0,58.0,13603.0,1.0,3.0,222.0,0.0,101600.0
2025-01-10 11:00:00,30.7639887132075,30.0806058501819,0.0,0.12701023391812866,19.9,49,0,7.7,271,14.6,12.3,13.8,0.0,0.0,0.28,16.0,49.0,29703.0,1.0,3.0,234.0,0.0,101630.0
2025-01-10 12:00:00,30.6583351809852,29.9772782998471,0.0,0.12719298245614036,21.3,44,0,8.0,274,16.1,12.5,13.8,0.0,0.0,0.34,18.0,46.0,43631.0,2.0,2.0,234.0,0.0,101600.0
2025-01-10 13:00:00,30.4727308580468,29.9307880324952,0.0,0.12737573099415203,22.4,40,0,7.8,277,17.3,12.6,13.8,0.0,0.0,0.36,20.0,40.0,49472.0,3.0,2.0,259.0,0.0,101510.0
2025-01-10 14:00:00,30.5866632791181,29.8384019891953,0.0,0.12755847953216373,22.9,38,0,7.5,288,18.1,13.0,13.8,0.0,0.0,0.34,22.0,37.0,47227.0,3.0,3.0,204.0,0.0,101390.0
2025-01-10 15:00:00,30.5490791644439,29.963267873299,0.0,0.12774122807017543,22.4,41,0,7.3,332,18.4,13.3,13.8,0.0,0.0,0.27,22.0,36.0,36030.0,2.0,3.0,306.0,0.0,101320.0
2025-01-10 16:00:00,30.5423322682086,29.6951792090285,0.0,0.12792397660818713,19.7,57,0,8.6,18,18.0,13.6,13.8,0.0,0.0,0.16,22.0,43.0,20105.0,1.0,3.0,23.0,0.0,101300.0
2025-01-10 17:00:00,30.2936586299462,29.7109623979527,0.0,0.12810672514619884,15.7,79,0,4.9,58,16.8,13.8,13.8,0.0,0.0,0.04,19.0,59.0,6421.0,0.0,4.0,12.0,0.0,101360.0
2025-01-10 18:00:00,30.1607560530132,29.5072900833191,0.0,0.1282894736842105,13.8,85,0,6.0,103,15.3,14.0,13.8,0.0,0.0,0.02,17.0,65.0,1091.0,0.0,2.0,108.0,0.0,101390.0
2025-01-10 19:00:00,30.0995513052473,29.4589804805683,0.0,0.1284722222222222,12.5,84,0,4.9,145,14.2,14.0,13.8,0.0,0.0,0.0,15.0,74.0,0.0,0.0,2.0,132.0,0.0,101450.0
2025-01-10 20:00:00,30.1564620161553,29.3546763995742,0.0,0.1286549707602339,12.0,81,0,4.5,184,13.2,14.0,13.8,0.0,0.0,0.0,14.0,74.0,0.0,0.0,2.0,144.0,0.0,101490.0
2025-01-10 21:00:00,30.033403099794,29.5388698359636,0.0,0.1288377192982456,11.9,78,0,5.1,199,12.4,13.9,13.8,0.0,0.0,0.0,12.0,77.0,0.0,0.0,0.0,175.0,0.0,101530.0
2025-01-10 22:00:00,29.9645885960427,29.2030234718035,0.0,0.1290204678362573,12.1,76,0,4.6,206,11.8,13.8,13.8,0.0,0.0,0.0,12.0,75.0,0.0,0.0,0.0,198.0,0.0,101460.0
2025-01-10 23:00:00,29.8624442552718,29.1758333280466,0.0,0.129203216374269,12.2,74,0,4.2,209,11.3,13.7,13.8,0.0,0.0,0.0,12.0,80.0,0.0,0.0,1.0,300.0,0.0,101490.0
2025-01-11 00:00:00,29.9744023238341,29.1226176237587,0.0,0.1293859649122807,12.1,74,0,4.0,215,10.9,13.5,13.9,0.0,0.0,0.0,11.0,79.0,0.0,0.0,1.0,180.0,0.0,101480.0
2025-01-11 01:00:00,29.7410400115212,29.1076144484884,0.0,0.1295687134502924,10.8,79,0,6.3,243,10.4,13.5,13.9,0.0,0.0,0.0,12.0,76.0,0.0,0.0,1.0,228.0,0.0,101470.0
2025-01-11 02:00:00,29.5912301093048,29.0213683499838,0.0,0.1297514619883041,11.2,76,0,9.0,235,10.3,13.3,13.9,0.0,0.0,0.01,11.0,77.0,0.0,0.0,2.0,228.0,0.0,101460.0
2025-01-11 03:00:00,29.737680824392,28.9010378579805,0.0,0.1299342105263158,10.9,76,0,8.8,222,10.4,13.1,13.9,0.0,0.0,0.01,11.0,76.0,0.0,0.0,2.0,186.0,0.0,101430.0
2025-01-11 04:00:00,29.5672722085031,29.0002590019479,0.0,0.13011695906432746,10.4,84,0,8.6,233,10.3,13.0,13.9,0.0,0.0,0.0,11.0,75.0,0.0,0.0,2.0,264.0,0.0,101370.0
2025-01-11 05:00:00,29.6798829197719,28.6758234858595,0.0,0.13029970760233917,10.6,89,1,9.8,236,10.3,12.8,13.9,0.0,0.0,0.0,11.0,76.0,0.0,0.0,2.0,210.0,0.0,101410.0
2025-01-11 06:00:00,29.5940797931509,28.7746904184382,0.0,0.13048245614035087,11.2,89,0,9.6,215,10.5,12.7,13.9,0.0,0.0,0.0,11.0,76.0,0.0,0.0,2.0,246.0,0.0,101420.0
2025-01-11 07:00:00,29.7373622273395,28.9507637726238,0.0,0.13066520467836257,10.5,91,0,7.2,216,10.4,12.6,13.9,0.0,0.0,0.0,11.0,77.0,0.0,0.0,1.0,228.0,0.0,101470.0
2025-01-11 08:00:00,29.5042077296454,28.7935693943797,0.0,0.13084795321637427,11.4,89,6,11.1,229,10.5,12.5,13.9,0.0,0.0,0.02,11.0,78.0,251.0,0.0,2.0,246.0,0.0,101500.0
2025-01-11 09:00:00,29.4614222756196,28.7821430366717,0.0,0.13103070175438597,15.3,75,94,12.3,212,11.6,12.4,13.9,0.0,0.0,0.09,13.0,75.0,6072.0,0.0,2.0,276.0,0.0,101560.0
2025-01-11 10:00:00,29.3314533700628,28.9143257518404,0.0,0.13121345029239764,18.4,62,100,10.3,219,13.3,12.5,13.9,0.0,0.0,0.19,15.0,71.0,21640.0,1.0,4.0,270.0,0.0,101590.0
2025-01-11 11:00:00,29.5433532596961,28.8476266604358,0.0,0.13139619883040934,20.1,55,100,11.7,241,14.9,12.6,13.9,0.0,0.0,0.27,17.0,62.0,45091.0,3.0,3.0,290.0,0.0,101640.0
2025-01-11 12:00:00,29.4647161873665,28.6452657338601,0.0,0.13157894736842105,20.8,51,100,12.3,259,16.1,12.8,13.9,0.0,0.0,0.28,18.0,61.0,33440.0,2.0,3.0,324.0,0.0,101570.0
2025-01-11 13:00:00,29.2320095477596,28.8446610083255,0.0,0.13176169590643275,21.3,52,28,15.3,281,17.1,13.1,13.9,0.0,0.0,0.31,19.0,57.0,46572.0,3.0,1.0,342.0,0.0,101500.0
2025-01-11 14:00:00,29.495893672814,28.645084974964,0.0,0.13194444444444445,21.7,52,7,14.9,277,17.9,13.4,13.9,0.0,0.0,0.32,20.0,54.0,44640.0,2.0,3.0,245.0,0.0,101380.0
2025-01-11 15:00:00,29.3890606978072,28.7230766491083,0.0,0.13212719298245612,21.1,56,0,14.5,277,18.2,13.7,13.9,0.0,0.0,0.27,21.0,52.0,34452.0,2.0,2.0,252.0,0.0,101330.0
2025-01-11 16:00:00,29.3507498224139,28.4508756099582,0.0,0.13230994152046782,20.2,60,6,9.3,284,18.0,14.0,13.9,0.0,0.0,0.17,21.0,51.0,17760.0,1.0,1.0,193.0,0.0,101310.0
2025-01-11 17:00:00,29.3460460037872,28.5178058712035,0.0,0.13249269005847952,17.6,68,3,4.0,293,17.0,14.2,14.0,0.0,0.0,0.05,21.0,53.0,5475.0,0.0,2.0,275.0,0.0,101350.0
2025-01-11 18:00:00,29.1486748799493,28.6215341992236,0.0,0.13267543859649122,16.1,72,10,3.2,250,15.5,14.3,14.0,0.0,0.0,0.03,18.0,67.0,460.0,0.0,0.0,42.0,0.0,101430.0
2025-01-11 19:00:00,29.2320091896076,28.6149859183737,0.0,0.13285818713450293,15.8,75,21,8.6,221,14.6,14.3,14.0,0.0,0.0,0.02,16.0,75.0,0.0,0.0,0.0,119.0,0.0,101420.0
2025-01-11 20:00:00,28.8852666062491,28.5176650956938,0.0,0.13304093567251463,14.6,83,15,6.8,216,14.1,14.3,14.0,0.0,0.0,0.0,13.0,82.0,0.0,0.0,1.0,90.0,0.0,101470.0
2025-01-11 21:00:00,29.1029695935767,28.5307096147277,0.0,0.1332236842105263,13.4,85,23,4.9,193,13.5,14.3,14.0,0.0,0.0,0.0,13.0,80.0,0.0,0.0,0.0,180.0,0.0,101480.0
2025-01-11 22:00:00,29.1706021283706,28.4226129698997,0.0,0.133406432748538,12.8,87,34,5.0,175,12.9,14.2,14.0,0.0,0.0,0.0,11.0,82.0,0.0,0.0,1.0,291.0,0.0,101530.0
2025-01-11 23:00:00,28.9662622830341,28.2950150163645,0.0,0.1335891812865497,12.4,88,17,3.1,180,12.4,14.1,14.0,0.0,0.0,0.0,10.0,84.0,0.0,0.0,0.0,162.0,0.0,101530.0
2025-01-12 00:00:00,29.1733703809614,28.3029810959096,0.0,0.1337719298245614,12.4,87,18,1.0,180,11.8,14.0,14.0,0.0,0.0,0.0,13.0,78.0,0.0,0.0,0.0,258.0,0.0,101440.0
2025-01-12 01:00:00,29.1694304805033,28.1334667829856,0.0,0.1339546783625731,12.0,85,70,4.4,246,11.6,13.9,14.0,0.0,0.0,0.0,11.0,87.0,0.0,0.0,0.0,228.0,0.0,101390.0
2025-01-12 02:00:00,28.8736283487841,28.3302263227359,0.0,0.13413742690058478,11.5,87,98,6.0,234,11.3,13.7,14.1,0.0,0.0,0.0,12.0,86.0,0.0,0.0,2.0,204.0,0.0,101360.0
2025-01-12 03:00:00,28.8865089030485,28.1852261775421,0.0,0.13432017543859648,11.0,87,81,6.1,239,11.0,13.6,14.1,0.0,0.0,0.0,11.0,87.0,0.0,0.0,2.0,184.0,0.0,101370.0
2025-01-12 04:00:00,28.9569544852756,27.9615265961894,0.0,0.13450292397660818,11.6,85,78,7.7,227,11.0,13.4,14.1,0.0,0.0,0.0,11.0,85.0,0.0,0.0,1.0,204.0,0.0,101370.0
2025-01-12 05:00:00,28.7520423666013,28.1070960873874,0.0,0.13468567251461988,11.7,85,8,7.5,211,11.1,13.3,14.1,0.0,0.0,0.0,12.0,85.0,0.0,0.0,1.0,198.0,0.0,101300.0
2025-01-12 06:00:00,28.8058646762851,28.0846003897759,0.0,0.13486842105263158,10.9,86,2,6.5,208,10.9,13.2,14.1,0.0,0.0,0.0,10.0,89.0,0.0,0.0,2.0,270.0,0.0,101240.0
2025-01-12 07:00:00,28.6500865176301,28.0840073630384,0.0,0.13505116959064326,10.2,87,14,4.3,192,10.5,13.1,14.1,0.0,0.0,0.0,10.0,88.0,0.0,0.0,1.0,216.0,0.0,101290.0
2025-01-12 08:00:00,28.8296570287588,27.951935271685,0.0,0.13523391812865496,10.9,90,12,4.2,190,10.5,12.9,14.1,0.0,0.0,0.01,11.0,88.0,584.0,0.0,1.0,222.0,0.0,101290.0
2025-01-12 09:00:00,28.7515057210635,27.8457934926945,0.0,0.13541666666666666,13.7,83,6,6.1,233,11.6,12.8,14.1,0.0,0.0,0.07,12.0,84.0,6296.0,0.0,1.0,228.0,0.0,101350.0
2025-01-12 10:00:00,28.7096076756653,28.0230210976548,0.0,0.13559941520467836,16.0,77,31,2.8,256,13.2,12.8,14.1,0.0,0.0,0.16,14.0,78.0,19283.0,1.0,2.0,262.0,0.0,101440.0
2025-01-12 11:00:00,28.7489242998853,27.9140293820352,0.0,0.13578216374269006,17.4,73,62,2.1,151,14.9,12.9,14.1,0.0,0.0,0.22,15.0,74.0,19930.0,1.0,1.0,130.0,0.0,101460.0
2025-01-12 12:00:00,28.7630885137785,27.8095020684892,0.0,0.13596491228070173,18.5,67,36,2.6,257,16.4,13.1,14.1,0.0,0.0,0.26,17.0,67.0,29876.0,2.0,2.0,204.0,0.0,101370.0
2025-01-12 13:00:00,28.7291474702794,27.6989100845142,0.0,0.13614766081871343,20.0,57,41,9.7,273,17.4,13.4,14.1,0.0,0.0,0.29,19.0,62.0,49856.0,3.0,2.0,310.0,0.0,101280.0
2025-01-12 14:00:00,28.8881191949073,27.8885043475325,0.0,0.13633040935672514,20.4,54,84,9.6,287,18.0,13.7,14.1,0.0,0.0,0.29,19.0,58.0,36436.0,2.0,4.0,249.0,0.0,101140.0
2025-01-12 15:00:00,28.7243632587625,27.9257892744268,0.0,0.13651315789473684,18.8,66,0,14.8,353,17.8,14.0,14.1,0.0,0.0,0.17,19.0,58.0,24262.0,1.0,1.0,243.0,0.0,101070.0
2025-01-12 16:00:00,28.8228818272138,27.9092398091113,0.0,0.13669590643274854,17.5,76,2,9.9,356,17.5,14.2,14.1,0.0,0.0,0.13,18.0,68.0,5108.0,0.0,6.0,12.0,0.0,101100.0
2025-01-12 17:00:00,28.7218008174952,27.7078475180093,0.0,0.13687865497076024,15.1,88,5,4.8,11,16.5,14.4,14.1,0.0,0.0,0.04,18.0,70.0,4832.0,0.0,2.0,30.0,0.0,101030.0
2025-01-12 18:00:00,28.6152125615241,27.9445763566834,0.0,0.1370614035087719,13.3,96,99,12.9,34,15.4,14.4,14.1,0.4,0.4,0.01,16.0,75.0,174.0,0.0,2.0,88.0,0.0,101090.0
2025-01-12 19:00:00,28.7687629692967,27.7220271512262,0.0,0.1372441520467836,13.7,94,33,2.8,57,14.7,14.5,14.2,0.1,0.1,0.0,15.0,87.0,0.0,0.0,3.0,115.0,0.0,101180.0
2025-01-12 20:00:00,28.732859623839,27.911092612232,0.0,0.13742690058479531,12.2,93,30,3.6,88,13.5,14.4,14.2,0.0,0.0,0.0,13.0,88.0,0.0,0.0,1.0,113.0,0.0,101230.0
2025-01-12 21:00:00,28.5250417747837,27.6639086615899,0.0,0.13760964912280702,12.1,85,43,4.8,85,12.8,14.3,14.2,0.0,0.0,0.0,12.0,91.0,0.0,0.0,0.0,125.0,0.0,101260.0
2025-01-12 22:00:00,28.5501006028491,27.7316537165192,0.0,0.13779239766081872,12.5,76,76,6.8,88,12.5,14.2,14.2,0.0,0.0,0.01,12.0,88.0,0.0,0.0,1.0,54.0,0.0,101330.0
2025-01-12 23:00:00,28.5519606506651,27.5434617826446,0.0,0.1379751461988304,12.0,71,44,4.4,122,12.2,14.1,14.2,0.0,0.0,0.0,12.0,86.0,0.0,0.0,0.0,120.0,0.0,101340.0
2025-01-13 00:00:00,28.3619371209979,27.4582469665849,0.0,0.1381578947368421,11.1,72,89,2.6,121,11.8,14.0,14.2,0.0,0.0,0.0,12.0,88.0,0.0,0.0,0.0,182.0,0.0,101310.0
2025-01-13 01:00:00,28.4686145098257,27.5723702359632,0.0,0.1383406432748538,11.7,66,56,2.1,110,12.2,14.1,14.2,0.0,0.0,0.0,9.0,92.0,0.0,0.0,0.0,258.0,0.0,101230.0
2025-01-13 02:00:00,28.578704007832,27.4901490534486,0.0,0.1385233918128655,10.3,64,4,0.2,56,11.1,14.0,14.2,0.0,0.0,0.0,8.0,93.0,0.0,0.0,0.0,155.0,0.0,101230.0
2025-01-13 03:00:00,28.5288509161415,27.7648765258514,0.0,0.1387061403508772,9.9,64,6,1.8,26,10.2,13.8,14.2,0.0,0.0,0.0,7.0,93.0,0.0,0.0,0.0,176.5,0.0,101235.0
2025-01-13 04:00:00,28.372255646565,27.4666036873708,0.0,0.1388888888888889,9.9,68,11,2.1,54,9.4,13.6,14.2,0.0,0.0,0.0,6.0,93.0,0.0,0.0,0.0,198.0,0.0,101240.0
2025-01-13 05:00:00,28.5907467648123,27.3665466223304,0.0,0.13907163742690057,9.6,66,6,3.6,62,8.9,13.3,14.2,0.0,0.0,0.0,6.0,81.0,0.0,0.0,1.0,126.0,0.0,101250.0
2025-01-13 06:00:00,28.2641429957419,27.4700431774863,0.0,0.13925438596491227,8.9,66,7,4.6,72,8.4,13.1,14.2,0.0,0.0,0.0,5.0,84.0,0.0,0.0,0.0,174.0,0.0,101280.0
2025-01-13 07:00:00,28.2576035154769,27.4518826298526,0.0,0.13943713450292397,8.1,67,4,4.2,100,8.0,12.8,14.2,0.0,0.0,0.0,8.0,68.0,0.0,0.0,2.0,138.0,0.0,101300.0
2025-01-13 08:00:00,28.3634670082592,27.3086761241867,0.0,0.13961988304093567,7.9,73,5,3.8,120,7.9,12.5,14.2,0.0,0.0,0.01,5.0,80.0,0.0,0.0,1.0,192.0,0.0,101330.0
2025-01-13 09:00:00,28.995831537669,29.8712815597514,0.0,0.13980263157894737,11.3,72,28,4.0,115,9.1,12.3,14.2,0.0,0.0,0.07,5.0,89.0,1260.0,0.0,1.0,174.0,0.0,101350.0
2025-01-13 10:00:00,32.2647260477779,35.0854479787103,0.0,0.13998538011695905,14.0,56,23,4.2,63,11.0,12.2,14.2,0.0,0.0,0.15,9.0,74.0,6579.0,0.0,0.0,174.0,0.0,101400.0
2025-01-13 11:00:00,32.2321818125108,34.4942783245651,0.0,0.14016812865497075,14.9,49,6,10.9,53,12.5,12.3,14.2,0.0,0.0,0.23,13.0,63.0,23237.0,2.0,0.0,274.0,0.0,101450.0
2025-01-13 12:00:00,32.1531050781186,34.2452085279218,0.0,0.14035087719298245,15.3,43,7,13.2,49,13.9,12.4,14.2,0.0,0.0,0.3,15.0,53.0,40240.0,2.0,4.0,21.0,0.0,101490.0
2025-01-13 13:00:00,32.3864809230879,33.8355297463727,0.0,0.14053362573099415,15.7,44,10,12.0,43,15.1,12.4,14.2,0.0,0.0,0.3,15.0,44.0,38084.0,2.0,3.0,60.0,0.0,101440.0
2025-01-13 14:00:00,32.3436461863215,33.5606534756284,0.0,0.14071637426900585,15.5,43,3,13.6,41,15.6,12.6,14.2,0.0,0.0,0.29,16.0,40.0,50510.0,4.0,4.0,72.0,0.0,101340.0
2025-01-13 15:00:00,32.1612913252925,33.3474171369377,0.0,0.14089912280701752,14.9,46,1,14.8,42,15.7,12.8,14.2,0.0,0.0,0.24,16.0,44.0,44604.0,3.0,5.0,54.0,0.0,101270.0
2025-01-13 16:00:00,32.0201018706048,33.0747952981574,0.0,0.14108187134502922,13.7,52,0,14.0,45,15.2,13.0,14.2,0.0,0.0,0.16,15.0,45.0,29588.0,1.0,6.0,12.0,0.0,101270.0
2025-01-13 17:00:00,31.8389689022988,32.8526451588152,0.0,0.14126461988304093,11.9,61,0,9.3,46,14.2,13.1,14.2,0.0,0.0,0.06,15.0,46.0,13298.0,1.0,4.0,36.0,0.0,101280.0
2025-01-13 18:00:00,31.7712039965993,32.6634771738214,0.0,0.14144736842105263,9.7,71,0,7.5,55,12.8,13.2,14.2,0.0,0.0,0.03,14.0,54.0,4051.0,0.0,3.0,48.0,0.0,101290.0
2025-01-13 19:00:00,31.9300886014107,32.4494502741189,0.0,0.14163011695906433,8.5,76,0,6.7,67,11.5,13.1,14.2,0.0,0.0,0.0,12.0,60.0,45.0,0.0,3.0,48.0,0.0,101310.0
2025-01-13 20:00:00,31.5902749029641,32.3442435839277,0.0,0.141812865497076,8.0,77,0,6.1,82,10.5,13.0,14.2,0.0,0.0,0.0,10.0,66.0,0.0,0.0,2.0,138.0,0.0,101360.0
2025-01-13 21:00:00,31.8481738599839,32.1918987942636,0.0,0.1419956140350877,7.3,79,8,5.4,102,9.7,12.8,14.2,0.0,0.0,0.0,10.0,69.0,0.0,0.0,2.0,128.0,0.0,101420.0
2025-01-13 22:00:00,31.8395253733464,32.0264181069675,0.0,0.1421783625730994,6.8,81,26,4.9,118,9.1,12.7,14.2,0.0,0.0,0.0,7.0,76.0,0.0,0.0,0.0,122.0,0.0,101450.0
2025-01-13 23:00:00,31.6316073219157,32.0386007326127,0.0,0.1423611111111111,6.4,82,11,4.2,124,8.8,12.5,14.2,0.0,0.0,0.0,6.0,77.0,0.0,0.0,0.0,180.0,0.0,101450.0
2025-01-14 00:00:00,31.4385436742224,31.6513011866729,0.0,0.1425438596491228,5.6,82,1,2.8,125,8.3,12.3,14.2,0.0,0.0,0.0,5.0,81.0,0.0,0.0,0.0,171.0,0.0,101450.0
2025-01-14 01:00:00,31.7157723398028,31.4972578776781,0.0,0.1427266081871345,4.9,81,0,2.2,103,7.9,12.2,14.2,0.0,0.0,0.0,5.0,78.0,0.0,0.0,0.0,306.0,0.0,101440.0
2025-01-14 02:00:00,31.5522218138496,31.4341319172534,0.0,0.14290935672514618,4.4,81,0,2.0,82,7.5,12.0,14.2,0.0,0.0,0.0,3.0,83.0,0.0,0.0,0.0,144.0,0.0,101430.0
2025-01-14 03:00:00,31.360020204692,31.4706047211739,0.0,0.14309210526315788,4.3,79,2,1.1,51,7.1,11.7,14.2,0.0,0.0,0.0,2.0,85.0,0.0,0.0,0.0,186.0,0.0,101410.0
2025-01-14 04:00:00,31.1779726424491,31.1587657424553,0.0,0.14327485380116958,4.3,78,13,2.1,88,6.8,11.5,14.2,0.0,0.0,0.0,2.0,88.0,0.0,0.0,0.0,180.0,0.0,101470.0
2025-01-14 05:00:00,31.3693826008003,31.0355197650188,0.0,0.14345760233918128,4.1,77,24,1.9,87,6.4,11.3,14.2,0.0,0.0,0.0,3.0,89.0,0.0,0.0,1.0,192.0,0.0,101420.0
2025-01-14 06:00:00,31.4742504443049,31.2104351090849,0.0,0.14364035087719298,4.2,77,18,2.1,92,6.3,11.1,14.2,0.0,0.0,0.0,3.0,87.0,0.0,0.0,0.0,142.0,0.0,101440.0
2025-01-14 07:00:00,31.3045360687309,30.96972643604,0.0,0.14382309941520466,4.2,76,7,1.1,70,6.0,10.8,14.2,0.0,0.0,0.0,3.0,87.0,0.0,0.0,0.0,192.0,0.0,101440.0
2025-01-14 08:00:00,31.2290141302471,30.8866469517969,0.0,0.14400584795321636,4.9,77,23,1.5,80,6.0,10.6,14.2,0.0,0.0,0.01,1.0,85.0,0.0,0.0,0.0,168.0,0.0,101500.0
2025-01-14 09:00:00,31.2733430517257,30.7684716459552,0.0,0.14418859649122806,8.9,67,18,1.5,65,7.3,10.5,14.2,0.0,0.0,0.06,2.0,89.0,2415.0,0.0,0.0,174.0,0.0,101570.0
2025-01-14 10:00:00,31.2301115684128,30.6443557045261,0.0,0.14437134502923976,11.6,56,4,6.3,51,9.1,10.4,14.2,0.0,0.0,0.16,8.0,71.0,8682.0,0.0,0.0,198.0,0.0,101600.0
2025-01-14 11:00:00,31.0433799950486,30.7674314770034,0.0,0.14455409356725146,13.2,48,1,11.8,63,10.9,10.5,14.1,0.0,0.0,0.24,9.0,68.0,24380.0,1.0,1.0,299.0,0.0,101660.0
2025-01-14 12:00:00,31.0540447557463,30.6035480019643,0.0,0.14473684210526316,13.8,45,16,14.4,56,12.3,10.6,14.1,0.0,0.0,0.29,12.0,55.0,40176.0,2.0,1.0,80.0,0.0,101670.0
2025-01-14 13:00:00,30.8901027121729,30.6003451143931,0.0,0.14491959064327484,13.9,46,28,16.7,46,13.2,10.8,14.1,0.0,0.0,0.29,14.0,41.0,49260.0,2.0,3.0,106.0,0.0,101580.0
2025-01-14 14:00:00,30.991266083831,30.5233584091244,0.0,0.14510233918128654,13.0,52,17,20.5,52,13.6,11.0,14.1,0.0,0.0,0.24,14.0,44.0,55381.0,3.0,3.0,60.0,0.0,101490.0
2025-01-14 15:00:00,30.8646619338581,30.5012769847083,0.0,0.14528508771929824,12.5,54,40,20.5,53,13.6,11.2,14.1,0.0,0.0,0.21,14.0,50.0,41676.0,2.0,5.0,90.0,0.0,101440.0
2025-01-14 16:00:00,30.9186973764173,30.1451091403596,0.0,0.14546783625730994,11.8,57,38,19.5,58,13.1,11.4,14.1,0.0,0.0,0.14,13.0,42.0,29122.0,1.0,5.0,60.0,0.0,101460.0
2025-01-14 17:00:00,30.6943003147989,30.2493070121198,0.0,0.14565058479532164,11.0,61,43,16.7,61,12.4,11.5,14.1,0.0,0.0,0.08,13.0,57.0,18949.0,1.0,5.0,43.0,0.0,101470.0
2025-01-14 18:00:00,30.6972137194557,29.8596336947375,0.0,0.14583333333333331,9.7,70,21,8.8,69,11.5,11.6,14.1,0.0,0.0,0.04,11.0,62.0,3775.0,0.0,4.0,54.0,0.0,101510.0
2025-01-14 19:00:00,30.5318199897997,29.9083823700006,0.0,0.14601608187134502,7.9,80,48,5.9,62,10.5,11.6,14.1,0.0,0.0,0.0,11.0,64.0,0.0,0.0,0.0,131.0,0.0,101530.0
2025-01-14 20:00:00,30.3815773869245,29.8445843590039,0.0,0.14619883040935672,8.2,81,43,1.5,59,9.7,11.5,14.1,0.0,0.0,0.0,10.0,69.0,0.0,0.0,0.0,101.0,0.0,101570.0
2025-01-14 21:00:00,30.6545135769028,29.7602142762519,0.0,0.14638157894736842,7.8,83,31,0.7,53,9.0,11.5,14.1,0.0,0.0,0.0,10.0,77.0,0.0,0.0,2.0,37.0,0.0,101610.0
2025-01-14 22:00:00,30.5223521835711,29.7501197650508,0.0,0.14656432748538012,6.9,85,52,2.3,103,8.4,11.4,14.1,0.0,0.0,0.0,9.0,86.0,0.0,0.0,0.0,210.0,0.0,101560.0
2025-01-14 23:00:00,30.6150112921565,29.7953788111028,0.0,0.1467470760233918,6.8,87,24,3.1,281,8.2,11.2,14.1,0.1,0.1,0.0,7.0,91.0,0.0,0.0,1.0,264.0,0.0,101570.0
2025-01-15 00:00:00,30.375031086779,29.977055042005,0.0,0.1469298245614035,5.7,92,51,3.0,302,7.8,11.1,14.0,0.1,0.1,0.0,8.0,91.0,0.0,0.0,0.0,180.0,3.0,101630.0
2025-01-15 01:00:00,30.5802106764107,29.7469609886859,0.0,0.1471125730994152,7.8,88,51,2.7,151,8.9,11.2,14.0,0.2,0.2,0.0,8.0,89.0,0.0,0.0,0.0,204.0,1.0,101590.0
2025-01-15 02:00:00,30.4359147052593,29.720582077501,0.0,0.1472953216374269,6.8,87,10,3.4,219,8.1,11.1,14.0,0.5,0.5,0.0,8.0,89.0,0.0,0.0,0.0,210.0,0.0,101570.0
2025-01-15 03:00:00,30.4000067540673,29.5198822996196,0.0,0.1474780701754386,5.8,93,96,3.1,283,7.4,10.9,14.0,0.1,0.1,0.0,7.0,92.0,0.0,0.0,0.0,180.0,0.0,101590.0
2025-01-15 04:00:00,30.4420036075527,29.6962220243609,0.0,0.14766081871345027,6.3,96,27,6.8,213,7.4,10.8,14.0,0.2,0.2,0.0,8.0,91.0,0.0,0.0,1.0,180.0,0.0,101610.0
2025-01-15 05:00:00,30.2127129990291,29.4561921721391,0.0,0.14784356725146197,5.5,96,48,5.9,237,7.0,10.7,14.0,0.0,0.0,0.0,8.0,91.0,0.0,0.0,0.0,198.0,0.0,101580.0
2025-01-15 06:00:00,30.2998279477806,29.7103764347831,0.0,0.14802631578947367,5.6,95,24,5.9,237,6.8,10.5,14.0,0.0,0.0,0.0,7.0,91.0,0.0,0.0,0.0,222.0,0.0,101540.0
2025-01-15 07:00:00,30.3144203227057,29.6053749167865,0.0,0.14820906432748537,5.7,94,34,7.3,248,6.6,10.3,14.0,0.0,0.0,0.0,7.0,93.0,0.0,0.0,0.0,228.0,0.0,101560.0
2025-01-15 08:00:00,30.4756760867021,29.49051736937,0.0,0.14839181286549707,6.2,92,88,9.8,247,6.6,10.2,14.0,0.0,0.0,0.01,7.0,92.0,0.0,0.0,1.0,246.0,0.0,101590.0
2025-01-15 09:00:00,30.4517603986983,29.5873259483708,0.0,0.14857456140350878,8.1,91,95,11.7,240,7.5,10.1,14.0,0.0,0.0,0.04,7.0,92.0,3732.0,0.0,1.0,192.0,0.0,101600.0
2025-01-15 10:00:00,30.2054503031565,29.4725804560371,0.0,0.14875730994152045,10.2,81,10,10.1,237,8.8,10.0,13.9,0.0,0.0,0.1,9.0,85.0,11392.0,0.0,1.0,192.0,0.0,101620.0
2025-01-15 11:00:00,30.221530651965,29.4993448632861,0.0,0.14894005847953215,12.2,71,46,7.9,258,10.5,10.1,13.9,0.0,0.0,0.21,11.0,76.0,29968.0,1.0,2.0,240.0,0.0,101660.0
2025-01-15 12:00:00,30.3355366165696,29.5710312134622,0.0,0.14912280701754385,13.1,66,42,4.6,265,12.1,10.3,13.9,0.0,0.0,0.23,13.0,69.0,58798.0,3.0,3.0,256.0,0.0,101610.0
2025-01-15 13:00:00,30.1919077497778,29.5591654742161,0.0,0.14930555555555555,14.0,59,40,1.8,302,13.6,10.7,13.9,0.0,0.0,0.23,13.0,68.0,30333.0,2.0,2.0,300.0,0.0,101550.0
2025-01-15 14:00:00,30.0791714492855,29.5146971522417,0.0,0.14948830409356725,14.5,57,51,3.0,326,14.4,11.0,13.9,0.0,0.0,0.23,15.0,53.0,35673.0,3.0,1.0,180.0,0.0,101450.0
2025-01-15 15:00:00,30.0219650037479,29.3214334830927,0.0,0.14967105263157893,14.3,57,66,5.1,355,14.5,11.2,13.9,0.0,0.0,0.17,14.0,57.0,23190.0,1.0,2.0,291.0,0.0,101390.0
2025-01-15 16:00:00,30.1243851035372,29.2709309320688,0.0,0.14985380116959063,13.5,63,42,8.1,13,14.1,11.5,13.9,0.0,0.0,0.11,14.0,62.0,14990.0,1.0,1.0,6.0,0.0,101370.0
2025-01-15 17:00:00,30.1881600430532,29.1073895632434,0.0,0.15003654970760233,11.5,77,20,4.8,29,13.3,11.6,13.9,0.0,0.0,0.04,14.0,63.0,10052.0,0.0,2.0,0.0,0.0,101350.0
2025-01-15 18:00:00,29.9382452885397,29.1764082359929,0.0,0.15021929824561403,9.7,84,12,2.9,41,11.9,11.7,13.9,0.0,0.0,0.02,13.0,68.0,2284.0,0.0,2.0,54.0,0.0,101360.0
2025-01-15 19:00:00,29.998750721714,28.9635200988762,0.0,0.15040204678362573,8.7,86,4,2.8,117,10.7,11.7,13.9,0.0,0.0,0.0,10.0,78.0,0.0,0.0,0.0,114.0,0.0,101380.0
2025-01-15 20:00:00,30.0110653578071,28.9335795720132,0.0,0.15058479532163743,7.4,89,2,3.8,174,9.8,11.7,13.9,0.0,0.0,0.0,8.0,79.0,0.0,0.0,0.0,168.0,0.0,101410.0
2025-01-15 21:00:00,30.0946833660844,28.8876110085339,0.0,0.1507675438596491,6.5,92,8,5.2,193,9.2,11.6,13.9,0.0,0.0,0.0,8.0,81.0,0.0,0.0,0.0,162.0,0.0,101430.0
2025-01-15 22:00:00,30.0056159730387,29.0108640887831,0.0,0.1509502923976608,5.7,93,16,4.5,216,8.7,11.5,13.9,0.0,0.0,0.0,8.0,79.0,0.0,0.0,1.0,176.0,0.0,101380.0
2025-01-15 23:00:00,29.6042993893964,28.7559270356487,0.0,0.1511330409356725,5.7,90,7,5.8,231,8.1,11.3,13.9,0.0,0.0,0.0,6.0,87.0,0.0,0.0,0.0,210.0,0.0,101380.0
2025-01-16 00:00:00,29.6106911010463,28.8315387192348,0.0,0.1513157894736842,5.9,89,14,7.2,232,7.8,11.2,13.9,0.0,0.0,0.0,6.0,85.0,0.0,0.0,1.0,186.0,0.0,101310.0
2025-01-16 01:00:00,29.6156694513576,29.0584375227605,0.0,0.1514985380116959,4.5,90,52,6.1,234,7.2,11.1,13.9,0.0,0.0,0.0,6.0,87.0,0.0,0.0,2.0,252.0,0.0,101230.0
2025-01-16 02:00:00,29.7405597503466,28.8388994182686,0.0,0.15168128654970758,4.5,89,98,6.6,231,6.9,10.9,13.8,0.0,0.0,0.0,5.0,89.0,0.0,0.0,1.0,198.0,0.0,101160.0
2025-01-16 03:00:00,29.7155377255199,28.7190767150033,0.0,0.15186403508771928,5.3,86,100,8.2,226,6.9,10.7,13.8,0.0,0.0,0.0,5.0,87.0,0.0,0.0,1.0,192.0,0.0,101120.0
2025-01-16 04:00:00,29.7709524880577,28.6267377897923,0.0,0.15204678362573099,6.3,81,91,8.6,225,7.0,10.6,13.8,0.0,0.0,0.0,5.0,86.0,0.0,0.0,2.0,192.0,0.0,101090.0
2025-01-16 05:00:00,29.4946386066112,28.6154000370903,0.0,0.1522295321637427,5.8,83,53,7.4,224,6.9,10.4,13.8,0.0,0.0,0.0,6.0,84.0,0.0,0.0,1.0,198.0,0.0,101050.0
2025-01-16 06:00:00,29.5889602678544,28.5272259769328,0.0,0.1524122807017544,5.9,80,8,8.6,225,6.8,10.3,13.8,0.0,0.0,0.0,7.0,82.0,0.0,0.0,1.0,228.0,0.0,101020.0
2025-01-16 07:00:00,29.5446188017762,28.5369065468526,0.0,0.15259502923976606,5.3,80,5,9.4,226,6.6,10.2,13.8,0.0,0.0,0.01,6.0,85.0,0.0,0.0,2.0,234.0,0.0,100990.0
2025-01-16 08:00:00,29.4156092488284,28.4751642895956,0.0,0.15277777777777776,6.0,75,7,10.2,225,6.6,10.0,13.8,0.0,0.0,0.03,6.0,81.0,67.0,0.0,2.0,240.0,0.0,101010.0
2025-01-16 09:00:00,29.6168652570695,28.2625587415967,0.0,0.15296052631578946,9.9,64,0,10.4,225,7.6,9.9,13.8,0.0,0.0,0.08,5.0,80.0,3846.0,0.0,2.0,198.0,0.0,101040.0
2025-01-16 10:00:00,29.3394595438976,28.5295466459423,0.0,0.15314327485380116,13.3,50,0,11.3,238,9.4,9.9,13.8,0.0,0.0,0.19,8.0,70.0,14607.0,1.0,3.0,240.0,0.0,101070.0
2025-01-16 11:00:00,29.621780680425,28.3518971970786,0.0,0.15332602339181287,15.1,40,0,12.7,249,11.1,10.0,13.7,0.0,0.0,0.28,10.0,61.0,31595.0,2.0,4.0,234.0,0.0,101080.0
2025-01-16 12:00:00,29.5025097667849,28.5274941581795,0.0,0.15350877192982454,16.3,33,21,10.1,264,12.7,10.2,13.7,0.0,0.0,0.33,13.0,51.0,45564.0,3.0,3.0,270.0,0.0,101050.0
2025-01-16 13:00:00,29.4247174241766,28.5768860886432,0.0,0.15369152046783624,16.9,29,66,6.0,304,14.4,10.6,13.7,0.0,0.0,0.34,15.0,43.0,51421.0,3.0,5.0,294.0,0.0,100960.0
2025-01-16 14:00:00,29.3946491720852,28.5245311039376,0.0,0.15387426900584794,17.0,27,96,8.4,338,15.2,10.9,13.7,0.0,0.0,0.32,16.0,31.0,43759.0,3.0,2.0,282.0,0.0,100870.0
2025-01-16 15:00:00,29.4465882364416,28.5469321910804,0.0,0.15405701754385964,16.4,31,100,10.3,358,15.3,11.2,13.7,0.0,0.0,0.26,17.0,31.0,37844.0,2.0,2.0,269.0,0.0,100800.0
2025-01-16 16:00:00,29.3260091138195,28.260562626596,0.0,0.15423976608187134,15.1,41,100,10.0,13,14.8,11.5,13.7,0.0,0.0,0.17,16.0,33.0,22452.0,1.0,4.0,5.0,0.0,100800.0
2025-01-16 17:00:00,29.3086752636753,28.2187105301793,0.0,0.15442251461988304,12.3,58,100,3.7,35,13.6,11.7,13.7,0.0,0.0,0.05,16.0,37.0,10655.0,0.0,4.0,8.0,0.0,100830.0
2025-01-16 18:00:00,29.3945362688121,28.1813735191299,0.0,0.15460526315789472,11.4,58,99,1.5,59,12.2,11.8,13.7,0.0,0.0,0.02,14.0,48.0,928.0,0.0,2.0,18.0,0.0,100840.0
2025-01-16 19:00:00,29.3517855916523,28.1392379544486,0.0,0.15478801169590642,10.8,60,100,1.8,106,11.3,11.8,13.7,0.0,0.0,0.0,13.0,55.0,0.0,0.0,0.0,26.0,0.0,100890.0
2025-01-16 20:00:00,29.3007562755045,28.3560590406815,0.0,0.15497076023391812,10.0,60,99,3.2,167,10.6,11.8,13.7,0.0,0.0,0.0,12.0,58.0,0.0,0.0,0.0,186.0,0.0,100940.0
2025-01-16 21:00:00,29.0627694350501,28.1033278005288,0.0,0.15515350877192982,9.4,62,100,4.0,178,10.2,11.8,13.7,0.0,0.0,0.0,11.0,60.0,0.0,0.0,0.0,188.0,0.0,100940.0
2025-01-16 22:00:00,29.193351571979,28.3562697124886,0.0,0.15533625730994152,8.7,68,100,2.9,198,9.8,11.7,13.7,0.0,0.0,0.0,10.0,64.0,0.0,0.0,0.0,180.0,0.0,100960.0
2025-01-16 23:00:00,29.0859255872481,28.0953588866812,0.0,0.1555190058479532,9.4,66,100,1.1,333,9.6,11.6,13.7,0.0,0.0,0.0,9.0,66.0,0.0,0.0,0.0,174.0,0.0,100990.0
2025-01-17 00:00:00,29.0525683261577,27.985417843693,0.0,0.1557017543859649,9.6,66,100,1.9,311,9.5,11.5,13.7,0.0,0.0,0.0,9.0,64.0,0.0,0.0,1.0,161.0,0.0,100990.0
2025-01-17 01:00:00,29.0675522934259,27.9010729839946,0.0,0.1558845029239766,10.5,62,100,1.8,11,10.3,11.6,13.7,0.0,0.0,0.0,9.0,68.0,0.0,0.0,0.0,198.0,0.0,100960.0
2025-01-17 02:00:00,29.0734464807493,28.0949553045916,0.0,0.1560672514619883,9.1,84,100,5.5,50,10.0,11.6,13.7,0.5,0.5,0.0,8.0,73.0,0.0,0.0,0.0,90.0,0.0,100920.0
2025-01-17 03:00:00,29.0210054193185,28.0712373761586,0.0,0.15625,9.3,89,95,3.0,167,9.8,11.5,13.7,1.3,1.3,0.0,10.0,70.0,0.0,0.0,2.0,354.0,0.0,100960.0
2025-01-17 04:00:00,29.0333902502024,27.9784239382727,0.0,0.1564327485380117,9.0,96,100,2.4,6,9.7,11.5,13.7,1.3,1.3,0.0,9.0,85.0,0.0,0.0,0.0,168.0,8.0,101000.0
2025-01-17 05:00:00,29.0981039936083,27.7705888231442,0.0,0.15661549707602337,8.7,94,98,2.8,188,9.4,11.4,13.7,0.7,0.7,0.0,9.0,89.0,0.0,0.0,0.0,186.0,2.0,101000.0
2025-01-17 06:00:00,29.2348173033602,27.848616585776,0.0,0.15679824561403508,8.2,93,100,0.5,13,8.8,11.3,13.7,0.2,0.2,0.0,8.0,92.0,0.0,0.0,0.0,294.0,0.0,101010.0
2025-01-17 07:00:00,29.1708108582072,28.0793684367594,0.0,0.15698099415204678,8.4,94,100,1.9,329,8.7,11.2,13.7,0.3,0.3,0.0,8.0,93.0,0.0,0.0,0.0,303.0,0.0,101090.0
2025-01-17 08:00:00,29.1873797584048,28.2263633073517,0.0,0.15716374269005848,8.5,95,100,2.6,307,8.7,11.1,13.7,0.3,0.3,0.01,8.0,94.0,44.0,0.0,0.0,175.0,13.0,101170.0
2025-01-17 09:00:00,29.6407551353902,28.67150899222,0.0,0.15734649122807018,9.6,89,81,2.2,352,9.4,11.0,13.7,0.1,0.1,0.04,8.0,94.0,1226.0,0.0,0.0,276.0,6.0,101230.0
2025-01-17 10:00:00,30.3474568162808,29.4922257331873,0.0,0.15752923976608185,10.9,81,58,3.3,348,10.4,11.0,13.7,0.1,0.1,0.1,9.0,94.0,9615.0,1.0,1.0,264.0,5.0,101270.0
2025-01-17 11:00:00,30.1815387623497,30.1367982107829,0.0,0.15771198830409355,11.3,80,71,3.4,353,11.3,11.0,13.7,0.1,0.1,0.15,9.0,91.0,11308.0,1.0,2.0,256.0,0.0,101310.0
2025-01-17 12:00:00,30.5098131237001,30.1317538985911,0.0,0.15789473684210525,11.9,77,67,4.7,360,12.3,11.1,13.6,0.1,0.1,0.18,10.0,89.0,27926.0,1.0,3.0,264.0,0.0,101340.0
2025-01-17 13:00:00,30.2971849347114,30.2802785444756,0.0,0.15807748538011696,12.5,73,67,7.3,39,12.7,11.3,13.6,0.1,0.1,0.19,12.0,79.0,44295.0,3.0,2.0,251.0,0.0,101250.0
2025-01-17 14:00:00,30.805723366551,30.4423246561175,0.0,0.15826023391812866,12.8,69,39,8.5,32,13.4,11.4,13.6,0.0,0.0,0.19,10.0,89.0,11284.0,1.0,0.0,334.0,10.0,101200.0
2025-01-17 15:00:00,30.892790678176,30.9681399935659,0.0,0.15844298245614033,12.8,68,25,9.4,39,13.7,11.6,13.6,0.0,0.0,0.17,13.0,70.0,45236.0,2.0,1.0,324.0,1.0,101160.0
2025-01-17 16:00:00,30.8550450626721,30.8520959763363,0.0,0.15862573099415203,12.5,67,17,11.2,43,13.5,11.7,13.6,0.0,0.0,0.13,12.0,77.0,9182.0,0.0,1.0,0.0,0.0,101180.0
2025-01-17 17:00:00,31.0046737434214,30.8835206787199,0.0,0.15880847953216373,11.0,74,27,6.5,50,12.8,11.9,13.6,0.0,0.0,0.05,11.0,82.0,3819.0,0.0,1.0,30.0,0.0,101230.0
2025-01-17 18:00:00,30.8587334442641,30.8007329009293,0.0,0.15899122807017543,9.1,82,30,3.4,62,11.5,11.9,13.6,0.0,0.0,0.02,10.0,87.0,584.0,0.0,0.0,204.0,0.0,101270.0
2025-01-17 19:00:00,30.7496178629409,30.4814925891185,0.0,0.15917397660818713,8.7,84,54,2.5,84,10.6,11.9,13.6,0.0,0.0,0.0,9.0,91.0,0.0,0.0,0.0,174.0,0.0,101340.0
2025-01-17 20:00:00,30.7133052494903,30.6775135605488,0.0,0.1593567251461988,7.9,87,44,2.7,126,9.9,11.8,13.6,0.0,0.0,0.0,8.0,92.0,0.0,0.0,0.0,180.0,0.0,101360.0
2025-01-17 21:00:00,30.8124129874097,30.8584478438371,0.0,0.1595394736842105,7.5,89,64,1.0,61,9.4,11.7,13.6,0.0,0.0,0.0,8.0,93.0,0.0,0.0,0.0,186.0,0.0,101380.0
2025-01-17 22:00:00,30.8204512892417,30.5058522149953,0.0,0.1597222222222222,7.1,89,28,1.4,27,8.9,11.6,13.6,0.0,0.0,0.0,8.0,92.0,0.0,0.0,0.0,186.0,0.0,101400.0
2025-01-17 23:00:00,30.7303894035746,30.7428403119027,0.0,0.1599049707602339,6.2,91,54,3.0,259,8.4,11.5,13.6,0.0,0.0,0.0,7.0,93.0,0.0,0.0,0.0,198.0,0.0,101390.0
2025-01-18 00:00:00,30.7208061597253,30.4008476652386,0.0,0.1600877192982456,6.7,92,46,5.5,241,8.3,11.3,13.6,0.0,0.0,0.0,6.0,95.0,0.0,0.0,0.0,186.0,0.0,101380.0
2025-01-18 01:00:00,30.5565608956677,30.6391353018885,0.0,0.1602704678362573,7.4,90,60,4.4,240,8.8,11.4,13.6,0.0,0.0,0.0,7.0,95.0,0.0,0.0,0.0,210.0,0.0,101360.0
2025-01-18 02:00:00,30.6678422470802,30.5126134742901,0.0,0.160453216374269,7.6,91,48,6.5,233,8.7,11.3,13.6,0.0,0.0,0.0,7.0,94.0,0.0,0.0,0.0,234.0,0.0,101300.0
2025-01-18 03:00:00,30.615224814955,30.557621770989,0.0,0.1606359649122807,7.4,90,60,7.7,241,8.5,11.2,13.6,0.0,0.0,0.0,8.0,92.0,0.0,0.0,2.0,258.0,0.0,101270.0
2025-01-18 04:00:00,30.3897853028147,30.4024057826746,0.0,0.1608187134502924,6.9,92,81,7.1,243,8.2,11.0,13.6,0.0,0.0,0.0,8.0,90.0,0.0,0.0,2.0,228.0,0.0,101260.0
2025-01-18 05:00:00,30.530276846786,30.2065614090728,0.0,0.1610014619883041,6.7,92,100,6.7,233,8.0,10.9,13.6,0.0,0.0,0.0,8.0,89.0,0.0,0.0,0.0,258.0,0.0,101230.0
2025-01-18 06:00:00,30.7785077945748,30.1819279254406,0.0,0.1611842105263158,7.3,90,100,7.9,233,8.0,10.8,13.6,0.0,0.0,0.0,9.0,91.0,0.0,0.0,1.0,246.0,0.0,101230.0
2025-01-18 07:00:00,30.6058837302365,30.2213542866973,0.0,0.16136695906432746,7.2,90,100,8.5,231,8.0,10.7,13.6,0.0,0.0,0.0,8.0,92.0,0.0,0.0,0.0,171.0,0.0,101270.0
2025-01-18 08:00:00,30.6719218141914,30.2063514455301,0.0,0.16154970760233917,7.7,89,100,9.3,232,8.1,10.6,13.6,0.0,0.0,0.02,8.0,93.0,320.0,0.0,0.0,180.0,0.0,101290.0
2025-01-18 09:00:00,30.5910164856175,30.0972793719988,0.0,0.16173245614035087,8.8,87,100,10.1,221,8.6,10.5,13.6,0.3,0.3,0.04,8.0,93.0,6584.0,0.0,0.0,270.0,0.0,101330.0
2025-01-18 10:00:00,30.766866363019,30.1297379030831,0.0,0.16191520467836257,9.5,90,100,9.9,221,9.1,10.5,13.6,0.9,0.9,0.05,9.0,91.0,12210.0,1.0,0.0,276.0,0.0,101390.0
2025-01-18 11:00:00,30.5895307654226,30.2331586046448,0.0,0.16209795321637427,9.9,90,100,9.2,218,9.5,10.4,13.6,1.4,1.4,0.05,9.0,91.0,13395.0,0.5,0.5,285.0,0.5,101405.0
2025-01-18 12:00:00,30.5919020042561,30.3548169960781,0.0,0.16228070175438597,9.9,91,100,9.3,231,9.9,10.5,13.5,0.6,0.6,0.06,9.0,91.0,14580.0,0.0,1.0,294.0,1.0,101420.0
2025-01-18 13:00:00,30.7039085466563,30.6707583961874,0.0,0.16246345029239764,12.1,78,100,8.6,256,11.4,10.7,13.5,0.2,0.2,0.13,10.0,91.0,23126.0,1.0,2.0,270.0,1.0,101370.0
2025-01-18 14:00:00,30.8606450666657,30.6040009891564,0.0,0.16264619883040934,12.7,72,99,4.2,297,12.1,10.9,13.5,0.1,0.1,0.15,11.0,89.0,34004.0,2.0,3.0,258.0,0.0,101270.0
2025-01-18 15:00:00,30.7276784767687,30.6678412670756,0.0,0.16282894736842105,13.2,70,87,1.4,27,12.8,11.0,13.5,0.0,0.0,0.14,11.0,85.0,27023.0,2.0,2.0,264.0,0.0,101200.0
2025-01-18 16:00:00,30.816537283508,30.5917846623006,0.0,0.16301169590643275,13.2,70,30,2.1,12,13.0,11.2,13.5,0.0,0.0,0.11,12.0,84.0,26096.0,1.0,2.0,223.0,0.0,101170.0
2025-01-18 17:00:00,30.8937608268918,30.5901219234688,0.0,0.16319444444444445,11.6,81,68,2.9,33,12.5,11.3,13.5,0.0,0.0,0.04,12.0,85.0,12668.0,1.0,0.0,198.0,0.0,101190.0
2025-01-18 18:00:00,30.7624356084614,30.4030289309257,0.0,0.16337719298245612,10.5,82,80,1.7,71,11.6,11.4,13.5,0.0,0.0,0.02,12.0,80.0,6357.0,0.0,0.0,258.0,0.0,101220.0
2025-01-18 19:00:00,30.836913779881,30.5680446123719,0.0,0.16355994152046782,9.6,86,100,3.2,174,10.9,11.4,13.5,0.0,0.0,0.0,11.0,86.0,162.0,0.0,0.0,228.0,0.0,101250.0
2025-01-18 20:00:00,30.8243345493384,30.3834610597833,0.0,0.16374269005847952,9.0,89,4,3.7,210,10.4,11.4,13.5,0.0,0.0,0.0,10.0,89.0,0.0,0.0,0.0,192.0,0.0,101280.0
2025-01-18 21:00:00,30.6294122666286,30.4349410373334,0.0,0.16392543859649122,7.3,94,0,5.0,235,9.7,11.4,13.5,0.0,0.0,0.0,9.0,93.0,0.0,0.0,0.0,210.0,0.0,101300.0
2025-01-18 22:00:00,30.8229553784689,30.3494714143451,0.0,0.16410818713450293,6.6,94,0,6.1,237,9.1,11.3,13.5,0.0,0.0,0.0,9.0,94.0,0.0,0.0,0.0,210.0,0.0,101270.0
2025-01-18 23:00:00,30.749501214035,30.345233046529,0.0,0.1642909356725146,6.1,93,0,6.4,223,8.6,11.2,13.5,0.0,0.0,0.0,8.0,93.0,0.0,0.0,0.0,180.0,0.0,101250.0
2025-01-19 00:00:00,30.6656614449575,30.2829516295088,0.0,0.1644736842105263,5.6,94,0,7.0,218,8.1,11.0,13.5,0.0,0.0,0.0,7.0,94.0,0.0,0.0,1.0,186.0,0.0,101250.0
2025-01-19 01:00:00,30.6332833544343,30.0548639845589,0.0,0.164656432748538,5.1,95,0,5.3,224,8.2,10.8,13.5,0.0,0.0,0.0,7.0,94.0,0.0,0.0,1.0,186.0,0.0,101230.0
2025-01-19 02:00:00,30.6113319092323,30.4394695028008,0.0,0.1648391812865497,4.9,95,1,4.9,236,7.7,10.6,13.5,0.0,0.0,0.0,6.0,92.0,0.0,0.0,0.0,198.0,0.0,101190.0
2025-01-19 03:00:00,30.4445808471389,30.0940615295241,0.0,0.1650219298245614,4.7,94,1,4.6,240,7.3,10.5,13.5,0.0,0.0,0.0,5.0,92.0,0.0,0.0,1.0,192.0,0.0,101150.0
2025-01-19 04:00:00,30.5366035435353,30.0463603424592,0.0,0.16520467836257308,4.5,93,1,4.4,219,6.9,10.3,13.5,0.0,0.0,0.0,6.0,91.0,0.0,0.0,1.0,180.0,0.0,101130.0
2025-01-19 05:00:00,30.5713223732365,30.1211746812147,0.0,0.16538742690058478,4.3,93,2,5.4,219,6.6,10.2,13.4,0.0,0.0,0.0,6.0,92.0,0.0,0.0,1.0,198.0,0.0,101100.0
2025-01-19 06:00:00,30.6173257695019,30.1442026211024,0.0,0.16557017543859648,4.2,93,5,5.4,201,6.4,10.0,13.4,0.0,0.0,0.0,4.0,94.0,0.0,0.0,1.0,186.0,0.0,101050.0
2025-01-19 07:00:00,30.5514742650774,30.0874599065452,0.0,0.16575292397660818,4.0,92,5,4.8,194,6.1,9.9,13.4,0.0,0.0,0.0,4.0,92.0,0.0,0.0,0.0,192.0,0.0,101060.0
2025-01-19 08:00:00,30.6143620041511,30.0180318283387,0.0,0.16593567251461988,5.3,89,2,7.4,224,6.2,9.7,13.4,0.0,0.0,0.01,4.0,92.0,0.0,0.0,1.0,180.0,0.0,101030.0
2025-01-19 09:00:00,30.4757492074027,30.2434184593781,0.0,0.16611842105263158,9.4,80,0,8.4,233,7.3,9.6,13.4,0.0,0.0,0.07,5.0,91.0,2306.0,0.0,0.0,186.0,0.0,101050.0
2025-01-19 10:00:00,30.526080344238,29.9849155718761,0.0,0.16630116959064326,12.7,68,0,7.7,254,9.2,9.6,13.4,0.0,0.0,0.16,8.0,87.0,6658.0,0.0,1.0,216.0,0.0,101080.0
2025-01-19 11:00:00,30.4155185192126,29.921404845448,0.0,0.16648391812865496,14.6,58,0,7.0,261,11.1,9.7,13.4,0.0,0.0,0.24,10.0,84.0,25020.0,2.0,2.0,256.0,0.0,101100.0
2025-01-19 12:00:00,30.3312712210195,29.8520784702089,0.0,0.16666666666666666,15.9,54,0,4.9,267,12.9,9.9,13.4,0.0,0.0,0.3,11.0,79.0,43013.0,3.0,2.0,258.0,0.0,101100.0
2025-01-19 13:00:00,30.4851161438924,29.7823253186532,0.0,0.16684941520467836,16.9,51,0,4.4,286,13.9,10.2,13.4,0.0,0.0,0.32,13.0,74.0,52012.0,3.0,2.0,288.0,0.0,101010.0
2025-01-19 14:00:00,30.4436129346668,29.9553552469381,0.0,0.16703216374269006,17.3,46,0,6.0,298,14.9,10.5,13.3,0.0,0.0,0.3,14.0,67.0,52690.0,3.0,2.0,263.0,0.0,100910.0
2025-01-19 15:00:00,30.5868592809712,29.8436594767637,0.0,0.16721491228070173,17.3,44,0,5.2,310,15.3,10.9,13.3,0.0,0.0,0.24,16.0,60.0,46304.0,3.0,2.0,276.0,0.0,100830.0
2025-01-19 16:00:00,30.2954611565746,29.6897293648445,0.0,0.16739766081871343,16.3,53,77,6.4,10,15.1,11.2,13.3,0.0,0.0,0.16,16.0,56.0,31237.0,2.0,2.0,264.0,0.0,100790.0
2025-01-19 17:00:00,30.3256846886062,29.6069037069926,0.0,0.16758040935672514,13.0,74,66,5.9,59,14.0,11.5,13.3,0.0,0.0,0.05,17.0,49.0,13651.0,1.0,1.0,195.0,0.0,100790.0
2025-01-19 18:00:00,30.1715261877043,29.5862035753254,0.0,0.16776315789473684,10.9,79,92,2.2,78,12.4,11.6,13.3,0.0,0.0,0.01,16.0,53.0,4848.0,0.0,1.0,308.0,0.0,100820.0
2025-01-19 19:00:00,30.128243620078,29.3264904379278,0.0,0.16794590643274854,10.3,80,100,0.9,90,11.1,11.6,13.3,0.0,0.0,0.0,12.0,79.0,0.0,0.0,0.0,54.0,0.0,100880.0
2025-01-19 20:00:00,30.2463623430305,29.4868680932764,0.0,0.16812865497076024,10.4,79,100,2.7,185,10.5,11.6,13.3,0.0,0.0,0.0,10.0,86.0,0.0,0.0,0.0,186.0,0.0,100970.0
2025-01-19 21:00:00,30.1512714021142,29.4400460901709,0.0,0.1683114035087719,10.9,74,82,2.0,189,10.3,11.6,13.3,0.0,0.0,0.0,10.0,87.0,0.0,0.0,2.0,167.0,0.0,100990.0
2025-01-19 22:00:00,30.0863810756331,29.348855562803,0.0,0.1684941520467836,9.6,77,66,4.5,235,9.8,11.5,13.3,0.0,0.0,0.0,10.0,88.0,0.0,0.0,0.0,174.0,0.0,100970.0
2025-01-19 23:00:00,30.1314922433507,29.4666535103397,0.0,0.16867690058479531,8.6,78,4,5.7,233,9.3,11.4,13.3,0.0,0.0,0.0,9.0,89.0,0.0,0.0,0.0,276.0,0.0,100960.0
2025-01-20 00:00:00,30.1366078083522,29.5100294550199,0.0,0.16885964912280702,7.4,76,0,6.1,230,8.8,11.3,13.3,0.0,0.0,0.0,8.0,92.0,0.0,0.0,0.0,192.0,0.0,100990.0
2025-01-20 01:00:00,30.0531417061579,29.3471760591649,0.0,0.16904239766081872,7.7,71,0,5.6,232,9.5,11.5,13.3,0.0,0.0,0.0,9.0,89.0,0.0,0.0,0.0,186.0,0.0,100950.0
2025-01-20 02:00:00,29.9466251086999,29.314002412924,0.0,0.1692251461988304,6.9,73,0,5.5,231,8.9,11.4,13.3,0.0,0.0,0.0,7.0,89.0,0.0,0.0,1.0,186.0,0.0,100940.0
2025-01-20 03:00:00,29.9681572090822,29.1331845909775,0.0,0.1694078947368421,6.3,76,2,5.7,228,8.4,11.3,13.3,0.0,0.0,0.0,8.0,81.0,0.0,0.0,1.0,216.0,0.0,100910.0
2025-01-20 04:00:00,29.9039004178125,29.0241584071347,0.0,0.1695906432748538,5.7,79,0,5.7,213,8.0,11.1,13.3,0.0,0.0,0.0,7.0,85.0,0.0,0.0,1.0,180.0,0.0,100880.0
2025-01-20 05:00:00,29.9538773991437,29.08851405739,0.0,0.1697733918128655,5.4,82,0,5.7,201,7.7,11.0,13.3,0.0,0.0,0.0,8.0,81.0,0.0,0.0,1.0,186.0,0.0,100880.0
2025-01-20 06:00:00,29.9338842343529,29.0286192873187,0.0,0.1699561403508772,5.4,83,0,5.9,206,7.4,10.8,13.3,0.0,0.0,0.0,8.0,79.0,0.0,0.0,2.0,188.0,0.0,100860.0
2025-01-20 07:00:00,29.8152563782573,29.2083622372524,0.0,0.17013888888888887,5.5,84,0,5.7,211,7.1,10.6,13.3,0.0,0.0,0.0,7.0,82.0,0.0,0.0,1.0,192.0,0.0,100850.0
2025-01-20 08:00:00,30.0613294570621,28.8216435064374,0.0,0.17032163742690057,7.2,80,0,5.6,204,7.2,10.5,13.3,0.0,0.0,0.02,7.0,83.0,0.0,0.0,1.0,192.0,0.0,100860.0
2025-01-20 09:00:00,29.8517555995091,28.9609278689598,0.0,0.17050438596491227,11.7,71,49,7.0,217,8.5,10.4,13.3,0.0,0.0,0.08,8.0,79.0,4937.0,0.0,1.0,210.0,0.0,100890.0
2025-01-20 10:00:00,30.0043182152631,29.0136057826491,0.0,0.17068713450292397,15.6,57,98,6.8,252,10.4,10.4,13.3,0.0,0.0,0.18,11.0,74.0,13523.0,1.0,2.0,222.0,0.0,100900.0
2025-01-20 11:00:00,29.7799963090139,29.0815232854897,0.0,0.17086988304093567,17.9,47,100,7.3,254,12.4,10.5,13.3,0.0,0.0,0.27,13.0,66.0,28732.0,2.0,4.0,288.0,0.0,100950.0
2025-01-20 12:00:00,29.6396509746956,28.9651510784668,0.0,0.17105263157894735,19.3,39,100,8.7,243,13.8,10.7,13.3,0.0,0.0,0.3,15.0,60.0,34144.0,1.0,4.0,256.0,0.0,100920.0
2025-01-20 13:00:00,29.6761410438405,28.9442568816848,0.0,0.17123538011695905,20.7,33,81,10.1,245,14.9,11.0,13.3,0.0,0.0,0.37,15.0,58.0,30300.0,2.0,2.0,258.0,0.0,100830.0
2025-01-20 14:00:00,29.9032953268032,28.7102372420024,0.0,0.17141812865497075,21.3,31,68,10.5,239,15.9,11.3,13.3,0.0,0.0,0.36,17.0,52.0,32988.0,2.0,3.0,252.0,0.0,100710.0
2025-01-20 15:00:00,29.7111295437429,28.8573736656338,0.0,0.17160087719298245,21.5,35,98,8.2,243,16.4,11.7,13.3,0.0,0.0,0.29,19.0,45.0,47883.0,2.0,1.0,251.0,0.0,100590.0
2025-01-20 16:00:00,29.9899399845829,28.8992306986846,0.0,0.17178362573099415,20.1,47,100,3.8,294,16.4,12.0,13.3,0.0,0.0,0.17,19.0,43.0,28358.0,2.0,2.0,264.0,0.0,100560.0
2025-01-20 17:00:00,29.8224425896599,28.7263110947642,0.0,0.17196637426900585,16.7,62,100,4.2,2,15.6,12.3,13.3,0.0,0.0,0.06,19.0,43.0,8248.0,1.0,1.0,258.0,0.0,100550.0
2025-01-20 18:00:00,29.6069851400353,28.845080328967,0.0,0.17214912280701752,14.0,75,100,5.5,53,14.2,12.4,13.3,0.0,0.0,0.03,18.0,56.0,2487.0,0.0,0.0,198.0,0.0,100560.0
2025-01-20 19:00:00,29.6208107741101,28.6639187695132,0.0,0.17233187134502922,13.2,75,100,2.8,29,13.1,12.5,13.3,0.0,0.0,0.0,16.0,57.0,0.0,0.0,1.0,168.0,0.0,100580.0
2025-01-20 20:00:00,29.5937169901473,28.7943933413553,0.0,0.17251461988304093,13.6,73,100,0.9,62,12.7,12.6,13.3,0.0,0.0,0.0,14.0,73.0,0.0,0.0,0.0,126.0,0.0,100600.0
2025-01-20 21:00:00,29.6098410600445,28.838145192194,0.0,0.17269736842105263,13.1,72,100,0.4,78,12.1,12.6,13.3,0.0,0.0,0.0,14.0,74.0,0.0,0.0,1.0,131.0,0.0,100600.0
2025-01-20 22:00:00,29.5503526112985,28.6793128943387,0.0,0.17288011695906433,11.8,76,99,2.2,343,11.4,12.5,13.3,0.0,0.0,0.0,13.0,81.0,0.0,0.0,0.0,178.0,0.0,100600.0
2025-01-20 23:00:00,29.6551166408473,28.6139680736657,0.0,0.173062865497076,10.6,75,100,3.0,227,10.8,12.4,13.3,0.0,0.0,0.0,12.0,83.0,0.0,0.0,0.0,184.0,0.0,100570.0
2025-01-21 00:00:00,29.4697444359163,28.4904107960283,0.0,0.1732456140350877,9.9,73,95,3.0,270,10.4,12.3,13.3,0.0,0.0,0.0,11.0,84.0,0.0,0.0,0.0,161.0,0.0,100620.0
2025-01-21 01:00:00,29.3151014850426,28.6082855969567,0.0,0.1734283625730994,10.1,77,100,1.7,170,10.7,12.6,13.3,0.0,0.0,0.0,9.0,86.0,0.0,0.0,0.0,160.0,0.0,100580.0
2025-01-21 02:00:00,29.519482119596,28.4045066966869,0.0,0.1736111111111111,9.3,78,100,1.3,22,10.2,12.5,13.3,0.0,0.0,0.0,9.0,86.0,0.0,0.0,0.0,188.0,0.0,100540.0
2025-01-21 03:00:00,29.4077949835938,28.535695756004,0.0,0.1737938596491228,9.0,79,99,1.1,9,9.8,12.3,13.3,0.0,0.0,0.0,8.0,89.0,0.0,0.0,0.0,60.0,0.0,100520.0
2025-01-21 04:00:00,29.4344097267401,28.4364177715169,0.0,0.1739766081871345,9.1,78,99,0.7,42,9.6,12.2,13.3,0.0,0.0,0.0,9.0,86.0,0.0,0.0,0.0,186.0,0.0,100510.0
2025-01-21 05:00:00,29.3496323348572,28.4983795722153,0.0,0.17415935672514618,8.6,80,100,2.3,300,9.3,12.0,13.3,0.0,0.0,0.0,8.0,84.0,0.0,0.0,0.0,168.0,0.0,100470.0
2025-01-21 06:00:00,29.4111190959869,28.6603327105375,0.0,0.17434210526315788,8.3,80,100,3.5,221,9.1,11.9,13.3,0.0,0.0,0.0,9.0,80.0,0.0,0.0,2.0,173.0,0.0,100470.0
2025-01-21 07:00:00,29.4051276597062,28.4006893436305,0.0,0.17452485380116958,8.5,77,100,4.5,213,9.0,11.7,13.3,0.0,0.0,0.0,11.0,69.0,0.0,0.0,1.0,192.0,0.0,100530.0
2025-01-21 08:00:00,29.3927437682415,28.3447101748703,0.0,0.17470760233918128,10.0,73,99,6.0,226,9.1,11.6,13.3,0.0,0.0,0.03,10.0,72.0,0.0,0.0,1.0,186.0,0.0,100570.0
2025-01-21 09:00:00,29.4524549880068,28.3995436796419,0.0,0.17489035087719298,13.9,68,100,7.8,234,10.2,11.5,13.3,0.0,0.0,0.08,11.0,72.0,5384.0,0.0,2.0,178.0,0.0,100580.0
2025-01-21 10:00:00,29.2201582188046,28.3053440318526,0.0,0.17507309941520466,18.1,57,100,7.2,242,12.0,11.5,13.3,0.0,0.0,0.17,15.0,57.0,21984.0,1.0,3.0,212.0,0.0,100610.0
2025-01-21 11:00:00,29.5219961802553,28.4212926774973,0.0,0.17525584795321636,20.5,45,99,6.3,270,13.8,11.7,13.3,0.0,0.0,0.26,17.0,50.0,27092.0,1.0,4.0,234.0,0.0,100630.0
2025-01-21 12:00:00,29.4428302975374,28.0409988129132,0.0,0.17543859649122806,21.8,41,100,4.1,305,15.5,11.9,13.3,0.0,0.0,0.31,18.0,49.0,38233.0,3.0,3.0,234.0,0.0,100590.0
2025-01-21 13:00:00,29.2699872375604,28.310876136425,0.0,0.17562134502923976,22.7,42,99,5.3,328,16.2,12.0,13.3,0.0,0.0,0.35,19.0,47.0,48945.0,3.0,3.0,240.0,0.0,100490.0
2025-01-21 14:00:00,29.2941401946026,28.1601939058615,0.0,0.17580409356725146,22.9,41,93,4.2,337,17.3,12.4,13.3,0.0,0.0,0.32,22.0,39.0,45550.0,3.0,4.0,272.0,0.0,100390.0
2025-01-21 15:00:00,29.2255807392761,28.312012546381,0.0,0.17598684210526314,22.7,44,87,4.6,36,17.9,12.7,13.3,0.0,0.0,0.27,23.0,37.0,39221.0,3.0,1.0,227.0,0.0,100320.0
2025-01-21 16:00:00,29.4177507014369,28.1856751776885,0.0,0.17616959064327484,21.3,53,96,5.0,49,17.8,13.1,13.3,0.0,0.0,0.17,25.0,32.0,27560.0,2.0,0.0,124.0,0.0,100250.0
2025-01-21 17:00:00,29.3386463535225,28.2549059627233,0.0,0.17635233918128654,17.6,66,89,5.9,83,16.8,13.3,13.4,0.0,0.0,0.07,25.0,33.0,10305.0,0.0,1.0,131.0,0.0,100250.0
2025-01-21 18:00:00,29.1649702666666,28.0967766306047,0.0,0.17653508771929824,15.9,68,84,2.4,80,15.2,13.5,13.4,0.0,0.0,0.02,23.0,37.0,2384.0,0.0,0.0,152.0,0.0,100280.0
2025-01-21 19:00:00,29.1899068884679,28.2352640473789,0.0,0.17671783625730994,15.4,69,100,1.1,74,14.0,13.6,13.4,0.0,0.0,0.0,18.0,62.0,0.0,0.0,0.0,7.0,0.0,100310.0
2025-01-21 20:00:00,29.1885223391138,28.2473413044402,0.0,0.1769005847953216,15.2,67,87,0.8,63,13.0,13.5,13.4,0.0,0.0,0.0,15.0,69.0,0.0,0.0,0.0,173.0,0.0,100340.0
2025-01-21 21:00:00,29.1718772707208,28.0065971298611,0.0,0.17708333333333331,13.5,71,83,0.4,63,12.2,13.5,13.4,0.0,0.0,0.0,13.0,75.0,0.0,0.0,0.0,192.0,0.0,100370.0
2025-01-21 22:00:00,29.1072030280486,28.0511462473825,0.0,0.17726608187134502,11.7,71,63,6.2,257,11.7,13.4,13.4,0.0,0.0,0.01,13.0,76.0,0.0,0.0,0.0,72.0,0.0,100340.0
2025-01-21 23:00:00,28.9140228603812,27.8819331393528,0.0,0.17744883040935672,11.5,67,0,7.9,255,11.4,13.3,13.4,0.0,0.0,0.02,12.0,74.0,0.0,0.0,0.0,222.0,0.0,100370.0
2025-01-22 00:00:00,29.1429065011807,27.9638030213735,0.0,0.17763157894736842,10.7,68,0,7.2,240,11.1,13.1,13.4,0.0,0.0,0.01,13.0,72.0,0.0,0.0,2.0,162.0,0.0,100420.0
2025-01-22 01:00:00,28.981269274821,28.0364903592048,0.0,0.17781432748538012,10.6,70,6,6.1,254,10.3,13.1,13.4,0.0,0.0,0.01,11.0,85.0,0.0,0.0,1.0,176.0,0.0,100390.0
2025-01-22 02:00:00,28.962890636252,27.9330861708429,0.0,0.1779970760233918,10.1,70,39,6.4,248,10.1,13.0,13.4,0.0,0.0,0.01,10.0,82.0,0.0,0.0,0.0,180.0,0.0,100360.0
2025-01-22 03:00:00,28.7865248945227,27.7714827488343,0.0,0.1781798245614035,9.8,70,64,6.6,233,9.8,12.8,13.5,0.0,0.0,0.01,10.0,82.0,0.0,0.0,0.0,216.0,0.0,100320.0
2025-01-22 04:00:00,28.7019742799927,27.7885411270274,0.0,0.1783625730994152,9.6,71,100,7.0,228,9.8,12.6,13.5,0.0,0.0,0.01,8.0,86.0,0.0,0.0,0.0,179.0,0.0,100300.0
2025-01-22 05:00:00,28.8152350777133,27.7831982043339,0.0,0.1785453216374269,9.1,72,100,7.1,222,9.7,12.4,13.5,0.0,0.0,0.01,9.0,80.0,0.0,0.0,0.0,192.0,0.0,100250.0
2025-01-22 06:00:00,28.906823619243,27.787007094799,0.0,0.1787280701754386,8.8,71,100,6.9,216,9.5,12.3,13.5,0.0,0.0,0.01,11.0,71.0,0.0,0.0,1.0,198.0,0.0,100220.0
2025-01-22 07:00:00,28.7828353930892,27.8174581311898,0.0,0.17891081871345027,8.7,68,100,7.5,211,9.4,12.1,13.5,0.0,0.0,0.01,10.0,77.0,0.0,0.0,2.0,178.0,0.0,100240.0
2025-01-22 08:00:00,28.9550209635223,27.6649776056271,0.0,0.17909356725146197,9.9,65,100,8.2,208,9.5,12.0,13.5,0.0,0.0,0.04,12.0,64.0,273.0,0.0,4.0,228.0,0.0,100280.0
2025-01-22 09:00:00,28.9939433215505,27.543497651556,0.0,0.17927631578947367,14.0,60,100,8.9,200,10.4,11.9,13.5,0.0,0.0,0.1,12.0,63.0,6308.0,0.0,2.0,240.0,0.0,100300.0
2025-01-22 10:00:00,28.8620463158718,27.7164911315637,0.0,0.17945906432748537,18.2,53,100,7.4,207,12.2,11.9,13.5,0.0,0.0,0.19,13.0,59.0,16112.0,1.0,3.0,233.0,0.0,100340.0
2025-01-22 11:00:00,28.8567086565768,27.5528260492077,0.0,0.17964181286549707,20.8,41,98,6.7,238,14.0,12.0,13.5,0.0,0.0,0.27,16.0,52.0,18232.0,1.0,2.0,238.0,0.0,100370.0
2025-01-22 12:00:00,28.9606329876507,27.8041945759526,0.0,0.17982456140350878,22.4,35,100,8.8,250,15.7,12.2,13.5,0.0,0.0,0.35,18.0,48.0,52985.0,3.0,3.0,268.0,0.0,100330.0
2025-01-22 13:00:00,28.7963961778072,27.4390453503929,0.0,0.18000730994152045,23.3,31,100,10.6,243,17.0,12.7,13.5,0.0,0.0,0.38,20.0,40.0,40553.0,2.0,4.0,272.0,0.0,100240.0
2025-01-22 14:00:00,28.7222544139828,27.5550996475075,0.0,0.18019005847953215,23.4,32,100,8.2,255,17.8,13.0,13.5,0.0,0.0,0.34,21.0,38.0,37021.0,2.0,3.0,272.0,0.0,100140.0
2025-01-22 15:00:00,28.779241637683,27.522456697159,0.0,0.18037280701754385,22.9,39,100,4.3,293,18.0,13.4,13.5,0.0,0.0,0.24,22.0,32.0,29544.0,1.0,3.0,272.0,0.0,100080.0
2025-01-22 16:00:00,28.7821604425866,27.6538979955879,0.0,0.18055555555555555,21.6,57,99,2.7,339,18.0,13.7,13.5,0.0,0.0,0.14,22.0,33.0,25841.0,1.0,2.0,263.0,0.0,100060.0
2025-01-22 17:00:00,28.6547468537884,27.6886822490163,0.0,0.18073830409356725,19.5,50,97,1.0,32,17.1,13.9,13.5,0.0,0.0,0.05,22.0,32.0,8768.0,1.0,2.0,246.0,0.0,100060.0
2025-01-22 18:00:00,28.7571208027925,27.4731477413934,0.0,0.18092105263157893,17.5,53,96,1.7,44,15.6,14.0,13.5,0.0,0.0,0.02,21.0,37.0,2145.0,0.0,0.0,198.0,0.0,100060.0
2025-01-22 19:00:00,28.819979657861,27.4587073525235,0.0,0.18110380116959063,16.7,56,97,1.2,66,14.5,14.1,13.5,0.0,0.0,0.0,16.0,55.0,0.0,0.0,1.0,179.0,0.0,100080.0
2025-01-22 20:00:00,28.5873063167274,27.4850674677945,0.0,0.18128654970760233,16.4,58,100,1.0,53,13.7,14.1,13.5,0.0,0.0,0.0,15.0,60.0,0.0,0.0,0.0,174.0,0.0,100120.0
2025-01-22 21:00:00,28.8021145025804,27.6676895860871,0.0,0.18146929824561403,15.8,57,99,0.5,33,13.1,14.0,13.6,0.0,0.0,0.0,14.0,61.0,0.0,0.0,0.0,170.0,0.0,100150.0
2025-01-22 22:00:00,28.6036413540934,27.4409766397163,0.0,0.18165204678362573,14.6,58,95,2.5,315,12.6,13.9,13.6,0.0,0.0,0.0,11.0,68.0,0.0,0.0,1.0,180.0,0.0,100170.0
2025-01-22 23:00:00,28.6881834500785,27.5930190317808,0.0,0.1818347953216374,12.8,60,78,5.3,254,12.1,13.8,13.6,0.0,0.0,0.01,12.0,67.0,0.0,0.0,0.0,210.0,0.0,100210.0
2025-01-23 00:00:00,28.5483736949203,27.5775544300769,0.0,0.1820175438596491,11.1,64,33,6.7,241,11.7,13.7,13.6,0.0,0.0,0.02,11.0,67.0,0.0,0.0,1.0,188.0,0.0,100240.0
2025-01-23 01:00:00,28.4725354276623,27.5174220559083,0.0,0.1822002923976608,11.5,60,26,7.7,238,11.2,13.6,13.6,0.0,0.0,0.03,10.0,71.0,0.0,0.0,0.0,264.0,0.0,100260.0
2025-01-23 02:00:00,28.7276817986699,27.2606930714605,0.0,0.1823830409356725,9.8,64,15,9.6,232,10.9,13.4,13.6,0.0,0.0,0.03,10.0,67.0,0.0,0.0,2.0,192.0,0.0,100280.0
2025-01-23 03:00:00,28.6084629736306,27.435626206195,0.0,0.1825657894736842,9.3,65,5,6.6,241,10.7,13.3,13.6,0.0,0.0,0.01,10.0,68.0,0.0,0.0,1.0,169.0,0.0,100300.0
2025-01-23 04:00:00,28.5436748847714,27.3752863236036,0.0,0.18274853801169588,9.2,64,29,7.3,233,10.3,13.1,13.6,0.0,0.0,0.02,9.0,73.0,0.0,0.0,1.0,173.0,0.0,100320.0
2025-01-23 05:00:00,28.6852346424959,27.3273876325584,0.0,0.18293128654970758,9.9,61,58,7.6,234,10.1,12.9,13.6,0.0,0.0,0.02,9.0,66.0,0.0,0.0,0.0,192.0,0.0,100370.0
2025-01-23 06:00:00,28.3880515188861,27.1847555069333,0.0,0.18311403508771928,10.6,59,2,11.2,237,10.1,12.8,13.6,0.0,0.0,0.04,10.0,64.0,0.0,0.0,2.0,222.0,0.0,100410.0
2025-01-23 07:00:00,28.269663388662,27.2888471485678,0.0,0.18329678362573099,11.0,55,0,10.7,230,10.2,12.6,13.6,0.0,0.0,0.04,8.0,69.0,0.0,0.0,0.0,177.0,0.0,100510.0
2025-01-23 08:00:00,28.2871949111863,27.2011779050629,0.0,0.1834795321637427,11.7,57,0,9.7,231,10.3,12.5,13.6,0.0,0.0,0.05,11.0,62.0,642.0,0.0,2.0,192.0,0.0,100570.0
2025-01-23 09:00:00,28.3391215244482,27.2897513264709,0.0,0.1836622807017544,15.0,55,0,11.3,239,11.3,12.4,13.6,0.0,0.0,0.12,12.0,59.0,6816.0,0.0,1.0,198.0,0.0,100630.0
2025-01-23 10:00:00,28.3177315004681,27.173720677857,0.0,0.18384502923976606,18.1,48,0,11.6,243,12.9,12.4,13.6,0.0,0.0,0.22,15.0,53.0,20971.0,1.0,3.0,276.0,0.0,100680.0
2025-01-23 11:00:00,28.396850612411,27.1832995841519,0.0,0.18402777777777776,20.6,40,0,12.4,243,14.6,12.5,13.6,0.0,0.0,0.33,17.0,45.0,39164.0,2.0,4.0,188.0,0.0,100730.0
2025-01-23 12:00:00,28.297881785742,27.1270104869061,0.0,0.18421052631578946,22.0,37,0,12.0,250,16.2,12.7,13.6,0.0,0.0,0.39,19.0,43.0,49656.0,3.0,3.0,262.0,0.0,100700.0
2025-01-23 13:00:00,28.3741927528746,26.9941000034646,0.0,0.18439327485380116,22.8,36,0,7.9,282,17.1,12.9,13.6,0.0,0.0,0.39,21.0,39.0,53841.0,4.0,3.0,288.0,0.0,100600.0
2025-01-23 14:00:00,28.4849947213106,27.0318910491991,0.0,0.18457602339181287,22.9,34,0,6.6,327,18.0,13.2,13.6,0.0,0.0,0.37,22.0,33.0,49264.0,4.0,4.0,282.0,0.0,100570.0
2025-01-23 15:00:00,28.4575611133973,27.2006493336268,0.0,0.18475877192982454,22.6,35,0,5.8,31,18.4,13.6,13.7,0.0,0.0,0.3,24.0,30.0,38840.0,2.0,2.0,234.0,0.0,100540.0
2025-01-23 16:00:00,28.3420116100708,26.9797848334049,0.0,0.18494152046783624,21.3,50,0,4.8,43,18.2,13.9,13.7,0.0,0.0,0.19,21.0,51.0,20008.0,1.0,4.0,36.0,0.0,100550.0
2025-01-23 17:00:00,28.5362003404358,27.3518089622389,0.0,0.18512426900584794,17.9,66,0,4.4,60,17.2,14.1,13.7,0.0,0.0,0.07,20.0,45.0,6706.0,0.0,2.0,54.0,0.0,100590.0
2025-01-23 18:00:00,28.2742049737845,27.00621951409,0.0,0.18530701754385964,15.5,69,0,3.6,81,15.6,14.2,13.7,0.0,0.0,0.02,18.0,52.0,687.0,0.0,2.0,126.0,0.0,100630.0
2025-01-23 19:00:00,28.2189828595295,27.080045326072,0.0,0.18548976608187134,14.9,65,0,1.8,75,14.2,14.3,13.7,0.0,0.0,0.0,15.0,60.0,0.0,0.0,1.0,156.0,0.0,100670.0
2025-01-23 20:00:00,28.2402887755891,26.9497785118496,0.0,0.18567251461988304,14.4,63,0,1.2,52,13.1,14.2,13.7,0.0,0.0,0.0,13.0,68.0,0.0,0.0,1.0,169.0,0.0,100720.0
2025-01-23 21:00:00,28.3676157017413,27.2558634531632,0.0,0.18585526315789472,13.8,65,0,0.6,54,12.2,14.1,13.7,0.0,0.0,0.0,11.0,74.0,0.0,0.0,1.0,178.0,0.0,100800.0
2025-01-23 22:00:00,28.3310062496442,26.9557721927961,0.0,0.18603801169590642,12.8,72,0,1.8,354,11.6,13.9,13.7,0.0,0.0,0.0,10.0,78.0,0.0,0.0,0.0,122.0,0.0,100880.0
2025-01-23 23:00:00,28.3632870065488,27.0980299851534,0.0,0.18622076023391812,11.8,72,0,2.3,290,11.1,13.8,13.7,0.0,0.0,0.0,9.0,80.0,0.0,0.0,0.0,103.0,0.0,100940.0
2025-01-24 00:00:00,28.3774373657786,26.9162368242276,0.0,0.18640350877192982,11.0,70,0,2.6,292,10.6,13.6,13.7,0.0,0.0,0.0,9.0,80.0,0.0,0.0,0.0,180.0,0.0,100990.0
2025-01-24 01:00:00,28.2602225052574,27.1917191606589,0.0,0.18658625730994152,9.7,71,0,2.4,302,9.8,13.5,13.8,0.0,0.0,0.0,8.0,82.0,0.0,0.0,0.0,210.0,0.0,101020.0
2025-01-24 02:00:00,28.2637119825086,26.7284515131734,0.0,0.1867690058479532,9.1,70,0,3.7,265,9.5,13.3,13.8,0.0,0.0,0.0,8.0,81.0,0.0,0.0,0.0,180.0,0.0,101010.0
2025-01-24 03:00:00,28.2113735700265,26.8360989242734,0.0,0.1869517543859649,9.1,68,0,4.1,245,9.2,13.0,13.8,0.0,0.0,0.0,8.0,80.0,0.0,0.0,0.0,234.0,0.0,100990.0
2025-01-24 04:00:00,28.1620765193953,26.7425545278273,0.0,0.1871345029239766,8.8,69,0,3.2,267,8.9,12.8,13.8,0.0,0.0,0.0,7.0,82.0,0.0,0.0,0.0,174.0,0.0,100970.0
2025-01-24 05:00:00,28.2511689848342,26.768915863696,0.0,0.1873172514619883,8.5,70,0,3.3,270,8.7,12.6,13.8,0.0,0.0,0.0,7.0,81.0,0.0,0.0,0.0,173.0,0.0,100940.0
2025-01-24 06:00:00,28.276095986014,26.8848333682674,0.0,0.1875,7.9,72,0,5.4,260,8.5,12.4,13.8,0.0,0.0,0.0,6.0,82.0,0.0,0.0,1.0,174.0,0.0,100950.0
2025-01-24 07:00:00,28.0459195425788,26.8569754233135,0.0,0.18768274853801167,7.8,74,0,6.8,255,8.4,12.1,13.8,0.0,0.0,0.01,7.0,81.0,0.0,0.0,0.0,192.0,0.0,100980.0
2025-01-24 08:00:00,28.2266571951086,26.7621475436176,0.0,0.18786549707602337,9.4,70,0,7.6,256,8.6,11.9,13.8,0.0,0.0,0.03,8.0,79.0,1663.0,0.0,1.0,228.0,0.0,101050.0
2025-01-24 09:00:00,28.2718938276343,26.726605218312,0.0,0.18804824561403508,13.3,61,0,8.6,257,9.9,11.8,13.8,0.0,0.0,0.1,9.5,75.0,4798.0,0.0,1.0,237.0,0.0,101060.0
2025-01-24 10:00:00,28.145942894513,26.7238006218142,0.0,0.18823099415204678,16.3,56,0,6.2,283,11.8,11.8,13.8,0.0,0.0,0.19,11.0,71.0,7933.0,0.0,1.0,246.0,0.0,101070.0
2025-01-24 11:00:00,28.1576430427116,26.7024344270417,0.0,0.18841374269005848,18.3,45,0,5.9,308,13.7,11.9,13.8,0.0,0.0,0.29,13.0,59.0,24067.0,1.0,2.0,262.0,0.0,101130.0
2025-01-24 12:00:00,27.9687493171329,26.5081954740483,0.0,0.18859649122807015,19.6,41,0,6.3,319,15.4,12.1,13.8,0.0,0.0,0.35,16.0,47.0,42611.0,2.0,3.0,251.0,0.0,101140.0
2025-01-24 13:00:00,28.1847507236652,26.6541633750169,0.0,0.18877923976608185,20.4,43,0,7.4,355,16.2,12.4,13.8,0.0,0.0,0.37,19.0,39.0,52733.0,5.0,2.0,264.0,0.0,101080.0
2025-01-24 14:00:00,28.0629445412252,26.6309730746303,0.0,0.18896198830409355,20.6,43,0,9.0,7,17.1,12.7,13.8,0.0,0.0,0.36,20.0,35.0,55518.0,4.0,2.0,312.0,0.0,100960.0
2025-01-24 15:00:00,27.9747785462392,26.8125491322476,0.0,0.18914473684210525,19.9,47,0,10.3,17,17.5,13.0,13.8,0.0,0.0,0.29,22.0,32.0,50377.0,2.0,0.0,145.0,0.0,100830.0
2025-01-24 16:00:00,28.017065863337,26.6021335945735,0.0,0.18932748538011696,18.1,53,0,8.6,32,17.2,13.3,13.8,0.0,0.0,0.19,23.0,31.0,36131.0,2.0,0.0,243.0,0.0,100750.0
2025-01-24 17:00:00,28.0724161549844,26.6198708300426,0.0,0.18951023391812866,14.9,67,0,5.1,45,16.2,13.5,13.8,0.0,0.0,0.07,21.0,48.0,17824.0,1.0,4.0,17.0,0.0,100710.0
2025-01-24 18:00:00,27.7124231838746,26.6679084233578,0.0,0.18969298245614033,13.2,66,0,2.2,38,14.5,13.7,13.8,0.0,0.0,0.02,19.0,51.0,5258.0,0.0,2.0,48.0,0.0,100710.0
2025-01-24 19:00:00,27.9841793065357,26.4865840335958,0.0,0.18987573099415203,12.6,66,0,1.8,8,13.2,13.7,13.8,0.0,0.0,0.0,16.0,55.0,293.0,0.0,0.0,18.0,0.0,100710.0
2025-01-24 20:00:00,27.7881689615547,26.5917663081038,0.0,0.19005847953216373,11.4,69,0,2.4,320,12.2,13.6,13.8,0.0,0.0,0.0,13.0,66.0,0.0,0.0,0.0,24.0,0.0,100750.0
2025-01-24 21:00:00,28.0301507289354,26.8192391838062,0.0,0.19024122807017543,10.9,73,0,1.9,294,11.4,13.5,13.8,0.0,0.0,0.0,11.0,78.0,0.0,0.0,0.0,198.0,0.0,100800.0
2025-01-24 22:00:00,27.7416753997342,26.6911210156761,0.0,0.19042397660818713,9.8,80,0,5.6,277,10.8,13.3,13.8,0.0,0.0,0.0,10.0,78.0,0.0,0.0,0.0,186.0,0.0,100810.0
2025-01-24 23:00:00,27.9603109446347,26.6165883778124,0.0,0.1906067251461988,9.5,83,0,6.0,263,10.4,13.2,13.8,0.0,0.0,0.0,9.0,84.0,0.0,0.0,0.0,180.0,0.0,100790.0
2025-01-25 00:00:00,27.9853168684855,26.5206410018185,0.0,0.1907894736842105,9.3,80,0,6.5,262,10.1,13.0,13.8,0.0,0.0,0.0,9.0,93.0,0.0,0.0,0.0,180.0,0.0,100840.0
2025-01-25 01:00:00,27.9303169666324,26.4871863744271,0.0,0.1909722222222222,9.2,75,0,6.4,256,9.9,13.1,13.8,0.0,0.0,0.0,8.0,94.0,0.0,0.0,0.0,180.0,0.0,100840.0
2025-01-25 02:00:00,28.0445445319074,26.5136740725929,0.0,0.1911549707602339,8.6,70,0,4.8,265,9.6,12.9,13.8,0.0,0.0,0.0,9.0,88.0,0.0,0.0,0.0,186.0,0.0,100820.0
2025-01-25 03:00:00,27.9813015871956,26.4691323881926,0.0,0.1913377192982456,8.3,65,0,4.8,255,9.2,12.7,13.8,0.0,0.0,0.01,7.0,90.0,0.0,0.0,0.0,174.0,0.0,100820.0
2025-01-25 04:00:00,27.8725097632385,26.3516728664871,0.0,0.1915204678362573,8.1,63,0,4.3,231,8.9,12.5,13.8,0.0,0.0,0.01,7.0,90.0,0.0,0.0,0.0,180.0,0.0,100820.0
2025-01-25 05:00:00,27.7836760465147,26.5679655292576,0.0,0.191703216374269,7.6,65,0,4.5,267,8.5,12.3,13.8,0.0,0.0,0.0,7.0,82.0,0.0,0.0,1.0,174.0,0.0,100730.0
2025-01-25 06:00:00,27.7753838309489,26.3017956978137,0.0,0.1918859649122807,7.7,62,0,6.5,240,8.3,12.1,13.8,0.0,0.0,0.01,7.0,80.0,0.0,0.0,2.0,171.0,0.0,100730.0
2025-01-25 07:00:00,27.7418137318017,26.6664498521611,0.0,0.1920687134502924,8.0,56,0,7.4,219,8.2,11.9,13.8,0.0,0.0,0.02,11.0,67.0,0.0,0.0,2.0,240.0,0.0,100780.0
2025-01-25 08:00:00,27.7069175526963,26.2703164216299,0.0,0.1922514619883041,9.7,57,6,6.8,235,8.4,11.7,13.8,0.0,0.0,0.04,10.0,67.0,0.0,0.0,2.0,210.0,0.0,100830.0
2025-01-25 09:00:00,27.7467160906142,26.6066003121011,0.0,0.1924342105263158,14.2,52,5,7.3,246,9.8,11.5,13.8,0.0,0.0,0.11,10.0,65.0,2584.0,0.0,1.0,228.0,0.0,100870.0
2025-01-25 10:00:00,27.7186949820903,26.540721653303,0.0,0.19261695906432746,17.8,48,2,5.1,243,11.8,11.6,13.8,0.0,0.0,0.2,13.0,58.0,10282.0,0.0,2.0,240.0,0.0,100960.0
2025-01-25 11:00:00,27.6396908906922,26.5394377984712,0.0,0.19279970760233917,19.7,39,11,12.6,312,13.7,11.7,13.8,0.0,0.0,0.33,16.0,47.0,27768.0,2.0,2.0,258.0,0.0,101010.0
2025-01-25 12:00:00,27.7344426674977,26.1975663800911,0.0,0.19298245614035087,19.7,39,86,9.7,319,15.2,11.9,13.8,0.0,0.0,0.36,18.0,41.0,45342.0,3.0,3.0,264.0,0.0,101070.0
2025-01-25 13:00:00,27.7700179369504,26.4513098641085,0.0,0.19316520467836257,20.4,44,4,3.9,21,16.6,12.4,13.8,0.0,0.0,0.36,19.0,39.0,55181.0,4.0,2.0,206.0,0.0,100960.0
2025-01-25 14:00:00,27.5308343626639,26.3778253487056,0.0,0.19334795321637427,20.6,50,59,10.4,19,17.5,12.7,13.8,0.0,0.0,0.35,22.0,35.0,58328.0,4.0,1.0,265.0,0.0,100810.0
2025-01-25 15:00:00,27.8103018692794,26.2927892972145,0.0,0.19353070175438594,18.7,64,7,10.7,24,17.7,13.0,13.8,0.0,0.0,0.26,21.0,39.0,48296.0,3.0,5.0,12.0,0.0,100770.0
2025-01-25 16:00:00,27.6320043410327,26.1176402771408,0.0,0.19371345029239764,17.5,75,1,9.8,1,17.4,13.3,13.8,0.0,0.0,0.16,19.0,54.0,34173.0,1.0,4.0,36.0,0.0,100810.0
2025-01-25 17:00:00,27.6626428466586,26.4366711399802,0.0,0.19389619883040934,15.9,85,73,2.5,7,16.5,13.6,13.8,0.0,0.0,0.05,19.0,60.0,21632.0,1.0,4.0,4.0,0.0,100860.0
2025-01-25 18:00:00,27.8671207219376,26.487918248331,0.0,0.19407894736842105,14.4,90,54,5.9,153,15.3,13.7,13.8,0.0,0.0,0.02,18.0,62.0,5017.0,0.0,3.0,0.0,0.0,100950.0
2025-01-25 19:00:00,27.7131166822817,26.271835308663398,0.0,0.19426169590643275,12.4,93,67,5.6,166,14.2,13.8,13.8,0.0,0.0,0.0,16.0,69.0,55.0,0.0,1.0,137.0,0.0,101000.0
2025-01-25 20:00:00,27.7891751413492,26.3413267515624,0.0,0.19444444444444442,11.4,94,89,5.1,198,13.4,13.8,13.9,0.0,0.0,0.0,15.0,72.0,0.0,0.0,0.0,174.0,0.0,101040.0
2025-01-25 21:00:00,27.7646805717837,26.2784472924964,0.0,0.19462719298245612,11.0,94,60,6.6,210,12.7,13.7,13.9,0.0,0.0,0.0,14.0,71.0,0.0,0.0,1.0,180.0,0.0,101050.0
2025-01-25 22:00:00,27.6600472155717,26.2861970782823,0.0,0.19480994152046782,10.6,93,99,5.7,202,12.2,13.6,13.9,0.0,0.0,0.0,12.0,80.0,0.0,0.0,0.0,347.0,0.0,101060.0
2025-01-25 23:00:00,27.6504692674536,26.5962075956444,0.0,0.19499269005847952,10.9,93,100,5.0,213,11.9,13.5,13.9,0.0,0.0,0.0,12.0,78.0,0.0,0.0,0.0,152.0,0.0,101100.0
2025-01-26 00:00:00,27.4971776598814,26.1875635862957,0.0,0.19517543859649122,11.0,93,100,4.9,208,11.8,13.4,13.9,0.0,0.0,0.0,12.0,78.0,0.0,0.0,2.0,186.0,0.0,101120.0
2025-01-26 01:00:00,27.7393526918419,26.2768346709904,0.0,0.19535818713450293,11.1,83,92,2.2,90,12.5,13.6,13.9,0.0,0.0,0.0,14.0,74.0,0.0,0.0,0.0,211.0,0.0,101130.0
2025-01-26 02:00:00,27.5398695915601,26.1427013814556,0.0,0.1955409356725146,11.5,77,47,1.8,72,12.0,13.5,13.9,0.0,0.0,0.0,13.0,79.0,0.0,0.0,2.0,32.0,0.0,101140.0
2025-01-26 03:00:00,27.4991791372507,26.2333247577511,0.0,0.1957236842105263,10.9,74,0,1.1,133,11.3,13.4,13.9,0.0,0.0,0.0,12.0,78.0,0.0,0.0,2.0,170.0,0.0,101160.0
2025-01-26 04:00:00,27.6258060559946,26.2088899023379,0.0,0.195906432748538,10.2,76,0,2.2,140,10.7,13.3,13.9,0.0,0.0,0.0,12.0,80.0,0.0,0.0,1.0,192.0,0.0,101180.0
2025-01-26 05:00:00,27.4420247629549,26.0890760776575,0.0,0.1960891812865497,10.5,72,0,1.7,122,10.3,13.1,13.9,0.0,0.0,0.0,9.0,88.0,0.0,0.0,0.0,160.0,0.0,101120.0
2025-01-26 06:00:00,27.4641738506822,26.0986731433868,0.0,0.1962719298245614,9.6,77,2,4.6,263,9.9,13.0,13.9,0.0,0.0,0.0,8.0,87.0,0.0,0.0,0.0,192.0,0.0,101100.0
2025-01-26 07:00:00,27.6556409665819,26.1538552886301,0.0,0.19645467836257308,9.1,80,8,5.6,217,9.7,12.8,13.9,0.0,0.0,0.0,8.0,87.0,0.0,0.0,0.0,180.0,0.0,101090.0
2025-01-26 08:00:00,27.5038081599073,26.0653810955887,0.0,0.19663742690058478,9.7,80,3,5.2,247,9.7,12.6,13.9,0.0,0.0,0.02,8.0,84.0,0.0,0.0,0.0,186.0,0.0,101130.0
2025-01-26 09:00:00,27.3806121846903,26.0127707309298,0.0,0.19682017543859648,14.2,69,0,7.1,233,10.9,12.5,13.9,0.0,0.0,0.09,9.0,82.0,3835.0,0.0,0.0,182.0,0.0,101170.0
2025-01-26 10:00:00,27.5292085694271,26.1082598607441,0.0,0.19700292397660818,17.2,59,39,4.8,310,12.8,12.5,13.9,0.0,0.0,0.19,14.0,71.0,14096.0,1.0,2.0,251.0,0.0,101270.0
2025-01-26 11:00:00,27.4530216079116,25.9032927017709,0.0,0.19718567251461988,19.1,52,55,3.7,331,14.7,12.6,13.9,0.0,0.0,0.28,16.0,58.0,32072.0,2.0,3.0,222.0,0.0,101260.0
2025-01-26 12:00:00,27.5195721533933,26.0093121430921,0.0,0.19736842105263158,20.9,47,57,5.9,317,16.4,12.8,13.9,0.0,0.0,0.36,18.0,48.0,48164.0,2.0,3.0,264.0,0.0,101280.0
2025-01-26 13:00:00,27.4569857468471,26.1434400124693,0.0,0.19755116959064326,22.2,44,98,4.4,309,17.5,13.1,13.9,0.0,0.0,0.36,20.0,43.0,57282.0,2.0,1.0,159.0,0.0,101160.0
2025-01-26 14:00:00,27.4805697176764,25.9663468048639,0.0,0.19773391812865496,23.5,37,86,5.9,294,18.5,13.4,13.9,0.0,0.0,0.35,21.0,40.0,53248.0,5.0,2.0,222.0,0.0,101010.0
2025-01-26 15:00:00,27.4161942238598,26.0600197152636,0.0,0.19791666666666666,22.2,47,100,9.4,352,18.9,13.7,13.9,0.0,0.0,0.31,24.0,33.0,47156.0,3.0,3.0,275.0,0.0,100920.0
2025-01-26 16:00:00,27.4241252844761,26.2000099997222,0.0,0.19809941520467836,18.8,61,100,10.6,36,18.3,14.0,13.9,0.0,0.0,0.17,22.0,41.0,26132.0,1.0,3.0,10.0,0.0,100900.0
2025-01-26 17:00:00,27.374678480965,26.1732596159779,0.0,0.19828216374269006,15.9,70,100,8.2,72,17.3,14.3,13.9,0.0,0.0,0.08,19.0,54.0,17628.0,1.0,5.0,7.0,0.0,100960.0
2025-01-26 18:00:00,27.3775593471014,25.9885092461264,0.0,0.19846491228070173,13.3,80,100,3.5,30,15.7,14.4,13.9,0.0,0.0,0.02,18.0,61.0,5344.0,0.0,2.0,30.0,0.0,100960.0
2025-01-26 19:00:00,27.4361170758918,26.0602782493795,0.0,0.19864766081871343,12.1,86,100,1.8,360,14.4,14.4,14.0,0.0,0.0,0.0,15.0,67.0,0.0,0.0,0.0,349.0,0.0,100940.0
2025-01-26 20:00:00,27.3636319053349,26.0311549406256,0.0,0.19883040935672514,11.7,87,100,1.1,114,13.4,14.4,14.0,0.0,0.0,0.0,15.0,78.0,0.0,0.0,1.0,36.0,0.0,101070.0
2025-01-26 21:00:00,27.5407539682647,26.0546700997001,0.0,0.19901315789473684,12.0,82,100,2.1,204,12.7,14.3,14.0,0.0,0.0,0.0,13.0,79.0,0.0,0.0,0.0,150.0,0.0,101130.0
2025-01-26 22:00:00,27.4097130436992,26.0090090303792,0.0,0.19919590643274854,11.7,77,94,4.7,225,12.2,14.2,14.0,0.0,0.0,0.0,14.0,75.0,0.0,0.0,2.0,136.0,0.0,101180.0
2025-01-26 23:00:00,27.4649706257975,25.9672534960293,0.0,0.1993786549707602,11.0,70,57,5.3,227,11.6,14.0,14.0,0.0,0.0,0.01,12.0,79.0,0.0,0.0,1.0,186.0,0.0,101180.0
2025-01-27 00:00:00,27.3887415096532,25.9370590761925,0.0,0.1995614035087719,10.9,65,95,6.5,220,11.1,13.8,14.0,0.0,0.0,0.01,10.0,85.0,0.0,0.0,0.0,288.0,0.0,101160.0
2025-01-27 01:00:00,27.2885487026331,26.0472429314576,0.0,0.1997441520467836,11.1,70,99,6.6,221,10.6,13.7,14.0,0.0,0.0,0.01,10.0,85.0,0.0,0.0,1.0,188.0,0.0,101140.0
2025-01-27 02:00:00,27.4377416502776,26.0137763898358,0.0,0.19992690058479531,12.9,64,84,9.8,218,10.6,13.6,14.0,0.0,0.0,0.03,10.0,79.0,0.0,0.0,1.0,168.0,0.0,101100.0
2025-01-27 03:00:00,27.4173860346617,25.9745905381828,0.0,0.20010964912280702,16.3,56,99,17.6,217,11.2,13.4,14.0,0.0,0.0,0.08,12.0,71.0,0.0,0.0,2.0,192.0,0.0,101040.0
2025-01-27 04:00:00,27.4164269164978,25.8144095317969,0.0,0.2002923976608187,17.7,52,94,23.6,219,12.1,13.3,14.0,0.0,0.0,0.12,14.0,62.0,0.0,0.0,3.0,258.0,0.0,101010.0
2025-01-27 05:00:00,27.404598798462,25.952597341596,0.0,0.2004751461988304,18.0,49,97,23.8,220,12.9,13.3,14.0,0.0,0.0,0.13,14.0,63.0,0.0,0.0,3.0,264.0,0.0,100950.0
2025-01-27 06:00:00,27.1986798035344,25.8123707054193,0.0,0.2006578947368421,18.1,45,99,22.2,220,13.4,13.3,14.0,0.0,0.0,0.14,15.0,59.0,0.0,0.0,4.0,285.0,0.0,100910.0
2025-01-27 07:00:00,27.3440918468986,25.9053596735284,0.0,0.2008406432748538,18.1,42,99,20.9,221,13.7,13.3,14.0,0.0,0.0,0.14,15.0,60.0,0.0,0.0,4.0,276.0,0.0,100910.0
2025-01-27 08:00:00,27.2070161362814,26.1159922776492,0.0,0.2010233918128655,18.1,43,86,20.9,222,14.0,13.4,14.0,0.0,0.0,0.15,15.0,57.0,78.0,0.0,4.0,252.0,0.0,100940.0
2025-01-27 09:00:00,27.2184186359263,25.9815325211281,0.0,0.2012061403508772,19.7,40,98,20.4,225,14.6,13.4,14.0,0.0,0.0,0.21,16.0,54.0,5064.0,0.0,4.0,258.0,0.0,100990.0
2025-01-27 10:00:00,27.1371635138197,25.9515739851531,0.0,0.20138888888888887,21.5,35,74,23.3,227,15.6,13.6,14.0,0.0,0.0,0.32,18.0,48.0,10974.0,0.0,3.0,264.0,0.0,101030.0
2025-01-27 11:00:00,27.2543311568278,25.8066343954539,0.0,0.20157163742690057,23.2,32,38,26.0,225,16.9,13.7,14.0,0.0,0.0,0.43,21.0,42.0,32289.0,2.0,4.0,263.0,0.0,101070.0
2025-01-27 12:00:00,27.0605755152642,25.8064836643424,0.0,0.20175438596491227,24.7,29,27,26.5,226,18.1,14.0,14.0,0.0,0.0,0.5,23.0,33.0,52599.0,3.0,6.0,277.0,0.0,100970.0
2025-01-27 13:00:00,27.223195670553,25.552970103023,0.0,0.20193713450292397,25.9,26,67,25.9,231,19.9,14.4,14.1,0.0,0.0,0.54,25.0,26.0,57155.0,3.0,7.0,278.0,0.0,100850.0
2025-01-27 14:00:00,27.1162863287516,25.4941523773623,0.0,0.20211988304093567,27.0,22,87,29.7,228,20.5,14.8,14.1,0.0,0.0,0.57,26.0,24.0,49647.0,3.0,5.0,247.0,0.0,100740.0
2025-01-27 15:00:00,27.1480517478152,25.5251704797068,0.0,0.20230263157894735,26.5,24,88,21.6,246,20.7,15.1,14.1,0.0,0.0,0.46,27.0,23.0,40426.0,3.0,6.0,222.0,0.0,100660.0
2025-01-27 16:00:00,27.1758849120877,25.7555722135745,0.0,0.20248538011695905,24.4,30,67,10.3,262,20.4,15.4,14.1,0.0,0.0,0.26,27.0,24.0,29581.0,2.0,4.0,222.0,0.0,100680.0
2025-01-27 17:00:00,27.0667079368136,25.8610279900013,0.0,0.20266812865497075,20.9,44,17,6.6,264,19.3,15.6,14.1,0.0,0.0,0.11,22.0,49.0,14068.0,0.0,3.0,38.0,0.0,100690.0
2025-01-27 18:00:00,27.2337614752786,25.6642751291739,0.0,0.20285087719298245,18.9,39,41,4.5,254,17.6,15.8,14.1,0.0,0.0,0.05,21.0,56.0,3184.0,0.0,4.0,102.0,0.0,100700.0
2025-01-27 19:00:00,26.98935970757,25.5450247103411,0.0,0.20303362573099415,17.8,40,47,8.6,244,16.4,15.8,14.2,0.0,0.0,0.06,19.0,60.0,0.0,0.0,1.0,88.0,0.0,100790.0
2025-01-27 20:00:00,27.3177592224597,25.6311772947652,0.0,0.20321637426900585,19.6,42,19,15.1,225,16.1,15.8,14.2,0.0,0.0,0.11,17.0,62.0,0.0,0.0,0.0,152.0,0.0,100870.0
2025-01-27 21:00:00,27.0708268468906,25.7201776790341,0.0,0.20339912280701752,19.5,55,37,19.1,222,16.2,15.8,14.2,0.0,0.0,0.1,21.0,40.0,0.0,0.0,2.0,288.0,0.0,100880.0
2025-01-27 22:00:00,27.0597989668433,25.6936888630284,0.0,0.20358187134502922,19.6,59,28,18.5,228,16.3,15.8,14.2,0.0,0.0,0.09,21.0,41.0,0.0,0.0,4.0,264.0,0.0,100930.0
2025-01-27 23:00:00,26.9773732678994,25.7320182448147,0.0,0.20376461988304093,17.1,73,100,10.6,294,16.1,15.8,14.2,0.1,0.1,0.03,20.0,53.0,0.0,0.0,2.0,282.0,0.0,100990.0
2025-01-28 00:00:00,27.1783791163742,25.4541225127845,0.0,0.20394736842105263,16.3,82,100,9.0,289,15.8,15.8,14.2,0.3,0.3,0.01,18.0,66.0,0.0,0.0,3.0,2.0,0.0,101080.0
2025-01-28 01:00:00,27.1067553587187,25.5783041112488,0.0,0.20413011695906433,16.9,77,100,11.4,274,16.9,16.0,14.2,0.1,0.1,0.02,16.0,76.0,0.0,0.0,1.0,210.0,0.0,101130.0
2025-01-28 02:00:00,27.1161761895704,25.6492797168569,0.0,0.204312865497076,16.9,72,100,11.8,263,16.5,16.0,14.3,0.0,0.0,0.03,17.0,77.0,0.0,0.0,2.0,279.0,0.0,101140.0
2025-01-28 03:00:00,27.1599583512099,25.7206744127111,0.0,0.2044956140350877,16.4,73,100,10.2,257,16.2,16.0,14.3,0.1,0.1,0.02,17.0,75.0,0.0,0.0,0.0,244.0,0.0,101150.0
2025-01-28 04:00:00,27.1458791365362,25.5814870878985,0.0,0.2046783625730994,15.9,77,100,10.4,255,15.9,15.9,14.3,0.1,0.1,0.02,16.0,76.0,0.0,0.0,3.0,258.0,0.0,101140.0
2025-01-28 05:00:00,27.39749503314,25.7296331222327,0.0,0.2048611111111111,15.6,78,100,10.7,257,15.6,15.9,14.3,0.2,0.2,0.02,14.0,90.0,0.0,0.0,2.0,186.0,0.0,101180.0
2025-01-28 06:00:00,27.2335090714492,25.7245882241297,0.0,0.2050438596491228,15.2,78,100,11.1,237,15.1,15.8,14.3,0.3,0.3,0.02,15.0,85.0,0.0,0.0,1.0,198.0,0.0,101190.0
2025-01-28 07:00:00,27.3396239748217,25.5324744566291,0.0,0.20522660818713448,14.8,76,83,12.4,220,14.7,15.7,14.3,0.1,0.1,0.02,15.0,84.0,0.0,0.0,0.0,258.0,0.0,101240.0
2025-01-28 08:00:00,27.4050913193903,25.5374360763476,0.0,0.20540935672514618,14.5,75,34,14.3,216,14.4,15.6,14.4,0.0,0.0,0.05,15.0,79.0,285.0,0.0,3.0,234.0,0.0,101280.0
2025-01-28 09:00:00,27.5140706051203,25.4922078560754,0.0,0.20559210526315788,15.6,65,59,11.4,227,14.7,15.5,14.4,0.0,0.0,0.11,15.0,75.0,5315.0,0.0,2.0,245.0,0.0,101330.0
2025-01-28 10:00:00,27.4432927941717,25.5909543365499,0.0,0.20577485380116958,16.9,61,36,8.1,261,15.6,15.5,14.4,0.0,0.0,0.16,16.0,62.0,20156.0,1.0,3.0,276.0,0.0,101390.0
2025-01-28 11:00:00,27.3043591081548,25.3491831332829,0.0,0.20595760233918128,18.1,59,1,8.6,274,16.8,15.5,14.4,0.1,0.1,0.25,17.0,58.0,40134.0,2.0,4.0,228.0,0.0,101430.0
2025-01-28 12:00:00,27.5354319515576,25.5061815997466,0.0,0.20614035087719296,19.8,52,2,11.8,259,18.1,15.6,14.4,0.0,0.0,0.35,19.0,57.0,52820.0,4.0,3.0,283.0,0.0,101400.0
2025-01-28 13:00:00,27.4943586662243,25.7541364976047,0.0,0.20632309941520466,21.4,41,4,13.0,281,19.6,15.7,14.4,0.0,0.0,0.4,20.0,52.0,58086.0,4.0,6.0,224.0,0.0,101290.0
2025-01-28 14:00:00,27.5328140551025,25.5480003637632,0.0,0.20650584795321636,20.9,39,48,22.7,312,19.9,15.9,14.4,0.0,0.0,0.39,21.0,38.0,18376.0,1.0,5.0,296.0,0.0,101270.0
2025-01-28 15:00:00,27.3939494915964,25.6352868652892,0.0,0.20668859649122806,16.9,66,61,26.4,304,19.2,16.1,14.4,0.0,0.0,0.2,19.0,45.0,61607.0,4.0,6.0,7.0,0.0,101340.0
2025-01-28 16:00:00,27.6777194545829,25.6450179025004,0.0,0.20687134502923976,16.8,66,9,20.2,299,18.6,16.2,14.5,0.0,0.0,0.16,18.0,53.0,12564.0,1.0,8.0,306.0,0.0,101450.0
2025-01-28 17:00:00,27.5725348341379,25.5365497064208,0.0,0.20705409356725146,16.1,62,15,15.6,292,17.8,16.3,14.5,0.0,0.0,0.11,16.0,59.0,7579.0,0.0,7.0,340.0,0.0,101540.0
2025-01-28 18:00:00,27.7573955553122,25.7338628309932,0.0,0.20723684210526314,15.1,63,9,11.5,266,16.8,16.3,14.5,0.0,0.0,0.06,17.0,56.0,1651.0,0.0,4.0,288.0,0.0,101590.0
2025-01-28 19:00:00,27.6566563833679,25.5179686820172,0.0,0.20741959064327484,14.6,64,5,13.0,248,16.0,16.3,14.5,0.0,0.0,0.04,16.0,51.0,0.0,0.0,6.0,294.0,0.0,101610.0
2025-01-28 20:00:00,27.7632072547151,25.6004925082654,0.0,0.20760233918128654,14.0,62,10,9.8,249,15.3,16.2,14.5,0.0,0.0,0.04,16.0,54.0,0.0,0.0,4.0,262.0,0.0,101650.0
2025-01-28 21:00:00,27.9748372970836,25.6651910534485,0.0,0.20778508771929824,13.0,64,23,7.9,259,14.5,16.1,14.5,0.0,0.0,0.02,14.0,61.0,0.0,0.0,2.0,264.0,0.0,101730.0
2025-01-28 22:00:00,27.7033651969457,25.3635594008494,0.0,0.20796783625730994,12.9,65,3,9.1,276,13.9,16.0,14.6,0.0,0.0,0.03,14.0,52.0,0.0,0.0,2.0,308.0,0.0,101760.0
2025-01-28 23:00:00,27.7035841646369,25.4760765703706,0.0,0.2081505847953216,11.7,73,4,7.2,282,13.2,15.8,14.6,0.0,0.0,0.01,14.0,59.0,0.0,0.0,2.0,210.0,0.0,101790.0
2025-01-29 00:00:00,27.5813564782293,25.3368145877481,0.0,0.20833333333333331,11.3,76,19,4.0,263,12.5,15.6,14.6,0.0,0.0,0.0,13.0,65.0,0.0,0.0,3.0,186.0,0.0,101790.0
2025-01-29 01:00:00,27.6939060356102,25.4077829146427,0.0,0.20851608187134502,12.1,69,32,7.4,222,13.0,15.5,14.6,0.0,0.0,0.01,12.0,67.0,0.0,0.0,1.0,198.0,0.0,101790.0
2025-01-29 02:00:00,27.5260071466714,25.4579949411369,0.0,0.20869883040935672,11.9,71,28,9.4,224,12.8,15.3,14.6,0.0,0.0,0.02,12.0,70.0,0.0,0.0,1.0,252.0,0.0,101690.0
2025-01-29 03:00:00,27.6266547224849,25.5525613504728,0.0,0.20888157894736842,11.8,72,51,9.6,235,12.6,15.1,14.6,0.0,0.0,0.02,12.0,73.0,0.0,0.0,2.0,246.0,0.0,101660.0
2025-01-29 04:00:00,27.5768287651117,25.3094658942135,0.0,0.20906432748538012,11.9,74,38,10.8,229,12.5,15.0,14.6,0.0,0.0,0.02,11.0,75.0,0.0,0.0,2.0,270.0,0.0,101670.0
2025-01-29 05:00:00,27.5718880573356,25.3027526393029,0.0,0.2092470760233918,11.0,79,99,11.1,229,12.2,14.8,14.6,0.0,0.0,0.01,11.0,75.0,0.0,0.0,1.0,216.0,0.0,101610.0
2025-01-29 06:00:00,27.6102310112009,25.324330395295,0.0,0.2094298245614035,10.6,81,67,10.4,227,12.0,14.7,14.6,0.0,0.0,0.01,10.0,77.0,0.0,0.0,1.0,240.0,0.0,101640.0
2025-01-29 07:00:00,27.5316451643239,25.3900770101004,0.0,0.2096125730994152,9.7,85,99,7.4,215,11.6,14.5,14.6,0.0,0.0,0.0,11.0,75.0,0.0,0.0,1.0,198.0,0.0,101590.0
2025-01-29 08:00:00,27.4813804954461,25.577793294783,0.0,0.2097953216374269,10.4,83,63,6.1,212,11.4,14.3,14.6,0.0,0.0,0.02,9.0,79.0,946.0,0.0,1.0,264.0,0.0,101570.0
2025-01-29 09:00:00,27.4939189103067,25.3766293167188,0.0,0.2099780701754386,13.6,72,69,4.9,225,12.4,14.2,14.6,0.0,0.0,0.08,10.0,79.0,8121.0,0.0,2.0,264.0,0.0,101530.0
2025-01-29 10:00:00,27.7526878553171,26.5432031020955,0.0,0.21016081871345027,15.6,62,78,7.2,241,13.8,14.1,14.7,0.0,0.0,0.18,13.0,70.0,30645.0,2.0,1.0,288.0,0.0,101540.0
2025-01-29 11:00:00,27.6625282491376,27.1531199556126,0.0,0.21034356725146197,17.6,53,3,10.2,237,15.4,14.2,14.7,0.0,0.0,0.29,16.0,62.0,40646.0,2.0,3.0,296.0,0.0,101500.0
2025-01-29 12:00:00,27.6443687261939,27.2816174055555,0.0,0.21052631578947367,19.4,43,31,11.4,245,16.9,14.3,14.7,0.0,0.0,0.37,17.0,51.0,48221.0,4.0,4.0,294.0,0.0,101350.0
2025-01-29 13:00:00,27.8576739715085,27.4776384340918,0.0,0.21070906432748537,20.5,39,99,11.0,275,17.9,14.5,14.7,0.0,0.0,0.4,19.0,47.0,54672.0,5.0,5.0,298.0,0.0,101170.0
2025-01-29 14:00:00,28.0538262773706,27.6028339096008,0.0,0.21089181286549707,19.0,50,100,11.8,342,18.5,14.7,14.7,0.0,0.0,0.33,20.0,38.0,44723.0,3.0,4.0,270.0,0.0,101070.0
2025-01-29 15:00:00,28.4354828507751,27.3911598313588,0.0,0.21107456140350875,16.4,66,100,12.6,18,18.2,14.9,14.7,0.0,0.0,0.2,16.0,59.0,22120.0,1.0,5.0,59.0,0.0,101000.0
2025-01-29 16:00:00,28.5398165150173,27.3617073848172,0.0,0.21125730994152045,15.1,71,100,9.8,31,17.6,15.1,14.7,0.0,0.0,0.13,16.0,66.0,16184.0,1.0,4.0,42.0,0.0,101010.0
2025-01-29 17:00:00,28.5376144229837,27.2798772491201,0.0,0.21144005847953215,14.2,77,100,3.9,27,16.7,15.2,14.7,0.0,0.0,0.05,15.0,73.0,6096.0,0.0,3.0,48.0,0.0,100940.0
2025-01-29 18:00:00,28.8069036879127,27.1201215115008,0.0,0.21162280701754385,13.0,84,100,2.8,34,15.6,15.2,14.7,0.0,0.0,0.02,14.0,75.0,640.0,0.0,1.0,72.0,0.0,100940.0
2025-01-29 19:00:00,28.9938727209326,27.2674568153374,0.0,0.21180555555555555,12.2,87,100,3.1,52,14.6,15.2,14.7,0.0,0.0,0.0,13.0,80.0,0.0,0.0,1.0,140.0,0.0,100860.0
2025-01-29 20:00:00,28.9397177950851,27.3744466420392,0.0,0.21198830409356723,11.8,90,100,4.9,130,14.1,15.2,14.7,0.0,0.0,0.0,12.0,81.0,0.0,0.0,0.0,178.0,0.0,100760.0
2025-01-29 21:00:00,29.0827396663987,27.2273435936191,0.0,0.21217105263157893,11.5,92,100,3.5,219,13.6,15.1,14.7,0.0,0.0,0.0,11.0,85.0,0.0,0.0,0.0,198.0,0.0,100690.0
2025-01-29 22:00:00,29.0717335889366,27.0272008262219,0.0,0.21235380116959063,13.8,68,100,14.1,232,13.4,15.0,14.7,0.0,0.0,0.04,11.0,87.0,0.0,0.0,0.0,114.0,0.0,100660.0
2025-01-29 23:00:00,29.0734809395902,27.2223999880636,0.0,0.21253654970760233,16.2,48,100,27.9,227,13.7,14.9,14.7,0.0,0.0,0.14,11.0,85.0,0.0,0.0,2.0,42.0,0.0,100680.0
2025-01-30 00:00:00,29.3896755269907,27.1219668755138,0.0,0.21271929824561403,14.6,62,99,28.1,224,14.0,14.8,14.7,0.4,0.4,0.09,14.0,65.0,0.0,0.0,0.0,342.0,0.0,100670.0
2025-01-30 01:00:00,29.1482594486424,26.9781916080588,0.0,0.21290204678362573,14.7,62,98,24.0,233,15.1,14.9,14.7,0.0,0.0,0.08,16.0,53.0,0.0,0.0,4.0,318.0,0.0,100630.0
2025-01-30 02:00:00,29.0648270290564,27.1191954617968,0.0,0.2130847953216374,13.3,76,96,13.3,261,14.5,14.9,14.8,0.5,0.5,0.02,14.0,70.0,0.0,0.0,2.0,328.0,0.0,100640.0
2025-01-30 03:00:00,29.2390496146009,27.0812868414133,0.0,0.2132675438596491,12.0,87,100,4.2,283,13.7,14.8,14.8,0.3,0.3,0.0,13.0,75.0,0.0,0.0,1.0,270.0,0.0,100650.0
2025-01-30 04:00:00,28.9656356127384,26.9613943786895,0.0,0.2134502923976608,12.0,91,100,6.3,223,13.2,14.7,14.8,1.0,1.0,0.0,13.0,78.0,0.0,0.0,2.0,252.0,0.0,100620.0
2025-01-30 05:00:00,29.2882339982002,27.0393425317794,0.0,0.2136330409356725,12.1,89,100,3.4,227,12.9,14.6,14.8,0.5,0.5,0.0,12.0,85.0,0.0,0.0,3.0,282.0,0.0,100670.0
2025-01-30 06:00:00,29.2359919054919,27.1716915955422,0.0,0.2138157894736842,10.9,92,62,5.2,230,12.4,14.5,14.8,6.5,6.5,0.0,11.0,90.0,0.0,0.0,2.0,234.0,0.0,100710.0
2025-01-30 07:00:00,29.091975504596,26.9339427687408,0.0,0.21399853801169588,10.5,89,99,3.0,276,12.1,14.4,14.8,5.1,5.1,0.0,10.5,89.0,0.0,0.0,2.0,222.0,0.0,100685.0
2025-01-30 08:00:00,29.340534949373,26.9183832678043,0.0,0.21418128654970758,10.6,88,56,10.3,224,11.9,14.2,14.8,2.4,2.4,0.03,10.0,88.0,0.0,0.0,2.0,210.0,0.0,100660.0
2025-01-30 09:00:00,29.2738074438898,26.9425013090796,0.0,0.21436403508771928,11.7,82,56,11.1,233,12.1,14.1,14.8,0.1,0.1,0.07,9.0,90.0,1960.0,0.0,2.0,228.0,0.0,100730.0
2025-01-30 10:00:00,29.2692441834726,26.9837957945305,0.0,0.21454678362573099,11.3,76,84,19.6,252,12.5,14.0,14.8,1.6,1.6,0.13,11.0,84.0,5467.0,0.0,4.0,210.0,0.0,100840.0
2025-01-30 11:00:00,29.2037299240938,27.0403687738204,0.0,0.2147295321637427,13.2,64,21,19.9,253,13.1,13.9,14.8,0.0,0.0,0.19,13.0,71.0,30068.0,1.0,4.0,240.0,0.0,100900.0
2025-01-30 12:00:00,29.1984011237085,26.8785076911708,0.0,0.2149122807017544,13.8,62,25,22.7,264,14.0,13.9,14.8,0.1,0.1,0.24,14.0,60.0,56258.0,3.0,7.0,267.0,0.0,100920.0
2025-01-30 13:00:00,29.1727258774654,26.9716038275827,0.0,0.21509502923976606,14.2,54,55,21.5,263,13.9,13.8,14.8,1.2,1.2,0.23,12.0,80.0,31088.0,2.0,3.0,264.0,0.0,100880.0
2025-01-30 14:00:00,29.1906968572748,26.9875740506136,0.0,0.21527777777777776,14.4,52,54,22.7,283,14.4,13.8,14.8,0.0,0.0,0.24,13.0,73.0,37020.0,2.0,4.0,264.0,0.0,100830.0
2025-01-30 15:00:00,29.184834576785,27.1788212106982,0.0,0.21546052631578946,13.7,58,56,22.3,293,14.6,13.9,14.8,0.2,0.2,0.2,12.0,75.0,16529.0,0.0,7.0,276.0,0.0,100820.0
2025-01-30 16:00:00,29.2209242013982,27.0939096784118,0.0,0.21564327485380116,13.5,64,32,17.7,289,14.1,13.9,14.8,0.2,0.2,0.14,14.0,67.0,12127.0,1.0,8.0,342.0,0.0,100820.0
2025-01-30 17:00:00,29.0954946550066,26.9688459514003,0.0,0.21582602339181287,13.0,63,29,12.6,284,13.7,13.9,14.8,0.1,0.1,0.09,13.0,71.0,8418.0,0.0,7.0,340.0,0.0,100860.0
2025-01-30 18:00:00,29.1507272333917,27.167236496602,0.0,0.21600877192982454,11.8,67,48,8.6,280,12.8,13.9,14.8,0.2,0.2,0.04,13.0,68.0,5770.0,0.0,5.0,285.0,0.0,100900.0
2025-01-30 19:00:00,29.0012840909557,27.0533570784242,0.0,0.21619152046783624,10.6,79,43,7.2,247,12.0,13.8,14.8,1.0,1.0,0.0,12.0,69.0,462.0,0.0,2.0,300.0,0.0,101000.0
2025-01-30 20:00:00,28.9259313436316,27.0463067904093,0.0,0.21637426900584794,9.9,86,25,9.1,208,11.3,13.7,14.8,1.0,1.0,0.0,12.0,69.0,0.0,0.0,3.0,270.0,0.0,101060.0
2025-01-30 21:00:00,29.2442192628773,26.8577637377267,0.0,0.21655701754385964,9.4,90,40,11.6,194,10.8,13.5,14.8,0.0,0.0,0.0,11.0,72.0,0.0,0.0,3.0,234.0,0.0,101160.0
2025-01-30 22:00:00,29.1538866517914,27.0590799114245,0.0,0.21673976608187134,9.4,84,22,12.3,216,10.5,13.3,14.8,0.0,0.0,0.01,11.0,70.0,0.0,0.0,2.0,240.0,0.0,101200.0
2025-01-30 23:00:00,29.0052962734917,26.9559406716011,0.0,0.21692251461988302,9.6,80,71,14.1,208,10.2,13.1,14.8,0.0,0.0,0.02,11.0,73.0,0.0,0.0,3.0,216.0,0.0,101240.0
2025-01-31 00:00:00,29.2737636187773,26.9203199000421,0.0,0.21710526315789472,9.3,78,83,7.2,211,10.1,13.0,14.7,0.0,0.0,0.0,11.0,72.0,0.0,0.0,2.0,222.0,0.0,101240.0
2025-01-31 01:00:00,28.9644079588059,26.9329398750125,0.0,0.21728801169590642,9.3,89,93,4.5,189,11.5,13.3,14.8,3.0,3.0,0.0,11.0,72.0,0.0,0.0,2.0,228.0,0.0,101260.0
2025-01-31 02:00:00,29.0384570431344,26.9683988638697,0.0,0.21747076023391812,8.6,96,97,7.7,144,10.9,13.2,14.8,1.2,1.2,0.0,11.0,69.0,0.0,0.0,2.0,234.0,0.0,101250.0
2025-01-31 03:00:00,29.084719023347,26.9210730186714,0.0,0.21765350877192982,8.4,88,11,13.9,200,10.3,13.0,14.8,0.1,0.1,0.0,11.0,69.0,0.0,0.0,2.0,228.0,0.0,101240.0
2025-01-31 04:00:00,29.0568536033532,26.8716636814639,0.0,0.2178362573099415,8.1,87,4,9.8,221,9.8,12.8,14.7,0.0,0.0,0.0,11.0,71.0,0.0,0.0,1.0,240.0,0.0,101210.0
2025-01-31 05:00:00,29.0502695957801,26.8225237643718,0.0,0.2180190058479532,7.8,82,22,12.2,220,9.3,12.6,14.7,0.0,0.0,0.01,10.0,72.0,0.0,0.0,1.0,198.0,0.0,101210.0
2025-01-31 06:00:00,29.0700652727419,26.9307522040266,0.0,0.2182017543859649,7.6,81,58,12.4,215,9.0,12.4,14.7,0.0,0.0,0.01,11.0,68.0,0.0,0.0,2.0,252.0,0.0,101210.0
2025-01-31 07:00:00,29.1267683325067,26.9534569318576,0.0,0.2183845029239766,7.8,79,93,9.4,209,8.8,12.2,14.7,0.1,0.1,0.01,11.0,66.0,0.0,0.0,2.0,222.0,0.0,101230.0
2025-01-31 08:00:00,29.1755344797755,26.8888507668971,0.0,0.2185672514619883,7.7,91,100,10.6,101,8.9,12.0,14.7,4.8,4.8,0.02,11.0,64.0,0.0,0.0,3.0,252.0,0.0,101210.0
2025-01-31 09:00:00,28.9693765714294,26.860898158305,0.0,0.21875,9.1,90,94,11.7,203,9.4,11.9,14.7,5.1,5.1,0.04,10.0,72.0,856.0,0.0,2.0,329.0,0.0,101310.0
2025-01-31 10:00:00,29.1824416121411,27.1454235269709,0.0,0.21893274853801167,10.9,79,21,14.1,223,10.3,11.8,14.7,0.1,0.1,0.1,8.0,86.0,660.0,0.0,4.0,116.0,7.0,101460.0
2025-01-31 11:00:00,30.5735154683041,28.6869653023549,0.0,0.21911549707602337,11.9,72,63,12.3,239,11.2,11.8,14.7,0.0,0.0,0.15,8.0,91.0,3972.0,0.0,3.0,216.0,38.0,101490.0
2025-01-31 12:00:00,31.0527515268018,29.855384151595,0.0,0.21929824561403508,13.1,63,63,11.8,260,12.4,11.8,14.7,0.0,0.0,0.22,9.0,89.0,9928.0,1.0,4.0,258.0,5.0,101520.0
2025-01-31 13:00:00,31.1174236752626,30.1317353292531,0.0,0.21948099415204678,14.7,57,6,6.0,300,13.5,12.0,14.6,0.0,0.0,0.32,10.0,82.0,22831.0,2.0,0.0,114.0,1.0,101500.0
2025-01-31 14:00:00,31.142516929014,30.1228673834214,0.0,0.21966374269005848,15.0,55,5,6.8,340,14.7,12.2,14.6,0.0,0.0,0.3,12.0,76.0,52372.0,5.0,4.0,239.0,0.0,101400.0
2025-01-31 15:00:00,31.1561909483577,30.1225204319285,0.0,0.21984649122807015,14.7,56,10,10.0,349,15.1,12.5,14.6,0.0,0.0,0.24,12.0,75.0,29592.0,2.0,2.0,228.0,0.0,101390.0
2025-01-31 16:00:00,31.0492080217156,29.9268577148644,0.0,0.22002923976608185,13.7,62,25,11.3,357,14.7,12.7,14.6,0.0,0.0,0.15,13.0,70.0,20409.0,2.0,3.0,264.0,0.0,101380.0
2025-01-31 17:00:00,31.1412492299306,30.000478589799,0.0,0.22021198830409355,12.4,71,29,5.8,24,14.0,12.9,14.6,0.0,0.0,0.07,13.0,72.0,15036.0,1.0,0.0,282.0,0.0,101410.0
2025-01-31 18:00:00,30.8430427488307,29.9072939716108,0.0,0.22039473684210525,10.2,79,28,2.5,34,12.7,12.9,14.6,0.1,0.1,0.01,13.0,71.0,5997.0,0.0,0.0,228.0,0.0,101420.0
2025-01-31 19:00:00,30.9537349431199,29.4903727837768,0.0,0.22057748538011696,9.2,84,43,2.5,225,11.6,12.9,14.6,0.0,0.0,0.0,12.0,77.0,176.0,0.0,0.0,204.0,0.0,101450.0
2025-01-31 20:00:00,30.9553695137678,29.6957223957087,0.0,0.22076023391812866,8.7,83,70,3.1,280,10.9,12.8,14.6,0.2,0.2,0.0,11.0,79.0,0.0,0.0,0.0,258.0,0.0,101510.0
2025-01-31 21:00:00,30.9529164833501,29.6760210448109,0.0,0.22094298245614033,9.0,88,59,6.2,235,10.6,12.7,14.6,0.1,0.1,0.0,10.0,88.0,0.0,0.0,1.0,188.0,0.0,101520.0
2025-01-31 22:00:00,30.8570424873312,29.6409375944899,0.0,0.22112573099415203,8.9,92,63,8.5,205,10.4,12.6,14.6,0.1,0.1,0.0,11.0,86.0,0.0,0.0,0.0,240.0,0.0,101560.0
2025-01-31 23:00:00,31.1120284722984,29.9269794608039,0.0,0.22130847953216373,8.5,92,96,6.5,207,10.1,12.4,14.6,0.2,0.2,0.0,10.0,89.0,0.0,0.0,0.0,173.0,3.0,101590.0
2025-02-01 00:00:00,31.0512718032979,30.1337845658647,0.0,0.22149122807017543,8.8,92,28,7.9,218,9.9,12.3,14.6,0.2,0.2,0.0,10.0,90.0,0.0,0.0,0.0,240.0,1.0,101610.0
2025-02-01 01:00:00,31.1458900849583,30.036919438247,0.0,0.22167397660818713,9.5,93,43,8.2,225,10.9,12.4,14.6,0.0,0.0,0.0,10.0,92.0,0.0,0.0,2.0,240.0,0.0,101590.0
2025-02-01 02:00:00,31.134158768993,29.8372478661378,0.0,0.2218567251461988,9.0,92,42,8.4,231,10.3,12.4,14.6,0.0,0.0,0.0,10.0,93.0,0.0,0.0,1.0,252.0,0.0,101550.0
2025-02-01 03:00:00,31.3689704707451,29.8720796588177,0.0,0.2220394736842105,8.9,97,98,7.0,226,10.1,12.2,14.6,0.3,0.3,0.0,10.0,94.0,0.0,0.0,1.0,228.0,0.0,101530.0
2025-02-01 04:00:00,31.0768312262647,30.0138189401844,0.0,0.2222222222222222,9.2,93,97,8.9,218,10.0,12.1,14.5,0.1,0.1,0.0,10.0,95.0,0.0,0.0,0.0,228.0,1.0,101500.0
2025-02-01 05:00:00,31.3327594914655,30.3111745227038,0.0,0.2224049707602339,8.9,92,45,7.8,223,9.7,12.0,14.5,0.0,0.0,0.0,10.0,93.0,0.0,0.0,1.0,216.0,5.0,101450.0
2025-02-01 06:00:00,31.3542776060331,30.5344421522539,0.0,0.2225877192982456,8.5,92,39,8.7,217,9.4,11.9,14.5,0.1,0.1,0.0,10.0,93.0,0.0,0.0,1.0,210.0,1.0,101430.0
2025-02-01 07:00:00,31.142041670969,30.2928155254577,0.0,0.22277046783625729,8.4,91,9,7.9,221,9.2,11.8,14.5,0.0,0.0,0.0,10.0,92.0,0.0,0.0,1.0,228.0,0.0,101420.0
2025-02-01 08:00:00,31.4055502791748,30.5419232574237,0.0,0.222953216374269,9.2,89,12,10.0,224,9.2,11.6,14.5,0.0,0.0,0.02,9.0,94.0,0.0,0.0,0.0,258.0,0.0,101410.0
2025-02-01 09:00:00,31.4187370352555,30.0153099522007,0.0,0.2231359649122807,11.5,86,11,11.1,224,10.2,11.6,14.5,0.0,0.0,0.07,9.0,94.0,2703.0,0.0,2.0,264.0,0.0,101420.0
2025-02-01 10:00:00,31.2648706610487,30.2543405660962,0.0,0.2233187134502924,13.6,69,2,11.2,230,11.5,11.6,14.5,0.0,0.0,0.18,9.0,89.0,10816.0,1.0,2.0,252.0,0.0,101400.0
2025-02-01 11:00:00,31.1615197863686,30.4084927185369,0.0,0.2235014619883041,15.2,55,0,11.9,238,13.0,11.7,14.5,0.0,0.0,0.27,12.0,83.0,35376.0,2.0,2.0,240.0,0.0,101400.0
2025-02-01 12:00:00,31.2648270604882,30.1702137645112,0.0,0.22368421052631576,16.1,48,0,12.3,245,14.3,11.9,14.5,0.0,0.0,0.33,14.0,74.0,53692.0,3.0,3.0,289.0,0.0,101370.0
2025-02-01 13:00:00,31.2322676794506,30.0205571024846,0.0,0.22386695906432746,16.9,45,0,11.4,246,15.5,12.0,14.4,0.0,0.0,0.36,15.0,64.0,60201.0,3.0,4.0,270.0,0.0,101250.0
2025-02-01 14:00:00,31.1789409336422,29.9208706226409,0.0,0.22404970760233917,17.4,42,43,13.6,264,16.1,12.4,14.4,0.0,0.0,0.35,16.0,54.0,60920.0,5.0,3.0,328.0,0.0,101090.0
2025-02-01 15:00:00,31.1693563723487,29.8778326338711,0.0,0.22423245614035087,16.9,43,3,12.9,295,16.2,12.7,14.4,0.0,0.0,0.29,17.0,46.0,52723.0,6.0,5.0,287.0,0.0,100960.0
2025-02-01 16:00:00,31.0318206491777,29.7382610632157,0.0,0.22441520467836257,15.6,50,0,12.1,327,15.8,12.9,14.4,0.0,0.0,0.2,17.0,45.0,36103.0,2.0,3.0,296.0,0.0,100900.0
2025-02-01 17:00:00,31.0413543375689,29.6334022485397,0.0,0.22459795321637427,13.6,68,0,4.3,324,14.9,13.1,14.4,0.0,0.0,0.07,16.0,49.0,15515.0,1.0,5.0,327.0,0.0,100870.0
2025-02-01 18:00:00,30.8838274935937,29.6661094304268,0.0,0.22478070175438594,11.6,66,0,1.9,241,13.3,13.2,14.4,0.0,0.0,0.01,15.0,58.0,4051.0,0.0,3.0,342.0,0.0,100870.0
2025-02-01 19:00:00,30.7334132136875,29.6096212931833,0.0,0.22496345029239764,10.4,70,1,6.4,213,12.2,13.2,14.4,0.0,0.0,0.01,12.0,71.0,0.0,0.0,0.0,343.0,0.0,100860.0
2025-02-01 20:00:00,30.7677330538437,29.445109181728,0.0,0.22514619883040934,9.9,73,6,8.8,226,11.6,13.1,14.4,0.0,0.0,0.01,11.0,75.0,0.0,0.0,1.0,188.0,0.0,100910.0
2025-02-01 21:00:00,30.8050820787509,29.4382418341772,0.0,0.22532894736842105,10.1,77,36,10.3,224,11.2,13.0,14.4,0.0,0.0,0.01,11.0,74.0,0.0,0.0,1.0,204.0,0.0,100900.0
2025-02-01 22:00:00,30.7315400689237,29.3691728273706,0.0,0.22551169590643275,10.4,78,30,8.5,242,11.0,12.9,14.4,0.0,0.0,0.01,11.0,75.0,0.0,0.0,2.0,216.0,0.0,100950.0
2025-02-01 23:00:00,30.8515193108202,29.4262783231326,0.0,0.22569444444444442,10.3,78,10,9.2,237,10.8,12.8,14.4,0.0,0.0,0.01,11.0,74.0,0.0,0.0,0.0,234.0,0.0,100970.0
2025-02-02 00:00:00,30.7407252902672,29.4843075381108,0.0,0.22587719298245612,9.6,78,15,8.6,225,10.6,12.7,14.4,0.0,0.0,0.01,11.0,78.0,0.0,0.0,0.0,234.0,0.0,100940.0
2025-02-02 01:00:00,30.7519400808986,29.456029683833,0.0,0.22605994152046782,10.2,76,31,9.7,230,11.4,12.7,14.4,0.3,0.3,0.01,11.0,83.0,0.0,0.0,2.0,228.0,0.0,100920.0
2025-02-02 02:00:00,30.91910102324,29.3296366607044,0.0,0.22624269005847952,9.7,79,49,9.6,234,10.8,12.6,14.4,0.5,0.5,0.01,10.0,88.0,0.0,0.0,1.0,228.0,13.0,100880.0
2025-02-02 03:00:00,30.8396404187339,29.5223617336764,0.0,0.22642543859649122,9.5,80,62,6.0,222,10.3,12.5,14.4,0.4,0.4,0.0,10.0,82.0,0.0,0.0,0.0,258.0,0.0,100810.0
2025-02-02 04:00:00,30.8166833392132,29.6116864776446,0.0,0.22660818713450293,8.9,82,77,5.8,228,9.9,12.4,14.4,0.0,0.0,0.0,10.0,83.0,0.0,0.0,4.0,258.0,6.0,100760.0
2025-02-02 05:00:00,31.2941166835628,30.1257778707211,0.0,0.2267909356725146,9.7,79,48,10.2,231,9.8,12.2,14.4,0.0,0.0,0.01,9.0,89.0,0.0,0.0,1.0,246.0,4.0,100780.0
2025-02-02 06:00:00,31.3107409474041,30.792097951032,0.0,0.2269736842105263,9.2,82,72,8.3,233,9.5,12.1,14.4,0.0,0.0,0.0,10.0,87.0,0.0,0.0,2.0,192.0,11.0,100780.0
2025-02-02 07:00:00,31.4268458834763,30.7557684513573,0.0,0.227156432748538,9.1,82,66,6.8,236,9.4,12.0,14.4,0.1,0.1,0.0,9.0,84.0,0.0,0.0,0.0,252.0,0.0,100790.0
2025-02-02 08:00:00,31.4972890094408,30.8543027274935,0.0,0.2273391812865497,10.0,84,67,9.2,232,9.6,11.8,14.3,0.1,0.1,0.02,9.0,86.0,172.0,0.0,1.0,228.0,0.0,100840.0
2025-02-02 09:00:00,31.4389724714759,30.8222932596044,0.0,0.2275219298245614,11.3,84,52,8.4,222,10.4,11.8,14.3,0.0,0.0,0.06,10.0,87.0,5864.0,0.0,1.0,240.0,0.0,100890.0
2025-02-02 10:00:00,31.3936430307147,30.8064762031377,0.0,0.22770467836257308,13.0,70,47,11.2,232,11.4,11.8,14.3,0.0,0.0,0.14,12.0,79.0,21115.0,1.0,2.0,204.0,0.0,100930.0
2025-02-02 11:00:00,31.5429789115722,30.6213768965009,0.0,0.22788742690058478,14.1,66,38,10.3,240,12.5,11.8,14.3,0.0,0.0,0.2,14.0,75.0,41918.0,2.0,3.0,238.0,0.0,100940.0
2025-02-02 12:00:00,31.5803089333075,30.584502032795,0.0,0.22807017543859648,15.0,64,17,8.4,252,13.8,12.0,14.3,0.0,0.0,0.25,14.0,76.0,21452.0,2.0,3.0,258.0,0.0,100940.0
2025-02-02 13:00:00,31.3835485811525,30.7375876509685,0.0,0.22825292397660818,16.1,61,42,10.4,270,15.2,12.3,14.3,0.1,0.1,0.28,15.0,72.0,68043.0,3.0,3.0,299.0,0.0,100900.0
2025-02-02 14:00:00,31.4025312394849,30.3790959502738,0.0,0.22843567251461988,16.5,55,39,11.9,285,15.7,12.6,14.3,0.0,0.0,0.27,17.0,66.0,33924.0,3.0,3.0,252.0,0.0,100780.0
2025-02-02 15:00:00,31.2842816654202,30.3207836550737,0.0,0.22861842105263155,16.5,56,25,12.0,304,15.8,12.8,14.3,0.0,0.0,0.24,16.0,66.0,52816.0,5.0,3.0,349.0,0.0,100720.0
2025-02-02 16:00:00,31.3775610114768,30.4447659548421,0.0,0.22880116959064326,16.0,60,9,7.8,306,15.7,13.1,14.3,0.0,0.0,0.17,17.0,62.0,32429.0,2.0,5.0,359.0,0.0,100770.0
2025-02-02 17:00:00,31.1382060980098,30.2544480069729,0.0,0.22898391812865496,14.9,69,4,0.8,293,15.1,13.3,14.3,0.0,0.0,0.06,16.0,68.0,13080.0,1.0,4.0,20.0,0.0,100810.0
2025-02-02 18:00:00,31.1055667583204,29.9919114531348,0.0,0.22916666666666666,12.3,73,11,1.1,243,13.5,13.3,14.3,0.0,0.0,0.01,15.0,70.0,3036.0,0.0,1.0,348.0,0.0,100810.0
2025-02-02 19:00:00,31.1785802196332,30.1727184219578,0.0,0.22934941520467836,10.7,76,0,4.5,221,12.3,13.3,14.3,0.0,0.0,0.0,12.0,84.0,0.0,0.0,0.0,318.0,0.0,100860.0
2025-02-02 20:00:00,31.1656406675624,30.0605736699416,0.0,0.22953216374269003,9.8,78,4,5.6,202,11.6,13.2,14.3,0.0,0.0,0.0,11.0,86.0,0.0,0.0,1.0,174.0,0.0,100920.0
2025-02-02 21:00:00,31.2022982880931,30.0276792318546,0.0,0.22971491228070173,8.6,83,13,4.3,200,10.9,13.1,14.3,0.0,0.0,0.0,11.0,86.0,0.0,0.0,1.0,167.0,0.0,100960.0
2025-02-02 22:00:00,31.0762513783654,30.0060224265909,0.0,0.22989766081871343,8.5,81,14,5.4,203,10.5,13.0,14.3,0.0,0.0,0.0,9.0,89.0,0.0,0.0,0.0,178.0,0.0,100990.0
2025-02-02 23:00:00,31.0276398929952,29.6918594464866,0.0,0.23008040935672514,8.9,78,46,8.9,228,10.2,12.8,14.3,0.0,0.0,0.01,10.0,82.0,0.0,0.0,1.0,192.0,0.0,100980.0
2025-02-03 00:00:00,30.9134048449247,29.8705580927732,0.0,0.23026315789473684,9.9,83,42,12.1,228,10.3,12.7,14.3,0.0,0.0,0.01,10.0,83.0,0.0,0.0,1.0,188.0,0.0,100950.0
2025-02-03 01:00:00,30.9709154966014,29.6729820446288,0.0,0.23044590643274854,10.3,87,81,4.8,259,11.8,12.8,14.3,0.1,0.1,0.0,11.0,83.0,0.0,0.0,1.0,217.0,0.0,100920.0
2025-02-03 02:00:00,31.2247142646415,30.0744347581599,0.0,0.2306286549707602,10.0,89,100,2.4,256,11.4,12.8,14.3,0.3,0.3,0.0,10.0,93.0,0.0,0.0,1.0,177.0,6.0,100850.0
2025-02-03 03:00:00,31.1901761406642,30.1694035673016,0.0,0.2308114035087719,10.0,87,100,0.5,335,10.8,12.7,14.3,0.0,0.0,0.0,10.0,94.0,0.0,0.0,0.0,186.0,3.0,100830.0
2025-02-03 04:00:00,30.9763457150239,30.1648048052751,0.0,0.2309941520467836,9.6,90,100,1.0,58,10.5,12.6,14.3,0.6,0.6,0.0,10.0,94.0,0.0,0.0,1.0,308.0,0.0,100810.0
2025-02-03 05:00:00,31.1953291255926,30.2944265662134,0.0,0.23117690058479531,9.4,92,97,2.9,182,10.3,12.5,14.3,0.0,0.0,0.0,10.0,94.0,0.0,0.0,0.0,217.0,0.0,100800.0
2025-02-03 06:00:00,31.1931380924334,30.3369659261413,0.0,0.23135964912280702,9.0,95,94,3.3,162,10.2,12.3,14.3,0.0,0.0,0.0,10.0,93.0,0.0,0.0,0.0,108.0,0.0,100730.0
2025-02-03 07:00:00,31.2332243819571,30.277926479256,0.0,0.2315423976608187,8.8,97,100,3.1,185,10.0,12.2,14.2,0.0,0.0,0.0,11.0,90.0,0.0,0.0,1.0,180.0,0.0,100700.0
2025-02-03 08:00:00,31.1503034582838,30.1623469168206,0.0,0.2317251461988304,9.8,95,100,0.2,28,10.2,12.1,14.2,0.4,0.4,0.01,11.0,89.0,314.0,0.0,0.0,228.0,0.0,100700.0
2025-02-03 09:00:00,31.1136456636218,30.1306426306971,0.0,0.2319078947368421,10.4,96,100,0.5,22,10.5,12.0,14.2,0.9,0.9,0.03,11.0,92.0,2212.0,0.0,0.0,156.0,0.0,100670.0
2025-02-03 10:00:00,31.088700990582,30.1203135813846,0.0,0.2320906432748538,11.4,93,100,3.4,105,11.1,12.0,14.2,1.6,1.6,0.05,12.0,90.0,11105.0,0.0,0.0,330.0,0.0,100730.0
2025-02-03 11:00:00,31.1290867630978,30.2089034003441,0.0,0.2322733918128655,12.1,92,100,1.5,113,11.6,12.0,14.2,1.5,1.5,0.06,13.0,83.0,16928.0,1.0,0.0,6.0,0.0,100770.0
2025-02-03 12:00:00,31.294192013023,30.4088939864033,0.0,0.2324561403508772,13.4,90,95,6.1,353,12.4,12.0,14.2,0.1,0.1,0.1,13.0,87.0,14970.0,1.0,2.0,88.0,3.0,100770.0
2025-02-03 13:00:00,31.4857973140227,30.4563282852784,0.0,0.23263888888888887,15.3,77,61,5.9,23,13.5,12.2,14.2,0.0,0.0,0.12,13.0,85.0,14974.0,1.0,3.0,60.0,3.0,100690.0
2025-02-03 14:00:00,31.4160788536957,30.5511259769694,0.0,0.23282163742690057,15.9,69,83,5.4,39,14.5,12.4,14.2,1.5,1.5,0.22,14.0,81.0,35418.0,2.0,2.0,36.0,0.0,100610.0
2025-02-03 15:00:00,31.4309857475304,30.6045525485758,0.0,0.23300438596491227,15.7,69,94,7.6,334,15.0,12.6,14.2,0.7,0.7,0.22,15.0,76.0,38525.0,2.0,2.0,328.0,0.0,100550.0
2025-02-03 16:00:00,31.3551631409206,30.5704829423721,0.0,0.23318713450292397,13.0,85,88,7.7,17,14.2,12.8,14.2,2.1,2.1,0.09,15.0,73.0,39923.0,2.0,2.0,300.0,0.0,100530.0
2025-02-03 17:00:00,31.5038274332465,30.4720764747996,0.0,0.23336988304093567,12.5,89,100,1.9,81,13.5,12.9,14.2,0.1,0.1,0.04,12.0,87.0,640.0,0.0,3.0,302.0,0.0,100680.0
2025-02-03 18:00:00,31.7278266447704,31.089962585973,0.0,0.23355263157894735,11.2,95,99,2.7,39,12.6,12.9,14.2,0.9,0.9,0.01,11.0,91.0,1156.0,0.0,2.0,139.0,11.0,100730.0
2025-02-03 19:00:00,31.887483368824,31.6898261123564,0.0,0.23373538011695905,11.2,95,100,1.4,97,12.2,12.9,14.2,0.0,0.0,0.0,11.0,92.0,0.0,0.0,0.0,228.0,0.0,100810.0
2025-02-03 20:00:00,32.130993111771,31.567931961392,0.0,0.23391812865497075,10.7,98,99,6.3,261,11.9,12.9,14.2,1.8,1.8,0.0,11.0,92.0,0.0,0.0,0.0,246.0,0.0,100900.0
2025-02-03 21:00:00,31.7847091133664,31.5508058385554,0.0,0.23410087719298245,10.5,98,93,6.1,286,11.6,12.8,14.2,1.3,1.3,0.0,11.0,91.0,0.0,0.0,2.0,234.0,0.0,100970.0
2025-02-03 22:00:00,32.0614780008177,31.6593586805275,0.0,0.23428362573099415,10.3,97,78,8.3,237,11.3,12.7,14.2,0.1,0.1,0.0,10.0,89.0,0.0,0.0,0.0,270.0,0.0,101010.0
2025-02-03 23:00:00,32.0756417789033,31.3079414792486,0.0,0.23446637426900582,10.1,94,99,10.6,219,11.0,12.6,14.2,0.0,0.0,0.0,9.0,89.0,0.0,0.0,2.0,264.0,0.0,101070.0
2025-02-04 00:00:00,31.956676651989,31.4641923263241,0.0,0.23464912280701752,9.9,93,100,11.2,234,10.8,12.5,14.2,0.0,0.0,0.0,9.0,91.0,0.0,0.0,0.0,168.0,0.0,101100.0
2025-02-04 01:00:00,31.8846919113162,31.1669284095134,0.0,0.23483187134502922,9.0,90,23,5.0,228,11.0,12.5,14.2,0.0,0.0,0.0,8.0,92.0,0.0,0.0,0.0,318.0,0.0,101110.0
2025-02-04 02:00:00,32.0703626184042,31.2979075567444,0.0,0.23501461988304093,9.1,90,35,11.4,231,10.3,12.4,14.2,0.0,0.0,0.0,7.0,91.0,0.0,0.0,0.0,186.0,0.0,101100.0
2025-02-04 03:00:00,31.8872594379442,31.1840913288904,0.0,0.23519736842105263,8.5,92,38,10.0,223,9.8,12.3,14.1,0.0,0.0,0.0,8.0,91.0,0.0,0.0,0.0,204.0,0.0,101140.0
2025-02-04 04:00:00,31.6291040186775,31.1934629748229,0.0,0.2353801169590643,7.9,92,67,7.3,224,9.5,12.1,14.1,0.0,0.0,0.0,7.0,91.0,0.0,0.0,1.0,180.0,0.0,101130.0
2025-02-04 05:00:00,31.7199562269549,31.0611760853552,0.0,0.235562865497076,7.7,92,68,6.5,229,9.2,11.9,14.1,0.0,0.0,0.0,7.0,89.0,0.0,0.0,0.0,192.0,0.0,101180.0
2025-02-04 06:00:00,31.825844124112,31.0312636929672,0.0,0.2357456140350877,7.2,93,81,5.1,220,8.9,11.8,14.1,0.0,0.0,0.0,8.0,89.0,0.0,0.0,0.0,186.0,0.0,101220.0
2025-02-04 07:00:00,31.6983961247744,31.0096369365462,0.0,0.2359283625730994,7.1,95,87,5.2,216,8.8,11.6,14.1,0.0,0.0,0.0,8.0,88.0,0.0,0.0,1.0,186.0,0.0,101260.0
2025-02-04 08:00:00,31.5927514130298,30.9343943586319,0.0,0.2361111111111111,8.3,91,23,9.4,225,8.9,11.4,14.1,0.0,0.0,0.02,8.0,89.0,1936.0,0.0,0.0,198.0,0.0,101300.0
2025-02-04 09:00:00,31.770563216757,30.957287689062,0.0,0.2362938596491228,11.0,83,12,8.0,232,9.9,11.4,14.1,0.0,0.0,0.08,9.0,88.0,12364.0,1.0,1.0,240.0,0.0,101400.0
2025-02-04 10:00:00,31.6229366459108,30.7863984376041,0.0,0.23647660818713448,13.0,71,11,9.4,253,11.4,11.4,14.1,0.0,0.0,0.18,11.0,80.0,29656.0,1.0,2.0,239.0,0.0,101430.0
2025-02-04 11:00:00,31.5262967812089,30.7391236090107,0.0,0.23665935672514618,14.3,63,37,11.7,265,12.8,11.5,14.1,0.0,0.0,0.25,13.0,75.0,48140.0,3.0,2.0,264.0,0.0,101480.0
2025-02-04 12:00:00,31.600123536986,30.7330924527701,0.0,0.23684210526315788,14.9,61,73,9.9,270,14.0,11.7,14.1,0.0,0.0,0.29,15.0,63.0,60234.0,3.0,0.0,212.0,0.0,101470.0
2025-02-04 13:00:00,31.561320269277,30.7616291631091,0.0,0.23702485380116958,15.9,54,55,4.7,273,15.1,12.1,14.1,0.0,0.0,0.3,15.0,59.0,54316.0,5.0,2.0,337.0,0.0,101430.0
2025-02-04 14:00:00,31.5690118855025,30.5818391781402,0.0,0.23720760233918128,15.9,53,51,4.1,312,15.5,12.3,14.1,0.0,0.0,0.22,16.0,57.0,74652.0,5.0,4.0,343.0,0.0,101380.0
2025-02-04 15:00:00,31.5920598510726,30.703483713118,0.0,0.23739035087719296,15.5,56,90,6.3,360,15.5,12.6,14.0,0.0,0.0,0.19,15.0,61.0,32224.0,2.0,4.0,5.0,0.0,101380.0
2025-02-04 16:00:00,31.2566045922432,30.3865205344802,0.0,0.23757309941520466,14.7,65,18,9.2,26,15.3,12.8,14.0,0.0,0.0,0.15,14.0,68.0,14515.0,1.0,3.0,8.0,0.0,101420.0
2025-02-04 17:00:00,31.1213878295336,30.2241875982853,0.0,0.23775584795321636,13.3,73,15,9.0,45,14.6,13.0,14.0,0.0,0.0,0.08,14.0,69.0,10580.0,0.0,2.0,18.0,0.0,101480.0
2025-02-04 18:00:00,31.1856226134718,30.1602317130869,0.0,0.23793859649122806,10.6,85,12,4.8,56,13.4,13.1,14.0,0.0,0.0,0.01,13.0,79.0,1478.0,0.0,1.0,42.0,0.0,101550.0
2025-02-04 19:00:00,31.2122724196338,30.2049125113443,0.0,0.23812134502923976,10.2,84,13,2.4,62,12.2,13.1,14.0,0.0,0.0,0.0,12.0,85.0,0.0,0.0,0.0,132.0,0.0,101640.0
2025-02-04 20:00:00,31.1851133091068,30.0099285209319,0.0,0.23830409356725146,9.3,87,14,3.1,108,11.3,13.0,14.0,0.0,0.0,0.0,12.0,83.0,0.0,0.0,0.0,155.0,0.0,101710.0
2025-02-04 21:00:00,31.2619403268856,30.033130506179,0.0,0.23848684210526314,8.3,91,7,2.8,151,10.7,12.9,14.0,0.0,0.0,0.0,11.0,87.0,0.0,0.0,0.0,90.0,0.0,101750.0
2025-02-04 22:00:00,31.2056738395405,30.0883808261278,0.0,0.23866959064327484,7.6,92,3,4.0,275,10.2,12.7,14.0,0.0,0.0,0.0,9.0,91.0,0.0,0.0,0.0,124.0,0.0,101800.0
2025-02-04 23:00:00,31.2453049962862,29.9456616961611,0.0,0.23885233918128654,7.2,92,1,3.9,279,9.8,12.6,14.0,0.0,0.0,0.0,8.0,93.0,0.0,0.0,0.0,180.0,0.0,101820.0
2025-02-05 00:00:00,31.0791495309141,29.8839373395163,0.0,0.23903508771929824,7.0,91,2,4.2,239,9.4,12.4,14.0,0.0,0.0,0.0,7.0,93.0,0.0,0.0,0.0,174.0,0.0,101860.0
2025-02-05 01:00:00,30.9703319133913,29.8774959677147,0.0,0.23921783625730994,7.6,91,5,4.5,236,10.1,12.4,14.0,0.0,0.0,0.0,9.0,90.0,0.0,0.0,0.0,198.0,0.0,101860.0
2025-02-05 02:00:00,30.9984966214081,29.8186523466825,0.0,0.2394005847953216,7.2,91,14,4.8,224,9.7,12.2,14.0,0.0,0.0,0.0,7.0,93.0,0.0,0.0,0.0,180.0,0.0,101870.0
2025-02-05 03:00:00,30.9919481585434,29.8307092171683,0.0,0.23958333333333331,6.8,94,16,5.6,218,9.4,12.1,14.0,0.0,0.0,0.0,7.0,92.5,0.0,0.0,0.0,192.0,0.0,101860.0
2025-02-05 04:00:00,30.9780547822215,29.6541888120002,0.0,0.23976608187134502,6.2,96,18,6.1,216,9.2,11.9,14.0,0.0,0.0,0.0,7.0,92.0,0.0,0.0,0.0,204.0,0.0,101850.0
2025-02-05 05:00:00,31.0702964102321,29.679817917155,0.0,0.23994883040935672,5.7,99,9,6.4,219,9.0,11.8,14.0,0.0,0.0,0.0,5.0,93.0,0.0,0.0,0.0,176.0,0.0,101840.0
2025-02-05 06:00:00,31.1453469095013,29.6067656917294,0.0,0.24013157894736842,5.9,98,7,6.5,216,8.8,11.6,14.0,0.0,0.0,0.0,5.0,93.0,0.0,0.0,0.0,198.0,0.0,101860.0
2025-02-05 07:00:00,30.9614268677109,29.5603916995291,0.0,0.2403143274853801,6.3,95,4,5.6,213,8.7,11.4,14.0,0.0,0.0,0.0,4.0,94.0,0.0,0.0,0.0,6.0,0.0,101890.0
2025-02-05 08:00:00,30.7444613355276,29.6294287295748,0.0,0.2404970760233918,7.6,90,8,7.1,214,8.9,11.3,14.0,0.0,0.0,0.01,4.0,95.0,0.0,0.0,0.0,186.0,0.0,101930.0
2025-02-05 09:00:00,30.8841289667962,29.5321053556186,0.0,0.2406798245614035,10.2,85,22,5.7,225,9.9,11.2,14.0,0.0,0.0,0.07,5.0,95.0,2818.0,0.0,0.0,168.0,0.0,101960.0
2025-02-05 10:00:00,30.8143460489795,29.3640452225113,0.0,0.2408625730994152,12.8,76,1,5.0,279,11.4,11.2,14.0,0.0,0.0,0.16,10.0,83.0,10617.0,0.0,0.0,204.0,0.0,102000.0
2025-02-05 11:00:00,30.9348374953666,29.517798853839,0.0,0.2410453216374269,14.4,70,14,3.6,7,13.1,11.4,14.0,0.0,0.0,0.27,12.0,85.0,28876.0,1.0,0.0,234.0,0.0,102030.0
2025-02-05 12:00:00,30.643206176534,29.5905385538455,0.0,0.24122807017543857,15.4,66,16,8.2,35,14.5,11.6,13.9,0.0,0.0,0.31,14.0,74.0,49876.0,3.0,0.0,262.0,0.0,102050.0
2025-02-05 13:00:00,30.7689324570928,29.6466038360821,0.0,0.24141081871345027,15.6,64,28,12.1,36,15.3,11.8,13.9,0.0,0.0,0.29,15.0,71.0,46644.0,3.0,3.0,42.0,0.0,102000.0
2025-02-05 14:00:00,30.8000640225039,29.3711064935767,0.0,0.24159356725146197,15.4,65,15,14.2,39,15.7,12.2,13.9,0.0,0.0,0.27,14.0,73.0,15261.0,2.0,2.0,42.0,0.0,101930.0
2025-02-05 15:00:00,30.8784757675785,29.4434374672064,0.0,0.24177631578947367,15.2,65,11,14.4,45,15.8,12.5,13.9,0.0,0.0,0.25,15.0,69.0,17956.0,1.0,4.0,36.0,0.0,101830.0
2025-02-05 16:00:00,30.7814244055655,29.3379165882476,0.0,0.24195906432748537,14.6,67,13,14.7,48,15.5,12.7,13.9,0.0,0.0,0.18,15.0,70.0,41546.0,3.0,5.0,72.0,0.0,101780.0
2025-02-05 17:00:00,30.7581312344917,29.4723922564331,0.0,0.24214181286549707,13.5,73,9,10.6,51,14.7,12.9,13.9,0.0,0.0,0.08,15.0,72.0,12794.0,1.0,4.0,37.0,0.0,101770.0
2025-02-05 18:00:00,30.5016102250375,29.1875100548683,0.0,0.24232456140350875,10.9,87,8,6.9,60,13.5,13.0,13.9,0.0,0.0,0.02,14.0,70.0,7014.0,0.0,4.0,72.0,0.0,101800.0
2025-02-05 19:00:00,30.6701407000205,29.2763093088886,0.0,0.24250730994152045,9.8,89,12,5.0,85,12.3,13.0,13.9,0.0,0.0,0.0,13.0,81.0,716.0,0.0,2.0,48.0,0.0,101830.0
2025-02-05 20:00:00,30.6432063127325,29.2181047568765,0.0,0.24269005847953215,9.3,89,13,4.0,110,11.4,12.9,13.9,0.0,0.0,0.0,11.0,84.0,0.0,0.0,2.0,72.0,0.0,101870.0
2025-02-05 21:00:00,30.7449800328441,28.8968881614621,0.0,0.24287280701754385,8.4,91,8,2.8,105,10.7,12.8,13.9,0.0,0.0,0.0,10.0,89.0,0.0,0.0,0.0,119.0,0.0,101900.0
2025-02-05 22:00:00,30.3281161471205,29.4175467889243,0.0,0.24305555555555555,8.0,93,6,2.6,103,10.3,12.7,13.9,0.0,0.0,0.0,9.0,91.0,0.0,0.0,0.0,180.0,0.0,101910.0
2025-02-05 23:00:00,30.6566824732479,28.9825649767321,0.0,0.24323830409356723,7.3,95,4,3.3,315,10.0,12.5,13.9,0.0,0.0,0.0,9.0,92.0,0.0,0.0,0.0,180.0,0.0,101910.0
2025-02-06 00:00:00,30.4090786396589,28.8736287371112,0.0,0.24342105263157893,7.0,94,2,4.0,285,9.6,12.3,13.9,0.0,0.0,0.0,7.0,93.0,0.0,0.0,0.0,166.0,0.0,101900.0
2025-02-06 01:00:00,30.357403266139,29.0063445475767,0.0,0.24360380116959063,8.0,92,1,3.7,292,10.3,12.3,13.9,0.0,0.0,0.0,7.0,94.0,0.0,0.0,0.0,155.0,0.0,101870.0
2025-02-06 02:00:00,30.4061355012218,29.0654036956433,0.0,0.24378654970760233,7.6,92,0,4.6,256,9.8,12.2,13.9,0.0,0.0,0.0,6.0,95.0,0.0,0.0,0.0,171.0,0.0,101860.0
2025-02-06 03:00:00,30.3568655354913,28.9933407058637,0.0,0.24396929824561403,6.8,93,0,5.2,244,9.3,12.1,13.9,0.0,0.0,0.0,6.0,95.0,0.0,0.0,0.0,192.0,0.0,101820.0
2025-02-06 04:00:00,30.3591038277716,28.8983484593599,0.0,0.24415204678362573,6.4,93,3,5.1,242,8.9,11.9,13.9,0.0,0.0,0.0,6.0,95.0,0.0,0.0,0.0,180.0,0.0,101770.0
2025-02-06 05:00:00,30.3630266049086,28.9272667220295,0.0,0.2443347953216374,6.1,93,8,5.0,230,8.6,11.7,13.9,0.0,0.0,0.0,5.0,94.0,0.0,0.0,0.0,180.0,0.0,101730.0
2025-02-06 06:00:00,30.3971129400984,28.7242183620216,0.0,0.2445175438596491,6.2,93,11,4.9,221,8.5,11.5,13.9,0.0,0.0,0.0,5.0,94.0,0.0,0.0,0.0,168.0,0.0,101730.0
2025-02-06 07:00:00,30.2904763626886,28.8136973835348,0.0,0.2447002923976608,6.1,93,12,5.3,220,8.3,11.3,13.9,0.0,0.0,0.0,5.0,95.0,0.0,0.0,0.0,204.0,0.0,101720.0
2025-02-06 08:00:00,30.4421448203845,28.9048675915842,0.0,0.2448830409356725,7.5,88,23,7.7,228,8.6,11.2,13.9,0.0,0.0,0.02,4.0,95.0,0.0,0.0,0.0,156.0,0.0,101750.0
2025-02-06 09:00:00,30.3753941259199,29.0188353613722,0.0,0.2450657894736842,9.8,84,30,7.0,226,9.6,11.1,13.8,0.0,0.0,0.07,4.0,96.0,4190.0,0.0,0.0,173.0,0.0,101770.0
2025-02-06 10:00:00,30.3114585070342,28.5555252932302,0.0,0.24524853801169588,12.3,80,10,6.3,260,11.1,11.1,13.8,0.0,0.0,0.15,8.0,88.0,9300.0,1.0,0.0,264.0,0.0,101770.0
2025-02-06 11:00:00,30.2861101864819,29.7709464756655,0.0,0.24543128654970758,14.1,70,0,5.1,322,12.8,11.2,13.8,0.0,0.0,0.27,12.0,82.0,33734.0,2.0,0.0,228.0,0.0,101770.0
2025-02-06 12:00:00,31.2366527512147,32.9222832186322,0.0,0.24561403508771928,15.0,65,1,6.8,358,14.3,11.5,13.8,0.0,0.0,0.32,13.0,76.0,52676.0,5.0,1.0,246.0,0.0,101730.0
2025-02-06 13:00:00,32.0714924607434,33.2451785532211,0.0,0.24579678362573099,15.2,67,8,8.3,17,15.3,11.8,13.8,0.0,0.0,0.31,15.0,69.0,60668.0,3.0,0.0,54.0,0.0,101690.0
2025-02-06 14:00:00,32.7250362596845,33.2571965701654,0.0,0.2459795321637427,15.6,65,8,6.0,47,16.0,12.1,13.8,0.0,0.0,0.31,16.0,64.0,66631.0,6.0,1.0,58.0,0.0,101610.0
2025-02-06 15:00:00,32.8419951493319,33.2829262215463,0.0,0.24616228070175436,15.4,65,15,10.2,38,16.1,12.4,13.8,0.0,0.0,0.25,15.666666666666666,66.0,51034.0,4.333333333333333,2.0,52.666666666666664,0.0,101566.66666666667
2025-02-06 16:00:00,32.9589540389793,33.3086558729272,0.0,0.24634502923976606,14.4,72,15,12.0,37,15.7,12.7,13.8,0.0,0.0,0.17,15.333333333333334,68.0,35437.0,2.6666666666666665,3.0,47.333333333333336,0.0,101523.33333333333
2025-02-06 17:00:00,32.8619086375221,33.53457903748,0.0,0.24652777777777776,13.2,79,100,8.7,51,14.9,12.9,13.8,0.0,0.0,0.08,15.0,70.0,19840.0,1.0,4.0,42.0,0.0,101480.0
2025-02-06 18:00:00,32.9878875850547,33.1827350164479,0.0,0.24671052631578946,10.8,89,100,5.4,74,13.6,13.0,13.8,0.0,0.0,0.01,14.0,70.0,6792.0,0.0,2.0,38.0,0.0,101480.0
2025-02-06 19:00:00,32.8956319286714,33.1668105380185,0.0,0.24689327485380116,10.4,89,46,3.3,89,12.6,13.0,13.8,0.0,0.0,0.0,13.0,76.0,453.0,0.0,1.0,54.0,0.0,101470.0
2025-02-06 20:00:00,33.1337561722728,33.1401579163532,0.0,0.24707602339181284,8.9,90,57,2.2,101,11.4,13.0,13.8,0.0,0.0,0.0,11.0,81.0,0.0,0.0,0.0,54.0,0.0,101470.0
2025-02-06 21:00:00,32.6887689341942,32.9415693163833,0.0,0.24725877192982454,8.3,89,3,0.2,63,10.6,12.8,13.8,0.0,0.0,0.0,9.0,89.0,0.0,0.0,0.0,177.0,0.0,101480.0
2025-02-06 22:00:00,32.9599376034257,32.9527191518195,0.0,0.24744152046783624,7.4,89,0,2.6,349,9.9,12.7,13.8,0.0,0.0,0.0,9.0,89.0,0.0,0.0,0.0,182.0,0.0,101450.0
2025-02-06 23:00:00,32.9829066514292,33.0268932887494,0.0,0.24762426900584794,6.9,92,0,5.5,249,9.5,12.5,13.8,0.0,0.0,0.0,7.0,92.0,0.0,0.0,0.0,186.0,0.0,101460.0
2025-02-07 00:00:00,32.6795526916474,32.8806037076845,0.0,0.24780701754385964,6.5,92,1,5.2,259,9.1,12.3,13.8,0.0,0.0,0.0,8.0,91.0,0.0,0.0,0.0,186.0,0.0,101410.0
2025-02-07 01:00:00,32.9041316687698,32.877243913585,0.0,0.24798976608187134,6.9,92,5,5.3,244,9.6,12.3,13.8,0.0,0.0,0.0,6.0,91.0,0.0,0.0,0.0,156.0,0.0,101400.0
2025-02-07 02:00:00,32.9171611411462,32.650119203287,0.0,0.24817251461988302,6.1,94,15,6.1,232,9.2,12.1,13.8,0.0,0.0,0.0,6.0,94.0,0.0,0.0,0.0,246.0,0.0,101350.0
2025-02-07 03:00:00,32.7120424782261,32.6345183569035,0.0,0.24835526315789472,5.3,98,19,8.0,227,8.9,11.9,13.8,0.0,0.0,0.0,7.0,93.0,0.0,0.0,1.0,204.0,0.0,101310.0
2025-02-07 04:00:00,32.7191298252007,32.6971360282725,0.0,0.24853801169590642,4.9,99,5,9.5,221,8.7,11.8,13.8,0.0,0.0,0.0,7.0,93.0,0.0,0.0,2.0,198.0,0.0,101270.0
2025-02-07 05:00:00,32.4470169142072,32.3529847904883,0.0,0.24872076023391812,5.1,100,4,9.1,219,8.5,11.6,13.8,0.0,0.0,0.0,6.0,93.0,0.0,0.0,1.0,204.0,0.0,101210.0
2025-02-07 06:00:00,32.6793447730319,32.322917533793,0.0,0.24890350877192982,5.4,97,1,7.7,227,8.3,11.4,13.8,0.0,0.0,0.0,5.0,92.0,0.0,0.0,0.0,258.0,0.0,101180.0
2025-02-07 07:00:00,32.4579709103841,32.0822339104437,0.0,0.2490862573099415,5.2,95,7,8.4,238,8.1,11.2,13.8,0.0,0.0,0.0,5.0,95.0,0.0,0.0,0.0,186.0,0.0,101150.0
2025-02-07 08:00:00,32.2014613932008,32.2390842945676,0.0,0.2492690058479532,6.7,86,8,10.7,238,8.2,11.0,13.8,0.0,0.0,0.02,5.0,93.0,134.0,0.0,0.0,234.0,0.0,101170.0
2025-02-07 09:00:00,32.4859847814205,31.9837171498205,0.0,0.2494517543859649,10.6,76,6,8.2,237,9.3,10.9,13.7,0.0,0.0,0.09,7.0,91.0,5064.0,0.0,2.0,222.0,0.0,101190.0
2025-02-07 10:00:00,32.5111753614171,32.0294077248456,0.0,0.2496345029239766,13.5,66,4,7.4,259,11.0,10.9,13.7,0.0,0.0,0.19,9.0,85.0,15643.0,1.0,3.0,264.0,0.0,101200.0
2025-02-07 11:00:00,32.2649042908482,32.1783042839812,0.0,0.2498172514619883,15.5,60,1,7.6,269,12.8,11.1,13.7,0.0,0.0,0.29,11.0,76.0,39850.0,2.0,3.0,258.0,0.0,101190.0
2025-02-07 12:00:00,32.3625517199795,31.815562093592,0.0,0.25,16.8,54,0,8.9,278,14.3,11.3,13.7,0.0,0.0,0.35,13.0,66.0,57218.0,2.0,4.0,256.0,0.0,101160.0
2025-02-07 13:00:00,32.2379253659394,31.8759706765685,0.0,0.2517361111111111,17.8,45,0,7.7,274,15.4,11.6,13.7,0.0,0.0,0.38,15.0,57.0,63868.0,4.0,2.0,232.0,0.0,101090.0
2025-02-07 14:00:00,32.1419870824387,31.5601629042753,0.0,0.2534722222222222,18.2,41,4,6.9,298,16.2,12.0,13.7,0.0,0.0,0.36,17.0,51.0,63221.0,3.0,1.0,249.0,0.0,100970.0
2025-02-07 15:00:00,32.288279264548,31.5386987745471,0.0,0.2552083333333333,17.7,48,1,7.1,339,16.5,12.3,13.7,0.0,0.0,0.3,18.0,46.0,55050.0,2.0,4.0,355.0,0.0,100890.0
2025-02-07 16:00:00,32.2004707920425,31.5878018490779,0.0,0.2569444444444444,16.2,68,4,8.6,24,16.3,12.6,13.7,0.0,0.0,0.19,17.0,56.0,37213.0,2.0,3.0,19.0,0.0,100880.0
2025-02-07 17:00:00,31.9869704722656,31.4223140030637,0.0,0.2586805555555556,14.1,79,0,5.9,44,15.4,12.9,13.7,0.0,0.0,0.08,17.0,57.0,17064.0,1.0,3.0,30.0,0.0,100870.0
2025-02-07 18:00:00,31.8379681899418,31.1238560761224,0.0,0.2604166666666667,11.5,85,0,1.4,101,13.8,13.0,13.7,0.0,0.0,0.01,16.0,62.0,4544.0,0.0,3.0,24.0,0.0,100890.0
2025-02-07 19:00:00,31.9176778843013,31.2431224749213,0.0,0.2621527777777778,10.6,86,9,2.4,158,12.4,13.0,13.7,0.0,0.0,0.0,13.0,73.0,67.0,0.0,1.0,66.0,0.0,100930.0
2025-02-07 20:00:00,31.9401057855854,31.1074376549097,0.0,0.2638888888888889,9.3,84,84,3.9,191,11.4,12.9,13.7,0.0,0.0,0.0,11.0,76.0,0.0,0.0,2.0,162.0,0.0,100960.0
2025-02-07 21:00:00,31.9251121700017,30.9870362942504,0.0,0.265625,8.8,78,54,4.5,220,10.7,12.8,13.7,0.0,0.0,0.0,11.0,78.0,0.0,0.0,2.0,165.0,0.0,100950.0
2025-02-07 22:00:00,31.7536194913905,31.0673330939024,0.0,0.2673611111111111,8.8,72,16,5.3,225,10.1,12.7,13.7,0.0,0.0,0.0,8.0,85.0,0.0,0.0,0.0,141.0,0.0,100990.0
2025-02-07 23:00:00,31.902486510994,31.222267595473,0.0,0.2690972222222222,8.5,70,0,6.1,232,9.7,12.5,13.7,0.0,0.0,0.01,8.0,86.0,0.0,0.0,1.0,186.0,0.0,101030.0
2025-02-08 00:00:00,31.6728807159566,31.0722819910889,0.0,0.2708333333333333,8.2,69,0,6.5,235,9.3,12.3,13.7,0.0,0.0,0.01,8.0,84.0,0.0,0.0,0.0,198.0,0.0,101050.0
2025-02-08 01:00:00,31.7578440711678,30.8650134690412,0.0,0.2725694444444444,8.0,68,2,7.8,207,9.6,12.3,13.7,0.0,0.0,0.01,8.0,77.0,0.0,0.0,1.0,184.0,0.0,101060.0
2025-02-08 02:00:00,31.6094916773303,30.7558524292193,0.0,0.2743055555555556,7.4,73,0,7.8,214,9.3,12.2,13.7,0.0,0.0,0.01,8.0,77.0,0.0,0.0,0.0,222.0,0.0,101050.0
2025-02-08 03:00:00,31.5236462017619,30.6897141795441,0.0,0.2760416666666667,7.4,76,0,8.0,221,9.0,12.0,13.7,0.0,0.0,0.01,7.0,77.0,0.0,0.0,1.0,234.0,0.0,101000.0
2025-02-08 04:00:00,31.6853907826118,30.686199040938,0.0,0.2777777777777778,7.4,80,1,7.6,221,8.8,11.8,13.7,0.0,0.0,0.0,9.0,72.0,0.0,0.0,2.0,210.0,0.0,100990.0
2025-02-08 05:00:00,31.7360563406452,30.6114065393518,0.0,0.2795138888888889,7.5,84,2,8.0,214,8.6,11.6,13.7,0.0,0.0,0.0,8.0,71.0,0.0,0.0,2.0,228.0,0.0,101010.0
2025-02-08 06:00:00,31.6125169680046,30.7067692869204,0.0,0.28125,7.6,85,19,8.7,211,8.6,11.4,13.7,0.0,0.0,0.0,9.0,71.0,0.0,0.0,2.0,210.0,0.0,101040.0
2025-02-08 07:00:00,31.4747234480644,30.6688316165245,0.0,0.2829861111111111,8.1,83,9,9.4,215,8.6,11.3,13.7,0.0,0.0,0.0,9.0,72.0,0.0,0.0,3.0,234.0,0.0,101070.0
2025-02-08 08:00:00,31.514836324756,30.4617834363789,0.0,0.2847222222222222,10.1,77,2,11.2,218,9.0,11.2,13.7,0.0,0.0,0.03,10.0,73.0,339.0,0.0,2.0,228.0,0.0,101120.0
2025-02-08 09:00:00,31.5429090874163,30.4437420049357,0.0,0.2864583333333333,13.9,70,1,11.7,215,10.3,11.1,13.7,0.0,0.0,0.11,11.0,73.0,7184.0,0.0,3.0,258.0,0.0,101160.0
2025-02-08 10:00:00,31.3681940895419,30.4832925351735,0.0,0.2881944444444444,16.7,60,0,12.2,234,12.0,11.2,13.6,0.0,0.0,0.22,13.0,68.0,18564.0,1.0,3.0,264.0,0.0,101200.0
2025-02-08 11:00:00,31.5668973602911,30.307147248903,0.0,0.2899305555555556,18.4,50,15,14.1,241,13.7,11.4,13.6,0.0,0.0,0.32,15.0,64.0,25222.0,2.0,3.0,276.0,0.0,101230.0
2025-02-08 12:00:00,31.4067508527412,30.5255324710991,0.0,0.2916666666666667,19.6,42,1,13.3,241,15.1,11.6,13.6,0.0,0.0,0.38,18.0,54.0,61486.0,5.0,4.0,310.0,0.0,101220.0
2025-02-08 13:00:00,31.2841106876817,30.143788908585,0.0,0.2934027777777778,20.5,38,0,12.8,247,16.5,12.1,13.6,0.0,0.0,0.42,19.0,43.0,43812.0,3.0,5.0,270.0,0.0,101170.0
2025-02-08 14:00:00,31.3192062094043,30.3554398464998,0.0,0.2951388888888889,20.9,37,0,14.3,251,17.2,12.5,13.6,0.0,0.0,0.41,20.0,36.0,67903.0,6.0,5.0,298.0,0.0,101100.0
2025-02-08 15:00:00,31.3921523354813,30.1186317165777,0.0,0.296875,20.8,39,1,11.4,279,17.5,12.8,13.6,0.0,0.0,0.34,21.0,40.0,53379.0,3.0,3.0,274.0,0.0,101040.0
2025-02-08 16:00:00,31.2568007149275,30.1280841139367,0.0,0.2986111111111111,18.6,63,3,11.9,331,17.3,13.2,13.6,0.0,0.0,0.22,21.0,41.0,34895.0,2.0,2.0,234.0,0.0,101020.0
2025-02-08 17:00:00,31.1379253089386,30.160805927075,0.0,0.3003472222222222,16.6,80,14,4.0,334,16.6,13.4,13.6,0.0,0.0,0.09,18.0,68.0,14850.0,1.0,4.0,358.0,0.0,101060.0
2025-02-08 18:00:00,31.2880766562131,29.8904346971611,0.0,0.3020833333333333,14.4,83,25,1.1,337,15.1,13.6,13.6,0.0,0.0,0.01,17.0,73.0,3681.0,0.0,1.0,15.0,0.0,101100.0
2025-02-08 19:00:00,30.9694204504754,29.672119550654,0.0,0.3038194444444444,13.4,86,32,3.7,105,14.0,13.7,13.6,0.0,0.0,0.0,15.0,82.0,0.0,0.0,2.0,112.0,0.0,101180.0
2025-02-08 20:00:00,30.9378227723836,29.9004985333827,0.0,0.3055555555555556,12.6,88,29,4.2,101,13.3,13.7,13.7,0.0,0.0,0.0,14.0,87.0,0.0,0.0,2.0,124.0,0.0,101250.0
2025-02-08 21:00:00,31.0550025531102,29.6944599858217,0.0,0.3072916666666667,12.3,87,20,3.5,85,12.6,13.6,13.7,0.0,0.0,0.0,13.0,88.0,0.0,0.0,3.0,112.0,0.0,101320.0
2025-02-08 22:00:00,31.0012529176974,29.8707965792207,0.0,0.3090277777777778,11.5,88,17,4.6,99,12.0,13.5,13.7,0.0,0.0,0.0,13.0,90.0,0.0,0.0,1.0,91.0,0.0,101380.0
2025-02-08 23:00:00,31.0921711573747,29.7154348158112,0.0,0.3107638888888889,10.9,91,29,3.7,114,11.6,13.4,13.7,0.0,0.0,0.0,13.0,90.0,0.0,0.0,1.0,137.0,0.0,101390.0
2025-02-09 00:00:00,31.0679456181067,29.8835923934721,0.0,0.3125,10.7,93,34,2.1,97,11.2,13.3,13.7,0.0,0.0,0.0,14.0,87.0,0.0,0.0,2.0,126.0,0.0,101370.0
2025-02-09 01:00:00,30.8812011152271,29.6404176630587,0.0,0.3142361111111111,12.1,92,92,3.6,89,12.9,13.4,13.7,0.0,0.0,0.0,14.0,87.0,0.0,0.0,2.0,144.0,0.0,101380.0
2025-02-09 02:00:00,31.0299077240754,29.6524279282011,0.0,0.3159722222222222,12.6,92,100,4.2,102,12.7,13.4,13.7,0.0,0.0,0.0,14.0,87.0,0.0,0.0,2.0,138.0,0.0,101370.0
2025-02-09 03:00:00,30.7476036082652,29.5922579558129,0.0,0.3177083333333333,13.1,90,100,3.6,101,12.6,13.3,13.7,0.0,0.0,0.0,14.0,88.0,0.0,0.0,0.0,130.0,0.0,101350.0
2025-02-09 04:00:00,30.9725417811551,29.55270019863,0.0,0.3194444444444444,13.6,87,100,2.6,98,12.6,13.3,13.7,0.0,0.0,0.0,13.0,92.0,0.0,0.0,0.0,344.0,0.0,101350.0
2025-02-09 05:00:00,30.9970395697416,29.4402554247669,0.0,0.3211805555555555,13.6,86,97,2.0,100,12.6,13.2,13.7,0.0,0.0,0.0,13.0,93.0,0.0,0.0,0.0,114.0,0.0,101340.0
2025-02-09 06:00:00,30.8419428020253,29.4998556021238,0.0,0.3229166666666667,12.6,90,65,3.5,116,12.4,13.2,13.7,0.0,0.0,0.0,12.0,93.0,0.0,0.0,0.0,166.0,0.0,101340.0
2025-02-09 07:00:00,31.0207203846771,29.5262925286918,0.0,0.3246527777777778,11.6,94,27,3.4,133,12.1,13.1,13.7,0.0,0.0,0.0,10.0,91.0,0.0,0.0,0.0,184.0,0.0,101350.0
2025-02-09 08:00:00,30.6544074936375,29.4834303211621,0.0,0.3263888888888889,11.6,93,24,5.2,150,12.0,13.1,13.7,0.0,0.0,0.01,9.0,93.0,1107.0,0.0,0.0,210.0,0.0,101370.0
2025-02-09 09:00:00,30.6287149522187,29.1329458166966,0.0,0.328125,14.3,83,3,3.9,246,12.9,13.0,13.7,0.0,0.0,0.09,12.0,91.0,7937.0,0.0,1.0,270.0,0.0,101410.0
2025-02-09 10:00:00,30.8430680153511,29.3315603156277,0.0,0.3298611111111111,15.9,77,0,4.3,333,14.3,13.1,13.7,0.0,0.0,0.2,14.0,82.0,26735.0,2.0,0.0,210.0,0.0,101440.0
2025-02-09 11:00:00,30.846590318494,29.2867213373268,0.0,0.3315972222222222,17.1,71,14,5.2,18,15.8,13.2,13.7,0.0,0.0,0.29,16.0,72.0,48670.0,4.0,1.0,228.0,0.0,101440.0
2025-02-09 12:00:00,30.6995547090258,29.1925643552162,0.0,0.3333333333333333,18.1,68,45,6.4,25,17.1,13.5,13.7,0.0,0.0,0.35,18.0,66.0,62488.0,3.0,2.0,42.0,0.0,101400.0
2025-02-09 13:00:00,30.7947539838386,29.3305456798992,0.0,0.3350694444444444,18.6,66,29,11.5,27,17.7,13.4,13.7,0.0,0.0,0.34,19.0,64.0,77085.0,6.0,3.0,13.0,0.0,101300.0
2025-02-09 14:00:00,30.6153891617519,29.3136905183898,0.0,0.3368055555555555,17.4,70,0,12.6,30,18.0,13.7,13.7,0.0,0.0,0.29,18.0,69.0,64300.0,6.0,4.0,16.0,0.0,101210.0
2025-02-09 15:00:00,30.5777251232529,29.2183623491799,0.0,0.3385416666666667,17.5,71,0,10.9,51,18.1,14.0,13.7,0.0,0.0,0.27,18.0,68.0,49960.0,2.0,3.0,60.0,0.0,101150.0
2025-02-09 16:00:00,30.7009387411985,29.1366095917243,0.0,0.3402777777777778,16.8,74,10,12.1,45,17.7,14.3,13.7,0.0,0.0,0.19,18.0,66.0,31826.0,2.0,4.0,39.0,0.0,101150.0
2025-02-09 17:00:00,30.5705653552021,29.1887922739344,0.0,0.3420138888888889,15.4,80,2,10.5,40,16.9,14.5,13.7,0.0,0.0,0.09,17.0,69.0,12200.0,0.0,3.0,59.0,0.0,101120.0
2025-02-09 18:00:00,30.514274852826,29.2340702919618,0.0,0.34375,12.8,93,0,6.1,42,15.6,14.6,13.7,0.0,0.0,0.01,16.0,76.0,2916.0,0.0,2.0,52.0,0.0,101150.0
2025-02-09 19:00:00,30.6175578233108,29.0546330264351,0.0,0.3454861111111111,11.7,96,14,4.3,45,14.4,14.6,13.8,0.0,0.0,0.0,13.0,87.0,0.0,0.0,0.0,60.0,0.0,101190.0
2025-02-09 20:00:00,30.5687107198218,29.1202966869881,0.0,0.3472222222222222,11.5,97,23,1.8,51,13.3,14.5,13.8,0.0,0.0,0.0,12.0,88.0,0.0,0.0,0.0,162.0,0.0,101220.0
2025-02-09 21:00:00,30.1277239202638,28.9596261378679,0.0,0.3489583333333333,11.3,97,18,0.5,59,12.5,14.4,13.8,0.0,0.0,0.0,11.0,91.0,0.0,0.0,0.0,162.0,0.0,101250.0
2025-02-09 22:00:00,30.6451046792359,29.1520745951033,0.0,0.3506944444444444,10.3,100,30,1.2,42,12.0,14.2,13.8,0.0,0.0,0.0,10.0,92.0,0.0,0.0,0.0,176.0,0.0,101250.0
2025-02-09 23:00:00,30.3188004864228,29.059827192817,0.0,0.3524305555555555,10.3,99,45,4.1,241,12.0,14.1,13.8,0.0,0.0,0.0,9.0,94.0,0.0,0.0,0.0,174.0,0.0,101220.0
2025-02-10 00:00:00,30.4142980660304,28.9615080343567,0.0,0.3541666666666667,10.3,97,52,5.0,227,11.9,13.9,13.8,0.0,0.0,0.0,9.0,95.0,0.0,0.0,0.0,178.0,0.0,101210.0
2025-02-10 01:00:00,30.3223765489438,28.7695896773447,0.0,0.3559027777777778,10.4,97,94,4.7,272,12.3,13.9,13.8,0.0,0.0,0.0,9.0,95.0,0.0,0.0,0.0,180.0,0.0,101150.0
2025-02-10 02:00:00,30.4154068419483,28.7590004226965,0.0,0.3576388888888889,10.4,95,92,5.7,243,12.1,13.8,13.8,0.0,0.0,0.0,8.0,96.0,0.0,0.0,0.0,180.0,0.0,101100.0
2025-02-10 03:00:00,30.1550000941094,28.6724112348862,0.0,0.359375,10.0,94,72,6.1,240,11.8,13.7,13.8,0.0,0.0,0.0,8.0,96.0,0.0,0.0,0.0,180.0,0.0,101060.0
2025-02-10 04:00:00,30.0689373220018,28.7230518147478,0.0,0.3611111111111111,9.9,94,95,5.9,240,11.6,13.5,13.8,0.0,0.0,0.0,8.0,96.0,0.0,0.0,0.0,204.0,0.0,101010.0
2025-02-10 05:00:00,30.2250967308362,28.6682351378731,0.0,0.3628472222222222,9.9,94,100,5.4,241,11.4,13.4,13.8,0.0,0.0,0.0,10.0,96.0,0.0,0.0,0.0,204.0,0.0,100960.0
2025-02-10 06:00:00,30.3457117976426,28.4999349820305,0.0,0.3645833333333333,9.8,93,100,5.9,240,11.2,13.3,13.8,0.0,0.0,0.0,10.0,97.0,0.0,0.0,0.0,192.0,0.0,101000.0
2025-02-10 07:00:00,30.2652112557222,28.8647488978583,0.0,0.3663194444444444,9.9,93,100,6.7,242,11.2,13.1,13.8,0.0,0.0,0.0,10.0,97.0,0.0,0.0,0.0,159.0,0.0,101010.0
2025-02-10 08:00:00,30.3272872015215,28.538963217664,0.0,0.3680555555555555,10.8,91,100,7.9,258,11.5,13.0,13.8,0.0,0.0,0.02,10.0,97.0,2228.0,0.0,0.0,192.0,0.0,101030.0
2025-02-10 09:00:00,30.3025757184417,28.5610354112074,0.0,0.3697916666666667,11.9,92,100,7.6,272,12.0,13.0,13.8,0.0,0.0,0.05,10.0,97.0,9814.0,1.0,0.0,246.0,0.0,101060.0
2025-02-10 10:00:00,30.1349323931216,28.4990106659678,0.0,0.3715277777777778,13.3,87,71,7.5,286,13.0,12.9,13.8,0.0,0.0,0.1,12.0,91.0,29300.0,1.0,2.0,258.0,0.0,101080.0
2025-02-10 11:00:00,30.1989330943232,28.5672087079997,0.0,0.3732638888888889,15.2,77,55,6.1,297,14.4,13.0,13.8,0.0,0.0,0.23,14.0,83.0,50744.0,3.0,2.0,288.0,0.0,101060.0
2025-02-10 12:00:00,30.0721902272222,28.900140878068,0.0,0.375,16.5,74,4,6.3,327,15.9,13.2,13.8,0.0,0.0,0.33,17.0,71.0,62990.0,5.0,2.0,338.0,0.0,101010.0
2025-02-10 13:00:00,30.4223837666611,32.8011251341133,0.0,0.3767361111111111,17.7,71,39,4.9,351,17.5,13.6,13.9,0.0,0.0,0.37,18.0,64.0,67380.0,5.0,0.0,209.0,0.0,100930.0
2025-02-10 14:00:00,31.8237084943013,32.8484138453311,0.0,0.3784722222222222,17.6,73,37,7.2,16,18.2,13.9,13.9,0.0,0.0,0.33,19.0,63.0,61796.0,5.0,1.0,320.0,0.0,100830.0
2025-02-10 15:00:00,32.3421782638851,33.0981145785999,0.0,0.3802083333333333,17.0,76,55,10.2,30,18.3,14.2,13.9,0.0,0.0,0.27,18.0,66.0,46685.0,1.0,3.0,26.0,0.0,100750.0
2025-02-10 16:00:00,32.6354738717679,32.9542993201811,0.0,0.3819444444444444,16.0,78,69,10.7,34,17.9,14.5,13.9,0.0,0.0,0.18,17.0,74.0,25408.0,1.0,4.0,38.0,0.0,100750.0
2025-02-10 17:00:00,32.7746978022093,32.9475049097572,0.0,0.3836805555555555,14.7,83,76,8.9,33,17.0,14.7,13.9,0.0,0.0,0.09,16.0,79.0,8205.0,1.0,4.0,58.0,0.0,100750.0
2025-02-10 18:00:00,32.674781004129,32.934748656146,0.0,0.3854166666666667,12.2,94,6,4.8,32,15.6,14.8,13.9,0.0,0.0,0.01,15.0,85.0,2683.0,0.0,3.0,26.0,0.0,100780.0
2025-02-10 19:00:00,32.6704159403181,32.7749425845155,0.0,0.3871527777777778,11.4,96,0,1.0,21,14.2,14.8,13.9,0.0,0.0,0.0,13.0,90.0,0.0,0.0,0.0,60.0,0.0,100830.0
2025-02-10 20:00:00,32.6588197977893,32.9169401993399,0.0,0.3888888888888889,10.5,99,2,1.7,319,13.1,14.7,13.9,0.0,0.0,0.0,11.0,92.0,0.0,0.0,0.0,122.0,0.0,100870.0
2025-02-10 21:00:00,32.7505405206649,32.6488779823376,0.0,0.390625,9.8,99,19,3.6,270,12.3,14.5,13.9,0.0,0.0,0.0,11.0,93.0,0.0,0.0,0.0,115.0,0.0,100890.0
2025-02-10 22:00:00,32.7566883765081,32.6431149354812,0.0,0.3923611111111111,9.1,100,95,3.3,257,11.9,14.3,13.9,0.0,0.0,0.0,11.0,92.0,0.0,0.0,0.0,174.0,0.0,100910.0
2025-02-10 23:00:00,32.6980843762345,32.4771797569737,0.0,0.3940972222222222,9.0,100,92,3.7,276,11.6,14.1,13.9,0.0,0.0,0.0,12.0,91.5,0.0,0.0,0.0,166.0,0.0,100900.0
2025-02-11 00:00:00,32.6436868084325,32.5041518738633,0.0,0.3958333333333333,9.7,96,77,4.6,265,11.5,14.0,14.0,0.0,0.0,0.0,13.0,91.0,0.0,0.0,0.0,158.0,0.0,100890.0
2025-02-11 01:00:00,32.4159469782911,32.6421048159268,0.0,0.3975694444444444,9.3,98,94,4.9,255,12.6,14.1,14.0,0.0,0.0,0.0,13.0,90.0,0.0,0.0,0.0,184.0,0.0,100860.0
2025-02-11 02:00:00,32.5310989281135,32.346129749591,0.0,0.3993055555555555,9.6,96,67,4.8,248,12.1,13.9,14.0,0.0,0.0,0.0,11.0,94.0,0.0,0.0,0.0,179.0,0.0,100840.0
2025-02-11 03:00:00,32.7260095387994,32.1489293104865,0.0,0.4010416666666667,9.6,96,73,4.8,247,11.8,13.8,14.0,0.0,0.0,0.0,9.0,95.0,0.0,0.0,0.0,158.0,0.0,100830.0
2025-02-11 04:00:00,32.5926360695598,32.3059131818508,0.0,0.4027777777777778,9.5,94,88,4.0,250,11.6,13.7,14.0,0.0,0.0,0.0,8.0,96.0,0.0,0.0,0.0,138.0,0.0,100810.0
2025-02-11 05:00:00,32.3804380870038,32.3304916252155,0.0,0.4045138888888889,9.3,94,92,2.4,234,11.4,13.5,14.0,0.0,0.0,0.0,11.0,96.0,0.0,0.0,0.0,173.0,0.0,100780.0
2025-02-11 06:00:00,32.3340945208541,32.1197289935149,0.0,0.40625,9.3,94,100,3.9,240,11.2,13.4,14.0,0.0,0.0,0.0,11.0,95.0,0.0,0.0,0.0,192.0,0.0,100750.0
2025-02-11 07:00:00,32.2916045148616,32.0212624633078,0.0,0.4079861111111111,9.2,96,100,4.8,253,11.0,13.2,14.0,0.0,0.0,0.0,11.0,95.0,0.0,0.0,0.0,72.0,0.0,100740.0
2025-02-11 08:00:00,32.3193373476309,31.9098833306444,0.0,0.4097222222222222,10.0,94,100,5.6,256,11.2,13.1,14.0,0.0,0.0,0.01,12.0,95.0,0.0,0.0,0.0,234.0,0.0,100760.0
2025-02-11 09:00:00,32.5303384794692,31.9813216498298,0.0,0.4114583333333333,11.5,92,100,5.8,275,11.9,13.0,14.0,0.0,0.0,0.07,12.0,94.0,3445.0,0.0,0.0,228.0,0.0,100790.0
2025-02-11 10:00:00,32.4950630307596,31.8761615609495,0.0,0.4131944444444444,14.3,77,91,5.6,308,13.2,13.0,14.0,0.0,0.0,0.17,12.0,92.0,10316.0,1.0,1.0,222.0,0.0,100830.0
2025-02-11 11:00:00,32.1727578589925,31.8847829021195,0.0,0.4149305555555555,16.7,65,98,5.2,327,14.8,13.1,14.0,0.0,0.0,0.27,12.0,88.0,9871.0,1.0,1.0,234.0,0.0,100850.0
2025-02-11 12:00:00,32.3709114973042,31.8544382069568,0.0,0.41666666666666663,18.3,61,92,5.6,352,16.3,13.3,14.0,0.0,0.0,0.33,14.0,76.0,62049.0,4.0,1.0,174.0,0.0,100840.0
2025-02-11 13:00:00,32.3322435674736,31.6965572414151,0.0,0.4184027777777778,17.5,69,81,9.7,11,16.3,13.3,14.0,0.0,0.0,0.31,16.0,72.0,78228.0,6.0,0.0,187.0,0.0,100780.0
2025-02-11 14:00:00,32.0801104882404,31.7247123455781,0.0,0.4201388888888889,17.1,72,78,9.9,26,17.1,13.6,14.0,0.0,0.0,0.3,18.0,66.0,46826.0,3.0,0.0,120.0,0.0,100700.0
2025-02-11 15:00:00,31.8978767295402,31.5211896178106,0.0,0.421875,17.0,72,64,9.1,44,17.5,13.9,14.0,0.0,0.0,0.26,19.0,61.0,69477.0,6.0,1.0,192.0,0.0,100610.0
2025-02-11 16:00:00,32.0585716214678,31.246104686915,0.0,0.4236111111111111,16.7,72,7,8.9,37,17.3,14.1,14.0,0.0,0.0,0.19,19.0,66.0,58264.0,3.0,4.0,30.0,0.0,100540.0
2025-02-11 17:00:00,31.6610014226766,31.1678882238647,0.0,0.4253472222222222,15.5,76,0,5.6,42,16.6,14.3,14.0,0.0,0.0,0.09,18.0,71.0,25776.0,2.0,4.0,348.0,0.0,100510.0
2025-02-11 18:00:00,32.0144187159687,31.1576107270366,0.0,0.4270833333333333,12.7,84,0,2.2,52,15.2,14.4,14.0,0.0,0.0,0.01,16.0,75.0,8112.0,1.0,2.0,42.0,0.0,100540.0
2025-02-11 19:00:00,31.8994857868357,31.0829702825792,0.0,0.4288194444444444,12.0,85,0,1.8,74,13.8,14.4,14.0,0.0,0.0,0.0,15.0,79.0,1067.0,0.0,2.0,26.0,0.0,100570.0
2025-02-11 20:00:00,31.7140547033732,31.1759833644905,0.0,0.4305555555555555,11.8,84,0,0.5,72,12.7,14.3,14.0,0.0,0.0,0.0,13.0,85.0,0.0,0.0,0.0,125.0,0.0,100640.0
2025-02-11 21:00:00,31.8195629407421,31.0598776378603,0.0,0.43229166666666663,10.7,85,3,3.6,207,12.0,14.2,14.0,0.0,0.0,0.0,11.0,89.0,0.0,0.0,0.0,276.0,0.0,100660.0
2025-02-11 22:00:00,31.8581666165872,30.9195269711308,0.0,0.4340277777777778,10.4,77,3,6.1,202,11.4,14.0,14.0,0.0,0.0,0.0,10.0,92.0,0.0,0.0,0.0,306.0,0.0,100700.0
2025-02-11 23:00:00,31.6094619328088,30.8740804873307,0.0,0.4357638888888889,10.4,68,21,7.7,222,11.1,13.8,14.0,0.0,0.0,0.02,9.0,93.0,0.0,0.0,2.0,168.0,0.0,100750.0
2025-02-12 00:00:00,31.654196744265,30.7045443971257,0.0,0.4375,10.9,63,21,9.9,226,10.9,13.6,14.0,0.0,0.0,0.03,10.0,94.0,0.0,0.0,2.0,168.0,0.0,100740.0
2025-02-12 01:00:00,31.5440808001119,30.8578672588761,0.0,0.4392361111111111,10.6,65,35,8.2,225,10.0,13.6,14.1,0.0,0.0,0.02,9.0,94.0,0.0,0.0,0.0,192.0,0.0,100730.0
2025-02-12 02:00:00,31.5217017897025,30.6039604098724,0.0,0.4409722222222222,10.8,57,36,9.0,214,9.9,13.3,14.1,0.0,0.0,0.03,9.0,92.0,0.0,0.0,0.0,163.0,0.0,100700.0
2025-02-12 03:00:00,31.6574165758562,30.6102823556208,0.0,0.4427083333333333,11.0,52,86,11.2,214,10.0,13.1,14.1,0.0,0.0,0.05,9.0,92.0,0.0,0.0,1.0,198.0,0.0,100710.0
2025-02-12 04:00:00,31.6997369030472,30.7409536062236,0.0,0.4444444444444444,11.2,51,82,11.3,212,10.2,12.9,14.1,0.0,0.0,0.05,11.0,81.0,0.0,0.0,1.0,222.0,0.0,100670.0
2025-02-12 05:00:00,31.6032171740743,30.6356754373207,0.0,0.4461805555555555,9.6,59,100,7.2,222,10.0,12.8,14.1,0.0,0.0,0.02,11.0,73.0,0.0,0.0,3.0,216.0,0.0,100630.0
2025-02-12 06:00:00,31.6100273099728,30.5581878206449,0.0,0.44791666666666663,9.0,64,100,5.2,234,9.6,12.6,14.1,0.0,0.0,0.01,10.0,68.0,0.0,0.0,2.0,176.0,0.0,100680.0
2025-02-12 07:00:00,31.3762910949874,30.5523850754133,0.0,0.4496527777777778,8.1,69,66,6.4,249,9.1,12.4,14.0,0.0,0.0,0.01,10.0,62.0,0.0,0.0,2.0,210.0,0.0,100700.0
2025-02-12 08:00:00,31.5746169459264,30.4571860395956,0.0,0.4513888888888889,10.9,66,17,8.2,258,9.5,12.2,14.0,0.0,0.0,0.04,10.0,66.0,0.0,0.0,1.0,222.0,0.0,100760.0
2025-02-12 09:00:00,31.5276641691595,30.4579199279567,0.0,0.453125,14.4,65,23,10.3,239,11.0,12.1,14.0,0.0,0.0,0.13,9.0,66.0,4652.0,0.0,0.0,204.0,0.0,100820.0
2025-02-12 10:00:00,31.5365122377483,30.3298554240866,0.0,0.4548611111111111,16.8,56,1,11.1,232,12.7,12.1,14.0,0.0,0.0,0.23,15.0,58.0,19050.0,1.0,2.0,264.0,0.0,100910.0
2025-02-12 11:00:00,31.4168179012713,30.3552191372364,0.0,0.4565972222222222,18.2,57,3,8.8,255,14.4,12.3,14.0,0.0,0.0,0.31,16.0,53.0,32232.0,2.0,4.0,240.0,0.0,100930.0
2025-02-12 12:00:00,31.4618547070637,30.3291565825877,0.0,0.4583333333333333,19.2,53,5,8.8,265,16.0,12.5,14.0,0.0,0.0,0.38,18.0,51.0,50344.0,4.0,3.0,211.0,0.0,100920.0
2025-02-12 13:00:00,31.3255364791004,30.2178344882543,0.0,0.4600694444444444,20.4,50,14,9.7,290,17.6,13.1,14.0,0.0,0.0,0.41,19.0,51.0,66330.0,3.0,4.0,292.0,0.0,100870.0
2025-02-12 14:00:00,31.2342064644839,30.158306553612,0.0,0.4618055555555555,19.8,59,14,11.5,328,18.2,13.4,14.0,0.0,0.0,0.36,21.0,45.0,66949.0,6.0,4.0,270.0,0.0,100740.0
2025-02-12 15:00:00,31.2803782478031,30.1839993653225,0.0,0.46354166666666663,18.1,69,9,15.2,337,18.3,13.8,14.0,0.0,0.0,0.28,19.0,58.0,68225.0,6.0,4.0,36.0,0.0,100620.0
2025-02-12 16:00:00,31.1851536617808,29.9583416701042,0.0,0.4652777777777778,17.5,70,11,9.4,319,17.9,14.1,14.0,0.0,0.0,0.19,18.0,67.0,41976.0,3.0,6.0,19.0,0.0,100600.0
2025-02-12 17:00:00,31.1978230522745,30.0078859665673,0.0,0.4670138888888889,16.4,74,41,5.0,322,17.1,14.3,14.0,0.0,0.0,0.09,17.0,69.0,23010.0,1.0,5.0,0.0,0.0,100600.0
2025-02-12 18:00:00,31.1687741888152,29.9068387279768,0.0,0.46875,14.7,77,36,2.8,291,15.9,14.4,14.1,0.0,0.0,0.02,16.0,71.0,6335.0,0.0,4.0,4.0,0.0,100640.0
2025-02-12 19:00:00,31.133026818998,29.9368878489647,0.0,0.4704861111111111,13.6,75,47,6.0,254,14.7,14.5,14.1,0.0,0.0,0.01,16.0,74.0,407.0,0.0,2.0,330.0,0.0,100690.0
2025-02-12 20:00:00,31.1005808071451,29.6957313503555,0.0,0.4722222222222222,14.1,72,35,9.0,219,14.2,14.5,14.1,0.0,0.0,0.02,16.0,75.0,0.0,0.0,0.0,282.0,0.0,100770.0
2025-02-12 21:00:00,30.9366632061291,29.6932068376448,0.0,0.4739583333333333,13.3,70,39,9.2,212,13.8,14.4,14.1,0.0,0.0,0.02,16.0,69.0,0.0,0.0,1.0,276.0,0.0,100880.0
2025-02-12 22:00:00,31.1976715088021,29.696216007938,0.0,0.4756944444444444,12.7,67,22,9.2,220,13.3,14.4,14.1,0.0,0.0,0.02,15.0,69.0,0.0,0.0,1.0,246.0,0.0,100950.0
2025-02-12 23:00:00,31.0401659424329,29.7946175356048,0.0,0.4774305555555555,12.2,66,0,9.9,221,12.9,14.3,14.1,0.0,0.0,0.03,14.0,73.0,0.0,0.0,1.0,246.0,0.0,100970.0
2025-02-13 00:00:00,30.8569171606486,29.8857022643349,0.0,0.47916666666666663,11.4,67,0,11.0,219,12.4,14.1,14.1,0.0,0.0,0.03,13.0,74.0,0.0,0.0,0.0,228.0,0.0,100980.0
2025-02-13 01:00:00,30.961172132712,29.7919617080827,0.0,0.4809027777777778,11.5,67,0,9.9,212,13.1,14.1,14.1,0.0,0.0,0.03,12.0,73.0,0.0,0.0,1.0,210.0,0.0,100970.0
2025-02-13 02:00:00,30.7621367812641,29.7595510545438,0.0,0.4826388888888889,10.9,68,0,8.5,214,12.4,14.0,14.1,0.0,0.0,0.02,12.0,69.0,0.0,0.0,2.0,204.0,0.0,100940.0
2025-02-13 03:00:00,30.932873728728,29.449346479963,0.0,0.484375,10.1,70,0,7.0,215,11.8,13.9,14.1,0.0,0.0,0.01,12.0,68.0,0.0,0.0,2.0,270.0,0.0,100910.0
2025-02-13 04:00:00,30.8953944186556,29.5427144782331,0.0,0.4861111111111111,9.5,72,0,5.8,216,11.3,13.7,14.1,0.0,0.0,0.01,12.0,66.0,0.0,0.0,1.0,234.0,0.0,100880.0
2025-02-13 05:00:00,30.7905691118502,29.5252592912057,0.0,0.4878472222222222,9.1,72,0,4.4,203,10.7,13.6,14.1,0.0,0.0,0.0,10.0,77.0,0.0,0.0,0.0,192.0,0.0,100900.0
2025-02-13 06:00:00,30.6672119283041,29.5642267566173,0.0,0.4895833333333333,8.7,73,0,4.2,180,10.2,13.4,14.1,0.0,0.0,0.0,10.0,78.0,0.0,0.0,1.0,180.0,0.0,100900.0
2025-02-13 07:00:00,30.9179549082828,29.4203683129643,0.0,0.4913194444444444,8.3,74,0,4.1,166,9.8,13.1,14.1,0.0,0.0,0.0,9.0,79.0,0.0,0.0,0.0,240.0,0.0,100940.0
2025-02-13 08:00:00,30.9710457783422,29.476772613131,0.0,0.4930555555555555,10.4,71,0,4.3,162,10.1,12.9,14.1,0.0,0.0,0.02,6.0,88.0,264.0,0.0,0.0,204.0,0.0,100960.0
2025-02-13 09:00:00,30.9232797250816,29.0482486732168,0.0,0.49479166666666663,14.1,66,0,5.4,181,11.5,12.8,14.1,0.0,0.0,0.12,9.0,82.0,5680.0,0.0,0.0,294.0,0.0,101010.0
2025-02-13 10:00:00,30.8112504386134,29.3400395406185,0.0,0.4965277777777778,16.3,52,0,1.9,208,13.3,12.8,14.1,0.0,0.0,0.22,14.0,67.0,22202.0,1.0,1.0,192.0,0.0,101040.0
2025-02-13 11:00:00,30.76859637017,31.3332485898708,0.0,0.4982638888888889,17.2,49,0,0.5,323,15.1,12.9,14.1,0.0,0.0,0.31,16.0,59.0,45095.0,3.0,1.0,18.0,0.0,101080.0
2025-02-13 12:00:00,31.5781711099766,33.3458147185535,0.0,0.5,17.8,48,0,3.1,33,16.6,13.2,14.1,0.0,0.0,0.37,18.0,49.0,62772.0,4.0,1.0,292.0,0.0,101080.0
2025-02-13 13:00:00,32.5690258021937,33.2818920350927,0.0,0.5044642857142857,18.6,49,0,4.4,25,17.9,13.5,14.1,0.0,0.0,0.39,18.0,49.0,15976.0,2.0,2.0,153.0,0.0,101010.0
2025-02-13 14:00:00,32.7409039341598,33.4575509904972,0.0,0.5089285714285714,18.6,50,0,6.6,35,18.5,13.9,14.1,0.0,0.0,0.37,18.0,53.0,72072.0,5.0,2.0,20.0,0.0,100930.0
2025-02-13 15:00:00,32.8537042435448,33.1014621483196,0.0,0.5133928571428571,18.3,52,1,9.1,39,18.6,14.2,14.1,0.0,0.0,0.31,19.0,54.0,57895.0,5.0,4.0,4.0,0.0,100860.0
2025-02-13 16:00:00,32.8247374320713,33.0335557239588,0.0,0.5178571428571429,17.1,57,3,11.1,42,18.1,14.5,14.1,0.0,0.0,0.22,18.0,59.0,40754.0,2.0,4.0,358.0,0.0,100860.0
2025-02-13 17:00:00,32.7011546174478,32.6857610190108,0.0,0.5223214285714286,15.6,65,3,8.4,54,17.1,14.7,14.1,0.0,0.0,0.11,17.0,65.0,19648.0,1.0,4.0,54.0,0.0,100850.0
2025-02-13 18:00:00,32.5848779908282,32.5329469629739,0.0,0.5267857142857143,12.6,77,2,5.6,63,15.7,14.8,14.1,0.0,0.0,0.02,16.0,69.0,5845.0,0.0,2.0,54.0,0.0,100860.0
2025-02-13 19:00:00,32.6239734864994,32.3099378774073,0.0,0.53125,12.1,77,1,2.0,73,14.2,14.8,14.1,0.0,0.0,0.0,14.0,76.0,177.0,0.0,1.0,82.0,0.0,100880.0
2025-02-13 20:00:00,32.6087213171054,32.3794322146424,0.0,0.5357142857142857,11.7,76,0,0.9,78,13.1,14.7,14.2,0.0,0.0,0.0,12.0,79.0,0.0,0.0,0.0,54.0,0.0,100900.0
2025-02-13 21:00:00,32.6738248993931,32.3917746535423,0.0,0.5401785714285714,11.3,76,0,0.9,83,12.2,14.5,14.2,0.0,0.0,0.0,11.0,85.0,0.0,0.0,0.0,111.0,0.0,100970.0
2025-02-13 22:00:00,32.4937070121965,32.3524251149902,0.0,0.5446428571428571,10.5,79,0,3.3,189,11.6,14.3,14.2,0.0,0.0,0.0,9.0,83.0,0.0,0.0,0.0,175.0,0.0,100980.0
2025-02-13 23:00:00,32.473567690142,32.1634149764941,0.0,0.5491071428571429,9.9,80,0,3.3,200,11.0,14.1,14.2,0.0,0.0,0.0,9.0,87.0,0.0,0.0,0.0,184.0,0.0,100950.0
2025-02-14 00:00:00,32.366768804407,32.0828630782475,0.0,0.5535714285714286,9.5,80,0,2.3,190,10.6,13.9,14.2,0.0,0.0,0.0,8.0,88.0,0.0,0.0,0.0,149.0,0.0,100960.0
2025-02-14 01:00:00,32.4660713991416,32.0472661607004,0.0,0.5580357142857143,9.6,78,0,3.1,204,10.5,13.8,14.2,0.0,0.0,0.0,9.0,87.0,0.0,0.0,0.0,216.0,0.0,100940.0
2025-02-14 02:00:00,32.3635418371405,31.9993170349686,0.0,0.5625,9.1,78,0,3.9,225,10.1,13.6,14.2,0.0,0.0,0.0,8.0,90.0,0.0,0.0,0.0,222.0,0.0,100900.0
2025-02-14 03:00:00,32.346389666992,31.7761967557384,0.0,0.5669642857142857,8.4,79,0,4.2,243,9.7,13.3,14.2,0.0,0.0,0.0,7.0,90.0,0.0,0.0,0.0,180.0,0.0,100840.0
2025-02-14 04:00:00,32.4279874645773,31.8545495788617,0.0,0.5714285714285714,7.8,80,0,3.8,239,9.4,13.1,14.2,0.0,0.0,0.0,7.0,88.0,0.0,0.0,0.0,180.0,0.0,100800.0
2025-02-14 05:00:00,32.552851019915,31.9417132041883,0.0,0.5758928571428571,7.7,78,0,2.9,225,9.1,12.9,14.2,0.0,0.0,0.0,6.0,89.0,0.0,0.0,0.0,186.0,0.0,100780.0
2025-02-14 06:00:00,32.3892516254214,31.8641856277139,0.0,0.5803571428571429,7.8,75,0,3.4,228,8.8,12.6,14.2,0.0,0.0,0.0,6.0,89.0,0.0,0.0,0.0,186.0,0.0,100780.0
2025-02-14 07:00:00,32.4700219138779,31.6714956286724,0.0,0.5848214285714286,7.5,76,0,5.2,236,8.6,12.4,14.2,0.0,0.0,0.0,6.0,89.0,0.0,0.0,0.0,186.0,0.0,100790.0
2025-02-14 08:00:00,32.2032908173534,31.4571164523507,0.0,0.5892857142857143,10.3,71,0,5.1,238,9.0,12.2,14.2,0.0,0.0,0.03,6.0,89.0,784.0,0.0,1.0,192.0,0.0,100810.0
2025-02-14 09:00:00,32.1435340963804,31.4946139954398,0.0,0.59375,13.9,67,0,5.1,247,10.6,12.1,14.2,0.0,0.0,0.12,9.0,79.0,7800.0,0.0,0.0,186.0,0.0,100790.0
2025-02-14 10:00:00,32.1806849367712,31.4429021568463,0.0,0.5982142857142857,16.5,60,0,5.3,292,12.6,12.1,14.1,0.0,0.0,0.23,13.0,68.0,26263.0,2.0,2.0,228.0,0.0,100800.0
2025-02-14 11:00:00,32.0055534166413,31.3338183177824,0.0,0.6026785714285714,18.0,53,0,5.2,333,14.5,12.2,14.1,0.0,0.0,0.33,16.0,54.0,49510.0,4.0,0.0,193.0,0.0,100780.0
2025-02-14 12:00:00,32.2552532922764,31.2612890917352,0.0,0.6071428571428571,19.0,52,0,6.3,1,16.2,12.5,14.1,0.0,0.0,0.39,19.0,45.0,66068.0,4.0,1.0,192.0,0.0,100740.0
2025-02-14 13:00:00,32.0927243050382,31.1441957845967,0.0,0.6116071428571429,19.8,52,0,7.5,18,17.1,12.8,14.1,0.0,0.0,0.41,21.0,38.0,70824.0,4.0,0.0,35.0,0.0,100670.0
2025-02-14 14:00:00,32.0423978556471,31.166412717898,0.0,0.6160714285714286,19.6,53,0,9.4,30,17.9,13.1,14.1,0.0,0.0,0.39,22.0,34.0,67300.0,3.0,2.0,355.0,0.0,100550.0
2025-02-14 15:00:00,31.8594558388276,31.0931174694994,0.0,0.6205357142857143,19.0,53,0,10.1,37,18.2,13.5,14.1,0.0,0.0,0.32,22.0,40.0,56650.0,3.0,3.0,43.0,0.0,100480.0
2025-02-14 16:00:00,31.8416940109938,30.9014913167855,0.0,0.625,18.3,56,0,9.1,37,17.9,13.8,14.1,0.0,0.0,0.23,21.0,36.0,38068.0,2.0,4.0,66.0,0.0,100480.0
2025-02-14 17:00:00,31.9396336396376,30.7320360413702,0.0,0.6294642857142857,16.6,69,0,5.3,35,17.1,14.0,14.1,0.0,0.0,0.11,20.0,38.0,17041.0,1.0,3.0,48.0,0.0,100470.0
2025-02-14 18:00:00,32.0660965402635,30.7133778107573,0.0,0.6339285714285714,13.6,77,0,1.7,32,15.4,14.2,14.1,0.0,0.0,0.01,19.0,48.0,4170.0,0.0,3.0,24.0,0.0,100450.0
2025-02-14 19:00:00,31.749538252659,30.55182818119,0.0,0.6383928571428571,12.6,79,0,1.6,339,14.0,14.2,14.1,0.0,0.0,0.0,15.0,74.0,0.0,0.0,2.0,12.0,0.0,100490.0
2025-02-14 20:00:00,31.7585870084685,30.5939281026278,0.0,0.6428571428571428,11.5,83,0,2.5,307,12.8,14.1,14.1,0.0,0.0,0.0,13.0,84.0,0.0,0.0,0.0,54.0,0.0,100530.0
2025-02-14 21:00:00,31.5115474732896,30.5419789964293,0.0,0.6473214285714286,10.7,86,0,1.9,286,12.0,14.0,14.1,0.0,0.0,0.0,11.0,84.0,0.0,0.0,0.0,175.0,0.0,100560.0
2025-02-14 22:00:00,31.5224802171297,30.5664493956013,0.0,0.6517857142857143,10.1,87,0,3.3,256,11.3,13.9,14.2,0.0,0.0,0.0,10.0,88.0,0.0,0.0,0.0,174.0,0.0,100590.0
2025-02-14 23:00:00,31.4969212110551,30.5763930477229,0.0,0.65625,9.5,89,0,3.8,263,10.8,13.7,14.2,0.0,0.0,0.0,10.0,89.0,0.0,0.0,2.0,180.0,0.0,100570.0
2025-02-15 00:00:00,31.4781007620499,30.4531920723095,0.0,0.6607142857142857,9.3,87,0,3.2,273,10.3,13.5,14.2,0.0,0.0,0.0,9.0,92.0,0.0,0.0,0.0,198.0,0.0,100550.0
2025-02-15 01:00:00,31.5836963505208,30.4013031255059,0.0,0.6651785714285714,8.5,84,0,3.8,263,9.6,13.4,14.2,0.0,0.0,0.0,7.0,92.0,0.0,0.0,0.0,186.0,0.0,100520.0
2025-02-15 02:00:00,31.4922674919883,30.326777904993,0.0,0.6696428571428571,8.0,85,0,4.4,269,9.4,13.2,14.2,0.0,0.0,0.0,7.0,93.0,0.0,0.0,0.0,198.0,0.0,100500.0
2025-02-15 03:00:00,31.2549039659256,30.0920610293092,0.0,0.6741071428571428,8.3,79,0,2.7,264,9.1,12.9,14.2,0.0,0.0,0.0,7.0,92.0,0.0,0.0,1.0,192.0,0.0,100430.0
2025-02-15 04:00:00,31.3923475526474,30.0327228087602,0.0,0.6785714285714286,8.6,74,0,1.8,265,8.8,12.7,14.2,0.0,0.0,0.0,7.0,93.0,0.0,0.0,0.0,174.0,0.0,100370.0
2025-02-15 05:00:00,31.3554262413123,30.3390361258311,0.0,0.6830357142857143,8.6,71,0,1.4,279,8.6,12.4,14.2,0.0,0.0,0.0,6.0,87.0,0.0,0.0,1.0,172.0,0.0,100340.0
2025-02-15 06:00:00,31.2091986804058,30.3371408651484,0.0,0.6875,8.6,69,0,1.7,264,8.4,12.2,14.1,0.0,0.0,0.0,6.0,90.0,0.0,0.0,0.0,216.0,0.0,100380.0
2025-02-15 07:00:00,31.3537505405589,30.1371136973372,0.0,0.6919642857142857,8.5,67,0,1.7,248,8.1,12.0,14.1,0.0,0.0,0.0,5.0,92.0,0.0,0.0,0.0,173.0,0.0,100370.0
2025-02-15 08:00:00,31.5216546896927,29.9549146365522,0.0,0.6964285714285714,10.8,69,0,1.8,188,8.7,11.8,14.1,0.0,0.0,0.02,6.0,87.0,1849.0,0.0,1.0,180.0,0.0,100400.0
2025-02-15 09:00:00,31.4346146591452,29.9679879235353,0.0,0.7008928571428571,14.1,62,99,4.2,225,10.4,11.7,14.1,0.0,0.0,0.12,11.0,75.0,10544.0,1.0,0.0,204.0,0.0,100410.0
2025-02-15 10:00:00,31.3138300576243,29.8651505760755,0.0,0.7053571428571428,16.7,56,100,4.7,274,12.4,11.7,14.1,0.0,0.0,0.23,15.0,58.0,28269.0,1.0,3.0,240.0,0.0,100420.0
2025-02-15 11:00:00,31.2459964802736,29.9183085456268,0.0,0.7098214285714286,18.9,50,99,3.3,307,14.5,11.9,14.1,0.0,0.0,0.33,17.0,53.0,50749.0,2.0,1.0,252.0,0.0,100380.0
2025-02-15 12:00:00,31.3498590843832,29.9293266873549,0.0,0.7142857142857143,20.3,48,80,4.2,358,16.3,12.2,14.1,0.0,0.0,0.4,20.0,39.0,66089.0,5.0,2.0,269.0,0.0,100310.0
2025-02-15 13:00:00,31.1169963042284,29.7685710686527,0.0,0.71875,21.0,51,100,6.1,14,17.2,12.5,14.1,0.0,0.0,0.43,23.0,34.0,71438.0,5.0,1.0,40.0,0.0,100200.0
2025-02-15 14:00:00,31.1209198401006,29.6320220812177,0.0,0.7232142857142857,20.7,52,100,9.0,26,18.2,12.9,14.1,0.0,0.0,0.4,23.0,33.0,71684.0,6.0,2.0,30.0,0.0,100080.0
2025-02-15 15:00:00,31.3754735807756,29.5998374463259,0.0,0.7276785714285714,19.5,53,100,10.2,36,18.2,13.2,14.1,0.0,0.0,0.3,23.0,47.0,49931.0,3.0,2.0,44.0,0.0,99970.0
2025-02-15 16:00:00,31.2141888638407,29.7098675339568,0.0,0.7321428571428571,17.8,61,100,8.4,26,17.6,13.6,14.1,0.0,0.0,0.16,21.0,40.0,20442.0,1.0,4.0,26.0,0.0,99920.0
2025-02-15 17:00:00,30.9588955166225,29.4515623033035,0.0,0.7366071428571428,16.2,73,100,6.3,26,16.8,13.8,14.1,0.0,0.0,0.09,19.0,55.0,16212.0,1.0,3.0,13.0,0.0,99950.0
2025-02-15 18:00:00,30.956082788112,29.5224556227934,0.0,0.7410714285714286,12.8,88,100,4.4,26,15.4,14.0,14.1,0.0,0.0,0.01,16.0,58.0,3568.0,0.0,3.0,42.0,0.0,100030.0
2025-02-15 19:00:00,31.023378963734,29.556864754021,0.0,0.7455357142857143,12.4,91,100,2.5,350,14.3,14.0,14.1,0.0,0.0,0.0,15.0,70.0,0.0,0.0,0.0,90.0,0.0,100070.0
2025-02-15 20:00:00,30.876297243342,29.5569290720074,0.0,0.75,11.9,91,100,2.0,98,13.5,14.0,14.1,0.0,0.0,0.0,13.0,79.0,0.0,0.0,0.0,114.0,0.0,100060.0
2025-02-15 21:00:00,30.9575632182272,29.5082095284345,0.0,0.7544642857142857,12.2,89,100,1.5,108,13.0,13.9,14.1,0.0,0.0,0.0,13.0,78.0,0.0,0.0,2.0,127.0,0.0,100020.0
2025-02-15 22:00:00,30.9886402623969,29.1204292987205,0.0,0.7589285714285714,12.2,87,100,2.0,340,12.6,13.9,14.1,0.0,0.0,0.0,12.0,84.0,0.0,0.0,2.0,6.0,0.0,100050.0
2025-02-15 23:00:00,30.8466664695905,29.3391571272474,0.0,0.7633928571428571,11.3,91,100,4.1,297,12.3,13.8,14.1,0.0,0.0,0.0,12.0,86.0,0.0,0.0,0.0,169.0,0.0,100060.0
2025-02-16 00:00:00,30.8541904992263,29.1870071546573,0.0,0.7678571428571428,10.7,92,82,3.1,307,12.0,13.7,14.1,0.0,0.0,0.0,12.0,89.0,0.0,0.0,2.0,133.0,0.0,100000.0
2025-02-16 01:00:00,30.7646321664846,29.2679568677407,0.0,0.7723214285714286,9.8,99,73,3.0,302,11.8,13.7,14.1,0.0,0.0,0.0,12.0,92.0,0.0,0.0,0.0,228.0,0.0,100010.0
2025-02-16 02:00:00,30.7484647608033,29.1468678408938,0.0,0.7767857142857143,10.0,97,100,6.1,278,11.5,13.6,14.1,0.0,0.0,0.0,12.0,92.0,0.0,0.0,2.0,137.0,0.0,99950.0
2025-02-16 03:00:00,30.828027760724,29.2045341298241,0.0,0.78125,10.1,97,80,9.3,260,11.4,13.5,14.1,0.0,0.0,0.0,12.0,92.0,0.0,0.0,0.0,143.0,0.0,99880.0
2025-02-16 04:00:00,30.8090208037234,29.2052000034761,0.0,0.7857142857142857,10.5,94,100,8.2,267,11.4,13.4,14.1,0.0,0.0,0.0,12.0,93.0,0.0,0.0,0.0,300.0,0.0,99850.0
2025-02-16 05:00:00,30.841789281796,29.2696724457372,0.0,0.7901785714285714,10.9,91,100,7.4,249,11.4,13.2,14.1,0.0,0.0,0.0,12.0,93.0,0.0,0.0,0.0,240.0,0.0,99860.0
2025-02-16 06:00:00,30.794281515675,29.2042923322829,0.0,0.7946428571428571,10.7,88,100,5.3,236,11.3,13.1,14.1,0.0,0.0,0.0,13.0,90.0,0.0,0.0,0.0,180.0,0.0,99860.0
2025-02-16 07:00:00,30.8497775796721,29.094407816945,0.0,0.7991071428571428,10.3,87,100,7.9,250,11.2,13.0,14.1,0.0,0.0,0.0,11.0,90.0,0.0,0.0,2.0,251.0,0.0,99980.0
2025-02-16 08:00:00,30.6086721678302,29.0471944458276,0.0,0.8035714285714286,11.1,89,100,12.0,259,11.5,12.9,14.1,0.0,0.0,0.03,11.0,92.0,1377.0,0.0,1.0,252.0,0.0,100100.0
2025-02-16 09:00:00,30.8238826106516,28.9311038402515,0.0,0.8080357142857143,14.2,75,100,11.1,252,12.3,12.9,14.1,0.0,0.0,0.1,12.0,87.0,12471.0,1.0,2.0,240.0,0.0,100210.0
2025-02-16 10:00:00,30.8159097798509,29.0609810672954,0.0,0.8125,16.6,63,100,16.8,245,13.6,12.9,14.1,0.1,0.1,0.21,15.0,80.0,23649.0,1.0,2.0,262.0,0.0,100280.0
2025-02-16 11:00:00,30.7670576977853,28.8646890892836,0.0,0.8169642857142857,17.3,68,100,17.7,261,14.6,13.0,14.1,0.1,0.1,0.21,16.0,76.0,23181.0,1.0,3.0,228.0,0.0,100320.0
2025-02-16 12:00:00,30.7682017775693,29.0347194691293,0.0,0.8214285714285714,18.1,65,100,17.0,280,15.3,13.2,14.1,0.3,0.3,0.22,17.0,74.0,2175.0,0.0,3.0,346.0,0.0,100360.0
2025-02-16 13:00:00,30.6954907073874,28.9380379972449,0.0,0.8258928571428571,17.5,73,98,16.8,308,15.4,13.2,14.1,0.9,0.9,0.26,16.0,80.0,13314.0,1.0,4.0,318.0,0.0,100330.0
2025-02-16 14:00:00,30.6807609653141,29.1959119675726,0.0,0.8303571428571428,17.3,75,100,14.2,320,15.7,13.4,14.1,1.5,1.5,0.22,16.0,81.0,11286.0,1.0,4.0,5.0,0.0,100310.0
2025-02-16 15:00:00,30.465769730253,28.9649836250872,0.0,0.8348214285714286,17.6,67,100,10.5,331,16.0,13.6,14.1,0.1,0.1,0.23,16.0,84.0,12430.0,1.0,3.0,350.0,0.0,100280.0
2025-02-16 16:00:00,30.4226429067829,28.9352075506111,0.0,0.8392857142857143,17.3,67,100,8.5,318,16.3,13.8,14.1,0.0,0.0,0.19,17.0,72.0,40376.0,3.0,5.0,347.0,0.0,100260.0
2025-02-16 17:00:00,30.5826441282811,28.7007079620273,0.0,0.84375,16.6,72,28,3.9,309,16.1,14.0,14.1,0.0,0.0,0.09,17.0,67.0,8784.0,1.0,4.0,336.0,0.0,100300.0
2025-02-16 18:00:00,30.5566157638447,28.7957569018059,0.0,0.8482142857142857,14.3,78,4,0.2,288,14.9,14.1,14.1,0.0,0.0,0.01,17.0,66.0,2657.0,0.0,2.0,338.0,0.0,100380.0
2025-02-16 19:00:00,30.6214197314569,28.6796948694335,0.0,0.8526785714285714,13.0,82,0,2.0,178,13.7,14.1,14.1,0.0,0.0,0.0,13.0,82.0,0.0,0.0,1.0,109.0,0.0,100420.0
2025-02-16 20:00:00,30.6476213590321,28.7966891193805,0.0,0.8571428571428571,11.5,86,0,4.7,181,12.8,14.0,14.1,0.0,0.0,0.0,12.5,81.5,0.0,0.0,0.5,136.5,0.0,100445.0
2025-02-16 21:00:00,30.5513178313331,28.8149180902751,0.0,0.8616071428571428,10.7,89,0,5.9,187,12.2,13.9,14.1,0.0,0.0,0.0,12.0,81.0,0.0,0.0,0.0,164.0,0.0,100470.0
2025-02-16 22:00:00,30.549840402022,28.8532836144324,0.0,0.8660714285714286,10.1,89,0,7.2,198,11.7,13.8,14.1,0.0,0.0,0.0,10.0,87.0,0.0,0.0,0.0,176.0,0.0,100500.0
2025-02-16 23:00:00,30.3000025836449,28.7458091875089,0.0,0.8705357142857143,9.8,86,0,6.8,196,11.4,13.6,14.1,0.0,0.0,0.0,9.0,87.0,0.0,0.0,0.0,176.0,0.0,100580.0
2025-02-17 00:00:00,30.4426971463502,28.7063378686835,0.0,0.875,9.5,86,0,6.2,202,11.0,13.5,14.1,0.0,0.0,0.0,11.0,82.0,0.0,0.0,0.0,198.0,0.0,100580.0
2025-02-17 01:00:00,30.4895345683222,28.9429002204533,0.0,0.8794642857142857,9.5,83,0,5.2,201,11.3,13.4,14.1,0.0,0.0,0.0,10.0,83.0,0.0,0.0,1.0,168.0,0.0,100570.0
2025-02-17 02:00:00,30.390025016929,28.7594280467555,0.0,0.8839285714285714,9.4,82,0,5.9,214,10.8,13.3,14.1,0.0,0.0,0.0,9.0,84.0,0.0,0.0,2.0,162.0,0.0,100560.0
2025-02-17 03:00:00,30.4616544266036,28.4592921392847,0.0,0.8883928571428571,9.5,80,0,6.6,227,10.4,13.1,14.1,0.0,0.0,0.0,9.0,86.0,0.0,0.0,0.0,188.0,0.0,100530.0
2025-02-17 04:00:00,30.3280794232421,28.8041323562538,0.0,0.8928571428571428,9.3,79,0,6.6,229,10.1,13.0,14.1,0.0,0.0,0.0,8.0,87.0,0.0,0.0,1.0,192.0,0.0,100490.0
2025-02-17 05:00:00,30.3653619315957,28.5957760459996,0.0,0.8973214285714286,9.1,79,0,7.3,231,9.9,12.8,14.1,0.0,0.0,0.0,9.0,84.0,0.0,0.0,1.0,192.0,0.0,100450.0
2025-02-17 06:00:00,30.3698408944239,28.4889948056155,0.0,0.9017857142857143,9.1,79,0,7.7,225,9.8,12.6,14.1,0.0,0.0,0.0,8.0,85.0,0.0,0.0,0.0,228.0,0.0,100440.0
2025-02-17 07:00:00,30.4224059352848,28.6209267841672,0.0,0.90625,8.9,80,0,6.8,227,9.6,12.5,14.1,0.0,0.0,0.0,8.0,87.0,0.0,0.0,2.0,204.0,0.0,100450.0
2025-02-17 08:00:00,30.5594683953634,28.609002969491,0.0,0.9107142857142857,11.9,71,0,7.1,232,10.1,12.3,14.1,0.0,0.0,0.04,9.0,84.0,0.0,0.0,1.0,222.0,0.0,100470.0
2025-02-17 09:00:00,30.5099918108068,28.5466573123246,0.0,0.9151785714285714,15.1,66,0,7.1,236,11.5,12.3,14.1,0.0,0.0,0.13,10.0,80.0,4520.0,0.0,1.0,216.0,0.0,100520.0
2025-02-17 10:00:00,30.1845443476531,28.4980546306481,0.0,0.9196428571428571,17.4,59,0,7.4,256,13.4,12.3,14.1,0.0,0.0,0.24,13.0,73.0,16981.0,1.0,2.0,223.0,0.0,100560.0
2025-02-17 11:00:00,30.295904091802,28.4501180640052,0.0,0.9241071428571428,18.9,52,0,6.5,273,15.2,12.5,14.1,0.0,0.0,0.34,15.0,64.0,39236.0,2.0,3.0,270.0,0.0,100550.0
2025-02-17 12:00:00,30.3428205537147,28.2930991651519,0.0,0.9285714285714286,19.8,48,0,4.7,300,16.8,12.8,14.1,0.0,0.0,0.4,17.0,55.0,58476.0,4.0,3.0,289.0,0.0,100570.0
2025-02-17 13:00:00,30.3819940810509,28.3411699335443,0.0,0.9330357142857143,20.5,48,0,5.2,360,17.9,13.0,14.1,0.0,0.0,0.42,19.0,49.0,68404.0,5.0,4.0,251.0,0.0,100540.0
2025-02-17 14:00:00,30.171897648583,28.3500585416245,0.0,0.9375,20.3,51,0,9.6,20,18.6,13.4,14.1,0.0,0.0,0.4,21.0,44.0,71568.0,7.0,1.0,288.0,0.0,100450.0
2025-02-17 15:00:00,30.356924009826,28.2967668543731,0.0,0.9419642857142857,19.3,54,0,12.7,28,18.8,13.8,14.1,0.0,0.0,0.33,21.0,42.0,62720.0,4.0,3.0,90.0,0.0,100340.0
2025-02-17 16:00:00,30.10188494944,28.2740240202969,0.0,0.9464285714285714,18.3,55,7,12.1,44,18.4,14.1,14.1,0.0,0.0,0.24,20.0,48.0,48637.0,2.0,4.0,37.0,0.0,100310.0
2025-02-17 17:00:00,30.2486089516159,28.2422073165883,0.0,0.9508928571428571,17.0,62,98,8.7,52,17.5,14.3,14.1,0.0,0.0,0.13,19.0,48.0,28145.0,2.0,4.0,73.0,0.0,100280.0
2025-02-17 18:00:00,30.1298236431992,28.1963150296783,0.0,0.9553571428571428,14.1,73,100,7.1,65,16.1,14.5,14.1,0.0,0.0,0.03,19.0,50.0,9477.0,1.0,3.0,72.0,0.0,100230.0
2025-02-17 19:00:00,30.1259254881259,28.1659261825201,0.0,0.9598214285714285,13.0,77,100,2.9,64,14.8,14.5,14.1,0.0,0.0,0.0,16.0,58.0,1734.0,0.0,1.0,42.0,0.0,100240.0
2025-02-17 20:00:00,30.0931467921751,28.0979462471688,0.0,0.9642857142857143,12.7,78,100,0.8,50,13.7,14.5,14.1,0.0,0.0,0.0,14.0,64.0,0.0,0.0,0.0,101.0,0.0,100270.0
2025-02-17 21:00:00,29.92491927609,28.0569978278357,0.0,0.96875,11.8,82,100,0.4,53,12.9,14.4,14.1,0.0,0.0,0.0,12.0,68.0,0.0,0.0,0.0,150.0,0.0,100280.0
2025-02-17 22:00:00,30.1220164033977,28.1421659693483,0.0,0.9732142857142857,10.7,86,95,0.7,36,12.3,14.3,14.1,0.0,0.0,0.0,12.0,74.0,0.0,0.0,0.0,103.0,0.0,100280.0
2025-02-17 23:00:00,29.8987938383614,28.1595483104387,0.0,0.9776785714285714,9.6,90,91,1.7,11,11.7,14.1,14.1,0.0,0.0,0.0,11.0,77.0,0.0,0.0,0.0,258.0,0.0,100230.0
2025-02-18 00:00:00,30.1672888090649,28.0755377943709,0.0,0.9821428571428571,9.1,91,99,2.3,340,11.2,14.0,14.2,0.0,0.0,0.0,10.0,78.0,0.0,0.0,0.0,180.0,0.0,100210.0
2025-02-18 01:00:00,29.7958495494953,28.1563307024489,0.0,0.9866071428571428,9.0,87,93,3.1,321,11.1,13.9,14.2,0.0,0.0,0.0,10.0,79.0,0.0,0.0,1.0,143.0,0.0,100160.0
2025-02-18 02:00:00,29.9254132995453,28.2151989930981,0.0,0.9910714285714285,8.8,84,60,2.7,284,10.7,13.7,14.2,0.0,0.0,0.0,9.0,81.0,0.0,0.0,1.0,198.0,0.0,100110.0
2025-02-18 03:00:00,29.9930411772489,27.9231409633122,0.0,0.9955357142857143,8.9,80,60,3.5,188,10.2,13.5,14.2,0.0,0.0,0.0,8.0,83.0,0.0,0.0,0.0,174.0,0.0,100050.0
2025-02-18 04:00:00,30.019348731712,28.0918636659262,0.0,1.0,9.1,78,31,4.1,198,9.9,13.3,14.2,0.0,0.0,0.0,9.0,82.0,0.0,0.0,2.0,138.0,0.0,100050.0
2025-02-18 05:00:00,29.7107243911461,27.9300264923529,0.0,1.0044642857142856,9.4,78,45,4.6,188,9.6,13.1,14.2,0.0,0.0,0.0,8.0,84.0,0.0,0.0,1.0,6.0,0.0,99980.0
2025-02-18 06:00:00,29.9206461790277,27.7953852374332,0.0,1.0089285714285714,9.2,80,0,4.9,192,9.5,12.9,14.2,0.0,0.0,0.0,7.0,85.0,0.0,0.0,1.0,258.0,0.0,99960.0
2025-02-18 07:00:00,29.7602808894821,28.0190785489429,0.0,1.0133928571428572,9.0,80,0,5.6,188,9.3,12.7,14.2,0.0,0.0,0.0,8.0,82.0,0.0,0.0,1.0,132.0,0.0,99950.0
2025-02-18 08:00:00,29.9424338772,28.1447551189574,0.0,1.0178571428571428,12.3,71,16,6.5,192,9.9,12.5,14.2,0.0,0.0,0.04,10.0,76.0,193.0,0.0,2.0,336.0,0.0,100000.0
2025-02-18 09:00:00,29.930440052565,27.95188968117,0.0,1.0223214285714286,17.0,63,0,7.3,209,11.6,12.4,14.1,0.0,0.0,0.15,12.0,67.0,5658.0,0.0,1.0,246.0,0.0,100050.0
2025-02-18 10:00:00,29.8734885105466,27.6775256232323,0.0,1.0267857142857142,20.8,52,19,5.0,230,13.8,12.5,14.1,0.0,0.0,0.27,17.0,51.0,21603.0,1.0,2.0,264.0,0.0,100050.0
2025-02-18 11:00:00,29.6539885638562,27.8899429854146,0.0,1.03125,23.5,34,94,12.6,200,15.9,12.7,14.1,0.0,0.0,0.42,19.0,44.0,45596.0,3.0,5.0,288.0,0.0,100080.0
2025-02-18 12:00:00,29.7346317502867,27.8039650950959,0.0,1.0357142857142856,25.2,30,100,12.1,216,17.6,13.0,14.1,0.0,0.0,0.5,21.0,40.0,62822.0,5.0,3.0,281.0,0.0,100080.0
2025-02-18 13:00:00,29.7674412977952,27.6006123895027,0.0,1.0401785714285714,25.0,32,100,11.3,265,18.7,13.4,14.1,0.0,0.0,0.48,24.0,34.0,56012.0,3.0,2.0,309.0,0.0,100020.0
2025-02-18 14:00:00,29.6742925616257,27.4551174842535,0.0,1.0446428571428572,23.4,44,100,12.1,335,19.4,13.8,14.1,0.0,0.0,0.42,26.0,28.0,56205.0,5.0,5.0,246.0,0.0,99920.0
2025-02-18 15:00:00,29.647314778889,27.5638614240507,0.0,1.0491071428571428,20.6,63,100,9.3,15,19.4,14.1,14.1,0.0,0.0,0.28,21.0,58.0,66250.0,6.0,4.0,48.0,0.0,99900.0
2025-02-18 16:00:00,29.633529393913,27.5012212733039,0.0,1.0535714285714286,19.3,65,100,12.1,69,19.0,14.5,14.1,0.0,0.0,0.21,20.0,60.0,52912.0,3.0,2.0,52.0,0.0,99890.0
2025-02-18 17:00:00,29.61855525482,27.5575750795887,0.0,1.0580357142857142,17.6,71,100,9.9,41,18.1,14.7,14.2,0.0,0.0,0.11,20.0,61.0,12604.0,1.0,4.0,30.0,0.0,99890.0
2025-02-18 18:00:00,29.7477421620403,27.5431053947896,0.0,1.0625,14.7,83,78,5.6,67,16.8,14.9,14.2,0.0,0.0,0.02,18.0,56.0,6308.0,0.0,3.0,30.0,0.0,99920.0
2025-02-18 19:00:00,29.6553996272901,27.4526293385356,0.0,1.0669642857142856,15.3,81,92,1.5,79,16.0,15.0,14.2,0.0,0.0,0.0,17.0,64.0,448.0,0.0,2.0,108.0,0.0,99980.0
2025-02-18 20:00:00,29.585553159083,27.4711187661376,0.0,1.0714285714285714,15.4,80,93,0.5,77,15.4,15.0,14.2,0.0,0.0,0.0,17.0,61.0,0.0,0.0,1.0,137.0,0.0,100050.0
2025-02-18 21:00:00,29.7382129998607,27.3155523859311,0.0,1.0758928571428572,15.0,81,100,0.6,6,14.9,15.0,14.2,0.0,0.0,0.0,16.0,64.0,0.0,0.0,2.0,48.0,0.0,100100.0
2025-02-18 22:00:00,29.6117897457842,27.4892910523796,0.0,1.0803571428571428,15.2,80,71,0.7,351,14.6,15.0,14.2,0.0,0.0,0.0,13.0,77.0,0.0,0.0,2.0,186.0,0.0,100170.0
2025-02-18 23:00:00,29.7731225229422,27.5861469460346,0.0,1.0848214285714286,13.8,81,60,8.7,264,14.2,14.9,14.2,0.0,0.0,0.01,12.0,78.0,0.0,0.0,2.0,151.0,0.0,100190.0
2025-02-19 00:00:00,29.621171311866,27.4632946919749,0.0,1.0892857142857142,13.1,81,58,1.1,288,13.7,14.8,14.2,0.0,0.0,0.0,14.0,86.0,0.0,0.0,3.0,113.0,0.0,100180.0
2025-02-19 01:00:00,29.521474307605,27.4155816004092,0.0,1.09375,13.4,82,74,3.8,276,13.8,14.7,14.2,0.0,0.0,0.0,13.0,93.0,0.0,0.0,1.0,104.0,0.0,100220.0
2025-02-19 02:00:00,29.483484446914,27.3900660795266,0.0,1.0982142857142856,13.0,83,94,4.3,288,13.3,14.6,14.2,0.0,0.0,0.0,14.0,93.0,0.0,0.0,3.0,120.0,0.0,100280.0
2025-02-19 03:00:00,29.4747490741263,27.3697531085823,0.0,1.1026785714285714,12.2,93,93,2.7,311,12.9,14.5,14.2,0.0,0.0,0.0,14.0,93.0,0.0,0.0,1.0,78.0,0.0,100310.0
2025-02-19 04:00:00,29.4398816528352,27.249795683878,0.0,1.1071428571428572,11.3,89,84,5.4,247,12.4,14.4,14.2,0.0,0.0,0.0,14.0,95.0,0.0,0.0,3.0,111.0,0.0,100330.0
2025-02-19 05:00:00,29.3717189181456,27.2873546667263,0.0,1.1116071428571428,11.7,87,90,4.9,257,12.3,14.3,14.2,0.0,0.0,0.0,14.0,94.0,0.0,0.0,0.0,54.0,0.0,100370.0
2025-02-19 06:00:00,29.5970073091277,27.3034340667354,0.0,1.1160714285714286,11.9,84,100,4.6,251,12.3,14.1,14.3,0.0,0.0,0.0,13.0,94.0,0.0,0.0,0.0,228.0,0.0,100460.0
2025-02-19 07:00:00,29.5024343206518,27.2668141793331,0.0,1.1205357142857142,11.8,84,99,5.2,230,12.1,14.0,14.3,0.0,0.0,0.02,13.0,94.0,0.0,0.0,0.0,163.0,0.0,100520.0
2025-02-19 08:00:00,29.3096483502557,27.163546129088,0.0,1.125,13.5,83,91,8.1,241,12.5,13.9,14.3,0.0,0.0,0.04,12.0,95.0,751.0,0.0,0.0,216.0,0.0,100590.0
2025-02-19 09:00:00,29.5281635316068,27.3943698263954,0.0,1.1294642857142856,15.8,80,92,6.0,239,13.6,13.9,14.3,0.0,0.0,0.11,14.0,91.0,8251.0,0.0,2.0,270.0,0.0,100680.0
2025-02-19 10:00:00,29.4770888492047,27.2671981532657,0.0,1.1339285714285714,17.2,73,85,6.4,256,15.0,13.9,14.3,0.0,0.0,0.2,16.0,75.0,28302.0,1.0,2.0,264.0,0.0,100750.0
2025-02-19 11:00:00,29.1962226634042,27.1847918460787,0.0,1.1383928571428572,18.7,64,10,7.6,289,16.7,14.0,14.3,0.0,0.0,0.33,18.0,60.0,31427.0,2.0,3.0,279.0,0.0,100760.0
2025-02-19 12:00:00,29.1158716383161,27.1947697425068,0.0,1.1428571428571428,19.3,59,24,6.5,322,18.0,14.3,14.3,0.0,0.0,0.36,19.0,54.0,35451.0,3.0,4.0,293.0,0.0,100800.0
2025-02-19 13:00:00,29.4037454227142,27.107272656163,0.0,1.1473214285714286,19.6,56,55,10.0,319,18.4,14.3,14.3,0.0,0.0,0.36,20.0,57.0,74729.0,4.0,1.0,90.0,0.0,100790.0
2025-02-19 14:00:00,29.3013557806666,27.0393062729821,0.0,1.1517857142857142,17.4,77,89,11.2,43,18.5,14.6,14.3,0.7,0.7,0.27,19.0,67.0,78523.0,6.0,4.0,17.0,0.0,100750.0
2025-02-19 15:00:00,29.2812851535078,27.0939397616612,0.0,1.15625,17.2,79,79,3.4,83,18.1,14.8,14.3,0.1,0.1,0.2,19.0,70.0,62384.0,3.0,3.0,20.0,0.0,100730.0
2025-02-19 16:00:00,29.0928763731053,27.191236519835,0.0,1.1607142857142856,17.3,80,35,9.6,25,17.8,15.0,14.3,0.1,0.1,0.14,19.0,68.0,47144.0,3.0,3.0,73.0,0.0,100760.0
2025-02-19 17:00:00,28.9952819471644,26.8869692150975,0.0,1.1651785714285714,16.2,85,41,8.3,6,17.2,15.2,14.3,0.0,0.0,0.09,18.0,67.0,16834.0,1.0,3.0,18.0,0.0,100820.0
2025-02-19 18:00:00,29.3609848211565,27.041878242217,0.0,1.1696428571428572,13.9,94,30,3.1,19,16.2,15.3,14.3,0.0,0.0,0.01,17.0,71.0,7617.0,0.0,3.0,48.0,0.0,100880.0
2025-02-19 19:00:00,29.3732346303905,26.9743242435008,0.0,1.1741071428571428,13.2,96,37,1.0,22,15.1,15.3,14.3,0.0,0.0,0.0,15.0,76.0,263.0,0.0,1.0,38.0,0.0,100960.0
2025-02-19 20:00:00,29.3749225530883,27.0954438966834,0.0,1.1785714285714286,13.1,97,29,1.7,58,14.4,15.2,14.3,0.0,0.0,0.0,14.0,81.0,0.0,0.0,0.0,54.0,0.0,101060.0
2025-02-19 21:00:00,29.085118667114,26.978122255492,0.0,1.1830357142857142,12.8,98,47,1.4,90,13.9,15.1,14.3,0.0,0.0,0.0,12.0,83.0,0.0,0.0,0.0,145.0,0.0,101100.0
2025-02-19 22:00:00,29.1686785809488,26.9273686519118,0.0,1.1875,12.3,99,34,0.2,66,13.3,15.0,14.3,0.0,0.0,0.0,11.0,89.0,0.0,0.0,0.0,166.0,0.0,101160.0
2025-02-19 23:00:00,29.101105804672,26.7202782028436,0.0,1.1919642857142856,11.3,100,99,2.4,225,13.0,14.9,14.3,0.0,0.0,0.0,11.0,85.0,0.0,0.0,0.0,168.0,0.0,101180.0
2025-02-20 00:00:00,29.2789271350425,26.978116652189,0.0,1.1964285714285714,11.3,100,95,6.2,214,13.0,14.7,14.3,0.0,0.0,0.0,10.0,89.0,0.0,0.0,0.0,163.0,0.0,101230.0
2025-02-20 01:00:00,29.1774338293449,26.9428386581104,0.0,1.2008928571428572,11.0,98,72,4.7,244,12.6,14.6,14.4,0.0,0.0,0.0,10.0,90.0,0.0,0.0,0.0,174.0,0.0,101240.0
2025-02-20 02:00:00,29.3136591619382,26.9292639298605,0.0,1.2053571428571428,11.4,95,63,3.7,221,12.5,14.5,14.4,0.0,0.0,0.0,9.0,93.0,0.0,0.0,0.0,186.0,0.0,101290.0
2025-02-20 03:00:00,29.3425640415094,26.8019912397058,0.0,1.2098214285714286,11.4,92,67,3.5,210,12.4,14.3,14.4,0.0,0.0,0.0,9.0,91.0,0.0,0.0,0.0,174.0,0.0,101280.0
2025-02-20 04:00:00,29.0680371973154,26.9904635180097,0.0,1.2142857142857142,11.1,93,60,3.0,217,12.3,14.2,14.4,0.0,0.0,0.0,8.0,92.0,0.0,0.0,0.0,138.0,0.0,101260.0
2025-02-20 05:00:00,29.0600067661148,26.738308765148,0.0,1.21875,10.8,95,62,3.1,219,12.0,14.1,14.4,0.0,0.0,0.0,8.0,94.0,0.0,0.0,0.0,175.0,0.0,101300.0
2025-02-20 06:00:00,29.0647659587716,26.9345505747323,0.0,1.2232142857142856,10.9,94,100,3.8,209,11.9,13.9,14.4,0.0,0.0,0.0,8.0,94.0,0.0,0.0,0.0,198.0,0.0,101330.0
2025-02-20 07:00:00,29.1010068998146,26.9145378955841,0.0,1.2276785714285714,10.6,93,100,4.2,215,11.7,13.8,14.4,0.0,0.0,0.01,7.0,94.0,0.0,0.0,1.0,174.0,0.0,101390.0
2025-02-20 08:00:00,29.1835179109726,26.6945272183928,0.0,1.2321428571428572,12.0,90,100,5.9,217,12.0,13.7,14.4,0.0,0.0,0.03,7.0,94.0,1502.0,0.0,0.0,174.0,0.0,101440.0
2025-02-20 09:00:00,28.9942374975777,26.8852067808063,0.0,1.2366071428571428,13.6,86,72,5.6,229,12.9,13.6,14.4,0.0,0.0,0.09,11.0,90.0,8508.0,1.0,0.0,184.0,0.0,101510.0
2025-02-20 10:00:00,28.9774591034333,26.9289525913163,0.0,1.2410714285714286,15.6,80,10,4.7,256,14.3,13.6,14.4,0.0,0.0,0.19,14.0,82.0,27846.0,1.0,2.0,276.0,0.0,101550.0
2025-02-20 11:00:00,28.7896253306169,26.6154604979263,0.0,1.2455357142857142,17.3,74,1,4.8,333,16.1,13.8,14.4,0.0,0.0,0.31,17.0,69.0,49991.0,3.0,0.0,119.0,0.0,101540.0
2025-02-20 12:00:00,29.1026479849195,26.6564091400147,0.0,1.25,18.4,69,0,6.9,5,17.6,14.0,14.4,0.0,0.0,0.38,19.0,63.0,63050.0,3.0,2.0,67.0,0.0,101540.0
2025-02-20 13:00:00,29.0665622224826,26.837631704897,0.0,1.2517857142857143,18.8,66,26,7.7,27,18.5,14.3,14.4,0.0,0.0,0.39,20.0,63.0,79394.0,5.0,3.0,108.0,0.0,101480.0
2025-02-20 14:00:00,28.8610656351533,26.4869670403675,0.0,1.2535714285714286,18.9,66,31,8.4,34,19.2,14.6,14.4,0.0,0.0,0.36,19.0,65.0,69741.0,7.0,3.0,18.0,0.0,101430.0
2025-02-20 15:00:00,28.8111089816675,26.6876026988992,0.0,1.2553571428571428,18.1,70,14,12.5,37,19.3,14.9,14.4,0.0,0.0,0.29,19.0,62.0,56690.0,5.0,3.0,39.0,0.0,101380.0
2025-02-20 16:00:00,28.7933771518041,26.5717318411892,0.0,1.2571428571428571,17.0,75,6,12.8,41,18.9,15.2,14.4,0.0,0.0,0.21,19.0,62.0,39050.0,2.0,4.0,54.0,0.0,101370.0
2025-02-20 17:00:00,28.9992088759874,26.4687594448961,0.0,1.2589285714285714,15.9,80,7,10.2,43,18.1,15.4,14.4,0.0,0.0,0.11,18.0,69.0,18480.0,1.0,3.0,24.0,0.0,101400.0
2025-02-20 18:00:00,28.942365401395,26.5255540868684,0.0,1.2607142857142857,13.4,93,10,5.3,49,16.7,15.5,14.4,0.0,0.0,0.01,16.0,76.0,5515.0,0.0,3.0,33.0,0.0,101420.0
2025-02-20 19:00:00,29.0527466791938,26.4186891603309,0.0,1.2625,12.3,95,10,4.3,58,15.3,15.5,14.4,0.0,0.0,0.0,14.0,82.0,44.0,0.0,2.0,48.0,0.0,101440.0
2025-02-20 20:00:00,28.7863003161695,26.4990181062806,0.0,1.2642857142857142,11.9,96,2,1.9,60,14.2,15.4,14.4,0.0,0.0,0.0,13.0,87.0,0.0,0.0,0.0,156.0,0.0,101470.0
2025-02-20 21:00:00,28.9000515044526,26.4048738843857,0.0,1.2660714285714285,11.6,96,0,1.0,51,13.3,15.3,14.4,0.0,0.0,0.0,11.0,89.0,0.0,0.0,0.0,174.0,0.0,101500.0
2025-02-20 22:00:00,28.8985738361045,26.7047958265543,0.0,1.2678571428571428,11.2,97,0,0.8,40,12.4,15.1,14.5,0.0,0.0,0.0,10.0,85.0,0.0,0.0,0.0,169.0,0.0,101500.0
2025-02-20 23:00:00,28.6993756627366,26.5161420431176,0.0,1.269642857142857,10.6,99,20,1.3,5,12.0,14.9,14.5,0.0,0.0,0.0,9.0,91.0,0.0,0.0,0.0,174.0,0.0,101490.0
2025-02-21 00:00:00,28.8737203276811,26.4010766023317,0.0,1.2714285714285714,11.0,98,100,6.0,259,12.0,14.7,14.5,0.0,0.0,0.0,10.0,93.0,0.0,0.0,0.0,180.0,0.0,101490.0
2025-02-21 01:00:00,28.7592347069275,26.3857526238371,0.0,1.2732142857142856,11.1,99,100,5.9,247,12.5,14.7,14.5,0.0,0.0,0.0,10.0,95.0,0.0,0.0,1.0,198.0,0.0,101460.0
2025-02-21 02:00:00,28.8891008467258,26.2923018770078,0.0,1.275,10.5,98,96,3.5,241,12.4,14.5,14.5,0.0,0.0,0.0,9.0,95.0,0.0,0.0,0.0,204.0,0.0,101430.0
2025-02-21 03:00:00,28.6536911289138,26.4222979400908,0.0,1.2767857142857142,10.6,97,98,3.2,250,12.3,14.4,14.5,0.0,0.0,0.0,8.0,95.0,0.0,0.0,0.0,177.0,0.0,101370.0
2025-02-21 04:00:00,28.8377171001773,26.3711652078586,0.0,1.2785714285714285,10.7,98,100,3.1,259,12.2,14.3,14.5,0.0,0.0,0.0,7.0,95.0,0.0,0.0,0.0,186.0,0.0,101310.0
2025-02-21 05:00:00,28.6851989811861,26.3181117156733,0.0,1.2803571428571427,10.3,97,100,1.9,228,11.9,14.1,14.5,0.0,0.0,0.0,6.0,95.0,0.0,0.0,0.0,142.0,0.0,101290.0
2025-02-21 06:00:00,28.7015179294649,26.3280308597632,0.0,1.2821428571428573,10.5,95,96,1.9,233,11.8,14.0,14.5,0.0,0.0,0.0,9.0,96.0,0.0,0.0,0.0,246.0,0.0,101310.0
2025-02-21 07:00:00,28.8132530499831,26.2811782479927,0.0,1.2839285714285715,10.5,94,90,2.5,273,11.7,13.8,14.5,0.0,0.0,0.01,8.0,96.0,0.0,0.0,0.0,204.0,0.0,101300.0
2025-02-21 08:00:00,28.6747940231375,26.3414590737427,0.0,1.2857142857142858,11.6,92,86,4.0,313,12.1,13.7,14.5,0.0,0.0,0.02,10.0,97.0,2423.0,0.0,0.0,204.0,0.0,101290.0
2025-02-21 09:00:00,28.6672973989818,26.3357523675226,0.0,1.2875,14.1,86,59,6.1,324,13.2,13.7,14.5,0.0,0.0,0.1,11.0,97.0,9287.0,0.0,0.0,318.0,0.0,101320.0
2025-02-21 10:00:00,28.4663430777146,26.2614819792303,0.0,1.2892857142857144,16.1,79,57,5.4,352,14.5,13.7,14.5,0.0,0.0,0.18,11.0,97.0,21683.0,1.0,1.0,234.0,0.0,101350.0
2025-02-21 11:00:00,28.6950791691118,26.3278209556216,0.0,1.2910714285714286,18.2,74,25,6.7,14,16.1,13.8,14.5,0.0,0.0,0.29,13.0,97.0,55336.0,4.0,0.0,212.0,0.0,101340.0
2025-02-21 12:00:00,28.6125134934791,26.0519231701722,0.0,1.292857142857143,20.3,71,97,5.4,20,17.8,14.1,14.5,0.0,0.0,0.38,19.0,62.0,70096.0,5.0,1.0,48.0,0.0,101220.0
2025-02-21 13:00:00,28.4052609728963,26.2029383047025,0.0,1.2946428571428572,20.5,70,100,13.2,21,18.9,14.3,14.5,0.0,0.0,0.38,22.0,48.0,69568.0,5.0,4.0,8.0,0.0,101070.0
2025-02-21 14:00:00,28.4360787681873,26.1654147818702,0.0,1.2964285714285715,19.8,68,100,14.9,27,19.5,14.6,14.5,0.0,0.0,0.36,21.0,58.0,47649.0,3.0,3.0,350.0,0.0,100970.0
2025-02-21 15:00:00,28.393041253304,26.2779630559869,0.0,1.2982142857142858,18.6,67,100,12.6,25,19.3,14.9,14.5,0.0,0.0,0.26,21.0,55.0,50888.0,4.0,4.0,353.0,0.0,100900.0
2025-02-21 16:00:00,28.4175393663115,26.0562651075675,0.0,1.3,17.9,70,100,8.1,70,18.8,15.2,14.5,0.0,0.0,0.17,20.0,57.0,23232.0,2.0,3.0,14.0,0.0,100880.0
2025-02-21 17:00:00,28.5043380914708,26.0730924235053,0.0,1.3017857142857143,17.7,74,100,5.6,61,18.2,15.4,14.5,0.0,0.0,0.1,19.0,64.0,14855.0,1.0,4.0,26.0,0.0,100860.0
2025-02-21 18:00:00,28.38874449802,26.0100827119829,0.0,1.3035714285714286,15.2,84,88,3.4,55,17.0,15.5,14.5,0.0,0.0,0.02,17.0,72.0,6221.0,0.0,4.0,358.0,0.0,100850.0
2025-02-21 19:00:00,28.231483360709,26.0713303165841,0.0,1.3053571428571429,15.0,84,38,0.5,94,15.8,15.5,14.5,0.0,0.0,0.0,15.0,85.0,0.0,0.0,3.0,352.0,0.0,100890.0
2025-02-21 20:00:00,28.4987480665182,25.9855136911452,0.0,1.3071428571428572,13.4,90,14,3.3,309,14.7,15.5,14.5,0.0,0.0,0.0,14.0,88.0,0.0,0.0,0.0,130.0,0.0,100960.0
2025-02-21 21:00:00,28.3267078447841,26.0635585954186,0.0,1.3089285714285714,12.5,93,4,1.0,290,13.8,15.4,14.6,0.0,0.0,0.0,13.0,91.0,0.0,0.0,3.0,150.0,0.0,101030.0
2025-02-21 22:00:00,28.2344663910174,25.9679273539957,0.0,1.3107142857142857,11.6,91,3,3.1,273,13.1,15.2,14.6,0.0,0.0,0.0,13.0,92.0,0.0,0.0,2.0,124.0,0.0,101100.0
2025-02-21 23:00:00,28.3862336554314,26.0086981762918,0.0,1.3125,11.4,89,25,2.3,295,12.5,15.1,14.6,0.0,0.0,0.0,13.0,92.0,0.0,0.0,2.0,116.0,0.0,101110.0
2025-02-22 00:00:00,28.4963861857489,25.9524002318853,0.0,1.3142857142857143,11.7,86,4,1.5,236,12.2,14.9,14.6,0.0,0.0,0.0,11.0,94.0,0.0,0.0,0.0,180.0,0.0,101140.0
2025-02-22 01:00:00,28.4558835055559,26.0409199667358,0.0,1.3160714285714286,11.3,91,24,2.4,324,11.8,14.9,14.6,0.0,0.0,0.0,10.0,94.0,0.0,0.0,0.0,180.0,0.0,101100.0
2025-02-22 02:00:00,28.3775730367891,25.8423948591657,0.0,1.3178571428571428,10.7,91,42,4.0,274,11.6,14.7,14.6,0.0,0.0,0.0,10.0,95.0,0.0,0.0,0.0,246.0,0.0,101030.0
2025-02-22 03:00:00,28.1980872303935,25.8686991525036,0.0,1.3196428571428571,10.5,88,100,5.3,253,11.5,14.5,14.6,0.0,0.0,0.0,10.0,96.0,0.0,0.0,1.0,180.0,0.0,100990.0
2025-02-22 04:00:00,28.4408565252446,25.91459350604,0.0,1.3214285714285714,10.4,80,100,5.2,230,11.4,14.3,14.6,0.0,0.0,0.0,9.0,95.0,0.0,0.0,0.0,173.0,0.0,100970.0
2025-02-22 05:00:00,28.1622286737053,25.9299818487173,0.0,1.3232142857142857,10.6,73,100,4.7,202,11.4,14.1,14.6,0.0,0.0,0.0,9.0,95.0,0.0,0.0,0.0,147.0,0.0,100980.0
2025-02-22 06:00:00,28.2523595512284,25.8413628720897,0.0,1.325,11.0,76,100,3.8,220,11.3,13.9,14.6,0.0,0.0,0.0,10.0,93.0,0.0,0.0,0.0,89.0,0.0,100950.0
2025-02-22 07:00:00,28.4073584882962,25.8218996701072,0.0,1.3267857142857142,11.6,75,100,0.7,241,11.2,13.8,14.6,0.0,0.0,0.01,9.0,95.0,0.0,0.0,0.0,26.0,0.0,101070.0
2025-02-22 08:00:00,28.2453820103074,25.8059014624829,0.0,1.3285714285714285,13.5,72,100,1.5,270,11.7,13.6,14.6,0.0,0.0,0.03,11.0,91.0,2955.0,0.0,2.0,133.0,0.0,101110.0
2025-02-22 09:00:00,28.4907717532213,25.9139573637276,0.0,1.3303571428571428,15.5,66,100,2.8,9,12.9,13.6,14.6,0.0,0.0,0.1,14.0,89.0,15344.0,1.0,1.0,144.0,0.0,101060.0
2025-02-22 10:00:00,28.1248773039005,25.6699379674409,0.0,1.332142857142857,16.9,70,100,6.0,354,14.2,13.6,14.6,0.0,0.0,0.16,15.0,87.0,24912.0,1.0,0.0,24.0,0.0,101150.0
2025-02-22 11:00:00,28.3569317244243,25.8576908694236,0.0,1.3339285714285714,17.8,74,100,7.8,360,15.6,13.7,14.6,0.0,0.0,0.23,17.0,79.0,47820.0,3.0,1.0,174.0,0.0,101170.0
2025-02-22 12:00:00,28.3038585521986,25.8165176356694,0.0,1.3357142857142856,18.4,69,100,3.9,13,16.7,13.9,14.6,0.0,0.0,0.26,18.0,67.0,33574.0,3.0,1.0,150.0,0.0,101100.0
2025-02-22 13:00:00,28.3041269727082,25.5671363310942,0.0,1.3375,18.7,74,100,10.0,16,16.9,14.2,14.6,0.0,0.0,0.16,19.0,65.0,24619.0,2.0,2.0,139.0,0.0,101020.0
2025-02-22 14:00:00,28.1987810527258,25.6334613734839,0.0,1.3392857142857142,17.6,75,100,11.5,35,17.1,14.4,14.6,0.0,0.0,0.16,19.0,62.0,31301.0,2.0,2.0,266.0,0.0,100970.0
2025-02-22 15:00:00,28.1356962942985,25.5228058363976,0.0,1.3410714285714285,18.0,71,100,10.1,46,17.5,14.6,14.6,0.0,0.0,0.22,19.0,60.0,21604.0,1.0,3.0,5.0,0.0,100940.0
2025-02-22 16:00:00,28.2795097731329,25.7369732305337,0.0,1.342857142857143,16.1,81,100,9.9,338,17.1,14.7,14.6,0.8,0.8,0.12,18.0,65.0,11426.0,1.0,2.0,32.0,0.0,100930.0
2025-02-22 17:00:00,28.1229893432603,25.8454753212166,0.0,1.3446428571428573,15.1,93,98,4.5,89,16.0,14.8,14.6,0.6,0.6,0.03,17.5,66.5,11129.0,0.5,2.5,26.5,0.0,100955.0
2025-02-22 18:00:00,28.1793928718749,25.7149215219224,0.0,1.3464285714285715,14.4,96,97,7.9,39,15.3,14.9,14.6,0.6,0.6,0.02,17.0,68.0,10832.0,0.0,3.0,21.0,0.0,100980.0
2025-02-22 19:00:00,28.3036453415418,25.59224735099,0.0,1.3482142857142858,13.9,92,100,2.4,159,14.7,14.9,14.6,1.4,1.4,0.0,15.0,91.0,739.0,0.0,4.0,24.0,0.0,101070.0
2025-02-22 20:00:00,28.2666677573484,25.7298783112123,0.0,1.35,13.6,92,91,3.4,213,14.2,14.8,14.6,0.4,0.4,0.0,14.0,93.0,0.0,0.0,0.0,53.0,15.0,101110.0
2025-02-22 21:00:00,28.2604361211865,25.7328064932798,0.0,1.3517857142857144,12.8,92,2,9.9,212,13.5,14.8,14.6,0.0,0.0,0.0,14.0,95.0,0.0,0.0,0.0,54.0,8.0,101140.0
2025-02-22 22:00:00,28.1643427959848,25.495309716077,0.0,1.3535714285714286,11.9,87,10,10.1,213,12.8,14.7,14.6,0.0,0.0,0.0,14.0,95.0,0.0,0.0,1.0,170.0,0.0,101200.0
2025-02-22 23:00:00,28.1959178412686,25.6076695967926,0.0,1.355357142857143,11.5,83,17,10.1,223,12.2,14.5,14.6,0.2,0.2,0.01,13.0,87.0,0.0,0.0,2.0,258.0,0.0,101300.0
2025-02-23 00:00:00,28.1072352666502,25.6454654083203,0.0,1.3571428571428572,11.1,85,21,9.7,225,11.7,14.3,14.6,0.1,0.1,0.0,12.0,87.0,0.0,0.0,1.0,222.0,0.0,101340.0
2025-02-23 01:00:00,28.0185881489578,25.5545691141442,0.0,1.3589285714285715,11.8,79,24,9.7,238,12.1,14.3,14.6,0.0,0.0,0.01,11.0,87.0,0.0,0.0,2.0,204.0,0.0,101350.0
2025-02-23 02:00:00,28.1595673168188,25.6325934420422,0.0,1.3607142857142858,11.4,80,23,9.4,243,11.7,14.1,14.6,0.0,0.0,0.01,12.0,80.0,0.0,0.0,2.0,245.0,0.0,101350.0
2025-02-23 03:00:00,27.9880299323518,25.6070725816247,0.0,1.3625,10.8,84,36,9.7,238,11.4,14.0,14.6,0.0,0.0,0.0,12.0,79.0,0.0,0.0,1.0,210.0,0.0,101340.0
2025-02-23 04:00:00,28.1595368992536,25.7507419999697,0.0,1.3642857142857143,10.9,85,25,11.0,237,11.2,13.8,14.6,0.0,0.0,0.01,12.0,79.0,0.0,0.0,1.0,210.0,0.0,101350.0
2025-02-23 05:00:00,28.3084227268902,25.7005414109568,0.0,1.3660714285714286,10.8,85,23,10.4,234,11.2,13.6,14.6,0.0,0.0,0.0,12.0,80.0,0.0,0.0,0.0,264.0,0.0,101370.0
2025-02-23 06:00:00,28.1968694947896,25.6251604128572,0.0,1.3678571428571429,10.1,92,80,6.8,185,11.0,13.5,14.6,2.5,2.5,0.0,12.0,80.0,0.0,0.0,2.0,246.0,0.0,101390.0
2025-02-23 07:00:00,28.2109758746114,25.3572456420162,0.0,1.3696428571428572,9.9,95,72,5.9,204,10.9,13.3,14.6,0.8,0.8,0.01,12.0,79.0,0.0,0.0,2.0,251.0,0.0,101430.0
2025-02-23 08:00:00,28.1474076194257,25.5108867937509,0.0,1.3714285714285714,11.0,88,64,12.4,237,11.0,13.2,14.6,0.0,0.0,0.03,12.0,79.0,78.0,0.0,2.0,246.0,0.0,101450.0
2025-02-23 09:00:00,28.3093165908957,25.6615434413037,0.0,1.3732142857142857,12.3,83,92,2.7,191,11.8,13.1,14.6,0.5,0.5,0.07,11.0,84.0,2089.0,0.0,0.0,276.0,0.0,101540.0
2025-02-23 10:00:00,28.2101016813107,25.5357821157338,0.0,1.375,13.5,78,12,6.0,191,12.8,13.1,14.6,0.9,0.9,0.15,11.0,87.0,8026.0,1.0,0.0,270.0,0.0,101640.0
2025-02-23 11:00:00,28.129232663532,25.5954118941492,0.0,1.3767857142857143,15.5,69,14,6.3,274,14.5,13.1,14.6,0.0,0.0,0.3,15.0,71.0,45087.0,3.0,4.0,258.0,0.0,101660.0
2025-02-23 12:00:00,28.1542545949442,25.4655053521157,0.0,1.3785714285714286,16.4,65,5,5.7,311,15.9,13.3,14.6,0.0,0.0,0.33,16.0,69.0,89620.0,7.0,2.0,240.0,0.0,101690.0
2025-02-23 13:00:00,28.3429494544216,25.3119842052502,0.0,1.3803571428571428,17.3,61,18,10.6,352,17.5,13.7,14.6,0.0,0.0,0.38,16.0,70.0,3812.0,0.0,2.0,345.0,0.0,101660.0
2025-02-23 14:00:00,28.2014213839952,25.5249808456678,0.0,1.3821428571428571,17.0,63,32,10.6,6,17.8,14.0,14.6,0.5,0.5,0.34,16.0,68.0,78913.0,7.0,4.0,36.0,3.0,101650.0
2025-02-23 15:00:00,27.9791284927549,25.2984805739075,0.0,1.3839285714285714,16.6,64,19,9.7,19,17.6,14.2,14.6,0.2,0.2,0.29,17.0,69.0,27090.0,2.0,2.0,307.0,0.0,101590.0
2025-02-23 16:00:00,28.13306665113,25.4481277248628,0.0,1.3857142857142857,16.3,65,1,8.2,24,17.4,14.5,14.6,0.0,0.0,0.21,17.0,66.0,59174.0,4.0,3.0,48.0,0.0,101550.0
2025-02-23 17:00:00,28.2410965944217,25.4761712416451,0.0,1.3875,15.5,68,0,6.4,46,16.7,14.6,14.6,0.0,0.0,0.12,17.0,65.0,31948.0,2.0,3.0,48.0,0.0,101550.0
2025-02-23 18:00:00,28.2721291304476,25.3943593518254,0.0,1.3892857142857142,12.6,83,0,5.2,46,15.4,14.7,14.6,0.0,0.0,0.02,17.0,64.0,10898.0,1.0,2.0,65.0,0.0,101580.0
2025-02-23 19:00:00,28.2945906018148,25.257046793749,0.0,1.3910714285714285,11.5,88,0,3.9,61,14.1,14.7,14.6,0.0,0.0,0.0,15.0,73.0,1959.0,0.0,2.0,38.0,0.0,101680.0
2025-02-23 20:00:00,28.2355375211586,25.4520249028921,0.0,1.3928571428571428,11.0,87,0,1.5,81,13.0,14.6,14.6,0.0,0.0,0.0,13.0,82.0,0.0,0.0,1.0,152.0,0.0,101750.0
2025-02-23 21:00:00,28.202301088608,25.3947673258784,0.0,1.394642857142857,10.5,88,8,1.1,8,12.2,14.5,14.6,0.0,0.0,0.0,12.0,89.0,0.0,0.0,0.0,102.0,0.0,101800.0
2025-02-23 22:00:00,28.3143979305146,25.4574700050443,0.0,1.3964285714285714,10.1,90,1,1.4,3,11.7,14.3,14.6,0.0,0.0,0.0,11.0,91.0,0.0,0.0,1.0,20.0,0.0,101860.0
2025-02-23 23:00:00,28.295047494852,25.3984177560019,0.0,1.3982142857142856,9.6,90,10,2.7,315,11.2,14.1,14.6,0.0,0.0,0.0,9.0,93.0,0.0,0.0,0.0,186.0,0.0,101900.0
2025-02-24 00:00:00,28.2284779773101,25.5404962012281,0.0,1.4,9.3,91,21,3.4,238,11.0,13.9,14.6,0.0,0.0,0.0,9.0,95.0,0.0,0.0,0.0,198.0,0.0,101960.0
2025-02-24 01:00:00,28.3397441476857,25.4449426782584,0.0,1.4017857142857142,10.0,92,18,3.5,167,11.9,13.9,14.6,0.0,0.0,0.0,10.0,95.0,0.0,0.0,0.0,210.0,0.0,102000.0
2025-02-24 02:00:00,28.2231356737655,25.3262812789576,0.0,1.4035714285714287,9.0,92,1,2.1,126,11.4,13.8,14.6,0.0,0.0,0.0,10.0,92.0,0.0,0.0,0.0,173.0,0.0,101950.0
2025-02-24 03:00:00,28.2252863775721,25.55971257709,0.0,1.405357142857143,8.4,92,0,1.4,79,10.9,13.6,14.6,0.0,0.0,0.0,9.0,93.0,0.0,0.0,0.0,174.0,0.0,101890.0
2025-02-24 04:00:00,28.1013588245765,25.4863245668762,0.0,1.4071428571428573,8.1,92,0,2.1,345,10.4,13.4,14.6,0.0,0.0,0.0,7.0,95.0,0.0,0.0,0.0,178.0,0.0,101880.0
2025-02-24 05:00:00,28.2836679520459,25.3557941635403,0.0,1.4089285714285715,8.2,92,9,5.1,254,10.1,13.2,14.6,0.0,0.0,0.0,8.0,95.0,0.0,0.0,0.0,204.0,0.0,101840.0
2025-02-24 06:00:00,28.2797209545274,25.3995145780913,0.0,1.4107142857142858,7.6,95,12,5.9,222,10.0,13.1,14.6,0.0,0.0,0.0,8.0,94.0,0.0,0.0,2.0,171.0,0.0,101820.0
2025-02-24 07:00:00,28.2405127711563,25.2926049789059,0.0,1.4125,6.9,97,1,4.1,226,9.7,12.9,14.6,0.0,0.0,0.01,8.0,92.0,0.0,0.0,0.0,222.0,0.0,101820.0
2025-02-24 08:00:00,28.0882696052386,25.3372175989894,0.0,1.4142857142857144,9.6,90,2,5.5,255,10.2,12.7,14.6,0.0,0.0,0.03,7.0,94.0,457.0,0.0,0.0,110.0,0.0,101840.0
2025-02-24 09:00:00,28.3555667462652,25.4128675963006,0.0,1.4160714285714286,14.0,78,2,5.8,261,11.7,12.6,14.6,0.0,0.0,0.13,9.0,93.0,5425.0,0.0,1.0,204.0,0.0,101900.0
2025-02-24 10:00:00,28.2426692505711,25.4316637169079,0.0,1.417857142857143,15.9,69,15,4.2,278,13.6,12.7,14.6,0.0,0.0,0.24,12.0,85.0,26377.0,1.0,2.0,262.0,0.0,101940.0
2025-02-24 11:00:00,28.1576312153866,25.4710943868216,0.0,1.4196428571428572,17.3,64,10,5.0,335,15.4,12.8,14.6,0.0,0.0,0.33,15.0,79.0,49410.0,4.0,2.0,312.0,0.0,101950.0
2025-02-24 12:00:00,28.1054413868444,25.3482719043505,0.0,1.4214285714285715,18.0,63,78,9.3,343,16.8,13.1,14.6,0.0,0.0,0.36,16.0,71.0,69188.0,3.0,1.0,27.0,0.0,101930.0
2025-02-24 13:00:00,28.1191640547957,25.4266763613769,0.0,1.4232142857142858,17.4,65,90,10.9,5,17.3,13.3,14.5,0.0,0.0,0.29,19.0,57.0,76679.0,4.0,1.0,269.0,0.0,101880.0
2025-02-24 14:00:00,28.1555809203715,25.3810326329924,0.0,1.425,17.4,67,100,10.4,50,17.9,13.6,14.5,0.0,0.0,0.32,20.0,53.0,77574.0,7.0,1.0,186.0,0.0,101780.0
2025-02-24 15:00:00,28.2556250098693,25.0739911805734,0.0,1.4267857142857143,17.5,66,100,9.6,40,18.1,14.0,14.5,0.0,0.0,0.28,19.0,61.0,63050.0,5.0,2.0,78.0,0.0,101680.0
2025-02-24 16:00:00,27.9466061986771,25.2907325496407,0.0,1.4285714285714286,17.1,68,100,10.7,40,17.9,14.2,14.5,0.0,0.0,0.21,19.0,63.0,48336.0,3.0,3.0,78.0,0.0,101630.0
2025-02-24 17:00:00,28.0393903724991,24.9629996839851,0.0,1.4303571428571429,15.7,72,100,9.1,42,17.0,14.5,14.5,0.0,0.0,0.1,18.0,63.0,19002.0,1.0,4.0,7.0,0.0,101590.0
2025-02-24 18:00:00,27.9791540524742,25.1112652626021,0.0,1.4321428571428572,13.5,84,100,4.4,44,15.9,14.6,14.6,0.0,0.0,0.02,17.0,67.0,8480.0,0.0,2.0,53.0,0.0,101530.0
2025-02-24 19:00:00,28.0897839124149,25.285142801885,0.0,1.4339285714285714,12.7,87,46,1.9,55,14.5,14.6,14.6,0.0,0.0,0.0,16.0,75.0,1285.0,0.0,1.0,60.0,0.0,101530.0
2025-02-24 20:00:00,28.2142934579376,25.2702595442285,0.0,1.4357142857142857,12.2,88,0,1.5,80,13.4,14.6,14.6,0.0,0.0,0.0,14.0,82.0,0.0,0.0,0.0,123.0,0.0,101630.0
2025-02-24 21:00:00,28.0274011830261,25.2363568729664,0.0,1.4375,11.7,89,4,1.0,22,12.6,14.5,14.6,0.0,0.0,0.0,12.0,88.0,0.0,0.0,0.0,42.0,0.0,101610.0
2025-02-24 22:00:00,28.1338132460752,25.2006173450502,0.0,1.4392857142857143,10.9,90,0,2.2,328,11.9,14.3,14.6,0.0,0.0,0.0,11.0,89.0,0.0,0.0,0.0,144.0,0.0,101670.0
2025-02-24 23:00:00,28.1444569644617,25.3367745767929,0.0,1.4410714285714286,9.9,86,0,2.9,200,11.4,14.1,14.6,0.0,0.0,0.0,10.0,92.0,0.0,0.0,1.0,186.0,0.0,101710.0
2025-02-25 00:00:00,28.0094020337152,25.204807527663,0.0,1.4428571428571428,9.0,86,0,4.4,242,11.0,14.0,14.6,0.0,0.0,0.0,10.0,92.0,0.0,0.0,1.0,175.0,0.0,101680.0
2025-02-25 01:00:00,28.0382978662267,25.167505834806,0.0,1.4446428571428571,9.2,88,2,4.9,236,11.2,13.9,14.6,0.0,0.0,0.0,10.0,90.0,0.0,0.0,1.0,210.0,0.0,101660.0
2025-02-25 02:00:00,28.2435080784474,25.2760825356008,0.0,1.4464285714285714,8.9,87,19,6.0,251,10.9,13.7,14.6,0.0,0.0,0.0,9.0,92.0,0.0,0.0,1.0,182.0,0.0,101640.0
2025-02-25 03:00:00,28.1292984735707,25.2717745279623,0.0,1.4482142857142857,9.2,84,21,8.1,246,10.7,13.5,14.6,0.0,0.0,0.0,9.0,93.0,0.0,0.0,1.0,186.0,0.0,101550.0
2025-02-25 04:00:00,28.0766707241634,25.0844516754895,0.0,1.45,9.6,81,37,9.0,236,10.6,13.4,14.6,0.0,0.0,0.0,10.0,90.0,0.0,0.0,0.0,198.0,0.0,101510.0
2025-02-25 05:00:00,28.0762867137511,25.105971815327,0.0,1.4517857142857142,9.5,80,77,8.2,232,10.4,13.2,14.6,0.0,0.0,0.0,9.0,90.0,0.0,0.0,1.0,180.0,0.0,101490.0
2025-02-25 06:00:00,28.1295164792244,25.276392035923,0.0,1.4535714285714285,9.3,81,99,8.3,237,10.3,13.0,14.6,0.0,0.0,0.0,9.0,88.0,0.0,0.0,0.0,198.0,0.0,101450.0
2025-02-25 07:00:00,28.1624396865566,25.42070018056,0.0,1.4553571428571428,9.0,85,96,9.0,240,10.1,12.9,14.5,0.0,0.0,0.02,10.0,87.0,0.0,0.0,2.0,246.0,0.0,101450.0
2025-02-25 08:00:00,27.9808148141547,25.0920112665788,0.0,1.457142857142857,11.7,78,100,10.9,234,10.7,12.7,14.5,0.0,0.0,0.05,9.0,87.0,1328.0,0.0,1.0,210.0,0.0,101490.0
2025-02-25 09:00:00,28.0296279343009,25.2535466979317,0.0,1.4589285714285714,15.5,70,100,9.1,239,12.2,12.7,14.5,0.0,0.0,0.15,12.0,84.0,9244.0,0.0,2.0,246.0,0.0,101500.0
2025-02-25 10:00:00,28.1991004828214,25.1795684782402,0.0,1.4607142857142856,18.4,57,100,13.7,247,14.0,12.8,14.5,0.0,0.0,0.28,14.0,76.0,28404.0,2.0,4.0,246.0,0.0,101500.0
2025-02-25 11:00:00,28.0233474919534,25.2319160807569,0.0,1.4625,19.9,49,100,14.5,252,15.7,12.9,14.5,0.0,0.0,0.38,16.0,63.0,53630.0,3.0,4.0,282.0,0.0,101510.0
2025-02-25 12:00:00,28.2077856876252,24.9730123547328,0.0,1.4642857142857144,20.5,47,100,12.3,262,17.1,13.2,14.5,0.0,0.0,0.43,19.0,51.0,70560.0,5.0,5.0,300.0,0.0,101480.0
2025-02-25 13:00:00,28.0218201206929,25.3045722404412,0.0,1.4660714285714287,21.6,44,100,10.1,260,18.3,13.5,14.5,0.0,0.0,0.43,21.0,43.0,69244.0,4.0,4.0,274.0,0.0,101400.0
2025-02-25 14:00:00,27.8916796358819,25.0709740777568,0.0,1.467857142857143,21.6,47,100,11.3,286,18.8,13.9,14.5,0.0,0.0,0.36,22.0,39.0,68420.0,7.0,3.0,318.0,0.0,101280.0
2025-02-25 15:00:00,27.9027312951703,25.1512451774829,0.0,1.4696428571428573,20.9,49,94,10.0,326,19.1,14.2,14.5,0.0,0.0,0.34,22.0,34.0,62108.0,5.0,4.0,348.0,0.0,101200.0
2025-02-25 16:00:00,27.8340557830098,24.8210468572923,0.0,1.4714285714285715,20.0,47,91,9.5,338,18.9,14.5,14.5,0.0,0.0,0.26,21.0,42.0,42975.0,3.0,4.0,25.0,0.0,101180.0
2025-02-25 17:00:00,27.8271770774226,24.9855376843741,0.0,1.4732142857142858,18.6,64,98,1.9,328,18.2,14.8,14.5,0.0,0.0,0.12,21.0,40.0,26826.0,1.0,7.0,354.0,0.0,101190.0
2025-02-25 18:00:00,27.8587943579795,25.0343117977739,0.0,1.475,16.3,57,98,0.8,311,16.7,15.0,14.5,0.0,0.0,0.02,20.0,43.0,6920.0,0.0,2.0,358.0,0.0,101190.0
2025-02-25 19:00:00,27.9778621859656,24.9199519128367,0.0,1.4767857142857144,15.3,57,100,2.7,264,15.2,15.0,14.5,0.0,0.0,0.0,17.0,51.0,341.0,0.0,0.0,42.0,0.0,101240.0
2025-02-25 20:00:00,27.9796224726849,24.7858246283176,0.0,1.4785714285714286,14.6,60,100,8.2,229,14.3,15.0,14.5,0.0,0.0,0.03,15.0,63.0,0.0,0.0,0.0,186.0,0.0,101310.0
2025-02-25 21:00:00,27.7285564517069,24.9241230205871,0.0,1.480357142857143,14.1,61,21,11.4,203,13.9,14.9,14.5,0.0,0.0,0.04,15.0,54.0,0.0,0.0,0.0,312.0,0.0,101340.0
2025-02-25 22:00:00,27.7657741240646,24.8082490638939,0.0,1.4821428571428572,13.5,65,19,9.9,211,13.6,14.8,14.5,0.0,0.0,0.03,16.0,51.0,0.0,0.0,1.0,216.0,0.0,101380.0
2025-02-25 23:00:00,27.8568743827044,25.0304135745513,0.0,1.4839285714285715,12.8,71,27,6.0,237,13.2,14.7,14.5,0.0,0.0,0.01,15.0,57.0,0.0,0.0,0.0,270.0,0.0,101360.0
2025-02-26 00:00:00,27.6344568836301,24.8982831563789,0.0,1.4857142857142858,12.8,71,84,1.8,262,12.7,14.6,14.5,0.0,0.0,0.0,14.0,65.0,0.0,0.0,0.0,48.0,0.0,101380.0
2025-02-26 01:00:00,27.9855973731607,24.9742639400165,0.0,1.4875,14.2,71,95,1.2,272,14.6,14.7,14.6,0.0,0.0,0.0,14.0,69.0,0.0,0.0,0.0,204.0,0.0,101390.0
2025-02-26 02:00:00,27.7609711622275,24.7733414742224,0.0,1.4892857142857143,13.6,76,99,4.0,236,14.1,14.6,14.6,0.2,0.2,0.0,15.0,66.0,0.0,0.0,0.0,288.0,0.0,101370.0
2025-02-26 03:00:00,27.7783518939564,24.7987699017596,0.0,1.4910714285714286,13.2,81,100,6.6,193,13.6,14.6,14.6,0.2,0.2,0.0,15.0,70.0,0.0,0.0,0.0,156.0,0.0,101370.0
2025-02-26 04:00:00,27.7314769864737,24.8991082138674,0.0,1.4928571428571429,12.8,87,100,5.6,197,13.3,14.5,14.6,0.0,0.0,0.0,16.0,72.0,0.0,0.0,2.0,285.0,0.0,101340.0
2025-02-26 05:00:00,27.9469061130607,24.8881566837492,0.0,1.4946428571428572,12.3,94,92,6.3,191,13.0,14.4,14.6,0.1,0.1,0.0,15.0,77.0,0.0,0.0,0.0,240.0,0.0,101350.0
2025-02-26 06:00:00,27.9383823040166,24.7941520120962,0.0,1.4964285714285714,11.5,96,100,5.9,173,12.7,14.3,14.6,0.1,0.1,0.0,13.0,83.0,0.0,0.0,1.0,60.0,0.0,101370.0
2025-02-26 07:00:00,27.9893227018761,24.9317250695043,0.0,1.4982142857142857,11.0,98,100,6.6,152,12.3,14.2,14.6,0.1,0.1,0.01,13.0,84.0,0.0,0.0,1.0,144.0,0.0,101400.0
2025-02-26 08:00:00,27.8696891930093,25.0082797533308,0.0,1.5,12.9,93,22,6.9,179,12.6,14.1,14.6,0.0,0.0,0.03,14.0,82.0,1345.0,0.0,2.0,164.0,0.0,101450.0
2025-02-26 09:00:00,27.9555709866252,24.7227477887151,0.0,1.5017857142857143,15.1,81,37,3.7,199,13.7,14.0,14.6,0.0,0.0,0.12,16.0,77.0,19808.0,1.0,0.0,118.0,0.0,101470.0
2025-02-26 10:00:00,27.6821002343594,24.8823164199769,0.0,1.5035714285714286,16.8,73,13,1.5,229,15.2,14.1,14.6,0.0,0.0,0.24,17.0,66.0,37915.0,2.0,0.0,258.0,0.0,101500.0
2025-02-26 11:00:00,27.7758131189089,24.9737210273614,0.0,1.5053571428571428,17.7,67,42,4.8,9,16.7,14.2,14.6,0.1,0.1,0.31,17.0,67.0,13810.0,2.0,2.0,42.0,0.0,101500.0
2025-02-26 12:00:00,27.8298210073256,24.6574996667498,0.0,1.5071428571428571,18.4,65,47,6.3,4,17.9,14.4,14.6,0.1,0.1,0.35,18.0,70.0,78849.0,5.0,3.0,65.0,0.0,101470.0
2025-02-26 13:00:00,27.5888010365145,24.4833432094754,0.0,1.5089285714285714,19.0,59,21,7.0,360,18.4,14.5,14.6,0.0,0.0,0.32,18.0,70.0,24466.0,3.0,2.0,42.0,0.0,101380.0
2025-02-26 14:00:00,27.5832043617638,24.5939317235051,0.0,1.5107142857142857,19.2,57,12,8.7,13,19.1,14.8,14.6,0.0,0.0,0.36,20.0,65.0,87669.0,6.0,3.0,44.0,0.0,101260.0
2025-02-26 15:00:00,27.5434710772473,24.4220599228282,0.0,1.5125,18.5,59,30,10.8,29,19.3,15.1,14.6,0.0,0.0,0.31,19.0,64.0,20850.0,2.0,4.0,39.0,0.0,101200.0
2025-02-26 16:00:00,27.4261341051705,24.452782879207,0.0,1.5142857142857142,17.7,59,2,11.1,48,19.0,15.3,14.6,0.0,0.0,0.24,19.0,62.0,43338.0,2.0,5.0,38.0,0.0,101150.0
2025-02-26 17:00:00,27.5566496288268,24.4528875473649,0.0,1.5160714285714285,16.8,64,0,11.0,63,18.2,15.5,14.6,0.0,0.0,0.14,18.0,56.0,21459.0,1.0,3.0,36.0,0.0,101110.0
2025-02-26 18:00:00,27.6042705507013,24.3010974918827,0.0,1.5178571428571428,14.2,77,0,6.6,61,17.0,15.6,14.6,0.0,0.0,0.03,18.0,64.0,5137.0,0.0,4.0,59.0,0.0,101120.0
2025-02-26 19:00:00,27.5796569364014,24.2652410337938,0.0,1.519642857142857,12.2,85,0,5.4,87,15.5,15.6,14.6,0.0,0.0,0.0,15.0,77.0,113.0,0.0,2.0,66.0,0.0,101150.0
2025-02-26 20:00:00,27.5405559313483,24.3949162319368,0.0,1.5214285714285714,12.1,81,2,1.9,90,14.3,15.6,14.6,0.0,0.0,0.0,14.0,85.0,0.0,0.0,2.0,84.0,0.0,101150.0
2025-02-26 21:00:00,27.534858294414,24.6445041468532,0.0,1.5232142857142856,11.6,80,89,0.3,76,13.3,15.4,14.6,0.0,0.0,0.0,12.0,89.0,0.0,0.0,0.0,118.0,0.0,101160.0
2025-02-26 22:00:00,27.5297194540807,24.5919044963801,0.0,1.5250000000000001,10.6,84,80,1.9,345,12.6,15.3,14.6,0.0,0.0,0.0,11.0,92.0,0.0,0.0,0.0,270.0,0.0,101140.0
2025-02-26 23:00:00,27.2471583049983,24.472401049125,0.0,1.5267857142857144,9.8,88,98,4.8,261,12.1,15.1,14.6,0.0,0.0,0.0,10.0,92.0,0.0,0.0,0.0,252.0,0.0,101130.0
2025-02-27 00:00:00,27.325390027846,24.4502017154679,0.0,1.5285714285714287,9.6,88,99,5.3,259,11.7,14.8,14.6,0.0,0.0,0.0,11.0,92.0,0.0,0.0,0.0,198.0,0.0,101080.0
2025-02-27 01:00:00,27.4812746765463,24.6653561929486,0.0,1.530357142857143,10.1,87,100,5.2,262,12.4,14.8,14.6,0.0,0.0,0.0,10.0,91.0,0.0,0.0,1.0,192.0,0.0,101070.0
2025-02-27 02:00:00,27.5565754418067,24.5868383851169,0.0,1.5321428571428573,10.0,86,100,3.8,256,12.0,14.6,14.6,0.0,0.0,0.0,9.0,90.0,0.0,0.0,0.0,188.0,0.0,100990.0
2025-02-27 03:00:00,27.4264926676564,24.3668746653936,0.0,1.5339285714285715,9.9,86,98,4.4,281,11.5,14.4,14.6,0.0,0.0,0.0,10.0,88.0,0.0,0.0,0.0,175.0,0.0,100890.0
2025-02-27 04:00:00,27.7563602685978,24.3442473734886,0.0,1.5357142857142858,9.6,88,78,4.8,283,11.2,14.2,14.7,0.0,0.0,0.0,10.0,90.0,0.0,0.0,1.0,216.0,0.0,100830.0
2025-02-27 05:00:00,27.6538221197262,24.4835263425533,0.0,1.5375,9.8,85,100,6.6,265,11.1,14.1,14.7,0.0,0.0,0.0,9.0,91.0,0.0,0.0,1.0,151.0,0.0,100800.0
2025-02-27 06:00:00,27.5032336581205,24.4068042455588,0.0,1.5392857142857144,9.8,83,100,6.0,263,11.0,13.9,14.7,0.0,0.0,0.0,8.0,93.0,0.0,0.0,2.0,165.0,0.0,100840.0
2025-02-27 07:00:00,27.50989388741,24.4296464543834,0.0,1.5410714285714286,9.9,82,100,5.7,260,10.8,13.7,14.6,0.0,0.0,0.02,8.0,92.0,0.0,0.0,0.0,192.0,0.0,100830.0
2025-02-27 08:00:00,27.4858552492437,24.4149318805486,0.0,1.542857142857143,12.2,76,99,7.1,262,11.3,13.6,14.6,0.0,0.0,0.05,9.0,92.0,4152.0,0.0,0.0,168.0,0.0,100860.0
2025-02-27 09:00:00,27.5100121063567,24.4574665095415,0.0,1.5446428571428572,14.9,70,98,5.2,265,12.8,13.5,14.6,0.0,0.0,0.14,12.0,87.0,12132.0,1.0,1.0,246.0,0.0,100910.0
2025-02-27 10:00:00,27.5411014177926,24.2911448339211,0.0,1.5464285714285715,16.9,62,100,5.9,291,14.5,13.5,14.6,0.0,0.0,0.24,15.0,70.0,45175.0,3.0,2.0,288.0,0.0,100930.0
2025-02-27 11:00:00,27.4835405498376,24.2776469207319,0.0,1.5482142857142858,18.6,59,100,7.4,274,16.2,13.7,14.6,0.0,0.0,0.33,17.0,63.0,50676.0,3.0,3.0,330.0,0.0,100880.0
2025-02-27 12:00:00,27.4578602088272,24.0562777846601,0.0,1.55,20.0,54,100,8.0,288,17.6,13.9,14.6,0.0,0.0,0.38,18.0,59.0,69284.0,6.0,1.0,347.0,0.0,100860.0
2025-02-27 13:00:00,27.409225463023,23.892053757304,0.0,1.5548809523809524,20.4,57,100,8.3,343,18.7,14.2,14.6,0.0,0.0,0.4,20.0,52.0,70283.0,6.0,1.0,54.0,0.0,100760.0
2025-02-27 14:00:00,27.5694476431035,24.1254437147533,0.0,1.559761904761905,19.0,68,100,13.2,15,19.0,14.5,14.6,0.0,0.0,0.29,20.0,64.0,62173.0,5.0,4.0,42.0,0.0,100650.0
2025-02-27 15:00:00,27.4349029548757,24.056886517888,0.0,1.5646428571428572,17.4,72,100,12.2,32,18.9,14.8,14.6,0.0,0.0,0.23,19.0,68.0,46341.0,2.0,5.0,21.0,0.0,100600.0
2025-02-27 16:00:00,27.2023177912362,24.0121805398273,0.0,1.5695238095238095,16.8,75,100,10.3,32,18.4,15.0,14.6,0.0,0.0,0.17,17.0,71.0,24127.0,1.0,3.0,18.0,0.0,100560.0
2025-02-27 17:00:00,27.1797439721404,23.9848508258952,0.0,1.5744047619047619,15.6,79,100,10.9,31,17.7,15.2,14.6,0.0,0.0,0.1,17.0,74.0,17007.0,1.0,3.0,54.0,0.0,100540.0
2025-02-27 18:00:00,27.2273532236025,23.978305440062,0.0,1.5792857142857144,13.8,89,100,3.3,43,16.5,15.3,14.6,0.0,0.0,0.02,16.0,70.0,5256.0,0.0,3.0,48.0,0.0,100560.0
2025-02-27 19:00:00,27.2845676169221,23.9363338517623,0.0,1.5841666666666667,12.8,92,100,3.2,44,15.3,15.3,14.7,0.0,0.0,0.0,14.0,84.0,0.0,0.0,2.0,48.0,0.0,100600.0
2025-02-27 20:00:00,27.3599180246184,23.8267276810881,0.0,1.589047619047619,12.5,94,100,1.0,46,14.2,15.3,14.7,0.0,0.0,0.0,13.0,87.0,0.0,0.0,0.0,175.0,0.0,100650.0
2025-02-27 21:00:00,27.2613647421376,24.0070036692143,0.0,1.5939285714285716,12.2,94,100,1.1,46,13.4,15.2,14.7,0.0,0.0,0.0,12.0,89.0,0.0,0.0,0.0,170.0,0.0,100650.0
2025-02-27 22:00:00,27.4056915575811,23.9641066501317,0.0,1.598809523809524,11.8,95,100,1.1,4,12.8,15.0,14.7,0.0,0.0,0.0,11.0,91.0,0.0,0.0,0.0,184.0,0.0,100650.0
2025-02-27 23:00:00,27.3370816240843,23.9540657200273,0.0,1.6036904761904762,11.0,97,100,1.8,342,12.3,14.9,14.7,0.0,0.0,0.0,10.0,93.0,0.0,0.0,0.0,176.0,0.0,100650.0
2025-02-28 00:00:00,27.2401860309227,24.1891693856214,0.0,1.6085714285714285,10.5,96,100,2.9,243,11.9,14.7,14.7,0.0,0.0,0.0,10.0,93.0,0.0,0.0,0.0,168.0,0.0,100580.0
2025-02-28 01:00:00,27.4211327730766,23.941999853109,0.0,1.613452380952381,10.0,96,100,3.1,325,12.0,14.6,14.7,0.0,0.0,0.0,10.0,95.0,0.0,0.0,0.0,228.0,0.0,100520.0
2025-02-28 02:00:00,27.4445857851818,23.9917982821737,0.0,1.6183333333333334,9.8,96,100,2.6,257,11.7,14.5,14.7,0.0,0.0,0.0,10.0,96.0,0.0,0.0,0.0,204.0,0.0,100450.0
2025-02-28 03:00:00,27.3894432835997,24.0456406920526,0.0,1.6232142857142857,10.4,94,100,3.8,280,11.7,14.3,14.7,0.0,0.0,0.0,10.0,96.0,0.0,0.0,0.0,270.0,0.0,100340.0
2025-02-28 04:00:00,27.3806851796182,23.9851778610674,0.0,1.6280952380952383,10.0,97,99,3.2,287,11.7,14.2,14.7,0.0,0.0,0.0,11.0,96.0,0.0,0.0,2.0,161.0,0.0,100330.0
2025-02-28 05:00:00,27.23801100148,24.177692230783,0.0,1.6329761904761906,9.0,98,14,2.0,68,11.5,14.0,14.7,0.0,0.0,0.0,11.0,97.0,0.0,0.0,0.0,222.0,0.0,100230.0
2025-02-28 06:00:00,27.3065808433531,24.0700493714417,0.0,1.637857142857143,8.6,99,13,2.8,70,11.0,13.8,14.7,0.0,0.0,0.0,10.0,96.0,0.0,0.0,0.0,307.0,0.0,100170.0
2025-02-28 07:00:00,27.1731780558976,23.8952838868007,0.0,1.6427380952380952,9.2,96,68,5.5,64,10.7,13.7,14.7,0.0,0.0,0.01,10.0,97.0,0.0,0.0,0.0,186.0,0.0,100190.0
2025-02-28 08:00:00,27.1848857448407,23.9090004012175,0.0,1.6476190476190478,11.9,91,100,7.7,45,11.4,13.5,14.7,0.0,0.0,0.04,11.0,97.0,5722.0,0.0,0.0,204.0,0.0,100210.0
2025-02-28 09:00:00,27.3609768832509,23.7876704975218,0.0,1.6525,14.1,85,94,6.8,22,12.8,13.5,14.7,0.0,0.0,0.13,13.0,92.0,14181.0,1.0,2.0,264.0,0.0,100210.0
2025-02-28 10:00:00,27.1338274185916,23.8452199428717,0.0,1.6573809523809524,16.1,76,89,9.5,19,14.5,13.5,14.7,0.0,0.0,0.24,14.0,86.0,43919.0,2.0,0.0,222.0,0.0,100170.0
2025-02-28 11:00:00,27.5376485855593,23.7743677304044,0.0,1.6622619047619047,17.9,64,31,11.1,17,16.1,13.6,14.7,0.0,0.0,0.33,16.0,77.0,71615.0,5.0,2.0,48.0,0.0,100130.0
2025-02-28 12:00:00,27.2241533630328,23.9221952888288,0.0,1.6671428571428573,19.1,55,56,12.8,22,17.6,13.9,14.7,0.0,0.0,0.41,19.0,65.0,80835.0,5.0,0.0,180.0,0.0,100040.0
2025-02-28 13:00:00,27.228444213159,23.840969076472,0.0,1.6720238095238096,18.1,69,100,8.9,16,18.3,14.2,14.7,0.0,0.0,0.34,18.0,67.0,42621.0,3.0,3.0,356.0,0.0,99940.0
2025-02-28 14:00:00,27.1697723329811,23.8161432410995,0.0,1.676904761904762,17.8,71,100,8.1,341,18.5,14.5,14.7,0.0,0.0,0.25,17.5,69.0,38924.0,2.5,3.5,187.0,0.0,99890.0
2025-02-28 15:00:00,27.0471707280298,23.742883253312,0.0,1.6817857142857144,18.1,69,100,8.8,288,18.2,14.7,14.7,0.0,0.0,0.17,17.0,71.0,35227.0,2.0,4.0,18.0,0.0,99840.0
2025-02-28 16:00:00,27.1885995972981,23.9881359446771,0.0,1.6866666666666668,18.1,70,99,7.7,303,17.8,14.9,14.7,0.0,0.0,0.12,17.0,74.0,32132.0,2.0,3.0,27.0,0.0,99790.0
2025-02-28 17:00:00,27.2479718486282,24.0864026350399,0.0,1.691547619047619,17.0,77,99,10.6,304,17.4,15.1,14.7,0.0,0.0,0.09,17.0,75.0,33681.0,2.0,4.0,42.0,0.0,99820.0
2025-02-28 18:00:00,27.0206581671396,23.9266666240214,0.0,1.6964285714285714,14.7,88,100,7.7,261,16.4,15.2,14.7,0.5,0.5,0.03,16.0,81.0,5634.0,0.0,2.0,0.0,0.0,99870.0
2025-02-28 19:00:00,27.0617855411714,24.0132962725823,0.0,1.701309523809524,14.4,87,100,8.0,223,15.4,15.2,14.7,0.2,0.2,0.0,16.0,80.0,1972.0,0.0,3.0,24.0,0.0,99880.0
2025-02-28 20:00:00,27.2184715110789,24.0583741080041,0.0,1.7061904761904763,13.6,89,100,7.0,230,14.6,15.2,14.7,0.1,0.1,0.0,16.0,83.0,0.0,0.0,3.0,341.0,0.0,99980.0
2025-02-28 21:00:00,27.1852001546132,23.8851519398184,0.0,1.7110714285714286,13.4,88,98,8.5,229,14.0,15.1,14.7,0.0,0.0,0.0,13.0,92.0,0.0,0.0,0.0,228.0,38.0,100010.0
2025-02-28 22:00:00,26.9752119555303,24.0604401795826,0.0,1.7159523809523811,11.8,90,84,4.5,230,13.3,15.0,14.7,0.0,0.0,0.0,14.0,91.0,0.0,0.0,4.0,264.0,0.0,99990.0
2025-02-28 23:00:00,26.9394166624344,24.2130992362316,0.0,1.7208333333333334,10.8,91,90,4.0,233,12.5,14.9,14.7,0.0,0.0,0.0,13.0,88.0,0.0,0.0,2.0,246.0,0.0,100050.0
2025-03-01 00:00:00,26.8886687776091,24.0377919708773,0.0,1.7257142857142858,10.2,93,98,3.9,252,11.8,14.7,14.7,0.0,0.0,0.0,13.0,85.0,0.0,0.0,2.0,239.0,0.0,100030.0
2025-03-01 01:00:00,27.3212747475233,23.9445596570379,0.0,1.730595238095238,11.7,89,98,4.1,212,13.0,14.9,14.7,0.0,0.0,0.0,13.0,86.0,0.0,0.0,3.0,282.0,0.0,100030.0
2025-03-01 02:00:00,27.1074519269838,24.1287273827469,0.0,1.7354761904761906,11.8,90,97,3.5,235,12.8,14.8,14.7,0.0,0.0,0.0,12.0,87.0,0.0,0.0,1.0,186.0,1.0,99980.0
2025-03-01 03:00:00,27.2174958532955,23.9212076883875,0.0,1.740357142857143,10.5,93,71,6.4,249,12.1,14.6,14.7,0.0,0.0,0.0,11.0,91.0,0.0,0.0,0.0,246.0,0.0,99950.0
2025-03-01 04:00:00,27.1659787469539,24.0022975889497,0.0,1.7452380952380953,9.4,94,36,6.2,249,11.5,14.4,14.7,0.0,0.0,0.0,10.0,91.0,0.0,0.0,0.0,198.0,0.0,99850.0
2025-03-01 05:00:00,27.1718531479827,23.8656988284142,0.0,1.7501190476190478,8.7,93,14,7.2,242,10.9,14.2,14.7,0.0,0.0,0.0,10.0,92.0,0.0,0.0,1.0,180.0,0.0,99790.0
2025-03-01 06:00:00,27.2433331706224,24.0316087536866,0.0,1.7550000000000001,9.0,86,9,9.5,229,10.5,14.0,14.7,0.0,0.0,0.0,10.0,91.0,0.0,0.0,0.0,180.0,0.0,99810.0
2025-03-01 07:00:00,27.1540955717961,23.9622228035971,0.0,1.7598809523809524,9.2,81,0,11.9,232,10.1,13.8,14.7,0.0,0.0,0.03,10.0,90.0,0.0,0.0,2.0,240.0,0.0,99800.0
2025-03-01 08:00:00,27.1121381419898,24.0337677049083,0.0,1.7647619047619048,11.6,74,86,21.2,236,10.5,13.6,14.7,0.0,0.0,0.07,9.0,91.0,301.0,0.0,1.0,222.0,0.0,99830.0
2025-03-01 09:00:00,27.1551677832597,24.0684906472354,0.0,1.7696428571428573,13.0,79,96,16.8,244,11.6,13.4,14.7,0.2,0.2,0.1,10.0,90.0,6044.0,0.0,2.0,240.0,0.0,99900.0
2025-03-01 10:00:00,26.9471527715815,23.9225665661529,0.0,1.7745238095238096,13.3,79,100,15.4,245,12.4,13.4,14.7,0.5,0.5,0.12,12.0,85.0,9727.0,1.0,3.0,258.0,0.0,99990.0
2025-03-01 11:00:00,27.0266960432638,24.0514612306669,0.0,1.779404761904762,13.2,78,100,14.4,236,12.7,13.3,14.7,0.2,0.2,0.1,14.0,75.0,24828.0,1.0,3.0,244.0,0.0,100020.0
2025-03-01 12:00:00,27.2239103089714,23.8773142462423,0.0,1.7842857142857143,14.8,64,100,15.1,254,13.6,13.4,14.7,0.0,0.0,0.2,15.0,72.0,69162.0,4.0,4.0,258.0,0.0,100020.0
2025-03-01 13:00:00,27.1307520188285,23.7694490546189,0.0,1.7891666666666668,15.3,69,93,6.6,262,15.7,14.0,14.7,0.2,0.2,0.17,13.0,90.0,7102.0,0.0,3.0,343.0,0.0,100040.0
2025-03-01 14:00:00,27.0208745022972,23.8954835677049,0.0,1.7940476190476191,15.9,60,66,10.6,289,16.0,14.1,14.7,0.0,0.0,0.21,15.0,83.0,42868.0,3.0,3.0,330.0,2.0,100000.0
2025-03-01 15:00:00,27.2201418561998,23.7672835333383,0.0,1.7989285714285714,16.3,60,50,13.2,297,16.5,14.2,14.7,0.0,0.0,0.25,14.0,84.0,18796.0,1.0,0.0,264.0,2.0,99990.0
2025-03-01 16:00:00,26.9439691496506,23.8218862954688,0.0,1.803809523809524,15.2,67,34,12.1,305,16.4,14.4,14.7,0.2,0.2,0.19,14.0,81.0,8925.0,0.0,1.0,326.0,1.0,99960.0
2025-03-01 17:00:00,27.1901505168388,23.8351266417851,0.0,1.8086904761904763,14.5,70,32,6.4,330,16.0,14.5,14.7,0.0,0.0,0.11,14.0,87.0,5115.0,0.0,2.0,89.0,0.0,99980.0
2025-03-01 18:00:00,27.0236068221391,23.8437020535474,0.0,1.8135714285714286,12.6,81,37,1.0,2,15.0,14.6,14.7,0.0,0.0,0.02,13.0,92.0,6172.0,0.0,0.0,103.0,8.0,100040.0
2025-03-01 19:00:00,27.0957503048504,23.9670043452328,0.0,1.818452380952381,11.8,85,84,2.6,140,14.1,14.6,14.7,0.0,0.0,0.0,13.0,87.0,2242.0,0.0,0.0,355.0,0.0,100130.0
2025-03-01 20:00:00,26.9678884810802,23.9638955210917,0.0,1.8233333333333335,11.6,86,100,3.8,165,13.6,14.5,14.7,0.0,0.0,0.0,13.0,90.0,0.0,0.0,0.0,162.0,0.0,100210.0
2025-03-01 21:00:00,27.0487542203636,23.7920298293204,0.0,1.8282142857142858,10.9,89,100,4.5,202,13.1,14.5,14.7,0.0,0.0,0.0,12.0,93.0,0.0,0.0,0.0,139.0,0.0,100280.0
2025-03-01 22:00:00,27.0495128152901,23.7419538049679,0.0,1.833095238095238,10.9,87,97,3.6,230,12.8,14.4,14.7,0.0,0.0,0.0,12.0,94.0,0.0,0.0,0.0,186.0,0.0,100280.0
2025-03-01 23:00:00,27.1332950037266,23.805884750389,0.0,1.8379761904761907,10.7,86,49,3.6,252,12.4,14.3,14.7,0.0,0.0,0.0,11.0,95.0,0.0,0.0,0.0,174.0,0.0,100330.0
2025-03-02 00:00:00,27.2146307514308,23.8370822327662,0.0,1.842857142857143,10.0,87,43,4.5,231,11.9,14.1,14.7,0.0,0.0,0.0,11.0,95.0,0.0,0.0,0.0,166.0,0.0,100310.0
2025-03-02 01:00:00,27.1152719193445,23.8522950246621,0.0,1.8477380952380953,10.5,79,3,0.9,261,11.9,14.2,14.7,0.0,0.0,0.0,9.0,96.0,0.0,0.0,0.0,172.0,0.0,100290.0
2025-03-02 02:00:00,27.1563393400779,23.823115347397,0.0,1.8526190476190476,10.2,79,6,1.0,308,11.3,14.0,14.7,0.0,0.0,0.0,8.0,96.0,0.0,0.0,0.0,173.0,0.0,100280.0
2025-03-02 03:00:00,27.0452351685402,23.8064505840255,0.0,1.8575000000000002,9.4,83,5,3.1,256,10.8,13.8,14.7,0.0,0.0,0.0,8.0,96.0,0.0,0.0,0.0,171.0,0.0,100230.0
2025-03-02 04:00:00,27.1128639327596,23.7448488666169,0.0,1.8623809523809525,8.6,85,1,2.9,252,10.3,13.6,14.7,0.0,0.0,0.0,7.0,95.0,0.0,0.0,0.0,179.0,0.0,100230.0
2025-03-02 05:00:00,27.0978208856908,23.8261592684349,0.0,1.8672619047619048,7.8,87,0,2.2,270,9.9,13.4,14.7,0.0,0.0,0.0,7.0,95.0,0.0,0.0,0.0,210.0,0.0,100210.0
2025-03-02 06:00:00,27.0133071319327,23.8735517412543,0.0,1.8721428571428573,7.1,90,52,2.2,293,9.6,13.2,14.7,0.0,0.0,0.0,7.0,96.0,0.0,0.0,0.0,180.0,0.0,100190.0
2025-03-02 07:00:00,27.1992926505917,24.1683328558768,0.0,1.8770238095238096,7.3,90,100,1.7,53,9.3,13.0,14.7,0.0,0.0,0.01,6.0,94.0,0.0,0.0,0.0,84.0,0.0,100200.0
2025-03-02 08:00:00,27.2327244196603,24.0821567812637,0.0,1.881904761904762,11.1,80,100,1.5,59,10.1,12.8,14.7,0.0,0.0,0.04,5.0,96.0,986.0,0.0,0.0,176.0,0.0,100200.0
2025-03-02 09:00:00,27.2559520936734,24.0753755390525,0.0,1.8867857142857143,14.1,74,100,4.1,355,11.7,12.8,14.7,0.0,0.0,0.13,8.0,96.0,10472.0,1.0,0.0,186.0,0.0,100280.0
2025-03-02 10:00:00,27.3009666675146,23.9696433935517,0.0,1.8916666666666668,16.2,65,100,5.9,354,13.5,12.8,14.7,0.0,0.0,0.23,11.0,92.0,34069.0,2.0,0.0,228.0,0.0,100320.0
2025-03-02 11:00:00,27.2450397989589,24.1099721173585,0.0,1.8965476190476191,17.8,56,99,8.1,5,15.1,12.9,14.7,0.0,0.0,0.3,13.0,82.0,46053.0,4.0,0.0,170.0,0.0,100310.0
2025-03-02 12:00:00,27.3562948808981,23.838768294028,0.0,1.9014285714285715,19.3,52,100,7.0,5,16.5,13.1,14.7,0.0,0.0,0.36,17.0,63.0,37552.0,4.0,0.0,107.0,0.0,100260.0
2025-03-02 13:00:00,27.1715003796469,23.8724434727054,0.0,1.906309523809524,18.9,55,100,13.9,25,17.2,13.5,14.7,0.0,0.0,0.34,17.0,65.0,45812.0,4.0,2.0,30.0,0.0,100220.0
2025-03-02 14:00:00,26.9557059984219,23.9167380769073,0.0,1.9111904761904763,17.9,56,99,19.1,34,17.6,13.8,14.7,0.0,0.0,0.32,17.0,69.0,50049.0,4.0,5.0,13.0,0.0,100100.0
2025-03-02 15:00:00,27.1110473344536,23.8288466700455,0.0,1.9160714285714286,17.8,59,87,18.1,45,17.9,14.1,14.7,0.0,0.0,0.3,18.0,63.0,66672.0,6.0,2.0,90.0,0.0,100020.0
2025-03-02 16:00:00,26.847860478584,23.9818747826205,0.0,1.920952380952381,17.0,63,57,17.3,58,17.5,14.3,14.7,0.0,0.0,0.21,18.0,64.0,55123.0,4.0,4.0,32.0,0.0,99980.0
2025-03-02 17:00:00,26.8325435213029,23.883827337509,0.0,1.9258333333333335,16.3,68,2,15.9,67,17.0,14.5,14.7,0.0,0.0,0.13,18.0,65.0,23680.0,1.0,4.0,42.0,0.0,99960.0
2025-03-02 18:00:00,26.8599548757614,23.911023113765,0.0,1.9307142857142858,14.7,79,23,8.1,69,16.1,14.6,14.7,0.0,0.0,0.04,17.0,67.0,6572.0,0.0,5.0,66.0,0.0,99950.0
2025-03-02 19:00:00,27.0176522245504,23.9261851429847,0.0,1.9355952380952381,13.0,89,83,5.3,40,14.9,14.7,14.7,0.0,0.0,0.0,15.0,79.0,1202.0,0.0,2.0,66.0,0.0,100020.0
2025-03-02 20:00:00,27.0390500815064,23.7528204364661,0.0,1.9404761904761907,13.0,95,100,3.2,24,14.0,14.7,14.7,0.0,0.0,0.0,14.0,88.0,0.0,0.0,2.0,18.0,0.0,100080.0
2025-03-02 21:00:00,27.2250280115699,24.0898355021315,0.0,1.945357142857143,12.6,98,100,2.2,35,13.3,14.6,14.7,0.0,0.0,0.0,13.0,92.0,0.0,0.0,0.0,181.0,0.0,100110.0
2025-03-02 22:00:00,27.1661254356881,23.9072277041995,0.0,1.9502380952380953,13.0,97,97,0.8,17,13.0,14.5,14.7,0.0,0.0,0.0,13.0,93.0,0.0,0.0,0.0,240.0,0.0,100130.0
2025-03-02 23:00:00,27.1015648129152,23.9419320513333,0.0,1.9551190476190476,12.5,97,100,5.0,290,12.8,14.4,14.7,0.0,0.0,0.0,14.0,92.0,0.0,0.0,2.0,228.0,0.0,100130.0
2025-03-03 00:00:00,27.2051355745768,23.960627144369,0.0,1.9600000000000002,12.6,96,100,10.5,266,12.9,14.3,14.7,0.0,0.0,0.0,14.0,91.0,0.0,0.0,0.0,264.0,0.0,100100.0
2025-03-03 01:00:00,27.0322465073522,23.9907003302549,0.0,1.9648809523809525,13.2,98,100,9.6,259,14.0,14.4,14.7,0.0,0.0,0.0,14.0,88.0,0.0,0.0,3.0,252.0,0.0,100080.0
2025-03-03 02:00:00,27.1673342695974,24.203363616396,0.0,1.9697619047619048,13.0,96,100,10.2,257,13.7,14.4,14.7,0.0,0.0,0.0,14.0,92.0,0.0,0.0,2.0,246.0,0.0,100040.0
2025-03-03 03:00:00,27.0130429542064,24.1696846626674,0.0,1.9746428571428571,13.1,96,100,8.7,252,13.6,14.4,14.7,0.0,0.0,0.0,13.0,95.0,0.0,0.0,0.0,258.0,0.0,100020.0
2025-03-03 04:00:00,27.179459415856,23.9347780268837,0.0,1.9795238095238097,12.6,92,100,6.3,244,13.4,14.3,14.7,0.0,0.0,0.0,12.0,96.0,0.0,0.0,0.0,204.0,0.0,100010.0
2025-03-03 05:00:00,27.0940557031611,24.1769142049789,0.0,1.984404761904762,11.9,85,100,5.9,242,13.1,14.3,14.7,0.0,0.0,0.0,11.0,96.0,0.0,0.0,0.0,252.0,0.0,100020.0
2025-03-03 06:00:00,27.2209586422138,24.0344969721357,0.0,1.9892857142857143,11.4,82,99,5.4,256,12.8,14.2,14.7,0.0,0.0,0.0,12.0,96.0,0.0,0.0,0.0,186.0,0.0,100030.0
2025-03-03 07:00:00,27.0574207070441,24.2970813039129,0.0,1.9941666666666669,11.6,82,95,5.2,261,12.6,14.1,14.7,0.0,0.0,0.02,11.0,96.0,0.0,0.0,0.0,186.0,0.0,100080.0
2025-03-03 08:00:00,27.2504364801891,24.2022125095257,0.0,1.9990476190476192,13.3,84,79,6.5,264,13.0,14.0,14.7,0.0,0.0,0.04,11.0,97.0,1931.0,0.0,0.0,282.0,0.0,100110.0
2025-03-03 09:00:00,27.3681340999671,24.0895706503088,0.0,2.0039285714285717,15.1,88,69,5.7,302,14.0,14.0,14.7,0.0,0.0,0.11,13.0,97.0,11311.0,1.0,0.0,353.0,0.0,100180.0
2025-03-03 10:00:00,27.0428383697014,24.1662180492821,0.0,2.008809523809524,17.4,77,37,7.1,333,15.7,14.1,14.7,0.0,0.0,0.26,16.0,85.0,33592.0,2.0,3.0,317.0,0.0,100220.0
2025-03-03 11:00:00,27.0011317251553,24.0049076709101,0.0,2.0136904761904764,19.6,66,22,8.0,345,17.3,14.2,14.7,0.0,0.0,0.36,18.0,76.0,57456.0,3.0,3.0,287.0,0.0,100210.0
2025-03-03 12:00:00,33.0936244133109,39.4963333571566,0.0,2.0185714285714287,20.4,64,20,12.1,352,18.8,14.5,14.7,0.0,0.0,0.42,19.0,65.0,73988.0,4.0,1.0,333.0,0.0,100160.0
2025-03-03 13:00:00,49.2565739829839,56.0249679473065,0.0,2.023452380952381,20.5,65,30,9.3,7,19.9,14.7,14.7,0.0,0.0,0.44,21.0,55.0,80560.0,6.0,2.0,345.0,0.0,100080.0
2025-03-03 14:00:00,46.9460434746913,44.7716597231687,0.0,2.0283333333333333,20.5,65,34,10.1,25,20.5,15.1,14.7,0.0,0.0,0.41,21.0,63.0,77118.0,6.0,3.0,56.0,0.0,99970.0
2025-03-03 15:00:00,40.9747855280462,41.081550904304,0.0,2.0332142857142856,19.6,67,5,12.3,40,20.6,15.4,14.7,0.0,0.0,0.32,20.0,68.0,74604.0,5.0,4.0,19.0,0.0,99890.0
2025-03-03 16:00:00,40.0001648306255,40.0120987534286,0.0,2.0380952380952384,18.6,68,13,12.1,31,20.2,15.7,14.7,0.0,0.0,0.25,19.0,72.0,48329.0,3.0,4.0,48.0,0.0,99890.0
2025-03-03 17:00:00,39.4626942240877,39.1059010456248,0.0,2.0429761904761907,17.4,71,39,8.1,27,19.3,16.0,14.7,0.0,0.0,0.13,18.0,73.0,22521.0,1.0,4.0,30.0,0.0,99870.0
2025-03-03 18:00:00,39.0579174226189,38.5031606076693,0.0,2.047857142857143,15.5,81,51,1.9,43,18.0,16.1,14.7,0.0,0.0,0.03,18.0,75.0,9728.0,0.0,3.0,54.0,0.0,99900.0
2025-03-03 19:00:00,38.5217238445195,38.0349758866158,0.0,2.0527380952380954,14.4,85,100,3.1,63,16.6,16.1,14.7,0.0,0.0,0.0,16.0,79.0,614.0,0.0,1.0,42.0,0.0,99950.0
2025-03-03 20:00:00,38.2247845615812,37.6184330128531,0.0,2.0576190476190477,14.3,86,99,5.2,58,15.9,16.1,14.7,0.0,0.0,0.0,15.0,82.0,0.0,0.0,1.0,36.0,0.0,99960.0
2025-03-03 21:00:00,38.2941984693894,37.2675706345001,0.0,2.0625,14.8,75,90,5.8,66,15.4,16.1,14.8,0.0,0.0,0.0,15.0,89.0,0.0,0.0,1.0,352.0,0.0,100020.0
2025-03-03 22:00:00,38.0303208842318,37.1310157094266,0.0,2.0673809523809523,14.0,76,99,5.2,60,14.8,16.0,14.8,0.0,0.0,0.0,15.0,93.0,0.0,0.0,0.0,18.0,0.0,100060.0
2025-03-03 23:00:00,37.7023464146457,37.0422878299503,0.0,2.072261904761905,13.8,78,51,5.4,48,14.5,15.9,14.8,0.0,0.0,0.0,15.0,95.0,0.0,0.0,1.0,60.0,0.0,100110.0
2025-03-04 00:00:00,37.6241953636726,36.4635786076787,0.0,2.0771428571428574,13.0,87,22,4.0,42,14.0,15.7,14.8,0.0,0.0,0.0,15.0,95.0,0.0,0.0,3.0,48.0,0.0,99960.0
2025-03-04 01:00:00,37.3460471688027,36.2228683734134,0.0,2.0820238095238097,13.4,91,100,5.2,56,15.1,15.8,14.8,0.0,0.0,0.0,15.0,95.0,0.0,0.0,0.0,318.0,0.0,100030.0
2025-03-04 02:00:00,37.4864569194331,36.2225612388124,0.0,2.086904761904762,13.3,90,100,3.6,48,14.3,15.7,14.8,0.0,0.0,0.0,15.0,94.0,0.0,0.0,0.0,96.0,0.0,100050.0
2025-03-04 03:00:00,37.2248135813389,35.9445038151661,0.0,2.0917857142857144,14.4,94,100,8.3,46,14.3,15.6,14.8,0.0,0.0,0.0,15.0,94.0,0.0,0.0,0.0,156.0,0.0,99980.0
2025-03-04 04:00:00,36.949496089064,36.0657652582062,0.0,2.0966666666666667,14.3,94,100,5.6,45,14.4,15.5,14.8,0.0,0.0,0.0,14.0,95.0,0.0,0.0,1.0,353.0,0.0,99850.0
2025-03-04 05:00:00,37.1176469959799,35.938931245986,0.0,2.101547619047619,13.9,97,100,4.3,34,14.2,15.4,14.8,0.0,0.0,0.0,14.0,95.0,0.0,0.0,1.0,36.0,0.0,99800.0
2025-03-04 06:00:00,36.9217719521214,35.4485239040479,0.0,2.1064285714285718,13.5,99,100,0.6,57,14.0,15.3,14.8,0.0,0.0,0.0,15.0,94.0,0.0,0.0,2.0,120.0,0.0,99790.0
2025-03-04 07:00:00,36.9045820413712,35.4298876935559,0.0,2.111309523809524,13.9,96,100,0.4,32,14.0,15.2,14.8,0.1,0.1,0.01,14.0,94.0,0.0,0.0,0.0,64.0,0.0,99830.0
2025-03-04 08:00:00,36.7585738409276,35.1249971379198,0.0,2.1161904761904764,14.5,94,100,4.0,261,14.3,15.1,14.8,0.3,0.3,0.03,15.0,94.0,708.0,0.0,2.0,10.0,0.0,99870.0
2025-03-04 09:00:00,36.6223584825643,35.3229347277571,0.0,2.1210714285714287,15.1,97,100,7.4,272,14.8,15.1,14.8,0.5,0.5,0.06,15.0,94.0,6128.0,0.0,0.0,252.0,0.0,99960.0
2025-03-04 10:00:00,36.5731618813774,35.3352003069767,0.0,2.125952380952381,15.8,92,99,5.6,265,15.4,15.1,14.8,0.8,0.8,0.12,16.0,93.0,16375.0,1.0,0.0,43.0,0.0,99960.0
2025-03-04 11:00:00,36.6422372813043,35.0454167644605,0.0,2.1308333333333334,17.5,75,72,4.0,266,16.7,15.2,14.8,0.4,0.4,0.29,16.0,92.0,12984.0,1.0,2.0,240.0,0.0,99940.0
2025-03-04 12:00:00,36.5148947297789,34.934665324857,20.254152839955694,2.1357142857142857,19.2,59,100,7.1,274,18.3,15.3,14.9,0.1,0.1,0.41,17.0,86.0,23452.0,1.0,2.0,278.0,0.0,99910.0
2025-03-04 13:00:00,36.2703666924946,34.6778894683706,0.0,2.1405952380952384,17.1,79,100,6.0,345,18.2,15.4,14.8,0.4,0.4,0.2,17.0,78.0,29784.0,2.0,0.0,249.0,0.0,99890.0
2025-03-04 14:00:00,36.3006841036627,34.5929758030276,0.0,2.1454761904761908,17.9,73,99,6.1,346,18.2,15.6,14.9,0.5,0.5,0.26,18.0,72.0,27316.0,2.0,2.0,240.0,0.0,99830.0
2025-03-04 15:00:00,35.8815549149353,34.5066572280304,0.0,2.150357142857143,17.6,71,63,6.2,337,17.9,15.7,14.9,0.2,0.2,0.17,19.0,64.0,40945.0,3.0,1.0,191.0,0.0,99760.0
2025-03-04 16:00:00,35.9237998602049,34.2666962245044,0.0,2.1552380952380954,17.8,66,42,2.3,322,18.0,15.8,14.9,0.1,0.1,0.18,18.0,76.0,14547.0,1.0,2.0,48.0,0.0,99740.0
2025-03-04 17:00:00,35.8574332329691,34.4413379354982,0.0,2.1601190476190477,17.6,68,14,4.5,170,17.8,16.0,14.9,0.1,0.1,0.12,17.0,80.0,14981.0,1.0,2.0,117.0,0.0,99760.0
2025-03-04 18:00:00,35.7572349775461,34.2763686856051,0.0,2.165,15.5,82,10,2.7,171,16.9,16.0,14.9,0.0,0.0,0.03,17.0,75.0,5654.0,0.0,0.0,125.0,0.0,99790.0
2025-03-04 19:00:00,35.6784389375511,34.1345565673832,0.0,2.1698809523809524,14.0,87,3,0.7,270,15.7,16.0,14.9,0.0,0.0,0.0,16.0,81.0,181.0,0.0,1.0,12.0,0.0,99820.0
2025-03-04 20:00:00,35.6867315749037,33.8907325521872,0.0,2.1747619047619047,13.2,88,12,0.4,330,14.6,15.9,14.9,0.0,0.0,0.0,16.0,88.0,0.0,0.0,2.0,12.0,0.0,99870.0
2025-03-04 21:00:00,35.5302238587401,33.9550959746779,0.0,2.1796428571428574,12.8,88,6,1.2,304,13.9,15.8,14.9,0.0,0.0,0.0,15.0,89.0,0.0,0.0,0.0,355.0,0.0,99890.0
2025-03-04 22:00:00,35.495734215074,33.9868862138352,0.0,2.1845238095238098,12.1,89,13,3.1,243,13.3,15.6,14.9,0.0,0.0,0.0,14.0,90.0,0.0,0.0,2.0,187.0,0.0,99890.0
2025-03-04 23:00:00,35.3826934289307,33.6648888358735,0.0,2.189404761904762,11.5,90,14,5.5,244,12.8,15.5,14.9,0.0,0.0,0.0,13.0,93.0,0.0,0.0,0.0,192.0,0.0,99910.0
2025-03-05 00:00:00,35.5115309608059,33.6469438679072,0.0,2.1942857142857144,11.2,93,19,5.9,248,12.5,15.3,14.9,0.0,0.0,0.0,13.0,93.0,0.0,0.0,0.0,182.0,0.0,99910.0
2025-03-05 01:00:00,35.2072123359279,33.7789645938782,0.0,2.1991666666666667,12.7,88,4,1.0,340,13.8,15.8,15.0,0.0,0.0,0.0,12.0,94.0,0.0,0.0,0.0,174.0,0.0,99890.0
2025-03-05 02:00:00,35.0677647877104,33.4411382378089,0.0,2.204047619047619,12.0,91,1,1.8,279,13.1,15.6,15.0,0.0,0.0,0.0,10.0,94.0,0.0,0.0,0.0,192.0,0.0,99850.0
2025-03-05 03:00:00,35.2105085019452,33.5296442223227,0.0,2.2089285714285714,11.7,90,7,1.1,90,12.5,15.4,15.0,0.0,0.0,0.0,11.0,94.0,0.0,0.0,1.0,156.0,0.0,99770.0
2025-03-05 04:00:00,35.2592427380957,33.4565842060908,0.0,2.213809523809524,11.4,91,26,0.4,54,12.0,15.2,15.0,0.0,0.0,0.0,10.0,93.0,0.0,0.0,1.0,102.0,0.0,99780.0
2025-03-05 05:00:00,35.1503197499467,33.5681281723282,0.0,2.2186904761904764,11.1,93,35,1.3,77,11.6,15.0,15.0,0.0,0.0,0.0,11.0,91.0,0.0,0.0,0.0,173.0,0.0,99750.0
2025-03-05 06:00:00,35.1289838752596,33.3503196332142,0.0,2.2235714285714288,10.9,94,11,1.8,18,11.4,14.8,15.0,0.0,0.0,0.0,12.0,92.0,0.0,0.0,0.0,186.0,0.0,99770.0
2025-03-05 07:00:00,34.9222461768011,33.5675733988509,0.0,2.228452380952381,11.0,94,30,1.3,13,11.2,14.6,15.0,0.0,0.0,0.01,12.0,90.0,0.0,0.0,0.0,162.0,0.0,99800.0
2025-03-05 08:00:00,35.1775846462771,33.4180877784144,0.0,2.2333333333333334,13.2,89,36,3.3,346,12.1,14.4,15.0,0.0,0.0,0.05,12.0,93.0,6177.0,0.0,0.0,216.0,0.0,99830.0
2025-03-05 09:00:00,35.026687579233,33.4185726207774,0.0,2.2382142857142857,15.3,81,5,4.3,318,13.6,14.3,15.0,0.0,0.0,0.15,14.0,88.0,14594.0,1.0,0.0,252.0,0.0,99860.0
2025-03-05 10:00:00,35.0101578320525,33.3276727199764,0.0,2.243095238095238,17.5,75,3,5.1,356,15.5,14.4,15.0,0.0,0.0,0.27,16.0,82.0,24351.0,1.0,0.0,246.0,0.0,99910.0
2025-03-05 11:00:00,35.1236264540163,33.2271112774172,0.0,2.247976190476191,19.6,67,13,8.3,357,17.4,14.5,15.0,0.0,0.0,0.37,17.0,74.0,40938.0,3.0,2.0,240.0,0.0,99920.0
2025-03-05 12:00:00,34.8308584770918,33.051704626771,0.0,2.252857142857143,19.6,67,32,9.5,2,18.8,14.8,15.0,0.0,0.0,0.39,18.0,69.0,31077.0,2.0,1.0,84.0,0.0,99880.0
2025-03-05 13:00:00,34.9590831423955,33.3126186209869,0.0,2.2577380952380954,22.4,50,41,2.1,196,19.5,15.2,15.0,0.0,0.0,0.4,19.0,70.0,42477.0,3.0,3.0,48.0,0.0,99810.0
2025-03-05 14:00:00,35.0277096241496,32.9308459362764,0.0,2.2626190476190478,20.6,63,65,15.4,71,20.1,15.5,15.0,0.9,0.9,0.36,18.0,75.0,24602.0,1.0,4.0,21.0,0.0,99790.0
2025-03-05 15:00:00,35.0156293545062,33.1321434101732,0.0,2.2675,19.5,67,74,5.7,352,20.0,15.7,15.0,0.2,0.2,0.3,18.0,82.0,13728.0,1.0,3.0,96.0,0.0,99760.0
2025-03-05 16:00:00,35.0337798059379,33.1492121046354,0.0,2.2723809523809524,19.0,70,78,11.4,30,19.4,16.0,15.0,0.0,0.0,0.18,17.0,78.0,17676.0,1.0,4.0,137.0,2.0,99670.0
2025-03-05 17:00:00,35.0586508654942,33.0838244937129,0.0,2.2772619047619047,18.4,73,88,1.1,108,19.0,16.2,15.0,0.3,0.3,0.1,17.0,82.0,5711.0,0.0,3.0,82.0,0.0,99680.0
2025-03-05 18:00:00,35.079651865967,33.0411220706202,0.0,2.2821428571428575,16.8,82,69,8.8,83,17.8,16.3,15.0,0.2,0.2,0.04,17.0,82.0,5627.0,0.0,0.0,200.0,0.0,99680.0
2025-03-05 19:00:00,34.8293651536624,32.9519165372032,0.0,2.28702380952381,15.3,89,45,2.6,67,16.7,16.3,15.0,0.0,0.0,0.01,17.0,68.0,0.0,0.0,6.0,120.0,0.0,99660.0
2025-03-05 20:00:00,34.8543828664027,33.0761419431074,0.0,2.291904761904762,14.6,91,79,9.9,275,15.7,16.3,15.0,0.0,0.0,0.0,17.0,71.0,0.0,0.0,2.0,91.0,0.0,99760.0
2025-03-05 21:00:00,34.7475209404701,32.9607581466936,0.0,2.2967857142857144,14.3,94,69,4.3,271,15.3,16.2,15.0,0.1,0.1,0.0,16.0,77.0,0.0,0.0,1.0,282.0,0.0,99860.0
2025-03-05 22:00:00,34.6963084348181,32.72446142959,0.0,2.3016666666666667,13.2,94,94,5.8,250,14.6,16.1,15.1,0.0,0.0,0.0,16.0,84.0,0.0,0.0,3.0,258.0,0.0,99940.0
2025-03-05 23:00:00,34.6751882228029,32.6981970402799,0.0,2.306547619047619,13.0,93,3,8.4,259,14.1,16.0,15.1,0.0,0.0,0.0,15.0,89.0,0.0,0.0,0.0,314.0,0.0,99980.0
2025-03-06 00:00:00,34.6077622673061,32.6692501367059,0.0,2.3114285714285714,12.6,94,5,6.9,254,13.7,15.8,15.1,0.0,0.0,0.0,15.0,90.0,0.0,0.0,1.0,182.0,0.0,99930.0
2025-03-06 01:00:00,34.5880428834353,32.5904382338313,0.0,2.316309523809524,12.0,95,19,3.3,177,14.4,15.6,15.1,0.0,0.0,0.0,14.0,93.0,0.0,0.0,0.0,167.0,0.0,99890.0
2025-03-06 02:00:00,34.5802577420453,32.6930775371536,0.0,2.3211904761904765,11.3,96,23,3.9,260,13.7,15.5,15.1,0.0,0.0,0.0,13.0,94.0,0.0,0.0,0.0,198.0,0.0,99890.0
2025-03-06 03:00:00,34.6607234170152,32.6897385682801,0.0,2.326071428571429,10.9,95,3,3.9,262,13.2,15.3,15.1,0.0,0.0,0.0,14.0,94.0,0.0,0.0,0.0,210.0,0.0,99850.0
2025-03-06 04:00:00,34.5778683258685,32.7177866475876,0.0,2.330952380952381,11.1,94,9,5.6,253,12.8,15.2,15.1,0.0,0.0,0.0,13.0,94.0,0.0,0.0,0.0,6.0,0.0,99790.0
2025-03-06 05:00:00,34.4562383737287,32.6967263408011,0.0,2.3358333333333334,10.8,93,14,4.1,255,12.5,15.0,15.1,0.0,0.0,0.0,12.0,95.0,0.0,0.0,0.0,171.0,0.0,99790.0
2025-03-06 06:00:00,34.436101574934,32.5703825856455,0.0,2.3407142857142857,10.8,91,10,2.0,277,12.0,14.8,15.1,0.0,0.0,0.0,12.0,96.0,0.0,0.0,0.0,186.0,0.0,99800.0
2025-03-06 07:00:00,34.4770554908279,32.7200299309837,0.0,2.345595238095238,11.1,90,6,2.5,282,11.8,14.7,15.1,0.0,0.0,0.01,12.0,96.0,184.0,0.0,0.0,78.0,0.0,99800.0
2025-03-06 08:00:00,34.4442937698686,32.705904289942,0.0,2.350476190476191,13.7,85,0,4.4,268,12.6,14.5,15.1,0.0,0.0,0.05,13.0,96.0,5003.0,0.0,0.0,144.0,0.0,99850.0
2025-03-06 09:00:00,34.3967629743893,32.5881700228879,0.0,2.355357142857143,16.2,78,11,4.7,293,14.2,14.5,15.1,0.0,0.0,0.16,14.0,92.0,11439.0,0.0,0.0,181.0,0.0,99900.0
2025-03-06 10:00:00,34.3449986985195,32.6302833020413,0.0,2.3602380952380955,18.0,72,25,7.9,312,15.9,14.5,15.1,0.0,0.0,0.27,16.0,87.0,17457.0,1.0,0.0,252.0,0.0,99910.0
2025-03-06 11:00:00,34.339300981107,32.4000040446644,0.0,2.365119047619048,19.4,64,71,6.6,314,17.7,14.7,15.1,0.0,0.0,0.37,16.5,84.5,27627.5,2.0,1.0,158.0,0.0,99910.0
2025-03-06 12:00:00,34.2472785719986,32.3121668117939,0.0,2.37,19.0,68,95,8.2,307,18.7,14.9,15.1,0.2,0.2,0.33,17.0,82.0,37798.0,3.0,2.0,64.0,0.0,99910.0
2025-03-06 13:00:00,34.2190862775402,32.2074928971265,0.0,2.3693452380952382,19.4,68,72,7.0,10,19.3,15.2,15.1,0.3,0.3,0.3,19.0,73.0,82807.0,6.0,1.0,120.0,0.0,99890.0
2025-03-06 14:00:00,34.1736185269985,32.1268343504819,0.0,2.3686904761904763,17.5,76,92,4.9,282,18.8,15.4,15.1,3.0,3.0,0.28,19.0,75.0,44557.0,3.0,3.0,36.0,0.0,99810.0
2025-03-06 15:00:00,34.0030904642523,31.9721752836185,0.0,2.3680357142857145,18.0,70,99,2.5,180,18.8,15.6,15.1,0.0,0.0,0.24,19.0,73.0,39380.0,3.0,3.0,358.0,0.0,99740.0
2025-03-06 16:00:00,33.8009553628776,32.0971786252105,0.0,2.3673809523809526,16.6,79,100,7.9,312,18.2,15.8,15.1,0.2,0.2,0.12,19.0,70.0,29092.0,3.0,4.0,358.0,0.0,99730.0
2025-03-06 17:00:00,33.8161220493514,31.88229438478,0.0,2.3667261904761907,15.3,84,100,8.7,246,17.2,15.9,15.1,3.1,3.1,0.08,18.0,78.0,11139.0,0.0,3.0,11.0,0.0,99770.0
2025-03-06 18:00:00,34.0815253549412,32.0011530908956,0.0,2.366071428571429,14.7,92,100,6.4,245,16.1,15.9,15.1,2.4,2.4,0.02,17.0,82.0,1284.0,0.0,3.0,330.0,0.0,99890.0
2025-03-06 19:00:00,34.5453157356705,32.8940404447033,0.0,2.365416666666667,14.3,93,100,8.0,265,15.4,15.9,15.1,0.3,0.3,0.02,14.0,83.0,113.0,0.0,4.0,173.0,13.0,100000.0
2025-03-06 20:00:00,36.9149794386692,36.7075333693935,0.0,2.364761904761905,13.7,92,98,9.7,253,14.7,15.8,15.1,0.3,0.3,0.0,13.0,93.0,0.0,0.0,2.0,264.0,15.0,100120.0
2025-03-06 21:00:00,37.539581258013,37.4115630173273,0.0,2.3641071428571427,13.7,89,100,11.0,247,14.3,15.7,15.1,0.2,0.2,0.0,12.0,95.0,0.0,0.0,2.0,258.0,38.0,100200.0
2025-03-06 22:00:00,37.3304022142405,36.933795102047,0.0,2.363452380952381,13.4,93,100,11.5,250,14.1,15.6,15.1,0.5,0.5,0.0,13.0,96.0,0.0,0.0,2.0,173.0,5.0,100290.0
2025-03-06 23:00:00,37.3786148351517,36.8563726925499,0.0,2.362797619047619,13.5,93,100,9.9,250,14.0,15.5,15.1,0.5,0.5,0.0,13.0,95.0,0.0,0.0,0.0,204.0,3.0,100320.0
2025-03-07 00:00:00,36.9931598549354,36.4931878919602,0.0,2.362142857142857,13.4,94,100,9.6,244,13.9,15.4,15.1,0.5,0.5,0.0,13.0,94.0,0.0,0.0,0.0,216.0,1.0,100300.0
2025-03-07 01:00:00,37.0089377579342,36.3392952740796,0.0,2.361488095238095,13.8,87,100,9.1,242,14.0,15.1,15.1,0.2,0.2,0.0,13.0,93.0,0.0,0.0,0.0,216.0,0.0,100280.0
2025-03-07 02:00:00,36.8917387445599,36.257342068789,0.0,2.3608333333333333,13.6,91,99,7.5,240,13.9,15.0,15.1,0.5,0.5,0.0,13.0,91.0,0.0,0.0,2.0,246.0,0.0,100250.0
2025-03-07 03:00:00,36.659641242332,35.8532154958581,0.0,2.3601785714285715,13.3,91,93,6.4,241,13.6,14.9,15.1,0.4,0.4,0.0,13.0,93.0,0.0,0.0,0.0,228.0,0.0,100220.0
2025-03-07 04:00:00,36.7710324245626,35.8834031340211,0.0,2.3595238095238096,13.3,84,100,6.4,232,13.4,14.8,15.1,0.1,0.1,0.0,13.0,93.0,0.0,0.0,2.0,282.0,0.0,100190.0
2025-03-07 05:00:00,36.7336412216208,35.6350333857916,0.0,2.3588690476190477,13.0,85,62,4.6,235,13.2,14.7,15.1,0.0,0.0,0.0,13.0,95.0,0.0,0.0,2.0,240.0,0.0,100180.0
2025-03-07 06:00:00,36.5430843179364,35.5671131812525,0.0,2.358214285714286,12.5,84,32,2.0,243,12.8,14.6,15.1,0.0,0.0,0.0,13.0,95.0,0.0,0.0,0.0,246.0,0.0,100180.0
2025-03-07 07:00:00,36.3664774972755,35.2824970825414,0.0,2.357559523809524,12.3,85,42,1.3,264,12.4,14.5,15.1,0.0,0.0,0.01,13.0,94.0,0.0,0.0,0.0,198.0,0.0,100190.0
2025-03-07 08:00:00,36.3589284938033,35.3859363543541,0.0,2.356904761904762,14.0,84,62,3.5,252,13.1,14.4,15.1,0.0,0.0,0.05,13.0,93.0,356.0,0.0,0.0,205.0,0.0,100190.0
2025-03-07 09:00:00,36.2252655279814,35.0487567207841,0.0,2.35625,15.8,77,100,2.7,247,14.3,14.4,15.1,0.0,0.0,0.14,13.0,92.0,6265.0,0.0,0.0,258.0,0.0,100230.0
2025-03-07 10:00:00,36.1732012718182,34.9574150355138,0.0,2.3555952380952383,17.4,68,99,2.2,298,15.9,14.4,15.1,0.0,0.0,0.27,14.0,86.0,20128.0,1.0,1.0,270.0,0.0,100260.0
2025-03-07 11:00:00,36.2169661791152,34.8933086428939,0.0,2.3549404761904764,18.8,61,100,3.5,284,17.6,14.6,15.1,0.0,0.0,0.38,16.0,81.0,30990.0,2.0,1.0,276.0,0.0,100230.0
2025-03-07 12:00:00,35.9520553658852,34.5603233640132,0.0,2.3542857142857145,20.2,54,100,4.5,287,19.0,14.9,15.1,0.0,0.0,0.43,18.0,66.0,71728.0,4.0,3.0,266.0,0.0,100200.0
2025-03-07 13:00:00,35.8498605262212,34.4647376854509,0.0,2.3536309523809527,20.4,51,100,6.1,267,19.2,15.3,15.1,0.0,0.0,0.32,19.0,62.0,48856.0,4.0,1.0,270.0,0.0,100140.0
2025-03-07 14:00:00,35.6155251547121,34.0385500531214,0.0,2.3529761904761903,20.5,50,100,6.0,295,19.6,15.5,15.1,0.0,0.0,0.32,19.0,62.0,50036.0,4.0,1.0,21.0,0.0,100040.0
2025-03-07 15:00:00,35.5485805285146,34.0464994656546,0.0,2.3523214285714285,19.5,63,97,8.8,20,19.6,15.8,15.1,0.0,0.0,0.26,19.0,64.0,28092.0,2.0,2.0,324.0,0.0,99980.0
2025-03-07 16:00:00,35.5757708643368,33.9501336559382,0.0,2.3516666666666666,18.4,72,7,10.6,42,19.4,16.0,15.1,0.0,0.0,0.21,18.0,80.0,66115.0,4.0,3.0,355.0,0.0,99910.0
2025-03-07 17:00:00,35.2397025556523,33.8732737915781,0.0,2.3510119047619047,17.6,73,0,10.1,54,18.8,16.2,15.1,0.0,0.0,0.15,19.0,77.0,51220.0,2.0,2.0,36.0,0.0,99840.0
2025-03-07 18:00:00,35.2779775010764,33.8059670645464,0.0,2.350357142857143,15.4,82,3,7.5,63,17.7,16.4,15.1,0.0,0.0,0.04,19.0,76.0,14009.0,1.0,2.0,38.0,0.0,99810.0
2025-03-07 19:00:00,35.0737942995263,33.6770565521721,0.0,2.349702380952381,13.4,90,0,4.7,81,16.4,16.4,15.2,0.0,0.0,0.02,18.0,80.0,2771.0,0.0,1.0,84.0,0.0,99830.0
2025-03-07 20:00:00,35.0016632374868,33.4987570266061,0.0,2.349047619047619,12.6,92,2,0.6,35,15.2,16.3,15.2,0.0,0.0,0.0,15.0,92.0,0.0,0.0,2.0,36.0,0.0,99830.0
2025-03-07 21:00:00,34.9799310436331,33.3224143808019,0.0,2.348392857142857,11.5,94,2,2.7,310,14.3,16.2,15.2,0.0,0.0,0.0,14.0,95.0,0.0,0.0,0.0,38.0,0.0,99850.0
2025-03-07 22:00:00,34.8822809685151,33.4406389933101,0.0,2.3477380952380953,11.1,89,0,2.7,218,13.6,16.0,15.2,0.0,0.0,0.0,13.0,96.0,0.0,0.0,0.0,182.0,0.0,99840.0
2025-03-07 23:00:00,34.9648932404552,33.4750210670726,0.0,2.3470833333333334,10.6,86,4,4.1,227,13.0,15.8,15.2,0.0,0.0,0.0,12.0,96.0,0.0,0.0,0.0,240.0,0.0,99840.0
2025-03-08 00:00:00,34.6204042487138,33.3036876291909,0.0,2.3464285714285715,10.1,85,11,4.4,211,12.6,15.6,15.2,0.0,0.0,0.0,12.0,97.0,0.0,0.0,0.0,198.0,0.0,99860.0
2025-03-08 01:00:00,34.7906818222814,33.2402038516354,0.0,2.3457738095238096,10.3,87,7,5.4,186,13.7,15.5,15.2,0.0,0.0,0.0,12.0,97.0,0.0,0.0,0.0,186.0,0.0,99830.0
2025-03-08 02:00:00,34.8139873720625,33.227880702389,0.0,2.3451190476190478,9.4,90,2,5.8,165,13.2,15.3,15.2,0.0,0.0,0.0,11.0,97.0,0.0,0.0,0.0,165.0,0.0,99760.0
2025-03-08 03:00:00,34.4182762084433,33.3033560856956,0.0,2.344464285714286,8.7,94,0,7.0,191,12.8,15.2,15.2,0.0,0.0,0.0,12.0,98.0,0.0,0.0,0.0,204.0,0.0,99690.0
2025-03-08 04:00:00,34.5743540376738,33.0217198787203,0.0,2.343809523809524,9.5,89,88,7.4,204,12.5,15.0,15.2,0.0,0.0,0.0,10.0,98.0,0.0,0.0,0.0,174.0,0.0,99600.0
2025-03-08 05:00:00,34.4684097570738,33.1981097591488,0.0,2.343154761904762,9.7,87,68,7.6,181,12.3,14.8,15.2,0.0,0.0,0.0,10.0,98.0,0.0,0.0,0.0,176.0,0.0,99520.0
2025-03-08 06:00:00,34.6286831311186,33.112961022519,0.0,2.3425,9.4,86,87,8.3,188,12.0,14.6,15.2,0.0,0.0,0.0,9.0,98.0,0.0,0.0,0.0,328.0,0.0,99480.0
2025-03-08 07:00:00,34.5909092415531,32.97696606221,0.0,2.341845238095238,10.1,78,36,8.6,195,11.8,14.5,15.2,0.0,0.0,0.03,8.0,98.0,0.0,0.0,0.0,174.0,0.0,99450.0
2025-03-08 08:00:00,34.5005962087089,32.9302369242618,0.0,2.341190476190476,14.6,65,47,9.5,195,12.5,14.3,15.2,0.0,0.0,0.08,8.0,98.0,1879.0,0.0,0.0,169.0,0.0,99400.0
2025-03-08 09:00:00,34.5739062313883,32.9953543888179,0.0,2.340535714285714,19.9,54,62,13.8,190,14.2,14.3,15.2,0.0,0.0,0.23,12.0,98.0,10266.0,1.0,0.0,101.0,0.0,99350.0
2025-03-08 10:00:00,34.5257899809705,32.8450266604457,0.0,2.3398809523809523,22.1,40,0,19.7,189,15.9,14.4,15.2,0.0,0.0,0.38,15.0,84.0,37296.0,2.0,3.0,284.0,0.0,99320.0
2025-03-08 11:00:00,34.5663706320506,32.6242140369876,0.0,2.3392261904761904,23.9,36,14,22.2,194,17.6,14.5,15.2,0.0,0.0,0.5,19.0,55.0,60857.0,5.0,2.0,252.0,0.0,99240.0
2025-03-08 12:00:00,34.2448946009461,32.6272879657624,0.0,2.3385714285714285,25.3,34,0,17.5,204,19.2,14.8,15.2,0.0,0.0,0.55,21.0,55.0,76653.0,6.0,4.0,282.0,0.0,99200.0
2025-03-08 13:00:00,34.1633628905723,32.3965926202798,0.0,2.3379166666666666,25.5,33,4,15.1,231,20.5,15.0,15.2,0.0,0.0,0.56,23.0,49.0,83868.0,6.0,4.0,300.0,0.0,99090.0
2025-03-08 14:00:00,33.9620547947238,31.9323901963417,0.0,2.3372619047619048,25.6,33,7,15.1,241,21.2,15.4,15.2,0.0,0.0,0.54,24.0,43.0,83721.0,6.0,1.0,294.0,0.0,98930.0
2025-03-08 15:00:00,33.8529284640066,32.1528160502601,0.0,2.336607142857143,24.0,40,54,17.7,277,21.3,15.7,15.2,0.0,0.0,0.44,25.0,35.0,77264.0,7.0,5.0,275.0,0.0,98810.0
2025-03-08 16:00:00,33.7378348779014,31.9163119657608,0.0,2.335952380952381,18.2,68,88,16.5,295,20.4,16.1,15.2,0.0,0.0,0.2,23.0,40.0,11008.0,0.0,4.0,255.0,0.0,98770.0
2025-03-08 17:00:00,33.6458851493726,32.0054968451461,0.0,2.335297619047619,16.2,79,99,10.5,320,19.0,16.3,15.2,0.9,0.9,0.1,17.0,73.0,14756.0,1.0,6.0,330.0,0.0,98980.0
2025-03-08 18:00:00,33.6637998173176,31.9096857296859,0.0,2.3346428571428572,15.1,85,100,3.5,308,17.5,16.4,15.2,0.2,0.2,0.03,17.0,76.0,7875.0,0.0,3.0,330.0,0.0,99110.0
2025-03-08 19:00:00,33.6772338983733,31.8973875556385,0.0,2.3339880952380954,14.5,93,86,6.9,48,16.5,16.4,15.2,0.2,0.2,0.02,15.0,81.0,751.0,0.0,2.0,12.0,0.0,99140.0
2025-03-08 20:00:00,33.6298663278263,31.8511397841162,0.0,2.3333333333333335,14.1,96,100,1.5,209,15.7,16.3,15.2,0.9,0.9,0.0,15.0,87.0,0.0,0.0,2.0,335.0,0.0,99280.0
2025-03-08 21:00:00,33.5986323325121,31.9966044926355,0.0,2.3326785714285716,13.9,95,100,3.9,210,15.2,16.3,15.2,0.8,0.8,0.0,13.0,87.0,0.0,0.0,2.0,246.0,5.0,99370.0
2025-03-08 22:00:00,34.7374375945995,32.9706482800385,0.0,2.3320238095238097,13.6,91,96,4.2,180,14.7,16.1,15.2,0.5,0.5,0.0,12.0,93.0,0.0,0.0,0.0,228.0,10.0,99390.0
2025-03-08 23:00:00,35.2745347643907,34.1611535049435,0.0,2.3313690476190474,13.5,83,100,10.0,192,14.3,16.0,15.2,0.1,0.1,0.01,12.0,95.0,0.0,0.0,0.0,246.0,13.0,99420.0
2025-03-09 00:00:00,35.2213606562334,34.2552208374787,0.0,2.3307142857142855,13.1,79,100,11.1,206,13.7,15.9,15.2,0.1,0.1,0.01,12.0,89.0,0.0,0.0,2.0,198.0,3.0,99400.0
2025-03-09 01:00:00,35.3928904407835,34.0132420121149,0.0,2.3300595238095236,13.1,86,100,2.4,200,13.7,15.8,15.2,0.0,0.0,0.0,12.0,93.0,0.0,0.0,0.0,186.0,2.0,99410.0
2025-03-09 02:00:00,35.4550826293299,34.1294048737047,0.0,2.3294047619047618,12.5,91,99,4.3,198,13.5,15.6,15.2,0.4,0.4,0.0,12.0,94.0,0.0,0.0,2.0,192.0,0.0,99360.0
2025-03-09 03:00:00,35.21206675995,34.2086298721801,0.0,2.32875,12.4,82,12,8.1,203,13.1,15.5,15.3,0.0,0.0,0.0,12.0,94.0,0.0,0.0,1.0,204.0,0.0,99350.0
2025-03-09 04:00:00,35.2021618676923,33.9613899891125,0.0,2.328095238095238,11.7,79,61,11.9,218,12.5,15.3,15.3,0.0,0.0,0.01,11.0,92.0,0.0,0.0,1.0,270.0,0.0,99350.0
2025-03-09 05:00:00,35.1511806359697,33.9718716082888,0.0,2.327440476190476,11.6,77,95,12.0,224,12.1,15.1,15.3,0.0,0.0,0.02,10.0,94.0,0.0,0.0,0.0,204.0,0.0,99320.0
2025-03-09 06:00:00,35.3145825643083,33.9847575695012,0.0,2.3267857142857142,11.8,72,83,17.0,223,11.9,14.9,15.3,0.0,0.0,0.04,10.0,94.0,0.0,0.0,0.0,344.0,0.0,99340.0
2025-03-09 07:00:00,35.2925010835136,33.8592264229635,0.0,2.3261309523809524,12.5,65,44,23.1,223,12.0,14.7,15.3,0.0,0.0,0.09,10.0,90.0,0.0,0.0,0.0,192.0,0.0,99380.0
2025-03-09 08:00:00,35.3191744641206,33.8667402616793,0.0,2.3254761904761905,13.6,60,17,26.9,221,12.5,14.6,15.3,0.0,0.0,0.13,11.0,83.0,5880.0,0.0,1.0,252.0,0.0,99400.0
2025-03-09 09:00:00,35.3959679483328,33.713187814674,0.0,2.3248214285714286,15.4,55,7,27.9,215,13.6,14.5,15.3,0.0,0.0,0.22,14.0,73.0,22875.0,1.0,4.0,270.0,0.0,99430.0
2025-03-09 10:00:00,34.9817939135434,33.4992549648907,0.0,2.3241666666666667,16.6,50,15,29.2,218,14.8,14.5,15.2,0.0,0.0,0.31,15.0,62.0,49676.0,4.0,5.0,246.0,0.0,99460.0
2025-03-09 11:00:00,35.1397866175155,33.4637617283417,0.0,2.323511904761905,17.5,47,30,28.6,225,16.1,14.6,15.2,0.0,0.0,0.38,16.0,56.0,67522.0,5.0,7.0,276.0,0.0,99430.0
2025-03-09 12:00:00,34.8436159327368,33.1446339632352,0.0,2.322857142857143,17.9,46,18,30.0,228,16.9,14.7,15.2,0.3,0.3,0.41,17.0,52.0,80722.0,7.0,4.0,252.0,0.0,99390.0
2025-03-09 13:00:00,34.7455484071373,33.0223209041597,0.0,2.322202380952381,18.4,43,16,31.6,232,17.5,14.9,15.2,0.0,0.0,0.42,18.0,45.0,85473.0,7.0,8.0,270.0,0.0,99340.0
2025-03-09 14:00:00,34.4757070705091,32.9997857881705,0.0,2.321547619047619,19.1,41,15,29.6,236,18.1,15.1,15.2,0.0,0.0,0.43,19.0,45.0,81084.0,7.0,8.0,250.0,0.0,99270.0
2025-03-09 15:00:00,34.2675293548439,32.7639993464702,0.0,2.3208928571428573,18.8,41,36,18.5,261,18.5,15.3,15.2,0.0,0.0,0.38,19.0,37.0,68211.0,5.0,9.0,240.0,0.0,99230.0
2025-03-09 16:00:00,34.2705439190621,32.482613617608,0.0,2.320238095238095,18.6,42,22,11.6,256,18.4,15.5,15.2,0.0,0.0,0.28,18.0,51.0,45683.0,2.0,10.0,355.0,0.0,99260.0
2025-03-09 17:00:00,34.1201828218806,32.3640113058558,0.0,2.319583333333333,17.6,49,100,6.5,237,17.9,15.7,15.2,0.0,0.0,0.15,17.0,62.0,25827.0,1.0,3.0,27.0,0.0,99260.0
2025-03-09 18:00:00,34.2900642224585,32.3465331582726,0.0,2.3189285714285712,15.3,57,98,4.8,233,16.8,15.8,15.3,0.0,0.0,0.05,15.0,66.0,5261.0,0.0,2.0,86.0,0.0,99300.0
2025-03-09 19:00:00,34.1729027990995,32.2801448179654,0.0,2.3182738095238093,14.5,57,98,7.4,240,15.8,15.8,15.3,0.0,0.0,0.06,13.0,78.0,404.0,0.0,2.0,81.0,0.0,99320.0
2025-03-09 20:00:00,34.1605916735159,32.2859095243528,0.0,2.3176190476190475,13.2,64,99,6.2,231,15.1,15.8,15.3,0.0,0.0,0.02,12.0,81.0,0.0,0.0,0.0,166.0,0.0,99300.0
2025-03-09 21:00:00,34.195458344714,32.2246998847267,0.0,2.3169642857142856,12.7,70,92,3.3,225,14.5,15.7,15.3,0.0,0.0,0.0,11.0,88.0,0.0,0.0,0.0,258.0,0.0,99330.0
2025-03-09 22:00:00,33.9655947876797,32.2591306870557,0.0,2.3163095238095237,11.6,72,99,5.3,190,13.9,15.6,15.3,0.0,0.0,0.0,11.0,91.0,0.0,0.0,0.0,186.0,0.0,99320.0
2025-03-09 23:00:00,33.842227199254,32.292575914843,0.0,2.315654761904762,11.9,70,98,6.6,213,13.6,15.4,15.3,0.0,0.0,0.01,11.0,89.0,0.0,0.0,1.0,339.0,0.0,99290.0
2025-03-10 00:00:00,33.8696710792482,32.2355702441024,0.0,2.315,12.2,68,90,7.3,247,13.4,15.3,15.3,0.0,0.0,0.02,12.0,83.0,0.0,0.0,0.0,258.0,0.0,99270.0
2025-03-10 01:00:00,33.9607372469829,32.1441925826976,0.0,2.314345238095238,12.5,77,60,5.3,208,13.7,15.2,15.3,1.4,1.4,0.0,12.0,81.0,0.0,0.0,1.0,210.0,0.0,99290.0
2025-03-10 02:00:00,34.0841861467157,32.2779244832966,0.0,2.313690476190476,12.3,77,82,8.9,219,13.1,15.0,15.3,1.0,1.0,0.01,13.0,81.0,0.0,0.0,1.0,158.0,0.0,99250.0
2025-03-10 03:00:00,33.8586514104291,32.0221475483835,0.0,2.3130357142857143,12.6,77,99,14.6,195,12.7,14.9,15.3,1.8,1.8,0.02,12.0,87.0,0.0,0.0,0.0,186.0,0.0,99190.0
2025-03-10 04:00:00,33.8972033624875,32.1215028814748,0.0,2.3123809523809524,13.5,69,100,17.1,212,12.6,14.8,15.3,0.0,0.0,0.05,13.0,76.0,0.0,0.0,1.0,252.0,0.0,99160.0
2025-03-10 05:00:00,33.8784584785671,32.0286271040616,0.0,2.3117261904761905,14.0,63,100,23.2,216,12.6,14.6,15.3,0.0,0.0,0.08,14.0,69.0,0.0,0.0,4.0,222.0,0.0,99140.0
2025-03-10 06:00:00,33.7741881731238,32.0272258298373,0.0,2.3110714285714287,14.2,64,85,23.0,215,12.9,14.5,15.3,0.0,0.0,0.07,14.0,69.0,0.0,0.0,3.0,264.0,0.0,99230.0
2025-03-10 07:00:00,33.8822737034903,31.9629773783375,0.0,2.310416666666667,14.4,63,19,21.3,217,13.1,14.4,15.3,0.0,0.0,0.09,14.0,73.0,74.0,0.0,2.0,276.0,0.0,99280.0
2025-03-10 08:00:00,33.6072124431938,31.9522279143028,0.0,2.309761904761905,15.2,61,10,21.8,219,13.6,14.4,15.3,0.0,0.0,0.13,13.0,75.0,3914.0,0.0,4.0,264.0,0.0,99330.0
2025-03-10 09:00:00,33.5599674804414,31.8741712718528,0.0,2.3091071428571426,16.9,57,9,24.5,222,14.6,14.4,15.3,0.0,0.0,0.22,17.0,63.0,31695.0,1.0,4.0,252.0,0.0,99380.0
2025-03-10 10:00:00,33.6425815914179,31.7333035692001,0.0,2.3084523809523807,17.9,53,5,27.7,222,15.7,14.4,15.3,0.0,0.0,0.31,18.0,56.0,51152.0,4.0,2.0,246.0,0.0,99420.0
2025-03-10 11:00:00,33.4918812813461,31.6050743976493,0.0,2.307797619047619,18.8,49,7,27.9,225,16.8,14.6,15.3,0.0,0.0,0.39,18.0,51.0,77136.0,6.0,4.0,240.0,0.0,99460.0
2025-03-10 12:00:00,33.4755860562747,31.5727759907776,0.0,2.307142857142857,19.8,46,6,26.8,228,17.9,14.8,15.3,0.0,0.0,0.45,20.0,45.0,84449.0,7.0,8.0,240.0,0.0,99470.0
2025-03-10 13:00:00,33.2227450837043,31.4426820537472,0.0,2.306488095238095,20.5,42,4,26.8,237,18.7,14.9,15.2,0.0,0.0,0.48,21.0,43.0,86316.0,8.0,7.0,252.0,0.0,99480.0
2025-03-10 14:00:00,33.1415345655895,31.4098312841629,0.0,2.305833333333333,21.0,41,14,23.6,236,19.4,15.2,15.2,0.0,0.0,0.47,21.0,41.0,81454.0,5.0,7.0,269.0,0.0,99440.0
2025-03-10 15:00:00,32.9281293210306,31.1952701811878,0.0,2.3051785714285713,20.9,40,42,22.5,237,19.5,15.5,15.2,0.0,0.0,0.41,21.0,36.0,68958.0,3.0,6.0,276.0,0.0,99390.0
2025-03-10 16:00:00,33.0414573300107,31.0573586508683,0.0,2.3045238095238094,20.6,42,54,14.4,239,19.3,15.8,15.3,0.0,0.0,0.29,22.0,34.0,43769.0,2.0,5.0,258.0,0.0,99390.0
2025-03-10 17:00:00,32.8872331533309,31.069190426938,0.0,2.3038690476190475,19.7,44,71,12.7,232,18.8,16.0,15.3,0.0,0.0,0.21,18.0,60.0,23968.0,1.0,4.0,36.0,0.0,99400.0
2025-03-10 18:00:00,32.9123776743764,30.741109958566,0.0,2.3032142857142857,18.1,46,99,13.6,214,17.8,16.1,15.3,0.0,0.0,0.12,17.0,64.0,3288.0,0.0,2.0,72.0,0.0,99500.0
2025-03-10 19:00:00,32.6042545288441,30.8204929151917,0.0,2.302559523809524,18.3,46,46,21.6,220,17.3,16.2,15.3,0.0,0.0,0.15,15.0,74.0,132.0,0.0,2.0,54.0,0.0,99530.0
2025-03-10 20:00:00,32.6795899427744,31.0174305834159,0.0,2.301904761904762,16.8,55,83,21.9,216,16.7,16.2,15.3,0.0,0.0,0.1,15.0,67.0,0.0,0.0,0.0,216.0,0.0,99580.0
2025-03-10 21:00:00,32.8177900521357,31.0841544215091,0.0,2.30125,16.2,58,98,21.2,218,16.2,16.2,15.3,0.0,0.0,0.09,15.0,66.0,0.0,0.0,2.0,270.0,0.0,99680.0
2025-03-10 22:00:00,32.646582237227,30.9767126242535,0.0,2.300595238095238,16.2,59,83,21.5,213,15.9,16.2,15.3,0.0,0.0,0.09,16.0,66.0,0.0,0.0,0.0,262.0,0.0,99680.0
2025-03-10 23:00:00,32.9033994039536,30.8698403573041,0.0,2.2999404761904763,15.8,62,89,20.2,215,15.6,16.1,15.3,0.0,0.0,0.08,15.0,73.0,0.0,0.0,0.0,282.0,0.0,99700.0
2025-03-11 00:00:00,32.724406928686,30.9005757824403,0.0,2.2992857142857144,15.9,63,90,21.6,216,15.5,16.1,15.3,0.0,0.0,0.08,17.0,59.0,0.0,0.0,4.0,258.0,0.0,99680.0
2025-03-11 01:00:00,32.507422160804,30.7086053287696,0.0,2.2986309523809525,15.5,66,44,19.4,216,15.8,16.1,15.3,0.0,0.0,0.06,14.0,72.0,0.0,0.0,3.0,288.0,0.0,99670.0
2025-03-11 02:00:00,32.7812994065322,30.7322710562599,0.0,2.29797619047619,15.5,65,80,22.2,217,15.5,16.1,15.3,0.0,0.0,0.07,14.0,76.0,0.0,0.0,1.0,258.0,0.0,99690.0
2025-03-11 03:00:00,32.7743566627028,30.7480844964984,0.0,2.2973214285714283,15.8,65,89,24.5,219,15.4,16.0,15.3,0.0,0.0,0.08,14.0,77.0,0.0,0.0,2.0,245.0,0.0,99640.0
2025-03-11 04:00:00,32.5894932237687,30.7630834930905,0.0,2.2966666666666664,15.8,63,65,25.2,224,15.2,15.9,15.3,0.0,0.0,0.09,14.0,81.0,0.0,0.0,3.0,282.0,0.0,99580.0
2025-03-11 05:00:00,32.3372901783124,30.8122385155873,0.0,2.2960119047619045,15.6,63,67,24.5,224,15.1,15.9,15.3,0.0,0.0,0.08,15.0,76.0,0.0,0.0,2.0,270.0,0.0,99570.0
2025-03-11 06:00:00,32.5480508180294,30.6380811618825,0.0,2.2953571428571427,15.9,62,72,24.1,224,15.1,15.8,15.3,0.0,0.0,0.09,16.0,58.0,0.0,0.0,4.0,240.0,0.0,99570.0
2025-03-11 07:00:00,32.372443550866,30.6940367652834,0.0,2.2947023809523808,16.7,59,27,27.8,224,15.2,15.8,15.3,0.0,0.0,0.13,15.0,67.0,376.0,0.0,3.0,318.0,0.0,99610.0
2025-03-11 08:00:00,32.5630727089665,30.6296484661486,0.0,2.294047619047619,17.5,58,43,28.5,228,15.6,15.7,15.3,0.0,0.0,0.16,17.0,57.0,7092.0,0.0,7.0,239.0,0.0,99640.0
2025-03-11 09:00:00,32.4847940066662,30.440744599935,0.0,2.293392857142857,18.4,57,25,27.4,225,16.3,15.7,15.3,0.0,0.0,0.23,17.0,59.0,14318.0,1.0,4.0,258.0,0.0,99690.0
2025-03-11 10:00:00,32.4144992308221,30.4699458376908,0.0,2.292738095238095,19.4,55,100,24.3,226,17.2,15.8,15.3,0.0,0.0,0.29,20.0,48.0,53335.0,2.0,8.0,264.0,0.0,99670.0
2025-03-11 11:00:00,32.4178494494168,30.4065534540141,0.0,2.2920833333333333,18.9,57,100,20.9,225,17.3,15.9,15.4,0.0,0.0,0.2,21.0,48.0,75688.0,5.0,5.0,212.0,0.0,99650.0
2025-03-11 12:00:00,32.1459830821147,30.1038908775187,0.0,2.2914285714285714,18.9,59,100,17.1,225,17.4,16.0,15.4,0.0,0.0,0.17,21.0,46.0,22259.0,2.0,5.0,228.0,0.0,99590.0
2025-03-11 13:00:00,32.015407438466,30.223031281414,0.0,2.2907738095238095,20.2,49,100,18.7,223,17.9,16.1,15.4,0.0,0.0,0.21,21.0,49.0,32398.0,2.0,6.0,218.0,0.0,99560.0
2025-03-11 14:00:00,32.0261095222069,29.9489402007976,0.0,2.2901190476190476,18.7,61,98,15.9,234,17.7,16.2,15.4,0.4,0.4,0.18,22.0,48.0,70051.0,5.0,7.0,258.0,0.0,99490.0
2025-03-11 15:00:00,31.8224945911498,29.9794797479264,0.0,2.2894642857142857,18.2,66,100,25.5,226,17.5,16.3,15.4,1.4,1.4,0.2,20.0,59.0,13080.0,1.0,4.0,245.0,0.0,99460.0
2025-03-11 16:00:00,31.7485878207933,30.0153268846439,0.0,2.288809523809524,16.7,75,100,17.9,221,16.5,16.3,15.4,2.7,2.7,0.09,18.5,68.5,12787.0,1.0,3.5,247.5,0.5,99455.0
2025-03-11 17:00:00,31.7731652646684,30.0302537064479,0.0,2.288154761904762,17.0,72,100,18.1,228,16.1,16.3,15.4,1.9,1.9,0.1,17.0,78.0,12494.0,1.0,3.0,250.0,1.0,99450.0
2025-03-11 18:00:00,31.8798205525024,29.9283855105568,0.0,2.2874999999999996,15.6,85,100,24.4,237,15.5,16.3,15.4,1.5,1.5,0.05,17.0,78.0,5542.0,0.0,4.0,258.0,0.0,99480.0
2025-03-11 19:00:00,31.7305056261542,29.852802938892,0.0,2.2868452380952378,15.1,86,100,19.0,230,15.1,16.2,15.4,2.3,2.3,0.04,14.0,89.0,1883.0,0.0,2.0,335.0,0.0,99570.0
2025-03-11 20:00:00,31.6753339943286,29.708054776517,0.0,2.286190476190476,15.8,78,99,20.9,217,14.9,16.1,15.4,0.2,0.2,0.04,15.0,92.0,0.0,0.0,0.0,198.0,1.0,99600.0
2025-03-11 21:00:00,31.7458889500389,29.9769541016042,0.0,2.285535714285714,15.7,78,100,16.7,225,14.8,16.0,15.4,0.0,0.0,0.03,15.0,93.0,0.0,0.0,1.0,6.0,1.0,99600.0
2025-03-11 22:00:00,31.8562488022949,29.8351677428941,0.0,2.284880952380952,15.6,76,0,16.4,227,14.7,15.9,15.4,0.0,0.0,0.03,14.0,93.0,0.0,0.0,0.0,222.0,0.0,99680.0
2025-03-11 23:00:00,31.9053585641267,29.8261890565136,0.0,2.2842261904761902,14.0,84,17,10.3,230,14.3,15.8,15.4,0.0,0.0,0.01,14.0,93.0,0.0,0.0,2.0,292.0,0.0,99680.0
2025-03-12 00:00:00,31.6226990127976,30.0286567115723,0.0,2.2835714285714284,13.5,85,15,11.3,230,14.0,15.6,15.4,0.0,0.0,0.01,15.0,92.0,0.0,0.0,2.0,312.0,0.0,99700.0
2025-03-12 01:00:00,31.6876069370695,29.8647534562862,0.0,2.2829166666666665,12.9,90,18,6.5,249,14.2,15.9,15.4,0.0,0.0,0.0,14.0,94.0,0.0,0.0,1.0,276.0,0.0,99700.0
2025-03-12 02:00:00,31.8213583664206,29.9095576524418,0.0,2.2822619047619046,12.7,89,26,8.0,226,13.7,15.8,15.4,0.0,0.0,0.0,14.0,94.0,0.0,0.0,0.0,205.0,0.0,99700.0
2025-03-12 03:00:00,31.7925986988245,29.8873819625019,0.0,2.2816071428571427,12.4,86,25,9.3,227,13.3,15.6,15.4,0.0,0.0,0.0,13.0,94.0,0.0,0.0,0.0,210.0,0.0,99700.0
2025-03-12 04:00:00,31.8389456826951,29.9827933638321,0.0,2.280952380952381,12.1,84,34,8.7,225,13.0,15.4,15.5,0.0,0.0,0.0,13.0,95.0,0.0,0.0,0.0,252.0,0.0,99690.0
2025-03-12 05:00:00,31.9680961810914,29.9787136400572,0.0,2.280297619047619,11.3,88,31,6.6,236,12.6,15.3,15.5,0.0,0.0,0.0,14.0,93.0,0.0,0.0,0.0,198.0,0.0,99690.0
2025-03-12 06:00:00,31.7857557057312,30.1561872086676,0.0,2.279642857142857,11.1,89,40,5.8,232,12.3,15.1,15.5,0.0,0.0,0.0,13.0,89.0,0.0,0.0,0.0,216.0,0.0,99700.0
2025-03-12 07:00:00,31.8005955921728,30.1580767909255,0.0,2.278988095238095,11.6,88,59,6.1,226,12.2,14.9,15.4,0.0,0.0,0.02,12.0,90.0,0.0,0.0,1.0,169.0,0.0,99740.0
2025-03-12 08:00:00,31.8001550246001,29.9597581205364,0.0,2.2783333333333333,14.0,83,78,6.7,226,13.0,14.8,15.4,0.1,0.1,0.06,12.0,86.0,1284.0,0.0,0.0,228.0,0.0,99770.0
2025-03-12 09:00:00,31.8432724430675,30.0086085449106,0.0,2.2776785714285714,16.1,73,98,6.7,222,14.3,14.7,15.4,0.0,0.0,0.16,14.0,84.0,10374.0,0.0,2.0,276.0,0.0,99840.0
2025-03-12 10:00:00,31.5502564029433,30.0111132149771,0.0,2.2770238095238096,17.8,64,100,11.0,219,15.8,14.7,15.4,0.0,0.0,0.27,16.0,77.0,39897.0,2.0,3.0,258.0,0.0,99880.0
2025-03-12 11:00:00,31.7630591410505,29.9262899630522,0.0,2.2763690476190472,18.9,55,100,16.0,238,16.8,14.9,15.4,0.0,0.0,0.3,17.0,70.0,81003.0,7.0,3.0,312.0,0.0,99880.0
2025-03-12 12:00:00,31.6809203809287,29.7527646204438,0.0,2.2757142857142854,19.9,53,99,14.0,237,17.6,15.0,15.4,0.0,0.0,0.32,18.0,65.0,54543.0,4.0,3.0,284.0,0.0,99880.0
2025-03-12 13:00:00,31.5231371150925,29.9303647478729,0.0,2.2750595238095235,21.3,46,100,11.5,268,18.6,15.3,15.4,0.0,0.0,0.28,19.0,62.0,75806.0,6.0,4.0,292.0,0.0,99800.0
2025-03-12 14:00:00,31.8674873679659,29.8443084610556,0.0,2.2744047619047616,20.1,50,99,9.3,249,18.7,15.5,15.4,0.0,0.0,0.23,20.0,60.0,65355.0,5.0,2.0,270.0,0.0,99680.0
2025-03-12 15:00:00,31.5559298922993,29.6767193977257,0.0,2.2737499999999997,20.5,54,100,9.9,239,19.2,15.7,15.4,0.0,0.0,0.29,20.0,61.0,55956.0,4.0,4.0,294.0,0.0,99580.0
2025-03-12 16:00:00,31.4196289863335,29.7077322256515,0.0,2.273095238095238,20.2,57,100,9.6,263,19.0,15.9,15.4,0.0,0.0,0.19,20.0,57.0,11013.0,1.0,3.0,274.0,0.0,99520.0
2025-03-12 17:00:00,31.7168471331051,29.6494539334951,0.0,2.272440476190476,17.9,76,99,3.2,288,18.2,16.1,15.4,0.4,0.4,0.08,17.0,68.0,17012.0,1.0,3.0,30.0,0.0,99510.0
2025-03-12 18:00:00,31.5433133972779,29.6844465742788,0.0,2.271785714285714,16.0,87,79,2.7,280,17.4,16.2,15.4,0.0,0.0,0.03,16.0,76.0,7647.0,0.0,2.0,48.0,0.0,99510.0
2025-03-12 19:00:00,31.3982080935936,29.3358227047075,0.0,2.271130952380952,14.8,89,57,1.3,234,16.2,16.2,15.5,0.0,0.0,0.02,16.0,79.0,3420.0,0.0,2.0,132.0,0.0,99500.0
2025-03-12 20:00:00,31.3603920491191,29.4652228560768,0.0,2.2704761904761903,14.2,88,29,3.6,232,15.3,16.2,15.5,0.0,0.0,0.0,15.0,86.0,0.0,0.0,0.0,349.0,0.0,99610.0
2025-03-12 21:00:00,31.4275041124691,29.5741472025439,0.0,2.2698214285714284,13.7,86,41,3.5,241,14.6,16.1,15.5,0.0,0.0,0.0,15.0,81.0,0.0,0.0,2.0,228.0,0.0,99480.0
2025-03-12 22:00:00,31.4792547799646,29.4155706869544,0.0,2.2691666666666666,13.4,87,63,0.5,226,14.0,15.9,15.5,0.0,0.0,0.0,16.0,80.0,0.0,0.0,2.0,290.0,0.0,99560.0
2025-03-12 23:00:00,31.4885033789232,29.4680634814432,0.0,2.2685119047619047,13.6,83,31,8.1,217,13.5,15.8,15.5,0.0,0.0,0.0,15.0,81.0,0.0,0.0,2.0,252.0,0.0,99550.0
2025-03-13 00:00:00,31.1373341022352,29.4499488776424,0.0,2.267857142857143,15.3,72,37,13.5,228,13.6,15.6,15.5,0.0,0.0,0.03,15.0,84.0,0.0,0.0,0.0,222.0,0.0,99530.0
2025-03-13 01:00:00,31.198128680699,29.4042141363404,0.0,2.267202380952381,16.2,67,99,20.4,224,15.2,15.7,15.5,0.0,0.0,0.07,17.0,66.0,0.0,0.0,4.0,216.0,0.0,99430.0
2025-03-13 02:00:00,31.4249636668031,29.5293463857515,0.0,2.266547619047619,16.5,67,51,19.7,224,15.2,15.7,15.5,0.0,0.0,0.07,15.0,83.0,0.0,0.0,2.0,314.0,0.0,99400.0
2025-03-13 03:00:00,31.2663071213265,29.5695352767376,0.0,2.265892857142857,16.5,66,93,22.8,220,15.1,15.7,15.5,0.0,0.0,0.08,14.0,85.0,0.0,0.0,1.0,192.0,0.0,99330.0
2025-03-13 04:00:00,31.2758358715066,29.4648513332431,0.0,2.265238095238095,16.1,67,91,14.7,205,15.1,15.6,15.5,0.0,0.0,0.05,14.0,85.0,0.0,0.0,2.0,222.0,0.0,99190.0
2025-03-13 05:00:00,31.2389300456307,29.3860655640725,0.0,2.264583333333333,16.1,66,60,13.2,210,15.1,15.6,15.5,0.0,0.0,0.05,14.0,86.0,0.0,0.0,3.0,245.0,0.0,99130.0
2025-03-13 06:00:00,31.2929483548511,29.4970901694408,0.0,2.263928571428571,15.4,71,26,11.2,227,14.9,15.5,15.5,0.0,0.0,0.03,13.0,90.0,0.0,0.0,2.0,303.0,3.0,99030.0
2025-03-13 07:00:00,31.3076679836888,29.5575026647703,0.0,2.263273809523809,14.3,78,30,8.7,222,14.5,15.5,15.5,0.0,0.0,0.03,13.0,91.0,0.0,0.0,2.0,185.0,0.0,99010.0
2025-03-13 08:00:00,31.338248125294,29.3900763000966,0.0,2.2626190476190473,16.8,71,17,12.3,221,15.0,15.4,15.5,0.0,0.0,0.09,14.0,87.0,474.0,0.0,2.0,270.0,0.0,99000.0
2025-03-13 09:00:00,31.3492556237855,29.4650924098055,0.0,2.2619642857142854,19.5,58,37,17.0,225,16.1,15.5,15.5,0.0,0.0,0.23,14.0,86.0,7456.0,0.0,1.0,206.0,0.0,99080.0
2025-03-13 10:00:00,31.2842837083768,29.474135666903,0.0,2.2613095238095235,20.8,53,18,21.2,220,17.4,15.5,15.5,0.0,0.0,0.33,16.0,81.0,25972.0,1.0,2.0,279.0,0.0,99070.0
2025-03-13 11:00:00,31.1850510900559,29.4743827845262,0.0,2.2606547619047617,21.5,48,27,25.7,227,18.6,15.7,15.5,0.0,0.0,0.42,18.0,72.0,19183.0,1.0,1.0,240.0,0.0,99020.0
2025-03-13 12:00:00,31.145285965542,29.4200440848248,0.0,2.26,21.3,44,43,35.6,237,19.3,15.9,15.5,0.1,0.1,0.46,21.0,54.0,64659.0,5.0,7.0,282.0,0.0,98960.0
2025-03-13 13:00:00,31.3157074871452,29.2633464249605,0.0,2.257738095238095,21.2,50,13,33.7,230,19.4,16.0,15.5,0.1,0.1,0.43,20.0,59.0,47113.0,3.0,4.0,246.0,0.0,98900.0
2025-03-13 14:00:00,30.9928373917213,29.2479515152411,0.0,2.25547619047619,22.3,41,26,34.2,236,20.0,16.3,15.5,0.0,0.0,0.49,21.0,50.0,34946.0,2.0,6.0,252.0,0.0,98850.0
2025-03-13 15:00:00,30.9576158195324,29.2036478667123,0.0,2.2532142857142854,22.0,42,43,28.8,243,20.2,16.5,15.5,0.1,0.1,0.43,21.0,52.0,64382.0,5.0,6.0,258.0,0.0,98820.0
2025-03-13 16:00:00,30.8753170716469,29.0639653125424,0.0,2.2509523809523806,20.5,45,1,19.1,244,19.9,16.7,15.5,0.2,0.2,0.31,21.0,46.0,22859.0,1.0,8.0,250.0,0.0,98830.0
2025-03-13 17:00:00,30.8123934719567,28.8534637485545,0.0,2.248690476190476,19.9,48,6,12.5,250,19.3,16.9,15.5,0.0,0.0,0.2,20.0,55.0,15344.0,1.0,2.0,256.0,0.0,98820.0
2025-03-13 18:00:00,30.9947748629231,29.0232661852934,0.0,2.246428571428571,16.8,62,5,5.8,239,18.2,17.0,15.5,0.0,0.0,0.06,21.0,47.0,14245.0,1.0,7.0,260.0,0.0,98890.0
2025-03-13 19:00:00,30.8052106215252,29.0393095921744,0.0,2.2441666666666666,15.4,63,7,1.4,235,16.8,17.0,15.5,0.0,0.0,0.02,19.0,49.0,2397.0,0.0,2.0,291.0,0.0,98880.0
2025-03-13 20:00:00,30.6820310866127,28.9033151996969,0.0,2.241904761904762,14.2,67,4,0.6,232,15.6,16.9,15.5,0.0,0.0,0.0,16.0,61.0,0.0,0.0,0.0,173.0,0.0,98950.0
2025-03-13 21:00:00,30.9570076863623,28.7293859484278,0.0,2.239642857142857,12.8,72,7,3.4,167,14.7,16.7,15.6,0.0,0.0,0.0,17.0,55.0,0.0,0.0,1.0,211.0,0.0,99000.0
2025-03-13 22:00:00,30.8300964241268,28.870815653309,0.0,2.2373809523809522,11.6,77,5,3.1,180,14.0,16.6,15.6,0.0,0.0,0.0,15.0,64.0,0.0,0.0,0.0,151.0,0.0,98990.0
2025-03-13 23:00:00,31.0044331340591,29.0111612243888,0.0,2.2351190476190474,11.3,78,10,5.3,193,13.4,16.4,15.6,0.0,0.0,0.0,13.0,70.0,0.0,0.0,0.0,163.0,0.0,98980.0
2025-03-14 00:00:00,30.9746926928232,28.9256945789805,0.0,2.2328571428571427,10.8,81,13,7.9,202,13.1,16.1,15.6,0.0,0.0,0.0,11.0,80.0,0.0,0.0,2.0,162.0,0.0,98940.0
2025-03-14 01:00:00,30.8715376419982,28.9191734368682,0.0,2.230595238095238,11.4,84,42,6.4,187,13.7,16.1,15.6,0.0,0.0,0.0,11.0,81.0,0.0,0.0,0.0,169.0,0.0,98890.0
2025-03-14 02:00:00,30.6368960946983,28.9563601293441,0.0,2.228333333333333,10.6,89,94,8.3,212,13.3,16.0,15.6,0.0,0.0,0.0,11.0,82.0,0.0,0.0,0.0,192.0,0.0,98880.0
2025-03-14 03:00:00,30.6011211800579,29.0509657868137,0.0,2.2260714285714283,10.9,87,66,6.2,205,13.2,15.8,15.6,0.0,0.0,0.0,11.0,81.0,0.0,0.0,1.0,258.0,0.0,98850.0
2025-03-14 04:00:00,30.8269440262616,28.7556682184375,0.0,2.2238095238095235,11.3,85,97,3.6,255,13.0,15.6,15.6,0.0,0.0,0.0,11.0,83.0,0.0,0.0,0.0,228.0,0.0,98800.0
2025-03-14 05:00:00,30.9471782864305,28.8651637213468,0.0,2.2215476190476187,11.4,86,100,4.2,228,12.9,15.4,15.6,0.0,0.0,0.0,12.0,81.0,0.0,0.0,1.0,258.0,0.0,98850.0
2025-03-14 06:00:00,30.8101753088477,28.9129328733558,0.0,2.219285714285714,13.0,74,50,10.4,204,12.9,15.3,15.6,0.0,0.0,0.02,11.0,89.0,0.0,0.0,0.0,54.0,3.0,98810.0
2025-03-14 07:00:00,30.8883069440281,28.7601122970156,0.0,2.2170238095238095,13.7,67,39,27.4,225,12.9,15.1,15.6,0.5,0.5,0.09,14.0,70.0,0.0,0.0,4.0,246.0,0.0,98830.0
2025-03-14 08:00:00,30.9779798802292,28.7423113484388,0.0,2.2147619047619047,15.0,60,19,33.8,223,13.3,15.0,15.6,0.0,0.0,0.15,14.0,58.0,2808.0,0.0,6.0,240.0,0.0,98860.0
2025-03-14 09:00:00,30.6908561054557,28.7843654370491,0.0,2.2125,16.6,54,10,30.7,223,14.4,14.9,15.6,0.0,0.0,0.24,16.0,53.0,17808.0,1.0,8.0,252.0,0.0,98880.0
2025-03-14 10:00:00,30.6778371244999,28.7446874215455,0.0,2.210238095238095,17.9,48,46,33.2,229,15.6,15.0,15.6,0.0,0.0,0.34,17.0,52.0,44542.0,4.0,7.0,216.0,0.0,98960.0
2025-03-14 11:00:00,30.4187661566755,28.7075949842029,0.0,2.2079761904761903,18.8,44,21,35.8,230,16.9,15.1,15.6,0.0,0.0,0.42,18.0,43.0,68628.0,5.0,9.0,249.0,0.0,98950.0
2025-03-14 12:00:00,30.5459499161413,28.5605094237178,0.0,2.2057142857142855,19.1,44,29,36.5,227,17.7,15.2,15.6,0.0,0.0,0.42,19.0,42.0,85757.0,7.0,10.0,256.0,0.0,98930.0
2025-03-14 13:00:00,30.3536896071817,28.3969962391286,0.0,2.2034523809523807,20.0,39,50,36.7,241,18.8,15.6,15.6,0.0,0.0,0.46,20.0,40.0,96149.0,6.0,8.0,259.0,0.0,98930.0
2025-03-14 14:00:00,30.3880618446771,28.3317782602408,0.0,2.201190476190476,20.3,41,80,33.6,245,19.2,15.8,15.6,0.1,0.1,0.45,20.0,42.0,44391.0,3.0,10.0,250.0,0.0,98920.0
2025-03-14 15:00:00,30.2616284166064,28.3269789306038,0.0,2.198928571428571,19.6,42,91,28.3,248,19.2,16.0,15.6,0.1,0.1,0.37,20.0,45.0,29102.0,2.0,5.0,232.0,0.0,98900.0
2025-03-14 16:00:00,30.1003439573805,28.3598021023327,0.0,2.1966666666666663,18.5,47,70,19.2,258,18.8,16.2,15.6,0.0,0.0,0.25,19.0,44.0,32820.0,1.0,8.0,293.0,0.0,98990.0
2025-03-14 17:00:00,30.1291139736407,28.2322216582025,0.0,2.1944047619047615,17.7,50,87,15.7,249,18.3,16.3,15.6,0.0,0.0,0.19,19.0,45.0,42871.0,2.0,6.0,238.0,0.0,99060.0
2025-03-14 18:00:00,30.2265426125732,28.1115369429069,0.0,2.1921428571428567,16.2,55,99,10.1,245,17.4,16.4,15.6,0.0,0.0,0.09,16.0,64.0,9409.0,1.0,4.0,288.0,0.0,99190.0
2025-03-14 19:00:00,30.111392469204,28.2613614590505,0.0,2.1898809523809524,15.1,58,100,13.5,237,16.5,16.4,15.6,0.0,0.0,0.08,17.0,53.0,863.0,0.0,3.0,258.0,0.0,99290.0
2025-03-14 20:00:00,30.1945228674883,28.086018341966,0.0,2.1876190476190476,14.4,60,93,16.6,233,15.8,16.4,15.6,0.0,0.0,0.06,15.0,59.0,0.0,0.0,2.0,264.0,0.0,99370.0
2025-03-14 21:00:00,30.1484767890949,28.102524573129,0.0,2.1853571428571428,13.8,64,54,17.1,233,15.3,16.3,15.6,0.0,0.0,0.06,15.0,62.0,0.0,0.0,3.0,246.0,0.0,99500.0
2025-03-14 22:00:00,29.9768935122462,27.9443715533855,0.0,2.183095238095238,12.7,69,5,11.3,243,14.7,16.2,15.6,0.0,0.0,0.03,14.0,79.0,0.0,0.0,0.0,324.0,0.0,99600.0
2025-03-14 23:00:00,30.2362068234928,28.1615208803899,0.0,2.180833333333333,12.3,72,2,14.2,231,14.1,16.1,15.6,0.0,0.0,0.03,13.0,84.0,0.0,0.0,0.0,152.0,0.0,99650.0
2025-03-15 00:00:00,30.1309301979571,28.1938586036688,0.0,2.1785714285714284,12.6,68,3,20.6,220,13.8,15.9,15.6,0.0,0.0,0.05,12.0,83.0,0.0,0.0,2.0,329.0,0.0,99720.0
2025-03-15 01:00:00,30.3305235647648,28.2636205127713,0.0,2.1763095238095236,12.3,77,22,14.3,224,13.9,15.7,15.6,0.2,0.2,0.02,14.0,71.0,0.0,0.0,2.0,282.0,0.0,99750.0
2025-03-15 02:00:00,30.1204669763728,28.1725600642914,0.0,2.174047619047619,12.4,68,17,16.9,223,13.3,15.6,15.6,0.0,0.0,0.05,12.0,81.0,0.0,0.0,0.0,276.0,0.0,99820.0
2025-03-15 03:00:00,30.1016004925497,28.0244572121157,0.0,2.171785714285714,12.1,68,7,15.2,222,13.0,15.4,15.6,0.0,0.0,0.04,11.0,81.0,0.0,0.0,1.0,252.0,0.0,99840.0
2025-03-15 04:00:00,30.0397991442609,28.0842792666718,0.0,2.169523809523809,11.3,72,8,12.4,224,12.6,15.2,15.6,0.0,0.0,0.03,12.0,78.0,0.0,0.0,2.0,276.0,0.0,99890.0
2025-03-15 05:00:00,30.1429138976018,28.0285241011847,0.0,2.1672619047619044,11.2,74,8,11.7,223,12.3,15.1,15.6,0.0,0.0,0.02,12.0,79.0,0.0,0.0,2.0,288.0,0.0,99920.0
2025-03-15 06:00:00,30.2494539639879,27.9734763617644,0.0,2.1649999999999996,11.2,74,3,13.8,220,12.2,14.9,15.6,0.0,0.0,0.03,12.0,77.0,0.0,0.0,2.0,285.0,0.0,100000.0
2025-03-15 07:00:00,29.8025170600633,28.2527517030085,0.0,2.1627380952380952,11.7,73,4,13.8,220,12.1,14.8,15.6,0.0,0.0,0.05,12.0,76.0,0.0,0.0,2.0,270.0,0.0,100100.0
2025-03-15 08:00:00,29.9527155383907,28.111708466077,0.0,2.1604761904761904,13.8,68,19,13.6,227,12.8,14.6,15.6,0.0,0.0,0.1,11.0,80.0,5357.0,0.0,0.0,264.0,0.0,100180.0
2025-03-15 09:00:00,29.8440803123102,27.9614508715825,0.0,2.1582142857142856,15.4,62,26,15.5,245,14.0,14.6,15.6,0.0,0.0,0.19,14.0,71.0,27427.0,1.0,4.0,312.0,0.0,100280.0
2025-03-15 10:00:00,30.0041565718917,28.0477317647222,0.0,2.155952380952381,16.7,56,34,16.0,254,15.4,14.6,15.6,0.2,0.2,0.29,15.0,59.0,63777.0,4.0,6.0,276.0,0.0,100370.0
2025-03-15 11:00:00,29.8246473552101,28.1389279628454,0.0,2.153690476190476,17.4,56,35,15.4,258,16.5,14.7,15.6,0.0,0.0,0.33,16.0,58.0,20804.0,1.0,2.0,288.0,0.0,100440.0
2025-03-15 12:00:00,29.7732459316081,27.8338823091859,0.0,2.1514285714285712,18.5,52,89,12.2,266,17.9,14.9,15.6,0.1,0.1,0.42,17.0,54.0,22640.0,1.0,2.0,258.0,0.0,100450.0
2025-03-15 13:00:00,29.9766739467716,27.7626401286116,0.0,2.1491666666666664,16.5,66,60,10.6,327,18.4,15.3,15.6,1.8,1.8,0.37,15.0,68.0,15908.0,1.0,3.0,343.0,0.0,100460.0
2025-03-15 14:00:00,29.7260697003762,27.8651836008433,0.0,2.1469047619047616,16.1,65,94,10.0,336,17.9,15.4,15.6,4.7,4.7,0.31,16.0,64.0,76790.0,6.0,3.0,10.0,0.0,100410.0
2025-03-15 15:00:00,29.7501293165034,27.8476321570208,0.0,2.144642857142857,15.5,68,35,9.9,18,17.5,15.6,15.6,0.1,0.1,0.22,16.0,65.0,65710.0,4.0,5.0,6.0,0.0,100400.0
2025-03-15 16:00:00,29.8088467236335,27.8013084762028,0.0,2.142380952380952,15.9,66,49,5.4,349,17.7,15.7,15.6,0.0,0.0,0.22,16.0,68.0,20723.0,1.0,4.0,10.0,0.0,100450.0
2025-03-15 17:00:00,29.6794983193635,27.6297262251149,0.0,2.1401190476190473,15.5,67,86,6.8,318,17.3,15.8,15.6,0.0,0.0,0.13,15.0,70.0,23595.0,1.0,3.0,1.0,0.0,100500.0
2025-03-15 18:00:00,29.7733155788189,27.6450950955802,0.0,2.1378571428571425,14.3,77,86,1.2,320,16.5,15.9,15.6,0.0,0.0,0.03,15.0,68.0,6939.0,0.0,4.0,324.0,0.0,100540.0
2025-03-15 19:00:00,29.8514833911872,27.6587191480468,0.0,2.135595238095238,13.1,80,73,3.4,184,15.5,15.9,15.6,0.0,0.0,0.02,15.0,71.0,584.0,0.0,0.0,324.0,0.0,100600.0
2025-03-15 20:00:00,29.7155534486512,27.7852868701159,0.0,2.1333333333333333,12.8,86,43,5.8,191,14.9,15.8,15.6,0.0,0.0,0.0,13.0,77.0,0.0,0.0,0.0,172.0,0.0,100680.0
2025-03-15 21:00:00,29.8010314717226,27.8114968080659,0.0,2.1310714285714285,11.8,87,38,6.0,203,14.2,15.8,15.6,0.0,0.0,0.0,12.0,81.0,0.0,0.0,0.0,204.0,0.0,100740.0
2025-03-15 22:00:00,29.6845224893638,27.686102406056,0.0,2.1288095238095237,11.2,80,22,7.3,212,13.6,15.6,15.6,0.0,0.0,0.0,10.0,84.0,0.0,0.0,0.0,174.0,0.0,100760.0
2025-03-15 23:00:00,29.6809074255368,27.5611608198391,0.0,2.126547619047619,10.7,77,14,7.4,217,13.0,15.5,15.6,0.0,0.0,0.01,10.0,85.0,0.0,0.0,0.0,228.0,0.0,100840.0
2025-03-16 00:00:00,29.9438770234331,27.6930469694663,0.0,2.124285714285714,10.0,79,7,5.8,226,12.5,15.3,15.6,0.0,0.0,0.0,9.0,86.0,0.0,0.0,0.0,192.0,0.0,100830.0
2025-03-16 01:00:00,29.7816541316842,27.6998813272371,0.0,2.1220238095238093,9.5,86,27,3.1,244,12.4,15.1,15.6,0.0,0.0,0.0,8.0,88.0,0.0,0.0,1.0,186.0,0.0,100810.0
2025-03-16 02:00:00,29.7182442260658,27.6270213358231,0.0,2.1197619047619045,9.0,89,94,4.0,200,11.9,14.9,15.6,0.0,0.0,0.0,8.0,86.0,0.0,0.0,0.0,198.0,0.0,100830.0
2025-03-16 03:00:00,29.7025414371734,27.4406080686594,0.0,2.1174999999999997,8.3,92,7,4.5,183,11.5,14.7,15.6,0.0,0.0,0.0,7.0,91.0,0.0,0.0,0.0,198.0,0.0,100810.0
2025-03-16 04:00:00,29.5023322509502,27.5784333048023,0.0,2.115238095238095,8.0,93,87,6.5,201,11.1,14.5,15.6,0.0,0.0,0.0,6.0,90.0,0.0,0.0,1.0,174.0,0.0,100740.0
2025-03-16 05:00:00,29.3955331444691,27.6618568449429,0.0,2.11297619047619,8.2,89,54,7.3,216,10.8,14.3,15.6,0.0,0.0,0.0,7.0,93.0,0.0,0.0,0.0,186.0,0.0,100730.0
2025-03-16 06:00:00,29.600520496637,27.6316089432019,0.0,2.1107142857142853,8.6,85,72,7.8,210,10.6,14.1,15.6,0.0,0.0,0.0,7.0,91.0,0.0,0.0,1.0,210.0,0.0,100750.0
2025-03-16 07:00:00,29.4165576993592,27.4379265297875,0.0,2.108452380952381,10.4,78,29,11.6,213,10.6,13.9,15.6,0.0,0.0,0.03,9.0,84.0,331.0,0.0,1.0,210.0,0.0,100770.0
2025-03-16 08:00:00,29.5372519159609,27.4892622338691,0.0,2.106190476190476,14.1,66,0,14.6,220,11.7,13.7,15.6,0.0,0.0,0.11,10.0,85.0,7197.0,0.0,1.0,216.0,0.0,100780.0
2025-03-16 09:00:00,29.7155721385369,27.5552230647713,0.0,2.1039285714285714,16.7,58,16,19.4,230,13.3,13.7,15.5,0.0,0.0,0.23,12.0,81.0,26018.0,1.0,3.0,270.0,0.0,100840.0
2025-03-16 10:00:00,29.4478984908982,27.4931957428981,0.0,2.1016666666666666,17.9,53,13,20.5,237,14.9,13.8,15.5,0.0,0.0,0.33,15.0,70.0,49975.0,4.0,4.0,294.0,0.0,100870.0
2025-03-16 11:00:00,29.4411449338009,27.4666336129724,0.0,2.0994047619047618,18.8,48,13,20.2,240,16.4,13.9,15.5,0.0,0.0,0.42,17.0,59.0,74541.0,7.0,3.0,278.0,0.0,100840.0
2025-03-16 12:00:00,29.3126310545148,27.5106147476665,0.0,2.097142857142857,19.7,45,58,20.2,244,17.6,14.2,15.5,0.0,0.0,0.46,19.0,44.0,88248.0,8.0,5.0,267.0,0.0,100790.0
2025-03-16 13:00:00,29.2162693286958,27.4408766558987,0.0,2.094880952380952,20.5,43,44,18.2,250,18.5,14.3,15.5,0.0,0.0,0.43,20.0,40.0,92540.0,7.0,7.0,253.0,0.0,100730.0
2025-03-16 14:00:00,29.2157507795934,27.3255349443491,0.0,2.0926190476190474,20.7,41,74,12.6,270,19.1,14.6,15.5,0.0,0.0,0.42,20.0,40.0,90068.0,5.0,5.0,272.0,0.0,100670.0
2025-03-16 15:00:00,29.2112521402173,27.1087742239155,0.0,2.0903571428571426,19.5,48,53,11.4,339,19.4,14.9,15.5,0.0,0.0,0.36,19.0,45.0,16604.0,2.0,5.0,24.0,0.0,100630.0
2025-03-16 16:00:00,29.0953131323867,27.1655872044009,0.0,2.088095238095238,17.8,52,4,14.8,13,19.0,15.2,15.5,0.0,0.0,0.27,18.0,49.0,49171.0,4.0,3.0,33.0,0.0,100630.0
2025-03-16 17:00:00,29.063953040835,27.0762272511172,0.0,2.085833333333333,16.0,54,28,10.3,38,18.2,15.5,15.5,0.0,0.0,0.18,18.0,51.0,25561.0,1.0,4.0,43.0,0.0,100660.0
2025-03-16 18:00:00,29.2919804766788,27.0105960828086,0.0,2.083571428571428,14.2,68,1,4.6,75,16.9,15.6,15.5,0.0,0.0,0.05,17.0,54.0,5994.0,0.0,3.0,72.0,0.0,100730.0
2025-03-16 19:00:00,29.1202264748377,27.033718951218,0.0,2.081309523809524,12.5,71,3,4.8,87,15.4,15.6,15.5,0.0,0.0,0.03,14.0,65.0,279.0,0.0,1.0,78.0,0.0,100720.0
2025-03-16 20:00:00,28.8661619453692,26.9581387831862,0.0,2.079047619047619,12.1,73,2,2.3,65,14.2,15.6,15.5,0.0,0.0,0.0,13.0,69.0,0.0,0.0,1.0,148.0,0.0,100730.0
2025-03-16 21:00:00,29.1565914218547,27.0401048698436,0.0,2.0767857142857142,12.1,72,3,1.0,52,13.3,15.4,15.5,0.0,0.0,0.0,12.0,71.0,0.0,0.0,2.0,104.0,0.0,100760.0
2025-03-16 22:00:00,28.9809419899596,27.2260198244133,0.0,2.0745238095238094,11.8,73,30,1.1,45,12.5,15.3,15.5,0.0,0.0,0.0,10.0,76.0,0.0,0.0,0.0,175.0,0.0,100740.0
2025-03-16 23:00:00,28.9059100728139,27.1934090872317,0.0,2.0722619047619046,11.1,75,32,1.9,81,11.9,15.1,15.5,0.0,0.0,0.0,9.0,78.0,0.0,0.0,1.0,174.0,0.0,100700.0
2025-03-17 00:00:00,29.0283450784397,27.0473775993454,0.0,2.07,10.6,76,9,0.2,59,11.4,14.9,15.5,0.0,0.0,0.0,8.0,83.0,0.0,0.0,0.0,165.0,0.0,100670.0
2025-03-17 01:00:00,29.199238716722,27.1139509228401,0.0,2.067738095238095,9.8,80,20,3.5,205,12.2,14.7,15.5,0.0,0.0,0.0,9.0,83.0,0.0,0.0,0.0,192.0,0.0,100620.0
2025-03-17 02:00:00,29.3368267071045,26.822908314472,0.0,2.0654761904761902,9.0,85,83,4.3,224,11.7,14.6,15.5,0.0,0.0,0.0,10.0,83.0,0.0,0.0,1.0,246.0,0.0,100610.0
2025-03-17 03:00:00,29.0104896915623,26.9574573389646,0.0,2.0632142857142854,9.7,82,31,4.5,232,11.6,14.4,15.5,0.0,0.0,0.0,9.0,84.0,0.0,0.0,0.0,234.0,0.0,100520.0
2025-03-17 04:00:00,28.8662985057081,26.9141614920538,0.0,2.0609523809523806,9.1,85,70,3.2,207,11.3,14.2,15.5,0.0,0.0,0.0,10.0,81.0,0.0,0.0,0.0,192.0,0.0,100430.0
2025-03-17 05:00:00,29.0188616369288,27.0643194196236,0.0,2.058690476190476,9.5,83,83,3.2,228,11.2,14.1,15.5,0.0,0.0,0.0,11.0,78.0,0.0,0.0,2.0,179.0,0.0,100390.0
2025-03-17 06:00:00,29.0392027707806,27.0032136274208,0.0,2.056428571428571,9.4,84,12,1.5,297,11.0,13.9,15.5,0.0,0.0,0.0,11.0,76.0,0.0,0.0,1.0,192.0,0.0,100330.0
2025-03-17 07:00:00,29.0070598592893,26.9868801183669,0.0,2.0541666666666667,9.7,83,1,3.2,192,10.9,13.7,15.5,0.0,0.0,0.01,11.0,74.0,841.0,0.0,0.0,186.0,0.0,100290.0
2025-03-17 08:00:00,29.05118386628,26.8870037672877,0.0,2.051904761904762,13.7,78,0,4.9,220,11.9,13.6,15.4,0.0,0.0,0.08,13.0,70.0,8267.0,0.0,2.0,216.0,0.0,100300.0
2025-03-17 09:00:00,28.9927015545841,26.8454612727901,0.0,2.049642857142857,17.9,61,0,4.0,248,13.8,13.6,15.4,0.0,0.0,0.21,17.0,60.0,35272.0,2.0,4.0,329.0,0.0,100270.0
2025-03-17 10:00:00,28.8489320368139,26.615779419998,0.0,2.0473809523809523,20.2,51,6,4.9,258,15.9,13.7,15.4,0.0,0.0,0.34,18.0,56.0,24048.0,2.0,3.0,273.0,0.0,100300.0
2025-03-17 11:00:00,28.8362439072541,26.7428569949499,0.0,2.0451190476190475,22.0,47,11,7.0,266,17.9,14.0,15.4,0.0,0.0,0.44,20.0,52.0,48258.0,4.0,2.0,264.0,0.0,100280.0
2025-03-17 12:00:00,28.8624215867817,31.1450316277958,18.967346712338795,2.0428571428571427,23.4,39,86,12.6,266,19.4,14.3,15.4,0.0,0.0,0.53,24.0,41.0,44606.0,4.0,3.0,271.0,0.0,100220.0
2025-03-17 13:00:00,28.5621446517672,33.0301563608348,0.0,2.040595238095238,24.7,35,9,11.1,260,20.7,14.7,15.4,0.0,0.0,0.56,23.0,33.0,39964.0,4.0,4.0,306.0,0.0,100140.0
2025-03-17 14:00:00,28.7930611939565,32.5926930845831,0.0,2.038333333333333,23.2,45,43,9.4,1,21.4,15.1,15.4,0.0,0.0,0.47,24.0,34.0,29140.0,3.0,3.0,289.0,0.0,100020.0
2025-03-17 15:00:00,28.9936121630214,32.2506365104116,0.0,2.0360714285714283,21.3,54,46,16.0,40,21.3,15.5,15.4,0.0,0.0,0.37,24.0,34.0,21943.5,2.5,3.0,280.0,0.0,99975.0
2025-03-17 16:00:00,29.7003149878135,32.2843660636322,0.0,2.0338095238095235,19.8,55,41,12.6,31,20.7,15.8,15.4,0.0,0.0,0.26,24.0,34.0,14747.0,2.0,3.0,271.0,0.0,99930.0
2025-03-17 17:00:00,30.2603883275916,31.8192792810882,0.0,2.0315476190476187,18.1,59,73,12.0,36,19.8,16.1,15.4,0.0,0.0,0.18,22.0,44.0,46853.0,3.0,5.0,30.0,0.0,99940.0
2025-03-17 18:00:00,30.7542187431831,31.5840241800128,0.0,2.029285714285714,16.5,67,75,7.3,70,18.5,16.3,15.4,0.0,0.0,0.06,20.0,46.0,14740.0,1.0,5.0,13.0,0.0,99980.0
2025-03-17 19:00:00,30.8766596795594,31.1956059063547,0.0,2.0270238095238096,14.8,77,10,4.0,44,17.1,16.4,15.4,0.0,0.0,0.03,19.0,49.0,7678.0,0.0,2.0,96.0,0.0,100030.0
2025-03-17 20:00:00,31.087238975165,31.2539826896698,0.0,2.0247619047619048,13.9,80,29,1.0,48,15.8,16.3,15.4,0.0,0.0,0.0,16.0,57.0,57.0,0.0,1.0,90.0,0.0,100080.0
2025-03-17 21:00:00,31.2094932414059,31.0515487064561,0.0,2.0225,13.2,81,1,1.5,53,14.8,16.2,15.4,0.0,0.0,0.0,15.0,65.0,0.0,0.0,0.0,42.0,0.0,100110.0
2025-03-17 22:00:00,31.5347350052715,31.1116122570916,0.0,2.020238095238095,12.6,82,5,3.6,229,14.0,16.1,15.4,0.0,0.0,0.0,13.0,74.0,0.0,0.0,0.0,86.0,0.0,100150.0
2025-03-17 23:00:00,31.3443200851361,30.9162620237759,0.0,2.0179761904761904,11.8,86,29,6.0,254,13.5,16.0,15.4,0.0,0.0,0.0,12.0,82.0,0.0,0.0,0.0,176.0,0.0,100150.0
2025-03-18 00:00:00,31.2965710513839,30.8102159125133,0.0,2.0157142857142856,11.3,87,29,5.0,259,13.1,15.8,15.4,0.0,0.0,0.0,11.0,86.0,0.0,0.0,0.0,188.0,0.0,100120.0
2025-03-18 01:00:00,31.5293202915993,30.6814876663831,0.0,2.0134523809523808,12.1,80,93,5.2,207,13.6,15.5,15.4,0.0,0.0,0.0,11.0,87.0,0.0,0.0,0.0,186.0,0.0,100110.0
2025-03-18 02:00:00,31.2574430455729,30.8335455926989,0.0,2.011190476190476,11.4,83,94,5.8,216,13.1,15.4,15.4,0.0,0.0,0.0,11.0,88.0,0.0,0.0,1.0,177.0,0.0,100080.0
2025-03-18 03:00:00,31.4841303343745,30.502277670549,0.0,2.008928571428571,11.7,80,54,9.6,226,12.8,15.3,15.4,0.0,0.0,0.01,12.0,85.0,0.0,0.0,2.0,204.0,0.0,100020.0
2025-03-18 04:00:00,31.3220592688222,30.5957983838039,0.0,2.0066666666666664,14.5,67,53,16.0,222,13.0,15.1,15.4,0.0,0.0,0.05,11.0,90.0,0.0,0.0,1.0,167.0,0.0,100040.0
2025-03-18 05:00:00,31.3765727119109,30.5202476350397,0.0,2.0044047619047616,16.2,54,30,23.4,221,13.4,15.0,15.4,0.0,0.0,0.11,10.0,92.0,0.0,0.0,2.0,174.0,0.0,100050.0
2025-03-18 06:00:00,31.4711621711894,30.4917347550894,0.0,2.002142857142857,16.0,54,53,25.6,221,13.8,14.9,15.4,0.0,0.0,0.11,14.0,70.0,0.0,0.0,3.0,270.0,0.0,100000.0
2025-03-18 07:00:00,31.4108639528741,30.4135780830854,0.0,1.9998809523809522,15.9,57,92,30.4,218,14.1,14.9,15.4,0.0,0.0,0.13,16.0,57.0,0.0,0.0,4.0,264.0,0.0,100090.0
2025-03-18 08:00:00,31.2545762646509,30.4238665503638,0.0,1.9976190476190474,16.8,57,88,28.2,218,14.6,14.9,15.4,0.0,0.0,0.16,17.0,50.0,2876.0,0.0,5.0,232.0,0.0,100140.0
2025-03-18 09:00:00,31.2519624173329,30.2366772701226,0.0,1.9953571428571426,18.0,55,39,30.4,219,15.6,14.9,15.4,0.0,0.0,0.26,18.0,53.0,13548.0,0.0,4.0,245.0,0.0,100220.0
2025-03-18 10:00:00,31.1031667731321,29.8579011620428,0.0,1.993095238095238,19.3,49,2,26.9,225,16.8,15.0,15.4,0.0,0.0,0.36,19.0,50.0,19644.0,2.0,6.0,219.0,0.0,100310.0
2025-03-18 11:00:00,30.9904549985834,29.9041084487278,0.0,1.9908333333333332,20.3,47,13,23.8,237,18.1,15.1,15.4,0.0,0.0,0.44,20.0,48.0,65397.0,5.0,5.0,282.0,0.0,100380.0
2025-03-18 12:00:00,30.9183054996682,29.8951533124957,0.0,1.9885714285714284,21.5,44,27,23.3,245,19.2,15.4,15.4,0.0,0.0,0.48,21.0,44.0,80718.0,8.0,3.0,246.0,0.0,100400.0
2025-03-18 13:00:00,30.7191170455242,29.6175918341978,0.0,1.9863095238095236,22.2,42,27,14.6,263,20.3,15.7,15.4,0.0,0.0,0.47,22.0,39.0,87432.0,8.0,3.0,246.0,0.0,100350.0
2025-03-18 14:00:00,30.8900512484967,29.6566255703406,0.0,1.9840476190476188,21.6,44,39,10.3,308,20.7,16.0,15.4,0.0,0.0,0.4,23.0,37.0,104221.0,9.0,3.0,253.0,0.0,100340.0
2025-03-18 15:00:00,30.8719135119905,29.2977229786047,0.0,1.981785714285714,20.0,60,37,14.2,354,20.8,16.3,15.4,0.0,0.0,0.31,19.0,67.0,81734.0,6.0,3.0,74.0,0.0,100310.0
2025-03-18 16:00:00,30.877209964279,29.0897727366627,0.0,1.9795238095238095,18.9,63,5,13.5,44,20.5,16.5,15.4,0.0,0.0,0.26,20.0,61.0,64496.0,7.0,4.0,19.0,0.0,100300.0
2025-03-18 17:00:00,30.7049693464837,29.2338053048527,0.0,1.9772619047619047,18.2,65,1,11.0,63,19.8,16.7,15.4,0.0,0.0,0.17,20.0,61.0,42547.0,2.0,5.0,4.0,0.0,100300.0
2025-03-18 18:00:00,30.801714245006,29.0772325021821,0.0,1.9749999999999999,16.4,75,1,8.5,33,18.7,16.8,15.5,0.0,0.0,0.06,19.0,61.0,18028.0,1.0,4.0,54.0,0.0,100390.0
2025-03-18 19:00:00,30.394704436859,29.3272294620567,0.0,1.972738095238095,14.2,86,5,4.0,40,17.3,16.9,15.5,0.0,0.0,0.02,18.0,57.0,4240.0,0.0,3.0,30.0,0.0,100400.0
2025-03-18 20:00:00,30.6831694960817,29.0241026265214,0.0,1.9704761904761903,13.3,88,2,5.2,76,16.1,16.8,15.5,0.0,0.0,0.0,15.0,71.0,0.0,0.0,1.0,66.0,0.0,100530.0
2025-03-18 21:00:00,30.6444098201846,29.1213838708218,0.0,1.9682142857142855,12.7,89,0,5.3,82,15.2,16.7,15.5,0.0,0.0,0.0,14.0,76.0,0.0,0.0,0.0,130.0,0.0,100620.0
2025-03-18 22:00:00,30.5992071489155,29.1995402169125,0.0,1.965952380952381,12.7,86,0,2.3,63,14.4,16.6,15.5,0.0,0.0,0.0,14.0,77.0,0.0,0.0,1.0,132.0,0.0,100610.0
2025-03-18 23:00:00,30.6875793718063,29.1761047589746,0.0,1.963690476190476,12.7,84,2,1.5,58,13.7,16.4,15.5,0.0,0.0,0.0,12.0,82.0,0.0,0.0,1.0,108.0,0.0,100680.0
2025-03-19 00:00:00,30.6118786322932,29.0267956687478,0.0,1.9614285714285713,12.7,82,0,1.0,46,13.1,16.2,15.5,0.0,0.0,0.0,13.0,76.0,0.0,0.0,2.0,149.0,0.0,100670.0
2025-03-19 01:00:00,30.7078509283737,29.0906315893977,0.0,1.9591666666666665,11.8,81,0,1.4,59,13.1,16.0,15.5,0.0,0.0,0.0,12.0,79.0,0.0,0.0,0.0,124.0,0.0,100650.0
2025-03-19 02:00:00,30.5926452577373,28.9449083392399,0.0,1.9569047619047617,10.3,87,5,1.1,65,12.5,15.8,15.5,0.0,0.0,0.0,10.0,83.0,0.0,0.0,0.0,109.0,0.0,100620.0
2025-03-19 03:00:00,30.4779631628712,28.9268258912504,0.0,1.954642857142857,9.4,92,0,1.9,360,12.1,15.6,15.5,0.0,0.0,0.0,10.0,84.0,0.0,0.0,1.0,125.0,0.0,100600.0
2025-03-19 04:00:00,30.7376426105828,28.8577051406976,0.0,1.9523809523809523,9.3,93,0,3.2,315,11.9,15.4,15.5,0.0,0.0,0.0,9.0,87.0,0.0,0.0,1.0,178.0,0.0,100550.0
2025-03-19 05:00:00,30.450565479275,28.8295208663977,0.0,1.9501190476190475,9.0,94,0,4.8,283,11.6,15.2,15.5,0.0,0.0,0.0,8.0,89.0,0.0,0.0,1.0,186.0,0.0,100530.0
2025-03-19 06:00:00,30.7240572196317,28.9898756636621,0.0,1.9478571428571427,8.9,92,4,4.0,283,11.4,14.9,15.5,0.0,0.0,0.0,8.0,90.0,0.0,0.0,0.0,162.0,0.0,100500.0
2025-03-19 07:00:00,30.4704835105553,28.7382211587482,0.0,1.945595238095238,9.9,88,8,4.8,283,11.4,14.7,15.5,0.0,0.0,0.01,8.0,91.0,0.0,0.0,0.0,198.0,0.0,100500.0
2025-03-19 08:00:00,30.544124821508,28.9322438954576,0.0,1.9433333333333331,14.3,77,1,4.2,305,12.5,14.6,15.5,0.0,0.0,0.08,9.0,90.0,3429.0,0.0,2.0,234.0,0.0,100540.0
2025-03-19 09:00:00,30.7208718259229,28.8195779673747,0.0,1.9410714285714283,17.7,64,96,5.0,351,14.4,14.5,15.5,0.0,0.0,0.21,13.0,82.0,15953.0,1.0,0.0,270.0,0.0,100540.0
2025-03-19 10:00:00,30.629435569175,28.6077879138556,0.0,1.9388095238095238,20.0,57,83,8.3,356,16.5,14.6,15.5,0.0,0.0,0.34,16.0,67.0,43084.0,3.0,0.0,251.0,0.0,100530.0
2025-03-19 11:00:00,30.2729803840032,28.7230810631303,0.0,1.936547619047619,21.5,52,93,11.9,3,18.3,14.8,15.5,0.0,0.0,0.44,19.0,58.0,66260.0,5.0,0.0,72.0,0.0,100470.0
2025-03-19 12:00:00,30.1186459623278,28.6966283561438,0.0,1.9342857142857142,22.1,53,100,14.6,11,19.7,15.1,15.5,0.0,0.0,0.48,21.0,51.0,63679.0,5.0,3.0,30.0,0.0,100390.0
2025-03-19 13:00:00,30.213519247653,28.3617404939913,0.0,1.9320238095238094,20.7,53,100,19.2,18,20.1,15.3,15.5,0.0,0.0,0.45,21.0,56.0,71416.0,5.0,4.0,358.0,0.0,100350.0
2025-03-19 14:00:00,30.2594625980656,28.4767359914037,0.0,1.9297619047619046,19.7,58,100,17.6,32,20.3,15.6,15.5,0.0,0.0,0.37,21.0,53.0,79456.0,7.0,4.0,53.0,0.0,100240.0
2025-03-19 15:00:00,29.9308016487598,28.3434463936467,0.0,1.9274999999999998,19.5,62,100,17.6,40,20.3,15.8,15.5,0.0,0.0,0.3,21.0,59.0,38936.0,2.0,3.0,2.0,0.0,100130.0
2025-03-19 16:00:00,30.1114421699589,28.3623818731579,0.0,1.9252380952380952,19.1,66,100,14.0,39,20.0,16.1,15.5,0.0,0.0,0.22,20.0,58.0,28632.0,2.0,4.0,111.0,0.0,100050.0
2025-03-19 17:00:00,30.0278611415297,28.201870042177,0.0,1.9229761904761904,18.1,72,100,11.4,29,19.4,16.3,15.5,0.0,0.0,0.14,19.0,67.0,22612.0,1.0,3.0,26.0,0.0,100020.0
2025-03-19 18:00:00,30.1122156880566,28.1941992788659,0.0,1.9207142857142856,16.4,81,83,7.2,8,18.4,16.4,15.5,0.0,0.0,0.05,19.0,69.0,14616.0,1.0,2.0,13.0,0.0,100000.0
2025-03-19 19:00:00,30.2392475572631,28.1323175182469,0.0,1.9184523809523808,14.5,90,35,4.4,333,17.1,16.5,15.5,0.0,0.0,0.02,18.0,77.0,3134.0,0.0,2.0,24.0,0.0,99990.0
2025-03-19 20:00:00,30.1133685847423,28.2611852732499,0.0,1.916190476190476,13.3,93,11,4.5,310,16.1,16.5,15.5,0.0,0.0,0.0,15.0,86.0,0.0,0.0,3.0,341.0,0.0,100010.0
2025-03-19 21:00:00,30.0521005893052,28.065899293464,0.0,1.9139285714285712,12.9,90,91,3.5,288,15.0,16.4,15.5,0.0,0.0,0.0,14.0,90.0,0.0,0.0,1.0,24.0,0.0,100020.0
2025-03-19 22:00:00,30.0602723690097,28.0360910131019,0.0,1.9116666666666666,12.5,86,100,4.9,261,14.3,16.3,15.5,0.0,0.0,0.0,12.0,92.0,0.0,0.0,1.0,204.0,0.0,100060.0
2025-03-19 23:00:00,30.1488119481653,28.1053203358252,0.0,1.9094047619047618,12.7,82,99,2.6,203,13.8,16.1,15.5,0.0,0.0,0.0,12.0,93.0,0.0,0.0,0.0,217.0,0.0,100040.0
2025-03-20 00:00:00,30.1036571049769,28.0553395643019,0.0,1.907142857142857,13.2,78,99,1.3,187,13.3,16.0,15.5,0.0,0.0,0.0,11.0,94.0,0.0,0.0,1.0,163.0,0.0,100040.0
2025-03-20 01:00:00,30.0281741236715,28.0878487899648,0.0,1.9048809523809522,13.4,90,97,1.9,220,14.6,15.9,15.5,0.0,0.0,0.0,11.0,94.0,0.0,0.0,0.0,192.0,0.0,100000.0
2025-03-20 02:00:00,29.979939315718,27.9170592712297,0.0,1.9026190476190474,14.0,83,93,4.3,186,14.1,15.8,15.5,0.0,0.0,0.0,11.0,95.0,0.0,0.0,0.0,108.0,0.0,99930.0
2025-03-20 03:00:00,29.8807159653294,28.1159230031458,0.0,1.9003571428571426,16.6,43,90,11.8,184,13.8,15.7,15.5,0.0,0.0,0.08,11.0,96.0,0.0,0.0,1.0,349.0,0.0,99870.0
2025-03-20 04:00:00,29.8180565647002,28.1363135628871,0.0,1.898095238095238,21.6,22,97,25.2,186,14.4,15.6,15.5,0.0,0.0,0.25,14.0,70.0,0.0,0.0,4.0,312.0,0.0,99780.0
2025-03-20 05:00:00,29.9169677855384,28.0723733629341,0.0,1.8958333333333333,22.3,20,100,27.3,186,15.3,15.5,15.5,0.0,0.0,0.27,18.0,43.0,0.0,0.0,3.0,288.0,0.0,99760.0
2025-03-20 06:00:00,29.842768977319,27.9529319021829,0.0,1.8935714285714285,22.0,20,97,20.6,187,15.9,15.6,15.5,0.0,0.0,0.22,20.0,33.0,0.0,0.0,3.0,295.0,0.0,99870.0
2025-03-20 07:00:00,30.0115143256175,28.0030057757349,0.0,1.8913095238095237,18.5,41,99,4.6,212,15.6,15.6,15.5,0.0,0.0,0.05,22.0,26.0,0.0,0.0,3.0,249.0,0.0,100010.0
2025-03-20 08:00:00,29.9682767869558,27.8738480077811,0.0,1.8890476190476189,19.6,47,88,5.8,276,16.1,15.6,15.5,0.0,0.0,0.12,15.0,88.0,6051.0,0.0,2.0,90.0,0.0,100150.0
2025-03-20 09:00:00,29.7889439210301,27.8885828679286,0.0,1.886785714285714,22.1,48,87,2.4,274,17.5,15.7,15.5,0.0,0.0,0.24,17.0,77.0,21446.0,1.0,2.0,70.0,0.0,100310.0
2025-03-20 10:00:00,29.7080853667443,27.9095655474309,0.0,1.8845238095238095,24.2,42,49,4.5,355,19.3,15.8,15.5,0.0,0.0,0.38,21.0,55.0,48703.0,3.0,2.0,150.0,0.0,100380.0
2025-03-20 11:00:00,29.7892283257951,27.9064261651861,0.0,1.8822619047619047,24.8,44,15,9.7,357,20.9,16.1,15.5,0.0,0.0,0.5,23.0,51.0,67431.0,5.0,1.0,56.0,0.0,100360.0
2025-03-20 12:00:00,29.5289960901181,27.7773773621176,0.0,1.88,24.5,49,11,13.0,357,22.1,16.4,15.5,0.0,0.0,0.54,24.0,45.0,83296.0,6.0,0.0,42.0,0.0,100320.0
2025-03-20 13:00:00,29.5855342092531,27.5672357982362,0.0,1.8801785714285713,23.0,48,0,14.9,25,22.3,16.6,15.5,0.0,0.0,0.53,24.0,48.0,90574.0,7.0,4.0,12.0,0.0,100250.0
2025-03-20 14:00:00,29.2775934079821,27.5020531229582,0.0,1.8803571428571428,22.3,53,2,15.2,50,22.7,16.9,15.5,0.0,0.0,0.49,22.0,60.0,86741.0,6.0,4.0,42.0,0.0,100150.0
2025-03-20 15:00:00,29.2846248274613,27.5377315320206,0.0,1.8805357142857142,21.8,55,0,13.4,52,22.7,17.2,15.6,0.0,0.0,0.42,22.0,60.0,74716.0,6.0,4.0,8.0,0.0,100050.0
2025-03-20 16:00:00,29.2901879625513,27.2804083470079,0.0,1.8807142857142856,21.5,55,1,14.6,61,22.3,17.5,15.6,0.0,0.0,0.33,22.0,54.0,55775.0,3.0,3.0,48.0,0.0,100000.0
2025-03-20 17:00:00,29.1012191008133,27.4069312513865,0.0,1.8808928571428571,20.5,59,32,13.0,56,21.5,17.8,15.6,0.0,0.0,0.21,22.0,53.0,32865.0,2.0,4.0,84.0,0.0,99890.0
2025-03-20 18:00:00,29.2767934949141,27.1785826162778,0.0,1.8810714285714285,17.9,71,82,11.5,51,20.3,17.9,15.6,0.0,0.0,0.08,22.0,44.0,13489.0,0.0,4.0,54.0,0.0,99830.0
2025-03-20 19:00:00,29.2475598117243,27.2463167805753,0.0,1.8812499999999999,15.6,80,88,10.6,53,18.8,17.9,15.6,0.0,0.0,0.04,21.0,47.0,2330.0,0.0,3.0,60.0,0.0,99780.0
2025-03-20 20:00:00,28.9803933716229,27.2534843706633,0.0,1.8814285714285712,14.3,85,54,5.2,15,17.6,17.9,15.6,0.0,0.0,0.0,16.0,87.0,0.0,0.0,4.0,0.0,0.0,99790.0
2025-03-20 21:00:00,29.2761024821987,27.0682358823071,0.0,1.8816071428571428,13.6,79,9,15.5,286,16.6,17.8,15.6,0.0,0.0,0.02,15.0,94.0,0.0,0.0,3.0,347.0,0.0,99870.0
2025-03-20 22:00:00,29.3505263086184,27.2228862383905,0.0,1.8817857142857142,13.8,79,7,12.7,228,16.0,17.7,15.6,0.0,0.0,0.02,15.0,92.0,0.0,0.0,1.0,222.0,0.0,100090.0
2025-03-20 23:00:00,29.1921626458694,27.4273623924483,0.0,1.8819642857142855,15.1,70,18,12.3,224,15.7,17.5,15.7,0.0,0.0,0.03,14.0,90.0,0.0,0.0,1.0,309.0,0.0,100180.0
2025-03-21 00:00:00,29.3134501242867,27.1712890919761,0.0,1.8821428571428571,13.8,75,1,6.3,261,15.2,17.4,15.7,0.0,0.0,0.01,15.0,78.0,0.0,0.0,0.0,198.0,0.0,100180.0
2025-03-21 01:00:00,29.2610223397395,27.1740376824207,0.0,1.8823214285714285,13.8,70,1,2.7,273,15.1,17.3,15.7,0.0,0.0,0.0,14.0,85.0,0.0,0.0,0.0,276.0,0.0,100170.0
2025-03-21 02:00:00,29.2964467980115,26.9036717863795,0.0,1.8824999999999998,13.9,69,1,0.3,348,14.5,17.1,15.7,0.0,0.0,0.0,13.0,84.0,0.0,0.0,0.0,186.0,0.0,100180.0
2025-03-21 03:00:00,29.1881172730478,27.1936932190424,0.0,1.8826785714285714,13.9,64,12,0.7,105,14.0,16.9,15.7,0.0,0.0,0.0,13.0,80.0,0.0,0.0,0.0,216.0,0.0,100190.0
2025-03-21 04:00:00,29.3192865189755,27.1584376897878,0.0,1.8828571428571428,12.8,72,93,4.8,216,13.6,16.7,15.7,0.0,0.0,0.0,13.0,85.0,0.0,0.0,1.0,120.0,0.0,100230.0
2025-03-21 05:00:00,29.2751119840757,27.0971838506584,0.0,1.8830357142857141,14.2,79,92,1.2,267,13.9,16.5,15.7,0.9,0.9,0.0,14.0,91.0,0.0,0.0,0.0,114.0,0.0,100280.0
2025-03-21 06:00:00,29.4653741922931,27.1897464415654,0.0,1.8832142857142855,14.4,81,100,1.3,336,14.0,16.3,15.7,0.1,0.1,0.0,14.0,92.0,0.0,0.0,2.0,115.0,0.0,100350.0
2025-03-21 07:00:00,29.4599777216144,27.1354843603463,0.0,1.883392857142857,14.5,89,93,1.7,9,14.3,16.2,15.7,0.0,0.0,0.02,14.0,92.0,0.0,0.0,1.0,97.0,0.0,100510.0
2025-03-21 08:00:00,29.4944918747954,27.3193262558296,0.0,1.8835714285714285,15.8,85,74,6.9,135,14.9,16.1,15.7,0.1,0.1,0.06,15.0,87.0,2764.0,0.0,0.0,170.0,0.0,100610.0
2025-03-21 09:00:00,29.2918594147808,26.9133627776218,0.0,1.8837499999999998,17.1,78,52,1.9,319,16.1,16.1,15.7,0.2,0.2,0.16,16.0,90.0,15455.0,1.0,2.0,192.0,0.0,100630.0
2025-03-21 10:00:00,29.4131140780609,27.0949129538853,0.0,1.8839285714285714,18.5,69,17,2.9,281,17.5,16.1,15.7,0.1,0.1,0.28,18.0,78.0,54040.0,4.0,3.0,305.0,0.0,100690.0
2025-03-21 11:00:00,29.2537883595526,27.0903684921074,0.0,1.8841071428571428,20.2,53,8,7.3,287,19.1,16.2,15.7,0.0,0.0,0.41,20.0,39.0,74876.0,5.0,3.0,305.0,0.0,100630.0
2025-03-21 12:00:00,29.2021184250206,26.917178470693,0.0,1.8842857142857141,21.5,42,54,5.5,277,20.7,16.5,15.7,0.0,0.0,0.5,20.0,44.0,88904.0,8.0,4.0,6.0,0.0,100600.0
2025-03-21 13:00:00,29.0317514694393,26.9364549529173,0.0,1.8844642857142857,21.0,56,91,11.4,349,21.9,16.9,15.7,0.0,0.0,0.49,20.0,48.0,93569.0,7.0,4.0,336.0,0.0,100580.0
2025-03-21 14:00:00,29.10938890098,26.7748626100312,0.0,1.884642857142857,20.0,62,95,15.3,21,22.0,17.2,15.8,0.2,0.2,0.43,19.0,55.0,82891.0,7.0,3.0,43.0,0.0,100560.0
2025-03-21 15:00:00,28.9327326284068,26.7862881554688,0.0,1.8848214285714284,18.4,64,80,18.3,37,21.7,17.5,15.8,0.0,0.0,0.34,19.0,54.0,67000.0,5.0,5.0,48.0,0.0,100480.0
2025-03-21 16:00:00,28.6781111111004,26.6164007031069,0.0,1.885,17.8,63,23,14.5,56,21.2,17.7,15.8,0.0,0.0,0.27,19.0,54.0,46193.0,3.0,4.0,33.0,0.0,100490.0
2025-03-21 17:00:00,28.9715997637245,26.5609387115521,0.0,1.8851785714285714,17.9,62,39,8.7,66,20.4,17.8,15.8,0.0,0.0,0.18,18.0,55.0,25072.0,1.0,3.0,58.0,0.0,100460.0
2025-03-21 18:00:00,29.0611257181991,26.4598552287785,0.0,1.8853571428571427,16.2,72,87,4.9,72,19.2,17.9,15.8,0.0,0.0,0.06,18.0,57.0,9320.0,1.0,2.0,64.0,0.0,100450.0
2025-03-21 19:00:00,29.0192108595423,26.3010115672943,0.0,1.885535714285714,14.8,75,74,1.5,68,17.7,17.9,15.8,0.0,0.0,0.02,16.0,65.0,589.0,0.0,1.0,24.0,0.0,100400.0
2025-03-21 20:00:00,28.9643648217956,26.4299437219243,0.0,1.8857142857142857,14.4,77,98,0.6,24,16.6,17.8,15.8,0.0,0.0,0.0,14.0,69.0,0.0,0.0,0.0,60.0,0.0,100460.0
2025-03-21 21:00:00,28.9505265574432,26.293770921095,0.0,1.885892857142857,14.4,77,83,0.4,8,15.9,17.7,15.8,0.0,0.0,0.0,13.0,74.0,0.0,0.0,0.0,140.0,0.0,100490.0
2025-03-21 22:00:00,29.0132666854664,26.4049421501819,0.0,1.8860714285714284,13.8,79,84,0.3,326,15.1,17.5,15.8,0.0,0.0,0.0,12.0,77.0,0.0,0.0,1.0,174.0,0.0,100510.0
2025-03-21 23:00:00,28.8747506128838,26.3991192423917,0.0,1.88625,13.3,79,99,3.0,223,14.7,17.3,15.8,0.0,0.0,0.0,12.0,76.0,0.0,0.0,0.0,167.0,0.0,100480.0
2025-03-22 00:00:00,28.8268471303319,26.3785182026953,0.0,1.8864285714285713,12.8,76,95,4.3,229,14.3,17.1,15.9,0.0,0.0,0.0,11.0,81.0,0.0,0.0,0.0,348.0,0.0,100470.0
2025-03-22 01:00:00,28.8453639346466,26.4621014143588,0.0,1.8866071428571427,12.4,77,40,3.5,194,13.9,16.9,15.9,0.0,0.0,0.0,10.0,83.0,0.0,0.0,2.0,162.0,0.0,100400.0
2025-03-22 02:00:00,28.9736456958356,26.3907022932656,0.0,1.8867857142857143,11.9,75,9,5.8,215,13.4,16.7,15.9,0.0,0.0,0.0,10.0,82.0,0.0,0.0,0.0,178.0,0.0,100360.0
2025-03-22 03:00:00,29.0812497242886,26.4173822034066,0.0,1.8869642857142856,13.3,68,76,13.3,224,13.3,16.4,15.9,0.0,0.0,0.04,10.0,83.0,0.0,0.0,0.0,358.0,0.0,100290.0
2025-03-22 04:00:00,28.9580717419974,26.5591356225007,0.0,1.887142857142857,14.3,65,79,15.9,224,13.5,16.3,15.9,0.0,0.0,0.05,8.0,86.0,0.0,0.0,1.0,186.0,0.0,100250.0
2025-03-22 05:00:00,29.1711185097563,26.5548120800313,0.0,1.8873214285714284,14.1,66,33,14.3,222,13.6,16.1,15.9,0.0,0.0,0.04,10.0,80.0,0.0,0.0,0.0,192.0,0.0,100250.0
2025-03-22 06:00:00,28.8840309710543,26.3135215164794,0.0,1.8875,13.6,70,30,13.5,223,13.6,15.9,15.9,0.0,0.0,0.04,12.0,75.0,0.0,0.0,1.0,288.0,0.0,100260.0
2025-03-22 07:00:00,29.1050420713212,26.178879960849,0.0,1.8876785714285713,14.6,66,44,17.4,221,13.7,15.8,15.9,0.0,0.0,0.07,13.0,68.0,667.0,0.0,2.0,246.0,0.0,100260.0
2025-03-22 08:00:00,29.0532981073631,26.3827078317655,0.0,1.8878571428571427,17.0,59,100,14.4,249,14.6,15.7,15.9,0.0,0.0,0.13,15.0,62.0,12125.0,0.0,3.0,246.0,0.0,100370.0
2025-03-22 09:00:00,28.9073220565748,26.3555578277582,0.0,1.8880357142857143,14.7,74,100,16.1,304,15.0,15.7,15.9,0.1,0.1,0.11,17.0,71.0,19702.0,1.0,5.0,318.0,0.0,100480.0
2025-03-22 10:00:00,28.8974418983549,26.2282857670295,0.0,1.8882142857142856,14.8,73,100,8.4,282,15.4,15.6,15.9,0.2,0.2,0.12,12.0,83.0,10509.0,1.0,9.0,347.0,0.0,100620.0
2025-03-22 11:00:00,29.0889825073233,26.0249946777362,0.0,1.888392857142857,15.7,67,100,9.4,267,16.1,15.7,15.9,0.1,0.1,0.2,13.0,76.0,10140.0,1.0,4.0,228.0,0.0,100680.0
2025-03-22 12:00:00,28.7264774445835,26.1348378435184,0.0,1.8885714285714286,15.9,64,100,9.9,281,16.4,15.7,15.9,0.0,0.0,0.16,14.0,74.0,34244.0,3.0,3.0,204.0,0.0,100620.0
2025-03-22 13:00:00,28.8840021657339,26.1564499667968,0.0,1.88875,16.3,63,100,9.4,292,16.6,15.7,15.9,0.1,0.1,0.2,16.0,65.0,62186.0,5.0,1.0,243.0,0.0,100550.0
2025-03-22 14:00:00,28.6461823488822,26.1119473829518,0.0,1.8889285714285713,16.6,62,100,7.5,289,16.8,15.7,15.9,0.1,0.1,0.17,16.0,65.0,22296.0,1.0,2.0,1.0,0.0,100440.0
2025-03-22 15:00:00,28.6665158013732,26.1902318943037,0.0,1.8891071428571427,17.5,56,100,9.5,297,17.6,15.8,15.9,0.0,0.0,0.25,16.0,66.0,15047.0,1.0,2.0,8.0,0.0,100340.0
2025-03-22 16:00:00,28.6628331671995,25.9703763814067,0.0,1.8892857142857142,15.7,64,100,11.3,331,17.1,15.9,15.9,0.2,0.2,0.12,16.0,64.0,11197.0,1.0,3.0,338.0,0.0,100330.0
2025-03-22 17:00:00,28.6972913442817,25.9082737181739,0.0,1.8894642857142856,15.9,62,100,7.0,312,16.6,16.0,15.9,0.0,0.0,0.09,15.0,65.0,8712.0,0.0,4.0,323.0,0.0,100300.0
2025-03-22 18:00:00,28.7807187029798,26.0024728878404,0.0,1.889642857142857,15.3,73,81,2.0,301,16.2,16.0,15.9,0.0,0.0,0.04,15.0,66.0,6665.0,0.0,2.0,349.0,0.0,100310.0
2025-03-22 19:00:00,28.7734667665267,25.9359545034299,0.0,1.8898214285714285,14.3,69,44,1.1,269,15.4,16.0,15.9,0.0,0.0,0.02,15.0,67.0,119.0,0.0,0.0,348.0,0.0,100370.0
2025-03-22 20:00:00,28.760740072671,26.010403659915,0.0,1.89,13.0,72,100,3.1,256,14.6,15.9,15.9,0.0,0.0,0.0,14.0,69.0,0.0,0.0,1.0,346.0,0.0,100410.0
2025-03-22 21:00:00,28.6395066035676,26.095922699235,0.0,1.8901785714285713,13.6,71,98,7.4,216,14.4,15.8,15.9,0.0,0.0,0.01,14.0,69.0,0.0,0.0,1.0,198.0,0.0,100480.0
2025-03-22 22:00:00,28.5152883210106,25.8576102110912,0.0,1.8903571428571428,13.1,76,88,9.6,219,14.1,15.7,15.9,0.1,0.1,0.01,14.0,70.0,0.0,0.0,1.0,204.0,0.0,100470.0
2025-03-22 23:00:00,28.5875563556785,26.0406548676971,0.0,1.8905357142857142,12.7,78,48,12.8,217,13.8,15.6,15.9,0.0,0.0,0.02,14.0,73.0,0.0,0.0,1.0,290.0,0.0,100490.0
2025-03-23 00:00:00,28.4903692380392,26.0714147739011,0.0,1.8907142857142856,11.8,80,42,10.6,219,13.4,15.5,15.9,0.0,0.0,0.01,13.0,75.0,0.0,0.0,0.0,198.0,0.0,100430.0
2025-03-23 01:00:00,28.7122261768617,25.8685773295747,0.0,1.8908928571428572,11.6,79,29,6.1,217,13.6,15.4,15.9,0.0,0.0,0.0,12.0,77.0,0.0,0.0,1.0,347.0,0.0,100400.0
2025-03-23 02:00:00,28.6912612633568,26.0721573732122,0.0,1.8910714285714285,10.6,82,35,6.7,223,12.9,15.3,15.9,0.0,0.0,0.0,11.0,78.0,0.0,0.0,2.0,222.0,0.0,100320.0
2025-03-23 03:00:00,28.6382764880841,26.200698278703,0.0,1.8912499999999999,11.0,74,33,11.8,223,12.4,15.1,15.9,0.0,0.0,0.02,10.0,82.0,0.0,0.0,0.0,228.0,0.0,100270.0
2025-03-23 04:00:00,28.4537699034357,25.8996835582315,0.0,1.8914285714285712,10.7,70,64,14.0,220,12.1,15.0,15.9,0.0,0.0,0.03,10.0,75.0,0.0,0.0,2.0,246.0,0.0,100210.0
2025-03-23 05:00:00,28.6565343020844,25.9609982424404,0.0,1.8916071428571428,10.5,71,83,13.8,217,11.8,14.8,15.8,0.0,0.0,0.03,9.0,78.0,0.0,0.0,2.0,264.0,0.0,100190.0
2025-03-23 06:00:00,28.4647943248638,25.8040364809046,0.0,1.8917857142857142,10.2,73,0,11.4,210,11.6,14.6,15.8,0.0,0.0,0.02,9.0,78.0,0.0,0.0,1.0,258.0,0.0,100160.0
2025-03-23 07:00:00,28.6670829468228,26.0131447173268,0.0,1.8919642857142855,10.8,73,2,11.8,208,11.5,14.5,15.8,0.0,0.0,0.04,8.0,79.0,1879.0,0.0,0.0,204.0,0.0,100180.0
2025-03-23 08:00:00,28.7242344945969,25.8279517261147,0.0,1.8921428571428571,13.3,65,8,15.1,206,12.3,14.4,15.8,0.0,0.0,0.12,11.0,74.0,12784.0,1.0,2.0,270.0,0.0,100200.0
2025-03-23 09:00:00,28.529041562529,25.8050181094105,0.0,1.8923214285714285,15.7,53,1,19.5,218,13.7,14.3,15.8,0.0,0.0,0.24,14.0,62.0,35334.0,2.0,2.0,264.0,0.0,100200.0
2025-03-23 10:00:00,28.5204282162811,25.9443149547017,0.0,1.8924999999999998,17.1,47,1,21.3,228,15.3,14.4,15.8,0.0,0.0,0.35,16.0,48.0,61764.0,4.0,4.0,264.0,0.0,100190.0
2025-03-23 11:00:00,28.3998272697752,25.9350859190424,0.0,1.8926785714285714,18.5,42,48,23.1,233,16.9,14.5,15.8,0.0,0.0,0.44,18.0,42.0,82688.0,5.0,4.0,252.0,0.0,100130.0
2025-03-23 12:00:00,28.227347797372,25.7105997020136,0.0,1.8928571428571428,19.8,39,23,22.5,229,18.2,14.7,15.8,0.0,0.0,0.48,18.0,41.0,58283.0,4.0,4.5,245.0,0.0,100090.0
2025-03-23 13:00:00,28.0921545709932,25.6664579701245,0.0,1.8930357142857142,20.0,37,91,29.1,238,19.0,15.0,15.8,0.0,0.0,0.5,18.0,40.0,33878.0,3.0,5.0,238.0,0.0,100050.0
2025-03-23 14:00:00,28.0845281497473,25.7116930027327,0.0,1.8932142857142855,19.3,39,56,20.0,247,19.0,15.2,15.8,0.0,0.0,0.35,20.0,37.0,95698.0,7.0,5.0,286.0,0.0,99940.0
2025-03-23 15:00:00,27.9672848110675,25.620811742664,0.0,1.893392857142857,18.3,45,91,31.5,253,19.1,15.5,15.8,0.9,0.9,0.39,20.0,36.0,36784.0,3.0,7.0,238.0,0.0,99880.0
2025-03-23 16:00:00,27.9907940031448,25.4536254888693,0.0,1.8935714285714285,15.9,61,56,13.4,301,17.7,15.6,15.8,0.2,0.2,0.15,20.0,37.0,35507.0,3.0,8.0,282.0,0.0,99830.0
2025-03-23 17:00:00,27.967803041863,25.5251493945129,0.0,1.8937499999999998,15.3,67,50,11.9,328,17.1,15.7,15.8,0.0,0.0,0.13,14.0,85.0,8159.0,1.0,3.0,24.0,0.0,99910.0
2025-03-23 18:00:00,27.9488733100398,25.5078664854422,0.0,1.8939285714285714,12.3,83,72,7.5,297,16.2,15.8,15.8,0.1,0.1,0.04,14.0,82.0,7996.0,0.0,1.0,48.0,0.0,99910.0
2025-03-23 19:00:00,28.0764063127364,25.6346517632155,0.0,1.8941071428571428,11.7,85,81,12.2,261,15.1,15.8,15.8,0.8,0.8,0.03,14.0,79.0,2683.0,0.0,2.0,54.0,0.0,99980.0
2025-03-23 20:00:00,27.9571012909107,25.4339455741656,0.0,1.8942857142857141,11.4,88,51,14.2,224,14.0,15.7,15.8,0.1,0.1,0.01,13.0,87.0,0.0,0.0,3.0,18.0,2.0,100080.0
2025-03-23 21:00:00,27.9420460809603,25.5832786219957,0.0,1.8944642857142857,11.0,85,41,14.9,217,13.2,15.6,15.8,0.1,0.1,0.01,12.0,89.0,0.0,0.0,2.0,217.0,15.0,100210.0
2025-03-23 22:00:00,28.1458370159042,25.4670487593944,0.0,1.894642857142857,10.5,83,48,9.4,228,12.5,15.4,15.8,0.0,0.0,0.0,12.0,86.0,0.0,0.0,2.0,234.0,0.0,100330.0
2025-03-23 23:00:00,28.000126453223,25.466422410991,0.0,1.8948214285714284,10.4,82,45,9.5,236,12.0,15.2,15.8,0.0,0.0,0.01,12.0,85.0,0.0,0.0,1.0,234.0,0.0,100410.0
2025-03-24 00:00:00,27.9891404115019,25.400075696034,0.0,1.895,10.0,82,17,9.6,236,11.7,15.0,15.8,0.0,0.0,0.01,11.0,85.0,0.0,0.0,2.0,240.0,0.0,100460.0
2025-03-24 01:00:00,27.8680312233278,25.4492134775546,0.0,1.8951785714285714,10.0,81,12,14.1,224,12.0,14.8,15.8,0.0,0.0,0.01,10.0,86.0,0.0,0.0,0.0,294.0,0.0,100470.0
2025-03-24 02:00:00,27.9283266625362,25.521399604725,0.0,1.8953571428571427,9.7,80,3,14.0,216,11.4,14.6,15.8,0.0,0.0,0.02,9.0,86.0,0.0,0.0,0.0,264.0,0.0,100470.0
2025-03-24 03:00:00,28.0303731965448,25.3541115334248,0.0,1.895535714285714,9.6,78,1,15.1,219,11.1,14.4,15.8,0.0,0.0,0.02,9.0,84.0,0.0,0.0,2.0,246.0,0.0,100450.0
2025-03-24 04:00:00,28.1313012355742,25.5545289773082,0.0,1.8957142857142857,9.3,77,4,14.9,218,10.8,14.2,15.7,0.0,0.0,0.02,9.0,86.0,0.0,0.0,1.0,294.0,0.0,100430.0
2025-03-24 05:00:00,27.8016036817897,25.3052234451439,0.0,1.895892857142857,9.1,78,4,13.3,220,10.6,14.0,15.7,0.0,0.0,0.02,8.0,86.0,0.0,0.0,2.0,246.0,0.0,100430.0
2025-03-24 06:00:00,27.9753540692564,25.304405080124,0.0,1.8960714285714284,9.0,79,2,12.1,216,10.4,13.9,15.7,0.0,0.0,0.01,8.0,83.0,0.0,0.0,2.0,234.0,0.0,100490.0
2025-03-24 07:00:00,27.8722210202471,25.3990486614324,0.0,1.89625,10.0,75,9,12.7,215,10.5,13.7,15.7,0.0,0.0,0.04,8.0,85.0,0.0,0.0,2.0,264.0,0.0,100570.0
2025-03-24 08:00:00,28.04038559128,25.3972520395607,0.0,1.8964285714285714,12.2,68,15,13.1,215,11.4,13.5,15.7,0.0,0.0,0.11,8.0,86.0,3539.0,0.0,0.0,198.0,0.0,100620.0
2025-03-24 09:00:00,28.0385365888904,25.4878942879238,0.0,1.8966071428571427,13.9,60,9,14.9,231,12.8,13.5,15.7,0.0,0.0,0.2,10.0,82.0,11870.0,0.0,2.0,276.0,0.0,100670.0
2025-03-24 10:00:00,28.0217955882515,25.5032556503808,0.0,1.8967857142857143,15.4,51,16,15.1,243,14.3,13.6,15.7,0.0,0.0,0.31,13.0,73.0,45805.0,3.0,4.0,294.0,0.0,100720.0
2025-03-24 11:00:00,27.8423505914753,25.1659054068583,0.0,1.8969642857142857,16.5,46,2,14.5,264,15.8,13.7,15.7,0.0,0.0,0.39,16.0,60.0,69008.0,6.0,3.0,293.0,0.0,100720.0
2025-03-24 12:00:00,27.7908095492356,25.0208232399625,0.0,1.897142857142857,17.4,44,8,13.6,291,17.3,13.9,15.7,0.0,0.0,0.46,16.0,46.0,86808.0,6.0,4.0,250.0,0.0,100670.0
2025-03-24 13:00:00,27.6239034046512,25.1875497028993,0.0,1.8973214285714284,17.5,43,51,10.6,307,18.5,14.2,15.6,0.1,0.1,0.46,17.0,42.0,121272.0,8.0,2.0,8.0,0.0,100660.0
2025-03-24 14:00:00,27.7040817359589,25.0216420844551,0.0,1.8975,17.0,45,57,12.0,330,18.6,14.5,15.6,0.0,0.0,0.36,17.0,55.0,96908.0,8.0,4.0,11.0,0.0,100640.0
2025-03-24 15:00:00,27.652245724377,25.1614270467536,0.0,1.8976785714285713,16.2,50,55,12.0,328,18.4,14.8,15.6,0.0,0.0,0.29,17.0,58.0,85052.0,7.0,3.0,342.0,0.0,100620.0
2025-03-24 16:00:00,27.563852002335,24.9058694766899,0.0,1.8978571428571427,16.0,51,47,8.5,329,18.1,15.0,15.6,0.0,0.0,0.23,17.0,52.0,68515.0,4.0,6.0,354.0,0.0,100600.0
2025-03-24 17:00:00,27.5979373394561,25.0117270613292,0.0,1.8980357142857143,15.5,52,29,5.4,347,17.5,15.2,15.6,0.0,0.0,0.15,16.0,57.0,44495.0,2.0,2.0,13.0,0.0,100610.0
2025-03-24 18:00:00,27.4182461648409,25.1734270359089,0.0,1.8982142857142856,14.0,68,4,2.2,2,16.5,15.3,15.6,0.0,0.0,0.05,16.0,52.0,9752.0,1.0,5.0,334.0,0.0,100650.0
2025-03-24 19:00:00,27.5470702731108,24.8421898927616,0.0,1.898392857142857,12.4,68,15,0.9,352,15.0,15.4,15.6,0.0,0.0,0.01,15.0,61.0,4020.0,0.0,1.0,37.0,0.0,100690.0
2025-03-24 20:00:00,27.4616742737308,24.9144901439063,0.0,1.8985714285714286,11.3,71,21,3.9,157,13.8,15.3,15.6,0.0,0.0,0.0,13.0,68.0,0.0,0.0,1.0,12.0,0.0,100760.0
2025-03-24 21:00:00,27.3798784208329,25.0069795249515,0.0,1.89875,10.6,74,35,4.9,192,13.1,15.2,15.6,0.0,0.0,0.0,12.0,73.0,0.0,0.0,2.0,144.0,0.0,100840.0
2025-03-24 22:00:00,27.5331528933266,24.9978190905525,0.0,1.8989285714285713,9.9,77,51,6.5,211,12.5,15.0,15.6,0.0,0.0,0.0,11.0,78.0,0.0,0.0,0.0,174.0,0.0,100900.0
2025-03-24 23:00:00,27.2913440414001,25.0527756773006,0.0,1.8991071428571427,10.0,74,32,7.0,230,12.1,14.9,15.6,0.0,0.0,0.01,11.0,77.0,0.0,0.0,2.0,164.0,0.0,100910.0
2025-03-25 00:00:00,27.5639367377968,25.0443071361244,0.0,1.8992857142857142,10.0,73,51,6.5,220,11.8,14.7,15.6,0.0,0.0,0.01,11.0,79.0,0.0,0.0,0.0,228.0,0.0,100920.0
2025-03-25 01:00:00,27.7038888495506,25.0019012911879,0.0,1.8994642857142856,10.8,73,67,7.0,214,12.6,14.7,15.6,0.0,0.0,0.01,11.0,80.0,0.0,0.0,0.0,240.0,0.0,100900.0
2025-03-25 02:00:00,27.5203748863055,24.8597081528957,0.0,1.899642857142857,10.0,77,44,6.0,211,12.1,14.5,15.6,0.0,0.0,0.0,11.0,78.0,0.0,0.0,0.0,270.0,0.0,100860.0
2025-03-25 03:00:00,27.3883721836926,24.9311700487621,0.0,1.8998214285714285,9.6,78,45,3.6,234,11.5,14.4,15.6,0.0,0.0,0.0,12.0,78.0,0.0,0.0,0.0,216.0,0.0,100820.0
2025-03-25 04:00:00,27.408596463379,24.8178968833874,0.0,1.9,9.7,77,43,2.9,242,11.1,14.2,15.6,0.0,0.0,0.0,11.0,82.0,0.0,0.0,0.0,192.0,0.0,100780.0
2025-03-25 05:00:00,27.5682245985124,24.9048534418268,0.0,1.9001785714285713,8.7,81,10,4.7,254,10.7,14.0,15.6,0.0,0.0,0.0,10.0,85.0,0.0,0.0,0.0,192.0,0.0,100770.0
2025-03-25 06:00:00,27.573037034084,24.9241832267674,0.0,1.9003571428571429,8.2,84,4,7.2,241,10.4,13.9,15.6,0.0,0.0,0.0,11.0,76.0,0.0,0.0,0.0,228.0,0.0,100790.0
2025-03-25 07:00:00,27.5652583555208,24.9258670170065,0.0,1.9005357142857142,9.2,82,2,9.7,239,10.5,13.7,15.6,0.0,0.0,0.03,9.0,84.0,0.0,0.0,0.0,198.0,0.0,100820.0
2025-03-25 08:00:00,27.5004352266078,24.9827503770979,0.0,1.9007142857142856,12.5,73,1,9.0,234,11.5,13.5,15.6,0.0,0.0,0.1,9.0,84.0,4810.0,0.0,0.0,240.0,0.0,100870.0
2025-03-25 09:00:00,27.6981926432413,24.9185679652623,0.0,1.9008928571428572,14.7,63,1,11.1,239,13.1,13.5,15.5,0.0,0.0,0.21,12.0,73.0,21084.0,1.0,4.0,276.0,0.0,100910.0
2025-03-25 10:00:00,27.3151413963477,24.8826670722807,0.0,1.9010714285714285,16.1,57,30,9.0,260,14.9,13.6,15.5,0.0,0.0,0.32,14.0,65.0,49342.0,3.0,2.0,252.0,0.0,100940.0
2025-03-25 11:00:00,27.3761471728141,24.6854024646806,0.0,1.9012499999999999,17.1,52,13,7.0,282,16.5,13.8,15.5,0.0,0.0,0.38,16.0,55.0,72872.0,7.0,2.0,182.0,0.0,100960.0
2025-03-25 12:00:00,27.2498062226708,24.530864890776,0.0,1.9014285714285712,18.1,46,37,6.7,297,18.0,14.0,15.5,0.0,0.0,0.45,16.0,50.0,98365.0,8.0,1.0,341.0,0.0,100950.0
2025-03-25 13:00:00,27.0267523885506,24.8081948577129,0.0,1.9016071428571428,18.8,40,99,7.8,343,18.9,14.2,15.5,0.0,0.0,0.4,17.0,51.0,30166.0,3.0,0.0,343.0,0.0,100910.0
2025-03-25 14:00:00,27.0438347491567,24.4350054802699,0.0,1.9017857142857142,17.4,52,24,14.0,7,18.7,14.5,15.5,0.0,0.0,0.28,19.0,46.0,94068.0,7.0,4.0,37.0,0.0,100850.0
2025-03-25 15:00:00,27.0755675834404,24.6839439174437,0.0,1.9019642857142856,17.2,54,23,13.5,7,19.0,14.8,15.5,0.0,0.0,0.36,17.0,54.0,21584.0,2.0,4.0,355.0,0.0,100820.0
2025-03-25 16:00:00,26.8992478704704,24.4017431090352,0.0,1.9021428571428571,16.9,54,10,9.8,4,18.8,15.1,15.5,0.0,0.0,0.27,17.0,59.0,73412.0,5.0,5.0,42.0,0.0,100820.0
2025-03-25 17:00:00,27.0893399708726,24.3685723139492,0.0,1.9023214285714285,16.4,55,8,9.4,9,18.1,15.3,15.5,0.0,0.0,0.18,16.0,63.0,15933.0,1.0,2.0,355.0,0.0,100830.0
2025-03-25 18:00:00,27.0741995788579,24.4711675398993,0.0,1.9024999999999999,14.4,72,1,4.5,51,17.0,15.4,15.5,0.0,0.0,0.06,17.0,62.0,19582.0,1.0,3.0,48.0,0.0,100850.0
2025-03-25 19:00:00,26.8069437237047,24.5755458997938,0.0,1.9026785714285714,12.7,76,0,1.8,63,15.4,15.5,15.5,0.0,0.0,0.02,15.0,66.0,2917.0,0.0,2.0,42.0,0.0,100900.0
2025-03-25 20:00:00,27.0936335987118,24.2952061120544,0.0,1.9028571428571428,11.9,77,4,1.6,105,14.2,15.4,15.5,0.0,0.0,0.0,13.0,75.0,0.0,0.0,0.0,126.0,0.0,100950.0
2025-03-25 21:00:00,27.0729200249761,24.625375954323,0.0,1.9030357142857142,10.9,79,13,3.6,178,13.2,15.3,15.5,0.0,0.0,0.0,11.0,83.0,0.0,0.0,0.0,180.0,0.0,101010.0
2025-03-25 22:00:00,27.0162599762827,24.454625017352,0.0,1.9032142857142855,10.3,79,12,4.7,187,12.6,15.2,15.5,0.0,0.0,0.0,10.0,85.0,0.0,0.0,0.0,175.0,0.0,101060.0
2025-03-25 23:00:00,26.8939768061183,24.4265525429016,0.0,1.903392857142857,9.9,79,15,5.2,203,12.1,15.0,15.5,0.0,0.0,0.0,9.0,87.0,0.0,0.0,1.0,178.0,0.0,101070.0
2025-03-26 00:00:00,27.1542729221779,24.357989732603,0.0,1.9035714285714285,9.9,79,29,5.9,209,11.8,14.8,15.5,0.0,0.0,0.0,9.0,86.0,0.0,0.0,2.0,168.0,0.0,101080.0
2025-03-26 01:00:00,26.8905041878433,24.2459932945411,0.0,1.9037499999999998,10.5,77,17,5.9,227,12.2,14.6,15.5,0.0,0.0,0.0,10.0,82.0,0.0,0.0,1.0,178.0,0.0,101050.0
2025-03-26 02:00:00,26.9608971080489,24.260585514912,0.0,1.9039285714285714,9.6,86,67,4.5,208,11.7,14.5,15.5,0.6,0.6,0.0,8.0,90.0,0.0,0.0,0.0,192.0,0.0,101050.0
2025-03-26 03:00:00,26.962576878018,24.2897294842253,0.0,1.9041071428571428,9.4,89,31,5.0,164,11.2,14.3,15.5,0.6,0.6,0.0,7.0,92.0,0.0,0.0,0.0,168.0,0.0,101000.0
2025-03-26 04:00:00,27.0735021310204,24.395768412305,0.0,1.9042857142857141,8.8,88,23,4.5,194,10.6,14.1,15.5,0.0,0.0,0.0,8.0,88.0,0.0,0.0,0.0,204.0,0.0,100960.0
2025-03-26 05:00:00,27.1733654098527,24.2976974924708,0.0,1.9044642857142857,9.1,90,21,6.9,209,10.4,13.9,15.5,0.0,0.0,0.0,8.0,88.0,0.0,0.0,0.0,210.0,0.0,100950.0
2025-03-26 06:00:00,26.9180749398294,24.2911241596701,0.0,1.904642857142857,8.8,91,14,8.5,219,10.1,13.7,15.4,0.0,0.0,0.0,7.0,90.0,0.0,0.0,1.0,168.0,0.0,100950.0
2025-03-26 07:00:00,26.9379486387648,24.3603735167658,0.0,1.9048214285714284,9.9,87,8,11.0,226,10.2,13.5,15.4,0.0,0.0,0.02,7.0,92.0,210.0,0.0,1.0,186.0,0.0,100970.0
2025-03-26 08:00:00,27.0024147063829,24.3226672906357,0.0,1.905,13.2,79,7,9.4,229,11.4,13.4,15.4,0.0,0.0,0.1,10.0,86.0,6157.0,0.0,2.0,210.0,0.0,100990.0
2025-03-26 09:00:00,26.7452146600052,24.1966204328867,0.0,1.9051785714285714,15.8,64,6,10.1,240,13.1,13.4,15.4,0.0,0.0,0.22,13.0,80.0,25911.0,1.0,2.0,276.0,0.0,101010.0
2025-03-26 10:00:00,26.9999430801317,24.2094076460709,0.0,1.9053571428571427,17.3,55,5,8.6,260,15.0,13.5,15.4,0.0,0.0,0.33,16.0,66.0,54652.0,5.0,3.0,285.0,0.0,101040.0
2025-03-26 11:00:00,26.7414051575311,24.1005898344555,0.0,1.905535714285714,18.2,50,15,6.3,280,16.8,13.7,15.4,0.0,0.0,0.42,18.0,55.0,77136.0,5.0,1.0,266.0,0.0,101050.0
2025-03-26 12:00:00,26.5995333128717,24.1313746030883,0.0,1.9057142857142857,19.0,46,12,5.1,307,18.4,13.9,15.4,0.0,0.0,0.46,19.0,47.0,92006.0,7.0,2.0,342.0,0.0,100990.0
2025-03-26 13:00:00,26.399327589585,24.1350209294236,0.0,1.905892857142857,20.0,43,0,6.8,343,20.0,14.5,15.4,0.0,0.0,0.49,20.0,41.0,98612.0,6.0,2.0,84.0,0.0,100930.0
2025-03-26 14:00:00,26.2782645333788,23.9517609023404,0.0,1.9060714285714284,20.2,43,0,9.0,356,20.7,14.9,15.4,0.0,0.0,0.48,19.0,44.0,93592.0,8.0,5.0,30.0,0.0,100840.0
2025-03-26 15:00:00,26.3548434289066,24.1915999638206,0.0,1.90625,19.6,45,4,12.0,11,20.8,15.3,15.4,0.0,0.0,0.42,20.0,45.0,80835.0,5.0,6.0,53.0,0.0,100750.0
2025-03-26 16:00:00,26.322696571138,23.8573042533279,0.0,1.9064285714285714,18.4,51,2,12.2,27,20.4,15.6,15.4,0.0,0.0,0.31,19.0,48.0,61576.0,5.0,6.0,0.0,0.0,100730.0
2025-03-26 17:00:00,26.3402409222685,23.9503304861103,0.0,1.9066071428571427,17.3,54,0,8.4,44,19.5,15.8,15.4,0.0,0.0,0.19,19.0,52.0,37506.0,3.0,3.0,39.0,0.0,100730.0
2025-03-26 18:00:00,26.1764420359763,23.9687039812198,0.0,1.9067857142857143,15.3,69,0,4.6,82,18.2,16.0,15.4,0.0,0.0,0.06,18.0,57.0,13610.0,0.0,3.0,54.0,0.0,100730.0
2025-03-26 19:00:00,26.1958805825908,23.8153369691165,0.0,1.9069642857142857,13.4,72,0,3.0,103,16.4,16.1,15.4,0.0,0.0,0.02,16.0,65.0,2235.0,0.0,2.0,60.0,0.0,100720.0
2025-03-26 20:00:00,26.2481915220207,23.9973252182464,0.0,1.907142857142857,12.0,75,0,3.6,169,15.1,16.0,15.4,0.0,0.0,0.0,14.0,72.0,0.0,0.0,1.0,102.0,0.0,100740.0
2025-03-26 21:00:00,26.1336404482526,23.7892956296357,0.0,1.9073214285714284,11.1,77,0,4.6,197,14.1,15.9,15.4,0.0,0.0,0.0,13.0,71.0,0.0,0.0,1.0,138.0,0.0,100790.0
2025-03-26 22:00:00,26.0173105464767,23.7948814374764,0.0,1.9075,10.3,78,3,4.8,218,13.3,15.8,15.4,0.0,0.0,0.0,11.0,79.0,0.0,0.0,0.0,186.0,0.0,100800.0
2025-03-26 23:00:00,26.3108063966238,23.8976316145019,0.0,1.9076785714285713,10.3,75,18,5.1,230,12.6,15.6,15.4,0.0,0.0,0.0,11.0,70.0,0.0,0.0,1.0,178.0,0.0,100780.0
2025-03-27 00:00:00,26.23047513345,23.724743165762,0.0,1.9078571428571427,10.2,71,8,5.2,216,12.2,15.4,15.4,0.0,0.0,0.0,10.0,83.0,0.0,0.0,0.0,179.0,0.0,100780.0
2025-03-27 01:00:00,26.2029477393159,23.8613888096053,0.0,1.9080357142857143,11.1,67,1,6.4,211,12.3,15.2,15.4,0.0,0.0,0.01,9.0,81.0,0.0,0.0,2.0,179.0,0.0,100740.0
2025-03-27 02:00:00,26.3068262539892,23.7718094761656,0.0,1.9082142857142856,10.8,65,0,7.5,217,12.0,15.1,15.4,0.0,0.0,0.02,10.0,77.0,0.0,0.0,1.0,180.0,0.0,100700.0
2025-03-27 03:00:00,26.2931652115496,23.6636078894648,0.0,1.908392857142857,10.5,65,0,7.1,215,11.7,14.9,15.4,0.0,0.0,0.02,10.0,73.0,0.0,0.0,1.0,172.0,0.0,100630.0
2025-03-27 04:00:00,26.1626936672271,23.6994585618441,0.0,1.9085714285714286,10.1,67,0,6.2,213,11.4,14.7,15.4,0.0,0.0,0.01,10.0,79.0,0.0,0.0,0.0,204.0,0.0,100580.0
2025-03-27 05:00:00,26.2789934965218,23.8520302975196,0.0,1.90875,9.6,70,0,6.4,217,11.2,14.5,15.4,0.0,0.0,0.01,8.0,85.0,0.0,0.0,0.0,180.0,0.0,100540.0
2025-03-27 06:00:00,26.2102550061044,23.8785840137032,0.0,1.9089285714285713,9.3,71,0,6.4,228,10.9,14.3,15.4,0.0,0.0,0.01,10.0,79.0,0.0,0.0,1.0,222.0,0.0,100550.0
2025-03-27 07:00:00,26.3912929865871,23.7522868849432,0.0,1.9091071428571427,11.1,68,0,7.0,242,11.0,14.1,15.4,0.0,0.0,0.03,9.0,78.0,743.0,0.0,1.0,192.0,0.0,100550.0
2025-03-27 08:00:00,25.9898897655079,24.0399088126811,0.0,1.9092857142857143,14.6,63,0,8.2,250,12.3,14.0,15.4,0.0,0.0,0.12,12.0,68.0,8294.0,0.0,1.0,246.0,0.0,100570.0
2025-03-27 09:00:00,26.183958172075,23.7694302728667,0.0,1.9094642857142856,17.4,53,0,8.6,265,14.1,14.0,15.4,0.0,0.0,0.25,15.0,61.0,31772.0,2.0,3.0,276.0,0.0,100580.0
2025-03-27 10:00:00,25.8377953091176,23.8697769680149,0.0,1.909642857142857,19.5,46,0,8.6,263,16.2,14.1,15.4,0.0,0.0,0.37,17.0,51.0,60920.0,5.0,4.0,282.0,0.0,100620.0
2025-03-27 11:00:00,26.0044022714729,23.56276327634,0.0,1.9098214285714286,21.1,40,0,9.0,257,18.1,14.3,15.4,0.0,0.0,0.48,20.0,41.0,82484.0,7.0,3.0,222.0,0.0,100570.0
2025-03-27 12:00:00,25.9011936322079,30.6202646023231,0.0,1.91,22.3,36,49,7.6,269,19.9,14.6,15.4,0.0,0.0,0.54,21.0,40.0,94192.0,8.0,3.0,297.0,0.0,100500.0
2025-03-27 13:00:00,25.7407145917853,34.5739010578364,0.0,1.9092261904761905,22.8,35,36,9.5,334,21.2,15.0,15.4,0.0,0.0,0.57,22.0,36.0,97460.0,9.0,4.0,301.0,0.0,100430.0
2025-03-27 14:00:00,25.4842905810421,33.2917966531291,0.0,1.9084523809523808,21.8,41,2,15.3,1,21.8,15.4,15.4,0.0,0.0,0.52,22.0,39.0,92343.0,6.0,4.0,359.0,0.0,100370.0
2025-03-27 15:00:00,25.6423537980116,32.9033384219036,0.0,1.9076785714285713,20.9,40,38,13.9,355,21.8,15.7,15.4,0.0,0.0,0.45,21.0,43.0,78564.0,6.0,4.0,28.0,0.0,100350.0
2025-03-27 16:00:00,26.3192866943166,32.1195559716207,0.0,1.9069047619047619,20.4,40,18,10.7,353,21.4,16.1,15.4,0.0,0.0,0.34,21.0,45.0,58179.0,4.0,2.0,29.0,0.0,100340.0
2025-03-27 17:00:00,27.1044126474283,31.6599861067858,0.0,1.9061309523809522,19.3,45,7,7.6,12,20.6,16.3,15.4,0.0,0.0,0.21,20.0,41.0,33399.0,2.0,4.0,18.0,0.0,100350.0
2025-03-27 18:00:00,28.2756754636294,31.290040890593,0.0,1.9053571428571427,16.7,62,9,4.8,59,19.2,16.5,15.4,0.0,0.0,0.07,19.0,45.0,10782.0,1.0,2.0,30.0,0.0,100360.0
2025-03-27 19:00:00,29.0325427688158,31.1895011001832,0.0,1.9045833333333333,14.4,69,46,5.6,92,17.4,16.6,15.4,0.0,0.0,0.03,17.0,56.0,1083.0,0.0,2.0,48.0,0.0,100390.0
2025-03-27 20:00:00,29.511426732111,30.7771360657985,0.0,1.9038095238095238,13.3,70,94,4.1,151,16.1,16.6,15.4,0.0,0.0,0.0,15.0,61.0,0.0,0.0,2.0,136.0,0.0,100430.0
2025-03-27 21:00:00,29.7044838141566,30.6874523702319,0.0,1.9030357142857142,12.3,68,43,4.0,169,14.9,16.5,15.4,0.0,0.0,0.0,15.0,60.0,0.0,0.0,1.0,156.0,0.0,100500.0
2025-03-27 22:00:00,30.111461369377,30.6673911065125,0.0,1.9022619047619047,11.6,65,63,4.5,183,14.1,16.4,15.4,0.0,0.0,0.01,13.0,64.0,0.0,0.0,0.0,180.0,0.0,100490.0
2025-03-27 23:00:00,30.0510912661041,30.4387035018175,0.0,1.9014880952380953,11.0,64,34,4.8,204,13.4,16.2,15.4,0.0,0.0,0.01,12.0,67.0,0.0,0.0,0.0,210.0,0.0,100530.0
2025-03-28 00:00:00,30.1662773768571,30.4688269263773,0.0,1.9007142857142856,10.9,63,10,4.8,230,12.8,16.0,15.4,0.0,0.0,0.01,9.0,77.0,0.0,0.0,1.0,172.0,0.0,100500.0
2025-03-28 01:00:00,30.0296107549277,30.1161289948787,0.0,1.8999404761904761,11.4,59,14,4.4,237,12.4,15.8,15.4,0.0,0.0,0.01,10.0,73.0,0.0,0.0,0.0,30.0,0.0,100470.0
2025-03-28 02:00:00,30.1604259685484,30.2934464796414,0.0,1.8991666666666667,11.0,59,1,4.8,233,11.9,15.6,15.4,0.0,0.0,0.01,8.0,79.0,0.0,0.0,0.0,174.0,0.0,100450.0
2025-03-28 03:00:00,30.2391078435227,30.1811047701117,0.0,1.898392857142857,10.4,61,1,4.2,229,11.5,15.4,15.4,0.0,0.0,0.01,8.0,77.0,0.0,0.0,0.0,168.0,0.0,100380.0
2025-03-28 04:00:00,30.1857373649112,30.1275114402574,0.0,1.8976190476190475,9.8,64,0,4.1,218,11.2,15.1,15.4,0.0,0.0,0.0,7.0,84.0,0.0,0.0,0.0,186.0,0.0,100350.0
2025-03-28 05:00:00,30.2443383689807,29.9611282143916,0.0,1.896845238095238,9.5,66,0,4.6,214,10.9,14.9,15.4,0.0,0.0,0.0,8.0,81.0,0.0,0.0,0.0,180.0,0.0,100360.0
2025-03-28 06:00:00,30.1023314522514,29.9043646154177,0.0,1.8960714285714284,9.3,67,0,4.6,223,10.7,14.7,15.4,0.0,0.0,0.0,8.0,77.0,0.0,0.0,1.0,216.0,0.0,100370.0
2025-03-28 07:00:00,30.3031133444002,29.7144331998727,0.0,1.895297619047619,11.4,65,0,5.8,235,10.9,14.5,15.4,0.0,0.0,0.03,6.0,84.0,1935.0,0.0,0.0,180.0,0.0,100400.0
2025-03-28 08:00:00,30.0974344726998,29.990732211691,0.0,1.8945238095238095,15.0,59,0,6.4,249,12.3,14.3,15.4,0.0,0.0,0.12,13.0,66.0,11848.0,0.0,0.0,228.0,0.0,100440.0
2025-03-28 09:00:00,30.1229363538252,29.6139690531599,0.0,1.8937499999999998,18.0,47,0,3.3,265,14.4,14.3,15.4,0.0,0.0,0.24,16.0,55.0,37503.0,2.0,2.0,317.0,0.0,100480.0
2025-03-28 10:00:00,30.0260863680356,29.6080046058036,0.0,1.8929761904761904,19.9,41,0,2.3,297,16.6,14.4,15.4,0.0,0.0,0.37,19.0,43.0,66408.0,7.0,2.0,348.0,0.0,100520.0
2025-03-28 11:00:00,29.9180120575942,29.3713909961688,0.0,1.892202380952381,21.3,40,0,3.5,299,18.8,14.6,15.4,0.0,0.0,0.47,20.0,40.0,86424.0,6.0,0.0,210.0,0.0,100550.0
2025-03-28 12:00:00,30.0014580425174,29.0740988192692,18.73525508606925,1.8914285714285715,22.4,38,0,6.4,344,20.6,14.9,15.4,0.0,0.0,0.54,21.0,38.0,96526.0,7.0,2.0,282.0,0.0,100510.0
2025-03-28 13:00:00,29.9219756517834,29.0409822672598,0.0,1.8906547619047618,22.8,39,0,12.8,358,21.7,15.3,15.4,0.0,0.0,0.56,22.0,37.0,98336.0,7.0,2.0,180.0,0.0,100490.0
2025-03-28 14:00:00,30.1241811861792,28.5661680101031,0.0,1.8898809523809523,21.9,41,0,14.9,359,22.1,15.7,15.4,0.0,0.0,0.52,21.0,51.0,90924.0,8.0,6.0,17.0,0.0,100460.0
2025-03-28 15:00:00,29.9038583039976,28.7498247623237,0.0,1.8891071428571429,22.1,37,0,10.7,351,22.3,16.1,15.4,0.0,0.0,0.46,21.0,46.0,75720.0,5.0,2.0,84.0,0.0,100430.0
2025-03-28 16:00:00,29.8851322006318,28.9431603976669,0.0,1.8883333333333332,21.3,38,0,11.2,3,21.9,16.4,15.4,0.0,0.0,0.36,21.0,43.0,54268.0,3.0,4.0,355.0,0.0,100420.0
2025-03-28 17:00:00,29.5622178254381,28.3621005391525,0.0,1.8875595238095237,19.9,44,0,7.8,22,21.0,16.7,15.4,0.0,0.0,0.22,21.0,34.0,29610.0,2.0,4.0,358.0,0.0,100410.0
2025-03-28 18:00:00,29.5692853121481,28.5203042006334,0.0,1.8867857142857143,16.9,61,0,5.0,76,19.6,16.8,15.4,0.0,0.0,0.08,19.0,44.0,8003.0,0.0,4.0,7.0,0.0,100470.0
2025-03-28 19:00:00,29.8019399388882,28.4691775635711,0.0,1.8860119047619046,14.4,67,0,6.3,115,17.7,16.9,15.4,0.0,0.0,0.04,17.0,45.0,507.0,0.0,2.0,354.0,0.0,100510.0
2025-03-28 20:00:00,29.818725836901,28.3783737557453,0.0,1.8852380952380952,12.9,70,1,4.8,148,16.3,16.9,15.4,0.0,0.0,0.0,13.0,61.0,0.0,0.0,1.0,169.0,0.0,100540.0
2025-03-28 21:00:00,29.839535051613,28.459914242004,0.0,1.8844642857142857,11.9,71,0,4.5,176,15.2,16.8,15.4,0.0,0.0,0.0,13.0,60.0,0.0,0.0,2.0,140.0,0.0,100610.0
2025-03-28 22:00:00,29.7813003942422,28.2730534632737,0.0,1.883690476190476,11.9,65,0,5.5,194,14.3,16.6,15.5,0.0,0.0,0.01,12.0,67.0,0.0,0.0,0.0,173.0,0.0,100620.0
2025-03-28 23:00:00,29.6828335229677,28.1853908498507,0.0,1.8829166666666666,12.0,57,0,6.5,196,13.6,16.5,15.5,0.0,0.0,0.02,9.0,73.0,0.0,0.0,1.0,154.0,0.0,100660.0
2025-03-29 00:00:00,29.621349058419,28.1176227232052,0.0,1.8821428571428571,11.9,55,0,6.7,200,13.1,16.3,15.5,0.0,0.0,0.03,10.0,71.0,0.0,0.0,0.0,184.0,0.0,100670.0
2025-03-29 01:00:00,29.5598645938703,28.149292611272,0.0,1.8813690476190477,12.6,51,0,7.4,207,13.0,16.0,15.5,0.0,0.0,0.03,10.0,67.0,0.0,0.0,1.0,180.0,0.0,100670.0
2025-03-29 02:00:00,29.7385336944196,28.2538703419941,0.0,1.880595238095238,12.2,55,0,8.0,215,12.7,15.8,15.5,0.0,0.0,0.03,11.0,63.0,0.0,0.0,2.0,175.0,0.0,100660.0
2025-03-29 03:00:00,29.78761651836,28.158746302823,0.0,1.8798214285714285,11.9,58,0,9.3,217,12.5,15.6,15.5,0.0,0.0,0.03,12.0,57.0,0.0,0.0,1.0,210.0,0.0,100640.0
2025-03-29 04:00:00,29.7036685948217,28.1761069140604,0.0,1.879047619047619,11.5,61,0,9.2,213,12.3,15.5,15.5,0.0,0.0,0.03,12.0,58.0,0.0,0.0,0.5,222.0,0.0,100620.0
2025-03-29 05:00:00,29.6413607965213,28.2620319557562,0.0,1.8782738095238094,11.1,64,0,8.5,213,12.1,15.3,15.5,0.0,0.0,0.02,12.0,59.0,0.0,0.0,0.0,234.0,0.0,100600.0
2025-03-29 06:00:00,29.6266331752566,28.2162038276669,0.0,1.8775,10.8,65,0,9.2,206,11.9,15.1,15.5,0.0,0.0,0.03,10.0,67.0,0.0,0.0,2.0,186.0,0.0,100580.0
2025-03-29 07:00:00,29.5288605173755,27.9216540991097,0.0,1.8767261904761905,12.4,63,0,10.9,207,12.1,14.9,15.5,0.0,0.0,0.06,9.0,68.0,0.0,0.0,1.0,172.0,0.0,100610.0
2025-03-29 08:00:00,29.7321536673766,28.1215713718848,0.0,1.8759523809523808,16.5,55,0,10.3,224,13.3,14.8,15.5,0.0,0.0,0.15,12.0,60.0,3471.0,0.0,1.0,204.0,0.0,100660.0
2025-03-29 09:00:00,29.4304364984761,28.0714290295961,0.0,1.8751785714285714,20.2,43,0,8.3,222,15.3,14.8,15.5,0.0,0.0,0.29,14.0,54.0,16800.0,1.0,2.0,234.0,0.0,100670.0
2025-03-29 10:00:00,29.450018640309302,28.0009112668317,0.0,1.874404761904762,22.2,36,0,4.7,229,17.5,14.9,15.5,0.0,0.0,0.4,18.0,44.0,45332.0,2.0,2.0,218.0,0.0,100680.0
2025-03-29 11:00:00,29.4696007821425,27.949841877944,0.0,1.8736309523809522,23.3,34,0,2.2,261,19.7,15.1,15.5,0.0,0.0,0.49,21.0,37.0,71343.0,6.0,2.0,332.0,0.0,100700.0
2025-03-29 12:00:00,29.383251943228,27.6808312159447,0.0,1.8728571428571428,24.2,33,0,1.8,265,21.6,15.5,15.5,0.0,0.0,0.56,22.0,35.0,80981.0,7.0,2.0,240.0,0.0,100660.0
2025-03-29 13:00:00,29.5588082704219,30.9741607024691,0.0,1.8720833333333333,25.6,27,0,5.3,286,22.5,15.8,15.5,0.0,0.0,0.6,24.0,32.0,97897.0,6.0,3.0,268.0,0.0,100640.0
2025-03-29 14:00:00,29.7343645976158,31.0814949818044,0.0,1.8713095238095239,25.6,28,0,7.8,347,23.5,16.2,15.5,0.0,0.0,0.57,25.0,30.0,98020.0,7.0,2.0,27.0,0.0,100550.0
2025-03-29 15:00:00,29.9099209248097,31.2434390199625,0.0,1.8705357142857142,24.6,34,0,11.1,8,23.7,16.6,15.5,0.0,0.0,0.5,26.0,29.0,90561.0,6.0,4.0,294.0,0.0,100450.0
2025-03-29 16:00:00,30.0854772520036,30.6547394290806,0.0,1.8697619047619047,23.7,38,0,9.6,20,23.3,16.9,15.5,0.0,0.0,0.38,24.0,32.0,73710.0,6.0,4.0,8.0,0.0,100350.0
2025-03-29 17:00:00,30.2610335791975,30.5580053149808,0.0,1.8689880952380953,22.0,44,0,9.5,34,22.4,17.2,15.5,0.0,0.0,0.24,24.0,32.0,50896.0,4.0,4.0,40.0,0.0,100250.0
2025-03-29 18:00:00,30.4365899063914,30.4425025928703,0.0,1.8682142857142856,18.8,57,0,6.4,57,20.9,17.4,15.5,0.0,0.0,0.09,24.0,34.0,25309.0,2.0,3.0,13.0,0.0,100220.0
2025-03-29 19:00:00,30.6121462335853,30.2524287970437,0.0,1.8674404761904762,16.0,68,0,7.2,86,19.0,17.5,15.5,0.0,0.0,0.04,21.0,47.0,5326.0,0.0,3.0,36.0,0.0,100260.0
2025-03-29 20:00:00,30.6564375076165,30.4289910731832,0.0,1.8666666666666667,14.5,69,0,6.5,103,17.5,17.5,15.5,0.0,0.0,0.01,17.0,59.0,172.0,0.0,2.0,94.0,0.0,100320.0
2025-03-29 21:00:00,30.60477339938655,30.2795199750467,0.0,1.865892857142857,14.5,59,0,2.0,112,16.1,17.5,15.5,0.0,0.0,0.0,15.0,65.0,0.0,0.0,3.0,84.0,0.0,100390.0
2025-03-29 22:00:00,30.5531092911566,30.0717657025436,0.0,1.8651190476190476,14.5,54,0,1.5,103,15.0,17.3,15.5,0.0,0.0,0.0,15.0,60.0,0.0,0.0,1.0,137.0,0.0,100400.0
2025-03-29 23:00:00,30.4866232378033,30.3021593579404,0.0,1.864345238095238,14.3,49,0,2.2,121,14.1,17.1,15.6,0.0,0.0,0.0,12.0,70.0,0.0,0.0,0.0,285.0,0.0,100410.0
2025-03-30 00:00:00,30.6123927615006,30.1534758955748,0.0,1.8635714285714284,13.9,46,0,1.9,109,13.4,16.9,15.6,0.0,0.0,0.0,10.0,79.0,0.0,0.0,0.0,167.0,0.0,100450.0
2025-03-30 01:00:00,30.7078399919805,30.1486264408358,0.0,1.862797619047619,13.3,43,0,2.3,110,12.6,16.7,15.6,0.0,0.0,0.0,10.0,78.0,0.0,0.0,0.0,198.0,0.0,100450.0
2025-03-30 02:00:00,30.657118324252,30.14696837325605,0.0,1.8620238095238095,13.3,44,0,1.1,84,12.2,16.4,15.6,0.0,0.0,0.0,9.0,78.0,0.0,0.0,0.0,204.0,0.0,100410.0
2025-03-30 03:00:00,30.6063966565235,30.1453103056763,0.0,1.8612499999999998,12.1,50,0,5.2,68,11.8,16.1,15.6,0.0,0.0,0.02,8.5,80.0,0.0,0.0,0.0,158.5,0.0,100420.0
2025-03-30 04:00:00,30.555674988794998,29.9411591788936,0.0,1.8604761904761904,11.8,52,0,2.5,75,11.4,15.9,15.6,0.0,0.0,0.0,8.0,82.0,0.0,0.0,0.0,113.0,0.0,100430.0
2025-03-30 05:00:00,30.5049533210665,29.9390347413997,0.0,1.859702380952381,12.0,51,0,2.2,71,11.1,15.6,15.6,0.0,0.0,0.0,7.0,76.0,0.0,0.0,1.0,168.0,0.0,100360.0
2025-03-30 06:00:00,30.463321422911683,30.0537584444307,0.0,1.8589285714285715,11.8,52,0,2.3,64,10.7,15.3,15.6,0.0,0.0,0.0,7.0,79.0,0.0,0.0,0.0,126.0,0.0,100350.0
2025-03-30 07:00:00,30.421689524756868,29.8255639962643,0.0,1.8581547619047618,13.1,58,0,1.5,52,11.1,15.1,15.6,0.0,0.0,0.02,7.0,79.0,0.0,0.0,1.0,90.0,0.0,100380.0
2025-03-30 08:00:00,30.380057626602053,29.6317301633982,0.0,1.8573809523809524,16.1,53,0,4.6,38,12.8,14.9,15.6,0.0,0.0,0.13,8.0,81.0,0.0,0.0,0.0,176.0,0.0,100420.0
2025-03-30 09:00:00,30.338425728447238,29.3836500186068,0.0,1.856607142857143,18.3,54,0,8.7,28,14.8,14.9,15.6,0.0,0.0,0.26,8.0,81.0,4776.0,0.0,1.0,276.0,0.0,100490.0
2025-03-30 10:00:00,30.296793830292422,29.7041757999323,0.0,1.8558333333333332,20.4,43,0,12.9,38,16.9,15.0,15.6,0.0,0.0,0.4,12.0,71.0,21072.0,1.0,1.0,300.0,0.0,100570.0
2025-03-30 11:00:00,30.255161932137607,29.4821024024745,0.0,1.8550595238095238,21.4,37,0,17.0,44,18.7,15.1,15.6,0.0,0.0,0.5,17.0,54.0,50768.0,4.0,0.0,114.0,0.0,100630.0
2025-03-30 12:00:00,30.213530033982792,29.384000133282,0.0,1.8542857142857143,21.5,32,0,21.9,45,20.1,15.4,15.6,0.0,0.0,0.56,20.0,45.0,75427.0,6.0,2.0,32.0,0.0,100630.0
2025-03-30 13:00:00,30.171898135827977,29.3791372807413,0.0,1.8535119047619046,21.0,33,0,23.3,50,20.8,15.7,15.6,0.0,0.0,0.56,21.0,46.0,90377.0,7.0,5.0,12.0,0.0,100610.0
2025-03-30 14:00:00,30.130266237673162,29.0756528563931,0.0,1.8527380952380952,20.1,37,0,23.2,50,21.2,16.0,15.6,0.0,0.0,0.52,21.0,44.0,97065.0,7.0,4.0,33.0,0.0,100610.0
2025-03-30 15:00:00,30.088634339518347,28.9230987758908,0.0,1.8519642857142857,19.5,38,0,22.9,53,21.2,16.3,15.6,0.0,0.0,0.45,21.0,44.0,94676.0,8.0,4.0,36.0,0.0,100650.0
2025-03-30 16:00:00,30.04700244136353,28.8616304276674,0.0,1.851190476190476,18.5,45,0,20.9,54,20.8,16.5,15.6,0.0,0.0,0.35,20.0,40.0,86022.0,4.0,6.0,48.0,0.0,100610.0
2025-03-30 17:00:00,30.005370543208716,28.8305358973335,0.0,1.8504166666666666,17.3,53,0,19.3,54,19.9,16.7,15.6,0.0,0.0,0.23,20.0,40.0,69151.0,3.0,4.0,60.0,0.0,100610.0
2025-03-30 18:00:00,29.9637386450539,28.6101320913577,0.0,1.8496428571428571,15.8,64,0,14.6,59,18.7,16.8,15.6,0.0,0.0,0.1,19.0,46.0,46498.0,3.0,5.0,67.0,0.0,100630.0
2025-03-30 19:00:00,29.985908903943784,28.5826506403681,0.0,1.8488690476190477,14.2,72,0,9.9,64,17.3,16.9,15.6,0.0,0.0,0.04,19.0,47.0,21269.0,1.0,6.0,90.0,0.0,100680.0
2025-03-30 20:00:00,30.008079162833667,28.6166014010585,0.0,1.848095238095238,12.6,82,0,5.7,67,16.0,16.8,15.6,0.0,0.0,0.0,17.0,55.0,4408.0,0.0,4.0,60.0,0.0,100740.0
2025-03-30 21:00:00,30.03024942172355,28.5342500722104,0.0,1.8473214285714286,12.5,82,0,1.8,55,14.8,16.7,15.6,0.0,0.0,0.0,14.0,64.0,0.0,0.0,3.0,92.0,0.0,100800.0
2025-03-30 22:00:00,30.052419680613433,28.3269768039382,0.0,1.846547619047619,12.0,84,0,0.8,37,13.7,16.6,15.6,0.0,0.0,0.0,14.0,74.0,0.0,0.0,3.0,60.0,0.0,100820.0
2025-03-30 23:00:00,30.074589939503316,28.3336622461762,0.0,1.8457738095238094,11.1,86,0,0.4,28,12.9,16.4,15.6,0.0,0.0,0.0,11.0,82.0,0.0,0.0,0.0,156.0,0.0,100830.0
2025-03-31 00:00:00,30.0967601983932,28.4148064268756,0.0,1.845,10.0,87,0,3.2,315,12.2,16.1,15.6,0.0,0.0,0.0,9.0,88.0,0.0,0.0,0.0,288.0,0.0,100830.0
2025-03-31 01:00:00,30.06304753305447,28.4937558942559,0.0,1.8442261904761905,9.9,89,0,6.4,275,12.1,15.9,15.6,0.0,0.0,0.0,8.0,88.0,0.0,0.0,1.0,172.0,0.0,100810.0
2025-03-31 02:00:00,30.02933486771574,28.3435232727681,0.0,1.8434523809523808,9.1,93,0,8.7,265,11.8,15.7,15.6,0.0,0.0,0.0,10.0,81.0,0.0,0.0,1.0,204.0,0.0,100790.0
2025-03-31 03:00:00,29.99562220237701,28.0743106971923,0.0,1.8426785714285714,8.0,94,0,5.0,269,11.4,15.5,15.6,0.0,0.0,0.0,8.0,86.0,0.0,0.0,0.0,192.0,0.0,100770.0
2025-03-31 04:00:00,29.96190953703828,28.114714774938,0.0,1.841904761904762,7.5,88,0,3.5,258,10.8,15.2,15.6,0.0,0.0,0.0,8.0,89.0,0.0,0.0,0.0,186.0,0.0,100700.0
2025-03-31 05:00:00,29.92819687169955,28.138580353417,0.0,1.8411309523809523,7.8,81,0,3.9,267,10.3,15.0,15.6,0.0,0.0,0.0,7.0,91.0,0.0,0.0,0.0,174.0,0.0,100660.0
2025-03-31 06:00:00,29.894484206360826,28.0831751729938,0.0,1.8403571428571428,7.9,77,0,1.7,285,9.9,14.7,15.6,0.0,0.0,0.0,8.0,92.0,0.0,0.0,0.0,198.0,0.0,100640.0
2025-03-31 07:00:00,29.860771541022096,28.123058893311,0.0,1.8395833333333333,10.3,67,0,0.7,16,10.2,14.5,15.6,0.0,0.0,0.01,6.0,92.0,0.0,0.0,0.0,142.0,0.0,100620.0
2025-03-31 08:00:00,29.827058875683367,28.0184730304212,0.0,1.838809523809524,13.7,63,0,4.4,23,11.7,14.3,15.6,0.0,0.0,0.12,5.0,92.0,236.0,0.0,0.0,174.0,0.0,100590.0
2025-03-31 09:00:00,29.793346210344637,28.0694448392415,0.0,1.8380357142857142,16.0,56,0,7.2,23,13.7,14.2,15.6,0.0,0.0,0.25,7.0,89.0,6084.0,0.0,0.0,168.0,0.0,100600.0
2025-03-31 10:00:00,29.759633545005908,28.0765531603718,0.0,1.8372619047619048,17.7,50,0,9.9,26,15.8,14.3,15.6,0.0,0.0,0.37,13.0,78.0,26784.0,2.0,1.0,258.0,0.0,100600.0
2025-03-31 11:00:00,29.72592087966718,28.0535197631998,0.0,1.8364880952380953,19.4,46,0,11.0,23,17.8,14.5,15.6,0.0,0.0,0.47,16.0,66.0,57000.0,5.0,1.0,65.0,0.0,100580.0
2025-03-31 12:00:00,29.69220821432845,27.7932325018046,0.0,1.8357142857142856,20.6,44,0,12.5,24,19.5,14.7,15.6,0.0,0.0,0.53,18.0,56.0,79480.0,6.0,0.0,58.0,0.0,100570.0
2025-03-31 13:00:00,29.65849554898972,27.781311632051,0.0,1.8349404761904762,20.8,45,0,12.2,30,20.4,15.0,15.6,0.0,0.0,0.54,21.0,48.0,94273.0,6.0,3.0,66.0,0.0,100490.0
2025-03-31 14:00:00,29.62478288365099,27.6885288439666,0.0,1.8341666666666667,20.8,43,0,13.4,36,21.2,15.4,15.6,0.0,0.0,0.51,21.0,53.0,99777.0,8.0,3.0,14.0,0.0,100410.0
2025-03-31 15:00:00,29.59107021831226,27.8657057234419,0.0,1.833392857142857,20.4,45,14,14.1,37,21.4,15.7,15.6,0.0,0.0,0.44,21.0,46.0,95389.0,9.0,4.0,23.0,0.0,100350.0
2025-03-31 16:00:00,29.55735755297353,27.7117811639248,0.0,1.8326190476190476,19.7,48,0,13.0,36,21.1,16.0,15.6,0.0,0.0,0.34,21.0,44.0,84276.0,6.0,4.0,71.0,0.0,100290.0
2025-03-31 17:00:00,29.523644887634802,27.6222754538919,0.0,1.8318452380952381,18.5,54,0,11.5,36,20.3,16.3,15.6,0.0,0.0,0.22,21.0,45.0,66122.0,5.0,4.0,42.0,0.0,100220.0
2025-03-31 18:00:00,29.489932222296076,27.5663084316206,0.0,1.8310714285714285,16.2,69,0,5.6,36,19.0,16.4,15.6,0.0,0.0,0.07,20.0,56.0,41929.0,2.0,4.0,32.0,0.0,100210.0
2025-03-31 19:00:00,29.456219556957347,27.5909517392108,0.0,1.830297619047619,13.7,81,0,2.3,33,17.1,16.5,15.6,0.0,0.0,0.01,19.0,56.0,16920.0,1.0,4.0,27.0,0.0,100190.0
2025-03-31 20:00:00,29.422506891618617,27.2740795116231,0.0,1.8295238095238096,13.0,85,0,1.3,14,15.6,16.5,15.6,0.0,0.0,0.0,17.0,64.0,3271.0,0.0,3.0,42.0,0.0,100180.0
2025-03-31 21:00:00,29.388794226279888,27.3775361616358,0.0,1.8287499999999999,12.0,87,20,2.4,315,14.5,16.4,15.6,0.0,0.0,0.0,14.0,80.0,0.0,0.0,1.0,60.0,0.0,100180.0
2025-03-31 22:00:00,29.35508156094116,27.2970062527421,0.0,1.8279761904761904,11.4,85,70,2.6,274,13.6,16.2,15.6,0.0,0.0,0.0,12.0,86.0,0.0,0.0,0.0,198.0,0.0,100210.0
2025-03-31 23:00:00,29.32136889560243,27.2855222985722,0.0,1.827202380952381,11.1,83,79,3.1,253,12.8,16.0,15.6,0.0,0.0,0.0,10.0,85.0,0.0,0.0,0.0,178.0,0.0,100230.0
2025-04-01 00:00:00,29.2876562302637,27.3174992204718,0.0,1.8264285714285715,11.0,81,98,3.2,236,12.2,15.8,15.6,0.0,0.0,0.0,10.0,87.0,0.0,0.0,0.0,168.0,0.0,100210.0
2025-04-01 01:00:00,29.229019748343468,27.1151949900562,0.0,1.8256547619047618,10.6,83,98,6.0,240,11.7,15.7,15.6,0.0,0.0,0.0,9.0,92.0,0.0,0.0,0.0,177.0,0.0,100170.0
2025-04-01 02:00:00,29.170383266423233,27.2782359327519,0.0,1.8248809523809524,10.4,85,99,6.1,251,11.6,15.4,15.6,0.0,0.0,0.0,8.0,94.0,0.0,0.0,0.0,192.0,0.0,100160.0
2025-04-01 03:00:00,29.111746784502998,27.1025568140919,0.0,1.824107142857143,10.4,81,98,3.6,245,11.3,15.2,15.6,0.0,0.0,0.0,8.0,95.0,0.0,0.0,0.0,167.0,0.0,100130.0
2025-04-01 04:00:00,29.053110302582766,27.3032144291359,0.0,1.8233333333333333,10.5,78,100,2.7,247,11.0,15.0,15.6,0.0,0.0,0.0,9.0,95.0,0.0,0.0,0.0,180.0,0.0,100110.0
2025-04-01 05:00:00,28.994473820662535,27.1362193452253,0.0,1.8225595238095238,10.1,78,99,3.9,222,10.7,14.8,15.6,0.0,0.0,0.0,8.0,95.0,0.0,0.0,0.0,173.0,0.0,100070.0
2025-04-01 06:00:00,28.9358373387423,27.2233032224356,0.0,1.8217857142857143,10.0,78,100,3.0,236,10.5,14.5,15.6,0.0,0.0,0.0,8.0,94.0,0.0,0.0,0.0,174.0,0.0,100000.0
2025-04-01 07:00:00,29.004841880510547,27.1434334572186,0.0,1.8210119047619047,11.7,77,100,3.3,280,10.9,14.3,15.6,0.0,0.0,0.02,8.0,95.0,0.0,0.0,0.0,156.0,0.0,100000.0
2025-04-01 08:00:00,29.0738464222788,27.0825032718257,0.0,1.8202380952380952,14.6,69,100,3.6,255,12.3,14.2,15.6,0.0,0.0,0.1,8.0,95.0,640.0,0.0,0.0,198.0,0.0,99940.0
2025-04-01 09:00:00,29.0502971428732,26.9910464109224,0.0,1.8194642857142858,16.8,58,100,1.1,333,14.2,14.2,15.6,0.0,0.0,0.21,11.0,95.0,8727.0,0.0,0.0,180.0,0.0,99940.0
2025-04-01 10:00:00,28.9389339601812,27.0327720827541,0.0,1.818690476190476,18.6,52,20,4.3,356,16.3,14.3,15.6,0.0,0.0,0.34,14.0,83.0,34778.0,2.0,0.0,276.0,0.0,99970.0
2025-04-01 11:00:00,29.0522287200234,26.9833130326438,0.0,1.8179166666666666,20.2,49,40,7.0,355,18.4,14.5,15.6,0.0,0.0,0.47,17.0,62.0,44349.0,4.0,2.0,112.0,0.0,99970.0
2025-04-01 12:00:00,29.1151153372033,27.0853694758413,0.0,1.8171428571428572,21.0,44,22,11.1,339,20.0,14.8,15.6,0.0,0.0,0.53,19.0,59.0,73895.0,5.0,1.0,44.0,0.0,99970.0
2025-04-01 13:00:00,28.8986972917185,26.772789736525,0.0,1.8163690476190477,21.2,42,39,13.3,339,20.9,15.2,15.6,0.0,0.0,0.54,19.0,51.0,67438.0,5.0,2.0,351.0,0.0,99930.0
2025-04-01 14:00:00,28.7972989752083,26.9819648996283,0.0,1.815595238095238,21.1,43,25,11.8,337,21.5,15.6,15.6,0.0,0.0,0.51,20.0,42.0,91157.0,7.0,5.0,6.0,0.0,99870.0
2025-04-01 15:00:00,28.778863284612,26.7438071651141,0.0,1.8148214285714286,20.4,48,3,9.5,336,21.7,15.9,15.6,0.0,0.0,0.43,20.0,41.0,93520.0,6.0,2.0,1.0,0.0,99800.0
2025-04-01 16:00:00,28.7477821226235,26.5316359195741,0.0,1.8140476190476191,19.9,50,6,7.1,344,21.5,16.3,15.6,0.0,0.0,0.32,20.0,52.0,79752.0,7.0,4.0,27.0,0.0,99770.0
2025-04-01 17:00:00,28.8025169240346,26.5916791801067,0.0,1.8132738095238095,19.6,54,10,3.4,321,20.8,16.5,15.6,0.0,0.0,0.19,20.0,56.0,59582.0,3.0,5.0,27.0,0.0,99700.0
2025-04-01 18:00:00,28.6852146832611,26.5247640319779,0.0,1.8125,17.4,73,30,2.8,43,19.6,16.7,15.6,0.0,0.0,0.07,19.0,59.0,35398.0,1.0,2.0,53.0,0.0,99660.0
2025-04-01 19:00:00,28.7833649654067,26.664696361617,0.0,1.8117261904761905,15.2,77,70,3.6,132,17.9,16.8,15.6,0.0,0.0,0.02,19.0,65.0,13007.0,1.0,2.0,343.0,0.0,99650.0
2025-04-01 20:00:00,28.5488306908209,26.3009770506623,0.0,1.8109523809523809,14.5,74,100,3.8,169,16.7,16.8,15.6,0.0,0.0,0.0,16.0,81.0,1403.0,0.0,2.0,37.0,0.0,99660.0
2025-04-01 21:00:00,28.6034664950932,26.5264646394207,0.0,1.8101785714285714,14.2,71,98,4.0,202,15.9,16.8,15.6,0.0,0.0,0.0,15.0,86.0,0.0,0.0,0.0,102.0,0.0,99650.0
2025-04-01 22:00:00,28.6428265366888,26.256164681474,0.0,1.809404761904762,13.9,70,21,4.9,207,15.2,16.7,15.6,0.0,0.0,0.01,15.0,86.0,0.0,0.0,2.0,144.0,0.0,99680.0
2025-04-01 23:00:00,28.6834627015307,26.3428722230285,0.0,1.8086309523809523,13.5,72,1,6.0,214,14.6,16.5,15.6,0.0,0.0,0.01,14.0,85.0,0.0,0.0,1.0,186.0,0.0,99670.0
2025-04-02 00:00:00,28.4515373079112,26.3023266108102,0.0,1.8078571428571428,13.2,75,0,5.6,212,14.1,16.4,15.6,0.0,0.0,0.0,14.0,84.0,0.0,0.0,1.0,282.0,0.0,99610.0
2025-04-02 01:00:00,28.4508864247784,26.3815564311387,0.0,1.8070833333333334,13.4,75,6,2.0,212,13.9,16.2,15.6,0.0,0.0,0.0,11.0,89.0,0.0,0.0,1.0,174.0,0.0,99600.0
2025-04-02 02:00:00,28.5323001065927,26.360278809446,0.0,1.806309523809524,13.1,77,1,2.0,135,13.5,16.1,15.6,0.0,0.0,0.0,12.0,91.0,0.0,0.0,0.0,198.0,0.0,99560.0
2025-04-02 03:00:00,28.3860797939508,26.3514909083487,0.0,1.8055357142857142,12.1,82,0,3.6,137,13.1,15.9,15.6,0.0,0.0,0.0,12.0,87.0,0.0,0.0,0.0,168.0,0.0,99520.0
2025-04-02 04:00:00,28.5082636953621,26.1684462661612,0.0,1.8047619047619048,11.3,85,0,3.5,159,12.8,15.7,15.6,0.0,0.0,0.0,12.0,88.0,0.0,0.0,1.0,186.0,0.0,99440.0
2025-04-02 05:00:00,28.6046661610737,26.3545607357491,0.0,1.8039880952380953,10.8,87,0,3.5,191,12.5,15.6,15.6,0.0,0.0,0.0,13.0,84.0,0.0,0.0,0.0,178.0,0.0,99370.0
2025-04-02 06:00:00,28.5094446070347,26.2212447562134,0.0,1.8032142857142857,10.6,86,0,3.3,175,12.3,15.4,15.6,0.0,0.0,0.0,12.0,87.0,0.0,0.0,0.0,134.0,0.0,99340.0
2025-04-02 07:00:00,28.4449625489109,26.2662859828683,0.0,1.8024404761904762,12.8,79,1,6.9,247,12.6,15.2,15.6,0.0,0.0,0.03,12.0,84.0,0.0,0.0,1.0,186.0,0.0,99340.0
2025-04-02 08:00:00,28.4997821433253,26.3786924722103,0.0,1.8016666666666667,17.2,68,21,3.1,261,14.0,15.1,15.6,0.0,0.0,0.13,12.0,80.0,2125.0,0.0,1.0,204.0,0.0,99370.0
2025-04-02 09:00:00,28.3596552436998,26.3526173612687,0.0,1.800892857142857,19.9,57,39,3.1,14,16.1,15.1,15.6,0.0,0.0,0.26,16.0,73.0,12826.0,0.0,0.0,192.0,0.0,99400.0
2025-04-02 10:00:00,28.5651898224078,26.101286717431,0.0,1.8001190476190476,21.7,53,7,3.6,21,18.3,15.3,15.6,0.0,0.0,0.39,19.0,60.0,37020.0,2.0,0.0,240.0,0.0,99430.0
2025-04-02 11:00:00,28.392488225567,26.1214392726671,0.0,1.7993452380952382,23.0,50,7,5.7,22,20.3,15.5,15.6,0.0,0.0,0.49,21.0,52.0,66066.0,6.0,1.0,279.0,0.0,99450.0
2025-04-02 12:00:00,28.2370209556279,25.8353056492484,18.933169558861408,1.7985714285714285,23.1,52,18,13.1,39,21.7,15.8,15.6,0.0,0.0,0.52,22.0,44.0,86219.0,6.0,2.0,324.0,0.0,99460.0
2025-04-02 13:00:00,38.3798790488055,47.7698512718861,0.0,1.797797619047619,21.7,58,31,19.6,44,22.3,16.2,15.6,0.0,0.0,0.49,22.0,55.0,96736.0,6.0,7.0,44.0,0.0,99410.0
2025-04-02 14:00:00,40.086418669499,40.2560674676793,0.0,1.7970238095238096,21.8,59,4,18.2,48,22.7,16.6,15.6,0.0,0.0,0.46,22.0,56.0,98240.0,8.0,4.0,42.0,0.0,99370.0
2025-04-02 15:00:00,38.0794454516854,37.6097129627147,0.0,1.79625,20.9,61,3,18.1,48,22.6,16.9,15.7,0.0,0.0,0.39,21.0,59.0,92361.0,5.0,5.0,10.0,0.0,99350.0
2025-04-02 16:00:00,37.2250141289246,36.4685232740631,0.0,1.7954761904761904,20.8,63,0,16.2,51,22.3,17.2,15.7,0.0,0.0,0.32,21.0,62.0,77952.0,6.0,5.0,38.0,0.0,99350.0
2025-04-02 17:00:00,36.5873827390326,35.5263229406223,0.0,1.794702380952381,19.1,68,2,16.0,40,21.5,17.4,15.7,0.0,0.0,0.2,21.0,63.0,57125.0,4.0,4.0,60.0,0.0,99330.0
2025-04-02 18:00:00,36.2098906692279,34.8885600257483,0.0,1.7939285714285715,17.9,76,0,13.2,24,20.3,17.6,15.7,0.0,0.0,0.09,20.0,61.0,32024.0,2.0,3.0,52.0,0.0,99340.0
2025-04-02 19:00:00,35.5280236258017,34.3273467346838,0.0,1.7931547619047619,15.9,86,15,8.8,43,18.9,17.7,15.7,0.0,0.0,0.03,20.0,62.0,10633.0,1.0,3.0,6.0,0.0,99400.0
2025-04-02 20:00:00,35.4322190305503,33.8508936558157,0.0,1.7923809523809524,14.5,91,0,5.1,56,17.7,17.7,15.7,0.0,0.0,0.0,18.0,66.0,1214.0,0.0,3.0,60.0,0.0,99430.0
2025-04-02 21:00:00,35.3955209849562,33.9478805044591,0.0,1.791607142857143,14.4,91,0,1.6,55,16.6,17.6,15.7,0.0,0.0,0.0,16.0,73.0,0.0,0.0,1.0,84.0,0.0,99480.0
2025-04-02 22:00:00,35.1368484582646,33.6530738897777,0.0,1.7908333333333333,13.9,92,3,1.2,27,15.8,17.5,15.7,0.0,0.0,0.0,15.0,78.0,0.0,0.0,0.0,8.0,0.0,99550.0
2025-04-02 23:00:00,34.8726707871323,33.5429169569226,0.0,1.7900595238095238,13.7,92,2,1.6,323,15.1,17.3,15.7,0.0,0.0,0.0,14.0,80.0,0.0,0.0,0.0,118.0,0.0,99590.0
2025-04-03 00:00:00,34.9654636880253,33.3226536252458,0.0,1.7892857142857144,13.3,92,0,1.3,308,14.6,17.1,15.7,0.0,0.0,0.0,14.0,81.0,0.0,0.0,0.0,161.0,0.0,99610.0
2025-04-03 01:00:00,34.5829283772707,33.1464174260576,0.0,1.7885119047619047,13.7,90,0,0.2,9,14.9,17.0,15.8,0.0,0.0,0.0,12.0,82.0,0.0,0.0,0.0,186.0,0.0,99620.0
2025-04-03 02:00:00,34.5862886000657,33.0979197838398,0.0,1.7877380952380952,13.2,90,0,0.6,330,14.3,16.9,15.8,0.0,0.0,0.0,11.0,85.0,0.0,0.0,1.0,167.0,0.0,99620.0
2025-04-03 03:00:00,34.414019243156,33.0806598429033,0.0,1.7869642857142858,12.5,90,3,3.3,266,13.8,16.7,15.8,0.0,0.0,0.0,11.0,87.0,0.0,0.0,0.0,110.0,0.0,99600.0
2025-04-03 04:00:00,34.4458923145387,32.8401636218391,0.0,1.786190476190476,12.2,90,8,5.3,254,13.5,16.5,15.8,0.0,0.0,0.0,12.0,92.0,0.0,0.0,0.0,94.0,0.0,99590.0
2025-04-03 05:00:00,34.2815121550887,32.6417703236835,0.0,1.7854166666666667,12.6,92,70,8.4,237,13.5,16.3,15.8,0.0,0.0,0.0,13.0,94.0,0.0,0.0,0.0,192.0,0.0,99600.0
2025-04-03 06:00:00,34.2367240768168,32.7232702665403,0.0,1.7846428571428572,13.6,89,100,9.5,232,13.8,16.2,15.8,0.0,0.0,0.0,12.0,95.0,0.0,0.0,0.0,178.0,0.0,99620.0
2025-04-03 07:00:00,34.4626648891141,32.7196226710967,0.0,1.7838690476190477,15.1,84,100,10.7,231,14.3,16.0,15.8,0.0,0.0,0.04,12.0,92.0,0.0,0.0,2.0,204.0,0.0,99690.0
2025-04-03 08:00:00,33.890213421728,32.6612590438646,0.0,1.783095238095238,16.4,81,100,11.4,245,15.1,16.0,15.8,0.0,0.0,0.09,14.0,86.0,2208.0,0.0,0.0,204.0,0.0,99720.0
2025-04-03 09:00:00,33.919296926328,32.4627666779267,0.0,1.7823214285714286,17.6,75,85,9.7,255,16.2,15.9,15.8,0.0,0.0,0.17,15.0,82.0,12312.0,0.0,1.0,282.0,0.0,99770.0
2025-04-03 10:00:00,34.0327191302196,32.5618493843342,0.0,1.7815476190476192,18.8,69,100,7.6,270,17.5,16.0,15.8,0.0,0.0,0.22,17.0,76.0,23456.0,1.0,2.0,234.0,0.0,99820.0
2025-04-03 11:00:00,33.7274339414942,32.1585397455264,0.0,1.7807738095238095,20.2,63,100,7.7,291,19.1,16.1,15.8,0.0,0.0,0.35,19.0,70.0,76592.0,5.0,1.0,1.0,0.0,99840.0
2025-04-03 12:00:00,33.6885685012152,32.1649044975448,0.0,1.78,21.3,58,84,9.7,314,20.4,16.3,15.8,0.0,0.0,0.39,20.0,65.0,90529.0,7.0,2.0,299.0,0.0,99840.0
2025-04-03 13:00:00,33.6811327076553,31.8433504994859,0.0,1.7798809523809525,21.7,59,98,14.1,8,22.1,16.7,15.8,0.0,0.0,0.49,20.0,69.0,116329.0,7.0,2.0,18.0,0.0,99780.0
2025-04-03 14:00:00,33.3693358262331,31.9253463275904,0.0,1.7797619047619049,20.0,69,66,15.9,31,22.4,17.0,15.8,0.0,0.0,0.38,20.0,71.0,44600.0,4.0,5.0,33.0,0.0,99750.0
2025-04-03 15:00:00,33.3844854900733,31.6448630276855,0.0,1.779642857142857,19.7,69,97,14.4,47,22.4,17.3,15.8,0.0,0.0,0.33,20.0,66.0,75232.0,6.0,5.0,18.0,0.0,99700.0
2025-04-03 16:00:00,33.4065272859133,31.4515577765268,0.0,1.7795238095238095,19.5,68,98,13.2,56,22.0,17.5,15.8,0.0,0.0,0.27,19.0,72.0,65315.0,5.0,4.0,72.0,0.0,99710.0
2025-04-03 17:00:00,33.0736664208587,31.3451775460618,0.0,1.779404761904762,18.5,72,6,12.9,48,21.3,17.7,15.8,0.0,0.0,0.18,19.0,72.0,27724.0,2.0,3.0,45.0,0.0,99630.0
2025-04-03 18:00:00,33.0368369541331,31.2752902707428,0.0,1.7792857142857144,17.1,80,8,11.3,65,20.2,17.9,15.8,0.0,0.0,0.08,19.0,73.0,15048.0,1.0,4.0,42.0,0.0,99600.0
2025-04-03 19:00:00,32.8727718951064,31.2088198089926,0.0,1.7791666666666668,15.4,88,7,8.0,77,18.8,17.9,15.8,0.0,0.0,0.02,18.0,70.0,8960.0,0.0,4.0,48.0,0.0,99560.0
2025-04-03 20:00:00,32.9123885881943,31.0645320432286,0.0,1.779047619047619,14.3,85,0,7.4,84,17.7,17.9,15.9,0.0,0.0,0.0,17.0,74.0,483.0,0.0,2.0,53.0,0.0,99560.0
2025-04-03 21:00:00,32.8627299781016,30.9132299173467,0.0,1.7789285714285714,13.3,83,0,6.1,58,16.6,17.8,15.9,0.0,0.0,0.0,15.0,85.0,0.0,0.0,1.0,117.0,0.0,99550.0
2025-04-03 22:00:00,32.8282527169762,30.9903564135765,0.0,1.7788095238095238,12.8,84,20,2.7,23,15.6,17.7,15.9,0.0,0.0,0.0,14.5,87.0,0.0,0.0,0.5,85.0,0.0,99545.0
2025-04-03 23:00:00,32.5770252142579,30.9042809677296,0.0,1.7786904761904763,12.2,87,88,9.4,315,14.9,17.5,15.9,0.0,0.0,0.0,14.0,89.0,0.0,0.0,0.0,53.0,0.0,99540.0
2025-04-04 00:00:00,32.6069561244273,31.1879613169722,0.0,1.7785714285714287,12.6,93,37,18.1,245,14.6,17.3,15.9,0.0,0.0,0.0,13.0,92.0,0.0,0.0,0.0,291.0,0.0,99520.0
2025-04-04 01:00:00,32.4128368084457,30.8978381995405,0.0,1.778452380952381,14.0,87,38,9.2,203,15.0,17.2,15.9,0.0,0.0,0.0,12.0,93.0,0.0,0.0,0.0,204.0,0.0,99500.0
2025-04-04 02:00:00,32.5642742379812,30.9236724049803,0.0,1.7783333333333333,13.3,86,44,8.5,219,14.7,17.0,15.9,0.0,0.0,0.0,14.0,93.0,0.0,0.0,3.0,228.0,0.0,99790.0
2025-04-04 03:00:00,32.541468348056,30.8041307759476,0.0,1.7782142857142857,13.7,83,4,6.3,230,14.5,16.9,15.9,0.0,0.0,0.0,15.0,89.0,0.0,0.0,2.0,246.0,0.0,99910.0
2025-04-04 04:00:00,32.3611566129047,30.9200476465542,0.0,1.7780952380952382,12.7,87,0,3.2,236,14.1,16.7,15.9,0.0,0.0,0.0,13.0,91.0,0.0,0.0,0.0,146.0,0.0,99870.0
2025-04-04 05:00:00,32.3705458088358,30.7935663603381,0.0,1.7779761904761906,12.5,85,0,1.5,169,13.6,16.5,15.9,0.0,0.0,0.0,13.0,89.0,0.0,0.0,2.0,157.0,0.0,99930.0
2025-04-04 06:00:00,32.265411217856,30.646986800604,0.0,1.7778571428571428,12.5,83,0,1.5,158,13.2,16.3,15.9,0.0,0.0,0.0,13.0,92.0,0.0,0.0,2.0,128.0,0.0,99910.0
2025-04-04 07:00:00,32.2191025222838,30.8033448543595,0.0,1.7777380952380952,14.6,78,0,3.6,212,13.6,16.2,15.9,0.0,0.0,0.03,13.0,90.0,0.0,0.0,0.0,145.0,0.0,99930.0
2025-04-04 08:00:00,32.208252340297,30.6065710206818,0.0,1.7776190476190477,18.0,68,0,1.2,212,15.1,16.1,15.9,0.0,0.0,0.13,12.0,93.0,0.0,0.0,0.0,204.0,0.0,99930.0
2025-04-04 09:00:00,32.3466903173483,30.5730575423163,0.0,1.7775,20.7,61,0,3.1,285,17.1,16.1,15.9,0.0,0.0,0.27,12.0,94.0,5440.0,0.0,0.0,204.0,0.0,100010.0
2025-04-04 10:00:00,32.1853386873587,30.6497582649204,0.0,1.7773809523809525,23.5,51,0,5.6,263,19.4,16.2,15.9,0.0,0.0,0.41,16.0,83.0,19900.0,1.0,2.0,285.0,0.0,100030.0
2025-04-04 11:00:00,32.0821139915424,30.3617521250741,0.0,1.7772619047619047,25.6,40,6,10.6,265,21.3,16.4,15.9,0.0,0.0,0.54,18.0,74.0,47093.0,2.0,2.0,264.0,0.0,100080.0
2025-04-04 12:00:00,32.1430407282962,30.1529017729021,0.0,1.7771428571428571,26.5,38,26,11.9,268,22.8,16.7,15.9,0.0,0.0,0.58,21.0,61.0,70293.0,5.0,0.0,19.0,0.0,100100.0
2025-04-04 13:00:00,32.1370523573094,30.1008116144936,0.0,1.7770238095238096,26.6,39,34,10.2,275,23.6,17.1,15.9,0.0,0.0,0.54,24.0,48.0,85388.0,7.0,3.0,228.0,0.0,100070.0
2025-04-04 14:00:00,31.9620692135121,30.151988779254,0.0,1.776904761904762,26.8,38,87,8.0,296,24.4,17.4,15.9,0.0,0.0,0.53,25.0,39.0,110519.0,9.0,6.0,317.0,0.0,100050.0
2025-04-04 15:00:00,31.8529591138468,30.2474077919068,0.0,1.7767857142857144,23.8,46,48,16.9,3,23.7,17.8,16.0,0.0,0.0,0.31,26.0,37.0,107084.0,8.0,3.0,257.0,0.0,100000.0
2025-04-04 16:00:00,31.8122242991328,30.012240567745,0.0,1.7766666666666666,23.1,47,26,13.5,44,23.3,18.1,16.0,0.0,0.0,0.33,27.0,35.0,96425.0,6.0,2.0,318.0,0.0,99960.0
2025-04-04 17:00:00,31.4552594486022,29.7724551480097,0.0,1.776547619047619,22.4,51,30,8.9,72,22.7,18.3,16.0,0.0,0.0,0.22,23.0,47.0,31378.0,3.0,6.0,0.0,0.0,99990.0
2025-04-04 18:00:00,31.3199819731392,29.7819105495006,0.0,1.7764285714285715,20.4,62,15,5.1,358,21.6,18.5,16.0,0.0,0.0,0.09,23.0,48.0,26400.0,1.0,4.0,7.0,0.0,100020.0
2025-04-04 19:00:00,31.3916720831494,29.6648884413713,0.0,1.776309523809524,17.9,74,12,1.8,339,20.0,18.6,16.0,0.0,0.0,0.02,22.0,57.0,23679.0,1.0,3.0,37.0,0.0,100070.0
2025-04-04 20:00:00,31.612909684384,29.6229665584873,0.0,1.7761904761904763,16.9,78,9,1.0,22,18.7,18.5,16.0,0.0,0.0,0.0,21.0,55.0,6898.0,0.0,3.0,30.0,0.0,100090.0
2025-04-04 21:00:00,31.5917080967694,29.6561011823674,0.0,1.7760714285714285,16.4,76,0,1.9,104,17.6,18.5,16.0,0.0,0.0,0.0,19.0,58.0,187.0,0.0,1.0,120.0,0.0,100140.0
2025-04-04 22:00:00,31.4769778163321,29.5509830943641,0.0,1.775952380952381,15.7,76,1,1.7,18,16.7,18.3,16.0,0.0,0.0,0.0,17.0,66.0,0.0,0.0,0.0,54.0,0.0,100250.0
2025-04-04 23:00:00,31.5833192913782,29.5923005010332,0.0,1.7758333333333334,14.8,81,1,1.8,27,16.0,18.2,16.1,0.0,0.0,0.0,17.0,66.0,0.0,0.0,1.0,154.0,0.0,100360.0
2025-04-05 00:00:00,31.2007483952861,29.5654572477973,0.0,1.7757142857142858,14.1,82,0,3.1,74,15.4,18.0,16.1,0.0,0.0,0.0,16.0,76.0,0.0,0.0,1.0,119.0,0.0,100410.0
2025-04-05 01:00:00,31.2522515348087,29.503015799696,0.0,1.7755952380952382,14.3,78,0,2.6,90,15.2,17.9,16.1,0.0,0.0,0.0,14.0,82.0,0.0,0.0,0.0,161.0,0.0,100410.0
2025-04-05 02:00:00,31.3038183918822,29.3328822171817,0.0,1.7754761904761904,13.9,78,1,2.6,90,14.6,17.7,16.1,0.0,0.0,0.0,13.0,84.0,0.0,0.0,1.0,134.0,0.0,100410.0
2025-04-05 03:00:00,31.4191488975516,29.6527602308182,0.0,1.7753571428571429,13.3,81,24,4.9,79,14.2,17.5,16.1,0.0,0.0,0.0,13.0,80.0,0.0,0.0,1.0,120.0,0.0,100390.0
2025-04-05 04:00:00,31.1158570614752,29.3685899468731,0.0,1.7752380952380953,13.2,84,42,5.6,77,14.0,17.3,16.1,0.0,0.0,0.0,13.0,82.0,0.0,0.0,0.0,125.0,0.0,100410.0
2025-04-05 05:00:00,31.2159606754926,29.5836087069859,0.0,1.7751190476190477,13.4,85,99,3.9,70,13.9,17.1,16.1,0.0,0.0,0.0,13.0,82.0,0.0,0.0,1.0,138.0,0.0,100400.0
2025-04-05 06:00:00,31.2534610910877,29.5163033250732,0.0,1.775,13.6,87,100,3.8,70,13.9,16.9,16.1,0.1,0.1,0.02,12.0,86.0,0.0,0.0,0.0,92.0,0.0,100390.0
2025-04-05 07:00:00,30.9929731882671,29.2309136185155,0.0,1.7748809523809523,15.2,84,30,5.2,86,14.4,16.7,16.1,0.0,0.0,0.03,13.0,80.0,0.0,0.0,1.0,184.0,0.0,100440.0
2025-04-05 08:00:00,31.1110965867732,29.4480500191234,0.0,1.7747619047619048,16.8,79,36,3.8,73,15.5,16.6,16.1,0.0,0.0,0.09,13.0,86.0,149.0,0.0,0.0,103.0,0.0,100450.0
2025-04-05 09:00:00,31.0243025149211,29.1934320205307,0.0,1.7746428571428572,18.2,71,32,4.7,20,17.0,16.6,16.1,0.0,0.0,0.22,15.0,84.0,8036.0,0.0,0.0,109.0,0.0,100480.0
2025-04-05 10:00:00,31.1145920529589,29.1432850375903,0.0,1.7745238095238096,19.4,66,29,4.8,19,18.6,16.7,16.1,0.1,0.1,0.31,17.0,77.0,30560.0,1.0,2.0,119.0,0.0,100480.0
2025-04-05 11:00:00,30.9664250655464,29.3148526418274,0.0,1.7744047619047618,20.8,61,51,7.2,10,20.3,16.8,16.1,0.1,0.1,0.42,19.0,70.0,32318.0,2.0,0.0,217.0,0.0,100490.0
2025-04-05 12:00:00,30.9043653524258,29.3493829270433,0.0,1.7742857142857142,20.3,62,90,12.7,13,20.8,17.0,16.1,0.0,0.0,0.32,19.0,68.0,47622.0,4.0,2.0,77.0,0.0,100540.0
2025-04-05 13:00:00,30.8834366149706,29.1808911896324,0.0,1.7741666666666667,20.1,63,99,13.1,13,21.8,17.3,16.1,0.1,0.1,0.42,20.0,65.0,44610.0,4.0,2.0,30.0,0.0,100490.0
2025-04-05 14:00:00,30.8825943587113,29.0684683284609,0.0,1.774047619047619,20.4,60,100,12.9,14,22.3,17.6,16.1,0.0,0.0,0.42,21.0,60.0,97685.0,7.0,5.0,1.0,0.0,100450.0
2025-04-05 15:00:00,30.8130619553243,28.8827192893774,0.0,1.7739285714285715,19.7,61,99,14.2,14,22.2,17.8,16.1,0.0,0.0,0.32,20.0,63.0,98499.0,8.0,5.0,42.0,0.0,100400.0
2025-04-05 16:00:00,30.4850974547779,28.8297277948446,0.0,1.7738095238095237,18.9,62,83,11.7,21,21.8,18.0,16.2,0.0,0.0,0.25,20.0,57.0,88264.0,6.0,4.0,48.0,0.0,100340.0
2025-04-05 17:00:00,30.5919538423439,28.8501538138655,0.0,1.7736904761904762,18.1,63,92,10.6,22,21.1,18.2,16.2,0.0,0.0,0.19,20.0,58.0,68260.0,3.0,4.0,354.0,0.0,100310.0
2025-04-05 18:00:00,30.7803007558095,28.7338974371608,0.0,1.7735714285714286,17.0,66,82,5.1,35,20.0,18.3,16.2,0.0,0.0,0.08,19.0,55.0,46700.0,3.0,4.0,14.0,0.0,100310.0
2025-04-05 19:00:00,30.6920820585247,28.6166530742174,0.0,1.773452380952381,15.1,75,95,3.4,91,18.6,18.3,16.2,0.0,0.0,0.02,19.0,56.0,15852.0,1.0,3.0,42.0,0.0,100310.0
2025-04-05 20:00:00,30.5114937833584,28.7848526737237,0.0,1.7733333333333334,13.9,80,4,4.3,142,17.4,18.2,16.2,0.0,0.0,0.0,18.0,60.0,6698.0,0.0,3.0,42.0,0.0,100310.0
2025-04-05 21:00:00,30.7811471530025,28.6431766275974,0.0,1.7732142857142856,13.1,84,1,4.1,173,16.3,18.1,16.2,0.0,0.0,0.0,16.0,70.0,0.0,0.0,1.0,48.0,0.0,100320.0
2025-04-05 22:00:00,30.3188642157139,28.5456025983492,0.0,1.773095238095238,12.7,83,3,4.6,197,15.6,17.9,16.2,0.0,0.0,0.0,15.0,68.0,0.0,0.0,2.0,132.0,0.0,100330.0
2025-04-05 23:00:00,30.4815075787971,28.5438801602453,0.0,1.7729761904761905,12.6,80,4,5.4,211,15.0,17.8,16.2,0.0,0.0,0.0,14.0,74.0,0.0,0.0,0.0,174.0,0.0,100370.0
2025-04-06 00:00:00,30.527628581626,28.6354431662693,0.0,1.772857142857143,12.3,77,6,5.5,223,14.5,17.6,16.2,0.0,0.0,0.0,13.0,70.0,0.0,0.0,0.0,312.0,0.0,100380.0
2025-04-06 01:00:00,30.4951884699674,28.5540929832778,0.0,1.7727380952380953,12.3,75,2,4.8,228,14.3,17.5,16.2,0.0,0.0,0.0,14.0,75.0,0.0,0.0,0.0,270.0,0.0,100390.0
2025-04-06 02:00:00,30.5048081671657,28.5874095656151,0.0,1.7726190476190475,12.1,71,2,3.9,211,13.8,17.2,16.2,0.0,0.0,0.0,12.0,82.0,0.0,0.0,1.0,198.0,0.0,100390.0
2025-04-06 03:00:00,30.2851250552061,28.5053142491554,0.0,1.7725,11.8,69,5,3.6,207,13.3,17.0,16.3,0.0,0.0,0.0,12.0,75.0,0.0,0.0,0.0,182.0,0.0,100360.0
2025-04-06 04:00:00,30.2623272979941,28.4917964139884,0.0,1.7723809523809524,11.3,70,2,5.1,237,12.9,16.8,16.3,0.0,0.0,0.01,12.0,72.0,0.0,0.0,0.0,144.0,0.0,100300.0
2025-04-06 05:00:00,30.3063119131217,28.3942959665535,0.0,1.7722619047619048,11.1,70,2,6.4,239,12.6,16.5,16.3,0.0,0.0,0.01,9.0,83.0,0.0,0.0,0.0,234.0,0.0,100280.0
2025-04-06 06:00:00,30.438569292008,28.2926368894798,0.0,1.7721428571428572,10.9,70,0,6.4,232,12.4,16.3,16.3,0.0,0.0,0.03,9.0,83.0,0.0,0.0,0.0,173.0,0.0,100290.0
2025-04-06 07:00:00,30.2234834602217,28.5243605819486,0.0,1.7720238095238094,13.5,65,17,7.1,227,12.8,16.1,16.3,0.0,0.0,0.05,10.0,78.0,0.0,0.0,0.0,180.0,0.0,100290.0
2025-04-06 08:00:00,30.2478580333064,28.5396397945489,0.0,1.7719047619047619,17.2,55,98,4.7,233,14.3,16.0,16.3,0.0,0.0,0.15,9.0,79.0,632.0,0.0,1.0,161.0,0.0,100300.0
2025-04-06 09:00:00,30.1029739176949,28.4156221309071,0.0,1.7717857142857143,19.4,47,93,5.3,276,16.3,15.9,16.3,0.0,0.0,0.27,13.0,69.0,9094.0,0.0,1.0,204.0,0.0,100330.0
2025-04-06 10:00:00,30.1199726794453,28.4197546363303,0.0,1.7716666666666667,20.9,45,99,6.8,288,18.3,16.0,16.2,0.0,0.0,0.39,16.0,57.0,29741.0,1.0,4.0,262.0,0.0,100350.0
2025-04-06 11:00:00,30.1039511482166,28.4219432224341,0.0,1.7715476190476191,22.3,43,100,8.7,302,20.1,16.2,16.2,0.0,0.0,0.47,19.0,49.0,57517.0,5.0,3.0,300.0,0.0,100370.0
2025-04-06 12:00:00,30.0451903456995,28.4497903915869,0.0,1.7714285714285714,22.2,45,100,12.7,329,21.2,16.5,16.2,0.0,0.0,0.46,20.0,46.0,36736.0,3.0,3.0,348.0,0.0,100390.0
2025-04-06 13:00:00,30.1388085633506,28.2875589444559,0.0,1.7713095238095238,21.3,47,27,15.3,344,21.2,16.8,16.2,0.0,0.0,0.37,20.0,50.0,62016.0,4.0,5.0,2.0,0.0,100380.0
2025-04-06 14:00:00,29.9821755804912,28.3028316640442,0.0,1.7711904761904762,21.4,43,3,15.5,338,22.0,17.0,16.3,0.0,0.0,0.48,20.0,58.0,48047.0,4.0,4.0,354.0,0.0,100350.0
2025-04-06 15:00:00,29.9074246420962,27.9882846945972,0.0,1.7710714285714286,21.4,43,2,13.1,337,22.4,17.3,16.3,0.0,0.0,0.44,21.0,53.0,102807.0,7.0,4.0,343.0,0.0,100350.0
2025-04-06 16:00:00,29.9608196184176,27.9897289008421,0.0,1.770952380952381,20.6,46,58,13.1,344,22.2,17.6,16.3,0.0,0.0,0.35,21.0,50.0,71412.0,6.0,5.0,33.0,0.0,100320.0
2025-04-06 17:00:00,29.7869116771564,28.0598177691123,0.0,1.7708333333333333,19.5,51,22,7.2,360,21.5,17.8,16.3,0.0,0.0,0.21,21.0,48.0,67019.0,5.0,5.0,58.0,0.0,100280.0
2025-04-06 18:00:00,29.8031517693069,27.8311863813067,0.0,1.7707142857142857,18.0,64,94,2.7,65,20.4,17.9,16.3,0.0,0.0,0.07,21.0,44.0,42846.0,2.0,5.0,344.0,0.0,100250.0
2025-04-06 19:00:00,29.7871881053992,27.9180001404389,0.0,1.770595238095238,15.7,68,12,4.4,117,18.7,18.0,16.3,0.0,0.0,0.03,20.0,48.0,10410.0,1.0,2.0,6.0,0.0,100290.0
2025-04-06 20:00:00,29.7692468474665,27.8439812566336,0.0,1.7704761904761905,14.3,74,9,4.0,163,17.3,17.9,16.3,0.0,0.0,0.0,19.0,51.0,3330.0,0.0,1.0,14.0,0.0,100330.0
2025-04-06 21:00:00,29.7736204503482,27.879098225599,0.0,1.770357142857143,13.6,74,11,5.0,182,16.3,17.8,16.3,0.0,0.0,0.0,16.0,61.0,0.0,0.0,2.0,78.0,0.0,100410.0
2025-04-06 22:00:00,30.0523335780782,27.8959542517125,0.0,1.7702380952380952,13.4,67,7,6.5,203,15.6,17.7,16.3,0.0,0.0,0.01,15.0,63.0,0.0,0.0,0.0,58.0,0.0,100460.0
2025-04-06 23:00:00,29.7310703091069,27.6250190449284,0.0,1.7701190476190476,13.2,63,13,6.9,209,15.0,17.5,16.3,0.0,0.0,0.02,13.0,72.0,0.0,0.0,1.0,216.0,0.0,100500.0
2025-04-07 00:00:00,29.7424079333601,27.7669680953919,0.0,1.77,13.1,62,61,7.2,216,14.5,17.4,16.3,0.0,0.0,0.02,12.0,76.0,0.0,0.0,1.0,90.0,0.0,100500.0
2025-04-07 01:00:00,29.5866267038512,27.8056705570703,0.0,1.7698809523809524,12.8,64,0,6.9,213,14.3,17.2,16.3,0.0,0.0,0.02,14.0,62.0,0.0,0.0,1.0,282.0,0.0,100460.0
2025-04-07 02:00:00,29.9080954050712,27.8057598314471,0.0,1.7697619047619049,12.9,65,0,7.6,214,14.0,17.0,16.3,0.0,0.0,0.02,12.0,70.0,0.0,0.0,0.0,172.0,0.0,100450.0
2025-04-07 03:00:00,29.6790881377755,27.6472096926684,0.0,1.769642857142857,12.6,68,31,6.4,214,13.8,16.8,16.3,0.0,0.0,0.01,11.0,74.0,0.0,0.0,0.0,174.0,0.0,100430.0
2025-04-07 04:00:00,29.7184592021084,27.8122378381667,0.0,1.7695238095238095,12.5,70,23,6.0,221,13.5,16.7,16.3,0.0,0.0,0.01,11.0,77.0,0.0,0.0,0.0,192.0,0.0,100430.0
2025-04-07 05:00:00,29.6350292776525,27.6310292651485,0.0,1.769404761904762,12.5,72,19,6.7,211,13.4,16.5,16.3,0.0,0.0,0.01,12.0,68.0,0.0,0.0,0.0,228.0,0.0,100400.0
2025-04-07 06:00:00,29.6415982995715,27.6058415562191,0.0,1.7692857142857144,12.0,76,11,5.6,200,13.2,16.3,16.3,0.0,0.0,0.03,9.0,78.0,0.0,0.0,0.0,148.0,0.0,100410.0
2025-04-07 07:00:00,29.6745224552035,27.4649917450507,0.0,1.7691666666666668,14.3,73,10,7.3,195,13.6,16.1,16.3,0.0,0.0,0.05,9.0,80.0,0.0,0.0,2.0,156.0,0.0,100450.0
2025-04-07 08:00:00,29.4873533224737,27.5953514945595,0.0,1.769047619047619,18.5,60,0,4.1,197,15.1,16.0,16.3,0.0,0.0,0.15,11.0,77.0,1790.0,0.0,0.0,192.0,0.0,100510.0
2025-04-07 09:00:00,29.8218335216696,27.417651130781,0.0,1.7689285714285714,20.6,50,0,1.3,201,17.1,16.1,16.3,0.0,0.0,0.27,12.0,76.0,6111.0,0.0,0.0,300.0,0.0,100530.0
2025-04-07 10:00:00,29.5165647567156,27.6635544541194,0.0,1.7688095238095238,22.0,46,0,2.5,21,19.3,16.2,16.3,0.0,0.0,0.4,16.0,65.0,19280.0,1.0,0.0,264.0,0.0,100560.0
2025-04-07 11:00:00,29.6652654784977,27.2619450470574,0.0,1.7686904761904763,23.2,42,0,4.7,19,21.3,16.4,16.3,0.0,0.0,0.51,21.0,49.0,64874.0,6.0,0.0,191.0,0.0,100590.0
2025-04-07 12:00:00,29.4812900962646,29.7626699946318,0.0,1.7685714285714287,24.2,39,0,8.2,18,22.9,16.7,16.3,0.0,0.0,0.58,22.0,41.0,84707.0,7.0,3.0,288.0,0.0,100610.0
2025-04-07 13:00:00,29.6870170645254,31.5067385142944,0.0,1.7684523809523809,24.2,41,0,11.9,26,23.9,17.1,16.3,0.0,0.0,0.59,23.0,41.0,98144.0,8.0,1.0,49.0,0.0,100560.0
2025-04-07 14:00:00,29.6879760829428,31.2709197577222,0.0,1.7683333333333333,23.5,42,0,15.8,34,24.3,17.5,16.3,0.0,0.0,0.55,24.0,35.0,102141.0,5.0,2.0,227.0,0.0,100510.0
2025-04-07 15:00:00,30.3581034261477,30.8258846405642,0.0,1.7682142857142857,22.8,43,0,16.6,42,24.2,17.9,16.3,0.0,0.0,0.48,24.0,39.0,96460.0,9.0,3.0,35.0,0.0,100480.0
2025-04-07 16:00:00,30.410587006539,30.5591022861838,0.0,1.7680952380952382,22.0,46,0,15.7,47,23.7,18.2,16.3,0.0,0.0,0.38,24.0,39.0,83922.0,6.0,4.0,49.0,0.0,100460.0
2025-04-07 17:00:00,30.567046359058,30.601804456549,0.0,1.7679761904761906,20.9,49,0,14.5,47,22.8,18.4,16.4,0.0,0.0,0.25,22.0,47.0,64028.0,5.0,4.0,40.0,0.0,100460.0
2025-04-07 18:00:00,30.701077638835,30.1544527403453,0.0,1.7678571428571428,19.0,56,0,11.1,50,21.5,18.6,16.4,0.0,0.0,0.12,22.0,47.0,39023.0,3.0,3.0,36.0,0.0,100490.0
2025-04-07 19:00:00,30.6890828838629,30.0832948352846,0.0,1.7677380952380952,16.3,69,0,5.9,62,19.9,18.6,16.4,0.0,0.0,0.04,21.0,51.0,14744.0,1.0,3.0,38.0,0.0,100500.0
2025-04-07 20:00:00,30.6979368287586,30.0047473654085,0.0,1.7676190476190476,15.4,75,0,4.5,67,18.4,18.6,16.4,0.0,0.0,0.0,19.0,59.0,2703.0,0.0,2.0,66.0,0.0,100550.0
2025-04-07 21:00:00,30.8190715091292,29.9264982925041,0.0,1.7675,15.1,76,0,3.2,63,17.1,18.5,16.4,0.0,0.0,0.0,16.0,68.0,0.0,0.0,0.0,70.0,0.0,100560.0
2025-04-07 22:00:00,30.7525870395771,29.6597029365902,0.0,1.7673809523809525,14.7,78,0,2.1,54,16.1,18.4,16.4,0.0,0.0,0.0,14.0,74.0,0.0,0.0,0.0,192.0,0.0,100640.0
2025-04-07 23:00:00,30.9576591941284,29.6579203382271,0.0,1.7672619047619047,14.5,80,0,1.2,44,15.3,18.2,16.4,0.0,0.0,0.0,13.0,76.0,0.0,0.0,0.0,186.0,0.0,100640.0
2025-04-08 00:00:00,30.7345275108515,29.7683428017193,0.0,1.7671428571428571,13.9,82,0,1.3,15,14.6,18.0,16.4,0.0,0.0,0.0,13.0,79.0,0.0,0.0,0.0,192.0,0.0,100650.0
2025-04-08 01:00:00,30.7285179674525,29.6461366319728,0.0,1.7670238095238096,13.2,84,0,2.6,322,14.0,17.8,16.4,0.0,0.0,0.0,11.0,81.0,0.0,0.0,0.0,162.0,0.0,100670.0
2025-04-08 02:00:00,30.8222904638725,29.7094860984631,0.0,1.766904761904762,12.5,83,0,4.1,291,13.6,17.5,16.4,0.0,0.0,0.0,11.0,83.0,0.0,0.0,0.0,175.0,0.0,100650.0
2025-04-08 03:00:00,30.772281902156,29.4022217527277,0.0,1.7667857142857144,12.4,81,0,2.9,294,13.2,17.3,16.4,0.0,0.0,0.0,10.0,81.0,0.0,0.0,0.0,178.0,0.0,100640.0
2025-04-08 04:00:00,30.6211547356318,29.4512920711053,0.0,1.7666666666666666,12.4,78,0,2.9,299,12.9,17.0,16.4,0.0,0.0,0.0,10.0,84.0,0.0,0.0,0.0,167.0,0.0,100590.0
2025-04-08 05:00:00,30.6545405857051,29.3668284153064,0.0,1.766547619047619,12.1,77,0,1.8,343,12.6,16.8,16.4,0.0,0.0,0.0,10.0,85.0,0.0,0.0,0.0,165.0,0.0,100570.0
2025-04-08 06:00:00,30.8172252151236,29.3841045573933,0.0,1.7664285714285715,11.7,77,0,1.9,354,12.3,16.5,16.4,0.0,0.0,0.02,10.0,85.0,0.0,0.0,1.0,167.0,0.0,100560.0
2025-04-08 07:00:00,30.7415023573169,29.4863681841209,0.0,1.7663095238095239,14.0,70,0,3.2,355,12.9,16.3,16.4,0.0,0.0,0.04,9.0,87.0,0.0,0.0,0.0,192.0,0.0,100570.0
2025-04-08 08:00:00,30.5525648123656,29.3464794650785,0.0,1.7661904761904763,17.3,64,0,5.7,347,14.5,16.2,16.4,0.0,0.0,0.15,10.0,85.0,2999.0,0.0,0.0,174.0,0.0,100590.0
2025-04-08 09:00:00,30.6228491932028,29.2962224536656,0.0,1.7660714285714285,19.8,54,0,7.7,345,16.5,16.2,16.4,0.0,0.0,0.29,14.0,80.0,15233.0,1.0,0.0,288.0,0.0,100620.0
2025-04-08 10:00:00,30.6561906463974,29.1428804597821,0.0,1.765952380952381,22.5,45,0,10.7,356,18.6,16.3,16.4,0.0,0.0,0.43,17.0,77.0,41647.0,2.0,2.0,48.0,0.0,100620.0
2025-04-08 11:00:00,30.4610644976344,29.100835558979,0.0,1.7658333333333334,23.7,41,0,17.2,15,20.5,16.5,16.4,0.0,0.0,0.54,21.0,64.0,68910.0,6.0,2.0,44.0,0.0,100620.0
2025-04-08 12:00:00,30.7681648357153,29.0819416460526,0.0,1.7657142857142858,24.0,39,0,17.3,26,22.0,16.7,16.4,0.0,0.0,0.59,23.0,52.0,85190.0,6.0,1.0,357.0,0.0,100580.0
2025-04-08 13:00:00,30.7610335421884,29.0489320760383,0.0,1.7655952380952382,23.9,41,0,14.1,40,23.0,17.1,16.4,0.0,0.0,0.59,23.0,53.0,97230.0,8.0,4.0,42.0,0.0,100540.0
2025-04-08 14:00:00,30.8644909515908,29.1590242870453,0.0,1.7654761904761904,24.3,42,0,15.7,49,23.7,17.4,16.4,0.0,0.0,0.57,24.0,43.0,99979.0,8.0,4.0,26.0,0.0,100480.0
2025-04-08 15:00:00,30.5658705311034,28.8632472564623,0.0,1.7653571428571428,24.3,45,6,15.0,45,24.0,17.8,16.5,0.0,0.0,0.49,24.0,45.0,94086.0,7.0,5.0,28.0,0.0,100420.0
2025-04-08 16:00:00,30.4397139989489,28.7758192944797,0.0,1.7652380952380953,23.1,52,5,14.5,36,23.8,18.1,16.5,0.0,0.0,0.37,24.0,46.0,79712.0,8.0,4.0,38.0,0.0,100350.0
2025-04-08 17:00:00,30.7089728951213,28.6428639436394,0.0,1.7651190476190477,22.0,56,3,11.2,29,23.0,18.4,16.5,0.0,0.0,0.24,24.0,46.0,58886.0,3.0,5.0,18.0,0.0,100300.0
2025-04-08 18:00:00,30.4764826559461,28.6002510336684,0.0,1.765,20.0,65,5,7.9,360,21.8,18.6,16.5,0.0,0.0,0.1,24.0,53.0,32679.0,2.0,3.0,0.0,0.0,100290.0
2025-04-08 19:00:00,30.3276616568139,28.5240196394423,0.0,1.7648809523809523,17.2,74,2,5.4,351,20.2,18.7,16.5,0.0,0.0,0.03,22.0,55.0,11616.0,1.0,3.0,36.0,0.0,100320.0
2025-04-08 20:00:00,30.5655592740098,28.5445645815132,0.0,1.7647619047619048,16.3,77,13,3.3,357,18.8,18.7,16.5,0.0,0.0,0.0,20.0,63.0,1573.0,0.0,4.0,16.0,0.0,100340.0
2025-04-08 21:00:00,30.3909262636138,28.4133541651807,0.0,1.7646428571428572,15.7,79,42,2.4,347,17.7,18.6,16.5,0.0,0.0,0.0,18.0,72.0,0.0,0.0,1.0,348.0,0.0,100450.0
2025-04-08 22:00:00,30.5775057395613,28.2913073654554,0.0,1.7645238095238096,15.3,82,76,6.9,286,17.0,18.5,16.5,0.0,0.0,0.0,16.0,80.0,0.0,0.0,0.0,53.0,0.0,100490.0
2025-04-08 23:00:00,30.7340881987591,28.2926534310496,0.0,1.7644047619047618,15.4,81,23,13.6,262,16.7,18.4,16.5,0.0,0.0,0.02,15.0,82.0,0.0,0.0,0.0,192.0,0.0,100530.0
2025-04-09 00:00:00,30.4488797187832,28.4579552839326,0.0,1.7642857142857142,15.2,82,91,10.1,261,16.4,18.2,16.5,0.0,0.0,0.01,15.0,83.0,0.0,0.0,0.0,210.0,0.0,100540.0
2025-04-09 01:00:00,30.569989553874,28.508858015376,0.0,1.7641666666666667,14.2,85,98,7.5,256,15.6,18.1,16.5,0.0,0.0,0.0,14.0,83.0,0.0,0.0,0.0,180.0,0.0,100530.0
2025-04-09 02:00:00,30.6477577477527,28.4291696655864,0.0,1.764047619047619,13.8,90,100,11.9,254,15.3,17.9,16.6,0.0,0.0,0.0,15.0,85.0,0.0,0.0,0.0,78.0,0.0,100510.0
2025-04-09 03:00:00,30.4731655926481,28.4189303694394,0.0,1.7639285714285715,13.3,94,79,12.7,253,15.1,17.7,16.6,0.0,0.0,0.0,12.0,90.0,0.0,0.0,0.0,324.0,0.0,100470.0
2025-04-09 04:00:00,30.4160743008104,28.4771065206639,0.0,1.7638095238095237,13.1,94,8,11.0,261,14.9,17.6,16.6,0.0,0.0,0.0,12.0,89.0,0.0,0.0,0.0,188.0,0.0,100450.0
2025-04-09 05:00:00,30.4742764491293,28.2307375000298,0.0,1.7636904761904761,12.9,94,0,8.7,273,14.6,17.4,16.6,0.0,0.0,0.0,11.0,89.0,0.0,0.0,0.0,176.0,0.0,100440.0
2025-04-09 06:00:00,30.349750728805,28.4315619527235,0.0,1.7635714285714286,12.6,94,0,6.4,278,14.4,17.2,16.6,0.0,0.0,0.02,11.0,91.0,0.0,0.0,0.0,173.0,0.0,100410.0
2025-04-09 07:00:00,30.5088702126723,28.2478290366539,0.0,1.763452380952381,14.7,87,0,7.0,292,14.7,17.1,16.6,0.0,0.0,0.04,11.0,92.0,0.0,0.0,0.0,173.0,0.0,100400.0
2025-04-09 08:00:00,30.5055127688084,28.1895154950401,0.0,1.7633333333333334,17.3,78,0,5.7,306,16.0,17.0,16.6,0.0,0.0,0.14,11.0,90.0,4728.0,0.0,0.0,154.0,0.0,100430.0
2025-04-09 09:00:00,30.5250219247865,28.2771499891988,0.0,1.7632142857142856,19.2,71,0,6.4,346,17.8,17.0,16.6,0.0,0.0,0.27,16.0,81.0,18089.0,1.0,0.0,179.0,0.0,100440.0
2025-04-09 10:00:00,30.5451662357906,28.2050693234851,0.0,1.763095238095238,21.1,63,0,9.2,18,19.7,17.0,16.6,0.0,0.0,0.4,19.0,73.0,44385.0,3.0,0.0,118.0,0.0,100450.0
2025-04-09 11:00:00,30.4075725807964,28.004512810168,0.0,1.7629761904761905,22.8,57,0,11.9,33,21.5,17.2,16.6,0.0,0.0,0.5,20.0,73.0,68756.0,5.0,1.0,42.0,0.0,100490.0
2025-04-09 12:00:00,30.370270906149,28.2452423746176,0.0,1.762857142857143,23.4,55,3,14.6,37,23.0,17.5,16.6,0.0,0.0,0.55,21.0,66.0,86396.0,6.0,1.0,114.0,0.0,100470.0
2025-04-09 13:00:00,30.3916892927216,28.1494093068383,0.0,1.7627380952380953,22.6,63,2,15.4,33,23.5,17.8,16.6,0.0,0.0,0.53,22.0,67.0,99351.0,9.0,4.0,353.0,0.0,100380.0
2025-04-09 14:00:00,30.3499299596102,27.9483277464857,0.0,1.7626190476190475,22.1,63,17,15.4,36,24.0,18.2,16.6,0.0,0.0,0.49,21.0,72.0,94854.0,6.0,4.0,23.0,0.0,100320.0
2025-04-09 15:00:00,30.3145339796205,28.0516868625819,0.0,1.7625,21.5,66,95,15.6,42,24.1,18.5,16.6,0.0,0.0,0.42,21.0,71.0,90484.0,7.0,4.0,31.0,0.0,100260.0
2025-04-09 16:00:00,30.2581281505721,27.8762633243062,0.0,1.7623809523809524,21.0,67,100,14.5,38,23.7,18.8,16.6,0.0,0.0,0.31,22.0,72.0,82578.0,7.0,5.0,44.0,0.0,100190.0
2025-04-09 17:00:00,30.2561821678435,27.8145034792494,0.0,1.7622619047619048,19.6,73,100,12.1,33,22.7,19.0,16.6,0.0,0.0,0.16,20.0,76.0,42173.0,2.0,2.0,18.0,0.0,100150.0
2025-04-09 18:00:00,30.421158339291,27.8825087546623,0.0,1.7621428571428572,18.1,81,100,12.3,44,21.4,19.1,16.6,0.0,0.0,0.07,19.0,80.0,10486.0,0.0,4.0,43.0,0.0,100130.0
2025-04-09 19:00:00,30.174913385591,27.7147761931677,0.0,1.7620238095238094,17.2,87,100,8.4,36,20.3,19.1,16.6,0.0,0.0,0.03,18.5,81.0,8218.0,0.0,3.5,37.5,0.0,100120.0
2025-04-09 20:00:00,30.2244653116063,27.87506735852,0.0,1.7619047619047619,16.1,94,34,6.9,359,19.3,19.1,16.7,0.0,0.0,0.0,18.0,82.0,5950.0,0.0,3.0,32.0,0.0,100110.0
2025-04-09 21:00:00,30.1343814477129,27.7966473986619,0.0,1.7617857142857143,14.7,100,96,3.8,8,18.3,19.1,16.7,0.0,0.0,0.0,17.0,88.0,464.0,0.0,3.0,53.0,0.0,100090.0
2025-04-09 22:00:00,30.2671555539173,27.6398403833787,0.0,1.7616666666666667,14.0,100,100,2.2,15,17.4,18.9,16.7,0.0,0.0,0.0,17.0,90.0,0.0,0.0,2.0,43.0,0.0,100160.0
2025-04-09 23:00:00,30.2685168784438,27.7868844879315,0.0,1.7615476190476191,13.8,100,100,1.3,10,16.6,18.8,16.7,0.0,0.0,0.0,16.0,91.0,0.0,0.0,1.0,66.0,0.0,100220.0
2025-04-10 00:00:00,30.1484303120688,27.5626482641604,0.0,1.7614285714285713,13.5,98,100,1.9,359,15.9,18.6,16.7,0.0,0.0,0.0,16.0,92.0,0.0,0.0,0.0,14.0,0.0,100230.0
2025-04-10 01:00:00,30.1495079538688,27.4243157623664,0.0,1.7613095238095238,13.9,98,100,5.3,18,15.9,18.5,16.7,0.0,0.0,0.0,15.0,91.0,0.0,0.0,0.0,161.0,0.0,100210.0
2025-04-10 02:00:00,30.3499221595623,27.6944449147135,0.0,1.7611904761904762,13.5,99,100,7.0,1,15.8,18.3,16.7,0.0,0.0,0.0,16.0,92.0,0.0,0.0,0.0,150.0,0.0,100220.0
2025-04-10 03:00:00,29.9668551587828,27.600794278949,0.0,1.7610714285714286,13.1,99,100,6.6,349,15.6,18.1,16.7,0.0,0.0,0.0,17.0,91.0,0.0,0.0,0.0,36.0,0.0,100130.0
2025-04-10 04:00:00,30.0196746883632,27.4304725933815,0.0,1.760952380952381,13.4,99,100,4.0,317,15.5,17.9,16.7,0.0,0.0,0.0,16.0,91.0,0.0,0.0,2.0,66.0,0.0,100090.0
2025-04-10 05:00:00,30.0610253674403,27.6058363634288,0.0,1.7608333333333333,14.0,93,100,3.0,346,15.5,17.8,16.7,0.0,0.0,0.0,16.0,91.0,0.0,0.0,0.0,66.0,0.0,100120.0
2025-04-10 06:00:00,30.0144118108197,27.4509408425111,0.0,1.7607142857142857,15.1,93,100,9.6,71,15.5,17.6,16.7,0.0,0.0,0.02,17.0,90.0,0.0,0.0,0.0,222.0,0.0,100150.0
2025-04-10 07:00:00,30.0312406486635,27.726175102125,0.0,1.760595238095238,16.7,92,71,9.3,30,15.9,17.5,16.7,0.0,0.0,0.03,16.0,91.0,0.0,0.0,0.0,113.0,0.0,100090.0
2025-04-10 08:00:00,30.1322589563372,27.5549480349204,0.0,1.7604761904761905,18.7,84,99,9.4,356,16.9,17.4,16.7,0.0,0.0,0.11,16.0,91.0,38.0,0.0,0.0,70.0,0.0,100100.0
2025-04-10 09:00:00,30.0437746047893,27.5351066503988,0.0,1.760357142857143,21.3,70,100,8.5,342,18.4,17.4,16.7,0.0,0.0,0.24,17.0,90.0,2506.0,0.0,0.0,179.0,0.0,100160.0
2025-04-10 10:00:00,30.0318631884389,27.4735287564646,0.0,1.7602380952380952,22.9,59,100,11.3,355,20.2,17.5,16.8,0.0,0.0,0.37,17.0,87.0,9176.0,0.0,0.0,126.0,0.0,100160.0
2025-04-10 11:00:00,30.0455030259551,27.5939300707734,0.0,1.7601190476190476,23.0,56,100,10.7,13,21.7,17.7,16.8,0.0,0.0,0.46,18.0,84.0,37620.0,2.0,1.0,124.0,0.0,100150.0
2025-04-10 12:00:00,30.0521914658114,31.1686435384569,0.0,1.76,23.7,56,94,12.1,33,23.1,18.0,16.8,0.0,0.0,0.51,20.0,78.0,36739.0,3.0,2.0,67.0,0.0,100210.0
2025-04-10 13:00:00,29.9440140066415,31.8136391338807,0.0,1.76,21.5,70,100,16.8,38,22.7,18.1,16.8,0.0,0.0,0.43,20.0,78.0,64737.0,5.0,3.0,31.0,0.0,100230.0
2025-04-10 14:00:00,30.4168112996525,31.8892331848772,0.0,1.76,20.4,74,100,14.6,41,22.8,18.4,16.8,0.0,0.0,0.34,20.0,78.0,79870.0,6.0,4.0,6.0,0.0,100230.0
2025-04-10 15:00:00,30.8957244365055,31.9088517806949,0.0,1.76,19.4,78,100,16.3,45,22.2,18.6,16.8,0.0,0.0,0.21,20.0,81.0,32985.0,2.0,5.0,32.0,0.0,100250.0
2025-04-10 16:00:00,31.5113140312648,32.0112040802529,0.0,1.76,18.8,80,100,17.5,45,21.6,18.7,16.8,0.0,0.0,0.18,19.0,81.0,28404.0,2.0,5.0,42.0,0.0,100250.0
2025-04-10 17:00:00,31.8739622395342,31.6172530381971,0.0,1.76,18.1,84,100,16.4,47,20.9,18.9,16.8,0.0,0.0,0.12,19.0,84.0,13326.0,0.0,5.0,66.0,0.0,100230.0
2025-04-10 18:00:00,32.2035590261309,31.4446039038097,0.0,1.76,17.4,87,100,14.8,50,20.1,18.9,16.8,0.0,0.0,0.06,18.0,85.0,10087.0,0.0,4.0,54.0,0.0,100220.0
2025-04-10 19:00:00,32.3196618031521,31.2188137628724,0.0,1.76,16.2,93,100,13.2,50,19.2,18.9,16.8,0.0,0.0,0.02,18.0,85.0,8056.0,0.0,4.0,90.0,0.0,100190.0
2025-04-10 20:00:00,32.3449276819153,31.5329360909875,0.0,1.76,16.1,94,100,15.7,49,18.6,18.9,16.8,0.0,0.0,0.0,18.0,86.0,2441.0,0.0,4.0,48.0,0.0,100200.0
2025-04-10 21:00:00,32.1886500536112,31.1843856014572,0.0,1.76,16.0,95,100,17.2,52,18.2,18.8,16.8,0.0,0.0,0.0,17.0,88.0,61.0,0.0,3.0,77.0,0.0,100230.0
2025-04-10 22:00:00,32.2219687277448,31.180870782571,0.0,1.76,16.1,95,100,15.9,52,17.9,18.7,16.8,0.0,0.0,0.0,17.0,88.0,0.0,0.0,2.0,48.0,0.0,100230.0
2025-04-10 23:00:00,32.2796275522307,31.0905350010078,0.0,1.76,15.6,97,100,15.8,50,17.6,18.6,16.9,0.0,0.0,0.0,17.0,88.0,0.0,0.0,2.0,64.0,0.0,100230.0
2025-04-11 00:00:00,32.2395675697475,30.8220139350397,0.0,1.76,15.5,97,100,15.3,50,17.4,18.5,16.9,0.0,0.0,0.0,17.0,89.0,0.0,0.0,3.0,65.0,0.0,100210.0
2025-04-11 01:00:00,32.3468113309918,30.8615357218799,0.0,1.76,15.7,95,100,17.7,49,17.6,18.5,16.9,0.0,0.0,0.0,17.0,90.0,0.0,0.0,3.0,48.0,0.0,100220.0
2025-04-11 02:00:00,32.3042198048162,30.902679527884,0.0,1.76,15.3,99,100,13.3,42,17.3,18.4,16.9,0.0,0.0,0.0,17.0,91.0,0.0,0.0,2.0,60.0,0.0,100200.0
2025-04-11 03:00:00,32.2393696852261,30.7747854829905,0.0,1.76,14.9,100,100,10.4,27,17.1,18.3,16.9,0.0,0.0,0.0,17.0,92.0,0.0,0.0,1.0,88.0,0.0,100110.0
2025-04-11 04:00:00,32.3848484925811,30.7369293451808,0.0,1.76,14.6,100,100,9.0,8,16.9,18.2,16.9,0.0,0.0,0.0,17.0,93.0,0.0,0.0,1.0,48.0,0.0,100040.0
2025-04-11 05:00:00,32.3021253564,30.8482264324693,0.0,1.76,14.3,99,100,8.7,354,16.6,18.1,16.9,0.0,0.0,0.0,17.0,92.0,0.0,0.0,1.0,6.0,0.0,99940.0
2025-04-11 06:00:00,32.2583014702455,30.7634603449632,0.0,1.76,14.6,96,100,8.3,350,16.4,18.0,16.9,0.0,0.0,0.02,17.0,92.0,0.0,0.0,0.0,353.0,0.0,99940.0
2025-04-11 07:00:00,32.2417396575217,30.5879413419113,0.0,1.76,16.0,90,100,8.4,353,16.4,17.9,16.9,0.0,0.0,0.03,17.0,92.0,0.0,0.0,0.0,330.0,0.0,99970.0
2025-04-11 08:00:00,32.2896411855965,30.6056676826458,0.0,1.76,18.6,81,100,7.6,354,17.0,17.8,16.9,0.0,0.0,0.1,16.0,93.0,228.0,0.0,0.0,25.0,0.0,99950.0
2025-04-11 09:00:00,32.1064493520917,30.4265096125214,0.0,1.76,20.1,77,100,9.0,358,18.2,17.8,16.9,0.0,0.0,0.19,16.0,94.0,2991.0,0.0,2.0,282.0,0.0,100010.0
2025-04-11 10:00:00,32.3408455527213,30.5030428503373,0.0,1.76,23.8,68,100,7.5,1,19.9,17.8,16.9,0.0,0.0,0.33,17.0,92.0,7460.0,0.0,2.0,18.0,0.0,99960.0
2025-04-11 11:00:00,32.266738360591,30.4722339017048,0.0,1.76,25.2,67,100,2.4,65,21.2,18.0,16.9,0.0,0.0,0.33,18.0,89.0,16476.0,1.0,2.0,33.0,0.0,100000.0
2025-04-11 12:00:00,32.3297127560339,30.5910801627572,18.89997894797872,1.76,27.0,56,100,5.4,177,22.5,18.2,16.9,0.0,0.0,0.34,18.0,88.0,32495.0,2.0,2.0,21.0,0.0,100040.0
2025-04-11 13:00:00,32.1556772659173,30.7198703599613,0.0,1.76,22.2,75,100,19.0,14,22.0,18.3,16.9,0.0,0.0,0.4,19.0,85.0,36728.0,2.0,3.0,42.0,0.0,100070.0
2025-04-11 14:00:00,32.3602315045979,30.7666461108132,0.0,1.76,21.8,74,100,17.1,0,22.5,18.5,16.9,0.0,0.0,0.37,19.0,85.0,33390.0,2.0,4.0,21.0,0.0,100050.0
2025-04-11 15:00:00,32.3659582943896,30.5840088105704,0.0,1.76,19.6,77,100,19.2,348,22.2,18.7,16.9,0.0,0.0,0.25,18.0,87.0,20850.0,1.0,3.0,30.0,0.0,100060.0
2025-04-11 16:00:00,32.3011701256644,30.5004085085359,0.0,1.76,18.0,86,100,8.3,350,22.0,18.9,17.0,0.0,0.0,0.24,19.0,83.0,41574.0,2.0,3.0,20.0,0.0,99980.0
2025-04-11 17:00:00,32.4759623032024,30.4589426368279,0.0,1.76,18.0,85,94,7.3,41,21.6,19.0,17.0,0.0,0.0,0.15,19.0,84.0,29554.0,2.0,2.0,24.0,0.0,99960.0
2025-04-11 18:00:00,32.3481604031569,30.5157720138308,0.0,1.76,16.3,92,98,8.1,16,20.7,19.1,17.0,0.0,0.0,0.06,19.0,85.0,18212.0,1.0,4.0,39.0,0.0,99960.0
2025-04-11 19:00:00,32.1810081847958,30.5578170037831,0.0,1.76,15.3,96,100,3.3,191,19.6,19.1,17.0,0.0,0.0,0.01,18.0,88.0,6181.0,0.0,3.0,19.0,0.0,99990.0
2025-04-11 20:00:00,32.2583321939247,30.593365899994,0.0,1.76,15.2,97,100,2.9,356,18.7,19.1,17.0,0.0,0.0,0.0,17.0,90.0,1474.0,0.0,1.0,59.0,0.0,100000.0
2025-04-11 21:00:00,32.1989004384986,30.6573233250825,0.0,1.76,14.4,100,98,1.6,41,17.9,19.0,17.0,0.0,0.0,0.0,17.0,92.0,0.0,0.0,2.0,43.0,0.0,100060.0
2025-04-11 22:00:00,32.3243163354506,30.4689095368164,0.0,1.76,14.0,100,100,3.0,9,17.2,18.9,17.0,0.0,0.0,0.0,17.0,95.0,0.0,0.0,2.0,54.0,0.0,100060.0
2025-04-11 23:00:00,32.3147625744113,30.4969349201065,0.0,1.76,13.1,100,100,2.8,340,16.7,18.7,17.0,0.0,0.0,0.0,17.0,93.0,0.0,0.0,0.0,78.0,0.0,100090.0
2025-04-12 00:00:00,32.1237678745638,30.5637290169984,0.0,1.76,12.9,100,100,2.4,316,16.2,18.5,17.0,0.0,0.0,0.0,17.0,92.0,0.0,0.0,2.0,71.0,0.0,100120.0
2025-04-12 01:00:00,32.1778271455206,30.3355437873969,0.0,1.76,15.6,98,100,10.1,77,17.2,18.9,17.1,0.0,0.0,0.0,16.0,95.0,0.0,0.0,1.0,54.0,0.0,100170.0
2025-04-12 02:00:00,32.1525924010995,30.3633264833923,0.0,1.76,15.0,100,100,11.6,58,17.1,18.8,17.1,0.0,0.0,0.0,16.0,95.0,0.0,0.0,2.0,60.0,0.0,100160.0
2025-04-12 03:00:00,32.0821928204871,30.3413252077556,0.0,1.76,14.7,99,100,6.6,36,16.9,18.6,17.1,0.1,0.1,0.0,16.0,96.0,0.0,0.0,2.0,82.0,0.0,100130.0
2025-04-12 04:00:00,32.0909087750998,30.1621742636211,0.0,1.76,14.6,99,100,3.7,346,16.7,18.5,17.1,0.0,0.0,0.0,16.0,95.0,0.0,0.0,2.0,66.0,0.0,100030.0
2025-04-12 05:00:00,32.0702358120764,30.3008111853023,0.0,1.76,14.1,99,100,7.9,283,16.4,18.4,17.1,0.0,0.0,0.0,16.0,95.0,0.0,0.0,1.0,36.0,0.0,99990.0
2025-04-12 06:00:00,32.0731886750368,30.3305249472709,0.0,1.76,14.2,99,100,7.4,300,16.2,18.2,17.1,0.0,0.0,0.01,16.0,95.0,0.0,0.0,0.0,90.0,0.0,99930.0
2025-04-12 07:00:00,32.1763167691034,30.2666014218338,0.0,1.76,15.1,97,100,6.4,317,16.5,18.1,17.1,0.0,0.0,0.03,16.0,95.0,0.0,0.0,0.0,48.0,0.0,99880.0
2025-04-12 08:00:00,32.0957718191273,30.3691634016721,0.0,1.76,15.4,99,100,6.3,335,16.7,18.0,17.1,0.0,0.0,0.04,16.0,95.0,370.0,0.0,1.0,314.0,0.0,99970.0
2025-04-12 09:00:00,31.9679585148333,30.1061940892849,0.0,1.76,15.6,97,100,8.3,344,17.0,17.9,17.1,0.0,0.0,0.05,16.0,94.0,1333.0,0.0,0.0,43.0,0.0,100090.0
2025-04-12 10:00:00,31.9150693912126,30.3118035362501,0.0,1.76,16.3,93,100,7.9,330,17.5,17.8,17.1,0.0,0.0,0.09,17.0,92.0,2369.0,0.0,2.0,42.0,0.0,100120.0
2025-04-12 11:00:00,31.9687933641384,30.30927474227,0.0,1.76,17.8,86,100,10.1,341,18.2,17.8,17.1,0.3,0.3,0.15,17.0,90.0,8526.0,0.0,3.0,144.0,0.0,100150.0
2025-04-12 12:00:00,32.1525672362851,30.0806863803692,0.0,1.76,18.8,82,100,12.7,344,18.9,17.9,17.1,0.1,0.1,0.23,17.0,89.0,10330.0,0.0,0.0,53.0,0.0,100130.0
2025-04-12 13:00:00,31.9038802601254,30.057446101528,0.0,1.76,19.1,87,100,9.1,57,18.4,17.8,17.1,0.3,0.3,0.17,17.0,92.0,7190.0,0.0,1.0,320.0,0.0,100220.0
2025-04-12 14:00:00,31.9295957708534,30.0180770230254,0.0,1.76,19.0,85,100,11.0,14,18.9,17.8,17.1,0.0,0.0,0.17,17.0,90.0,3807.0,0.0,0.0,86.0,0.0,100230.0
2025-04-12 15:00:00,32.1183492769725,30.0285254939253,0.0,1.76,18.5,85,100,11.0,358,19.1,17.9,17.1,0.1,0.1,0.16,18.0,88.0,13549.0,1.0,4.0,96.0,0.0,100100.0
2025-04-12 16:00:00,31.9050331244482,29.8900045870676,0.0,1.76,18.7,82,100,8.7,32,19.5,18.0,17.1,0.0,0.0,0.19,18.0,87.0,15233.0,1.0,0.0,36.0,0.0,100050.0
2025-04-12 17:00:00,31.9460166066194,29.9778057315569,0.0,1.76,17.4,87,100,7.9,25,19.3,18.0,17.1,0.0,0.0,0.09,18.0,90.0,18226.0,1.0,3.0,45.0,0.0,99930.0
2025-04-12 18:00:00,31.9475225589777,30.0437821848187,0.0,1.76,16.8,89,100,0.0,104,18.8,18.1,17.1,0.0,0.0,0.04,17.0,93.0,3203.0,0.0,0.0,53.0,0.0,99940.0
2025-04-12 19:00:00,31.914869959884,30.0817915082571,0.0,1.76,16.4,93,100,1.5,273,18.1,18.1,17.1,0.5,0.5,0.02,17.0,95.0,2262.0,0.0,2.0,169.0,2.0,99890.0
2025-04-12 20:00:00,31.9362896696694,30.0677204468452,0.0,1.76,16.1,97,100,4.4,343,17.5,18.0,17.1,0.7,0.7,0.0,17.0,96.0,378.0,0.0,2.0,274.0,0.0,99910.0
2025-04-12 21:00:00,31.95831915385,29.9806485366412,0.0,1.76,15.8,98,100,2.7,323,17.0,18.0,17.1,0.4,0.4,0.0,17.0,97.0,0.0,0.0,2.0,294.0,3.0,99900.0
2025-04-12 22:00:00,31.9670135750443,30.085201255704,0.0,1.76,15.8,98,99,1.3,327,16.7,17.9,17.1,0.1,0.1,0.0,16.0,97.0,0.0,0.0,4.0,103.0,6.0,99860.0
2025-04-12 23:00:00,32.2708568764042,30.3592276629022,0.0,1.76,15.5,98,76,3.8,335,16.4,17.8,17.1,0.0,0.0,0.0,16.0,96.0,0.0,0.0,0.0,144.0,1.0,99980.0
2025-04-13 00:00:00,32.3780262062955,30.7740294519929,0.0,1.76,15.0,99,34,0.5,315,16.0,17.7,17.1,0.0,0.0,0.0,17.0,93.0,0.0,0.0,0.0,124.0,1.0,99920.0
2025-04-13 01:00:00,32.5402423631216,31.0615668233445,0.0,1.76,15.5,99,93,2.9,46,16.4,17.6,17.1,0.0,0.0,0.0,18.0,81.0,0.0,0.0,5.0,329.0,1.0,99830.0
2025-04-13 02:00:00,32.9639338746642,31.2215542715841,0.0,1.76,15.2,100,100,1.9,353,16.0,17.5,17.1,0.0,0.0,0.0,16.0,94.0,0.0,0.0,0.0,118.0,0.0,99910.0
2025-04-13 03:00:00,32.9118524732339,31.1816432796852,0.0,1.76,14.9,100,100,3.9,20,15.8,17.4,17.1,0.0,0.0,0.0,16.0,95.0,0.0,0.0,0.0,102.0,0.0,99840.0
2025-04-13 04:00:00,32.6584531959646,31.1105455962466,0.0,1.76,15.2,100,100,5.4,45,15.9,17.3,17.1,0.0,0.0,0.0,15.0,96.0,0.0,0.0,0.0,356.0,0.0,99800.0
2025-04-13 05:00:00,32.7108482760942,31.17247613145,0.0,1.76,15.3,99,100,2.7,51,15.9,17.2,17.1,4.5,4.5,0.0,16.0,97.0,0.0,0.0,0.0,78.0,0.0,99740.0
2025-04-13 06:00:00,32.6068847166367,31.0330276198419,0.0,1.76,15.4,99,100,2.2,56,16.0,17.1,17.1,7.6,7.6,0.01,16.0,97.0,0.0,0.0,0.0,48.0,0.0,99720.0
2025-04-13 07:00:00,32.6448607232039,31.0613935830856,0.0,1.76,15.6,96,97,2.4,153,16.1,17.0,17.1,6.3,6.3,0.02,16.0,97.0,0.0,0.0,0.0,169.0,2.0,99810.0
2025-04-13 08:00:00,32.9055179695746,31.3233761224263,0.0,1.76,16.3,93,100,5.2,256,16.4,17.0,17.1,1.4,1.4,0.06,16.0,97.0,683.0,0.0,2.0,0.0,4.0,99640.0
2025-04-13 09:00:00,33.0018082774551,31.7137771467946,0.0,1.76,17.3,86,100,7.4,274,17.0,17.0,17.1,0.3,0.3,0.13,16.0,97.0,6488.0,0.0,2.0,145.0,1.0,99810.0
2025-04-13 10:00:00,32.9558412626187,31.6362882439946,0.0,1.76,17.4,84,100,6.9,288,17.1,17.0,17.1,0.2,0.2,0.1,17.0,97.0,15293.0,1.0,1.0,354.0,0.0,99890.0
2025-04-13 11:00:00,32.9629688567166,31.5545562027932,0.0,1.76,17.5,84,100,8.1,317,17.4,17.0,17.1,0.4,0.4,0.12,17.0,95.0,30188.0,2.0,0.0,12.0,0.0,99840.0
2025-04-13 12:00:00,33.0911102433466,31.6588008757099,0.0,1.76,17.8,82,100,7.7,323,17.6,17.0,17.1,0.3,0.3,0.15,18.0,87.0,52633.0,4.0,2.0,295.0,0.0,99860.0
2025-04-13 13:00:00,33.0583948631079,31.4634393314364,0.0,1.76,16.5,88,100,11.5,299,17.5,17.2,17.1,5.2,5.2,0.13,19.0,85.0,26545.0,3.0,4.0,351.0,0.0,99860.0
2025-04-13 14:00:00,32.9624917635361,31.3725851740198,0.0,1.76,17.5,85,96,7.9,250,17.7,17.2,17.1,0.6,0.6,0.15,17.0,90.0,5698.0,0.0,4.0,322.0,0.0,99890.0
2025-04-13 15:00:00,33.4035011250558,31.4613517207004,0.0,1.76,18.7,78,96,6.1,284,18.4,17.3,17.1,0.1,0.1,0.24,17.0,94.0,12931.0,1.0,2.0,44.0,0.0,99890.0
2025-04-13 16:00:00,33.5365706916228,31.5250195387071,0.0,1.76,18.2,76,40,3.8,262,18.6,17.4,17.1,0.0,0.0,0.15,17.0,95.0,14128.0,1.0,2.0,20.0,25.0,99890.0
2025-04-13 17:00:00,33.6264017207159,32.0111487917381,0.0,1.76,18.8,70,27,2.8,227,19.0,17.5,17.1,0.0,0.0,0.2,18.0,92.0,7702.0,0.0,3.0,77.0,0.0,99900.0
2025-04-13 18:00:00,34.0273657222026,32.7452384116215,0.0,1.76,17.9,79,28,2.9,182,18.6,17.6,17.1,0.0,0.0,0.08,18.0,89.0,29036.0,2.0,2.0,162.0,76.0,99920.0
2025-04-13 19:00:00,34.2382084454795,32.5802170696968,0.0,1.76,15.6,80,38,5.2,193,17.4,17.6,17.1,0.0,0.0,0.02,18.0,84.0,10773.0,0.0,2.0,180.0,0.0,99970.0
2025-04-13 20:00:00,34.1609438743171,32.4659078848586,0.0,1.76,14.8,82,81,7.7,203,16.6,17.5,17.1,0.0,0.0,0.0,18.0,88.0,1696.0,0.0,2.0,126.0,0.0,99950.0
2025-04-13 21:00:00,34.1794486256729,32.7305346593774,0.0,1.76,14.5,83,14,7.6,210,16.1,17.4,17.1,0.0,0.0,0.0,16.0,94.0,0.0,0.0,0.0,48.0,0.0,99970.0
2025-04-13 22:00:00,34.1015464027528,32.2967589686785,0.0,1.76,13.9,87,5,6.2,212,15.6,17.3,17.1,0.0,0.0,0.0,15.0,95.0,0.0,0.0,0.0,179.0,0.0,100010.0
2025-04-13 23:00:00,33.9734777015621,32.2789339049402,0.0,1.76,13.3,90,10,5.4,208,15.2,17.2,17.1,0.0,0.0,0.0,15.0,94.0,0.0,0.0,0.0,198.0,0.0,100070.0
2025-04-14 00:00:00,33.8971279595713,32.5510087320441,0.0,1.76,12.8,92,18,5.6,222,14.9,17.0,17.1,0.0,0.0,0.0,16.0,88.0,0.0,0.0,0.0,198.0,0.0,100060.0
2025-04-14 01:00:00,34.1685478908777,32.2511786452426,0.0,1.76,13.5,90,3,6.1,225,15.3,17.0,17.1,0.0,0.0,0.0,15.0,91.0,0.0,0.0,1.0,211.0,0.0,100050.0
2025-04-14 02:00:00,34.0089535107952,32.2953554820506,0.0,1.76,13.0,91,15,5.7,230,14.8,16.8,17.1,0.0,0.0,0.0,14.0,91.0,0.0,0.0,1.0,234.0,0.0,100020.0
2025-04-14 03:00:00,34.0411183974484,32.2828010669185,0.0,1.76,12.5,91,68,4.8,254,14.4,16.7,17.1,0.4,0.4,0.0,14.0,92.0,0.0,0.0,2.0,270.0,0.0,99970.0
2025-04-14 04:00:00,34.0043073915523,32.154098048736,0.0,1.76,13.3,91,42,5.9,217,14.2,16.5,17.1,0.3,0.3,0.0,13.0,92.0,0.0,0.0,1.0,246.0,0.0,99950.0
2025-04-14 05:00:00,33.7234489448162,32.1005623532791,0.0,1.76,13.0,92,16,6.4,203,14.0,16.4,17.1,0.0,0.0,0.0,13.0,93.0,0.0,0.0,1.0,198.0,0.0,99950.0
2025-04-14 06:00:00,33.9798918043871,32.1610423014258,0.0,1.76,12.9,92,7,6.8,200,13.7,16.2,17.1,0.0,0.0,0.02,13.0,92.0,0.0,0.0,1.0,211.0,0.0,99940.0
2025-04-14 07:00:00,34.0248664078705,31.9907277900662,0.0,1.76,15.4,86,2,9.7,200,14.2,16.0,17.1,0.0,0.0,0.05,12.0,93.0,0.0,0.0,2.0,198.0,0.0,99960.0
2025-04-14 08:00:00,33.8584521791716,31.9676851471947,0.0,1.76,18.1,75,2,9.4,210,15.5,16.0,17.1,0.0,0.0,0.16,14.0,91.0,6252.0,0.0,1.0,211.0,0.0,100000.0
2025-04-14 09:00:00,33.7171019452967,32.0069756732643,0.0,1.76,20.2,65,1,10.7,223,17.2,16.0,17.0,0.0,0.0,0.29,16.0,85.0,19128.0,1.0,2.0,252.0,0.0,100020.0
2025-04-14 10:00:00,33.8658525787195,31.9338494176784,0.0,1.76,22.0,54,18,13.8,244,18.8,16.2,17.0,0.0,0.0,0.42,17.0,81.0,47820.0,3.0,3.0,246.0,0.0,100020.0
2025-04-14 11:00:00,33.7584526200845,31.7732078262049,0.0,1.76,22.8,50,36,15.3,258,20.1,16.5,17.0,0.1,0.1,0.48,20.0,70.0,75384.0,6.0,3.0,288.0,0.0,100020.0
2025-04-14 12:00:00,33.7850002353904,31.8235322929623,0.0,1.76,22.9,50,41,12.2,292,21.0,16.8,17.0,0.2,0.2,0.49,22.0,62.0,94121.0,9.0,2.0,255.0,0.0,100030.0
2025-04-14 13:00:00,33.6683303104371,31.9876895315116,0.0,1.76,22.7,52,94,12.0,311,21.8,17.0,17.0,0.2,0.2,0.52,21.0,66.0,74953.0,6.0,5.0,12.0,0.0,100030.0
2025-04-14 14:00:00,33.6733842109619,31.755492320165,0.0,1.76,21.2,64,63,14.2,330,22.0,17.4,17.0,0.1,0.1,0.42,21.0,65.0,41636.0,4.0,4.0,17.0,0.0,99970.0
2025-04-14 15:00:00,33.6088848773082,31.4912509153782,0.0,1.76,20.5,67,31,11.8,343,22.0,17.7,17.0,0.0,0.0,0.35,21.0,67.0,102228.0,7.0,2.0,358.0,0.0,99920.0
2025-04-14 16:00:00,33.540597967742,31.7325787373212,0.0,1.76,20.2,67,12,7.9,351,21.9,18.0,17.0,0.0,0.0,0.3,20.0,69.0,92948.0,8.0,6.0,355.0,0.0,99890.0
2025-04-14 17:00:00,33.4493088991186,31.4328597540364,0.0,1.76,19.5,69,35,8.6,358,21.3,18.2,17.0,0.0,0.0,0.19,21.0,65.0,40948.0,3.0,4.0,8.0,0.0,99870.0
2025-04-14 18:00:00,33.426782037144,31.6416627978799,0.0,1.76,18.3,73,47,6.3,6,20.3,18.4,17.0,0.0,0.0,0.09,19.0,69.0,20840.0,1.0,6.0,330.0,0.0,99880.0
2025-04-14 19:00:00,33.2756361844061,31.627958641031,0.0,1.76,16.5,82,52,3.4,14,19.1,18.4,17.0,0.0,0.0,0.02,19.0,71.0,12948.0,1.0,3.0,11.0,0.0,99890.0
2025-04-14 20:00:00,33.5199984203776,31.4787432149695,0.0,1.76,16.3,82,69,5.2,77,18.3,18.4,17.0,0.0,0.0,0.0,18.0,78.0,1415.0,0.0,0.0,30.0,0.0,99920.0
2025-04-14 21:00:00,33.2465390398528,31.446279450848,0.0,1.76,15.3,88,62,3.1,84,17.6,18.4,17.1,0.0,0.0,0.0,16.0,86.0,0.0,0.0,2.0,95.0,0.0,99960.0
2025-04-14 22:00:00,33.3009206614634,31.2954661080572,0.0,1.76,14.7,90,99,3.0,150,16.9,18.3,17.1,0.0,0.0,0.0,15.0,87.0,0.0,0.0,3.0,130.0,0.0,100050.0
2025-04-14 23:00:00,33.3533073209278,31.2560800509503,0.0,1.76,15.2,88,91,3.1,175,16.7,18.1,17.1,0.0,0.0,0.0,15.0,88.0,0.0,0.0,2.0,103.0,0.0,100100.0
2025-04-15 00:00:00,33.291479767035,31.3498369816446,0.0,1.76,14.2,91,86,2.1,243,16.2,18.0,17.1,0.0,0.0,0.0,15.0,88.0,0.0,0.0,0.0,138.0,0.0,100090.0
2025-04-15 01:00:00,33.142067457548,31.2045409721602,0.0,1.76,14.3,90,26,1.3,310,16.3,17.9,17.1,0.0,0.0,0.0,14.0,91.0,0.0,0.0,0.0,97.0,0.0,100000.0
2025-04-15 02:00:00,33.3073126280505,31.1714188967845,0.0,1.76,14.0,90,42,4.3,176,15.9,17.8,17.1,0.0,0.0,0.0,13.0,93.0,0.0,0.0,0.0,192.0,0.0,99990.0
2025-04-15 03:00:00,33.1780468699479,31.0420182199852,0.0,1.76,13.4,90,82,6.5,215,15.4,17.6,17.1,0.0,0.0,0.0,13.0,94.0,0.0,0.0,0.0,204.0,0.0,99920.0
2025-04-15 04:00:00,33.2522299026151,31.1904140454734,0.0,1.76,15.1,75,50,14.7,210,15.3,17.4,17.1,0.0,0.0,0.03,13.0,95.0,0.0,0.0,0.0,228.0,0.0,99820.0
2025-04-15 05:00:00,32.941116985896,31.0723646858228,0.0,1.76,15.9,68,77,18.0,211,15.4,17.3,17.1,0.0,0.0,0.06,13.0,95.0,0.0,0.0,0.0,240.0,0.0,99800.0
2025-04-15 06:00:00,33.1582053373303,31.1150276065535,0.0,1.76,16.1,65,67,21.4,217,15.5,17.2,17.1,0.0,0.0,0.09,13.0,95.0,0.0,0.0,0.0,262.0,0.0,99720.0
2025-04-15 07:00:00,33.1868167247907,31.0302088962624,0.0,1.76,16.8,64,8,21.9,224,15.8,17.1,17.1,0.0,0.0,0.12,14.0,86.0,45.0,0.0,0.0,270.0,0.0,99720.0
2025-04-15 08:00:00,33.0469191263824,31.1472274165334,0.0,1.76,17.3,66,56,20.9,262,16.5,17.0,17.1,0.4,0.4,0.18,14.0,82.0,4232.0,0.0,2.0,302.0,0.0,99790.0
2025-04-15 09:00:00,33.0659762234164,31.0267548621043,0.0,1.76,15.3,80,100,17.9,281,16.4,17.0,17.1,2.0,2.0,0.15,17.0,79.0,21276.0,1.0,3.0,336.0,0.0,99840.0
2025-04-15 10:00:00,33.0726788810872,30.6933623342083,0.0,1.76,14.1,89,97,10.4,248,15.7,16.9,17.1,1.3,1.3,0.07,15.0,81.0,37696.0,3.0,7.0,0.0,0.0,99890.0
2025-04-15 11:00:00,33.0770325423533,30.8980583148264,0.0,1.76,15.7,77,100,9.2,242,16.6,16.9,17.1,0.4,0.4,0.25,13.0,84.0,7823.0,0.0,5.0,318.0,0.0,100000.0
2025-04-15 12:00:00,32.9247897901681,30.9199408376712,0.0,1.76,15.4,77,100,8.5,245,16.5,16.8,17.1,0.4,0.4,0.14,13.0,88.0,20635.0,2.0,0.0,308.0,10.0,100120.0
2025-04-15 13:00:00,32.9908404919894,30.9149026036255,0.0,1.76,15.9,75,85,7.7,256,16.4,16.8,17.0,0.3,0.3,0.17,13.0,92.0,21182.0,1.0,2.0,240.0,7.0,100140.0
2025-04-15 14:00:00,33.446857054504,31.9829647485693,0.0,1.76,15.6,68,98,10.5,281,16.8,16.8,17.0,0.3,0.3,0.21,14.0,87.0,8214.0,0.0,0.0,194.0,6.0,100130.0
2025-04-15 15:00:00,33.5911836873762,32.3238151523265,0.0,1.76,16.9,64,99,8.8,268,17.5,16.8,17.0,0.1,0.1,0.26,14.0,89.0,24865.0,2.0,3.0,198.0,15.0,100120.0
2025-04-15 16:00:00,33.7604273720063,32.2934590701263,0.0,1.76,15.4,67,100,5.2,277,17.1,16.9,17.0,0.2,0.2,0.11,15.0,83.0,34904.0,2.0,1.0,276.0,0.0,100030.0
2025-04-15 17:00:00,33.9476721847979,32.24645811594,0.0,1.76,15.6,67,92,9.3,230,16.9,16.9,17.0,0.1,0.1,0.1,15.5,81.0,31248.5,2.0,1.5,273.0,0.0,100015.0
2025-04-15 18:00:00,33.7624039156562,32.224965511947,0.0,1.76,14.2,78,78,13.7,201,16.2,16.9,17.0,0.3,0.3,0.07,16.0,79.0,27593.0,2.0,2.0,270.0,0.0,100000.0
2025-04-15 19:00:00,33.8900562766804,32.4988602106217,0.0,1.76,12.9,78,53,11.1,205,15.3,16.8,17.0,0.0,0.0,0.04,14.0,86.0,11914.0,1.0,1.0,246.0,0.0,100030.0
2025-04-15 20:00:00,33.5713204500797,32.3592921291603,0.0,1.76,11.9,81,23,11.1,197,14.5,16.7,17.0,0.9,0.9,0.01,14.0,85.0,6583.0,0.0,2.0,234.0,3.0,100070.0
2025-04-15 21:00:00,33.8032432850611,32.4492275403813,0.0,1.76,10.6,86,86,3.5,226,13.7,16.5,17.0,0.0,0.0,0.0,13.0,86.0,268.0,0.0,3.0,246.0,0.0,100140.0
2025-04-15 22:00:00,33.9103699040863,32.3211839954202,0.0,1.76,10.9,85,48,16.2,209,13.3,16.3,17.0,0.0,0.0,0.01,12.0,88.0,0.0,0.0,2.0,234.0,1.0,100200.0
2025-04-15 23:00:00,34.0597294725045,32.3798083689372,0.0,1.76,11.1,78,66,14.4,230,12.9,16.1,17.0,0.0,0.0,0.02,12.0,88.0,0.0,0.0,1.0,192.0,0.0,100280.0
2025-04-16 00:00:00,34.053629117078,32.1519981941079,0.0,1.76,10.5,81,100,6.5,249,12.6,15.9,17.0,0.0,0.0,0.0,13.0,82.0,0.0,0.0,3.0,210.0,0.0,100350.0
2025-04-16 01:00:00,34.0082957546329,32.2595667330587,0.0,1.76,11.4,74,28,15.0,255,13.0,15.5,17.0,0.0,0.0,0.03,12.0,75.0,0.0,0.0,4.0,309.0,0.0,100380.0
2025-04-16 02:00:00,33.8102125305483,32.2753335827171,0.0,1.76,11.2,72,27,14.2,253,12.6,15.3,17.0,0.0,0.0,0.03,12.0,86.0,0.0,0.0,3.0,240.0,0.0,100420.0
2025-04-16 03:00:00,33.8232717895507,32.0643012602497,0.0,1.76,11.0,68,34,16.7,256,12.4,15.2,17.0,0.0,0.0,0.04,12.0,80.0,0.0,0.0,4.0,258.0,0.0,100460.0
2025-04-16 04:00:00,33.8666007787185,32.0721032029338,0.0,1.76,10.7,68,28,17.8,250,12.2,15.0,16.9,0.0,0.0,0.05,11.0,76.0,0.0,0.0,3.0,223.0,0.0,100430.0
2025-04-16 05:00:00,33.7461273222601,31.8164293424312,0.0,1.76,10.6,68,18,19.6,243,12.1,14.8,16.9,0.0,0.0,0.05,10.0,77.0,0.0,0.0,3.0,246.0,0.0,100420.0
2025-04-16 06:00:00,33.6489771357726,32.0233903862802,0.0,1.76,10.5,69,25,20.0,245,12.0,14.7,16.9,0.0,0.0,0.07,11.0,72.0,0.0,0.0,4.0,300.0,0.0,100440.0
2025-04-16 07:00:00,33.7399885124573,31.9596580178608,0.0,1.76,11.9,64,24,22.6,247,12.3,14.5,16.9,0.0,0.0,0.1,11.0,70.0,0.0,0.0,3.0,264.0,0.0,100470.0
2025-04-16 08:00:00,33.6687396139084,31.803611284949,0.0,1.76,13.3,59,24,25.0,244,13.1,14.5,16.9,0.0,0.0,0.17,11.0,73.0,184.0,0.0,5.0,294.0,0.0,100540.0
2025-04-16 09:00:00,33.5625337852369,31.7415836346276,0.0,1.76,14.8,52,16,28.9,263,14.2,14.5,16.9,0.0,0.0,0.26,11.0,72.0,10136.0,0.0,4.0,264.0,0.0,100620.0
2025-04-16 10:00:00,33.7969540307636,31.6445627081449,0.0,1.76,16.1,46,6,29.4,273,15.4,14.5,16.9,0.0,0.0,0.36,13.0,70.0,29504.0,1.0,3.0,252.0,0.0,100650.0
2025-04-16 11:00:00,33.5730437009518,31.718038123649,0.0,1.76,17.1,41,5,30.1,278,16.6,14.7,16.8,0.0,0.0,0.45,14.0,63.0,26432.0,2.0,6.0,290.0,0.0,100690.0
2025-04-16 12:00:00,33.4462495228794,31.6292757528572,0.0,1.76,17.8,38,1,29.5,280,17.8,14.9,16.8,0.0,0.0,0.5,16.0,56.0,87083.0,6.0,9.0,282.0,0.0,100740.0
2025-04-16 13:00:00,33.5675132839558,31.4542431030116,0.0,1.76,17.9,41,1,27.3,282,18.7,15.2,16.8,0.0,0.0,0.51,16.0,58.0,106866.0,9.0,5.0,300.0,0.0,100750.0
2025-04-16 14:00:00,33.5484839877289,31.4569875998106,0.0,1.76,18.1,39,0,24.7,284,19.2,15.5,16.8,0.0,0.0,0.49,17.0,44.0,113766.0,9.0,8.0,302.0,0.0,100760.0
2025-04-16 15:00:00,33.6390056414124,31.4790533390767,0.0,1.76,18.1,41,0,22.3,288,19.4,15.8,16.8,0.0,0.0,0.44,18.0,48.0,110177.0,9.0,5.0,324.0,0.0,100750.0
2025-04-16 16:00:00,33.4651770096755,31.4589401077468,0.0,1.76,17.7,41,0,19.1,295,19.2,16.1,16.8,0.0,0.0,0.36,18.0,44.0,95110.0,7.0,8.0,312.0,0.0,100740.0
2025-04-16 17:00:00,33.3984005050907,31.3970803209518,0.0,1.76,16.7,48,1,14.6,299,18.5,16.3,16.8,0.0,0.0,0.24,19.0,38.0,80422.0,7.0,4.0,317.0,0.0,100730.0
2025-04-16 18:00:00,33.2966578813006,31.2793821947668,0.0,1.76,15.3,64,24,4.4,288,17.6,16.4,16.8,0.0,0.0,0.09,19.0,33.0,57500.0,4.0,7.0,312.0,0.0,100720.0
2025-04-16 19:00:00,33.3267564578851,31.3648266159375,0.0,1.76,13.2,60,2,5.1,260,16.0,16.4,16.8,0.0,0.0,0.04,19.0,38.0,18749.0,1.0,4.0,306.0,0.0,100730.0
2025-04-16 20:00:00,33.1630110025049,31.2866258159343,0.0,1.76,12.9,60,0,8.9,227,15.0,16.4,16.8,0.0,0.0,0.03,18.0,40.0,8102.0,0.0,3.0,314.0,0.0,100790.0
2025-04-16 21:00:00,33.3803845356929,31.1953526709472,0.0,1.76,12.2,64,0,9.0,233,14.3,16.2,16.8,0.0,0.0,0.03,16.0,48.0,478.0,0.0,2.0,292.0,0.0,100820.0
2025-04-16 22:00:00,33.2554225076049,31.0181873373613,0.0,1.76,11.9,67,0,9.3,235,13.8,16.1,16.8,0.0,0.0,0.02,15.0,52.0,0.0,0.0,3.0,297.0,0.0,100860.0
2025-04-16 23:00:00,33.2085842158023,31.0635207381967,0.0,1.76,11.6,71,0,9.9,225,13.5,15.9,16.8,0.0,0.0,0.02,13.0,63.0,0.0,0.0,1.0,258.0,0.0,100920.0
2025-04-17 00:00:00,33.1616381430658,31.1708228646963,0.0,1.76,11.4,74,0,10.6,214,13.2,15.8,16.7,0.0,0.0,0.02,13.0,67.0,0.0,0.0,2.0,198.0,0.0,100990.0
2025-04-17 01:00:00,33.2157546746484,30.9661816832514,0.0,1.76,11.4,75,0,6.3,211,13.6,15.7,16.7,0.0,0.0,0.01,14.0,63.0,0.0,0.0,1.0,240.0,0.0,100980.0
2025-04-17 02:00:00,33.0799760593013,30.9131574247364,0.0,1.76,10.2,81,3,4.4,215,13.0,15.5,16.7,0.0,0.0,0.0,12.0,73.0,0.0,0.0,0.0,198.0,0.0,100980.0
2025-04-17 03:00:00,32.9584009553437,30.8726755446502,0.0,1.76,9.6,84,7,6.7,209,12.5,15.3,16.7,0.0,0.0,0.0,12.0,72.0,0.0,0.0,1.0,216.0,0.0,100930.0
2025-04-17 04:00:00,32.9379074554882,30.9013234154551,0.0,1.76,9.2,86,3,5.6,216,12.1,15.2,16.7,0.0,0.0,0.0,11.0,77.0,0.0,0.0,1.0,192.0,0.0,100850.0
2025-04-17 05:00:00,32.8717442405443,30.8704566404276,0.0,1.76,9.2,85,2,6.4,223,11.7,15.0,16.7,0.0,0.0,0.0,11.0,80.0,0.0,0.0,0.0,246.0,0.0,100850.0
2025-04-17 06:00:00,32.8664610875857,30.8430772124689,0.0,1.76,9.9,82,1,7.9,221,11.5,14.8,16.7,0.0,0.0,0.02,11.0,81.0,0.0,0.0,1.0,252.0,0.0,100850.0
2025-04-17 07:00:00,33.0868992438243,30.9104006798735,0.0,1.76,13.0,72,0,10.6,215,12.2,14.6,16.7,0.0,0.0,0.07,11.0,80.0,0.0,0.0,1.0,222.0,0.0,100820.0
2025-04-17 08:00:00,32.844457437925,30.8036147291258,0.0,1.76,16.4,62,0,12.1,222,13.6,14.5,16.7,0.0,0.0,0.18,11.0,81.0,1117.0,0.0,2.0,264.0,0.0,100840.0
2025-04-17 09:00:00,32.9037465482361,30.6494017411021,0.0,1.76,18.6,53,25,14.2,232,15.4,14.6,16.6,0.0,0.0,0.31,13.0,76.0,9912.0,1.0,1.0,246.0,0.0,100840.0
2025-04-17 10:00:00,33.0665477670539,30.6244572159446,0.0,1.76,20.0,47,100,16.3,235,17.1,14.7,16.6,0.0,0.0,0.42,15.0,66.0,35414.0,2.0,2.0,240.0,0.0,100860.0
2025-04-17 11:00:00,32.5096759769401,30.7424925039895,0.0,1.76,21.0,46,100,16.5,239,18.4,15.0,16.6,0.0,0.0,0.47,18.0,56.0,67039.0,4.0,3.0,288.0,0.0,100840.0
2025-04-17 12:00:00,32.6535108017867,30.5473059636724,0.0,1.76,22.0,45,100,16.2,246,19.7,15.3,16.6,0.0,0.0,0.53,21.0,48.0,87640.0,4.0,4.0,288.0,0.0,100870.0
2025-04-17 13:00:00,32.7974519597286,30.2745968053628,0.0,1.76,23.9,40,100,10.0,259,21.0,15.7,16.6,0.0,0.0,0.54,21.0,45.0,102140.0,8.0,4.0,295.0,0.0,100860.0
2025-04-17 14:00:00,32.6057704032852,30.5482457145622,0.0,1.76,22.4,50,100,11.6,324,21.3,16.1,16.6,0.0,0.0,0.4,22.0,43.0,91612.0,8.0,1.0,240.0,0.0,100790.0
2025-04-17 15:00:00,32.660206968847,30.464394259885,0.0,1.76,21.8,56,99,11.0,335,21.5,16.5,16.6,0.0,0.0,0.39,23.0,42.0,80000.0,7.0,3.0,286.0,0.0,100740.0
2025-04-17 16:00:00,32.6262594482017,30.3221878091211,0.0,1.76,21.4,58,63,7.6,357,21.4,16.8,16.6,0.0,0.0,0.3,22.0,52.0,59256.0,5.0,3.0,24.0,0.0,100740.0
2025-04-17 17:00:00,32.6452270925445,30.4574691981046,0.0,1.76,20.6,62,59,6.9,40,21.0,17.1,16.6,0.0,0.0,0.22,22.0,54.0,49024.0,4.0,3.0,6.0,0.0,100670.0
2025-04-17 18:00:00,32.4042164524281,30.3033528846063,0.0,1.76,18.8,72,94,5.0,68,20.0,17.3,16.6,0.0,0.0,0.09,22.0,57.0,58060.0,4.0,3.0,355.0,0.0,100680.0
2025-04-17 19:00:00,32.4949602197193,30.3262914568512,0.0,1.76,16.1,83,100,5.8,81,18.6,17.4,16.6,0.0,0.0,0.02,21.0,58.0,17049.0,1.0,3.0,37.0,0.0,100670.0
2025-04-17 20:00:00,32.4499558085713,30.2614840025349,0.0,1.76,15.2,86,100,5.8,86,17.5,17.4,16.6,0.0,0.0,0.0,19.0,64.0,5625.0,0.0,3.0,15.0,0.0,100680.0
2025-04-17 21:00:00,32.4007469295605,30.2267098538473,0.0,1.76,15.0,84,100,1.8,71,16.6,17.4,16.6,0.0,0.0,0.0,17.0,74.0,160.0,0.0,1.0,78.0,0.0,100700.0
2025-04-17 22:00:00,32.381523865795,30.3585477847894,0.0,1.76,14.8,84,96,0.3,51,15.8,17.3,16.6,0.0,0.0,0.0,16.0,80.0,0.0,0.0,1.0,126.0,0.0,100720.0
2025-04-17 23:00:00,32.1352483985714,30.3277674984926,0.0,1.76,14.1,85,100,2.7,171,15.1,17.2,16.6,0.0,0.0,0.0,16.0,79.0,0.0,0.0,2.0,131.0,0.0,100740.0
2025-04-18 00:00:00,32.4131191700704,30.270540016897,0.0,1.76,13.7,84,100,3.4,180,14.6,17.0,16.6,0.0,0.0,0.0,15.0,83.0,0.0,0.0,0.0,184.0,0.0,100710.0
2025-04-18 01:00:00,32.3428680578176,30.2927324525947,0.0,1.76,14.0,84,100,3.1,184,14.7,16.9,16.6,0.0,0.0,0.0,13.0,88.0,0.0,0.0,0.0,240.0,0.0,100670.0
2025-04-18 02:00:00,32.4679677869409,30.2182213199235,0.0,1.76,13.7,83,100,1.7,126,14.3,16.7,16.6,0.0,0.0,0.0,12.0,90.0,0.0,0.0,0.0,186.0,0.0,100650.0
2025-04-18 03:00:00,32.3308071159098,30.1387500704385,0.0,1.76,13.8,82,99,0.5,49,14.0,16.5,16.6,0.0,0.0,0.0,12.0,91.0,0.0,0.0,0.0,180.0,0.0,100570.0
2025-04-18 04:00:00,32.357133870766134,30.17638208790207,0.0,1.76,13.3,83,87,0.9,25,13.6,16.3,16.6,0.0,0.0,0.0,12.272727272727273,90.18181818181819,1073.7575757575758,0.09090909090909091,0.0,178.1818181818182,0.0,100558.48484848485
2025-04-18 05:00:00,32.38346062562246,30.21401410536564,0.0,1.76,12.9,81,26,1.4,67,13.2,16.2,16.6,0.0,0.0,0.0,12.545454545454545,89.36363636363636,2147.5151515151515,0.18181818181818182,0.0,176.36363636363637,0.0,100546.9696969697
2025-04-18 06:00:00,32.40978738047879,30.251646122829207,0.0,1.76,12.9,80,41,1.9,54,12.9,16.0,16.6,0.0,0.0,0.01,12.818181818181818,88.54545454545455,3221.272727272727,0.2727272727272727,0.0,174.54545454545453,0.0,100535.45454545454
2025-04-18 07:00:00,32.436114135335124,30.289278140292776,0.0,1.76,15.3,77,100,5.4,312,13.7,15.8,16.6,0.0,0.0,0.06,13.09090909090909,87.72727272727273,4295.030303030303,0.36363636363636365,0.0,172.72727272727272,0.0,100523.93939393939
2025-04-18 08:00:00,32.46244089019146,30.326910157756345,0.0,1.76,17.8,67,92,5.8,279,15.2,15.7,16.6,0.0,0.0,0.16,13.363636363636363,86.9090909090909,5368.787878787879,0.4545454545454546,0.0,170.9090909090909,0.0,100512.42424242424
2025-04-18 09:00:00,32.48876764504779,30.364542175219913,0.0,1.76,19.4,60,60,2.4,288,16.9,15.8,16.6,0.0,0.0,0.27,13.636363636363637,86.0909090909091,6442.545454545454,0.5454545454545454,0.0,169.0909090909091,0.0,100500.90909090909
2025-04-18 10:00:00,32.515094399904115,30.402174192683482,0.0,1.76,21.2,56,52,2.9,3,18.9,15.9,16.6,0.0,0.0,0.41,13.909090909090908,85.27272727272727,7516.30303030303,0.6363636363636364,0.0,167.27272727272728,0.0,100489.39393939394
2025-04-18 11:00:00,32.54142115476045,30.43980621014705,0.0,1.76,22.6,54,61,5.8,16,20.7,16.2,16.6,0.0,0.0,0.51,14.181818181818182,84.45454545454545,8590.060606060606,0.7272727272727273,0.0,165.45454545454547,0.0,100477.87878787878
2025-04-18 12:00:00,32.567747909616784,30.47743822761062,18.635781548081454,1.76,23.2,54,51,8.8,24,22.0,16.6,16.6,0.0,0.0,0.55,14.454545454545455,83.63636363636364,9663.818181818182,0.8181818181818182,0.0,163.63636363636363,0.0,100466.36363636363
2025-04-18 13:00:00,32.59407466447311,30.515070245074188,0.0,1.76,23.1,56,45,13.0,30,22.7,16.9,16.6,0.0,0.0,0.55,14.727272727272727,82.81818181818181,10737.575757575758,0.9090909090909092,0.0,161.8181818181818,0.0,100454.84848484848
2025-04-18 14:00:00,32.62040141932944,30.552702262537757,0.0,1.76,22.4,57,10,14.6,39,23.2,17.3,16.6,0.0,0.0,0.51,15.0,82.0,11811.333333333334,1.0,0.0,160.0,0.0,100443.33333333333
2025-04-18 15:00:00,32.646728174185775,30.590334280001326,0.0,1.76,21.7,60,8,15.0,31,23.2,17.7,16.6,0.0,0.0,0.44,15.272727272727273,81.18181818181819,12885.090909090908,1.0909090909090908,0.0,158.1818181818182,0.0,100431.81818181818
2025-04-18 16:00:00,32.67305492904211,30.627966297464894,0.0,1.76,20.7,64,36,14.0,32,22.8,18.0,16.6,0.0,0.0,0.33,15.545454545454545,80.36363636363636,13958.848484848484,1.1818181818181819,0.0,156.36363636363637,0.0,100420.30303030302
2025-04-18 17:00:00,32.69938168389844,30.665598314928463,0.0,1.76,19.2,69,57,9.8,28,22.0,18.2,16.6,0.0,0.0,0.21,15.818181818181818,79.54545454545455,15032.60606060606,1.2727272727272727,0.0,154.54545454545453,0.0,100408.78787878787
2025-04-18 18:00:00,32.725708438754765,30.70323033239203,0.0,1.76,18.2,74,89,4.8,48,20.8,18.4,16.6,0.0,0.0,0.09,16.09090909090909,78.72727272727272,16106.363636363636,1.3636363636363638,0.0,152.72727272727272,0.0,100397.27272727272
2025-04-18 19:00:00,32.7520351936111,30.7408623498556,0.0,1.76,16.2,84,86,1.0,59,19.4,18.5,16.6,0.0,0.0,0.01,16.363636363636363,77.9090909090909,17180.121212121212,1.4545454545454546,0.0,150.9090909090909,0.0,100385.75757575757
2025-04-18 20:00:00,32.778361948467435,30.77849436731917,0.0,1.76,15.8,85,96,0.9,104,18.1,18.5,16.6,0.0,0.0,0.0,16.636363636363637,77.0909090909091,18253.878787878788,1.5454545454545454,0.0,149.0909090909091,0.0,100374.24242424243
2025-04-18 21:00:00,32.80468870332376,30.816126384782738,0.0,1.76,15.8,85,100,0.7,120,17.2,18.4,16.6,0.0,0.0,0.0,16.90909090909091,76.27272727272727,19327.636363636364,1.6363636363636365,0.0,147.27272727272728,0.0,100362.72727272728
2025-04-18 22:00:00,32.83101545818009,30.853758402246307,0.0,1.76,15.4,88,99,2.5,198,16.7,18.2,16.6,0.0,0.0,0.0,17.18181818181818,75.45454545454545,20401.39393939394,1.7272727272727273,0.0,145.45454545454547,0.0,100351.21212121213
2025-04-18 23:00:00,32.857342213036425,30.891390419709875,0.0,1.76,14.8,91,98,4.9,236,16.2,18.1,16.6,0.0,0.0,0.0,17.454545454545453,74.63636363636364,21475.151515151516,1.8181818181818183,0.0,143.63636363636363,0.0,100339.69696969698
2025-04-19 00:00:00,32.88366896789276,30.929022437173444,0.0,1.76,14.2,91,1,4.0,240,15.8,17.9,16.7,0.0,0.0,0.0,17.727272727272727,73.81818181818181,22548.909090909092,1.9090909090909092,0.0,141.8181818181818,0.0,100328.18181818182
2025-04-19 01:00:00,32.90999572274909,30.966654454637013,0.0,1.76,14.8,89,8,4.2,231,16.5,17.9,16.7,0.0,0.0,0.0,18.0,73.0,23622.666666666668,2.0,0.0,140.0,0.0,100316.66666666667
2025-04-19 02:00:00,32.936322477605415,31.00428647210058,0.0,1.76,15.2,84,26,1.0,311,15.9,17.7,16.7,0.0,0.0,0.0,18.272727272727273,72.18181818181819,24696.424242424244,2.090909090909091,0.0,138.1818181818182,0.0,100305.15151515152
2025-04-19 03:00:00,32.96264923246175,31.04191848956415,0.0,1.76,14.6,87,23,1.5,339,15.4,17.6,16.7,0.0,0.0,0.0,18.545454545454547,71.36363636363636,25770.181818181816,2.1818181818181817,0.0,136.36363636363637,0.0,100293.63636363637
2025-04-19 04:00:00,32.988975987318085,31.07955050702772,0.0,1.76,14.3,87,13,1.0,285,14.9,17.4,16.7,0.0,0.0,0.0,18.818181818181817,70.54545454545455,26843.939393939392,2.272727272727273,0.0,134.54545454545456,0.0,100282.12121212122
2025-04-19 05:00:00,33.01530274217441,31.117182524491287,0.0,1.76,13.6,87,14,3.6,231,14.5,17.2,16.7,0.0,0.0,0.0,19.09090909090909,69.72727272727272,27917.696969696968,2.3636363636363638,0.0,132.72727272727272,0.0,100270.60606060606
2025-04-19 06:00:00,33.04162949703074,31.154814541954856,0.0,1.76,13.5,89,21,3.3,216,14.2,17.0,16.7,0.0,0.0,0.01,19.363636363636363,68.9090909090909,28991.454545454544,2.4545454545454546,0.0,130.9090909090909,0.0,100259.09090909091
2025-04-19 07:00:00,33.067956251887075,31.192446559418425,0.0,1.76,15.9,82,20,1.7,276,15.0,16.9,16.7,0.0,0.0,0.05,19.636363636363637,68.0909090909091,30065.21212121212,2.5454545454545454,0.0,129.0909090909091,0.0,100247.57575757576
2025-04-19 08:00:00,33.09428300674341,31.230078576881994,0.0,1.76,18.0,75,16,2.1,315,16.4,16.8,16.7,0.0,0.0,0.16,19.90909090909091,67.27272727272727,31138.969696969696,2.6363636363636362,0.0,127.27272727272728,0.0,100236.06060606061
2025-04-19 09:00:00,33.12060976159974,31.267710594345562,0.0,1.76,19.8,67,90,8.0,299,18.1,16.8,16.7,0.0,0.0,0.29,20.18181818181818,66.45454545454545,32212.727272727272,2.7272727272727275,0.0,125.45454545454545,0.0,100224.54545454546
2025-04-19 10:00:00,33.146936516456066,31.30534261180913,0.0,1.76,20.0,67,36,14.4,310,19.5,17.0,16.7,0.1,0.1,0.35,20.454545454545453,65.63636363636364,33286.48484848485,2.8181818181818183,0.0,123.63636363636364,0.0,100213.0303030303
2025-04-19 11:00:00,33.1732632713124,31.3429746292727,0.0,1.76,19.7,67,93,16.7,317,20.2,17.1,16.7,0.2,0.2,0.34,20.727272727272727,64.81818181818181,34360.242424242424,2.909090909090909,0.0,121.81818181818181,0.0,100201.51515151515
2025-04-19 12:00:00,33.356487277618,31.5062448711944,0.0,1.76,19.6,65,84,17.2,321,20.7,17.3,16.7,0.1,0.1,0.36,21.0,64.0,35434.0,3.0,0.0,120.0,0.0,100190.0
2025-04-19 13:00:00,33.1845464073852,31.3960858118227,0.0,1.76,20.0,63,96,19.3,314,21.2,17.6,16.7,0.1,0.1,0.39,21.0,64.0,101505.0,7.0,5.0,341.0,0.0,100140.0
2025-04-19 14:00:00,33.2480433455301,31.2810257140669,0.0,1.76,19.5,58,100,19.9,311,21.4,17.8,16.7,0.0,0.0,0.37,20.0,60.0,80442.0,7.0,7.0,352.0,0.0,100120.0
2025-04-19 15:00:00,32.9066682331948,31.3169983916767,0.0,1.76,19.6,51,89,15.5,309,21.2,18.0,16.7,0.0,0.0,0.3,19.0,66.0,44147.0,4.0,5.0,345.0,0.0,100130.0
2025-04-19 16:00:00,33.172487237406,31.2065867022167,0.0,1.76,18.7,53,72,11.5,324,21.0,18.2,16.7,0.0,0.0,0.27,17.0,66.0,11745.0,1.0,9.0,343.0,0.0,100140.0
2025-04-19 17:00:00,33.1195837281098,31.3497734704664,0.0,1.76,18.2,56,97,10.3,309,20.4,18.3,16.7,0.0,0.0,0.19,17.0,64.0,20657.0,1.0,4.0,351.0,0.0,100120.0
2025-04-19 18:00:00,33.1111886865636,31.1797121773054,0.0,1.76,17.3,57,100,6.7,286,19.5,18.4,16.7,0.0,0.0,0.09,17.0,65.0,7423.0,0.0,4.0,342.0,0.0,100130.0
2025-04-19 19:00:00,32.9444682231273,31.1883772071105,0.0,1.76,17.2,50,100,9.4,253,18.8,18.4,16.7,0.0,0.0,0.08,17.0,59.0,1512.0,0.0,5.0,342.0,0.0,100140.0
2025-04-19 20:00:00,32.805643498382,30.9086655787791,0.0,1.76,16.7,45,100,10.2,243,18.2,18.3,16.7,0.0,0.0,0.07,17.0,58.0,630.0,0.0,4.0,349.0,0.0,100180.0
2025-04-19 21:00:00,32.9665875261946,31.0663142867992,0.0,1.76,16.2,45,100,10.3,234,17.6,18.3,16.7,0.0,0.0,0.07,17.0,55.0,0.0,0.0,3.0,312.0,0.0,100280.0
2025-04-19 22:00:00,32.9689671162414,31.1840787181228,0.0,1.76,15.8,48,100,11.0,231,17.2,18.2,16.7,0.0,0.0,0.06,16.0,52.0,0.0,0.0,2.0,282.0,0.0,100340.0
2025-04-19 23:00:00,32.8516538767073,30.8806795823328,0.0,1.76,15.4,56,100,8.6,240,16.9,18.1,16.7,0.0,0.0,0.04,16.0,58.0,0.0,0.0,2.0,252.0,0.0,100340.0
2025-04-20 00:00:00,33.0295435833066,30.990198902968,0.0,1.76,14.8,62,100,9.9,232,16.5,18.0,16.8,0.1,0.1,0.04,16.0,57.0,0.0,0.0,2.0,237.0,0.0,100335.0
2025-04-20 01:00:00,32.8517930879107,30.8408476872088,0.0,1.76,15.0,61,100,9.3,226,16.6,17.9,16.8,0.0,0.0,0.04,16.0,56.0,0.0,0.0,2.0,222.0,0.0,100330.0
2025-04-20 02:00:00,32.9611886590868,30.7490149937151,0.0,1.76,14.7,60,95,10.7,214,16.2,17.8,16.8,0.0,0.0,0.04,15.0,59.0,0.0,0.0,2.0,234.0,0.0,100370.0
2025-04-20 03:00:00,32.7394848351656,30.7537573302864,0.0,1.76,13.9,61,63,10.9,218,15.8,17.6,16.8,0.0,0.0,0.04,15.0,61.0,0.0,0.0,0.0,228.0,0.0,100360.0
2025-04-20 04:00:00,32.7789514481964,30.6908577632351,0.0,1.76,12.9,64,81,11.1,222,15.3,17.5,16.8,0.0,0.0,0.04,15.0,63.0,0.0,0.0,1.0,264.0,0.0,100340.0
2025-04-20 05:00:00,32.8410204900825,30.6404384684473,0.0,1.76,12.8,65,9,9.3,247,15.0,17.3,16.8,0.0,0.0,0.03,14.0,64.0,0.0,0.0,0.0,234.0,0.0,100290.0
2025-04-20 06:00:00,32.8350266961887,30.582112680796,0.0,1.76,11.7,72,1,6.2,249,14.4,17.1,16.8,0.0,0.0,0.03,14.0,65.0,0.0,0.0,0.0,252.0,0.0,100290.0
2025-04-20 07:00:00,32.7587208063121,30.700584625585,0.0,1.76,13.7,68,0,6.7,246,14.6,17.0,16.8,0.0,0.0,0.07,13.0,68.0,0.0,0.0,0.0,210.0,0.0,100280.0
2025-04-20 08:00:00,32.9193865311904,30.7165491201738,0.0,1.76,15.5,59,11,8.9,250,15.6,16.8,16.8,0.0,0.0,0.18,12.0,71.0,423.0,0.0,1.0,204.0,0.0,100280.0
2025-04-20 09:00:00,32.5822505079721,30.4287561631141,0.0,1.76,16.9,52,10,13.2,245,16.9,16.8,16.8,0.0,0.0,0.29,13.0,66.0,7794.0,0.0,2.0,240.0,0.0,100350.0
2025-04-20 10:00:00,32.6460133914471,30.5393809600281,0.0,1.76,18.2,44,14,18.5,260,18.3,16.9,16.8,0.0,0.0,0.41,16.0,52.0,35123.0,2.0,4.0,282.0,0.0,100400.0
2025-04-20 11:00:00,32.8201360916597,30.2568530803141,0.0,1.76,19.6,36,81,21.4,271,19.5,17.0,16.8,0.0,0.0,0.5,17.0,38.0,24345.0,2.0,4.0,291.0,0.0,100430.0
2025-04-20 12:00:00,32.4288307792168,30.2762821824565,0.0,1.76,20.1,33,90,21.1,284,20.2,17.2,16.8,0.0,0.0,0.48,18.0,35.0,84434.0,6.0,4.0,258.0,0.0,100420.0
2025-04-20 13:00:00,32.493943479984,30.3431707198379,0.0,1.76,19.8,35,20,25.8,300,20.6,17.2,16.8,0.0,0.0,0.47,19.0,36.0,107369.0,9.0,4.0,304.0,0.0,100420.0
2025-04-20 14:00:00,32.5993823628138,30.2401527340355,0.0,1.76,20.6,35,16,22.6,302,21.3,17.4,16.8,0.0,0.0,0.54,19.0,34.0,33878.0,3.0,4.0,349.0,0.0,100400.0
2025-04-20 15:00:00,32.3235576378244,30.0415943646754,0.0,1.76,19.8,43,8,21.9,305,21.3,17.6,16.8,0.1,0.1,0.44,20.0,35.0,119180.0,10.0,7.0,352.0,0.0,100370.0
2025-04-20 16:00:00,32.16622776728,30.2332148128783,0.0,1.76,19.3,46,17,18.7,305,21.1,17.8,16.8,0.0,0.0,0.35,20.0,40.0,100065.0,7.0,7.0,336.0,0.0,100350.0
2025-04-20 17:00:00,32.2384308736143,30.2701216495997,0.0,1.76,18.6,49,8,17.6,309,20.5,18.0,16.8,0.0,0.0,0.25,20.0,43.0,60098.0,5.0,8.0,348.0,0.0,100330.0
2025-04-20 18:00:00,32.1863786175349,30.1013332333485,0.0,1.76,17.4,56,1,8.1,306,19.5,18.1,16.8,0.0,0.0,0.11,20.0,46.0,63753.0,4.0,6.0,328.0,0.0,100320.0
2025-04-20 19:00:00,32.2410128124992,30.0560001485982,0.0,1.76,15.3,62,0,7.4,290,18.1,18.1,16.8,0.0,0.0,0.05,19.0,48.0,41424.0,2.0,4.0,1.0,0.0,100340.0
2025-04-20 20:00:00,32.3529508094446,30.0724872233132,0.0,1.76,14.8,65,10,7.7,279,17.0,18.1,16.8,0.0,0.0,0.02,19.0,50.0,9728.0,0.0,5.0,340.0,0.0,100340.0
2025-04-20 21:00:00,32.3086233064041,30.1695951609226,0.0,1.76,14.4,69,26,7.4,259,16.2,17.9,16.8,0.0,0.0,0.02,18.0,50.0,932.0,0.0,2.0,251.0,0.0,100400.0
2025-04-20 22:00:00,32.3149734997546,30.0784731550934,0.0,1.76,13.9,73,99,10.3,229,15.7,17.8,16.8,0.0,0.0,0.02,17.0,54.0,0.0,0.0,2.0,270.0,0.0,100510.0
2025-04-20 23:00:00,32.2612650216661,30.1422336094619,0.0,1.76,13.5,76,96,10.7,231,15.3,17.6,16.8,0.0,0.0,0.02,15.0,61.0,0.0,0.0,2.0,223.0,0.0,100570.0
2025-04-21 00:00:00,32.225889525987,30.0219417674991,0.0,1.76,13.0,78,33,9.7,230,14.9,17.5,16.8,0.0,0.0,0.01,16.0,56.0,0.0,0.0,0.0,218.0,0.0,100600.0
2025-04-21 01:00:00,32.2109262593308,30.0517718702257,0.0,1.76,13.4,75,15,7.3,233,15.4,17.3,16.8,0.0,0.0,0.01,15.0,60.0,0.0,0.0,1.0,246.0,0.0,100600.0
2025-04-21 02:00:00,32.2994971295913,30.0717963235603,0.0,1.76,12.8,77,25,6.4,239,14.8,17.2,16.8,0.0,0.0,0.0,15.0,62.0,0.0,0.0,0.0,261.0,0.0,100610.0
2025-04-21 03:00:00,32.2543567366473,30.120760373261,0.0,1.76,12.7,78,24,6.3,231,14.4,17.0,16.8,0.0,0.0,0.0,14.0,65.0,0.0,0.0,0.0,234.0,0.0,100590.0
2025-04-21 04:00:00,31.9297607598053,29.9933426506026,0.0,1.76,12.3,79,12,6.8,217,14.0,16.8,16.8,0.0,0.0,0.0,14.0,64.0,0.0,0.0,0.0,258.0,0.0,100580.0
2025-04-21 05:00:00,32.1678787485868,29.8550775837924,0.0,1.76,12.1,79,12,7.2,214,13.7,16.7,16.8,0.0,0.0,0.0,13.0,67.0,0.0,0.0,1.0,216.0,0.0,100600.0
2025-04-21 06:00:00,32.1158792557018,29.9021565739617,0.0,1.76,12.4,76,16,8.3,216,13.5,16.5,16.8,0.0,0.0,0.03,12.0,75.0,0.0,0.0,2.0,192.0,0.0,100590.0
2025-04-21 07:00:00,32.1475700785272,29.8746137590612,0.0,1.76,14.7,69,11,9.7,215,14.1,16.3,16.8,0.0,0.0,0.08,13.0,70.0,0.0,0.0,1.0,228.0,0.0,100630.0
2025-04-21 08:00:00,32.0627830787476,29.9849782625884,0.0,1.76,17.0,58,3,10.7,225,15.4,16.2,16.8,0.0,0.0,0.19,11.0,76.0,1194.0,0.0,0.0,264.0,0.0,100670.0
2025-04-21 09:00:00,31.9435117342378,29.9075872972457,0.0,1.76,18.5,52,1,11.4,244,17.0,16.3,16.8,0.0,0.0,0.31,13.0,75.0,10376.0,1.0,0.0,264.0,0.0,100720.0
2025-04-21 10:00:00,32.2092597551235,29.7845473066352,0.0,1.76,19.7,50,0,7.8,250,18.8,16.4,16.8,0.0,0.0,0.42,16.0,59.0,35060.0,2.0,4.0,308.0,0.0,100770.0
2025-04-21 11:00:00,31.90431319013,29.6107640037478,0.0,1.76,20.9,47,39,4.2,264,20.6,16.6,16.8,0.0,0.0,0.52,18.0,50.0,65768.0,5.0,2.0,334.0,0.0,100770.0
2025-04-21 12:00:00,31.9391156997496,33.9956550643994,0.0,1.76,22.0,42,51,1.8,315,22.2,16.9,16.8,0.0,0.0,0.54,20.0,46.0,87093.0,6.0,3.0,254.0,0.0,100760.0
2025-04-21 13:00:00,32.5269867945863,33.278453640364,0.0,1.76,22.0,42,1,9.6,25,22.9,17.2,16.8,0.0,0.0,0.48,20.0,43.0,102313.0,9.0,1.0,307.0,0.0,100720.0
2025-04-21 14:00:00,32.7371971227389,32.5422386769771,0.0,1.76,21.4,49,1,15.1,15,23.4,17.5,16.8,0.0,0.0,0.53,21.0,40.0,67394.0,7.0,2.0,54.0,0.0,100660.0
2025-04-21 15:00:00,32.8933366358131,32.3987725804376,0.0,1.76,20.4,54,0,14.9,16,23.3,17.9,16.8,0.0,0.0,0.44,22.0,36.0,111316.0,9.0,1.0,259.0,0.0,100600.0
2025-04-21 16:00:00,32.9821833118257,32.1745762475016,0.0,1.76,19.8,57,0,12.8,29,22.9,18.2,16.8,0.0,0.0,0.34,21.0,51.0,92299.0,8.0,4.0,42.0,0.0,100580.0
2025-04-21 17:00:00,32.8927334530484,31.7738817055103,0.0,1.76,18.9,59,0,12.5,36,22.1,18.4,16.8,0.0,0.0,0.23,20.0,56.0,78136.0,6.0,5.0,54.0,0.0,100540.0
2025-04-21 18:00:00,32.9043003329551,31.7463533653702,0.0,1.76,17.4,66,0,10.6,41,20.8,18.5,16.8,0.0,0.0,0.12,20.0,53.0,54188.0,3.0,3.0,54.0,0.0,100520.0
2025-04-21 19:00:00,32.8080007077018,31.6856845437562,0.0,1.76,15.0,81,0,5.7,50,19.3,18.6,16.8,0.0,0.0,0.02,19.0,61.0,7648.0,0.0,1.0,44.0,0.0,100530.0
2025-04-21 20:00:00,32.7812256192734,31.5215307995901,0.0,1.76,14.0,88,0,1.9,43,17.8,18.5,16.8,0.0,0.0,0.0,18.0,66.0,7034.0,0.0,2.0,43.0,0.0,100530.0
2025-04-21 21:00:00,32.788128202778,31.344653901428,0.0,1.76,13.3,91,0,2.3,317,16.7,18.4,16.8,0.0,0.0,0.0,16.0,75.0,328.0,0.0,2.0,60.0,0.0,100550.0
2025-04-21 22:00:00,32.6531749940579,31.3690586035265,0.0,1.76,12.8,91,0,1.9,286,15.8,18.3,16.8,0.0,0.0,0.0,14.0,79.0,0.0,0.0,0.0,48.0,0.0,100640.0
2025-04-21 23:00:00,32.6405668367817,31.3480564774195,0.0,1.76,12.4,90,0,1.3,274,15.0,18.1,16.8,0.0,0.0,0.0,13.0,86.0,0.0,0.0,0.0,114.0,0.0,100680.0
2025-04-22 00:00:00,32.7105226449816,31.3346710009046,0.0,1.76,12.0,86,0,3.1,172,14.5,17.8,16.9,0.0,0.0,0.0,12.0,87.0,0.0,0.0,0.0,166.0,0.0,100700.0
2025-04-22 01:00:00,32.7995549068984,31.2484018282986,0.0,1.76,12.0,86,0,1.5,280,14.2,17.6,16.9,0.0,0.0,0.0,12.0,90.0,0.0,0.0,0.0,176.0,0.0,100700.0
2025-04-22 02:00:00,32.6788010874071,31.1733371040886,0.0,1.76,11.7,86,0,2.4,268,13.7,17.4,16.9,0.0,0.0,0.0,11.0,91.0,0.0,0.0,1.0,169.0,0.0,100660.0
2025-04-22 03:00:00,33.0036877988103,31.2990962725222,0.0,1.76,11.2,85,0,3.8,220,13.3,17.1,16.9,0.0,0.0,0.0,11.0,93.0,0.0,0.0,0.0,178.0,0.0,100620.0
2025-04-22 04:00:00,32.946795390611,31.3298370298796,0.0,1.76,10.7,84,0,4.8,216,12.9,16.9,16.9,0.0,0.0,0.0,9.0,94.0,0.0,0.0,0.0,179.0,0.0,100600.0
2025-04-22 05:00:00,32.9635355075234,31.3031641123358,0.0,1.76,10.5,84,5,5.7,242,12.6,16.6,16.9,0.0,0.0,0.0,10.0,95.0,0.0,0.0,0.0,173.0,0.0,100560.0
2025-04-22 06:00:00,32.8556905443906,31.2906414540254,0.0,1.76,11.1,82,3,6.3,239,12.5,16.4,16.8,0.0,0.0,0.02,11.0,95.0,0.0,0.0,0.0,204.0,0.0,100580.0
2025-04-22 07:00:00,32.8144737738188,31.23915037802,0.0,1.76,14.1,74,3,8.8,241,13.3,16.2,16.8,0.0,0.0,0.07,9.0,95.0,0.0,0.0,0.0,178.0,0.0,100590.0
2025-04-22 08:00:00,32.7649741969953,31.0213594938048,0.0,1.76,17.2,64,0,7.8,243,14.9,16.1,16.8,0.0,0.0,0.18,9.0,95.0,2705.0,0.0,0.0,192.0,0.0,100620.0
2025-04-22 09:00:00,32.7003965211196,31.1034603476039,0.0,1.76,19.4,54,0,8.2,260,16.8,16.1,16.8,0.0,0.0,0.31,13.0,86.0,10876.0,1.0,0.0,204.0,0.0,100700.0
2025-04-22 10:00:00,32.9228408177028,31.0059097932409,0.0,1.76,21.1,49,0,7.2,273,18.9,16.2,16.8,0.0,0.0,0.43,17.0,65.0,40861.0,2.0,3.0,244.0,0.0,100730.0
2025-04-22 11:00:00,32.8776351931817,30.8874035584715,0.0,1.76,22.4,46,0,5.2,306,20.8,16.4,16.8,0.0,0.0,0.53,19.0,53.0,70044.0,5.0,4.0,288.0,0.0,100770.0
2025-04-22 12:00:00,32.9381077210012,31.0421675355604,18.789576030955285,1.76,22.9,46,11,9.9,3,22.4,16.8,16.8,0.0,0.0,0.58,21.0,52.0,91265.0,8.0,2.0,269.0,0.0,100740.0
2025-04-22 13:00:00,32.8033654100488,30.7609962501786,0.0,1.76,22.7,43,100,14.5,12,23.2,17.1,16.8,0.0,0.0,0.57,22.0,44.0,106490.0,8.0,4.0,348.0,0.0,100710.0
2025-04-22 14:00:00,32.7669042359553,30.8189820627734,0.0,1.76,22.6,45,93,11.6,14,23.6,17.5,16.8,0.0,0.0,0.52,22.0,48.0,105547.0,9.0,4.0,39.0,0.0,100690.0
2025-04-22 15:00:00,32.7012264859813,30.7207327780995,0.0,1.76,22.4,46,43,11.3,20,23.7,17.8,16.8,0.0,0.0,0.46,21.0,52.0,117230.0,10.0,4.0,42.0,0.0,100690.0
2025-04-22 16:00:00,32.49711673292,30.6089367827845,0.0,1.76,21.8,48,3,10.9,17,23.4,18.1,16.8,0.0,0.0,0.37,22.0,52.0,95548.0,8.0,4.0,54.0,0.0,100670.0
2025-04-22 17:00:00,32.5838379663781,30.7823592974192,0.0,1.76,21.0,51,1,8.3,20,22.6,18.4,16.8,0.0,0.0,0.25,22.0,52.0,74957.0,4.0,2.0,48.0,0.0,100640.0
2025-04-22 18:00:00,32.6082308321777,30.5873292419164,0.0,1.76,19.4,61,0,5.3,55,21.5,18.6,16.8,0.0,0.0,0.11,22.0,51.0,49519.0,3.0,3.0,80.0,0.0,100640.0
2025-04-22 19:00:00,32.1778998726616,30.5403346835162,0.0,1.76,16.6,73,0,5.4,82,19.9,18.7,16.9,0.0,0.0,0.03,21.0,54.0,8102.0,1.0,4.0,20.0,0.0,100670.0
2025-04-22 20:00:00,32.6736274180611,30.4969660590246,0.0,1.76,15.5,75,0,4.7,107,18.5,18.7,16.9,0.0,0.0,0.0,19.0,60.0,5197.0,0.0,2.0,48.0,0.0,100710.0
2025-04-22 21:00:00,32.4795142453777,30.5241972053625,0.0,1.76,15.0,71,0,3.1,137,17.4,18.6,16.9,0.0,0.0,0.0,18.0,65.0,97.0,0.0,0.0,93.0,0.0,100730.0
2025-04-22 22:00:00,32.3932324758207,30.4505599599071,0.0,1.76,14.9,65,5,1.7,152,16.4,18.4,16.9,0.0,0.0,0.0,16.0,70.0,0.0,0.0,0.0,97.0,0.0,100790.0
2025-04-22 23:00:00,32.5846591451343,30.4471710287997,0.0,1.76,14.7,64,5,0.6,112,15.7,18.3,16.9,0.0,0.0,0.0,15.0,71.0,0.0,0.0,0.0,168.0,0.0,100840.0
2025-04-23 00:00:00,32.5154104677893,30.6022114234411,0.0,1.76,14.3,64,0,0.7,90,15.1,18.1,16.9,0.0,0.0,0.0,14.0,76.0,0.0,0.0,0.0,66.0,0.0,100890.0
2025-04-23 01:00:00,32.3575514179881,30.3150340815975,0.0,1.76,13.8,72,0,0.8,78,15.1,17.9,16.9,0.0,0.0,0.0,14.0,74.0,0.0,0.0,2.0,101.0,0.0,100890.0
2025-04-23 02:00:00,32.6258020346914,30.40749590415,0.0,1.76,13.4,69,0,2.2,150,14.5,17.7,16.9,0.0,0.0,0.0,14.0,70.0,0.0,0.0,2.0,138.0,0.0,100880.0
2025-04-23 03:00:00,32.440040586881,30.400831635281,0.0,1.76,13.3,66,0,2.0,118,14.0,17.5,16.9,0.0,0.0,0.0,12.0,77.0,0.0,0.0,0.0,139.0,0.0,100860.0
2025-04-23 04:00:00,32.1880218564819,30.1926969718285,0.0,1.76,13.0,64,0,1.8,126,13.5,17.2,16.9,0.0,0.0,0.0,11.0,83.0,0.0,0.0,0.0,139.0,0.0,100880.0
2025-04-23 05:00:00,32.28508975587,30.4110236423691,0.0,1.76,12.9,63,0,0.5,60,13.1,17.0,16.9,0.0,0.0,0.0,12.0,80.0,0.0,0.0,2.0,170.0,0.0,100830.0
2025-04-23 06:00:00,32.4780506386464,30.304568426576,0.0,1.76,13.2,64,0,1.3,70,12.9,16.8,16.9,0.0,0.0,0.01,10.0,87.0,0.0,0.0,0.0,330.0,0.0,100820.0
2025-04-23 07:00:00,32.453091474361,30.2241187570117,0.0,1.76,15.9,58,0,2.1,46,13.8,16.6,16.9,0.0,0.0,0.06,9.0,87.0,0.0,0.0,1.0,171.0,0.0,100850.0
2025-04-23 08:00:00,32.4539303283619,30.324709371355,0.0,1.76,18.3,56,0,6.0,30,15.5,16.5,16.9,0.0,0.0,0.19,10.0,87.0,3840.0,0.0,0.0,192.0,0.0,100900.0
2025-04-23 09:00:00,32.2017849138949,30.1853501592745,0.0,1.76,20.5,48,0,11.8,35,17.4,16.5,16.9,0.0,0.0,0.34,15.0,72.0,18760.0,1.0,1.0,239.0,0.0,100920.0
2025-04-23 10:00:00,32.1700616937538,30.1485505957306,0.0,1.76,22.0,44,0,15.9,36,19.3,16.6,16.9,0.0,0.0,0.47,19.0,61.0,48448.0,3.0,1.0,24.0,0.0,100920.0
2025-04-23 11:00:00,32.0818937368691,29.9960929947677,0.0,1.76,22.6,41,0,18.6,37,20.9,16.8,16.9,0.0,0.0,0.55,21.0,52.0,75551.0,6.0,2.0,75.0,0.0,100930.0
2025-04-23 12:00:00,32.139846269334,29.93130799309,0.0,1.76,22.9,41,0,20.7,40,22.2,17.1,16.9,0.0,0.0,0.6,22.0,48.0,94660.0,8.0,4.0,66.0,0.0,100910.0
2025-04-23 13:00:00,32.0785451257827,29.9993300419229,0.0,1.76,22.5,47,0,21.0,44,22.8,17.3,16.9,0.0,0.0,0.58,22.0,53.0,106150.0,7.0,5.0,48.0,0.0,100880.0
2025-04-23 14:00:00,32.0067113154663,29.7034644146078,0.0,1.76,22.3,49,0,21.4,49,23.3,17.6,16.9,0.0,0.0,0.54,22.0,53.0,108870.0,9.0,5.0,48.0,0.0,100810.0
2025-04-23 15:00:00,31.7744437841085,29.7319359430499,0.0,1.76,22.3,50,0,20.3,53,23.4,18.0,16.9,0.0,0.0,0.48,23.0,53.0,103305.0,8.0,5.0,60.0,0.0,100740.0
2025-04-23 16:00:00,31.9384297585502,29.72267275865,0.0,1.76,21.7,53,0,19.2,54,23.1,18.2,16.9,0.0,0.0,0.38,23.0,53.0,89454.0,7.0,6.0,36.0,0.0,100690.0
2025-04-23 17:00:00,31.8476511923546,29.5347120416163,0.0,1.76,20.4,61,0,17.4,52,22.4,18.5,16.9,0.0,0.0,0.25,23.0,55.0,70461.0,5.0,6.0,19.0,0.0,100640.0
2025-04-23 18:00:00,31.8623901222586,29.6295459673975,0.0,1.76,18.8,67,0,15.5,47,21.3,18.6,16.9,0.0,0.0,0.13,22.0,52.0,43904.0,3.0,4.0,64.0,0.0,100640.0
2025-04-23 19:00:00,31.6708980088034,29.6108248550425,0.0,1.76,16.9,72,0,10.1,51,19.9,18.7,16.9,0.0,0.0,0.05,21.0,58.0,18086.0,1.0,4.0,24.0,0.0,100650.0
2025-04-23 20:00:00,31.7107067213642,29.7453546478716,0.0,1.76,15.6,79,0,6.0,36,18.7,18.7,16.9,0.0,0.0,0.0,19.0,65.0,4414.0,0.0,3.0,60.0,0.0,100650.0
2025-04-23 21:00:00,31.6493908365809,29.6643956923605,0.0,1.76,14.7,86,0,3.5,359,17.6,18.6,16.9,0.0,0.0,0.0,18.0,68.0,0.0,0.0,2.0,88.0,0.0,100690.0
2025-04-23 22:00:00,31.6612773136238,29.4639394032338,0.0,1.76,14.5,87,0,4.0,313,16.8,18.5,16.9,0.0,0.0,0.0,17.0,75.0,0.0,0.0,2.0,30.0,0.0,100750.0
2025-04-23 23:00:00,31.5478309847568,29.7307269401279,0.0,1.76,14.2,87,0,7.9,277,16.3,18.4,16.9,0.0,0.0,0.0,15.0,80.0,0.0,0.0,0.0,26.0,0.0,100790.0
2025-04-24 00:00:00,31.5471945410354,29.7011734367186,0.0,1.76,13.7,89,0,8.0,260,15.9,18.2,16.9,0.0,0.0,0.0,14.0,85.0,0.0,0.0,0.0,192.0,0.0,100790.0
2025-04-24 01:00:00,31.5732629855654,29.7419072765934,0.0,1.76,13.6,89,0,6.9,252,15.7,18.0,17.0,0.0,0.0,0.0,13.0,87.0,0.0,0.0,0.0,180.0,0.0,100780.0
2025-04-24 02:00:00,31.5107198765625,29.5807077749848,0.0,1.76,13.2,90,0,7.4,253,15.3,17.9,17.0,0.0,0.0,0.0,12.0,90.0,0.0,0.0,0.0,170.0,0.0,100740.0
2025-04-24 03:00:00,31.5935127890325,29.6894223178954,0.0,1.76,12.9,92,0,12.0,260,15.0,17.7,17.0,0.0,0.0,0.0,13.0,91.0,0.0,0.0,0.0,164.0,0.0,100670.0
2025-04-24 04:00:00,31.6519188522996,29.4625907068211,0.0,1.76,12.7,91,0,11.7,255,14.8,17.5,17.0,0.0,0.0,0.0,12.0,93.0,0.0,0.0,0.0,294.0,0.0,100630.0
2025-04-24 05:00:00,31.7747654175991,29.418087316705,0.0,1.76,12.7,87,0,10.5,261,14.5,17.3,17.0,0.0,0.0,0.0,11.0,94.0,0.0,0.0,0.0,186.0,0.0,100620.0
2025-04-24 06:00:00,31.6084417364872,29.5126775368541,0.0,1.76,13.0,84,0,10.2,262,14.4,17.2,17.0,0.0,0.0,0.03,11.0,94.0,0.0,0.0,1.0,192.0,0.0,100600.0
2025-04-24 07:00:00,31.6564188518926,29.6236372576841,0.0,1.76,15.5,76,0,9.2,255,15.0,17.0,17.0,0.0,0.0,0.07,11.0,95.0,74.0,0.0,0.0,186.0,0.0,100610.0
2025-04-24 08:00:00,31.6331379345497,29.4639697577036,0.0,1.76,18.3,65,0,7.2,263,16.4,16.9,17.0,0.0,0.0,0.19,11.0,95.0,6360.0,0.0,0.0,186.0,0.0,100650.0
2025-04-24 09:00:00,31.5999368857723,29.559447533361,0.0,1.76,20.3,58,0,5.8,288,18.3,17.0,17.0,0.0,0.0,0.31,16.0,83.0,22512.0,1.0,2.0,224.0,0.0,100680.0
2025-04-24 10:00:00,31.566742290761,29.3683516115887,0.0,1.76,22.1,55,0,5.1,322,20.3,17.1,17.0,0.0,0.0,0.44,18.0,73.0,48814.0,3.0,0.0,330.0,0.0,100690.0
2025-04-24 11:00:00,31.5340606518893,29.0709014632993,0.0,1.76,23.3,56,0,7.0,5,22.2,17.4,17.0,0.0,0.0,0.53,20.0,61.0,74607.0,5.0,0.0,357.0,0.0,100670.0
2025-04-24 12:00:00,31.4802984250795,29.1877345143835,0.0,1.76,23.5,59,0,11.4,23,23.6,17.7,17.0,0.0,0.0,0.57,22.0,58.0,93050.0,9.0,2.0,60.0,0.0,100640.0
2025-04-24 13:00:00,31.2886772746315,29.2045697277748,0.0,1.76,23.1,57,76,13.7,21,24.3,18.1,17.0,0.0,0.0,0.56,23.0,57.0,103424.0,7.0,2.0,356.0,0.0,100570.0
2025-04-24 14:00:00,31.2191974058202,29.1239735534051,0.0,1.76,23.0,57,90,12.0,22,24.8,18.4,17.0,0.0,0.0,0.53,23.0,58.0,104099.0,9.0,4.0,30.0,0.0,100560.0
2025-04-24 15:00:00,31.3528351363579,28.9368314061833,0.0,1.76,22.8,56,100,11.8,25,24.8,18.8,17.0,0.0,0.0,0.45,23.0,53.0,96501.0,8.0,5.0,36.0,0.0,100490.0
2025-04-24 16:00:00,31.2491112316563,28.9010427117662,0.0,1.76,21.5,60,100,13.0,23,24.1,19.1,17.0,0.0,0.0,0.31,23.0,54.0,85449.0,7.0,5.0,36.0,0.0,100430.0
2025-04-24 17:00:00,31.2437817579797,28.8246839061675,0.0,1.76,20.1,65,98,11.2,26,23.2,19.3,17.0,0.0,0.0,0.21,22.0,54.0,67396.0,4.0,3.0,39.0,0.0,100370.0
2025-04-24 18:00:00,31.0558452854957,28.8246745903337,0.0,1.76,18.7,73,100,7.2,19,22.0,19.5,17.0,0.0,0.0,0.1,21.0,66.0,28608.0,1.0,3.0,38.0,0.0,100350.0
2025-04-24 19:00:00,30.9986616719873,28.7994077277775,0.0,1.76,16.7,85,100,3.4,356,20.6,19.5,17.0,0.0,0.0,0.02,20.0,74.0,10252.0,0.0,3.0,54.0,0.0,100360.0
2025-04-24 20:00:00,31.0600591220519,28.9543973788679,0.0,1.76,16.4,87,100,0.7,294,19.4,19.5,17.0,0.0,0.0,0.0,18.0,82.0,3374.0,0.0,2.0,18.0,0.0,100380.0
2025-04-24 21:00:00,31.0894358682749,28.9474497438512,0.0,1.76,16.2,86,100,5.3,242,18.5,19.4,17.0,0.0,0.0,0.0,17.0,87.0,0.0,0.0,0.0,66.0,0.0,100410.0
2025-04-24 22:00:00,30.8463258607681,28.9938751820685,0.0,1.76,16.8,80,100,6.7,255,18.1,19.3,17.1,0.0,0.0,0.0,17.0,89.0,0.0,0.0,0.0,81.0,0.0,100450.0
2025-04-24 23:00:00,30.9535123588085,28.8892634677595,0.0,1.76,17.0,81,100,0.9,236,17.7,19.2,17.1,0.0,0.0,0.0,16.0,90.0,0.0,0.0,0.0,174.0,0.0,100480.0
2025-04-25 00:00:00,30.7865641226114,28.9052036221881,0.0,1.76,16.8,82,100,7.9,41,17.6,19.0,17.1,0.1,0.1,0.01,16.0,92.0,0.0,0.0,0.0,144.0,0.0,100460.0
2025-04-25 01:00:00,30.9172708222333,28.9661146223529,0.0,1.76,16.2,84,100,4.2,212,17.0,18.9,17.1,0.0,0.0,0.0,16.0,91.0,0.0,0.0,0.0,168.0,0.0,100500.0
2025-04-25 02:00:00,30.8457647113799,29.0208673405098,0.0,1.76,16.3,84,100,0.7,264,16.8,18.7,17.1,0.0,0.0,0.0,16.0,93.0,0.0,0.0,2.0,138.0,0.0,100480.0
2025-04-25 03:00:00,31.0044984023354,28.9601523551462,0.0,1.76,16.0,84,100,3.1,105,16.6,18.6,17.1,0.0,0.0,0.0,16.0,93.0,0.0,0.0,2.0,98.0,0.0,100410.0
2025-04-25 04:00:00,30.9627873466705,28.8973642702737,0.0,1.76,16.1,84,100,4.5,65,16.5,18.4,17.1,0.0,0.0,0.0,16.0,92.0,0.0,0.0,0.0,288.0,0.0,100390.0
2025-04-25 05:00:00,31.0399702158728,29.0347940566132,0.0,1.76,16.1,83,97,1.1,128,16.4,18.3,17.1,0.1,0.1,0.0,16.0,92.0,0.0,0.0,1.0,206.0,0.0,100370.0
2025-04-25 06:00:00,30.8356131323865,29.049906185026,0.0,1.76,16.1,86,100,1.5,345,16.2,18.1,17.1,0.0,0.0,0.02,16.0,90.0,0.0,0.0,2.0,54.0,0.0,100340.0
2025-04-25 07:00:00,30.9740802184071,28.9621157323466,0.0,1.76,17.2,83,100,1.8,169,16.7,18.0,17.1,0.1,0.1,0.04,16.0,90.0,84.0,0.0,2.0,323.0,0.0,100350.0
2025-04-25 08:00:00,31.0152564046259,29.1431581113845,0.0,1.76,17.9,81,100,7.4,187,17.0,17.9,17.1,0.1,0.1,0.06,16.0,94.0,1522.0,0.0,4.0,158.0,0.0,100380.0
2025-04-25 09:00:00,31.1196810385549,28.7687519806725,0.0,1.76,18.7,88,100,5.8,198,17.5,17.9,17.1,0.8,0.8,0.08,17.0,93.0,6352.0,0.0,2.0,54.0,0.0,100430.0
2025-04-25 10:00:00,30.7735399552208,28.7900458731216,0.0,1.76,20.5,79,100,10.1,212,18.3,17.9,17.1,0.5,0.5,0.15,18.0,85.0,20336.0,1.0,0.0,276.0,0.0,100470.0
2025-04-25 11:00:00,30.9186199159181,28.7728584838195,0.0,1.76,22.3,61,100,9.8,217,19.2,17.9,17.1,0.0,0.0,0.23,19.0,79.0,21393.0,1.0,0.0,211.0,0.0,100510.0
2025-04-25 12:00:00,30.9351370386007,28.7006800876041,0.0,1.76,23.7,53,100,7.8,224,20.3,18.0,17.1,0.0,0.0,0.3,20.0,76.0,18292.0,1.0,1.0,66.0,0.0,100500.0
2025-04-25 13:00:00,30.9105526693896,28.8964565810642,0.0,1.76,24.8,50,99,8.8,300,22.6,18.6,17.1,0.0,0.0,0.44,20.0,72.0,17747.0,1.0,1.0,336.0,0.0,100490.0
2025-04-25 14:00:00,30.8620574589144,28.8642837533605,0.0,1.76,23.5,58,100,3.4,331,22.7,18.8,17.2,0.0,0.0,0.26,20.0,72.0,14328.0,1.0,2.0,228.0,0.0,100450.0
2025-04-25 15:00:00,30.8504218060149,28.7945478909406,0.0,1.76,24.9,55,98,2.6,295,23.8,19.0,17.2,0.0,0.0,0.41,20.0,78.0,16436.0,1.0,2.0,245.0,0.0,100420.0
2025-04-25 16:00:00,30.6682672782606,28.6793233261267,0.0,1.76,24.0,60,88,1.7,68,23.4,19.3,17.2,0.2,0.2,0.18,21.0,78.0,15943.0,1.0,0.0,259.0,0.0,100370.0
2025-04-25 17:00:00,30.9417359180259,28.8193446811222,0.0,1.76,24.0,61,99,3.5,33,23.4,19.5,17.2,0.0,0.0,0.2,19.0,86.0,13760.0,1.0,2.0,48.0,0.0,100370.0
2025-04-25 18:00:00,30.8835709838555,28.7724543065746,0.0,1.76,22.1,71,100,4.6,61,22.7,19.6,17.2,0.0,0.0,0.1,19.0,88.0,12526.0,0.0,3.0,168.0,0.0,100320.0
2025-04-25 19:00:00,30.7615092800254,28.8059566736543,0.0,1.76,18.8,85,100,4.6,132,21.3,19.7,17.2,0.0,0.0,0.02,20.0,83.0,9096.0,1.0,0.0,174.0,0.0,100300.0
2025-04-25 20:00:00,30.9315254452634,28.7988925390462,0.0,1.76,18.3,82,100,2.7,157,20.2,19.7,17.2,0.0,0.0,0.0,21.0,83.0,2947.0,0.0,0.0,92.0,0.0,100300.0
2025-04-25 21:00:00,30.9926877157743,28.6568194329169,0.0,1.76,18.5,77,33,0.9,171,19.3,19.7,17.2,0.0,0.0,0.0,19.5,87.0,1473.5,0.0,0.0,106.0,0.0,100325.0
2025-04-25 22:00:00,30.7432408855382,28.8624677599564,0.0,1.76,18.2,76,16,0.7,195,18.6,19.6,17.2,0.0,0.0,0.0,18.0,91.0,0.0,0.0,0.0,120.0,0.0,100350.0
2025-04-25 23:00:00,30.8989171554633,28.8383417719408,0.0,1.76,17.6,74,86,0.9,240,17.9,19.5,17.3,0.0,0.0,0.0,16.0,92.0,0.0,0.0,0.0,12.0,0.0,100430.0
2025-04-26 00:00:00,30.9386084413762,28.8232287232258,0.0,1.76,17.3,70,1,2.3,193,17.4,19.3,17.3,0.0,0.0,0.0,17.0,94.0,0.0,0.0,0.0,179.0,0.0,100470.0
2025-04-26 01:00:00,30.7090321792863,28.8267744988089,0.0,1.76,16.5,73,0,3.4,211,16.5,18.9,17.3,0.0,0.0,0.0,16.0,92.0,0.0,0.0,0.0,170.0,0.0,100420.0
2025-04-26 02:00:00,30.8260309203086,28.6252006737221,0.0,1.76,16.0,76,0,1.9,254,16.1,18.7,17.3,0.0,0.0,0.0,15.0,92.0,0.0,0.0,0.0,42.0,0.0,100390.0
2025-04-26 03:00:00,30.4772471839106,28.6311370709759,0.0,1.76,15.7,78,0,0.5,333,15.7,18.5,17.3,0.0,0.0,0.0,14.0,94.0,0.0,0.0,0.0,185.0,0.0,100360.0
2025-04-26 04:00:00,30.7494372751397,28.7858924196712,0.0,1.76,15.1,81,0,3.5,188,15.4,18.3,17.3,0.0,0.0,0.0,14.0,91.0,0.0,0.0,0.0,182.0,0.0,100340.0
2025-04-26 05:00:00,30.8835589953321,28.6322725703313,0.0,1.76,15.1,82,0,8.5,211,15.2,18.1,17.3,0.0,0.0,0.01,13.0,93.0,0.0,0.0,0.0,170.0,0.0,100380.0
2025-04-26 06:00:00,30.8650833211527,28.6181512614982,0.0,1.76,16.2,78,0,9.7,206,15.4,17.9,17.3,0.0,0.0,0.04,15.0,88.0,0.0,0.0,1.0,192.0,0.0,100380.0
2025-04-26 07:00:00,30.5622008482867,28.6906291595993,0.0,1.76,19.2,72,0,9.4,218,16.3,17.8,17.3,0.0,0.0,0.09,13.0,91.0,0.0,0.0,0.0,210.0,0.0,100380.0
2025-04-26 08:00:00,30.5693999053058,28.6054063620666,0.0,1.76,22.6,58,0,7.9,220,17.9,17.7,17.3,0.0,0.0,0.22,14.0,90.0,984.0,0.0,2.0,228.0,0.0,100410.0
2025-04-26 09:00:00,30.8045315211078,28.5472880241956,0.0,1.76,24.3,52,0,10.6,243,19.8,17.8,17.3,0.0,0.0,0.37,16.0,85.0,8892.0,0.0,0.0,198.0,0.0,100450.0
2025-04-26 10:00:00,30.6838709736284,28.479899108147,0.0,1.76,25.7,51,0,12.1,263,21.7,18.0,17.3,0.0,0.0,0.49,20.0,71.0,31638.0,2.0,2.0,222.0,0.0,100480.0
2025-04-26 11:00:00,30.7233210736315,28.3914652066404,0.0,1.76,26.9,48,0,11.8,280,23.4,18.2,17.3,0.0,0.0,0.59,23.0,55.0,60910.0,4.0,3.0,281.0,0.0,100490.0
2025-04-26 12:00:00,30.5101532521125,28.3120808231919,0.0,1.76,27.0,46,0,14.0,320,24.8,18.6,17.3,0.0,0.0,0.64,25.0,53.0,82830.0,5.0,2.0,211.0,0.0,100500.0
2025-04-26 13:00:00,30.3721072220972,28.1351358694479,0.0,1.76,26.9,45,0,15.6,332,25.8,19.0,17.3,0.0,0.0,0.64,26.0,45.0,99703.0,7.0,4.0,269.0,0.0,100490.0
2025-04-26 14:00:00,30.5749697131952,28.153253938524,0.0,1.76,26.3,46,1,16.2,329,26.2,19.4,17.3,0.0,0.0,0.6,26.0,49.0,107101.0,10.0,6.0,36.0,0.0,100450.0
2025-04-26 15:00:00,30.3580585309587,27.9376721919352,0.0,1.76,25.8,46,1,13.4,329,26.3,19.8,17.3,0.0,0.0,0.52,26.0,49.0,106536.0,9.0,5.0,28.0,0.0,100420.0
2025-04-26 16:00:00,30.2757489033149,27.8990503433179,0.0,1.76,25.2,46,0,10.2,326,25.9,20.1,17.3,0.0,0.0,0.41,26.0,47.0,95504.0,8.0,4.0,356.0,0.0,100430.0
2025-04-26 17:00:00,30.4079796165283,27.9594891702249,0.0,1.76,24.8,43,0,6.3,336,25.2,20.4,17.3,0.0,0.0,0.27,26.0,42.0,81326.0,7.0,4.0,350.0,0.0,100390.0
2025-04-26 18:00:00,30.2352532263464,27.7883318828884,0.0,1.76,22.9,57,0,3.1,88,24.0,20.6,17.4,0.0,0.0,0.11,26.0,40.0,59063.0,4.0,4.0,30.0,0.0,100370.0
2025-04-26 19:00:00,30.2994115321751,27.8558197018101,0.0,1.76,19.9,66,0,3.7,111,22.3,20.6,17.4,0.0,0.0,0.03,24.0,44.0,20402.0,2.0,5.0,30.0,0.0,100390.0
2025-04-26 20:00:00,30.0199219234077,27.8665949559969,0.0,1.76,18.4,72,0,3.0,112,20.9,20.6,17.4,0.0,0.0,0.0,23.0,47.0,10073.0,0.0,3.0,69.0,0.0,100400.0
2025-04-26 21:00:00,30.0495929052579,27.9217810213473,0.0,1.76,17.7,72,0,2.3,124,19.6,20.5,17.4,0.0,0.0,0.0,20.0,56.0,1081.0,0.0,1.0,48.0,0.0,100450.0
2025-04-26 22:00:00,30.1600970282902,27.9855550078125,0.0,1.76,17.4,68,0,1.7,112,18.6,20.4,17.4,0.0,0.0,0.0,19.0,61.0,0.0,0.0,2.0,70.0,0.0,100500.0
2025-04-26 23:00:00,30.0792590824143,27.9048713393371,0.0,1.76,17.0,63,5,1.6,117,17.8,20.2,17.4,0.0,0.0,0.0,17.0,67.0,0.0,0.0,2.0,113.0,0.0,100560.0
2025-04-27 00:00:00,29.9991117784569,27.9063322159831,0.0,1.76,16.9,57,13,0.9,102,17.1,20.0,17.5,0.0,0.0,0.0,16.0,67.0,0.0,0.0,2.0,144.0,0.0,100570.0
2025-04-27 01:00:00,30.0261221975863,28.0380596692585,0.0,1.76,16.8,60,11,1.6,67,16.8,19.8,17.5,0.0,0.0,0.0,15.0,73.0,0.0,0.0,0.0,60.0,0.0,100580.0
2025-04-27 02:00:00,30.0217443319684,28.0419946436962,0.0,1.76,16.3,63,7,1.8,69,16.3,19.6,17.5,0.0,0.0,0.0,14.0,75.0,0.0,0.0,0.0,180.0,0.0,100590.0
2025-04-27 03:00:00,30.02760710591,27.9887584322518,0.0,1.76,16.1,63,0,1.1,75,15.8,19.3,17.5,0.0,0.0,0.0,14.0,71.0,0.0,0.0,0.0,144.0,0.0,100560.0
2025-04-27 04:00:00,30.0645482255301,28.1267896440626,0.0,1.76,15.5,64,0,1.4,52,15.3,19.1,17.5,0.0,0.0,0.0,13.0,77.0,0.0,0.0,0.0,181.0,0.0,100540.0
2025-04-27 05:00:00,29.9812149327327,28.0521609621691,0.0,1.76,14.7,71,0,2.4,44,14.9,18.8,17.5,0.0,0.0,0.0,12.0,84.0,0.0,0.0,0.0,162.0,0.0,100530.0
2025-04-27 06:00:00,29.9271326221494,27.9809711569299,0.0,1.76,14.9,74,0,2.3,54,14.7,18.6,17.5,0.0,0.0,0.02,11.0,83.0,0.0,0.0,0.0,178.0,0.0,100520.0
2025-04-27 07:00:00,30.1287517145937,27.7588429036417,0.0,1.76,16.9,67,0,5.0,63,15.6,18.4,17.5,0.0,0.0,0.08,11.0,85.0,0.0,0.0,0.0,137.0,0.0,100570.0
2025-04-27 08:00:00,30.1598408776946,28.0318527356719,0.0,1.76,19.2,62,0,5.6,41,17.3,18.3,17.5,0.0,0.0,0.2,10.0,87.0,2195.0,0.0,0.0,96.0,0.0,100620.0
2025-04-27 09:00:00,30.0507455701029,28.069573244797,0.0,1.76,21.2,57,0,8.0,30,19.2,18.2,17.5,0.0,0.0,0.33,15.0,76.0,12991.0,1.0,0.0,179.0,0.0,100630.0
2025-04-27 10:00:00,30.007468172635203,28.02134856188908,0.0,1.76,23.1,48,0,9.8,29,21.1,18.3,17.5,0.0,0.0,0.47,20.0,65.0,38317.0,2.0,1.0,48.0,0.0,100610.0
2025-04-27 11:00:00,29.96419077516751,27.973123878981163,0.0,1.76,23.5,49,0,14.7,24,22.8,18.5,17.5,0.0,0.0,0.55,19.88888888888889,65.62962962962963,36897.851851851854,1.925925925925926,0.962962962962963,47.111111111111114,0.0,100610.37037037036
2025-04-27 12:00:00,29.92091337769981,27.924899196073245,0.0,1.76,22.9,54,0,16.0,29,24.0,18.8,17.5,0.0,0.0,0.57,19.77777777777778,66.25925925925925,35478.7037037037,1.8518518518518519,0.9259259259259259,46.22222222222222,0.0,100610.74074074074
2025-04-27 13:00:00,29.877635980232117,27.876674513165327,0.0,1.76,22.8,58,0,15.3,33,24.7,19.0,17.5,0.0,0.0,0.57,19.666666666666668,66.88888888888889,34059.555555555555,1.7777777777777777,0.8888888888888888,45.333333333333336,0.0,100611.11111111111
2025-04-27 14:00:00,29.83435858276442,27.828449830257405,0.0,1.76,22.9,56,0,16.1,38,25.2,19.3,17.5,0.0,0.0,0.54,19.555555555555557,67.51851851851852,32640.40740740741,1.7037037037037037,0.8518518518518519,44.44444444444444,0.0,100611.48148148147
2025-04-27 15:00:00,29.791081185296726,27.780225147349487,0.0,1.76,22.6,56,0,17.2,41,25.2,19.6,17.5,0.0,0.0,0.47,19.444444444444443,68.14814814814815,31221.25925925926,1.6296296296296298,0.8148148148148149,43.55555555555556,0.0,100611.85185185185
2025-04-27 16:00:00,29.747803787829028,27.73200046444157,0.0,1.76,21.9,60,0,17.5,46,24.8,19.9,17.5,0.0,0.0,0.37,19.333333333333332,68.77777777777777,29802.111111111113,1.5555555555555556,0.7777777777777778,42.666666666666664,0.0,100612.22222222222
2025-04-27 17:00:00,29.70452639036133,27.68377578153365,0.0,1.76,20.8,64,0,16.9,48,23.9,20.1,17.6,0.0,0.0,0.25,19.22222222222222,69.4074074074074,28382.962962962964,1.4814814814814814,0.7407407407407407,41.77777777777778,0.0,100612.5925925926
2025-04-27 18:00:00,29.661248992893636,27.635551098625733,0.0,1.76,19.2,72,0,10.8,42,22.7,20.2,17.6,0.0,0.0,0.12,19.11111111111111,70.03703703703704,26963.814814814818,1.4074074074074074,0.7037037037037037,40.888888888888886,0.0,100612.96296296296
2025-04-27 19:00:00,29.61797159542594,27.587326415717815,0.0,1.76,17.0,82,1,4.5,38,21.1,20.3,17.6,0.0,0.0,0.02,19.0,70.66666666666667,25544.666666666668,1.3333333333333335,0.6666666666666667,40.0,0.0,100613.33333333333
2025-04-27 20:00:00,29.574694197958245,27.539101732809897,0.0,1.76,16.2,84,0,2.5,23,19.7,20.2,17.6,0.0,0.0,0.0,18.88888888888889,71.29629629629629,24125.51851851852,1.2592592592592593,0.6296296296296297,39.111111111111114,0.0,100613.70370370371
2025-04-27 21:00:00,29.531416800490547,27.49087704990198,0.0,1.76,15.9,84,0,2.0,15,18.5,20.1,17.6,0.0,0.0,0.0,18.77777777777778,71.92592592592592,22706.370370370372,1.1851851851851851,0.5925925925925926,38.22222222222222,0.0,100614.07407407407
2025-04-27 22:00:00,29.488139403022853,27.44265236699406,0.0,1.76,15.6,83,0,1.6,17,17.6,19.9,17.6,0.0,0.0,0.0,18.666666666666668,72.55555555555556,21287.222222222223,1.1111111111111112,0.5555555555555556,37.333333333333336,0.0,100614.44444444444
2025-04-27 23:00:00,29.444862005555155,27.39442768408614,0.0,1.76,15.2,82,0,0.9,27,16.8,19.7,17.6,0.0,0.0,0.0,18.555555555555557,73.18518518518519,19868.074074074077,1.0370370370370372,0.5185185185185186,36.44444444444444,0.0,100614.81481481482
2025-04-28 00:00:00,29.401584608087457,27.34620300117822,0.0,1.76,14.7,82,0,1.0,26,16.2,19.5,17.6,0.0,0.0,0.0,18.444444444444443,73.81481481481481,18448.925925925927,0.962962962962963,0.4814814814814815,35.55555555555556,0.0,100615.18518518518
2025-04-28 01:00:00,29.358307210619763,27.297978318270303,0.0,1.76,14.5,81,0,1.3,37,16.0,19.3,17.6,0.0,0.0,0.0,18.333333333333332,74.44444444444444,17029.77777777778,0.888888888888889,0.4444444444444445,34.666666666666664,0.0,100615.55555555556
2025-04-28 02:00:00,29.315029813152066,27.249753635362385,0.0,1.76,13.8,82,0,2.2,5,15.4,19.1,17.6,0.0,0.0,0.0,18.22222222222222,75.07407407407408,15610.629629629631,0.8148148148148149,0.40740740740740744,33.77777777777778,0.0,100615.92592592593
2025-04-28 03:00:00,29.27175241568437,27.201528952454467,0.0,1.76,13.5,83,0,1.2,16,14.9,18.8,17.6,0.0,0.0,0.0,18.11111111111111,75.70370370370371,14191.481481481484,0.7407407407407408,0.3703703703703704,32.88888888888889,0.0,100616.29629629629
2025-04-28 04:00:00,29.228475018216674,27.15330426954655,0.0,1.76,13.2,84,0,1.0,19,14.4,18.6,17.6,0.0,0.0,0.0,18.0,76.33333333333333,12772.333333333336,0.6666666666666667,0.33333333333333337,32.0,0.0,100616.66666666667
2025-04-28 05:00:00,29.185197620748976,27.10507958663863,0.0,1.76,12.7,87,0,0.6,38,14.0,18.3,17.7,0.0,0.0,0.0,17.88888888888889,76.96296296296296,11353.185185185188,0.5925925925925927,0.29629629629629634,31.11111111111111,0.0,100617.03703703704
2025-04-28 06:00:00,29.141920223281282,27.056854903730713,0.0,1.76,13.1,89,0,0.4,46,13.8,18.0,17.7,0.0,0.0,0.01,17.77777777777778,77.5925925925926,9934.03703703704,0.5185185185185186,0.2592592592592593,30.22222222222222,0.0,100617.4074074074
2025-04-28 07:00:00,29.098642825813585,27.008630220822795,0.0,1.76,15.3,83,0,2.3,49,14.8,17.8,17.6,0.0,0.0,0.06,17.666666666666668,78.22222222222223,8514.88888888889,0.44444444444444453,0.22222222222222227,29.333333333333336,0.0,100617.77777777778
2025-04-28 08:00:00,29.05536542834589,26.960405537914873,0.0,1.76,17.4,72,0,8.2,34,16.4,17.7,17.6,0.0,0.0,0.19,17.555555555555557,78.85185185185185,7095.740740740743,0.37037037037037046,0.18518518518518523,28.444444444444446,0.0,100618.14814814815
2025-04-28 09:00:00,29.012088030878193,26.912180855006955,0.0,1.76,19.1,62,0,12.9,39,18.2,17.7,17.6,0.0,0.0,0.31,17.444444444444443,79.48148148148148,5676.592592592595,0.2962962962962964,0.1481481481481482,27.555555555555557,0.0,100618.51851851853
2025-04-28 10:00:00,28.9688106334105,26.863956172099037,0.0,1.76,20.4,57,0,16.9,43,19.9,17.7,17.6,0.0,0.0,0.42,17.333333333333332,80.11111111111111,4257.444444444447,0.22222222222222232,0.11111111111111116,26.666666666666668,0.0,100618.88888888889
2025-04-28 11:00:00,28.9255332359428,26.81573148919112,0.0,1.76,21.2,57,0,21.1,48,21.4,17.9,17.6,0.0,0.0,0.49,17.22222222222222,80.74074074074075,2838.2962962962993,0.14814814814814825,0.07407407407407413,25.77777777777778,0.0,100619.25925925926
2025-04-28 12:00:00,28.8450282985157,26.7675068062832,0.0,1.76,21.6,57,0,23.2,50,22.6,18.1,17.6,0.0,0.0,0.53,17.11111111111111,81.37037037037037,1419.148148148151,0.07407407407407418,0.03703703703703709,24.88888888888889,0.0,100619.62962962964
2025-04-28 13:00:00,28.9334787500852,26.7067907380109,0.0,1.76,21.9,57,0,24.4,52,23.5,18.5,17.6,0.0,0.0,0.53,17.0,82.0,0.0,0.0,0.0,24.0,0.0,100620.0
2025-04-28 14:00:00,28.7562120319224,26.5296620332922,0.0,1.76,21.9,56,0,25.7,55,23.9,18.7,17.6,0.0,0.0,0.51,21.0,61.0,107372.0,9.0,5.0,48.0,0.0,100520.0
2025-04-28 15:00:00,28.7082756870128,26.3674027270374,0.0,1.76,21.4,60,0,25.8,54,24.0,19.0,17.6,0.0,0.0,0.44,22.0,60.0,105436.0,8.0,5.0,94.0,0.0,100460.0
2025-04-28 16:00:00,28.6268559380266,26.2079250477829,0.0,1.76,20.4,63,0,24.4,56,23.6,19.3,17.7,0.0,0.0,0.34,22.0,58.0,93333.0,8.0,7.0,53.0,0.0,100430.0
2025-04-28 17:00:00,28.6807845843788,26.1067698372349,0.0,1.76,19.3,69,1,21.1,56,22.8,19.5,17.7,0.0,0.0,0.23,22.0,56.0,78430.0,6.0,6.0,96.0,0.0,100400.0
2025-04-28 18:00:00,28.4502040430415,26.1715265212021,0.0,1.76,17.9,77,7,17.7,53,21.7,19.6,17.7,0.0,0.0,0.11,21.0,62.0,54844.0,3.0,6.0,58.0,0.0,100370.0
2025-04-28 19:00:00,28.618547261235,26.1737485912907,0.0,1.76,16.7,85,2,14.4,55,20.4,19.6,17.7,0.0,0.0,0.04,20.0,65.0,9543.0,1.0,7.0,66.0,0.0,100380.0
2025-04-28 20:00:00,28.3608135052991,26.2544675288038,0.0,1.76,16.0,91,9,12.2,52,19.3,19.6,17.7,0.0,0.0,0.0,19.0,69.0,8539.0,0.0,6.0,86.0,0.0,100390.0
2025-04-28 21:00:00,28.6728826253047,26.2419392662225,0.0,1.76,15.6,94,11,8.8,48,18.4,19.5,17.7,0.0,0.0,0.0,18.0,75.0,646.0,0.0,2.0,59.0,0.0,100420.0
2025-04-28 22:00:00,28.353159386998,26.0030874017648,0.0,1.76,15.5,94,19,7.7,45,17.8,19.4,17.7,0.0,0.0,0.0,16.0,83.0,0.0,0.0,0.0,66.0,0.0,100460.0
2025-04-28 23:00:00,28.4152869371331,26.0315628530225,0.0,1.76,15.0,93,13,7.2,42,17.2,19.3,17.7,0.0,0.0,0.0,16.0,86.0,0.0,0.0,1.0,60.0,0.0,100500.0
2025-04-29 00:00:00,28.620957586078,26.140249874749,0.0,1.76,15.0,93,15,9.8,50,16.8,19.1,17.7,0.0,0.0,0.0,15.0,88.0,0.0,0.0,0.0,328.0,0.0,100520.0
2025-04-29 01:00:00,28.386619251013,26.1216197711332,0.0,1.76,14.6,93,15,4.5,47,17.3,19.0,17.7,0.0,0.0,0.0,14.0,90.0,0.0,0.0,0.0,262.0,0.0,100520.0
2025-04-29 02:00:00,28.5262345758295,26.2190159476655,0.0,1.76,14.3,95,15,1.7,24,16.8,18.9,17.7,0.0,0.0,0.0,13.0,92.0,0.0,0.0,0.0,180.0,0.0,100470.0
2025-04-29 03:00:00,28.5406422902486,26.1756523493602,0.0,1.76,13.7,97,31,1.9,360,16.3,18.7,17.7,0.0,0.0,0.0,12.0,93.0,0.0,0.0,0.0,172.0,0.0,100370.0
2025-04-29 04:00:00,28.5307390915002,26.1879926144129,0.0,1.76,13.7,98,69,4.8,261,16.0,18.6,17.7,0.0,0.0,0.0,12.0,94.0,0.0,0.0,0.0,72.0,0.0,100290.0
2025-04-29 05:00:00,28.346473432348,26.3336210635369,0.0,1.76,13.7,99,100,4.5,276,15.9,18.4,17.7,0.0,0.0,0.0,11.0,95.0,0.0,0.0,0.0,192.0,0.0,100250.0
2025-04-29 06:00:00,28.3441299297443,26.2079463966664,0.0,1.76,13.7,99,100,5.0,282,15.9,18.2,17.7,0.0,0.0,0.01,12.0,95.0,0.0,0.0,0.0,228.0,0.0,100230.0
2025-04-29 07:00:00,28.4163840224131,26.1962131963509,0.0,1.76,14.8,91,72,4.1,10,16.4,18.1,17.7,0.0,0.0,0.05,12.0,96.0,0.0,0.0,0.0,188.0,0.0,100210.0
2025-04-29 08:00:00,28.7104607866238,26.3620683994383,0.0,1.76,16.3,81,92,10.3,35,17.2,18.0,17.7,0.0,0.0,0.13,11.0,96.0,3892.0,0.0,0.0,180.0,0.0,100170.0
2025-04-29 09:00:00,28.445065708296,26.2609932868049,0.0,1.76,17.7,74,100,11.6,27,18.5,18.0,17.7,0.0,0.0,0.24,14.0,96.0,18833.0,1.0,0.0,78.0,0.0,100190.0
2025-04-29 10:00:00,28.3364965818112,26.0929148150183,0.0,1.76,19.2,68,98,14.6,31,20.0,18.1,17.7,0.0,0.0,0.37,17.0,84.0,26999.0,1.0,2.0,48.0,0.0,100170.0
2025-04-29 11:00:00,28.1251915645391,26.2028496989959,0.0,1.76,20.1,65,100,15.8,31,21.5,18.2,17.7,0.0,0.0,0.44,19.0,73.0,65386.0,4.0,4.0,72.0,0.0,100100.0
2025-04-29 12:00:00,28.1591580782771,25.9859784371504,0.0,1.76,20.5,66,100,14.7,31,22.6,18.4,17.7,0.0,0.0,0.47,20.0,74.0,87216.0,7.0,3.0,24.0,0.0,100080.0
2025-04-29 13:00:00,28.0538175322268,25.7148466493931,0.0,1.76,20.8,64,100,15.7,31,23.3,18.7,17.7,0.0,0.0,0.4,20.0,75.0,98120.0,7.0,4.0,54.0,0.0,100050.0
2025-04-29 14:00:00,28.1393383206702,25.5896726343213,0.0,1.76,20.8,65,100,16.0,24,23.6,19.0,17.7,0.0,0.0,0.4,20.0,72.0,40056.0,4.0,4.0,348.0,0.0,99990.0
2025-04-29 15:00:00,27.9583995631854,25.57170367226,0.0,1.76,20.2,66,100,12.1,35,23.2,19.2,17.7,0.0,0.0,0.28,19.0,76.0,23287.0,2.0,3.0,330.0,0.0,99990.0
2025-04-29 16:00:00,28.0654623863916,25.6120676219494,0.0,1.76,20.1,67,98,12.3,35,22.6,19.4,17.7,0.0,0.0,0.21,19.0,78.0,19688.0,1.0,3.0,48.0,0.0,100060.0
2025-04-29 17:00:00,27.911007224136,25.4729301971632,0.0,1.76,19.5,70,58,16.1,36,22.1,19.5,17.7,0.0,0.0,0.18,19.0,80.0,13140.0,0.0,3.0,36.0,0.0,100010.0
2025-04-29 18:00:00,27.8493852867173,25.5925801112476,0.0,1.76,18.3,78,85,14.5,35,21.3,19.6,17.7,0.0,0.0,0.1,19.0,80.0,17417.0,1.0,5.0,24.0,0.0,99980.0
2025-04-29 19:00:00,27.9115829385331,25.5600576206855,0.0,1.76,16.9,87,93,12.5,25,20.3,19.6,17.8,0.0,0.0,0.03,18.0,81.0,8934.0,0.0,4.0,42.0,0.0,100030.0
2025-04-29 20:00:00,27.867084158681,25.6545213315848,0.0,1.76,16.5,91,98,9.2,30,19.5,19.6,17.8,0.0,0.0,0.0,18.0,82.0,4520.0,0.0,3.0,54.0,0.0,100080.0
2025-04-29 21:00:00,27.9289066796344,25.5310778123545,0.0,1.76,16.4,91,100,11.8,41,18.9,19.6,17.8,0.0,0.0,0.0,17.0,86.0,252.0,0.0,4.0,36.0,0.0,100140.0
2025-04-29 22:00:00,27.8000796428892,25.2979722148673,0.0,1.76,16.7,89,95,10.6,47,18.5,19.5,17.8,0.0,0.0,0.0,17.0,87.0,0.0,0.0,1.0,48.0,0.0,100190.0
2025-04-29 23:00:00,27.7356172986262,25.5015745465719,0.0,1.76,17.0,87,100,9.6,55,18.3,19.4,17.8,0.0,0.0,0.0,17.0,88.0,0.0,0.0,3.0,48.0,0.0,100200.0
2025-04-30 00:00:00,27.8021782541309,25.4738061469947,0.0,1.76,16.6,88,100,7.0,61,18.0,19.3,17.8,0.0,0.0,0.0,17.0,90.0,0.0,0.0,2.0,54.0,0.0,100190.0
2025-04-30 01:00:00,27.8851956745761,25.4746310106474,0.0,1.76,16.8,91,100,11.2,46,18.6,19.3,17.8,0.2,0.2,0.0,17.0,92.0,0.0,0.0,0.0,48.0,0.0,100200.0
2025-04-30 02:00:00,27.9262638070655,25.6771786166081,0.0,1.76,16.7,91,100,7.8,57,18.1,19.3,17.8,0.1,0.1,0.0,17.0,94.0,0.0,0.0,0.0,60.0,0.0,100130.0
2025-04-30 03:00:00,27.9094038575007,25.6054630177464,0.0,1.76,16.6,91,100,9.1,67,17.8,19.2,17.8,0.1,0.1,0.0,16.0,94.0,0.0,0.0,2.0,42.0,0.0,100090.0
2025-04-30 04:00:00,27.9729765041665,25.6824187640866,0.0,1.76,16.2,90,100,7.1,87,17.5,19.0,17.8,0.0,0.0,0.0,16.0,96.0,0.0,0.0,0.0,72.0,0.0,100080.0
2025-04-30 05:00:00,27.8625030945474,25.4160441104725,0.0,1.76,15.6,92,99,6.1,78,17.2,18.9,17.8,0.0,0.0,0.0,16.0,96.0,0.0,0.0,0.0,96.0,0.0,100020.0
2025-04-30 06:00:00,27.888713390786,25.5009504428031,0.0,1.76,15.1,95,100,4.6,70,17.0,18.8,17.8,0.0,0.0,0.02,16.0,97.0,0.0,0.0,2.0,70.0,0.0,99930.0
2025-04-30 07:00:00,27.7538988415734,25.6631159665242,0.0,1.76,14.9,97,100,2.6,47,17.1,18.7,17.8,0.0,0.0,0.03,16.0,97.0,0.0,0.0,0.0,60.0,0.0,99920.0
2025-04-30 08:00:00,27.9019683897359,25.5364173364621,0.0,1.76,15.2,97,100,3.3,338,17.4,18.6,17.8,0.0,0.0,0.06,16.0,97.0,2568.0,0.0,0.0,24.0,0.0,99970.0
2025-04-30 09:00:00,27.9044020832056,25.6440929802776,0.0,1.76,16.4,91,100,7.7,318,18.2,18.5,17.8,0.0,0.0,0.13,17.0,96.0,10665.0,0.0,0.0,249.0,0.0,100020.0
2025-04-30 10:00:00,27.6382535358799,25.537891359059,0.0,1.76,18.1,81,100,7.6,289,19.4,18.5,17.8,0.0,0.0,0.24,18.0,92.0,16644.0,1.0,0.0,285.0,0.0,100040.0
2025-04-30 11:00:00,27.6399598453028,25.6281473625083,0.0,1.76,19.4,77,100,7.7,278,20.3,18.6,17.8,0.0,0.0,0.24,19.0,80.0,53364.0,4.0,2.0,341.0,0.0,100040.0
2025-04-30 12:00:00,27.8457470396641,25.5351269542069,0.0,1.76,21.1,71,100,8.5,331,21.7,18.7,17.8,0.0,0.0,0.35,20.0,73.0,57592.0,5.0,1.0,288.0,0.0,100040.0
2025-04-30 13:00:00,27.7497611943521,25.3860596943238,0.0,1.76,19.9,73,100,6.9,347,21.7,19.0,17.8,0.1,0.1,0.23,21.0,74.0,47775.0,4.0,3.0,20.0,0.0,99990.0
2025-04-30 14:00:00,27.7634681384145,25.2119427044855,0.0,1.76,20.2,73,100,9.4,25,21.8,19.1,17.8,0.0,0.0,0.22,21.0,75.0,56883.0,5.0,4.0,352.0,0.0,99990.0
2025-04-30 15:00:00,27.4284083184881,25.0682289332318,0.0,1.76,19.9,76,100,11.4,36,21.8,19.2,17.8,0.2,0.2,0.22,21.0,76.0,49256.0,3.0,5.0,20.0,0.0,100000.0
2025-04-30 16:00:00,27.4831986107474,24.8700119377573,0.0,1.76,20.4,74,99,10.0,65,21.9,19.4,17.8,0.0,0.0,0.24,21.0,73.0,43196.0,3.0,4.0,12.0,0.0,100000.0
2025-04-30 17:00:00,27.2608834265408,24.8265856684199,0.0,1.76,20.6,73,98,5.8,88,21.9,19.5,17.9,0.0,0.0,0.19,21.0,74.0,38096.0,2.0,4.0,32.0,0.0,99990.0
2025-04-30 18:00:00,27.3191427138372,24.9556761788944,0.0,1.76,19.9,77,100,5.5,44,21.4,19.6,17.9,0.0,0.0,0.1,20.0,78.0,25942.0,2.0,2.0,26.0,0.0,100010.0
2025-04-30 19:00:00,27.4230706729641,24.8197382404236,0.0,1.76,17.4,91,100,4.0,18,20.3,19.6,17.9,0.0,0.0,0.02,19.0,82.0,12178.0,1.0,2.0,44.0,0.0,100040.0
2025-04-30 20:00:00,27.2020093989192,24.8874945645122,0.0,1.76,16.4,94,74,1.8,16,19.2,19.6,17.9,0.0,0.0,0.0,19.0,84.0,4150.0,0.0,2.0,20.0,0.0,100050.0
2025-04-30 21:00:00,27.3750923917599,25.0419551419505,0.0,1.76,15.9,94,94,1.3,354,18.3,19.5,17.9,0.0,0.0,0.0,18.0,87.0,52.0,0.0,2.0,30.0,0.0,100090.0
2025-04-30 22:00:00,27.3294242969179,25.0558588310861,0.0,1.76,15.7,96,96,2.4,114,17.8,19.4,17.9,0.0,0.0,0.0,17.0,92.0,0.0,0.0,0.0,78.0,0.0,100200.0
2025-04-30 23:00:00,27.3772856635903,24.9762188533165,0.0,1.76,15.7,94,100,4.9,156,17.6,19.3,17.9,0.0,0.0,0.0,17.0,91.0,0.0,0.0,0.0,145.0,0.0,100280.0
2025-05-01 00:00:00,27.4308651603522,24.9744241758606,0.0,1.76,15.9,93,100,5.5,198,17.6,19.1,17.9,0.0,0.0,0.0,18.0,91.0,0.0,0.0,0.0,90.0,0.0,100270.0
2025-05-01 01:00:00,27.3917878871368,25.0603852093449,0.0,1.76,16.9,92,100,4.4,171,18.6,19.1,17.9,0.1,0.1,0.0,17.0,92.0,0.0,0.0,0.0,66.0,0.0,100250.0
2025-05-01 02:00:00,27.2652742110669,25.0520851893503,0.0,1.76,17.0,91,100,3.2,177,18.3,19.1,17.9,0.1,0.1,0.0,17.0,92.0,0.0,0.0,0.0,72.0,0.0,100230.0
2025-05-01 03:00:00,27.4058972156337,24.9064988218925,0.0,1.76,17.0,92,100,2.7,166,18.1,19.0,17.9,0.1,0.1,0.0,17.0,93.0,0.0,0.0,0.0,54.0,0.0,100200.0
2025-05-01 04:00:00,27.3952957750857,25.1105548103682,0.0,1.76,17.0,92,100,1.1,135,17.9,18.9,17.9,0.0,0.0,0.0,17.0,93.0,0.0,0.0,0.0,48.0,0.0,100160.0
2025-05-01 05:00:00,27.4814383771428,24.8528903105575,0.0,1.76,16.7,93,100,1.0,45,17.8,18.8,17.9,0.1,0.1,0.0,17.0,93.0,0.0,0.0,0.0,36.0,0.0,100160.0
2025-05-01 06:00:00,27.3368349388088,24.915962721974,0.0,1.76,16.6,93,100,2.6,72,17.7,18.8,17.9,0.1,0.1,0.02,17.0,93.0,0.0,0.0,0.0,66.0,0.0,100150.0
2025-05-01 07:00:00,27.3073109055625,24.8943990166124,0.0,1.76,16.6,94,100,3.0,51,17.8,18.7,17.9,0.0,0.0,0.04,17.0,94.0,124.0,0.0,0.0,112.0,0.0,100170.0
2025-05-01 08:00:00,27.4494098175982,24.9854335811892,0.0,1.76,17.0,91,100,4.7,22,18.3,18.6,17.9,0.0,0.0,0.1,17.0,93.0,6940.0,0.0,0.0,72.0,0.0,100210.0
2025-05-01 09:00:00,27.2876385030746,24.8736649639484,0.0,1.76,18.5,83,100,8.5,6,19.5,18.6,17.9,0.0,0.0,0.22,18.0,88.0,14104.0,1.0,0.0,117.0,0.0,100220.0
2025-05-01 10:00:00,27.071774499699,24.9729442314386,0.0,1.76,19.7,78,68,9.5,8,20.8,18.7,17.9,0.0,0.0,0.32,20.0,79.0,57752.0,3.0,2.0,30.0,0.0,100200.0
2025-05-01 11:00:00,27.1585492529186,24.907143137668,0.0,1.76,21.3,73,52,11.1,24,22.6,18.9,17.9,0.0,0.0,0.47,21.0,75.0,89091.0,6.0,2.0,10.0,0.0,100160.0
2025-05-01 12:00:00,27.1406142946391,24.7393091002559,0.0,1.76,21.8,71,21,12.5,34,24.0,19.1,17.9,0.0,0.0,0.52,22.0,72.0,97670.0,7.0,4.0,24.0,0.0,100150.0
2025-05-01 13:00:00,27.1292739085183,24.7573208501909,0.0,1.76,21.7,70,17,14.2,41,24.8,19.4,17.9,0.0,0.0,0.51,22.0,70.0,105077.0,9.0,3.0,63.0,0.0,100080.0
2025-05-01 14:00:00,26.997655344086,24.2364494835574,0.0,1.76,21.8,69,33,16.2,51,25.1,19.7,17.9,0.0,0.0,0.47,22.0,68.0,89047.0,8.0,4.0,29.0,0.0,100030.0
2025-05-01 15:00:00,26.8322288731427,24.2731349163545,0.0,1.76,21.7,70,64,13.9,54,25.1,20.0,17.9,0.0,0.0,0.4,22.0,69.0,95159.0,9.0,6.0,45.0,0.0,100020.0
2025-05-01 16:00:00,26.690204342016,24.0275034359529,0.0,1.76,20.9,73,99,14.6,46,24.5,20.2,17.9,0.0,0.0,0.27,22.0,68.0,88032.0,6.0,4.0,59.0,0.0,99990.0
2025-05-01 17:00:00,26.517662305204,23.7533633302573,0.0,1.76,20.3,76,97,14.9,38,23.6,20.4,18.0,0.0,0.0,0.16,22.0,71.0,71480.0,5.0,2.0,48.0,0.0,99920.0
2025-05-01 18:00:00,26.4807615347496,23.8706197638112,0.0,1.76,18.7,84,100,12.9,33,22.5,20.5,18.0,0.0,0.0,0.08,22.0,73.0,34756.0,1.0,4.0,60.0,0.0,99880.0
2025-05-01 19:00:00,26.4959944679579,24.0062161534367,0.0,1.76,17.2,90,100,9.9,44,21.3,20.5,18.0,0.0,0.0,0.03,20.0,74.0,5027.0,0.0,4.0,42.0,0.0,99830.0
2025-05-01 20:00:00,26.6929952790793,23.8011946184365,0.0,1.76,16.3,93,98,7.1,23,20.2,20.5,18.0,0.0,0.0,0.0,19.0,82.0,243.0,0.0,4.0,336.0,0.0,99970.0
2025-05-01 21:00:00,26.5106575854757,23.9196830660651,0.0,1.76,16.9,89,100,5.3,28,19.5,20.4,18.0,0.0,0.0,0.0,18.0,94.0,0.0,0.0,3.0,114.0,76.0,99940.0
2025-05-01 22:00:00,26.5760475748599,23.8409869477168,0.0,1.76,18.3,82,100,1.7,175,19.0,20.3,18.0,0.0,0.0,0.0,17.0,95.0,0.0,0.0,3.0,117.0,15.0,99930.0
2025-05-01 23:00:00,26.5046005868604,23.9579227680602,0.0,1.76,20.5,68,94,6.7,184,18.9,20.2,18.0,0.0,0.0,0.02,18.0,94.0,0.0,0.0,0.0,54.0,0.0,99850.0
2025-05-02 00:00:00,26.3938147397532,24.0649076657073,0.0,1.76,25.5,39,63,22.4,185,19.3,20.1,18.0,0.0,0.0,0.2,18.0,91.0,0.0,0.0,4.0,297.0,0.0,99910.0
2025-05-02 01:00:00,26.5143227269204,23.9688487206399,0.0,1.76,20.7,58,96,8.6,172,18.7,19.9,18.0,0.0,0.0,0.04,26.0,42.0,0.0,0.0,7.0,210.0,0.0,99710.0
2025-05-02 02:00:00,26.4959733262604,23.8444161403556,0.0,1.76,25.2,42,100,31.2,179,19.2,19.8,18.0,0.0,0.0,0.23,26.0,41.0,0.0,0.0,4.0,186.0,0.0,99660.0
2025-05-02 03:00:00,26.4180975815705,23.9295262273364,0.0,1.76,24.9,45,100,26.4,182,19.9,19.7,18.0,0.0,0.0,0.2,27.0,39.0,0.0,0.0,10.0,216.0,0.0,99590.0
2025-05-02 04:00:00,26.2763542529145,23.8596856498115,0.0,1.76,24.9,45,100,15.0,201,20.3,19.7,18.0,0.0,0.0,0.12,27.0,39.0,0.0,0.0,7.0,197.0,0.0,99500.0
2025-05-02 05:00:00,26.3644717312206,23.9354618531951,0.0,1.76,20.1,64,100,6.1,269,19.8,19.7,18.1,0.0,0.0,0.02,28.0,34.0,0.0,0.0,4.0,214.0,0.0,99530.0
2025-05-02 06:00:00,26.417676565693,23.8576087774715,0.0,1.76,18.7,79,100,3.6,303,19.3,19.7,18.1,0.0,0.0,0.02,27.0,39.0,0.0,0.0,4.0,188.0,0.0,99710.0
2025-05-02 07:00:00,26.4135036938026,23.8941627808946,0.0,1.76,19.7,76,100,7.9,327,19.4,19.6,18.1,0.0,0.0,0.08,19.0,79.0,304.0,0.0,4.0,157.0,0.0,99850.0
2025-05-02 08:00:00,26.4206394067592,23.9288248583562,0.0,1.76,20.7,71,100,9.4,325,20.2,19.6,18.1,0.0,0.0,0.17,18.0,90.0,6417.0,0.0,4.0,120.0,0.0,100010.0
2025-05-02 09:00:00,26.1929413325815,23.6875930830727,0.0,1.76,22.5,64,100,11.8,330,21.3,19.6,18.1,0.0,0.0,0.29,19.0,86.0,18179.0,1.0,2.0,95.0,0.0,100040.0
2025-05-02 10:00:00,26.3177346515407,23.7466679417401,0.0,1.76,23.7,59,100,14.0,337,22.6,19.8,18.1,0.0,0.0,0.41,20.0,78.0,36444.0,2.0,2.0,99.0,0.0,100100.0
2025-05-02 11:00:00,26.2443726736244,23.8901392748652,0.0,1.76,23.9,59,92,15.9,355,23.8,19.9,18.1,0.0,0.0,0.48,22.0,69.0,67779.0,5.0,1.0,54.0,0.0,100130.0
2025-05-02 12:00:00,26.1467316314409,23.8129686832973,0.0,1.76,23.9,57,100,12.5,9,24.7,20.1,18.1,0.0,0.0,0.5,23.0,62.0,61372.0,5.0,3.0,330.0,0.0,100130.0
2025-05-02 13:00:00,26.1887491741097,23.6644739451192,0.0,1.76,24.6,53,14,13.7,355,26.0,20.4,18.1,0.0,0.0,0.57,23.0,62.0,97288.0,8.0,3.0,32.0,0.0,100110.0
2025-05-02 14:00:00,25.9015279109308,23.358587691007,0.0,1.76,24.1,55,6,15.3,359,26.3,20.7,18.1,0.0,0.0,0.53,25.0,53.0,108336.0,9.0,3.0,6.0,0.0,100060.0
2025-05-02 15:00:00,26.0263738789656,23.3906873221875,0.0,1.76,23.4,57,22,13.6,4,26.3,20.9,18.1,0.0,0.0,0.45,23.0,60.0,99154.0,7.0,7.0,17.0,0.0,100080.0
2025-05-02 16:00:00,25.8911005213131,23.3123078432364,0.0,1.76,22.4,61,26,12.0,19,25.8,21.2,18.1,0.0,0.0,0.34,23.0,62.0,84892.0,6.0,4.0,48.0,0.0,100070.0
2025-05-02 17:00:00,25.6894826398379,23.3622662127324,0.0,1.76,22.1,65,10,9.2,12,25.1,21.4,18.1,0.0,0.0,0.24,22.0,68.0,62990.0,4.0,5.0,5.0,0.0,100090.0
2025-05-02 18:00:00,25.7041146218111,23.1616598794562,0.0,1.76,20.5,71,10,9.4,3,24.0,21.5,18.2,0.0,0.0,0.12,21.0,74.0,22725.0,1.0,3.0,59.0,0.0,100150.0
2025-05-02 19:00:00,25.7525543554072,22.9638865976497,0.0,1.76,18.4,82,18,3.6,21,22.6,21.5,18.2,0.0,0.0,0.02,21.0,68.0,11385.0,1.0,3.0,6.0,0.0,100200.0
2025-05-02 20:00:00,25.6892021459803,23.2967769316459,0.0,1.76,17.4,88,24,3.0,74,21.2,21.5,18.2,0.0,0.0,0.0,20.0,67.0,2637.0,0.0,3.0,48.0,0.0,100260.0
2025-05-02 21:00:00,25.7801358261495,23.364549747219,0.0,1.76,16.9,91,5,3.3,115,20.2,21.4,18.2,0.0,0.0,0.0,18.0,73.0,0.0,0.0,0.0,91.0,0.0,100320.0
2025-05-02 22:00:00,25.5619348460238,23.2678335845698,0.0,1.76,16.7,90,0,2.2,100,19.4,21.2,18.2,0.0,0.0,0.0,17.5,75.5,0.0,0.0,0.0,86.5,0.0,100365.0
2025-05-02 23:00:00,25.5757902713885,23.3630983551586,0.0,1.76,16.5,87,0,2.2,99,18.7,21.0,18.2,0.0,0.0,0.0,17.0,78.0,0.0,0.0,0.0,82.0,0.0,100410.0
2025-05-03 00:00:00,25.6699077234152,23.1595085574801,0.0,1.76,16.3,85,0,1.7,70,18.1,20.8,18.2,0.0,0.0,0.0,17.0,75.0,0.0,0.0,0.0,152.0,0.0,100460.0
2025-05-03 01:00:00,25.5934435417033,23.3103862245391,0.0,1.76,16.5,76,1,1.5,72,17.9,20.6,18.2,0.0,0.0,0.0,17.0,79.0,0.0,0.0,2.0,114.0,0.0,100490.0
2025-05-03 02:00:00,25.5809930933429,23.3277825515198,0.0,1.76,16.3,75,0,2.7,67,17.5,20.4,18.3,0.0,0.0,0.0,16.0,82.0,0.0,0.0,0.0,119.0,0.0,100490.0
2025-05-03 03:00:00,25.5430257196344,23.2509632177687,0.0,1.76,15.8,76,1,2.9,68,17.1,20.2,18.3,0.0,0.0,0.0,17.0,76.0,0.0,0.0,1.0,150.0,0.0,100500.0
2025-05-03 04:00:00,25.6632031107411,23.1457831347984,0.0,1.76,15.7,77,0,1.2,45,16.6,19.9,18.3,0.0,0.0,0.0,16.0,78.0,0.0,0.0,1.0,120.0,0.0,100440.0
2025-05-03 05:00:00,25.6191717740204,23.2419374776015,0.0,1.76,15.4,78,0,0.7,43,16.2,19.7,18.3,0.0,0.0,0.0,15.0,82.0,0.0,0.0,1.0,119.0,0.0,100420.0
2025-05-03 06:00:00,25.4823023776452,23.3144717341431,0.0,1.76,15.8,80,0,1.3,69,16.1,19.5,18.3,0.0,0.0,0.01,15.0,85.0,0.0,0.0,2.0,144.0,0.0,100400.0
2025-05-03 07:00:00,25.4595140343643,23.1270640705005,0.0,1.76,18.4,70,0,1.1,22,17.1,19.3,18.3,0.0,0.0,0.07,15.0,85.0,0.0,0.0,1.0,119.0,0.0,100390.0
2025-05-03 08:00:00,25.6346389151174,23.2048988879233,0.0,1.76,19.8,67,0,5.2,5,18.6,19.2,18.3,0.0,0.0,0.2,14.0,86.0,1778.0,0.0,1.0,98.0,0.0,100410.0
2025-05-03 09:00:00,25.3511607374684,23.4219118730575,0.0,1.76,21.1,62,0,7.3,16,20.4,19.2,18.3,0.0,0.0,0.33,16.0,84.0,11879.0,1.0,0.0,312.0,0.0,100470.0
2025-05-03 10:00:00,25.4688637385514,23.1812588156273,0.0,1.76,22.6,56,61,8.6,26,22.1,19.3,18.3,0.0,0.0,0.44,19.0,71.0,35404.0,2.0,0.0,342.0,0.0,100490.0
2025-05-03 11:00:00,25.4257176148464,22.9648973966223,0.0,1.76,22.6,58,100,10.6,22,23.1,19.5,18.3,0.0,0.0,0.41,20.0,68.0,66120.0,4.0,4.0,6.0,0.0,100510.0
2025-05-03 12:00:00,25.2523221102314,23.0973088249003,0.0,1.76,21.7,62,100,15.1,15,23.4,19.7,18.3,0.0,0.0,0.34,21.0,68.0,24105.0,3.0,1.0,17.0,0.0,100490.0
2025-05-03 13:00:00,25.2755284703441,22.8564683798923,0.0,1.76,22.5,58,100,14.2,12,23.9,19.9,18.3,0.0,0.0,0.38,22.0,59.0,99548.0,9.0,2.0,341.0,0.0,100470.0
2025-05-03 14:00:00,25.1784825008168,22.8808504822139,0.0,1.76,21.2,62,100,13.2,12,23.9,20.1,18.3,0.0,0.0,0.32,23.0,63.0,102124.0,8.0,3.0,28.0,0.0,100410.0
2025-05-03 15:00:00,25.2804436927383,22.7744635983383,0.0,1.76,21.6,61,100,10.3,3,24.1,20.3,18.3,0.0,0.0,0.36,22.0,63.0,73998.0,6.0,3.0,54.0,0.0,100400.0
2025-05-03 16:00:00,24.9884258896049,22.7818788003714,0.0,1.76,20.9,61,100,7.9,3,23.8,20.4,18.3,0.0,0.0,0.26,22.0,62.0,49536.0,4.0,3.0,24.0,0.0,100400.0
2025-05-03 17:00:00,25.0913526320425,22.6738268767364,0.0,1.76,20.6,61,100,7.9,14,23.2,20.6,18.3,0.0,0.0,0.18,21.0,59.0,41309.0,3.0,5.0,18.0,0.0,100390.0
2025-05-03 18:00:00,25.0782218995704,22.7924624113963,0.0,1.76,19.9,63,12,6.7,71,22.4,20.6,18.3,0.0,0.0,0.11,20.0,63.0,31735.0,3.0,3.0,355.0,0.0,100390.0
2025-05-03 19:00:00,25.1087752066838,22.6420521367637,0.0,1.76,18.0,71,8,5.2,73,21.2,20.7,18.3,0.0,0.0,0.03,20.0,63.0,37476.0,2.0,3.0,7.0,0.0,100430.0
2025-05-03 20:00:00,25.0859417673565,22.6820613357653,0.0,1.76,16.8,77,10,4.7,101,20.0,20.6,18.4,0.0,0.0,0.0,20.0,63.0,7075.0,0.0,2.0,43.0,0.0,100430.0
2025-05-03 21:00:00,25.0299748832666,22.6504073083304,0.0,1.76,16.1,81,7,4.5,98,19.2,20.5,18.4,0.0,0.0,0.0,20.0,59.0,1768.0,0.0,1.0,138.0,0.0,100440.0
2025-05-03 22:00:00,25.0123935515498,22.7378958348794,0.0,1.76,15.7,80,10,3.6,97,18.4,20.4,18.4,0.0,0.0,0.0,19.0,61.0,0.0,0.0,2.0,126.0,0.0,100470.0
2025-05-03 23:00:00,24.9365814417393,22.702989855343,0.0,1.76,15.3,79,5,4.1,96,17.7,20.2,18.4,0.0,0.0,0.0,16.0,72.0,0.0,0.0,0.0,112.0,0.0,100540.0
2025-05-04 00:00:00,25.0009584983334,22.5121877299534,0.0,1.76,15.3,76,14,2.7,114,17.2,20.0,18.4,0.0,0.0,0.0,16.0,70.0,0.0,0.0,1.0,124.0,0.0,100570.0
2025-05-04 01:00:00,24.8020105681113,22.5909109131147,0.0,1.76,15.4,74,9,1.6,94,16.9,19.9,18.4,0.0,0.0,0.0,16.0,71.0,0.0,0.0,1.0,112.0,0.0,100560.0
2025-05-04 02:00:00,24.9458170115143,22.7039076951078,0.0,1.76,15.3,74,9,1.2,74,16.5,19.7,18.4,0.0,0.0,0.0,15.0,77.0,0.0,0.0,1.0,113.0,0.0,100560.0
2025-05-04 03:00:00,24.9796949177029,22.6310962540275,0.0,1.76,14.8,76,12,0.9,83,16.1,19.4,18.4,0.0,0.0,0.0,15.0,80.0,0.0,0.0,1.0,120.0,0.0,100510.0
2025-05-04 04:00:00,24.9357474385188,22.7966435351387,0.0,1.76,14.2,80,3,2.1,142,15.7,19.2,18.4,0.0,0.0,0.0,14.0,83.0,0.0,0.0,1.0,120.0,0.0,100470.0
2025-05-04 05:00:00,24.9354274449015,22.8489212104055,0.0,1.76,13.6,83,2,3.4,231,15.3,19.0,18.4,0.0,0.0,0.0,14.0,85.0,0.0,0.0,1.0,131.0,0.0,100450.0
2025-05-04 06:00:00,24.8446184458115,22.7007300803717,0.0,1.76,14.4,81,1,4.6,218,15.3,18.8,18.4,0.0,0.0,0.02,14.0,84.0,0.0,0.0,1.0,144.0,0.0,100450.0
2025-05-04 07:00:00,24.8314581220038,22.5311391104862,0.0,1.76,17.2,73,1,3.6,235,16.2,18.6,18.4,0.0,0.0,0.08,12.0,89.0,0.0,0.0,0.0,282.0,0.0,100450.0
2025-05-04 08:00:00,24.9323714950957,22.8267626262275,0.0,1.76,19.4,64,1,3.5,294,17.8,18.5,18.4,0.0,0.0,0.2,13.0,87.0,3126.0,0.0,1.0,233.0,0.0,100470.0
2025-05-04 09:00:00,24.8517021787624,22.4383298431795,0.0,1.76,21.1,59,1,5.0,264,19.8,18.5,18.4,0.0,0.0,0.33,15.0,84.0,15813.0,1.0,0.0,165.0,0.0,100460.0
2025-05-04 10:00:00,24.8194370662055,22.6667872252009,0.0,1.76,23.3,49,1,6.3,271,21.8,18.7,18.4,0.0,0.0,0.47,18.0,71.0,41084.0,2.0,1.0,278.0,0.0,100460.0
2025-05-04 11:00:00,24.7860732214214,22.4543488347951,0.0,1.76,24.6,44,38,8.4,309,23.7,18.9,18.4,0.0,0.0,0.57,20.0,63.0,69898.0,4.0,1.0,224.0,0.0,100440.0
2025-05-04 12:00:00,24.6777275433488,22.4421075349538,0.0,1.76,22.9,60,41,16.6,357,24.6,19.2,18.4,0.1,0.1,0.5,22.0,56.0,91043.0,8.0,0.0,340.0,0.0,100400.0
2025-05-04 13:00:00,24.548625897002,22.3655894346418,0.0,1.76,21.0,66,24,16.9,13,24.6,19.5,18.4,0.0,0.0,0.37,24.0,45.0,27108.0,3.0,1.0,336.0,0.0,100350.0
2025-05-04 14:00:00,24.4553671034654,22.5802621593478,0.0,1.76,22.0,61,17,11.6,15,25.1,19.8,18.4,0.0,0.0,0.46,23.0,60.0,114450.0,8.0,3.0,18.0,0.0,100310.0
2025-05-04 15:00:00,24.3987975704716,22.2023179003156,0.0,1.76,22.0,54,22,12.8,356,25.3,20.1,18.4,0.0,0.0,0.43,22.0,59.0,109377.0,9.0,5.0,359.0,0.0,100310.0
2025-05-04 16:00:00,24.2823498734349,22.0170699651522,0.0,1.76,20.8,59,7,11.9,2,24.8,20.3,18.4,0.0,0.0,0.31,22.0,64.0,96314.0,7.0,4.0,31.0,0.0,100320.0
2025-05-04 17:00:00,24.2870547675392,22.3789190650966,0.0,1.76,20.4,59,33,7.2,8,24.2,20.5,18.4,0.0,0.0,0.23,22.0,58.0,80855.0,6.0,2.0,359.0,0.0,100280.0
2025-05-04 18:00:00,24.2385054567548,22.1191873206397,0.0,1.76,20.0,60,38,6.0,342,23.1,20.6,18.4,0.0,0.0,0.12,21.0,61.0,56271.0,4.0,4.0,42.0,0.0,100280.0
2025-05-04 19:00:00,24.2568097675778,22.2512689382423,0.0,1.76,18.0,69,39,1.9,354,21.6,20.7,18.4,0.0,0.0,0.02,20.0,63.0,9244.0,1.0,5.0,23.0,0.0,100300.0
2025-05-04 20:00:00,24.2898922088087,22.2848820987744,0.0,1.76,17.2,73,15,1.7,243,20.3,20.6,18.4,0.0,0.0,0.0,19.0,67.0,10091.0,0.0,3.0,39.0,0.0,100300.0
2025-05-04 21:00:00,24.086178536394,22.2340013528996,0.0,1.76,16.5,75,36,3.3,228,19.2,20.5,18.4,0.0,0.0,0.0,18.0,72.0,609.0,0.0,2.0,76.0,0.0,100310.0
2025-05-04 22:00:00,24.2073740967675,22.0563143276688,0.0,1.76,16.1,75,44,5.4,222,18.4,20.4,18.4,0.0,0.0,0.0,17.0,76.0,0.0,0.0,2.0,85.0,0.0,100380.0
2025-05-04 23:00:00,24.3010266622859,22.1032314994606,0.0,1.76,15.3,78,64,6.1,215,17.7,20.2,18.4,0.0,0.0,0.0,16.0,79.0,0.0,0.0,2.0,126.0,0.0,100430.0
2025-05-05 00:00:00,24.2176590562723,22.1967352113678,0.0,1.76,14.9,79,79,7.1,214,17.2,20.1,18.5,0.0,0.0,0.01,15.0,80.0,0.0,0.0,1.0,138.0,0.0,100440.0
2025-05-05 01:00:00,24.2386000645608,22.2769882972792,0.0,1.76,15.0,79,51,2.0,253,17.2,19.9,18.5,0.0,0.0,0.0,15.0,78.0,0.0,0.0,1.0,144.0,0.0,100410.0
2025-05-05 02:00:00,24.2077148195158,22.3166400183588,0.0,1.76,14.2,82,57,3.8,219,16.6,19.7,18.5,0.0,0.0,0.0,14.0,83.0,0.0,0.0,1.0,282.0,0.0,100400.0
2025-05-05 03:00:00,24.2745400359047,22.1207520213629,0.0,1.76,13.6,85,56,4.0,232,16.2,19.5,18.5,0.0,0.0,0.0,13.0,87.0,0.0,0.0,1.0,198.0,0.0,100350.0
2025-05-05 04:00:00,24.0735019430115,22.1411714599243,0.0,1.76,13.4,86,46,3.7,259,15.8,19.3,18.5,0.0,0.0,0.0,13.0,87.0,0.0,0.0,0.0,189.0,0.0,100320.0
2025-05-05 05:00:00,24.2004752005898,21.8342892303019,0.0,1.76,13.5,86,50,4.4,257,15.5,19.1,18.5,0.0,0.0,0.0,12.0,89.0,0.0,0.0,0.0,186.0,0.0,100320.0
2025-05-05 06:00:00,23.8650897550851,22.1080719598937,0.0,1.76,14.3,83,42,3.6,245,15.4,18.8,18.5,0.0,0.0,0.02,12.0,90.0,0.0,0.0,1.0,192.0,0.0,100300.0
2025-05-05 07:00:00,24.1689798700977,22.0090587630383,0.0,1.76,16.9,73,51,4.7,216,16.3,18.7,18.5,0.0,0.0,0.08,12.0,91.0,0.0,0.0,1.0,180.0,0.0,100300.0
2025-05-05 08:00:00,23.9571100822483,22.135257799072,0.0,1.76,18.7,65,96,6.5,258,17.7,18.6,18.5,0.0,0.0,0.19,12.0,91.0,4488.0,0.0,0.0,180.0,0.0,100320.0
2025-05-05 09:00:00,24.1172075530107,22.0521559702178,0.0,1.76,20.2,59,53,10.1,274,19.3,18.6,18.5,0.0,0.0,0.3,17.0,79.0,19575.0,1.0,1.0,228.0,0.0,100330.0
2025-05-05 10:00:00,24.0047699600786,22.1852028236058,0.0,1.76,21.7,53,23,10.4,271,20.9,18.7,18.5,0.0,0.0,0.4,19.0,70.0,47788.0,3.0,2.0,223.0,0.0,100350.0
2025-05-05 11:00:00,24.0347748429058,22.1216863504748,0.0,1.76,23.3,46,8,10.8,293,22.7,18.8,18.5,0.0,0.0,0.54,20.0,63.0,78935.0,5.0,2.0,271.0,0.0,100350.0
2025-05-05 12:00:00,24.0141173088081,21.9136624411155,0.0,1.76,23.3,45,33,14.7,327,24.0,19.1,18.5,0.0,0.0,0.57,21.0,54.0,38748.0,3.0,2.0,312.0,0.0,100350.0
2025-05-05 13:00:00,23.9321747862638,21.8439725959626,0.0,1.76,23.0,45,69,18.8,323,24.5,19.4,18.5,0.0,0.0,0.53,21.0,51.0,60560.0,5.0,8.0,338.0,0.0,100320.0
2025-05-05 14:00:00,23.7076323667326,21.7936131719951,0.0,1.76,22.8,46,49,18.2,327,24.7,19.7,18.5,0.0,0.0,0.48,22.0,45.0,111488.0,8.0,5.0,330.0,0.0,100270.0
2025-05-05 15:00:00,23.9433588760671,21.7028938952397,0.0,1.76,23.0,44,12,14.5,334,24.8,19.9,18.5,0.0,0.0,0.47,22.0,46.0,107861.0,9.0,9.0,338.0,0.0,100230.0
2025-05-05 16:00:00,23.7236634195907,21.8095358642956,0.0,1.76,22.0,50,1,12.4,338,24.7,20.2,18.5,0.0,0.0,0.38,23.0,46.0,94640.0,7.0,4.0,343.0,0.0,100200.0
2025-05-05 17:00:00,23.6370768966807,21.5225551734169,0.0,1.76,20.9,53,1,11.0,328,24.0,20.4,18.5,0.0,0.0,0.26,22.0,44.0,78100.0,6.0,5.0,353.0,0.0,100150.0
2025-05-05 18:00:00,23.4192136860601,21.7025782974159,0.0,1.76,20.1,55,0,5.4,304,22.9,20.5,18.5,0.0,0.0,0.13,22.0,46.0,54202.0,3.0,7.0,318.0,0.0,100140.0
2025-05-05 19:00:00,23.6047683942762,21.72154197263,0.0,1.76,18.4,59,0,1.9,254,21.4,20.6,18.5,0.0,0.0,0.02,22.0,48.0,7581.0,0.0,7.0,334.0,0.0,100160.0
2025-05-05 20:00:00,23.6273733464023,21.6098896951019,0.0,1.76,17.4,62,16,4.5,223,20.0,20.5,18.5,0.0,0.0,0.01,20.0,58.0,6586.0,0.0,5.0,330.0,0.0,100150.0
2025-05-05 21:00:00,23.6358076801121,21.6850124576489,0.0,1.76,16.8,65,24,5.1,218,19.0,20.4,18.5,0.0,0.0,0.01,18.0,62.0,260.0,0.0,1.0,346.0,0.0,100200.0
2025-05-05 22:00:00,23.5274287323368,21.5333365986202,0.0,1.76,16.6,64,23,6.0,209,18.4,20.3,18.5,0.0,0.0,0.02,17.0,69.0,0.0,0.0,1.0,198.0,0.0,100270.0
2025-05-05 23:00:00,23.4225706865485,21.8177010459487,0.0,1.76,16.1,66,25,7.1,211,17.9,20.1,18.5,0.0,0.0,0.02,15.0,78.0,0.0,0.0,0.0,178.0,0.0,100340.0
2025-05-06 00:00:00,23.4111025896029,21.7356484209879,0.0,1.76,15.8,68,24,8.8,215,17.5,20.0,18.5,0.0,0.0,0.02,15.0,76.0,0.0,0.0,0.0,178.0,0.0,100340.0
2025-05-06 01:00:00,23.6189674651599,21.8002321931848,0.0,1.76,15.0,71,10,7.4,210,17.0,19.8,18.5,0.0,0.0,0.02,16.0,67.0,0.0,0.0,1.0,204.0,0.0,100340.0
2025-05-06 02:00:00,23.5768717031894,21.4709126141442,0.0,1.76,14.5,73,2,6.8,208,16.6,19.6,18.5,0.0,0.0,0.01,16.0,66.0,0.0,0.0,0.0,245.0,0.0,100320.0
2025-05-06 03:00:00,23.4983530516488,21.8030350937804,0.0,1.76,13.7,77,0,5.2,214,16.1,19.4,18.5,0.0,0.0,0.0,13.0,77.0,0.0,0.0,0.0,185.0,0.0,100270.0
2025-05-06 04:00:00,23.4527612567688,21.5415566485771,0.0,1.76,13.6,76,0,4.2,231,15.6,19.2,18.5,0.0,0.0,0.0,14.0,73.0,0.0,0.0,1.0,204.0,0.0,100240.0
2025-05-06 05:00:00,23.4617973220235,21.6108529609982,0.0,1.76,13.4,77,0,5.0,232,15.1,19.0,18.5,0.0,0.0,0.0,13.0,79.0,0.0,0.0,1.0,198.0,0.0,100240.0
2025-05-06 06:00:00,23.1951712927787,21.707183890826,0.0,1.76,14.1,77,0,4.4,230,15.0,18.7,18.5,0.0,0.0,0.02,14.0,74.0,0.0,0.0,2.0,204.0,0.0,100240.0
2025-05-06 07:00:00,23.4203852042197,21.5588826421651,0.0,1.76,16.9,69,0,5.2,229,15.9,18.6,18.5,0.0,0.0,0.09,14.0,74.0,196.0,0.0,1.0,222.0,0.0,100240.0
2025-05-06 08:00:00,23.2918414691575,21.6896470066957,0.0,1.76,19.4,58,0,4.4,239,17.6,18.5,18.5,0.0,0.0,0.21,15.0,73.0,5959.0,0.0,2.0,198.0,0.0,100270.0
2025-05-06 09:00:00,23.3283433846693,21.7246770194095,0.0,1.76,20.9,52,0,3.3,260,19.5,18.5,18.5,0.0,0.0,0.34,19.0,59.0,25844.0,2.0,1.0,245.0,0.0,100270.0
2025-05-06 10:00:00,23.3333032219961,21.4981825967272,0.0,1.76,22.2,47,9,2.0,259,21.6,18.6,18.5,0.0,0.0,0.46,21.0,54.0,55418.0,4.0,2.0,251.0,0.0,100280.0
2025-05-06 11:00:00,23.3387101766487,21.4743119452933,0.0,1.76,23.6,43,35,2.1,298,23.5,18.8,18.5,0.0,0.0,0.56,22.0,45.0,81365.0,6.0,5.0,282.0,0.0,100270.0
2025-05-06 12:00:00,23.1670664814491,21.5471997024575,0.0,1.76,24.6,40,24,6.1,357,25.0,19.1,18.5,0.0,0.0,0.62,23.0,43.0,100009.0,9.0,3.0,264.0,0.0,100240.0
2025-05-06 13:00:00,23.1706505400326,21.3648537052177,0.0,1.76,24.7,43,65,12.8,12,26.2,19.7,18.5,0.0,0.0,0.62,24.0,40.0,111925.0,8.0,1.0,240.0,0.0,100190.0
2025-05-06 14:00:00,23.1329273156997,21.3825631982381,0.0,1.76,23.7,50,100,16.0,13,26.5,20.0,18.5,0.0,0.0,0.56,23.0,50.0,116156.0,9.0,4.0,24.0,0.0,100110.0
2025-05-06 15:00:00,23.1341562699496,21.2432411645924,0.0,1.76,22.9,52,100,14.2,11,26.3,20.4,18.5,0.0,0.0,0.46,23.0,55.0,76828.0,7.0,6.0,31.0,0.0,100090.0
2025-05-06 16:00:00,23.0214564924921,21.1138170882961,0.0,1.76,21.6,56,99,13.2,23,25.4,20.6,18.5,0.0,0.0,0.3,22.0,57.0,104157.0,9.0,4.0,30.0,0.0,100070.0
2025-05-06 17:00:00,22.9100382724746,21.2405567237563,0.0,1.76,20.7,60,40,12.5,41,24.5,20.8,18.5,0.0,0.0,0.24,22.0,57.0,58260.0,4.0,5.0,54.0,0.0,100070.0
2025-05-06 18:00:00,22.90017451220603,21.23420021961354,0.0,1.76,19.6,65,62,10.2,36,23.3,20.9,18.5,0.0,0.0,0.13,21.954545454545453,57.31818181818182,62236.22727272727,4.318181818181818,5.0,52.68181818181818,0.0,100068.63636363637
2025-05-06 19:00:00,22.89031075193746,21.227843715470783,0.0,1.76,17.5,78,98,4.4,25,21.9,21.0,18.6,0.0,0.0,0.03,21.90909090909091,57.63636363636363,66212.45454545454,4.636363636363637,5.0,51.36363636363637,0.0,100067.27272727272
2025-05-06 20:00:00,22.880446991668887,21.22148721132803,0.0,1.76,16.9,82,98,1.0,30,20.5,20.9,18.6,0.0,0.0,0.0,21.863636363636363,57.95454545454545,70188.68181818182,4.954545454545454,5.0,50.04545454545455,0.0,100065.90909090909
2025-05-06 21:00:00,22.870583231400314,21.21513070718527,0.0,1.76,15.9,85,8,1.4,65,19.3,20.8,18.6,0.0,0.0,0.0,21.818181818181817,58.27272727272727,74164.90909090909,5.2727272727272725,5.0,48.72727272727273,0.0,100064.54545454546
2025-05-06 22:00:00,22.860719471131745,21.208774203042513,0.0,1.76,15.2,86,4,2.2,156,18.4,20.7,18.6,0.0,0.0,0.0,21.772727272727273,58.59090909090909,78141.13636363637,5.590909090909091,5.0,47.40909090909091,0.0,100063.18181818182
2025-05-06 23:00:00,22.850855710863172,21.202417698899755,0.0,1.76,15.1,84,39,1.1,151,17.6,20.5,18.6,0.0,0.0,0.0,21.727272727272727,58.90909090909091,82117.36363636363,5.909090909090909,5.0,46.09090909090909,0.0,100061.81818181818
2025-05-07 00:00:00,22.8409919505946,21.196061194757,0.0,1.76,15.2,82,89,0.5,336,17.1,20.3,18.6,0.0,0.0,0.0,21.681818181818183,59.22727272727273,86093.59090909091,6.2272727272727275,5.0,44.77272727272727,0.0,100060.45454545454
2025-05-07 01:00:00,22.83112819032603,21.189704690614242,0.0,1.76,14.8,87,95,0.6,320,17.2,20.1,18.6,0.0,0.0,0.0,21.636363636363637,59.54545454545455,90069.81818181818,6.545454545454545,5.0,43.45454545454545,0.0,100059.09090909091
2025-05-07 02:00:00,22.821264430057457,21.183348186471484,0.0,1.76,14.7,84,14,0.4,27,16.8,19.9,18.6,0.0,0.0,0.0,21.59090909090909,59.86363636363637,94046.04545454546,6.863636363636363,5.0,42.13636363636364,0.0,100057.72727272728
2025-05-07 03:00:00,22.811400669788885,21.176991682328726,0.0,1.76,14.3,83,5,0.5,56,16.2,19.7,18.6,0.0,0.0,0.0,21.545454545454547,60.18181818181818,98022.27272727272,7.181818181818182,5.0,40.81818181818182,0.0,100056.36363636363
2025-05-07 04:00:00,22.801536909520316,21.17063517818597,0.0,1.76,14.0,84,58,0.6,52,15.7,19.5,18.6,0.0,0.0,0.0,21.5,60.5,101998.5,7.5,5.0,39.5,0.0,100055.0
2025-05-07 05:00:00,22.791673149251743,21.164278674043214,0.0,1.76,14.1,85,39,0.5,52,15.4,19.2,18.6,0.0,0.0,0.0,21.454545454545453,60.81818181818182,105974.72727272726,7.818181818181818,5.0,38.18181818181818,0.0,100053.63636363637
2025-05-07 06:00:00,22.78180938898317,21.157922169900456,0.0,1.76,14.6,86,72,0.9,45,15.4,19.0,18.6,0.0,0.0,0.01,21.40909090909091,61.13636363636363,109950.95454545454,8.136363636363637,5.0,36.86363636363637,0.0,100052.27272727272
2025-05-07 07:00:00,22.7719456287146,21.151565665757698,0.0,1.76,16.5,77,50,1.3,54,16.3,18.8,18.6,0.0,0.0,0.06,21.363636363636363,61.45454545454545,113927.18181818181,8.454545454545455,5.0,35.54545454545455,0.0,100050.90909090909
2025-05-07 08:00:00,22.762081868446028,21.145209161614943,0.0,1.76,18.7,67,61,2.7,354,17.9,18.7,18.6,0.0,0.0,0.18,21.318181818181817,61.77272727272727,117903.40909090909,8.772727272727273,5.0,34.22727272727273,0.0,100049.54545454546
2025-05-07 09:00:00,22.752218108177455,21.138852657472185,0.0,1.76,20.4,60,5,9.3,27,19.5,18.7,18.6,0.0,0.0,0.3,21.272727272727273,62.09090909090909,121879.63636363635,9.09090909090909,5.0,32.90909090909091,0.0,100048.18181818182
2025-05-07 10:00:00,22.742354347908886,21.132496153329427,0.0,1.76,21.8,56,33,11.2,33,21.4,18.8,18.6,0.0,0.0,0.44,21.227272727272727,62.40909090909091,125855.86363636363,9.409090909090908,5.0,31.590909090909093,0.0,100046.81818181818
2025-05-07 11:00:00,22.732490587640314,21.12613964918667,0.0,1.76,22.5,55,13,12.3,32,22.9,19.0,18.6,0.0,0.0,0.48,21.181818181818183,62.72727272727273,129832.09090909091,9.727272727272727,5.0,30.272727272727273,0.0,100045.45454545454
2025-05-07 12:00:00,22.72262682737174,21.119783145043915,0.0,1.76,22.9,54,5,14.5,31,24.4,19.3,18.6,0.0,0.0,0.57,21.136363636363637,63.04545454545455,133808.31818181818,10.045454545454545,5.0,28.954545454545457,0.0,100044.09090909091
2025-05-07 13:00:00,22.71276306710317,21.113426640901157,0.0,1.76,22.3,59,1,14.9,32,24.9,19.4,18.6,0.0,0.0,0.53,21.09090909090909,63.36363636363637,137784.54545454544,10.363636363636363,5.0,27.636363636363637,0.0,100042.72727272728
2025-05-07 14:00:00,22.7028993068346,21.1070701367584,0.0,1.76,22.2,60,0,16.0,36,25.4,19.7,18.6,0.0,0.0,0.51,21.045454545454547,63.68181818181818,141760.77272727274,10.681818181818182,5.0,26.31818181818182,0.0,100041.36363636363
2025-05-07 15:00:00,22.8426448355859,21.1717500379461,0.0,1.76,22.0,59,7,15.6,35,25.5,20.0,18.6,0.0,0.0,0.46,21.0,64.0,145737.0,11.0,5.0,25.0,0.0,100040.0
2025-05-07 16:00:00,22.4824907373572,21.2954626754342,0.0,1.76,21.0,61,4,15.4,34,25.1,20.3,18.6,0.0,0.0,0.35,22.0,60.0,103460.0,8.0,4.0,59.0,0.0,99990.0
2025-05-07 17:00:00,22.6128801614966,20.9552932377856,0.0,1.76,20.2,64,5,13.7,37,24.2,20.5,18.6,0.0,0.0,0.24,21.0,58.0,92629.0,7.0,4.0,4.0,0.0,99970.0
2025-05-07 18:00:00,22.5023049032458,20.9969645449739,0.0,1.76,19.0,69,1,9.2,27,23.0,20.6,18.6,0.0,0.0,0.12,21.0,61.0,66346.0,5.0,4.0,31.0,0.0,99980.0
2025-05-07 19:00:00,22.5644327617257,20.9937716374957,0.0,1.76,17.0,84,0,4.3,34,21.6,20.7,18.6,0.0,0.0,0.02,20.0,69.0,8412.0,1.0,2.0,86.0,0.0,99980.0
2025-05-07 20:00:00,22.5531194320559,20.9576232059672,0.0,1.76,16.1,91,2,1.5,25,20.1,20.6,18.6,0.0,0.0,0.0,20.0,69.0,9196.0,1.0,3.0,33.0,0.0,100000.0
2025-05-07 21:00:00,22.6519014246644,21.048216846545,0.0,1.76,15.6,93,0,0.6,360,19.0,20.5,18.6,0.0,0.0,0.0,18.0,79.0,2514.0,0.0,2.0,42.0,0.0,100050.0
2025-05-07 22:00:00,22.509359379407,21.2255510769957,0.0,1.76,15.0,96,1,0.4,360,18.0,20.4,18.6,0.0,0.0,0.0,16.0,87.0,0.0,0.0,0.0,37.0,0.0,100060.0
2025-05-07 23:00:00,22.4645198019076,21.0533103903027,0.0,1.76,14.5,96,2,0.4,15,17.3,20.2,18.6,0.0,0.0,0.0,16.0,90.0,0.0,0.0,0.0,48.0,0.0,100110.0
2025-05-08 00:00:00,22.4531782126158,21.1657028799301,0.0,1.76,14.2,94,57,0.6,23,16.6,20.0,18.6,0.0,0.0,0.0,14.0,91.0,0.0,0.0,0.0,42.0,0.0,100130.0
2025-05-08 01:00:00,22.4320298505507,21.0111130071685,0.0,1.76,15.1,96,100,0.6,32,17.1,19.9,18.6,0.5,0.5,0.0,15.0,91.0,0.0,0.0,0.0,120.0,0.0,100090.0
2025-05-08 02:00:00,22.3232408046825,20.9795619388735,0.0,1.76,15.2,98,100,2.3,82,16.9,19.7,18.6,0.9,0.9,0.0,14.0,92.0,0.0,0.0,1.0,159.0,0.0,100080.0
2025-05-08 03:00:00,22.4763296755451,20.9618977524867,0.0,1.76,15.5,99,100,2.0,23,16.9,19.5,18.6,1.0,1.0,0.0,15.0,92.0,0.0,0.0,0.0,94.0,0.0,100050.0
2025-05-08 04:00:00,22.5397592930189,21.2639502313046,0.0,1.76,15.4,99,100,3.1,39,16.8,19.3,18.6,1.3,1.3,0.0,15.0,92.0,0.0,0.0,0.0,137.0,0.0,100020.0
2025-05-08 05:00:00,22.4628476221669,21.1648618701248,0.0,1.76,14.9,100,100,1.5,321,16.6,19.2,18.6,0.1,0.1,0.0,15.0,92.0,0.0,0.0,1.0,54.0,0.0,99950.0
2025-05-08 06:00:00,22.5978268908303,20.8929421858677,0.0,1.76,15.1,99,100,1.7,205,16.5,19.0,18.6,0.3,0.3,0.01,15.0,93.0,0.0,0.0,1.0,54.0,0.0,99910.0
2025-05-08 07:00:00,22.4227983266335,21.2414459735399,0.0,1.76,15.7,98,98,4.2,288,16.8,18.9,18.6,1.6,1.6,0.05,15.0,94.0,0.0,0.0,0.0,6.0,0.0,99910.0
2025-05-08 08:00:00,22.5045069311242,21.0702989499869,0.0,1.76,17.1,86,73,4.6,304,17.6,18.8,18.6,0.0,0.0,0.14,15.0,94.0,712.0,0.0,0.0,188.0,0.0,99940.0
2025-05-08 09:00:00,22.4306613121453,20.9947088507875,0.0,1.76,18.8,75,43,3.9,301,18.9,18.7,18.6,0.0,0.0,0.25,15.0,94.0,815.0,0.0,1.0,250.0,0.0,100070.0
2025-05-08 10:00:00,22.4459886978449,21.2056609490526,0.0,1.76,20.9,64,29,8.4,283,20.6,18.8,18.6,0.0,0.0,0.39,15.0,95.0,7807.0,0.0,3.0,308.0,1.0,100090.0
2025-05-08 11:00:00,22.3801579262276,21.2500721234719,0.0,1.76,22.5,58,44,9.6,299,22.2,19.0,18.6,0.0,0.0,0.47,17.0,90.0,49132.0,2.0,2.0,262.0,0.0,100150.0
2025-05-08 12:00:00,22.3588209620547,20.9773315977005,0.0,1.76,21.0,65,30,13.0,352,22.9,19.2,18.6,0.1,0.1,0.41,18.0,88.0,4372.0,0.0,1.0,212.0,0.0,100180.0
2025-05-08 13:00:00,22.4793032593215,21.1273174911705,0.0,1.76,21.1,66,52,10.8,358,23.8,19.4,18.6,0.9,0.9,0.49,17.0,88.0,43900.0,4.0,2.0,314.0,3.0,100210.0
2025-05-08 14:00:00,22.4179053506736,21.0683911026953,0.0,1.76,21.7,64,80,8.8,1,24.0,19.6,18.6,0.1,0.1,0.4,19.0,74.0,41825.0,4.0,2.0,349.0,0.0,100180.0
2025-05-08 15:00:00,22.1570568797331,21.1385831369977,0.0,1.76,20.2,68,78,10.9,343,23.6,19.9,18.6,0.4,0.4,0.32,21.0,67.0,41412.0,4.0,3.0,27.0,0.0,100110.0
2025-05-08 16:00:00,22.4412581630754,21.1789251061927,0.0,1.76,20.3,67,69,8.7,12,23.3,20.0,18.6,0.1,0.1,0.27,22.0,66.0,79946.0,7.0,3.0,48.0,0.0,100060.0
2025-05-08 17:00:00,22.3339401393768,20.9328765716854,0.0,1.76,20.2,66,63,9.8,10,22.9,20.2,18.6,0.0,0.0,0.2,21.0,62.0,87860.0,6.0,4.0,13.0,0.0,100060.0
2025-05-08 18:00:00,22.2996521667518,20.9069632360986,0.0,1.76,19.2,65,62,7.8,28,22.1,20.3,18.6,0.0,0.0,0.11,20.0,73.0,68863.0,4.0,4.0,26.0,0.0,100070.0
2025-05-08 19:00:00,22.1927812121809,21.0906905598661,0.0,1.76,17.8,73,16,4.0,82,21.0,20.3,18.6,0.0,0.0,0.03,20.0,70.0,24592.0,2.0,5.0,6.0,0.0,100100.0
2025-05-08 20:00:00,22.3169575905697,20.9887381932942,0.0,1.76,16.5,80,20,3.5,80,19.7,20.3,18.7,0.0,0.0,0.0,20.0,62.0,12306.0,1.0,3.0,24.0,0.0,100110.0
2025-05-08 21:00:00,22.3471039017571,20.9221302351496,0.0,1.76,15.8,83,11,3.6,113,18.8,20.2,18.7,0.0,0.0,0.0,18.0,67.0,1534.0,0.0,1.0,48.0,0.0,100140.0
2025-05-08 22:00:00,22.3589480977871,20.9776064102766,0.0,1.76,15.2,84,7,2.0,127,17.9,20.0,18.7,0.0,0.0,0.0,17.0,74.0,0.0,0.0,1.0,108.0,0.0,100170.0
2025-05-08 23:00:00,22.2077784299178,21.1203257061633,0.0,1.76,15.0,84,1,1.1,130,17.2,19.9,18.7,0.0,0.0,0.0,16.0,77.0,0.0,0.0,1.0,139.0,0.0,100220.0
2025-05-09 00:00:00,22.165463050954,21.0613387061991,0.0,1.76,14.7,83,1,1.0,139,16.6,19.7,18.7,0.0,0.0,0.0,15.0,82.0,0.0,0.0,1.0,96.0,0.0,100260.0
2025-05-09 01:00:00,22.292314011928,21.0179022426765,0.0,1.76,15.0,71,3,2.2,126,16.7,19.5,18.7,0.0,0.0,0.0,14.0,85.0,0.0,0.0,0.0,125.0,0.0,100240.0
2025-05-09 02:00:00,22.247255944049,21.0294930866435,0.0,1.76,13.8,78,2,2.9,154,16.2,19.3,18.7,0.0,0.0,0.0,13.0,86.0,0.0,0.0,0.0,156.0,0.0,100190.0
2025-05-09 03:00:00,22.2528545846654,21.1150076378422,0.0,1.76,12.9,87,7,4.1,192,15.7,19.1,18.7,0.0,0.0,0.0,13.0,82.0,0.0,0.0,0.0,174.0,0.0,100140.0
2025-05-09 04:00:00,22.1963403058343,20.9526380024225,0.0,1.76,12.4,93,7,3.5,180,15.4,18.9,18.7,0.0,0.0,0.0,12.0,88.0,0.0,0.0,0.0,138.0,0.0,100080.0
2025-05-09 05:00:00,22.2656591176617,20.9500263089428,0.0,1.76,12.2,94,7,3.9,196,15.1,18.7,18.7,0.0,0.0,0.0,13.0,87.0,0.0,0.0,0.0,204.0,0.0,100060.0
2025-05-09 06:00:00,22.2170066376612,21.0313054811403,0.0,1.76,13.5,88,0,6.2,224,15.1,18.5,18.7,0.0,0.0,0.02,12.0,91.0,0.0,0.0,0.0,172.0,0.0,100030.0
2025-05-09 07:00:00,22.1862088610969,21.0869847547638,0.0,1.76,17.2,75,2,5.2,229,16.0,18.3,18.7,0.0,0.0,0.09,12.0,90.0,0.0,0.0,1.0,186.0,0.0,100020.0
2025-05-09 08:00:00,22.1478624181353,21.0303488923728,0.0,1.76,20.3,60,7,3.0,279,17.8,18.3,18.6,0.0,0.0,0.21,13.0,88.0,3856.0,0.0,1.0,95.0,0.0,100050.0
2025-05-09 09:00:00,22.2125958167089,20.8382008444604,0.0,1.76,22.2,54,0,4.5,320,19.8,18.3,18.6,0.0,0.0,0.35,16.0,79.0,18364.0,1.0,2.0,252.0,0.0,100090.0
2025-05-09 10:00:00,22.1044862635097,20.942202658947,0.0,1.76,23.6,52,0,5.2,330,21.8,18.5,18.6,0.0,0.0,0.47,19.0,67.0,45858.0,3.0,2.0,288.0,0.0,100100.0
2025-05-09 11:00:00,22.1379505596603,20.8397029543919,0.0,1.76,24.6,49,0,7.6,4,23.6,18.7,18.6,0.0,0.0,0.57,21.0,60.0,73931.0,6.0,1.0,66.0,0.0,100090.0
2025-05-09 12:00:00,22.1662422425493,20.8374929411613,0.0,1.76,24.4,51,16,14.7,21,24.9,19.0,18.6,0.0,0.0,0.59,23.0,53.0,94192.0,8.0,3.0,343.0,0.0,100070.0
2025-05-09 13:00:00,21.9377771146182,20.9150433647725,0.0,1.76,23.4,54,14,20.9,32,25.2,19.3,18.6,0.0,0.0,0.54,25.0,48.0,108178.0,9.0,2.0,144.0,0.0,100030.0
2025-05-09 14:00:00,22.0801996702878,20.709013373242,0.0,1.76,23.4,53,2,17.8,45,25.6,19.6,18.6,0.0,0.0,0.54,24.0,51.0,107246.0,9.0,6.0,42.0,0.0,99970.0
2025-05-09 15:00:00,22.0281903882773,20.9100975723375,0.0,1.76,22.9,53,57,18.0,43,25.6,19.9,18.6,0.0,0.0,0.48,24.0,53.0,107936.0,9.0,4.0,23.0,0.0,99920.0
2025-05-09 16:00:00,21.936477758253,20.8629049123846,0.0,1.76,22.7,54,88,15.4,43,25.3,20.2,18.6,0.0,0.0,0.39,23.0,57.0,92564.0,8.0,8.0,32.0,0.0,99890.0
2025-05-09 17:00:00,22.1757588094665,20.8112755182195,0.0,1.76,21.3,61,85,18.1,41,24.5,20.4,18.6,0.0,0.0,0.26,22.0,59.0,77306.0,6.0,6.0,31.0,0.0,99860.0
2025-05-09 18:00:00,22.031869763281,20.6531114622915,0.0,1.76,19.4,69,77,11.7,37,23.2,20.6,18.6,0.0,0.0,0.13,21.0,66.0,50826.0,3.0,3.0,36.0,0.0,99870.0
2025-05-09 19:00:00,22.0193095594241,20.8146997003911,0.0,1.76,18.1,78,95,6.0,37,21.8,20.6,18.7,0.0,0.0,0.03,21.0,67.0,11366.0,1.0,3.0,31.0,0.0,99890.0
2025-05-09 20:00:00,21.9265629565469,20.7028058723152,0.0,1.76,17.2,85,99,0.6,49,20.6,20.6,18.7,0.0,0.0,0.0,20.0,68.0,11879.0,1.0,4.0,48.0,0.0,99880.0
2025-05-09 21:00:00,22.2058427964991,20.7604521802794,0.0,1.76,17.0,85,100,5.7,68,19.8,20.6,18.7,0.0,0.0,0.0,19.0,76.0,1171.0,0.0,2.0,37.0,0.0,99960.0
2025-05-09 22:00:00,22.0995192879903,20.7972258371161,0.0,1.76,16.6,87,100,1.3,49,19.1,20.5,18.7,0.0,0.0,0.0,18.0,80.0,0.0,0.0,0.0,48.0,0.0,100070.0
2025-05-09 23:00:00,21.872230906885,20.881368133288,0.0,1.76,15.5,92,59,3.5,360,18.3,20.3,18.7,0.0,0.0,0.0,17.0,83.0,0.0,0.0,1.0,94.0,0.0,100050.0
2025-05-10 00:00:00,21.9071487037907,20.6329049358124,0.0,1.76,14.9,92,100,3.2,289,17.6,20.2,18.7,0.0,0.0,0.0,17.0,84.0,0.0,0.0,0.0,120.0,0.0,100030.0
2025-05-10 01:00:00,21.8848962053737,20.6974056833521,0.0,1.76,16.3,89,99,3.2,140,17.7,19.9,18.7,0.1,0.1,0.0,15.0,87.0,0.0,0.0,0.0,181.0,0.0,99940.0
2025-05-10 02:00:00,21.8478311076477,20.5227137466744,0.0,1.76,15.8,93,100,3.6,248,17.3,19.8,18.7,0.4,0.4,0.0,15.0,89.0,0.0,0.0,1.0,258.0,0.0,99970.0
2025-05-10 03:00:00,22.0325908999477,20.8493232507622,0.0,1.76,15.9,91,84,0.6,333,17.0,19.6,18.7,0.0,0.0,0.0,15.0,90.0,0.0,0.0,2.0,270.0,0.0,100020.0
2025-05-10 04:00:00,21.7914622193255,20.8816509469667,0.0,1.76,15.4,92,100,0.4,356,16.6,19.4,18.7,0.0,0.0,0.0,16.0,85.0,0.0,0.0,2.0,112.0,0.0,99810.0
2025-05-10 05:00:00,22.2040661605576,20.7783782107197,0.0,1.76,14.7,93,100,2.8,230,16.1,19.2,18.7,0.0,0.0,0.0,16.0,86.0,0.0,0.0,1.0,42.0,0.0,99950.0
2025-05-10 06:00:00,21.8044860830084,20.8219881210905,0.0,1.76,15.6,90,99,0.5,68,16.1,19.0,18.7,0.0,0.0,0.01,16.0,82.0,0.0,0.0,0.0,144.0,0.0,99880.0
2025-05-10 07:00:00,22.0873035729828,20.836626507341,0.0,1.76,17.2,87,100,1.9,325,16.8,18.9,18.7,0.0,0.0,0.07,14.0,91.0,76.0,0.0,2.0,186.0,0.0,99930.0
2025-05-10 08:00:00,21.9509543898227,20.731189635076,0.0,1.76,18.6,81,100,1.8,5,18.0,18.8,18.7,0.0,0.0,0.16,14.0,91.0,5720.0,0.0,0.0,234.0,0.0,99990.0
2025-05-10 09:00:00,21.9961116976003,20.7472625461005,0.0,1.76,19.9,75,99,4.1,326,19.3,18.8,18.7,0.0,0.0,0.24,16.0,84.0,13472.0,1.0,2.0,204.0,0.0,100030.0
2025-05-10 10:00:00,21.8887214990494,20.8258615536974,0.0,1.76,21.7,64,100,3.8,320,21.1,18.9,18.7,0.0,0.0,0.36,19.0,76.0,23618.0,2.0,0.0,201.0,0.0,100020.0
2025-05-10 11:00:00,21.8482163529247,20.6418060901686,0.0,1.76,22.8,60,98,6.1,344,22.6,19.1,18.7,0.0,0.0,0.43,21.0,68.0,32204.0,3.0,1.0,33.0,0.0,100020.0
2025-05-10 12:00:00,21.6854270463647,20.7397064873977,0.0,1.76,23.6,60,95,8.0,7,24.1,19.3,18.7,0.0,0.0,0.51,22.0,62.0,101198.0,8.0,1.0,18.0,0.0,100010.0
2025-05-10 13:00:00,21.9868571863448,20.5945447558214,0.0,1.76,23.8,54,58,16.0,23,25.6,19.8,18.7,0.0,0.0,0.56,23.0,54.0,69428.0,5.0,4.0,0.0,0.0,99970.0
2025-05-10 14:00:00,21.9215424115523,20.8489061712676,0.0,1.76,23.3,53,31,15.0,22,25.9,20.1,18.7,0.0,0.0,0.51,23.0,57.0,84188.0,6.0,4.0,34.0,0.0,99980.0
2025-05-10 15:00:00,21.8195606266166,20.5791491618629,0.0,1.76,22.6,55,48,12.6,24,25.6,20.4,18.7,0.0,0.0,0.41,24.0,54.0,106416.0,8.0,5.0,18.0,0.0,99960.0
2025-05-10 16:00:00,21.7879324972753,20.5276571202059,0.0,1.76,21.6,57,25,12.0,25,25.1,20.6,18.7,0.0,0.0,0.31,23.0,56.0,91639.0,6.0,6.0,13.0,0.0,99950.0
2025-05-10 17:00:00,21.7465287391405,20.4941817901183,0.0,1.76,21.2,58,4,9.8,36,24.4,20.8,18.7,0.0,0.0,0.24,23.0,57.0,74988.0,4.0,5.0,42.0,0.0,99960.0
2025-05-10 18:00:00,21.8349831115017,20.5639801198916,0.0,1.76,19.9,64,1,10.6,29,23.3,20.9,18.7,0.0,0.0,0.14,22.0,63.0,49300.0,3.0,4.0,54.0,0.0,99970.0
2025-05-10 19:00:00,21.8305932020302,20.7578943039758,0.0,1.76,18.0,75,5,5.9,51,22.0,21.0,18.7,0.0,0.0,0.04,21.0,65.0,8854.0,1.0,3.0,15.0,0.0,100010.0
2025-05-10 20:00:00,21.7735655190068,20.711830255622,0.0,1.76,16.8,84,2,1.6,48,20.6,20.9,18.7,0.0,0.0,0.0,20.0,71.0,6658.0,0.0,3.0,36.0,0.0,100050.0
2025-05-10 21:00:00,21.8022200967939,20.683472149797,0.0,1.76,16.0,87,1,2.4,113,19.5,20.8,18.7,0.0,0.0,0.0,18.0,80.0,267.0,0.0,1.0,60.0,0.0,100120.0
2025-05-10 22:00:00,21.7198968290638,20.7568194497138,0.0,1.76,15.4,88,0,3.5,135,18.6,20.7,18.7,0.0,0.0,0.0,17.0,82.0,0.0,0.0,1.0,99.0,0.0,100180.0
2025-05-10 23:00:00,21.8497455742729,20.4044751337257,0.0,1.76,15.3,85,0,2.2,158,17.9,20.5,18.7,0.0,0.0,0.0,17.0,79.0,0.0,0.0,0.0,346.0,0.0,100250.0
2025-05-11 00:00:00,21.6855540397149,20.5333099136031,0.0,1.76,15.1,83,0,1.5,203,17.3,20.3,18.7,0.0,0.0,0.0,15.0,85.0,0.0,0.0,0.0,139.0,0.0,100310.0
2025-05-11 01:00:00,21.6210507091688,20.5715069417487,0.0,1.76,15.5,77,9,1.8,171,17.1,20.1,18.8,0.0,0.0,0.0,16.0,82.0,0.0,0.0,2.0,43.0,0.0,100300.0
2025-05-11 02:00:00,21.7125283877011,20.6905655282815,0.0,1.76,15.1,77,0,0.7,338,16.6,19.9,18.8,0.0,0.0,0.0,15.0,84.0,0.0,0.0,2.0,132.0,0.0,100280.0
2025-05-11 03:00:00,21.7879685557248,20.6943433187565,0.0,1.76,14.7,76,0,1.7,90,16.2,19.7,18.8,0.0,0.0,0.0,16.0,76.0,0.0,0.0,2.0,107.0,0.0,100210.0
2025-05-11 04:00:00,21.7723510002861,20.7176143316872,0.0,1.76,14.6,74,0,1.4,114,15.8,19.5,18.8,0.0,0.0,0.0,15.0,73.0,0.0,0.0,2.0,120.0,0.0,100170.0
2025-05-11 05:00:00,21.6973702691443,20.6050898403116,0.0,1.76,14.6,74,13,0.6,55,15.4,19.3,18.8,0.0,0.0,0.0,15.0,72.0,0.0,0.0,1.0,138.0,0.0,100120.0
2025-05-11 06:00:00,21.5990409948732,20.4250959579746,0.0,1.76,15.5,74,45,2.3,108,15.6,19.1,18.8,0.0,0.0,0.02,13.0,85.0,0.0,0.0,0.0,288.0,0.0,100100.0
2025-05-11 07:00:00,21.5012165689734,20.5685979306795,0.0,1.76,17.8,66,42,4.8,142,16.5,18.9,18.8,0.0,0.0,0.08,13.0,89.0,312.0,0.0,0.0,42.0,0.0,100120.0
2025-05-11 08:00:00,21.6385166291258,20.597171180767,0.0,1.76,19.7,60,58,2.4,288,18.0,18.8,18.7,0.0,0.0,0.18,15.0,85.0,6295.0,0.0,1.0,216.0,0.0,100210.0
2025-05-11 09:00:00,21.6407741269363,20.7190913908577,0.0,1.76,21.1,57,58,4.3,10,19.8,18.8,18.7,0.0,0.0,0.29,16.0,82.0,18869.0,1.0,0.0,188.0,0.0,100210.0
2025-05-11 10:00:00,21.6936472637693,20.4431387254186,0.0,1.76,22.6,52,96,3.4,343,21.7,18.9,18.7,0.0,0.0,0.42,18.0,77.0,17942.0,1.0,1.0,234.0,0.0,100260.0
2025-05-11 11:00:00,21.5937302679681,20.589039516083,0.0,1.76,22.8,51,39,7.8,337,22.6,19.1,18.7,0.0,0.0,0.35,19.0,68.0,41895.0,3.0,0.0,296.0,0.0,100270.0
2025-05-11 12:00:00,21.7367772505814,20.6362424046496,0.0,1.76,23.1,52,41,7.3,5,23.7,19.3,18.7,0.0,0.0,0.46,22.0,58.0,101237.0,8.0,1.0,96.0,0.0,100260.0
2025-05-11 13:00:00,21.6731181741259,20.6035115183106,0.0,1.76,22.6,56,58,10.0,351,25.1,19.6,18.7,0.5,0.5,0.55,22.0,52.0,112304.0,7.0,2.0,54.0,0.0,100240.0
2025-05-11 14:00:00,21.4298910993854,20.5912013430268,0.0,1.76,23.0,53,77,10.1,340,25.0,19.9,18.7,0.6,0.6,0.44,22.0,60.0,107524.0,9.0,5.0,30.0,0.0,100250.0
2025-05-11 15:00:00,21.5765910346652,20.5417995462571,0.0,1.76,22.7,52,46,10.2,348,24.4,20.1,18.7,0.4,0.4,0.39,23.0,53.0,103764.0,9.0,4.0,21.0,0.0,100230.0
2025-05-11 16:00:00,21.6888203091764,20.4901340518908,0.0,1.76,22.3,50,51,8.9,341,24.4,20.3,18.7,0.0,0.0,0.36,23.0,46.0,92180.0,6.0,7.0,12.0,0.0,100220.0
2025-05-11 17:00:00,21.3393986673011,20.4011428767618,0.0,1.76,22.0,51,37,8.7,359,23.9,20.5,18.7,0.0,0.0,0.24,23.0,47.0,78500.0,5.0,4.0,1.0,0.0,100210.0
2025-05-11 18:00:00,21.6495229570801,20.4842431167401,0.0,1.76,21.1,56,18,6.9,359,23.0,20.6,18.8,0.0,0.0,0.14,22.0,54.0,31608.0,3.0,4.0,17.0,0.0,100210.0
2025-05-11 19:00:00,21.5396543348508,20.4802087048825,0.0,1.76,19.1,67,3,2.7,7,21.7,20.7,18.8,0.0,0.0,0.03,21.0,55.0,11382.0,1.0,3.0,58.0,0.0,100290.0
2025-05-11 20:00:00,21.4580459391637,20.662690230984,0.0,1.76,17.7,70,1,3.6,129,20.4,20.7,18.8,0.0,0.0,0.0,21.0,58.0,4472.0,0.0,3.0,59.0,0.0,100280.0
2025-05-11 21:00:00,21.6521715981044,20.5677460942224,0.0,1.76,16.5,77,0,2.9,198,19.4,20.6,18.8,0.0,0.0,0.0,19.0,61.0,68.0,0.0,1.0,105.0,0.0,100330.0
2025-05-11 22:00:00,21.5790746442607,20.41192929475,0.0,1.76,15.7,80,1,3.5,182,18.5,20.5,18.8,0.0,0.0,0.0,18.0,66.0,0.0,0.0,0.0,131.0,0.0,100380.0
2025-05-11 23:00:00,21.6817814380689,20.3971844392672,0.0,1.76,15.1,80,1,3.7,183,17.8,20.3,18.8,0.0,0.0,0.0,16.0,71.0,0.0,0.0,0.0,145.0,0.0,100430.0
2025-05-12 00:00:00,21.3126633556867,20.4626509962758,0.0,1.76,14.8,79,0,3.4,197,17.2,20.1,18.8,0.0,0.0,0.0,17.0,69.0,0.0,0.0,0.0,168.0,0.0,100430.0
2025-05-12 01:00:00,21.5397291910691,20.5048768583815,0.0,1.76,15.1,76,1,2.7,160,16.6,20.0,18.8,0.0,0.0,0.0,15.0,73.0,0.0,0.0,0.0,174.0,0.0,100410.0
2025-05-12 02:00:00,21.65596374609,20.4405651302923,0.0,1.76,14.8,75,7,1.0,270,16.1,19.7,18.8,0.0,0.0,0.0,14.0,80.0,0.0,0.0,0.0,66.0,0.0,100420.0
2025-05-12 03:00:00,21.3758947733959,20.5326397992136,0.0,1.76,14.6,75,1,1.8,279,15.8,19.5,18.8,0.0,0.0,0.0,13.0,84.0,0.0,0.0,0.0,180.0,0.0,100390.0
2025-05-12 04:00:00,21.5539105614827,20.3740405964919,0.0,1.76,14.4,75,0,1.8,153,15.4,19.3,18.8,0.0,0.0,0.0,13.0,83.0,0.0,0.0,2.0,156.0,0.0,100360.0
2025-05-12 05:00:00,21.3785221038691,20.3246454273062,0.0,1.76,14.1,76,0,1.6,135,15.0,19.1,18.8,0.0,0.0,0.0,12.0,86.0,0.0,0.0,0.0,66.0,0.0,100380.0
2025-05-12 06:00:00,21.3287337091997,20.631629803595,0.0,1.76,14.7,78,0,2.4,197,15.1,18.8,18.8,0.0,0.0,0.02,13.0,80.0,0.0,0.0,0.0,156.0,0.0,100370.0
2025-05-12 07:00:00,21.4728781975278,20.5890073314345,0.0,1.76,17.5,67,0,2.7,261,16.1,18.7,18.8,0.0,0.0,0.09,13.0,79.0,1124.0,0.0,0.0,204.0,0.0,100360.0
2025-05-12 08:00:00,21.3435637145995,20.5062087621968,0.0,1.76,19.6,57,0,2.3,300,17.8,18.6,18.8,0.0,0.0,0.21,14.0,81.0,11985.0,1.0,1.0,192.0,0.0,100390.0
2025-05-12 09:00:00,21.4597515107349,20.4782423020237,0.0,1.76,21.3,51,0,4.0,302,19.8,18.6,18.8,0.0,0.0,0.34,19.0,62.0,32225.0,2.0,1.0,132.0,0.0,100430.0
2025-05-12 10:00:00,21.4117388246025,20.2127290054476,0.0,1.76,22.9,46,0,4.8,308,21.8,18.7,18.8,0.0,0.0,0.47,21.0,51.0,63624.0,5.0,1.0,139.0,0.0,100450.0
2025-05-12 11:00:00,21.5064470679441,20.5730884014521,0.0,1.76,24.1,43,0,7.6,342,23.6,19.0,18.8,0.0,0.0,0.57,22.0,49.0,86625.0,8.0,3.0,314.0,0.0,100470.0
2025-05-12 12:00:00,21.4297454368681,20.4120626973837,0.0,1.76,24.2,41,1,12.9,7,24.9,19.2,18.8,0.0,0.0,0.61,24.0,43.0,102933.0,7.0,4.0,354.0,0.0,100430.0
2025-05-12 13:00:00,21.4520616352035,20.2678174869158,0.0,1.76,24.0,40,8,13.9,4,25.8,19.7,18.8,0.0,0.0,0.6,23.0,49.0,110458.0,7.0,3.0,67.0,0.0,100400.0
2025-05-12 14:00:00,21.5032630613118,20.3077631772554,0.0,1.76,23.9,38,8,13.0,13,26.1,20.0,18.8,0.0,0.0,0.57,23.0,43.0,110542.0,10.0,4.0,354.0,0.0,100350.0
2025-05-12 15:00:00,21.3826940162035,20.2837642859875,0.0,1.76,23.5,37,18,15.0,12,26.1,20.3,18.8,0.0,0.0,0.51,23.0,43.0,103164.0,10.0,6.0,30.0,0.0,100310.0
2025-05-12 16:00:00,21.2830708809433,20.2130923665491,0.0,1.76,22.3,38,9,13.8,10,25.5,20.6,18.8,0.0,0.0,0.41,23.0,41.0,88483.0,7.0,4.0,10.0,0.0,100280.0
2025-05-12 17:00:00,21.4241154291869,20.3073285988694,0.0,1.76,21.8,42,7,10.5,23,24.7,20.8,18.8,0.0,0.0,0.29,23.0,41.0,67983.0,4.0,4.0,42.0,0.0,100200.0
2025-05-12 18:00:00,21.2924502351608,20.2542080620764,0.0,1.76,20.5,48,4,6.6,27,23.5,20.9,18.8,0.0,0.0,0.15,22.0,40.0,40912.0,2.0,4.0,30.0,0.0,100200.0
2025-05-12 19:00:00,21.3225788309315,20.4794180589806,0.0,1.76,18.4,59,11,2.6,53,21.9,21.0,18.8,0.0,0.0,0.03,21.0,41.0,11825.0,1.0,5.0,30.0,0.0,100190.0
2025-05-12 20:00:00,21.4928971511792,20.1706130621845,0.0,1.76,17.2,62,4,2.3,122,20.4,20.9,18.8,0.0,0.0,0.0,20.0,51.0,3264.0,0.0,3.0,42.0,0.0,100230.0
2025-05-12 21:00:00,21.2636990447718,20.3114295302358,0.0,1.76,16.2,63,54,4.1,183,19.3,20.8,18.8,0.0,0.0,0.01,18.0,59.0,0.0,0.0,0.0,76.0,0.0,100260.0
2025-05-12 22:00:00,21.3198447164903,20.1887655794126,0.0,1.76,15.2,63,86,4.0,193,18.3,20.7,18.8,0.0,0.0,0.01,18.0,55.0,0.0,0.0,2.0,138.0,0.0,100290.0
