datetime,s_a,s_b,irr,LAI,temperature_2m,relative_humidity_2m,cloud_cover,wind_speed_10m,wind_direction_100m,soil_temperature_0_to_7cm,soil_temperature_7_to_28cm,soil_temperature_28_to_100cm,rain,precipitation,evapotranspiration,Temp,Hum,Int,UVI,WS,WD,RG,BP
2024-12-12 12:00:00,13.221127954399,12.1540150654362,0.0,0.0,18.1,35,0,6.4,311,14.3,12.0,17.0,0.0,0.0,0.31,16.0,37.0,42135.0,3.0,2.0,316.0,0.0,100590.0
2024-12-12 13:00:00,13.2457910038426,12.3647565460212,0.0,8.771929824561403e-05,18.9,34,0,7.1,334,15.1,12.2,17.0,0.0,0.0,0.32,18.0,34.0,45420.0,3.0,3.0,300.0,0.0,100500.0
2024-12-12 14:00:00,13.2927086175456,12.0874245703401,0.0,0.00017543859649122806,18.9,33,1,7.0,351,16.0,12.5,17.0,0.0,0.0,0.29,19.0,31.0,41185.0,3.0,3.0,324.0,0.0,100440.0
2024-12-12 15:00:00,13.4159385525799,11.9712939798091,0.0,0.0002631578947368421,17.8,41,1,9.6,40,16.2,12.8,17.0,0.0,0.0,0.23,19.0,38.0,28431.0,1.0,4.0,15.0,0.0,100380.0
2024-12-12 16:00:00,13.3615008558895,12.1010887179032,0.0,0.0003508771929824561,15.9,50,0,8.4,74,15.7,13.1,17.0,0.0,0.0,0.13,18.0,44.0,13915.0,1.0,2.0,54.0,0.0,100400.0
2024-12-12 17:00:00,13.4684771592708,12.0255843847458,0.0,0.00043859649122807013,12.4,57,0,6.9,91,14.4,13.3,17.0,0.0,0.0,0.04,18.0,48.0,4766.0,0.0,2.0,63.0,0.0,100410.0
2024-12-12 18:00:00,13.5159230177516,12.3985155919023,0.0,0.0005263157894736842,11.4,60,0,3.0,101,12.9,13.4,16.9,0.0,0.0,0.0,14.0,58.0,156.0,0.0,2.0,110.0,0.0,100450.0
2024-12-12 19:00:00,13.5210718357399,12.1067734495096,0.0,0.0006140350877192982,10.5,63,0,0.7,78,11.8,13.4,16.9,0.0,0.0,0.0,12.0,60.0,0.0,0.0,1.0,337.0,0.0,100460.0
2024-12-12 20:00:00,13.478354219062,12.3318552893907,0.0,0.0007017543859649122,9.6,65,6,1.0,28,10.9,13.3,16.9,0.0,0.0,0.0,10.0,65.0,0.0,0.0,0.0,154.0,0.0,100520.0
2024-12-12 21:00:00,13.4962629623109,12.3941515590858,0.0,0.0007894736842105263,8.6,67,21,4.1,282,10.2,13.2,16.9,0.0,0.0,0.0,8.0,69.0,0.0,0.0,1.0,180.0,0.0,100570.0
2024-12-12 22:00:00,13.4922991712693,12.1481152551605,0.0,0.0008771929824561403,8.9,64,94,7.3,254,9.9,13.1,16.9,0.0,0.0,0.02,8.0,69.0,0.0,0.0,1.0,177.0,0.0,100620.0
2024-12-12 23:00:00,13.4184852486048,12.1317882954743,0.0,0.0009649122807017543,10.1,60,72,6.6,242,10.1,13.0,16.9,0.0,0.0,0.02,9.0,68.0,0.0,0.0,1.0,216.0,0.0,100670.0
2024-12-13 00:00:00,13.648639066902,12.1509013395855,0.0,0.0010526315789473684,10.4,57,49,7.8,226,10.1,12.9,16.9,0.0,0.0,0.03,6.0,76.0,0.0,0.0,1.0,180.0,0.0,100720.0
2024-12-13 01:00:00,13.3398783557287,12.1673310325799,0.0,0.0011403508771929824,9.2,52,26,8.4,222,9.9,13.0,16.9,0.0,0.0,0.03,7.0,76.0,0.0,0.0,0.0,148.0,0.0,100720.0
2024-12-13 02:00:00,13.4814265382111,12.203332005055,0.0,0.0012280701754385963,9.9,54,18,8.5,221,9.9,12.9,16.8,0.0,0.0,0.03,6.0,76.0,0.0,0.0,1.0,180.0,0.0,100730.0
2024-12-13 03:00:00,13.5334739258776,12.2117104160088,0.0,0.0013157894736842105,8.6,62,23,7.2,224,9.7,12.8,16.8,0.0,0.0,0.02,8.0,67.0,0.0,0.0,0.0,258.0,0.0,100740.0
2024-12-13 04:00:00,13.4138204849583,12.1513439373698,0.0,0.0014035087719298245,8.1,67,9,7.6,228,9.5,12.7,16.8,0.0,0.0,0.02,5.0,76.0,0.0,0.0,0.0,102.0,0.0,100770.0
2024-12-13 05:00:00,13.344716659157,12.1997207055638,0.0,0.0014912280701754384,7.4,72,0,6.5,225,9.2,12.6,16.8,0.0,0.0,0.01,8.0,60.0,0.0,0.0,2.0,198.0,0.0,100750.0
2024-12-13 06:00:00,13.5765736245731,12.4199048117565,0.0,0.0015789473684210526,6.9,76,0,5.5,230,8.9,12.5,16.8,0.0,0.0,0.0,9.0,58.0,0.0,0.0,2.0,192.0,0.0,100780.0
2024-12-13 07:00:00,13.3704896892797,12.0869952513633,0.0,0.0016666666666666666,6.8,79,3,5.2,231,8.6,12.3,16.8,0.0,0.0,0.0,9.0,60.0,0.0,0.0,2.0,204.0,0.0,100870.0
2024-12-13 08:00:00,13.3107337111533,12.1141906005003,0.0,0.0017543859649122805,8.7,75,1,4.5,238,8.7,12.2,16.8,0.0,0.0,0.02,8.0,63.0,694.0,0.0,1.0,204.0,0.0,100910.0
2024-12-13 09:00:00,13.6047575527099,12.0546102869612,0.0,0.0018421052631578947,12.6,67,0,5.7,242,10.0,12.1,16.7,0.0,0.0,0.08,11.0,59.0,6332.0,0.0,1.0,179.0,0.0,100990.0
2024-12-13 10:00:00,13.4086298244475,12.1001395388728,0.0,0.0019298245614035087,15.6,58,0,5.6,259,11.8,12.2,16.7,0.0,0.0,0.18,13.0,55.0,17764.0,1.0,2.0,210.0,0.0,101080.0
2024-12-13 11:00:00,13.2844659375877,12.245128754998,0.0,0.002017543859649123,17.4,51,0,6.4,271,13.7,12.3,16.7,0.0,0.0,0.25,15.0,50.0,32635.0,1.0,3.0,274.0,0.0,101120.0
2024-12-13 12:00:00,13.4092825248736,12.1634826748022,0.0,0.002105263157894737,18.7,47,0,6.0,275,15.3,12.5,16.7,0.0,0.0,0.3,16.0,47.0,42740.0,2.0,3.0,274.0,0.0,101090.0
2024-12-13 13:00:00,13.3984598306338,12.0789511878174,0.0,0.0021929824561403508,20.1,40,0,5.7,287,16.9,12.8,16.7,0.0,0.0,0.32,18.0,43.0,45246.0,2.0,2.0,251.0,0.0,100990.0
2024-12-13 14:00:00,13.2732694634262,12.3200592125057,0.0,0.0022807017543859647,20.4,38,0,6.0,325,17.6,13.2,16.7,0.0,0.0,0.29,20.0,40.0,39358.0,2.0,3.0,246.0,0.0,100950.0
2024-12-13 15:00:00,13.5657314878634,12.0706832826979,0.0,0.0023684210526315787,18.8,48,0,13.2,14,17.6,13.5,16.7,0.0,0.0,0.24,20.0,41.0,26992.0,1.0,4.0,354.0,0.0,100940.0
2024-12-13 16:00:00,13.6644738862139,12.0448898042208,0.0,0.0024561403508771926,16.0,62,1,12.0,25,16.9,13.8,16.7,0.0,0.0,0.13,19.0,48.0,11847.0,1.0,4.0,36.0,0.0,100990.0
2024-12-13 17:00:00,13.5545235114782,12.2550259635635,0.0,0.002543859649122807,13.1,78,3,4.9,49,15.5,14.0,16.6,0.0,0.0,0.02,17.0,50.0,3858.0,0.0,3.0,33.0,0.0,101060.0
2024-12-13 18:00:00,13.5523409018432,12.201933919748,0.0,0.002631578947368421,12.6,81,0,2.9,49,14.1,14.1,16.6,0.0,0.0,0.0,14.0,62.0,0.0,0.0,1.0,120.0,0.0,101160.0
2024-12-13 19:00:00,13.6330427797614,12.2899920964206,0.0,0.002719298245614035,12.2,82,0,0.9,53,13.0,14.1,16.6,0.0,0.0,0.0,13.0,66.0,0.0,0.0,1.0,138.0,0.0,101230.0
2024-12-13 20:00:00,13.442717423576,12.2157636741088,0.0,0.002807017543859649,11.2,82,0,1.1,98,12.1,14.1,16.6,0.0,0.0,0.0,11.0,69.0,0.0,0.0,0.0,186.0,0.0,101290.0
2024-12-13 21:00:00,13.4345892976571,12.2446423662726,0.0,0.002894736842105263,10.4,83,0,3.2,287,11.4,14.0,16.6,0.0,0.0,0.0,8.0,79.0,0.0,0.0,0.0,180.0,0.0,101350.0
2024-12-13 22:00:00,13.6020624227022,12.1724428318551,0.0,0.002982456140350877,9.9,85,0,3.9,234,10.9,13.9,16.6,0.0,0.0,0.0,8.0,74.0,0.0,0.0,0.0,174.0,0.0,101400.0
2024-12-13 23:00:00,13.4656935735654,12.2316335989186,0.0,0.003070175438596491,9.7,80,0,2.7,205,10.4,13.7,16.6,0.0,0.0,0.0,8.0,69.0,0.0,0.0,1.0,180.0,0.0,101430.0
2024-12-14 00:00:00,13.5704428365979,12.0410413328247,0.0,0.003157894736842105,9.0,82,4,3.2,288,10.0,13.6,16.6,0.0,0.0,0.0,9.0,72.0,0.0,0.0,0.0,186.0,0.0,101470.0
2024-12-14 01:00:00,13.4195297012478,12.2895025738308,0.0,0.003245614035087719,8.2,80,0,4.4,254,9.6,13.5,16.6,0.0,0.0,0.0,7.0,73.0,0.0,0.0,1.0,174.0,0.0,101410.0
2024-12-14 02:00:00,13.6860263458502,12.2626157163499,0.0,0.003333333333333333,7.9,75,1,4.7,234,9.4,13.4,16.6,0.0,0.0,0.0,7.0,76.0,0.0,0.0,0.0,180.0,0.0,101420.0
2024-12-14 03:00:00,13.3831176978251,12.1852980677302,0.0,0.003421052631578947,7.5,75,99,3.1,293,9.1,13.2,16.6,0.0,0.0,0.0,6.0,75.0,0.0,0.0,1.0,174.0,0.0,101390.0
2024-12-14 04:00:00,13.5959610152641,12.1601231537456,0.0,0.003508771929824561,7.2,74,91,3.3,256,9.0,13.0,16.6,0.0,0.0,0.0,5.0,78.0,0.0,0.0,0.0,173.0,0.0,101430.0
2024-12-14 05:00:00,13.4445621021135,12.1989032635432,0.0,0.003596491228070175,6.4,74,99,4.6,223,9.0,12.9,16.6,0.0,0.0,0.0,5.0,77.0,0.0,0.0,1.0,180.0,0.0,101410.0
2024-12-14 06:00:00,13.5564917155909,12.160904896689,0.0,0.0036842105263157894,5.7,78,82,6.6,258,8.9,12.7,16.6,0.0,0.0,0.0,6.0,77.0,0.0,0.0,1.0,168.0,0.0,101470.0
2024-12-14 07:00:00,13.4084884516933,12.0336708412801,0.0,0.0037719298245614034,6.6,75,49,6.7,220,8.9,12.6,16.5,0.0,0.0,0.0,6.0,77.0,0.0,0.0,1.0,160.0,0.0,101540.0
2024-12-14 08:00:00,13.4507278825963,12.2046367160592,0.0,0.0038596491228070173,7.7,75,64,6.9,239,9.1,12.4,16.5,0.0,0.0,0.02,6.0,81.0,1049.0,0.0,0.0,353.0,0.0,101580.0
2024-12-14 09:00:00,13.5107219716394,12.1977122175928,0.0,0.003947368421052632,10.4,75,99,6.2,278,10.0,12.4,16.5,0.0,0.0,0.07,9.0,77.0,7526.0,0.0,1.0,264.0,0.0,101620.0
2024-12-14 10:00:00,13.4537681489852,12.2484300616599,0.0,0.004035087719298246,13.5,72,57,6.0,277,11.5,12.4,16.5,0.0,0.0,0.14,12.0,69.0,20224.0,1.0,2.0,252.0,0.0,101680.0
2024-12-14 11:00:00,13.3539866128751,12.102731725018,0.0,0.00412280701754386,15.6,61,57,2.7,322,13.4,12.5,16.5,0.0,0.0,0.23,14.0,71.0,33993.0,2.0,2.0,299.0,0.0,101690.0
2024-12-14 12:00:00,13.4670267517247,12.1691973239752,0.0,0.004210526315789474,16.7,55,60,5.5,9,15.1,12.6,16.5,0.0,0.0,0.28,16.0,70.0,42424.0,3.0,2.0,44.0,0.0,101640.0
2024-12-14 13:00:00,13.3135066208338,12.1235731080245,0.0,0.0042982456140350876,17.3,57,68,8.8,24,16.2,13.1,16.5,0.0,0.0,0.29,17.0,62.0,41500.0,3.0,2.0,24.0,0.0,101560.0
2024-12-14 14:00:00,13.2860936498537,12.1856353884651,0.0,0.0043859649122807015,17.2,61,85,10.2,33,16.8,13.4,16.5,0.0,0.0,0.26,17.0,63.0,39857.0,2.0,4.0,30.0,0.0,101540.0
2024-12-14 15:00:00,13.4624306401658,11.8258056502966,0.0,0.0044736842105263155,16.8,64,98,11.2,45,16.9,13.6,16.5,0.0,0.0,0.19,17.0,63.0,23300.0,1.0,3.0,64.0,0.0,101520.0
2024-12-14 16:00:00,13.3542554616692,12.2187385395089,0.0,0.004561403508771929,15.8,67,0,10.6,52,16.4,13.9,16.5,0.0,0.0,0.11,17.0,64.0,9778.0,0.0,4.0,66.0,0.0,101530.0
2024-12-14 17:00:00,13.6015542107731,12.1613678425402,0.0,0.004649122807017543,13.0,83,19,6.3,51,15.2,14.0,16.4,0.0,0.0,0.02,15.0,73.0,2864.0,0.0,3.0,48.0,0.0,101600.0
2024-12-14 18:00:00,13.6410145366112,12.3205346987367,0.0,0.004736842105263157,12.1,86,21,3.6,64,13.9,14.1,16.4,0.0,0.0,0.0,13.0,80.0,0.0,0.0,0.0,72.0,0.0,101650.0
2024-12-14 19:00:00,13.535411515756,12.1951977390626,0.0,0.004824561403508771,11.9,82,14,1.9,69,12.9,14.1,16.4,0.0,0.0,0.0,11.0,84.0,0.0,0.0,0.0,174.0,0.0,101760.0
2024-12-14 20:00:00,13.3808467998969,12.1847043625672,0.0,0.004912280701754385,11.0,82,60,2.7,99,12.0,14.0,16.4,0.0,0.0,0.0,9.0,82.0,0.0,0.0,0.0,174.0,0.0,101790.0
2024-12-14 21:00:00,13.5712342656888,12.2864886335154,0.0,0.004999999999999999,9.8,87,6,2.6,110,11.4,14.0,16.4,0.0,0.0,0.0,9.0,82.5,0.0,0.0,0.0,174.0,0.0,101795.0
2024-12-14 22:00:00,13.5875066813469,12.2577309371227,0.0,0.005087719298245614,9.0,91,62,2.1,37,10.8,13.8,16.4,0.0,0.0,0.0,9.0,83.0,0.0,0.0,0.0,174.0,0.0,101800.0
2024-12-14 23:00:00,13.4517914500551,12.2347526247026,0.0,0.005175438596491228,8.8,92,76,2.4,311,10.4,13.7,16.4,0.0,0.0,0.0,8.0,83.0,0.0,0.0,0.0,186.0,0.0,101840.0
2024-12-15 00:00:00,13.3877980790273,12.1297545968282,0.0,0.005263157894736842,8.7,90,19,4.7,235,10.0,13.5,16.4,0.0,0.0,0.0,9.0,85.0,0.0,0.0,1.0,180.0,0.0,101840.0
2024-12-15 01:00:00,13.497972325479,12.0761391150444,0.0,0.005350877192982456,8.6,87,98,4.4,262,9.9,13.6,16.4,0.0,0.0,0.0,8.0,86.0,0.0,0.0,1.0,180.0,0.0,101810.0
2024-12-15 02:00:00,13.5739153545254,12.1355402482165,0.0,0.00543859649122807,8.4,86,100,5.0,234,9.7,13.4,16.4,0.0,0.0,0.0,7.0,86.0,0.0,0.0,1.0,180.0,0.0,101810.0
2024-12-15 03:00:00,13.5248692155091,12.3500925925937,0.0,0.005526315789473684,8.2,86,100,5.0,216,9.7,13.3,16.4,0.0,0.0,0.0,7.0,84.0,0.0,0.0,1.0,176.0,0.0,101790.0
2024-12-15 04:00:00,13.5402405107743,12.3101320322876,0.0,0.005614035087719298,7.9,86,100,4.3,266,9.6,13.1,16.4,0.0,0.0,0.0,7.0,86.0,0.0,0.0,0.0,186.0,0.0,101750.0
2024-12-15 05:00:00,13.4398522359411,12.2068630432839,0.0,0.005701754385964912,8.4,84,91,5.5,243,9.7,13.0,16.4,0.0,0.0,0.0,7.0,91.0,0.0,0.0,0.0,102.0,0.0,101760.0
2024-12-15 06:00:00,13.4153721851474,12.1066307538738,0.0,0.005789473684210526,8.4,82,34,4.8,197,9.7,12.9,16.4,0.0,0.0,0.0,6.0,90.0,0.0,0.0,1.0,171.0,0.0,101750.0
2024-12-15 07:00:00,13.416123355337,12.1392524086495,0.0,0.00587719298245614,7.9,84,97,4.3,199,9.6,12.8,16.4,0.0,0.0,0.0,8.0,90.0,0.0,0.0,1.0,186.0,0.0,101790.0
2024-12-15 08:00:00,13.3232641794086,12.3281141069378,0.0,0.005964912280701754,9.2,80,100,6.5,200,9.9,12.7,16.4,0.0,0.0,0.02,7.0,89.0,0.0,0.0,0.0,178.0,0.0,101880.0
2024-12-15 09:00:00,13.2345474797208,12.2718186805299,0.0,0.006052631578947368,11.6,74,30,6.0,193,10.8,12.6,16.3,0.0,0.0,0.06,6.0,91.0,2175.0,0.0,0.0,170.0,0.0,101930.0
2024-12-15 10:00:00,13.4793169210889,12.113624426258,0.0,0.006140350877192982,13.9,70,92,4.3,270,12.2,12.6,16.3,0.0,0.0,0.14,12.0,74.0,9088.0,1.0,0.0,178.0,0.0,102020.0
2024-12-15 11:00:00,13.1610740856618,12.1564066906765,0.0,0.006228070175438596,15.7,64,36,4.7,14,14.0,12.7,16.3,0.0,0.0,0.23,14.0,78.0,21608.0,1.0,1.0,324.0,0.0,102100.0
2024-12-15 12:00:00,13.4821307292732,12.2061716345253,0.0,0.00631578947368421,16.9,60,100,10.2,30,15.4,12.9,16.3,0.0,0.0,0.28,16.0,70.0,29229.0,2.0,0.0,91.0,0.0,102100.0
2024-12-15 13:00:00,13.377331780346,12.0976632593484,0.0,0.006403508771929824,17.1,60,60,14.9,44,15.7,13.1,16.3,0.0,0.0,0.27,17.0,63.0,46678.0,2.0,2.0,76.0,0.0,102080.0
2024-12-15 14:00:00,13.3945633270916,12.104692695943,0.0,0.006491228070175438,17.1,58,10,14.1,49,16.3,13.3,16.3,0.0,0.0,0.26,17.0,60.0,25216.0,1.0,3.0,32.0,0.0,102040.0
2024-12-15 15:00:00,13.5550798315786,12.0218943618127,0.0,0.006578947368421052,16.5,62,4,14.5,48,16.5,13.5,16.3,0.0,0.0,0.2,18.0,58.0,39391.0,2.0,4.0,85.0,0.0,101980.0
2024-12-15 16:00:00,13.4438377618717,12.3622963928046,0.0,0.006666666666666666,15.4,69,19,12.5,50,16.0,13.7,16.3,0.0,0.0,0.12,17.0,63.0,30256.0,1.0,5.0,16.0,0.0,101970.0
2024-12-15 17:00:00,13.6982813881757,12.0935594474119,0.0,0.00675438596491228,12.4,85,2,6.8,58,14.9,13.9,16.3,0.0,0.0,0.02,16.0,67.0,9291.0,0.0,4.0,30.0,0.0,102010.0
2024-12-15 18:00:00,13.5000789381793,12.2014623518924,0.0,0.006842105263157894,11.0,88,2,6.2,71,13.5,14.0,16.3,0.0,0.0,0.0,15.0,71.0,1857.0,0.0,3.0,30.0,0.0,102030.0
2024-12-15 19:00:00,13.7528509313891,12.0757567871087,0.0,0.006929824561403508,10.5,89,17,4.6,73,12.4,13.9,16.3,0.0,0.0,0.0,13.0,79.0,0.0,0.0,1.0,72.0,0.0,102050.0
2024-12-15 20:00:00,13.7175173809518,12.2746251693159,0.0,0.007017543859649122,10.3,88,0,3.5,75,11.5,13.9,16.3,0.0,0.0,0.0,11.0,84.0,0.0,0.0,1.0,99.0,0.0,102090.0
2024-12-15 21:00:00,13.5927905773564,12.2870436473113,0.0,0.007105263157894736,10.1,89,2,2.6,84,10.8,13.8,16.3,0.0,0.0,0.0,10.0,88.0,0.0,0.0,1.0,105.0,0.0,102160.0
2024-12-15 22:00:00,13.5691381393505,12.1622685243172,0.0,0.00719298245614035,9.6,89,2,1.5,75,10.2,13.6,16.3,0.0,0.0,0.0,8.0,90.0,0.0,0.0,0.0,186.0,0.0,102210.0
2024-12-15 23:00:00,13.5081302681926,12.2068854248385,0.0,0.007280701754385964,9.4,88,37,1.4,63,9.6,13.5,16.3,0.0,0.0,0.0,7.0,93.0,0.0,0.0,0.0,126.0,0.0,102220.0
2024-12-16 00:00:00,13.3503685312158,12.1708480036714,0.0,0.007368421052631579,9.1,86,0,0.4,59,9.2,13.3,16.2,0.0,0.0,0.0,6.0,92.0,0.0,0.0,0.0,204.0,0.0,102240.0
2024-12-16 01:00:00,13.3931980141949,12.2306589772514,0.0,0.007456140350877193,8.5,83,5,0.7,60,8.7,13.3,16.2,0.0,0.0,0.0,6.0,90.0,0.0,0.0,0.0,180.0,0.0,102260.0
2024-12-16 02:00:00,13.5613413903448,12.4914664193102,0.0,0.007543859649122807,7.8,83,24,0.4,50,8.3,13.1,16.2,0.0,0.0,0.0,6.0,90.0,0.0,0.0,1.0,198.0,0.0,102260.0
2024-12-16 03:00:00,13.5089102994857,12.1959926153431,0.0,0.007631578947368421,7.1,84,5,0.3,39,8.0,12.9,16.2,0.0,0.0,0.0,4.0,88.0,0.0,0.0,0.0,192.0,0.0,102260.0
2024-12-16 04:00:00,13.6303357767562,12.2840333041256,0.0,0.007719298245614035,6.6,83,0,0.4,35,7.6,12.6,16.2,0.0,0.0,0.0,4.0,92.0,0.0,0.0,1.0,160.0,0.0,102280.0
2024-12-16 05:00:00,13.3803539051205,12.3596342232531,0.0,0.007807017543859649,5.8,85,9,1.2,33,7.3,12.4,16.2,0.0,0.0,0.0,3.0,90.0,0.0,0.0,0.0,186.0,0.0,102300.0
2024-12-16 06:00:00,13.3145733481525,12.1529664686692,0.0,0.007894736842105263,5.1,88,0,3.3,310,7.1,12.2,16.2,0.0,0.0,0.0,3.0,92.0,0.0,0.0,0.0,198.0,0.0,102270.0
2024-12-16 07:00:00,13.4768451480843,12.2626850696374,0.0,0.007982456140350877,4.9,89,0,3.8,297,7.0,12.0,16.2,0.0,0.0,0.0,2.0,89.0,0.0,0.0,0.0,168.0,0.0,102340.0
2024-12-16 08:00:00,13.4591712534652,12.1777550865519,0.0,0.008070175438596491,5.6,86,16,3.9,318,7.2,11.8,16.2,0.0,0.0,0.01,2.0,89.0,0.0,0.0,1.0,84.0,0.0,102380.0
2024-12-16 09:00:00,13.1302924195271,12.0497263641459,0.0,0.008157894736842105,10.3,78,15,4.5,324,8.4,11.6,16.2,0.0,0.0,0.07,4.0,89.0,3636.0,0.0,0.0,198.0,0.0,102430.0
2024-12-16 10:00:00,13.3781587218782,12.1800278968922,0.0,0.00824561403508772,13.9,59,0,6.1,310,10.4,11.6,16.1,0.0,0.0,0.17,8.0,80.0,8052.0,1.0,1.0,108.0,0.0,102450.0
2024-12-16 11:00:00,13.3666506658507,12.0384277464183,0.0,0.008333333333333333,16.0,48,0,5.4,333,12.4,11.7,16.1,0.0,0.0,0.25,10.0,78.0,24529.0,1.0,2.0,282.0,0.0,102470.0
2024-12-16 12:00:00,13.5506438270485,12.1554696050921,0.0,0.008421052631578947,17.2,43,0,6.8,8,14.1,11.9,16.1,0.0,0.0,0.3,16.0,56.0,38842.0,2.0,0.0,168.0,0.0,102430.0
2024-12-16 13:00:00,13.3847242488271,12.2626913271494,0.0,0.008508771929824561,18.1,42,0,9.3,25,15.7,12.2,16.1,0.0,0.0,0.32,16.0,52.0,44479.0,1.0,1.0,19.0,0.0,102340.0
2024-12-16 14:00:00,13.5896172129902,12.005565994891,0.0,0.008596491228070175,17.1,46,0,16.6,31,16.2,12.5,16.1,0.0,0.0,0.29,17.0,43.0,42758.0,2.0,2.0,42.0,0.0,102250.0
2024-12-16 15:00:00,13.5368250302462,12.2690287810068,0.0,0.008684210526315789,16.1,47,0,17.1,35,16.0,12.8,16.1,0.0,0.0,0.23,18.0,50.0,32830.0,2.0,4.0,23.0,0.0,102170.0
2024-12-16 16:00:00,13.7440059423403,12.3503263118602,0.0,0.008771929824561403,15.1,53,0,14.8,39,15.5,13.0,16.1,0.0,0.0,0.15,17.0,47.0,18492.0,1.0,3.0,78.0,0.0,102130.0
2024-12-16 17:00:00,13.5437685769936,12.4231129005299,0.0,0.008859649122807017,13.3,59,0,11.3,54,14.4,13.2,16.1,0.0,0.0,0.06,17.0,46.0,6448.0,0.0,2.0,95.0,0.0,102140.0
2024-12-16 18:00:00,13.5891611013864,12.3254883954446,0.0,0.008947368421052631,12.2,64,0,8.8,65,13.3,13.3,16.1,0.0,0.0,0.03,15.0,54.0,1048.0,0.0,3.0,72.0,0.0,102150.0
2024-12-16 19:00:00,13.4642241786242,12.5411379107632,0.0,0.009035087719298245,10.9,65,2,4.8,68,12.1,13.3,16.1,0.0,0.0,0.01,13.0,66.0,0.0,0.0,0.0,105.0,0.0,102180.0
2024-12-16 20:00:00,13.6610676270676,12.4102652328646,0.0,0.009122807017543859,9.5,60,6,0.4,44,10.9,13.3,16.0,0.0,0.0,0.0,11.0,74.0,0.0,0.0,0.0,192.0,0.0,102210.0
2024-12-16 21:00:00,13.6798612267033,12.4971587086392,0.0,0.009210526315789473,7.9,60,0,6.7,273,10.1,13.2,16.0,0.0,0.0,0.02,9.0,78.0,0.0,0.0,0.0,252.0,0.0,102220.0
2024-12-16 22:00:00,13.5681150609154,12.2016065456599,0.0,0.009298245614035087,6.2,64,0,6.2,263,9.6,13.0,16.0,0.0,0.0,0.01,9.0,74.0,0.0,0.0,2.0,246.0,0.0,102210.0
2024-12-16 23:00:00,13.7222020581999,12.34858232305,0.0,0.0093859649122807,5.4,61,0,4.4,285,9.0,12.9,16.0,0.0,0.0,0.01,7.0,72.0,0.0,0.0,2.0,174.0,0.0,102200.0
2024-12-17 00:00:00,13.5415437108395,12.1742795144007,0.0,0.009473684210526315,5.4,57,0,4.8,267,8.5,12.7,16.0,0.0,0.0,0.01,7.0,74.0,0.0,0.0,2.0,160.0,0.0,102210.0
2024-12-17 01:00:00,13.6593189101726,12.3323696444287,0.0,0.009561403508771929,5.3,57,0,4.1,268,8.4,12.6,16.0,0.0,0.0,0.01,5.0,78.0,0.0,0.0,0.0,186.0,0.0,102190.0
2024-12-17 02:00:00,13.7312408765294,12.4055986689851,0.0,0.009649122807017543,4.9,54,0,2.9,279,7.8,12.4,16.0,0.0,0.0,0.0,4.0,75.0,0.0,0.0,0.0,178.0,0.0,102150.0
2024-12-17 03:00:00,13.5358929296721,12.1713171783015,0.0,0.009736842105263157,4.4,55,0,3.8,270,7.3,12.2,16.0,0.0,0.0,0.01,4.0,73.0,0.0,0.0,1.0,180.0,0.0,102120.0
2024-12-17 04:00:00,13.4842334832254,12.2617823116711,0.0,0.00982456140350877,4.1,58,13,4.0,274,6.9,12.0,16.0,0.0,0.0,0.01,4.0,76.0,0.0,0.0,1.0,180.0,0.0,102090.0
2024-12-17 05:00:00,13.493860482495,12.4315382288026,0.0,0.009912280701754385,4.1,59,1,4.8,272,6.7,11.8,16.0,0.0,0.0,0.01,4.0,79.0,0.0,0.0,1.0,198.0,0.0,102070.0
2024-12-17 06:00:00,13.407137790683,12.1001904849136,0.0,0.009999999999999998,4.3,58,5,5.2,265,6.5,11.5,16.0,0.0,0.0,0.01,4.0,84.0,0.0,0.0,2.0,186.0,0.0,102080.0
2024-12-17 07:00:00,13.4635064446993,12.1850798580545,0.0,0.010087719298245612,3.8,60,64,4.7,264,6.2,11.3,15.9,0.0,0.0,0.01,4.0,85.0,0.0,0.0,0.0,168.0,0.0,102090.0
2024-12-17 08:00:00,13.4179817168976,12.4274837304014,0.0,0.010175438596491228,5.4,60,39,5.5,264,6.3,11.1,15.9,0.0,0.0,0.02,2.0,82.0,53.0,0.0,0.0,180.0,0.0,102140.0
2024-12-17 09:00:00,13.5602024539269,12.2726170676065,0.0,0.010263157894736842,10.2,57,2,5.2,255,7.7,11.0,15.9,0.0,0.0,0.08,3.0,83.0,3755.0,0.0,0.0,126.0,0.0,102160.0
2024-12-17 10:00:00,13.5852670107475,12.1747440160623,0.0,0.010350877192982456,13.9,45,6,5.4,284,9.7,11.0,15.9,0.0,0.0,0.18,10.0,57.0,12178.0,1.0,2.0,240.0,0.0,102210.0
2024-12-17 11:00:00,13.5273462475539,12.1906036874136,0.0,0.01043859649122807,16.0,38,9,5.4,314,11.8,11.0,15.9,0.0,0.0,0.26,12.0,47.0,26818.0,2.0,2.0,245.0,0.0,102220.0
2024-12-17 12:00:00,13.646574253976,12.2853276031562,0.0,0.010526315789473684,17.1,35,95,7.6,327,13.5,11.2,15.8,0.0,0.0,0.31,15.0,38.0,40435.0,2.0,2.0,279.0,0.0,102130.0
2024-12-17 13:00:00,13.6321037201334,12.1569261290682,0.0,0.010614035087719298,17.3,42,100,8.0,342,14.6,11.4,15.8,0.0,0.0,0.3,17.0,31.0,46226.0,2.0,2.0,252.0,0.0,102050.0
2024-12-17 14:00:00,13.5812835753636,12.2658365345966,0.0,0.010701754385964912,16.9,46,68,7.5,10,15.3,11.7,15.8,0.0,0.0,0.26,18.0,28.0,41018.0,3.0,2.0,306.0,0.0,101960.0
2024-12-17 15:00:00,13.7500514139023,12.3100421155192,0.0,0.010789473684210526,16.1,51,84,8.0,33,15.5,12.0,15.8,0.0,0.0,0.2,19.0,25.0,32844.0,2.0,1.0,319.0,0.0,101900.0
2024-12-17 16:00:00,13.8114453744977,12.2118374451152,0.0,0.01087719298245614,14.5,61,98,5.5,44,14.9,12.3,15.8,0.0,0.0,0.1,18.0,35.0,17129.0,1.0,3.0,343.0,0.0,101930.0
2024-12-17 17:00:00,13.639968427738,12.4607814851107,0.0,0.010964912280701754,11.6,71,100,2.9,66,13.6,12.4,15.8,0.0,0.0,0.02,17.0,41.0,5944.0,0.0,2.0,26.0,0.0,101940.0
2024-12-17 18:00:00,13.6346612964636,12.3199795014156,0.0,0.011052631578947368,11.2,73,100,1.2,54,12.2,12.5,15.8,0.0,0.0,0.0,14.0,61.0,386.0,0.0,1.0,72.0,0.0,101980.0
2024-12-17 19:00:00,13.7736217207061,12.5134251711879,0.0,0.011140350877192982,11.2,73,99,1.6,123,11.4,12.5,15.8,0.0,0.0,0.0,12.0,67.0,0.0,0.0,2.0,110.0,0.0,102020.0
2024-12-17 20:00:00,13.8755102712671,12.2410559015185,0.0,0.011228070175438596,10.7,73,90,2.3,187,10.7,12.5,15.8,0.0,0.0,0.0,12.0,65.0,0.0,0.0,2.0,130.0,0.0,102050.0
2024-12-17 21:00:00,13.8394368629855,12.3104396092837,0.0,0.01131578947368421,9.9,72,19,2.1,246,10.1,12.5,15.7,0.0,0.0,0.0,11.0,65.0,0.0,0.0,0.0,124.0,0.0,102070.0
2024-12-17 22:00:00,13.7807906299633,12.1431223790263,0.0,0.011403508771929824,8.8,73,2,3.9,238,9.4,12.4,15.7,0.0,0.0,0.0,9.0,62.0,0.0,0.0,0.0,180.0,0.0,102090.0
2024-12-17 23:00:00,13.6595962321107,12.2139253425308,0.0,0.011491228070175438,8.3,71,7,4.6,224,9.0,12.2,15.7,0.0,0.0,0.0,9.0,62.0,0.0,0.0,1.0,222.0,0.0,102070.0
2024-12-18 00:00:00,13.8151855403525,12.2529746708202,0.0,0.011578947368421052,8.0,68,0,4.1,236,8.5,12.1,15.7,0.0,0.0,0.0,9.0,69.0,0.0,0.0,0.0,228.0,0.0,102070.0
2024-12-18 01:00:00,13.8290806597888,12.289968578482,0.0,0.011666666666666665,7.3,70,0,4.7,236,7.8,12.1,15.7,0.0,0.0,0.0,6.0,69.0,0.0,0.0,1.0,178.0,0.0,102010.0
2024-12-18 02:00:00,13.6135704469193,12.2598921004573,0.0,0.01175438596491228,7.1,60,0,4.9,218,7.7,11.9,15.7,0.0,0.0,0.01,5.0,74.0,0.0,0.0,1.0,240.0,0.0,102000.0
2024-12-18 03:00:00,13.8889956557015,12.0659277882276,0.0,0.011842105263157893,7.1,55,0,4.6,203,7.5,11.7,15.7,0.0,0.0,0.01,5.0,70.0,0.0,0.0,1.0,180.0,0.0,102010.0
2024-12-18 04:00:00,13.8235125001995,12.3264408629313,0.0,0.011929824561403507,7.4,53,0,3.3,224,7.3,11.6,15.7,0.0,0.0,0.01,6.0,71.0,0.0,0.0,1.0,180.0,0.0,102020.0
2024-12-18 05:00:00,13.6934072211275,12.2756654956477,0.0,0.012017543859649121,6.8,58,0,4.8,251,7.1,11.4,15.7,0.0,0.0,0.01,5.0,70.0,0.0,0.0,0.0,192.0,0.0,101960.0
2024-12-18 06:00:00,13.6942516395457,12.2302493037334,0.0,0.012105263157894735,6.6,57,0,6.2,228,7.0,11.2,15.7,0.0,0.0,0.02,4.0,68.0,0.0,0.0,2.0,174.0,0.0,101970.0
2024-12-18 07:00:00,13.6326894639086,12.356745737112,0.0,0.01219298245614035,6.4,56,0,5.1,231,6.9,11.1,15.6,0.0,0.0,0.01,6.0,66.0,0.0,0.0,1.0,186.0,0.0,101970.0
2024-12-18 08:00:00,13.6781022056816,12.4500054832602,0.0,0.012280701754385963,8.0,56,4,6.1,240,7.0,10.9,15.6,0.0,0.0,0.03,7.0,61.0,224.0,0.0,2.0,198.0,0.0,102010.0
2024-12-18 09:00:00,13.7253108390318,12.2043456861324,0.0,0.012368421052631579,12.1,53,0,7.9,243,8.4,10.8,15.6,0.0,0.0,0.1,8.0,56.0,5217.0,0.0,1.0,198.0,0.0,102040.0
2024-12-18 10:00:00,13.6588969316787,12.3154653851797,0.0,0.012456140350877193,15.0,50,0,5.5,262,10.4,10.8,15.6,0.0,0.0,0.17,12.0,46.0,14401.0,1.0,2.0,276.0,0.0,102070.0
2024-12-18 11:00:00,13.6847516091511,12.2063411024479,0.0,0.012543859649122807,17.1,39,0,4.2,277,12.4,11.0,15.6,0.0,0.0,0.25,14.0,38.0,28797.0,1.0,2.0,233.0,0.0,102110.0
2024-12-18 12:00:00,13.7048765262063,12.1107312298679,0.0,0.01263157894736842,18.7,36,0,3.8,262,14.2,11.2,15.6,0.0,0.0,0.3,17.0,35.0,40151.0,3.0,2.0,270.0,0.0,102030.0
2024-12-18 13:00:00,13.6974998244203,12.264491599011,0.0,0.012719298245614035,19.9,35,1,5.2,273,14.6,11.4,15.5,0.0,0.0,0.31,18.0,32.0,43666.0,2.0,2.0,228.0,0.0,101920.0
2024-12-18 14:00:00,13.6052386684269,12.3080054625922,0.0,0.012807017543859649,20.6,33,0,4.7,287,15.8,11.7,15.5,0.0,0.0,0.28,20.0,29.0,39799.0,3.0,2.0,258.0,0.0,101810.0
2024-12-18 15:00:00,13.6192236726258,12.316944046234,0.0,0.012894736842105263,20.6,34,0,2.2,322,16.4,12.1,15.5,0.0,0.0,0.2,21.0,26.0,28016.0,1.0,2.0,304.0,0.0,101740.0
2024-12-18 16:00:00,13.79309735195,12.50452435896,0.0,0.012982456140350877,18.3,60,0,3.4,46,16.2,12.4,15.5,0.0,0.0,0.11,20.0,38.0,13674.0,1.0,4.0,43.0,0.0,101760.0
2024-12-18 17:00:00,13.7818490801994,12.5295794777311,0.0,0.01307017543859649,14.4,60,0,4.2,74,14.9,12.6,15.5,0.0,0.0,0.03,19.0,42.0,4865.0,0.0,2.0,48.0,0.0,101750.0
2024-12-18 18:00:00,13.7507254106195,12.4041348399738,0.0,0.013157894736842105,13.7,62,0,0.8,90,13.4,12.8,15.5,0.0,0.0,0.0,15.0,53.0,162.0,0.0,0.0,54.0,0.0,101750.0
2024-12-18 19:00:00,13.7654576249013,12.3877427328663,0.0,0.013245614035087718,12.7,62,0,1.3,184,12.3,12.8,15.5,0.0,0.0,0.0,12.0,55.0,0.0,0.0,0.0,179.0,0.0,101770.0
2024-12-18 20:00:00,13.7707771354157,12.5533179938102,0.0,0.013333333333333332,12.2,57,2,2.4,222,11.5,12.8,15.5,0.0,0.0,0.0,11.0,65.0,0.0,0.0,1.0,180.0,0.0,101780.0
2024-12-18 21:00:00,13.7636506267685,12.5113169683756,0.0,0.013421052631578946,12.1,49,7,3.0,221,10.8,12.8,15.5,0.0,0.0,0.01,11.0,56.0,0.0,0.0,1.0,176.0,0.0,101790.0
2024-12-18 22:00:00,13.7816783285033,12.443316897481,0.0,0.01350877192982456,12.3,43,0,2.6,232,10.3,12.7,15.5,0.0,0.0,0.01,10.0,48.0,0.0,0.0,1.0,178.0,0.0,101760.0
2024-12-18 23:00:00,13.7907201156454,12.4588065686258,0.0,0.013596491228070174,11.8,43,0,3.9,235,9.9,12.6,15.5,0.0,0.0,0.02,11.0,47.0,0.0,0.0,1.0,184.0,0.0,101760.0
2024-12-19 00:00:00,13.9049492433852,12.5794569049839,0.0,0.013684210526315788,11.3,40,0,5.6,233,9.6,12.5,15.5,0.0,0.0,0.03,11.0,44.0,0.0,0.0,2.0,178.0,0.0,101720.0
2024-12-19 01:00:00,13.9409225081578,12.4984649464652,0.0,0.013771929824561402,10.5,37,6,4.4,222,8.4,12.4,15.5,0.0,0.0,0.02,11.0,40.0,0.0,0.0,2.0,186.0,0.0,101640.0
2024-12-19 02:00:00,13.7608688007353,12.4845239477552,0.0,0.013859649122807016,9.3,35,0,6.4,240,8.4,12.3,15.5,0.0,0.0,0.04,13.0,36.0,0.0,0.0,1.0,194.0,0.0,101590.0
2024-12-19 03:00:00,13.8050756318917,12.4627332549969,0.0,0.01394736842105263,8.8,36,9,6.0,253,8.4,12.1,15.5,0.0,0.0,0.03,12.0,38.0,0.0,0.0,2.0,180.0,0.0,101560.0
2024-12-19 04:00:00,13.7790603378935,12.4583210917272,0.0,0.014035087719298244,9.0,35,23,6.1,243,8.3,12.0,15.5,0.0,0.0,0.04,12.0,39.0,0.0,0.0,2.0,180.0,0.0,101540.0
2024-12-19 05:00:00,13.8359300301276,12.5190170314717,0.0,0.014122807017543858,9.2,34,20,7.1,234,8.3,11.8,15.4,0.0,0.0,0.04,13.0,37.0,0.0,0.0,4.0,258.0,0.0,101530.0
2024-12-19 06:00:00,13.919838174761,12.6624098972905,0.0,0.014210526315789472,9.0,36,2,6.7,257,8.2,11.7,15.4,0.0,0.0,0.04,12.0,37.0,0.0,0.0,2.0,198.0,0.0,101520.0
2024-12-19 07:00:00,13.7728034153072,12.6497106166842,0.0,0.014298245614035086,10.6,30,3,11.4,238,8.3,11.6,15.4,0.0,0.0,0.08,13.0,36.0,0.0,0.0,3.0,233.0,0.0,101530.0
2024-12-19 08:00:00,13.8131718505801,12.5548526942954,0.0,0.0143859649122807,12.8,30,12,13.8,225,9.0,11.5,15.4,0.0,0.0,0.11,12.0,37.0,546.0,0.0,3.0,234.0,0.0,101560.0
2024-12-19 09:00:00,13.7887727196416,12.6223550958882,0.0,0.014473684210526314,16.2,32,65,13.0,228,10.3,11.5,15.4,0.0,0.0,0.16,14.0,30.0,6241.0,0.0,4.0,185.0,0.0,101600.0
2024-12-19 10:00:00,13.8123146599368,12.644081855627,0.0,0.014561403508771928,19.6,31,43,10.2,235,12.2,11.5,15.4,0.0,0.0,0.24,16.0,30.0,16820.0,1.0,2.0,258.0,0.0,101620.0
2024-12-19 11:00:00,13.7938026589988,12.4659575804589,0.0,0.014649122807017544,21.5,31,32,9.6,242,14.1,11.7,15.4,0.0,0.0,0.31,19.0,27.0,30815.0,1.5,3.0,268.5,0.0,101600.0
2024-12-19 12:00:00,13.7756623104381,12.5325125114066,0.0,0.014736842105263158,22.4,28,35,12.3,250,15.8,12.0,15.4,0.0,0.0,0.37,22.0,24.0,44810.0,2.0,4.0,279.0,0.0,101580.0
2024-12-19 13:00:00,13.8439742438667,12.6129989186303,0.0,0.014824561403508772,23.1,28,88,9.0,262,16.7,12.3,15.4,0.0,0.0,0.36,22.0,25.0,22680.0,1.0,4.0,279.0,0.0,101480.0
2024-12-19 14:00:00,13.7891341360266,12.7090145515524,0.0,0.014912280701754385,22.7,33,99,6.3,273,17.3,12.6,15.4,0.0,0.0,0.26,23.0,26.0,44211.0,2.0,2.0,220.0,0.0,101400.0
2024-12-19 15:00:00,13.7269692048813,12.6580142578074,0.0,0.015,21.4,41,100,4.2,283,17.3,13.0,15.4,0.0,0.0,0.14,23.0,26.0,18441.0,1.0,0.0,306.0,0.0,101350.0
2024-12-19 16:00:00,13.8859137767529,12.5213041179311,0.0,0.015087719298245613,19.6,49,90,3.1,305,16.6,13.2,15.4,0.0,0.0,0.07,22.0,29.0,12148.0,1.0,2.0,258.0,0.0,101340.0
2024-12-19 17:00:00,14.0925960497917,12.5993022438787,0.0,0.015175438596491227,18.2,45,100,2.2,290,15.7,13.4,15.4,0.0,0.0,0.03,21.0,32.0,1889.0,0.0,0.0,206.0,0.0,101320.0
2024-12-19 18:00:00,13.9787532719344,12.5927324185361,0.0,0.015263157894736841,16.2,57,100,1.6,270,14.7,13.6,15.4,0.1,0.1,0.0,19.0,37.0,0.0,0.0,0.0,288.0,0.0,101360.0
2024-12-19 19:00:00,13.8845612150629,12.6637459108494,0.0,0.015350877192982455,14.5,58,37,6.0,201,13.7,13.6,15.4,0.0,0.0,0.02,18.0,39.0,0.0,0.0,2.0,211.0,0.0,101410.0
2024-12-19 20:00:00,14.0699823370805,12.9537132153547,0.0,0.01543859649122807,13.0,59,12,6.9,211,12.9,13.7,15.4,0.0,0.0,0.02,17.0,42.0,0.0,0.0,1.0,216.0,0.0,101460.0
2024-12-19 21:00:00,14.0735498270734,12.7201181370131,0.0,0.015526315789473683,13.1,61,24,7.6,219,12.4,13.6,15.4,0.0,0.0,0.02,16.0,47.0,0.0,0.0,0.0,192.0,0.0,101470.0
2024-12-19 22:00:00,13.8270666057055,12.7644900791044,0.0,0.015614035087719297,12.9,66,62,6.8,218,12.1,13.6,15.4,0.0,0.0,0.02,15.0,47.0,0.0,0.0,1.0,182.0,0.0,101470.0
2024-12-19 23:00:00,13.9009575320785,12.7607531746899,0.0,0.01570175438596491,13.1,69,94,6.8,223,11.9,13.5,15.4,0.0,0.0,0.01,15.0,49.0,0.0,0.0,1.0,186.0,0.0,101470.0
2024-12-20 00:00:00,13.9661725514872,12.6666997493853,0.0,0.015789473684210527,13.4,70,63,6.5,237,11.9,13.5,15.4,0.0,0.0,0.01,17.0,49.0,0.0,0.0,1.0,174.0,0.0,101440.0
2024-12-20 01:00:00,14.0098637418258,12.7608890445943,0.0,0.01587719298245614,14.5,62,98,6.6,262,13.8,13.9,15.4,0.0,0.0,0.02,15.0,57.0,0.0,0.0,1.0,6.0,0.0,101450.0
2024-12-20 02:00:00,13.8727375776731,12.9183936069717,0.0,0.015964912280701755,15.1,61,100,7.3,255,13.5,13.9,15.4,0.0,0.0,0.03,15.0,50.0,0.0,0.0,1.0,223.0,0.0,101460.0
2024-12-20 03:00:00,14.1527613364715,12.7165588341684,0.0,0.016052631578947367,14.4,59,100,7.9,243,13.1,13.9,15.4,0.0,0.0,0.03,16.0,46.0,0.0,0.0,3.0,239.0,0.0,101460.0
2024-12-20 04:00:00,13.8794120626192,12.8511244786509,0.0,0.016140350877192983,13.9,60,100,11.4,219,12.9,13.9,15.4,0.0,0.0,0.04,16.0,55.0,0.0,0.0,1.0,228.0,0.0,101470.0
2024-12-20 05:00:00,13.9172686057375,13.0444274184649,0.0,0.016228070175438595,13.7,68,99,11.3,219,12.8,13.8,15.4,0.0,0.0,0.03,15.0,65.0,0.0,0.0,1.0,233.0,0.0,101450.0
2024-12-20 06:00:00,14.0882556199358,12.884644519907,0.0,0.01631578947368421,13.2,76,99,10.0,222,12.6,13.8,15.4,0.0,0.0,0.02,15.0,65.0,0.0,0.0,1.0,204.0,0.0,101430.0
2024-12-20 07:00:00,13.9806758556472,12.8369198912664,0.0,0.016403508771929823,12.7,80,96,7.7,232,12.4,13.8,15.4,0.0,0.0,0.0,15.0,66.0,0.0,0.0,1.0,198.0,0.0,101480.0
2024-12-20 08:00:00,13.927630462876,12.9436312688449,0.0,0.01649122807017544,13.1,80,94,5.0,229,12.4,13.7,15.4,0.0,0.0,0.02,12.0,76.0,1548.0,0.0,0.0,108.0,0.0,101520.0
2024-12-20 09:00:00,14.0628603617918,13.0099139924581,0.0,0.01657894736842105,15.4,74,99,4.0,210,13.2,13.7,15.4,0.0,0.0,0.07,14.0,70.0,6583.0,0.0,0.0,200.0,0.0,101550.0
2024-12-20 10:00:00,14.1278392697913,13.0750706121218,0.0,0.016666666666666666,17.1,66,92,2.4,171,14.4,13.7,15.4,0.0,0.0,0.12,17.0,64.0,23649.0,1.0,2.0,261.0,0.0,101570.0
2024-12-20 11:00:00,13.9121101513297,13.1298215669289,0.0,0.01675438596491228,18.1,62,81,0.8,198,15.7,13.9,15.4,0.0,0.0,0.19,18.0,57.0,15164.0,1.0,2.0,270.0,0.0,101550.0
2024-12-20 12:00:00,14.0259485449204,13.154238303715,0.0,0.016842105263157894,19.0,58,86,2.7,340,17.2,14.0,15.4,0.0,0.0,0.28,21.0,48.0,57259.0,3.0,1.0,312.0,0.0,101440.0
2024-12-20 13:00:00,13.9261906428925,12.8817931249558,0.0,0.016929824561403507,20.5,51,97,5.2,321,18.5,14.3,15.4,0.0,0.0,0.29,20.0,48.0,44619.0,2.0,3.0,325.0,0.0,101320.0
2024-12-20 14:00:00,14.0977870652993,13.2553213267958,0.0,0.017017543859649122,20.5,51,98,8.0,342,18.8,14.5,15.4,0.0,0.0,0.25,19.0,55.0,18957.0,1.0,4.0,17.0,0.0,101250.0
2024-12-20 15:00:00,13.9579959610811,13.2011686147556,0.0,0.017105263157894735,18.7,61,34,12.5,6,18.4,14.8,15.4,0.0,0.0,0.17,19.0,57.0,24307.0,1.0,4.0,4.0,0.0,101240.0
2024-12-20 16:00:00,14.0274503838874,13.1783265564445,0.0,0.01719298245614035,17.5,68,38,8.5,22,17.9,15.0,15.4,0.0,0.0,0.11,18.0,63.0,10990.0,1.0,3.0,18.0,0.0,101280.0
2024-12-20 17:00:00,14.1259176549743,13.2269036914206,0.0,0.017280701754385962,15.0,83,66,4.7,37,16.8,15.1,15.4,0.0,0.0,0.02,17.5,64.5,6967.5,0.5,3.0,24.0,0.0,101300.0
2024-12-20 18:00:00,14.0773455098318,13.2634153164896,0.0,0.017368421052631578,14.7,84,54,5.6,77,15.9,15.2,15.4,0.0,0.0,0.0,17.0,66.0,2945.0,0.0,3.0,30.0,0.0,101320.0
2024-12-20 19:00:00,14.0888382609542,13.4277696157474,0.0,0.01745614035087719,14.4,84,100,4.2,102,15.3,15.2,15.5,0.0,0.0,0.0,15.0,78.0,0.0,0.0,1.0,85.0,0.0,101360.0
2024-12-20 20:00:00,14.10050175475,13.064775631537,0.0,0.017543859649122806,14.4,82,100,3.5,129,15.0,15.2,15.5,0.0,0.0,0.0,14.0,82.0,0.0,0.0,2.0,126.0,0.0,101380.0
2024-12-20 21:00:00,14.1037105517453,13.4632628245716,0.0,0.01763157894736842,14.1,82,100,2.2,165,14.7,15.2,15.5,0.0,0.0,0.0,13.0,87.0,0.0,0.0,1.0,110.0,0.0,101400.0
2024-12-20 22:00:00,14.0481706638206,13.4548534905559,0.0,0.017719298245614034,14.4,79,100,1.1,330,14.4,15.2,15.5,0.0,0.0,0.0,14.0,83.0,0.0,0.0,1.0,145.0,0.0,101420.0
2024-12-20 23:00:00,14.1270023917449,13.5212243468471,0.0,0.017807017543859646,14.4,81,100,1.0,352,14.3,15.1,15.5,0.0,0.0,0.0,13.0,84.0,0.0,0.0,0.0,66.0,0.0,101410.0
2024-12-21 00:00:00,14.0665259555384,13.4230044354578,0.0,0.017894736842105262,13.9,83,88,0.4,23,14.1,15.1,15.5,0.0,0.0,0.0,12.0,87.0,0.0,0.0,0.0,166.0,0.0,101430.0
2024-12-21 01:00:00,14.083514668083,13.3051111101113,0.0,0.017982456140350878,12.2,81,88,0.2,29,12.9,15.0,15.5,0.0,0.0,0.0,10.0,87.0,0.0,0.0,0.0,174.0,0.0,101410.0
2024-12-21 02:00:00,14.0820093251209,13.3682850620621,0.0,0.01807017543859649,11.6,82,100,1.7,71,12.4,14.9,15.5,0.0,0.0,0.0,10.0,84.0,0.0,0.0,0.0,204.0,0.0,101400.0
2024-12-21 03:00:00,14.3703586683774,13.4769818698482,0.0,0.018157894736842106,11.8,80,100,1.5,72,12.1,14.7,15.5,0.0,0.0,0.0,10.0,85.0,0.0,0.0,0.0,152.0,0.0,101370.0
2024-12-21 04:00:00,14.0296421535876,13.5018948680593,0.0,0.018245614035087718,12.3,81,100,0.7,56,12.2,14.6,15.5,0.0,0.0,0.0,12.0,82.0,0.0,0.0,0.0,138.0,0.0,101370.0
2024-12-21 05:00:00,14.3073157111011,13.4230292472591,0.0,0.018333333333333333,12.2,83,100,0.6,64,12.2,14.5,15.5,0.0,0.0,0.0,10.0,87.0,0.0,0.0,1.0,349.0,0.0,101360.0
2024-12-21 06:00:00,14.265225946845,13.6688101953851,0.0,0.018421052631578946,12.5,82,100,1.0,71,12.3,14.4,15.6,0.0,0.0,0.0,10.0,84.0,0.0,0.0,0.0,198.0,0.0,101390.0
2024-12-21 07:00:00,14.1190616503247,13.4702242729599,0.0,0.01850877192982456,12.8,81,100,1.8,68,12.3,14.3,15.6,0.0,0.0,0.0,11.0,83.0,0.0,0.0,0.0,180.0,0.0,101430.0
2024-12-21 08:00:00,14.0617983055718,13.5336627429971,0.0,0.018596491228070174,13.1,83,100,4.1,65,12.4,14.2,15.6,0.0,0.0,0.02,11.0,84.0,0.0,0.0,0.0,6.0,0.0,101460.0
2024-12-21 09:00:00,14.1320588599333,13.6022139713402,0.0,0.01868421052631579,14.4,79,100,6.8,52,13.0,14.1,15.6,0.0,0.0,0.05,11.0,85.0,512.0,0.0,0.0,54.0,0.0,101480.0
2024-12-21 10:00:00,14.0802157196716,13.5036378598688,0.0,0.0187719298245614,15.3,74,100,12.5,46,13.8,14.1,15.6,0.0,0.0,0.1,12.0,83.0,6658.0,0.0,1.0,42.0,0.0,101540.0
2024-12-21 11:00:00,13.9093511490683,13.9000402489624,0.0,0.018859649122807017,16.4,67,100,13.7,45,14.8,14.2,15.6,0.0,0.0,0.18,15.0,82.0,13122.0,0.0,2.0,18.0,0.0,101630.0
2024-12-21 12:00:00,14.2361183487463,14.5271010035123,0.0,0.01894736842105263,16.9,65,100,13.9,42,15.7,14.3,15.6,0.0,0.0,0.21,16.0,77.0,17459.0,1.0,4.0,54.0,0.0,101660.0
2024-12-21 13:00:00,14.182806072197,14.9459999382995,0.0,0.019035087719298245,17.1,66,93,15.7,44,16.2,14.4,15.6,0.0,0.0,0.25,16.0,72.0,24553.0,1.0,1.0,48.0,0.0,101610.0
2024-12-21 14:00:00,14.3323816468941,15.4394832501988,0.0,0.019122807017543857,16.9,67,100,18.0,46,16.9,14.6,15.6,0.0,0.0,0.24,17.0,68.0,18620.0,1.0,2.0,54.0,0.0,101560.0
2024-12-21 15:00:00,14.2847735983864,15.8003967178873,0.0,0.019210526315789473,16.3,67,100,17.7,52,16.8,14.7,15.6,0.0,0.0,0.17,16.0,70.0,18015.0,1.0,3.0,72.0,0.0,101530.0
2024-12-21 16:00:00,14.2308435614421,16.2897086136153,0.0,0.019298245614035085,15.5,69,100,14.8,53,16.3,14.8,15.6,0.0,0.0,0.1,16.0,71.0,12153.0,0.0,3.0,86.0,0.0,101500.0
2024-12-21 17:00:00,14.1022509568637,16.5492612224978,0.0,0.0193859649122807,14.3,74,100,12.7,57,15.6,14.9,15.6,0.0,0.0,0.05,16.0,67.0,7078.0,0.0,2.0,48.0,0.0,101550.0
2024-12-21 18:00:00,14.243149399826,16.5999998800418,0.0,0.019473684210526313,13.6,78,100,10.3,68,14.9,14.9,15.6,0.0,0.0,0.01,15.0,71.0,1220.0,0.0,2.0,60.0,0.0,101610.0
2024-12-21 19:00:00,14.288572127737,16.842034603432,0.0,0.01956140350877193,13.2,80,99,8.7,67,14.3,14.9,15.6,0.0,0.0,0.01,14.0,74.0,0.0,0.0,2.0,83.0,0.0,101620.0
2024-12-21 20:00:00,14.1860916096802,16.9346077987395,0.0,0.01964912280701754,12.6,82,77,7.7,62,13.7,14.9,15.6,0.0,0.0,0.0,14.0,74.0,0.0,0.0,2.0,104.0,0.0,101640.0
2024-12-21 21:00:00,14.3871529326568,17.2707097945746,0.0,0.019736842105263157,11.9,82,1,7.9,62,13.1,14.8,15.6,0.0,0.0,0.0,12.0,81.0,0.0,0.0,0.0,138.0,0.0,101670.0
2024-12-21 22:00:00,14.3768809983961,17.2162537495202,0.0,0.01982456140350877,11.0,82,1,5.2,65,12.4,14.7,15.6,0.0,0.0,0.0,11.0,84.0,0.0,0.0,2.0,72.0,0.0,101660.0
2024-12-21 23:00:00,14.439231511899,17.2486372590969,0.0,0.019912280701754385,10.8,81,0,2.6,48,11.7,14.6,15.6,0.0,0.0,0.0,10.0,84.0,0.0,0.0,1.0,116.0,0.0,101680.0
2024-12-22 00:00:00,14.1742149831449,17.3708499875701,0.0,0.019999999999999997,10.5,81,0,2.2,48,11.2,14.4,15.6,0.0,0.0,0.0,11.0,77.0,0.0,0.0,0.0,86.0,0.0,101700.0
2024-12-22 01:00:00,14.4001498309746,17.3529864685661,0.0,0.020087719298245613,10.5,76,3,1.3,36,11.6,14.4,15.7,0.0,0.0,0.0,8.0,84.0,0.0,0.0,0.0,186.0,0.0,101720.0
2024-12-22 02:00:00,14.3224459439999,17.6472180132013,0.0,0.020175438596491225,9.8,79,18,1.2,7,11.0,14.3,15.7,0.0,0.0,0.0,8.0,87.0,0.0,0.0,0.0,186.0,0.0,101710.0
2024-12-22 03:00:00,14.3494216116849,17.6177642280383,0.0,0.02026315789473684,9.1,82,19,2.7,295,10.5,14.1,15.7,0.0,0.0,0.0,7.0,86.0,0.0,0.0,1.0,165.0,0.0,101710.0
2024-12-22 04:00:00,14.2624529046825,17.5371308544891,0.0,0.020350877192982456,8.4,85,1,3.7,295,10.1,13.9,15.7,0.0,0.0,0.0,7.0,88.0,0.0,0.0,1.0,186.0,0.0,101690.0
2024-12-22 05:00:00,14.4797279082349,17.7552959304475,0.0,0.02043859649122807,8.3,87,0,5.2,288,10.0,13.7,15.7,0.0,0.0,0.0,7.0,85.0,0.0,0.0,0.0,228.0,0.0,101690.0
2024-12-22 06:00:00,14.3689260151688,17.8569318773382,0.0,0.020526315789473684,7.3,92,0,7.2,256,9.8,13.5,15.7,0.0,0.0,0.0,6.0,88.0,0.0,0.0,1.0,159.0,0.0,101670.0
2024-12-22 07:00:00,14.4882707622219,17.8422203078661,0.0,0.020614035087719296,6.9,92,0,5.2,273,9.6,13.3,15.7,0.0,0.0,0.0,5.0,88.0,0.0,0.0,0.0,168.0,0.0,101690.0
2024-12-22 08:00:00,14.3502725686074,17.7453921873998,0.0,0.020701754385964912,8.0,87,0,1.9,311,9.6,13.2,15.7,0.0,0.0,0.01,5.0,89.0,0.0,0.0,0.0,180.0,0.0,101730.0
2024-12-22 09:00:00,14.3942565279157,17.9788590659892,0.0,0.020789473684210524,11.6,76,0,2.4,292,10.6,13.0,15.6,0.0,0.0,0.06,5.0,89.0,2816.0,0.0,0.0,180.0,0.0,101780.0
2024-12-22 10:00:00,14.3720136854469,18.0216018684948,0.0,0.02087719298245614,14.2,63,0,4.2,315,12.2,13.0,15.6,0.0,0.0,0.16,11.0,75.0,9883.0,1.0,0.0,204.0,0.0,101800.0
2024-12-22 11:00:00,14.4189925201634,17.9254098041034,0.0,0.020964912280701752,16.1,57,0,6.1,310,13.9,13.1,15.6,0.0,0.0,0.24,13.0,73.0,23247.0,1.0,2.0,258.0,0.0,101780.0
2024-12-22 12:00:00,14.505490577192,17.9094488410612,0.0,0.021052631578947368,17.0,53,0,9.3,342,15.3,13.2,15.6,0.0,0.0,0.28,15.0,63.0,36932.0,2.0,1.0,282.0,0.0,101750.0
2024-12-22 13:00:00,14.4763488302327,18.0237212602516,0.0,0.02114035087719298,16.9,55,0,9.3,22,15.8,13.3,15.6,0.0,0.0,0.29,18.0,53.0,42565.0,2.0,1.0,59.0,0.0,101630.0
2024-12-22 14:00:00,14.5665280283149,18.0618058052878,0.0,0.021228070175438596,16.9,57,0,7.7,38,16.6,13.5,15.6,0.0,0.0,0.26,17.0,52.0,40712.0,2.0,0.0,310.0,0.0,101550.0
2024-12-22 15:00:00,14.4349985342193,18.0966605450593,0.0,0.021315789473684208,16.7,58,0,8.8,42,16.8,13.8,15.6,0.0,0.0,0.2,17.0,55.0,31720.0,2.0,2.0,8.0,0.0,101500.0
2024-12-22 16:00:00,14.6409136085165,18.0860104989788,0.0,0.021403508771929824,16.1,62,0,4.5,77,16.4,14.0,15.6,0.0,0.0,0.11,17.0,61.0,18082.0,1.0,4.0,24.0,0.0,101520.0
2024-12-22 17:00:00,14.7214198098733,18.0885126003382,0.0,0.021491228070175436,14.0,69,0,0.7,114,15.2,14.1,15.6,0.0,0.0,0.01,17.0,59.0,6696.0,0.0,2.0,130.0,0.0,101450.0
2024-12-22 18:00:00,14.8471175514972,18.3343022863989,0.0,0.02157894736842105,12.7,74,0,1.3,184,13.8,14.1,15.6,0.0,0.0,0.0,16.0,65.0,1020.0,0.0,0.0,222.0,0.0,101450.0
2024-12-22 19:00:00,14.6769851819104,18.4106743545288,0.0,0.021666666666666664,12.3,75,0,0.8,338,12.8,14.1,15.6,0.0,0.0,0.0,13.0,75.0,0.0,0.0,1.0,48.0,0.0,101440.0
2024-12-22 20:00:00,14.7062174487947,18.0404736267061,0.0,0.02175438596491228,11.6,77,0,1.9,288,11.9,14.0,15.6,0.0,0.0,0.0,11.0,79.0,0.0,0.0,0.0,162.0,0.0,101470.0
2024-12-22 21:00:00,14.7952572774104,18.5358441189302,0.0,0.021842105263157892,10.9,79,0,2.3,300,11.3,13.9,15.6,0.0,0.0,0.0,10.0,82.0,0.0,0.0,2.0,157.0,0.0,101470.0
2024-12-22 22:00:00,14.9592664087651,18.1602706916179,0.0,0.021929824561403508,9.8,82,0,4.6,194,10.7,13.8,15.6,0.0,0.0,0.0,11.0,83.0,0.0,0.0,2.0,152.0,0.0,101450.0
2024-12-22 23:00:00,14.8355303572966,18.2577387923539,0.0,0.02201754385964912,9.4,83,0,5.1,222,10.4,13.6,15.6,0.0,0.0,0.0,9.0,85.0,0.0,0.0,0.0,186.0,0.0,101400.0
2024-12-23 00:00:00,14.6481933429365,18.4125216199334,0.0,0.022105263157894735,9.1,84,0,5.8,250,10.1,13.5,15.6,0.0,0.0,0.0,7.0,87.0,0.0,0.0,0.0,111.0,0.0,101410.0
2024-12-23 01:00:00,14.7233403631104,18.3225892537214,0.0,0.022192982456140348,9.1,78,0,6.2,224,9.8,13.4,15.6,0.0,0.0,0.0,7.0,88.0,0.0,0.0,0.0,264.0,0.0,101320.0
2024-12-23 02:00:00,14.708821308015,18.1016070289512,0.0,0.022280701754385963,9.7,73,0,9.8,221,9.8,13.3,15.6,0.0,0.0,0.02,7.0,85.0,0.0,0.0,1.0,186.0,0.0,101220.0
2024-12-23 03:00:00,14.7393420166791,18.3962953129692,0.0,0.022368421052631576,9.7,74,0,9.2,231,9.8,13.1,15.6,0.0,0.0,0.01,7.0,87.0,0.0,0.0,2.0,228.0,0.0,101160.0
2024-12-23 04:00:00,14.7472560594617,18.3346543048203,0.0,0.02245614035087719,8.9,77,0,6.0,229,9.6,13.0,15.6,0.0,0.0,0.0,10.0,79.0,0.0,0.0,3.0,258.0,0.0,101090.0
2024-12-23 05:00:00,14.9830317175776,18.5030231952088,0.0,0.022543859649122807,9.0,73,0,1.3,220,9.1,12.8,15.6,0.0,0.0,0.0,10.0,79.0,0.0,0.0,1.0,288.0,0.0,101090.0
2024-12-23 06:00:00,14.8297988696743,18.45807497037,0.0,0.02263157894736842,8.6,73,0,3.4,208,8.8,12.6,15.6,0.0,0.0,0.0,8.0,83.0,0.0,0.0,1.0,180.0,0.0,101100.0
2024-12-23 07:00:00,14.8212273660331,18.3897878847635,0.0,0.022719298245614035,8.7,70,0,6.4,225,8.5,12.5,15.6,0.0,0.0,0.01,10.0,73.0,0.0,0.0,2.0,228.0,0.0,101090.0
2024-12-23 08:00:00,14.7766289130979,18.4278667167467,0.0,0.022807017543859647,9.9,69,0,2.2,247,8.6,12.3,15.6,0.0,0.0,0.01,11.0,70.0,0.0,0.0,3.0,222.0,0.0,101090.0
2024-12-23 09:00:00,14.7607033629228,18.6289530146787,0.0,0.022894736842105263,11.9,66,0,2.3,90,9.9,12.2,15.6,0.0,0.0,0.07,10.0,70.0,4137.0,0.0,2.0,216.0,0.0,101110.0
2024-12-23 10:00:00,14.6739066143629,18.6095670199652,0.0,0.022982456140350875,14.8,57,0,2.4,90,11.7,12.2,15.6,0.0,0.0,0.16,14.0,62.0,11628.0,1.0,2.0,276.0,0.0,101170.0
2024-12-23 11:00:00,14.6479422582458,18.5067518320831,0.0,0.02307017543859649,17.1,51,0,5.1,63,13.5,12.3,15.6,0.0,0.0,0.25,15.0,54.0,27073.0,1.0,3.0,204.0,0.0,101200.0
2024-12-23 12:00:00,14.8240237623845,18.618924424429,0.0,0.023157894736842103,18.4,51,0,10.9,60,15.1,12.5,15.6,0.0,0.0,0.3,17.0,47.0,40338.0,2.0,3.0,228.0,0.0,101180.0
2024-12-23 13:00:00,14.9952319506827,18.6430103370761,0.0,0.02324561403508772,19.3,48,0,7.3,52,16.6,12.8,15.6,0.0,0.0,0.31,19.0,43.0,44965.0,2.0,1.0,305.0,0.0,101050.0
2024-12-23 14:00:00,14.9425023321428,18.5463316426919,0.0,0.02333333333333333,19.1,52,0,11.2,48,17.2,13.1,15.6,0.0,0.0,0.29,21.0,38.0,42326.0,3.0,2.0,336.0,0.0,100950.0
2024-12-23 15:00:00,14.9718989335656,18.5763085184324,0.0,0.023421052631578947,17.7,57,0,15.5,50,17.2,13.4,15.6,0.0,0.0,0.22,20.0,49.0,30957.0,2.0,3.0,20.0,0.0,100910.0
2024-12-23 16:00:00,15.118093126512,18.6326905736551,0.0,0.02350877192982456,16.3,63,0,15.7,56,16.6,13.7,15.6,0.0,0.0,0.14,19.0,47.0,16840.0,1.0,3.0,84.0,0.0,100910.0
2024-12-23 17:00:00,15.1873281096927,18.7233337263,0.0,0.023596491228070175,13.9,73,0,8.5,69,15.5,13.8,15.6,0.0,0.0,0.04,18.0,57.0,5777.0,0.0,5.0,60.0,0.0,100980.0
2024-12-23 18:00:00,15.0186700403687,18.6410239061111,0.0,0.023684210526315787,12.2,79,0,3.3,72,14.0,13.9,15.6,0.0,0.0,0.0,15.0,69.0,515.0,0.0,1.0,104.0,0.0,101010.0
2024-12-23 19:00:00,15.3326996252879,18.6609431597387,0.0,0.023771929824561402,11.4,80,0,4.8,54,12.7,13.9,15.6,0.0,0.0,0.0,13.0,74.0,0.0,0.0,0.0,126.0,0.0,101050.0
2024-12-23 20:00:00,15.1744447939605,18.7948575558697,0.0,0.023859649122807015,11.0,82,0,3.7,70,11.8,13.8,15.6,0.0,0.0,0.0,10.0,83.0,0.0,0.0,0.0,102.0,0.0,101110.0
2024-12-23 21:00:00,15.2671316331311,18.9192074115827,0.0,0.02394736842105263,10.7,81,0,2.2,63,10.9,13.7,15.6,0.0,0.0,0.0,9.0,84.0,0.0,0.0,0.0,180.0,0.0,101190.0
2024-12-23 22:00:00,15.0143318269456,18.7897470494264,0.0,0.024035087719298243,10.5,79,0,2.2,74,10.3,13.6,15.6,0.0,0.0,0.0,8.0,87.0,0.0,0.0,0.0,198.0,0.0,101210.0
2024-12-23 23:00:00,15.0020318805249,18.8530107595167,0.0,0.02412280701754386,10.2,73,0,2.1,78,9.7,13.4,15.6,0.0,0.0,0.0,8.0,87.0,0.0,0.0,0.0,178.0,0.0,101240.0
2024-12-24 00:00:00,15.0949163711293,18.7552009664855,0.0,0.02421052631578947,10.0,67,0,1.5,68,9.2,13.2,15.5,0.0,0.0,0.0,7.0,86.0,0.0,0.0,0.0,174.0,0.0,101280.0
2024-12-24 01:00:00,15.1484824880757,18.8199586104649,0.0,0.024298245614035086,8.9,73,0,0.4,56,8.4,13.0,15.5,0.0,0.0,0.0,5.0,84.0,0.0,0.0,0.0,78.0,0.0,101290.0
2024-12-24 02:00:00,15.3797096139523,18.7723795197286,0.0,0.0243859649122807,8.5,69,0,1.0,63,8.1,12.8,15.5,0.0,0.0,0.0,4.0,84.0,0.0,0.0,1.0,186.0,0.0,101270.0
2024-12-24 03:00:00,14.9918049475522,18.9176463106346,0.0,0.024473684210526314,8.0,64,0,1.5,65,7.8,12.6,15.5,0.0,0.0,0.0,4.0,86.0,0.0,0.0,0.0,108.0,0.0,101280.0
2024-12-24 04:00:00,15.1445146050611,18.9806705999142,0.0,0.024561403508771926,8.1,59,0,0.4,58,7.5,12.3,15.5,0.0,0.0,0.0,5.0,86.0,0.0,0.0,1.0,192.0,0.0,101320.0
2024-12-24 05:00:00,15.0402181519885,18.7799019890285,0.0,0.024649122807017542,8.3,57,0,0.4,58,7.2,12.1,15.5,0.0,0.0,0.0,4.0,89.0,0.0,0.0,0.0,186.0,0.0,101310.0
2024-12-24 06:00:00,15.1451964053204,18.6947185261995,0.0,0.024736842105263158,8.1,56,0,0.2,54,6.9,11.9,15.5,0.0,0.0,0.0,3.0,85.0,0.0,0.0,0.0,142.0,0.0,101320.0
2024-12-24 07:00:00,15.1170540045953,18.8326187492942,0.0,0.02482456140350877,7.5,56,0,0.8,43,6.7,11.6,15.5,0.0,0.0,0.0,3.0,83.0,0.0,0.0,0.0,174.0,0.0,101340.0
2024-12-24 08:00:00,15.164193403193,18.7197442543941,0.0,0.024912280701754386,7.5,62,0,3.4,309,6.8,11.4,15.5,0.0,0.0,0.02,3.0,81.0,191.0,0.0,0.0,174.0,0.0,101370.0
2024-12-24 09:00:00,15.1603381625927,18.8914236277974,0.0,0.024999999999999998,10.5,65,0,6.1,285,8.1,11.3,15.5,0.0,0.0,0.07,6.0,76.0,4152.0,0.0,0.0,198.0,0.0,101400.0
2024-12-24 10:00:00,15.1781146536065,18.9106623215352,0.0,0.025087719298245614,13.2,54,0,5.9,312,10.0,11.2,15.5,0.0,0.0,0.16,13.0,59.0,14355.0,1.0,0.0,132.0,0.0,101430.0
2024-12-24 11:00:00,15.277455586075,18.8216889431889,0.0,0.025175438596491226,14.9,49,0,5.3,345,11.9,11.3,15.4,0.0,0.0,0.24,14.0,57.0,29393.0,2.0,2.0,282.0,0.0,101450.0
2024-12-24 12:00:00,15.1930366467742,18.9210512229627,0.0,0.02526315789473684,15.9,46,0,7.4,8,13.5,11.5,15.4,0.0,0.0,0.29,16.0,43.0,41205.0,3.0,0.0,102.0,0.0,101410.0
2024-12-24 13:00:00,15.2761215834627,18.6914564665424,0.0,0.025350877192982454,16.6,42,0,5.8,10,14.7,11.6,15.4,0.0,0.0,0.3,19.0,36.0,44827.0,3.0,2.0,126.0,0.0,101330.0
2024-12-24 14:00:00,15.1508492580095,18.7302637094381,0.0,0.02543859649122807,16.7,43,0,7.2,22,15.4,11.9,15.4,0.0,0.0,0.27,18.0,35.0,40803.0,2.0,1.0,248.0,0.0,101250.0
2024-12-24 15:00:00,15.4625540773448,18.794992461258,0.0,0.02552631578947368,16.2,50,0,9.8,40,15.5,12.2,15.4,0.0,0.0,0.21,18.0,38.0,28380.0,2.0,3.0,52.0,0.0,101220.0
2024-12-24 16:00:00,15.2161970109732,18.7944550320672,0.0,0.025614035087719297,15.2,59,0,8.6,47,15.1,12.5,15.4,0.0,0.0,0.12,17.0,45.0,14091.0,1.0,3.0,54.0,0.0,101220.0
2024-12-24 17:00:00,15.4598490352177,18.8915187150783,0.0,0.02570175438596491,12.0,72,0,5.9,58,13.8,12.6,15.4,0.0,0.0,0.03,17.0,46.0,4784.0,0.0,2.0,38.0,0.0,101230.0
2024-12-24 18:00:00,15.4621646488792,18.9356634530208,0.0,0.025789473684210525,11.4,74,0,3.6,62,12.4,12.7,15.4,0.0,0.0,0.0,14.0,57.0,185.0,0.0,0.0,91.0,0.0,101250.0
2024-12-24 19:00:00,15.4690964220145,19.0139626863649,0.0,0.025877192982456138,11.2,75,0,2.4,53,11.3,12.7,15.4,0.0,0.0,0.0,11.0,71.0,0.0,0.0,0.0,180.0,0.0,101260.0
2024-12-24 20:00:00,15.367630039842,18.9508987500081,0.0,0.025964912280701753,11.1,76,0,0.9,41,10.4,12.6,15.4,0.0,0.0,0.0,9.0,78.0,0.0,0.0,0.0,204.0,0.0,101310.0
2024-12-24 21:00:00,15.3756038124732,18.8486958588738,0.0,0.026052631578947365,10.1,81,0,1.8,2,9.7,12.5,15.4,0.0,0.0,0.0,8.0,72.0,0.0,0.0,1.0,174.0,0.0,101350.0
2024-12-24 22:00:00,15.1876068160476,18.969574127054,0.0,0.02614035087719298,9.3,85,0,4.6,289,9.3,12.4,15.4,0.0,0.0,0.0,8.0,73.0,0.0,0.0,0.0,173.0,0.0,101370.0
2024-12-24 23:00:00,15.4149823188901,18.9045071475,0.0,0.026228070175438593,8.5,87,0,5.0,276,9.2,12.3,15.3,0.0,0.0,0.0,7.0,74.0,0.0,0.0,1.0,186.0,0.0,101410.0
2024-12-25 00:00:00,15.3628988454883,18.9452453026973,0.0,0.02631578947368421,8.0,83,0,6.4,264,8.9,12.1,15.3,0.0,0.0,0.0,9.0,72.0,0.0,0.0,1.0,186.0,0.0,101410.0
2024-12-25 01:00:00,15.408934959914,18.8017686642466,0.0,0.02640350877192982,7.2,82,0,5.9,273,8.2,12.1,15.3,0.0,0.0,0.0,7.0,75.0,0.0,0.0,0.0,216.0,0.0,101360.0
2024-12-25 02:00:00,15.2736748198878,18.9835054602113,0.0,0.026491228070175437,6.9,75,0,4.6,285,7.9,11.9,15.3,0.0,0.0,0.0,5.0,80.0,0.0,0.0,1.0,166.0,0.0,101340.0
2024-12-25 03:00:00,15.5231800880129,18.9045165486363,0.0,0.02657894736842105,7.0,67,0,2.3,307,7.5,11.7,15.3,0.0,0.0,0.0,4.0,81.0,0.0,0.0,0.0,174.0,0.0,101360.0
2024-12-25 04:00:00,15.3930068430114,19.0270105156775,0.0,0.026666666666666665,6.8,62,0,3.6,268,7.2,11.5,15.3,0.0,0.0,0.0,4.0,80.0,0.0,0.0,1.0,156.0,0.0,101340.0
2024-12-25 05:00:00,15.3259673927768,18.917700683267,0.0,0.026754385964912277,6.4,62,0,5.9,258,7.0,11.3,15.3,0.0,0.0,0.01,4.0,80.0,0.0,0.0,1.0,180.0,0.0,101320.0
2024-12-25 06:00:00,15.6579726415878,18.9023411157216,0.0,0.026842105263157893,6.0,62,0,5.8,257,6.9,11.1,15.3,0.0,0.0,0.01,6.0,84.0,0.0,0.0,0.0,204.0,0.0,101310.0
2024-12-25 07:00:00,15.3070318747988,19.1197903810125,0.0,0.026929824561403505,5.3,62,0,4.3,273,6.7,11.0,15.3,0.0,0.0,0.0,4.0,86.0,0.0,0.0,0.0,192.0,0.0,101330.0
2024-12-25 08:00:00,15.3390225659957,19.0741491795437,0.0,0.02701754385964912,6.7,60,0,3.6,268,6.8,10.8,15.2,0.0,0.0,0.02,4.0,85.0,482.0,0.0,0.0,216.0,0.0,101400.0
2024-12-25 09:00:00,15.3430279872133,19.0646578625828,0.0,0.027105263157894736,10.8,60,0,6.0,251,8.0,10.7,15.2,0.0,0.0,0.08,8.0,78.0,5282.0,0.0,0.0,184.0,0.0,101460.0
2024-12-25 10:00:00,15.4225736082611,19.2195870274467,0.0,0.02719298245614035,14.3,57,0,4.3,347,10.0,10.7,15.2,0.0,0.0,0.16,13.0,64.0,17040.0,1.0,0.0,192.0,0.0,101470.0
2024-12-25 11:00:00,15.5496651013044,18.9945962745746,0.0,0.027280701754385964,16.1,48,0,5.9,6,12.0,10.8,15.2,0.0,0.0,0.24,17.0,53.0,31976.0,1.0,0.0,228.0,0.0,101460.0
2024-12-25 12:00:00,16.0209720063126,19.1838686353478,0.0,0.027368421052631577,17.1,47,0,7.4,360,13.6,11.0,15.2,0.0,0.0,0.29,16.0,53.0,41985.0,2.0,1.0,302.0,0.0,101400.0
2024-12-25 13:00:00,16.1483875964337,19.2818947653587,0.0,0.027456140350877192,17.0,49,0,9.6,12,14.2,11.2,15.2,0.0,0.0,0.3,17.0,53.0,43992.0,2.0,3.0,7.0,0.0,101330.0
2024-12-25 14:00:00,16.0561258109327,19.6897182409967,0.0,0.027543859649122805,17.0,54,0,10.6,27,15.0,11.5,15.2,0.0,0.0,0.27,18.0,53.0,38745.0,2.0,1.0,96.0,0.0,101310.0
2024-12-25 15:00:00,16.0805685653906,20.4187056784836,0.0,0.02763157894736842,16.9,55,0,9.9,34,15.3,11.8,15.1,0.0,0.0,0.21,18.0,52.0,26372.0,2.0,3.0,30.0,0.0,101270.0
2024-12-25 16:00:00,16.1514848631681,20.5841296775361,0.0,0.027719298245614032,15.6,62,0,6.7,43,14.9,12.1,15.1,0.0,0.0,0.12,18.0,52.0,12100.0,1.0,3.0,48.0,0.0,101260.0
2024-12-25 17:00:00,16.4446764283368,20.7281557676582,0.0,0.027807017543859648,12.5,70,0,4.6,55,13.7,12.3,15.1,0.0,0.0,0.03,17.0,59.0,3866.0,0.0,3.0,48.0,0.0,101260.0
2024-12-25 18:00:00,16.6729329012074,20.9017920545535,0.0,0.02789473684210526,12.1,72,0,2.3,54,12.2,12.3,15.1,0.0,0.0,0.0,14.0,78.0,0.0,0.0,2.0,48.0,0.0,101300.0
2024-12-25 19:00:00,16.7834227719139,21.2768070564779,0.0,0.027982456140350876,12.2,72,0,1.2,56,11.2,12.4,15.1,0.0,0.0,0.0,12.0,82.0,0.0,0.0,0.0,30.0,0.0,101340.0
2024-12-25 20:00:00,17.0831259349451,21.3814431726056,0.0,0.02807017543859649,12.4,72,0,1.5,54,10.4,12.3,15.1,0.0,0.0,0.0,10.0,84.0,0.0,0.0,1.0,138.0,0.0,101360.0
2024-12-25 21:00:00,17.5045504086346,21.3849187385554,0.0,0.028157894736842104,12.1,72,0,1.7,47,9.8,12.2,15.1,0.0,0.0,0.0,9.0,85.0,0.0,0.0,1.0,192.0,0.0,101350.0
2024-12-25 22:00:00,17.5852668579079,21.5424116260661,0.0,0.028245614035087716,11.7,73,0,1.9,46,9.3,12.1,15.1,0.0,0.0,0.0,8.0,82.0,0.0,0.0,0.0,164.0,0.0,101390.0
2024-12-25 23:00:00,17.5899757573916,21.4463844821638,0.0,0.028333333333333332,11.0,75,0,1.3,40,8.8,12.0,15.1,0.0,0.0,0.0,8.0,83.0,0.0,0.0,1.0,172.0,0.0,101390.0
2024-12-26 00:00:00,17.8689985470832,21.5267777581482,0.0,0.028421052631578944,10.4,78,0,1.5,37,8.4,11.8,15.1,0.0,0.0,0.0,7.0,83.0,0.0,0.0,1.0,171.0,0.0,101370.0
2024-12-26 01:00:00,18.2444027769555,21.6237315075963,0.0,0.02850877192982456,9.6,78,0,1.1,27,7.4,11.8,15.1,0.0,0.0,0.0,6.0,79.0,0.0,0.0,1.0,172.0,0.0,101330.0
2024-12-26 02:00:00,18.2814017724788,21.4442059504189,0.0,0.028596491228070172,9.1,78,0,2.5,357,7.3,11.6,15.1,0.0,0.0,0.0,7.0,88.0,0.0,0.0,0.0,210.0,0.0,101340.0
2024-12-26 03:00:00,18.5864743089586,21.5215688862066,0.0,0.028684210526315788,8.3,80,0,4.8,319,7.3,11.4,15.1,0.0,0.0,0.0,6.0,88.0,0.0,0.0,0.0,198.0,0.0,101340.0
2024-12-26 04:00:00,18.7952702643965,21.5172761898252,0.0,0.0287719298245614,8.2,81,0,5.4,311,7.5,11.2,15.1,0.0,0.0,0.0,5.0,86.0,0.0,0.0,0.0,186.0,0.0,101360.0
2024-12-26 05:00:00,18.8136112564367,21.6594411715675,0.0,0.028859649122807016,7.6,83,0,4.1,334,7.6,11.1,15.0,0.0,0.0,0.0,5.0,86.0,0.0,0.0,0.0,180.0,0.0,101340.0
2024-12-26 06:00:00,19.373245250489,21.7181538425514,0.0,0.028947368421052628,7.4,79,0,3.0,14,7.4,10.9,15.0,0.0,0.0,0.0,5.0,85.0,0.0,0.0,0.0,174.0,0.0,101360.0
2024-12-26 07:00:00,19.2088554341855,21.6751337111267,0.0,0.029035087719298244,8.1,72,0,1.5,37,7.2,10.8,15.0,0.0,0.0,0.0,5.0,79.0,0.0,0.0,0.0,161.0,0.0,101390.0
2024-12-26 08:00:00,19.513779763109,21.6800649839634,0.0,0.029122807017543856,9.6,68,0,0.9,48,7.2,10.6,15.0,0.0,0.0,0.01,4.0,83.0,1020.0,0.0,0.0,180.0,0.0,101430.0
2024-12-26 09:00:00,19.7766107745497,21.6702553917858,0.0,0.02921052631578947,12.6,60,0,5.0,39,8.7,10.6,15.0,0.0,0.0,0.08,9.0,70.0,5976.0,0.0,0.0,198.0,0.0,101460.0
2024-12-26 10:00:00,20.1321283392257,21.6584469452263,0.0,0.029298245614035087,15.0,58,0,10.6,34,10.5,10.6,15.0,0.0,0.0,0.18,11.0,77.0,19188.0,1.0,1.0,292.0,0.0,101520.0
2024-12-26 11:00:00,20.2061155104941,21.7018121994218,0.0,0.0293859649122807,15.9,56,0,16.3,45,12.1,10.7,15.0,0.0,0.0,0.25,13.0,68.5,26867.5,1.5,0.5,320.0,0.0,101515.0
2024-12-26 12:00:00,20.1219936376946,21.8713480863394,0.0,0.029473684210526315,16.3,53,0,16.3,47,13.5,11.0,14.9,0.0,0.0,0.29,15.0,60.0,34547.0,2.0,0.0,348.0,0.0,101510.0
2024-12-26 13:00:00,20.5248751690418,21.6685510460129,0.0,0.029561403508771927,16.6,54,0,16.6,49,14.5,11.1,14.9,0.0,0.0,0.29,18.0,47.0,43531.0,3.0,4.0,69.0,0.0,101440.0
2024-12-26 14:00:00,20.5652650840643,21.705163173863,0.0,0.029649122807017543,16.5,56,0,17.0,53,15.1,11.4,14.9,0.0,0.0,0.27,18.0,44.0,44328.0,3.0,5.0,77.0,0.0,101370.0
2024-12-26 15:00:00,20.6092225608537,21.8426892929945,0.0,0.029736842105263155,16.2,59,0,16.6,55,15.2,11.7,14.9,0.0,0.0,0.21,17.0,53.0,36595.0,2.0,5.0,42.0,0.0,101300.0
2024-12-26 16:00:00,20.8081650127488,21.7608278805187,0.0,0.02982456140350877,15.3,65,0,14.5,55,14.8,12.0,14.9,0.0,0.0,0.13,17.0,52.0,23857.0,1.0,4.0,60.0,0.0,101280.0
2024-12-26 17:00:00,20.9193957484643,21.8848315556396,0.0,0.029912280701754383,12.9,79,0,8.8,54,13.9,12.2,14.9,0.0,0.0,0.03,17.0,58.0,10021.0,1.0,2.0,96.0,0.0,101300.0
2024-12-26 18:00:00,20.9231967607097,21.8491193563016,0.0,0.03,11.0,87,0,6.3,62,12.6,12.3,14.9,0.0,0.0,0.0,15.0,63.0,2880.0,0.0,2.0,43.0,0.0,101320.0
2024-12-26 19:00:00,20.9852384595243,21.7184452081278,0.0,0.03008771929824561,11.0,86,0,2.7,65,11.5,12.3,14.9,0.0,0.0,0.0,13.0,75.0,0.0,0.0,1.0,72.0,0.0,101360.0
2024-12-26 20:00:00,21.0357863689579,21.925284562344,0.0,0.030175438596491227,11.0,83,0,1.7,59,10.6,12.3,14.9,0.0,0.0,0.0,10.0,80.0,0.0,0.0,0.0,228.0,0.0,101410.0
2024-12-26 21:00:00,21.1603325518512,21.7109764376744,0.0,0.03026315789473684,10.7,81,0,1.7,49,9.8,12.2,14.9,0.0,0.0,0.0,9.0,86.0,0.0,0.0,0.0,174.0,0.0,101430.0
2024-12-26 22:00:00,21.3056173325547,21.7628669583855,0.0,0.030350877192982455,10.1,81,0,0.9,39,9.1,12.1,14.9,0.0,0.0,0.0,8.0,84.0,0.0,0.0,0.0,180.0,0.0,101440.0
2024-12-26 23:00:00,21.1069579650116,21.7794089749583,0.0,0.030438596491228067,9.2,85,0,1.0,22,8.6,12.0,14.9,0.0,0.0,0.0,7.0,84.0,0.0,0.0,2.0,192.0,0.0,101460.0
2024-12-27 00:00:00,21.2163269199708,21.7131699172588,0.0,0.030526315789473683,8.6,87,0,1.2,22,8.2,11.8,14.9,0.0,0.0,0.0,7.0,86.0,0.0,0.0,0.0,166.0,0.0,101480.0
2024-12-27 01:00:00,21.2986651006442,21.7837872221297,0.0,0.030614035087719295,7.9,82,0,2.1,5,7.7,11.8,14.9,0.0,0.0,0.0,6.0,86.0,0.0,0.0,1.0,174.0,0.0,101470.0
2024-12-27 02:00:00,21.4316828198321,21.7174040974016,0.0,0.03070175438596491,7.5,87,0,8.8,253,7.7,11.6,14.9,0.0,0.0,0.0,6.0,84.0,0.0,0.0,1.0,178.0,0.0,101440.0
2024-12-27 03:00:00,21.6030594951343,21.7641808962363,0.0,0.030789473684210523,6.0,94,0,11.0,263,7.7,11.4,14.9,0.0,0.0,0.0,5.0,86.0,0.0,0.0,1.0,180.0,0.0,101440.0
2024-12-27 04:00:00,21.3733609948983,21.6675645759115,0.0,0.03087719298245614,5.5,93,0,7.8,265,7.6,11.2,14.8,0.0,0.0,0.0,4.0,84.0,0.0,0.0,1.0,180.0,0.0,101450.0
2024-12-27 05:00:00,21.4321554000296,21.7284826023363,0.0,0.03096491228070175,5.0,91,11,5.9,261,7.4,11.1,14.8,0.0,0.0,0.0,4.0,85.0,0.0,0.0,0.0,180.0,0.0,101450.0
2024-12-27 06:00:00,21.6312461704619,21.587531762608,0.0,0.031052631578947366,4.2,90,24,4.4,265,7.1,10.9,14.8,0.0,0.0,0.0,3.0,86.0,0.0,0.0,1.0,168.0,0.0,101430.0
2024-12-27 07:00:00,21.6505106685075,21.6404021616015,0.0,0.03114035087719298,3.9,84,15,3.9,257,6.8,10.8,14.8,0.0,0.0,0.0,3.0,81.0,0.0,0.0,1.0,180.0,0.0,101450.0
2024-12-27 08:00:00,21.6940165031705,21.6402905471962,0.0,0.031228070175438594,5.0,75,13,3.8,275,6.8,10.6,14.8,0.0,0.0,0.01,3.0,83.0,0.0,0.0,2.0,166.0,0.0,101480.0
2024-12-27 09:00:00,21.5792553599899,21.6413677058577,0.0,0.03131578947368421,8.1,80,25,4.0,347,7.8,10.5,14.8,0.0,0.0,0.05,3.0,85.0,1905.0,0.0,0.0,180.0,0.0,101510.0
2024-12-27 10:00:00,21.6785373547118,21.6438539502735,0.0,0.03140350877192982,11.1,70,3,5.5,6,9.4,10.5,14.8,0.0,0.0,0.13,8.0,76.0,7203.0,0.0,0.0,192.0,0.0,101550.0
2024-12-27 11:00:00,21.4671968872132,21.3457398909744,0.0,0.03149122807017544,13.7,57,0,7.7,350,11.2,10.5,14.8,0.0,0.0,0.23,12.0,62.0,22139.0,1.0,0.0,270.0,0.0,101620.0
2024-12-27 12:00:00,21.5522060316837,21.5669601900322,0.0,0.031578947368421054,15.2,53,0,10.9,15,12.7,10.7,14.7,0.0,0.0,0.28,15.0,56.0,35749.0,1.0,0.0,318.0,0.0,101620.0
2024-12-27 13:00:00,21.6425724698823,21.7288805764604,0.0,0.03166666666666666,15.9,49,0,11.7,37,14.0,11.1,14.7,0.0,0.0,0.3,15.0,59.0,42866.0,2.0,3.0,24.0,0.0,101550.0
2024-12-27 14:00:00,21.7088275525265,21.7025552390658,0.0,0.03175438596491228,16.3,45,0,15.9,53,14.6,11.4,14.7,0.0,0.0,0.29,16.0,45.0,42986.0,3.0,2.0,348.0,0.0,101450.0
2024-12-27 15:00:00,21.5867893912449,21.4174419817798,0.0,0.031842105263157894,15.8,46,0,18.4,56,14.7,11.7,14.7,0.0,0.0,0.24,16.0,42.0,34410.0,2.0,4.0,31.0,0.0,101380.0
2024-12-27 16:00:00,21.8901710356477,21.4506880656108,0.0,0.03192982456140351,14.9,51,0,15.9,58,14.3,11.9,14.7,0.0,0.0,0.16,17.0,40.0,21302.0,1.0,4.0,84.0,0.0,101360.0
2024-12-27 17:00:00,21.5539991025327,21.5552849421577,0.0,0.03201754385964912,12.8,57,0,10.1,60,13.4,12.1,14.7,0.0,0.0,0.06,16.0,42.0,8253.0,0.0,4.0,90.0,0.0,101370.0
2024-12-27 18:00:00,21.7530210321337,21.6471604853347,0.0,0.032105263157894734,10.7,67,0,7.8,67,12.1,12.2,14.7,0.0,0.0,0.02,15.0,56.0,2016.0,0.0,4.0,92.0,0.0,101400.0
2024-12-27 19:00:00,21.6714292353812,21.545452542387,0.0,0.03219298245614035,10.0,68,0,7.1,75,10.9,12.2,14.7,0.0,0.0,0.01,13.0,67.0,0.0,0.0,2.0,54.0,0.0,101450.0
2024-12-27 20:00:00,21.5963708003937,21.4590860114512,0.0,0.032280701754385965,9.5,71,0,7.7,76,10.0,12.1,14.7,0.0,0.0,0.01,11.0,74.0,0.0,0.0,1.0,94.0,0.0,101500.0
2024-12-27 21:00:00,21.8869940960258,21.5709789777041,0.0,0.032368421052631574,9.2,74,0,6.8,63,9.3,12.0,14.7,0.0,0.0,0.01,9.0,81.0,0.0,0.0,0.0,174.0,0.0,101540.0
2024-12-27 22:00:00,21.7073602961144,21.3519300663098,0.0,0.03245614035087719,9.2,75,0,3.2,53,8.7,11.9,14.7,0.0,0.0,0.0,7.0,80.0,0.0,0.0,0.0,186.0,0.0,101560.0
2024-12-27 23:00:00,21.8206725647297,21.4283698039703,0.0,0.032543859649122805,8.4,78,0,1.5,46,8.1,11.7,14.7,0.0,0.0,0.0,6.0,80.0,0.0,0.0,1.0,172.0,0.0,101570.0
2024-12-28 00:00:00,21.8485199515251,21.5033652228729,0.0,0.03263157894736842,7.5,79,0,0.4,33,7.5,11.5,14.7,0.0,0.0,0.0,5.0,77.0,0.0,0.0,0.0,180.0,0.0,101580.0
2024-12-28 01:00:00,21.8095976155515,21.4887254339472,0.0,0.03271929824561403,6.4,78,0,3.2,300,7.0,11.5,14.7,0.0,0.0,0.0,4.0,73.0,0.0,0.0,0.0,176.0,0.0,101570.0
2024-12-28 02:00:00,21.7711472783611,21.4716976663038,0.0,0.032807017543859646,5.6,79,0,5.1,273,6.8,11.2,14.7,0.0,0.0,0.0,5.0,73.0,0.0,0.0,0.0,186.0,0.0,101530.0
2024-12-28 03:00:00,21.7230950676691,21.333506595313,0.0,0.03289473684210526,4.7,78,0,5.1,267,6.7,11.0,14.7,0.0,0.0,0.0,3.0,78.0,0.0,0.0,1.0,171.0,0.0,101510.0
2024-12-28 04:00:00,21.9173352623539,21.5688180773301,0.0,0.03298245614035088,4.2,76,0,4.8,255,6.4,10.8,14.6,0.0,0.0,0.0,3.0,84.0,0.0,0.0,0.0,186.0,0.0,101520.0
2024-12-28 05:00:00,21.8477287456004,21.5150067026794,0.0,0.033070175438596486,3.8,73,0,4.6,240,6.1,10.6,14.6,0.0,0.0,0.0,4.0,75.0,0.0,0.0,2.0,180.0,0.0,101500.0
2024-12-28 06:00:00,21.6597488534171,21.3586392356538,0.0,0.0331578947368421,3.4,73,0,4.5,245,5.8,10.4,14.6,0.0,0.0,0.0,4.0,77.0,0.0,0.0,1.0,180.0,0.0,101480.0
2024-12-28 07:00:00,21.8612689942113,21.5126420148126,0.0,0.03324561403508772,3.0,76,0,4.3,257,5.6,10.2,14.6,0.0,0.0,0.0,2.0,78.0,0.0,0.0,0.0,166.0,0.0,101480.0
2024-12-28 08:00:00,21.7495935936883,21.3026992533743,0.0,0.03333333333333333,4.3,73,0,4.8,264,5.6,10.0,14.6,0.0,0.0,0.01,2.0,82.0,0.0,0.0,0.0,172.0,0.0,101520.0
2024-12-28 09:00:00,21.7539161010168,21.4651915436962,0.0,0.03342105263157894,8.6,69,0,6.2,266,6.8,9.9,14.6,0.0,0.0,0.07,2.0,79.0,2977.0,0.0,0.0,171.0,0.0,101550.0
2024-12-28 10:00:00,21.8752505249724,21.3897537910022,0.0,0.03350877192982456,12.1,56,0,7.2,285,8.7,9.8,14.6,0.0,0.0,0.16,9.0,57.0,9964.0,1.0,0.0,170.0,0.0,101600.0
2024-12-28 11:00:00,21.8497704575054,21.1870858418584,0.0,0.03359649122807017,13.9,46,0,6.2,304,10.6,9.9,14.5,0.0,0.0,0.23,13.0,54.0,25233.0,1.0,0.0,210.0,0.0,101640.0
2024-12-28 12:00:00,21.8148483860664,21.2287745398043,0.0,0.03368421052631579,15.1,41,0,6.5,337,12.2,10.1,14.5,0.0,0.0,0.28,14.0,58.0,38540.0,2.0,1.0,268.0,0.0,101610.0
2024-12-28 13:00:00,21.8098778854693,21.4032880364643,0.0,0.033771929824561404,15.9,38,0,8.3,13,13.6,10.6,14.5,0.0,0.0,0.3,16.0,44.0,44240.0,2.0,0.0,180.0,0.0,101500.0
2024-12-28 14:00:00,21.7784669952708,21.1979111040592,0.0,0.03385964912280701,15.8,40,0,10.1,21,14.3,10.9,14.5,0.0,0.0,0.28,17.0,41.0,41747.0,2.0,2.0,48.0,0.0,101400.0
2024-12-28 15:00:00,21.7737937257456,21.2425700477029,0.0,0.03394736842105263,15.1,47,0,10.4,30,14.4,11.1,14.5,0.0,0.0,0.22,16.0,43.0,32936.0,2.0,5.0,26.0,0.0,101320.0
2024-12-28 16:00:00,21.8946216239268,21.4305519319272,0.0,0.034035087719298245,13.9,57,0,8.0,42,14.0,11.4,14.5,0.0,0.0,0.12,16.0,47.0,18992.0,1.0,4.0,43.0,0.0,101330.0
2024-12-28 17:00:00,21.9169892160052,21.3507844465759,0.0,0.03412280701754386,10.8,70,0,3.9,54,12.7,11.6,14.5,0.0,0.0,0.02,15.0,50.0,6722.0,0.0,4.0,66.0,0.0,101350.0
2024-12-28 18:00:00,22.0038457635745,21.3030831352397,0.0,0.03421052631578947,10.1,71,0,1.5,61,11.2,11.7,14.5,0.0,0.0,0.0,13.0,63.0,968.0,0.0,1.0,54.0,0.0,101360.0
2024-12-28 19:00:00,21.9161124000621,21.4256616941317,0.0,0.034298245614035085,9.4,72,0,0.7,72,10.0,11.6,14.5,0.0,0.0,0.0,10.0,76.0,0.0,0.0,0.0,188.0,0.0,101390.0
2024-12-28 20:00:00,21.9541877093633,21.6510307532604,0.0,0.0343859649122807,8.8,72,0,0.6,72,9.1,11.6,14.5,0.0,0.0,0.0,7.0,69.0,0.0,0.0,0.0,148.0,0.0,101440.0
2024-12-28 21:00:00,21.9969447905972,21.3989016157718,0.0,0.034473684210526316,8.5,70,0,0.9,58,8.4,11.4,14.5,0.0,0.0,0.0,7.0,73.0,0.0,0.0,0.0,186.0,0.0,101460.0
2024-12-28 22:00:00,22.2997218314059,21.389405939487,0.0,0.034561403508771925,8.3,69,0,0.4,41,7.8,11.3,14.5,0.0,0.0,0.0,6.0,74.0,0.0,0.0,0.0,180.0,0.0,101470.0
2024-12-28 23:00:00,21.7896579681921,21.3870430325073,0.0,0.03464912280701754,8.0,70,2,1.0,18,7.4,11.1,14.5,0.0,0.0,0.0,6.0,73.0,0.0,0.0,1.0,180.0,0.0,101470.0
2024-12-29 00:00:00,21.6985031924199,21.1340073818798,0.0,0.034736842105263156,7.1,74,0,3.2,317,7.1,10.9,14.4,0.0,0.0,0.0,5.0,70.0,0.0,0.0,0.0,150.0,0.0,101480.0
2024-12-29 01:00:00,22.1421397636382,21.3112581918372,0.0,0.03482456140350877,6.2,71,0,5.0,261,6.9,11.0,14.4,0.0,0.0,0.0,4.0,75.0,0.0,0.0,1.0,180.0,0.0,101440.0
2024-12-29 02:00:00,21.8297236531313,21.3405096798424,0.0,0.03491228070175438,5.2,73,0,6.4,255,6.8,10.8,14.4,0.0,0.0,0.0,4.0,76.0,0.0,0.0,1.0,204.0,0.0,101390.0
2024-12-29 03:00:00,21.8860654700061,21.2357554620938,0.0,0.034999999999999996,5.0,72,3,7.1,249,6.7,10.6,14.4,0.0,0.0,0.01,3.0,74.0,0.0,0.0,1.0,174.0,0.0,101380.0
2024-12-29 04:00:00,21.8033286401223,21.372609429815,0.0,0.03508771929824561,4.8,70,0,7.6,244,6.5,10.4,14.4,0.0,0.0,0.01,3.0,84.0,0.0,0.0,1.0,186.0,0.0,101390.0
2024-12-29 05:00:00,21.7180576609859,21.2681445598119,0.0,0.03517543859649123,4.6,69,0,7.4,246,6.4,10.3,14.4,0.0,0.0,0.01,3.0,78.0,0.0,0.0,1.0,180.0,0.0,101360.0
2024-12-29 06:00:00,21.744993300925,21.1702067016056,0.0,0.03526315789473684,4.1,69,0,7.0,246,6.2,10.1,14.4,0.0,0.0,0.01,5.0,72.0,0.0,0.0,0.0,228.0,0.0,101340.0
2024-12-29 07:00:00,21.9548185313283,21.2626875379721,0.0,0.03535087719298245,3.6,71,0,6.8,244,6.0,10.0,14.4,0.0,0.0,0.01,5.0,78.0,0.0,0.0,1.0,216.0,0.0,101360.0
2024-12-29 08:00:00,21.918962762715,21.1374092525884,0.0,0.03543859649122807,4.5,71,1,7.0,237,6.0,9.8,14.4,0.0,0.0,0.02,5.0,80.0,0.0,0.0,0.0,210.0,0.0,101410.0
2024-12-29 09:00:00,21.8454332902887,21.1796565401998,0.0,0.035526315789473684,9.3,59,4,6.8,233,7.1,9.7,14.3,0.0,0.0,0.07,6.0,78.0,3638.0,0.0,1.0,204.0,0.0,101450.0
2024-12-29 10:00:00,21.8793623488498,21.3547112375163,0.0,0.03561403508771929,13.2,55,24,4.9,282,8.9,9.7,14.3,0.0,0.0,0.16,9.0,67.0,11859.0,1.0,2.0,198.0,0.0,101490.0
2024-12-29 11:00:00,21.8791885055338,21.1695331060125,0.0,0.03570175438596491,15.3,42,60,4.2,353,10.9,9.8,14.3,0.0,0.0,0.24,11.0,57.0,26707.0,1.0,3.0,228.0,0.0,101540.0
2024-12-29 12:00:00,21.7341307332859,21.2303762979731,0.0,0.035789473684210524,16.4,40,67,7.2,8,12.6,10.0,14.3,0.0,0.0,0.29,13.0,51.0,39538.0,2.0,2.0,222.0,0.0,101510.0
2024-12-29 13:00:00,21.8587831051945,21.2705670751913,0.0,0.03587719298245614,16.8,41,65,10.8,12,14.0,10.4,14.3,0.0,0.0,0.31,15.0,47.0,44164.0,2.0,2.0,306.0,0.0,101400.0
2024-12-29 14:00:00,21.996558851141,21.2990797733935,0.0,0.035964912280701755,16.2,45,32,13.1,16,14.6,10.7,14.3,0.0,0.0,0.28,17.0,40.0,43844.0,3.0,2.0,178.0,0.0,101320.0
2024-12-29 15:00:00,21.8037770485287,20.9961821234208,0.0,0.036052631578947364,15.4,52,6,12.0,27,14.6,11.1,14.3,0.0,0.0,0.21,17.0,39.0,30768.0,1.0,1.0,48.0,0.0,101250.0
2024-12-29 16:00:00,21.9949017497655,21.0922197557314,0.0,0.03614035087719298,13.9,64,3,9.8,48,14.2,11.3,14.3,0.0,0.0,0.12,16.0,54.0,16624.0,1.0,4.0,5.0,0.0,101230.0
2024-12-29 17:00:00,21.8897045649131,21.2198042207753,0.0,0.036228070175438595,10.7,75,17,5.4,75,12.9,11.5,14.3,0.0,0.0,0.03,15.0,58.0,6122.0,0.0,3.0,42.0,0.0,101260.0
2024-12-29 18:00:00,21.8621263547013,21.2518107276549,0.0,0.03631578947368421,9.6,73,24,5.9,85,11.4,11.6,14.3,0.0,0.0,0.0,13.0,64.0,490.0,0.0,1.0,72.0,0.0,101300.0
2024-12-29 19:00:00,21.8848541812815,21.1747260524396,0.0,0.03640350877192982,9.5,71,30,5.1,76,10.2,11.6,14.3,0.0,0.0,0.0,10.0,69.0,0.0,0.0,0.0,143.0,0.0,101330.0
2024-12-29 20:00:00,21.7842044877333,21.3325013985736,0.0,0.036491228070175435,9.7,69,5,2.6,64,9.4,11.5,14.2,0.0,0.0,0.0,8.0,78.0,0.0,0.0,0.0,142.0,0.0,101380.0
2024-12-29 21:00:00,21.9813974260446,21.1695765642311,0.0,0.03657894736842105,9.1,68,2,1.2,57,8.6,11.4,14.2,0.0,0.0,0.0,7.0,77.0,0.0,0.0,0.0,173.0,0.0,101410.0
2024-12-29 22:00:00,21.9404097160519,21.1999803628574,0.0,0.03666666666666667,7.5,68,5,0.9,54,8.0,11.3,14.2,0.0,0.0,0.0,6.0,77.0,0.0,0.0,1.0,186.0,0.0,101440.0
2024-12-29 23:00:00,21.7844563779802,21.0501756975889,0.0,0.036754385964912276,5.7,65,50,3.0,194,7.5,11.1,14.2,0.0,0.0,0.0,6.0,79.0,0.0,0.0,1.0,198.0,0.0,101450.0
2024-12-30 00:00:00,21.9308756089589,21.1438517281833,0.0,0.03684210526315789,5.0,67,90,6.6,243,7.3,11.0,14.2,0.0,0.0,0.01,7.0,76.0,0.0,0.0,0.0,210.0,0.0,101460.0
2024-12-30 01:00:00,21.8900824127152,21.0128133168471,0.0,0.03692982456140351,5.4,65,90,6.1,247,7.3,10.9,14.2,0.0,0.0,0.01,5.0,77.0,0.0,0.0,0.0,174.0,0.0,101440.0
2024-12-30 02:00:00,21.7727650422101,20.9652822326963,0.0,0.03701754385964912,5.0,65,29,7.1,247,7.1,10.8,14.2,0.0,0.0,0.01,5.0,77.0,0.0,0.0,1.0,171.0,0.0,101410.0
2024-12-30 03:00:00,21.74270977018,21.0217340163854,0.0,0.03710526315789473,4.5,66,3,7.5,243,6.8,10.6,14.2,0.0,0.0,0.01,4.0,76.0,0.0,0.0,2.0,172.0,0.0,101410.0
2024-12-30 04:00:00,21.9087120161635,21.0393935533692,0.0,0.03719298245614035,4.0,67,2,6.7,244,6.6,10.4,14.2,0.0,0.0,0.01,3.0,81.0,0.0,0.0,0.0,180.0,0.0,101410.0
2024-12-30 05:00:00,21.9470975656846,21.1260311123806,0.0,0.03728070175438596,3.6,68,6,6.6,240,6.3,10.3,14.2,0.0,0.0,0.01,4.0,76.0,0.0,0.0,2.0,165.0,0.0,101380.0
2024-12-30 06:00:00,21.7405179101951,21.0830775196207,0.0,0.03736842105263158,3.6,68,18,7.1,238,6.1,10.1,14.2,0.0,0.0,0.01,2.0,81.0,0.0,0.0,0.0,172.0,0.0,101400.0
2024-12-30 07:00:00,21.8197705131549,21.1715684013775,0.0,0.03745614035087719,3.6,68,11,6.6,235,5.9,9.9,14.2,0.0,0.0,0.01,2.0,84.0,0.0,0.0,1.0,180.0,0.0,101430.0
2024-12-30 08:00:00,21.5832646959877,21.0628209680064,0.0,0.0375438596491228,4.6,68,4,8.0,229,5.9,9.8,14.1,0.0,0.0,0.03,2.0,85.0,174.0,0.0,0.0,198.0,0.0,101460.0
2024-12-30 09:00:00,21.6770269797574,21.140196721306,0.0,0.03763157894736842,9.3,62,1,9.6,229,7.0,9.6,14.1,0.0,0.0,0.08,6.0,75.0,5133.0,0.0,1.0,204.0,0.0,101510.0
2024-12-30 10:00:00,21.6721072796208,21.1368638723537,0.0,0.037719298245614034,13.4,53,3,6.5,260,8.9,9.6,14.1,0.0,0.0,0.16,9.0,66.0,16260.0,1.0,2.0,234.0,0.0,101560.0
2024-12-30 11:00:00,21.9024016304329,21.2672367436014,0.0,0.03780701754385964,15.1,42,8,6.1,327,10.8,9.7,14.1,0.0,0.0,0.24,11.0,58.0,29798.0,1.0,2.0,264.0,0.0,101590.0
2024-12-30 12:00:00,21.9076158202796,21.6348204404871,0.0,0.03789473684210526,15.9,38,18,7.7,358,12.4,10.0,14.1,0.0,0.0,0.29,14.0,46.0,37989.0,2.0,1.0,234.0,0.0,101550.0
2024-12-30 13:00:00,21.9980321633456,21.99769990914,0.0,0.037982456140350875,16.4,38,8,8.5,7,13.8,10.3,14.1,0.0,0.0,0.31,15.0,43.0,28905.0,2.0,2.0,256.0,0.0,101470.0
2024-12-30 14:00:00,21.954593720185,22.2319082897599,0.0,0.03807017543859649,16.2,40,12,10.0,12,14.4,10.6,14.1,0.0,0.0,0.28,19.0,35.0,41144.0,3.0,2.0,132.0,0.0,101370.0
2024-12-30 15:00:00,21.996304325315,22.3333295882738,0.0,0.0381578947368421,15.4,48,24,10.1,35,14.5,10.9,14.1,0.0,0.0,0.2,17.0,38.0,25980.0,1.0,3.0,24.0,0.0,101320.0
2024-12-30 16:00:00,22.4327617551973,22.5575523162926,0.0,0.038245614035087715,14.2,57,23,7.4,65,14.0,11.2,14.1,0.0,0.0,0.12,16.0,45.0,15077.0,1.0,4.0,27.0,0.0,101330.0
2024-12-30 17:00:00,22.7406303173171,22.615681466103,0.0,0.03833333333333333,11.4,68,20,3.8,66,12.8,11.4,14.1,0.0,0.0,0.03,15.0,47.0,5298.0,0.0,3.0,63.0,0.0,101350.0
2024-12-30 18:00:00,22.7497688230132,22.5148566328057,0.0,0.038421052631578946,10.8,68,34,1.2,55,11.4,11.5,14.0,0.0,0.0,0.0,13.0,64.0,204.0,0.0,0.0,42.0,0.0,101370.0
2024-12-30 19:00:00,23.0200448545762,22.6701428170046,0.0,0.03850877192982456,10.0,66,3,1.1,66,10.3,11.5,14.0,0.0,0.0,0.0,9.0,75.0,0.0,0.0,0.0,144.0,0.0,101410.0
2024-12-30 20:00:00,23.3769219907472,22.5286024080682,0.0,0.03859649122807017,9.0,64,6,2.3,102,9.4,11.4,14.0,0.0,0.0,0.0,8.0,78.0,0.0,0.0,0.0,186.0,0.0,101450.0
2024-12-30 21:00:00,23.2119785547627,22.5745158369335,0.0,0.038684210526315786,8.1,68,3,2.2,95,8.7,11.3,14.0,0.0,0.0,0.0,7.0,76.0,0.0,0.0,1.0,186.0,0.0,101480.0
2024-12-30 22:00:00,23.2435248359461,22.5316195773981,0.0,0.0387719298245614,7.4,71,4,1.6,88,8.1,11.2,14.0,0.0,0.0,0.0,9.0,70.0,0.0,0.0,1.0,186.0,0.0,101500.0
2024-12-30 23:00:00,23.5557433446845,22.4908786118641,0.0,0.03885964912280702,6.6,74,4,1.8,132,7.6,11.1,14.0,0.0,0.0,0.0,5.0,78.0,0.0,0.0,0.0,180.0,0.0,101520.0
2024-12-31 00:00:00,23.442621576162,22.3845969546577,0.0,0.038947368421052626,6.6,73,3,1.7,313,7.2,10.9,14.0,0.0,0.0,0.0,7.0,73.0,0.0,0.0,0.0,186.0,0.0,101520.0
2024-12-31 01:00:00,23.5420902543724,22.6567370372519,0.0,0.03903508771929824,5.6,71,9,7.3,240,7.1,10.8,14.0,0.0,0.0,0.01,5.0,71.0,0.0,0.0,1.0,186.0,0.0,101480.0
2024-12-31 02:00:00,23.490332658794,22.4387185609985,0.0,0.03912280701754386,5.0,69,9,6.7,246,6.9,10.6,14.0,0.0,0.0,0.01,6.0,75.0,0.0,0.0,0.0,222.0,0.0,101460.0
2024-12-31 03:00:00,23.4583523249776,22.5916901682517,0.0,0.03921052631578947,4.8,63,68,7.5,240,6.7,10.5,14.0,0.0,0.0,0.02,4.0,78.0,0.0,0.0,0.0,174.0,0.0,101470.0
2024-12-31 04:00:00,23.5152135331129,22.4006135238638,0.0,0.03929824561403508,4.4,61,5,6.0,236,6.5,10.3,14.0,0.0,0.0,0.01,4.0,73.0,0.0,0.0,1.0,186.0,0.0,101450.0
2024-12-31 05:00:00,23.4310192473962,22.5337331146913,0.0,0.0393859649122807,3.7,63,10,4.7,229,6.2,10.1,14.0,0.0,0.0,0.01,4.0,64.0,0.0,0.0,1.0,180.0,0.0,101410.0
2024-12-31 06:00:00,23.7547737240656,22.4224667044193,0.0,0.039473684210526314,3.9,62,3,6.9,222,6.0,10.0,14.0,0.0,0.0,0.01,7.0,73.0,0.0,0.0,2.0,222.0,0.0,101430.0
2024-12-31 07:00:00,23.6533239707036,22.667431660727,0.0,0.03956140350877193,4.7,58,0,8.3,218,6.0,9.8,14.0,0.0,0.0,0.02,7.0,69.0,0.0,0.0,2.0,228.0,0.0,101460.0
2024-12-31 08:00:00,23.6917798534441,22.3969730404323,0.0,0.03964912280701754,6.0,59,1,8.1,224,6.1,9.7,13.9,0.0,0.0,0.03,6.0,74.0,327.0,0.0,0.0,234.0,0.0,101520.0
2024-12-31 09:00:00,23.6703509768496,22.6048538757979,0.0,0.039736842105263154,9.4,53,15,9.1,242,7.2,9.6,13.9,0.0,0.0,0.09,7.0,72.0,6841.0,0.0,2.0,222.0,0.0,101530.0
2024-12-31 10:00:00,23.7160374698537,22.3496471651233,0.0,0.03982456140350877,12.1,48,13,8.4,246,8.8,9.6,13.9,0.0,0.0,0.16,8.0,68.0,8588.0,1.0,2.0,222.0,0.0,101590.0
2024-12-31 11:00:00,23.7498456788872,22.4803458296381,0.0,0.039912280701754385,14.0,48,16,7.9,272,10.5,9.7,13.9,0.0,0.0,0.23,12.0,54.0,31890.0,2.0,3.0,246.0,0.0,101570.0
2024-12-31 12:00:00,23.5758295814379,22.4962532625706,0.0,0.039999999999999994,14.8,52,7,5.3,309,12.2,9.9,13.9,0.0,0.0,0.26,13.0,53.0,27908.0,1.0,2.0,306.0,0.0,101540.0
2024-12-31 13:00:00,23.8077594555736,22.5061899156138,0.0,0.04008771929824561,15.3,52,25,2.8,344,14.1,10.5,13.9,0.0,0.0,0.25,15.0,54.0,25688.0,1.0,0.0,10.0,0.0,101450.0
2024-12-31 14:00:00,23.5936597833494,22.4300110376195,0.0,0.040175438596491225,15.3,48,40,4.5,2,14.6,10.8,13.9,0.0,0.0,0.21,16.0,46.0,51388.0,3.0,2.0,141.0,0.0,101370.0
2024-12-31 15:00:00,23.7637317947844,22.3541485213398,0.0,0.04026315789473684,14.9,49,23,8.4,12,14.5,11.1,13.9,0.0,0.0,0.18,15.0,56.0,27421.0,1.0,3.0,52.0,0.0,101330.0
2024-12-31 16:00:00,23.6264601281724,22.5793222469617,0.0,0.04035087719298245,14.1,54,25,8.7,35,14.0,11.3,13.9,0.0,0.0,0.12,15.0,52.0,9358.0,0.0,3.0,65.0,0.0,101340.0
2024-12-31 17:00:00,23.5859461688935,22.530928692311,0.0,0.040438596491228065,11.9,67,30,8.1,56,13.0,11.5,13.9,0.0,0.0,0.04,14.0,52.0,4544.0,0.0,2.0,36.0,0.0,101380.0
2024-12-31 18:00:00,23.6244068162436,22.3544468680697,0.0,0.04052631578947368,10.2,76,10,7.4,73,11.9,11.6,13.9,0.0,0.0,0.01,13.0,57.0,0.0,0.0,0.0,48.0,0.0,101410.0
2024-12-31 19:00:00,23.7823416486022,22.3645885670759,0.0,0.0406140350877193,9.4,79,17,5.5,77,10.8,11.6,13.9,0.0,0.0,0.0,11.0,62.0,0.0,0.0,0.0,182.0,0.0,101450.0
2024-12-31 20:00:00,23.7278570466445,22.3531054573811,0.0,0.04070175438596491,8.7,80,9,4.6,109,9.9,11.6,13.9,0.0,0.0,0.0,9.0,68.0,0.0,0.0,0.0,186.0,0.0,101480.0
2024-12-31 21:00:00,23.7585456429358,22.4879635469646,0.0,0.04078947368421052,8.2,80,26,2.7,100,9.1,11.5,13.9,0.0,0.0,0.0,6.0,71.0,0.0,0.0,0.0,167.0,0.0,101500.0
2024-12-31 22:00:00,23.7477546278871,22.3053213260524,0.0,0.04087719298245614,8.5,79,5,1.3,72,8.6,11.4,13.9,0.0,0.0,0.0,6.0,75.0,0.0,0.0,0.0,186.0,0.0,101520.0
2024-12-31 23:00:00,23.6979064727788,22.2552421365106,0.0,0.04096491228070175,7.7,81,7,0.4,48,8.0,11.2,13.9,0.0,0.0,0.0,5.0,70.0,0.0,0.0,0.0,186.0,0.0,101510.0
2025-01-01 00:00:00,23.7842901917926,22.3996724699208,0.0,0.04105263157894737,7.1,83,11,1.1,12,7.6,11.1,13.9,0.0,0.0,0.0,4.0,80.0,0.0,0.0,0.0,204.0,0.0,101510.0
2025-01-01 01:00:00,23.7264219266227,22.3930824522325,0.0,0.04114035087719298,5.4,79,2,4.2,283,7.0,11.0,13.9,0.0,0.0,0.0,4.0,76.0,0.0,0.0,1.0,174.0,0.0,101490.0
2025-01-01 02:00:00,23.7169044792351,22.4489561600018,0.0,0.04122807017543859,4.9,80,10,6.1,257,6.8,10.8,13.9,0.0,0.0,0.0,4.0,72.0,0.0,0.0,1.0,174.0,0.0,101470.0
2025-01-01 03:00:00,23.7044283095666,22.4991830563297,0.0,0.04131578947368421,5.2,78,0,6.9,250,6.7,10.6,13.8,0.0,0.0,0.0,2.0,78.0,0.0,0.0,1.0,180.0,0.0,101460.0
2025-01-01 04:00:00,23.6053064041953,22.2753944172375,0.0,0.041403508771929824,4.7,78,0,6.2,249,6.4,10.4,13.8,0.0,0.0,0.0,2.0,80.0,0.0,0.0,0.0,192.0,0.0,101470.0
2025-01-01 05:00:00,23.6787295460462,22.1506969139166,0.0,0.04149122807017543,4.5,76,9,6.7,225,6.2,10.3,13.8,0.0,0.0,0.0,1.0,77.0,0.0,0.0,1.0,166.0,0.0,101460.0
2025-01-01 06:00:00,23.7120763893055,22.3108803622925,0.0,0.04157894736842105,4.3,76,3,6.4,218,5.9,10.1,13.8,0.0,0.0,0.0,4.0,69.0,0.0,0.0,2.0,174.0,0.0,101440.0
2025-01-01 07:00:00,23.5890077218552,22.1936418106551,0.0,0.041666666666666664,4.0,81,6,6.2,220,5.7,9.9,13.8,0.0,0.0,0.0,4.0,74.0,0.0,0.0,0.0,246.0,0.0,101470.0
2025-01-01 08:00:00,23.6131804083332,22.2921418135104,0.0,0.04175438596491228,5.6,77,42,7.5,219,5.8,9.7,13.8,0.0,0.0,0.02,3.5,75.5,445.5,0.0,1.0,225.0,0.0,101480.0
2025-01-01 09:00:00,23.7216347883275,22.2914866913724,0.0,0.04184210526315789,9.0,72,100,9.4,228,7.0,9.6,13.8,0.0,0.0,0.07,3.0,77.0,891.0,0.0,2.0,204.0,0.0,101490.0
2025-01-01 10:00:00,23.371218854212,22.1383349310374,0.0,0.041929824561403505,11.9,65,79,7.7,239,8.7,9.6,13.8,0.0,0.0,0.14,6.0,71.0,6528.0,0.0,0.0,198.0,0.0,101520.0
2025-01-01 11:00:00,23.5455572679312,22.1733829843992,0.0,0.04201754385964912,13.7,59,1,4.0,265,10.6,9.7,13.8,0.0,0.0,0.21,8.0,72.0,11197.0,1.0,1.0,294.0,0.0,101570.0
2025-01-01 12:00:00,23.7576199701837,22.1024723499353,0.0,0.042105263157894736,14.8,56,1,6.1,27,12.3,9.9,13.8,0.0,0.0,0.26,11.0,63.0,17801.0,1.0,2.0,270.0,0.0,101550.0
2025-01-01 13:00:00,23.8663499219845,22.2324086678312,0.0,0.042192982456140345,15.3,56,10,11.3,47,13.1,10.4,13.8,0.0,0.0,0.27,13.0,62.0,42124.0,2.0,1.0,300.0,0.0,101520.0
2025-01-01 14:00:00,23.6398915072366,22.2546117922779,0.0,0.04228070175438596,15.0,57,75,13.1,43,13.7,10.6,13.8,0.0,0.0,0.23,15.0,61.0,46206.0,2.0,0.0,283.0,0.0,101430.0
2025-01-01 15:00:00,23.6164019327338,22.2408717455593,0.0,0.042368421052631576,14.7,58,100,13.0,43,13.9,10.9,13.7,0.0,0.0,0.19,15.0,62.0,21218.0,1.0,2.0,37.0,0.0,101360.0
2025-01-01 16:00:00,23.6922192845484,22.2625896404749,0.0,0.04245614035087719,13.5,66,100,11.8,39,13.6,11.1,13.7,0.0,0.0,0.1,14.0,69.0,9489.0,1.0,5.0,24.0,0.0,101360.0
2025-01-01 17:00:00,23.7240390556556,22.3192237473687,0.0,0.0425438596491228,12.1,77,63,7.8,14,12.9,11.3,13.7,0.0,0.0,0.04,15.0,63.0,8732.0,0.0,3.0,60.0,0.0,101360.0
2025-01-01 18:00:00,23.7744594086448,22.1877897571461,0.0,0.042631578947368416,10.6,88,63,2.1,5,11.9,11.4,13.7,0.0,0.0,0.01,14.0,69.0,2540.0,0.0,4.0,342.0,0.0,101370.0
2025-01-01 19:00:00,23.9281271162972,22.2385689138516,0.0,0.04271929824561403,10.2,87,67,0.6,350,11.0,11.5,13.7,0.1,0.1,0.0,12.0,75.0,0.0,0.0,1.0,6.0,0.0,101400.0
2025-01-01 20:00:00,23.5434709052875,22.3200952290857,0.0,0.04280701754385965,9.9,86,71,1.1,50,10.5,11.5,13.7,0.2,0.2,0.0,11.0,89.0,0.0,0.0,2.0,6.0,3.0,101460.0
2025-01-01 21:00:00,23.7783224134501,22.2868909139106,0.0,0.04289473684210526,9.8,89,44,3.5,240,10.2,11.4,13.7,0.1,0.1,0.0,10.0,91.0,0.0,0.0,0.0,180.0,2.0,101500.0
2025-01-01 22:00:00,23.8077451957801,22.2076832752841,0.0,0.04298245614035087,8.7,90,34,3.7,232,9.6,11.4,13.7,0.1,0.1,0.0,11.0,92.0,0.0,0.0,2.0,216.0,0.0,101500.0
2025-01-01 23:00:00,23.6486743555857,22.2686966582212,0.0,0.04307017543859649,8.4,91,40,5.5,238,9.0,11.3,13.7,0.0,0.0,0.0,11.0,93.0,0.0,0.0,0.0,54.0,0.0,101520.0
2025-01-02 00:00:00,23.6544774325007,22.087952446114,0.0,0.0431578947368421,8.1,93,22,6.4,234,8.7,11.2,13.7,0.0,0.0,0.0,11.0,93.0,0.0,0.0,2.0,240.0,13.0,101550.0
2025-01-02 01:00:00,23.6935463499932,22.073881040364,0.0,0.04324561403508772,7.3,96,22,6.7,222,9.0,11.2,13.7,0.0,0.0,0.0,10.0,93.0,0.0,0.0,0.0,180.0,2.0,101560.0
2025-01-02 02:00:00,23.5549852379412,22.3604467659024,0.0,0.04333333333333333,6.8,96,54,7.1,223,8.4,11.1,13.7,0.0,0.0,0.0,9.0,94.0,0.0,0.0,0.0,240.0,0.0,101550.0
2025-01-02 03:00:00,23.7075049792172,21.9273087095025,0.0,0.043421052631578944,6.2,96,75,6.6,226,7.9,10.9,13.7,0.0,0.0,0.0,9.0,95.0,0.0,0.0,1.0,204.0,0.0,101530.0
2025-01-02 04:00:00,23.6103018065388,22.3699497562446,0.0,0.04350877192982456,5.7,98,91,7.7,231,7.5,10.8,13.7,0.0,0.0,0.0,8.0,95.0,0.0,0.0,0.0,210.0,0.0,101520.0
2025-01-02 05:00:00,23.6889324720578,22.2781519165136,0.0,0.043596491228070175,5.3,100,100,8.7,222,7.3,10.6,13.7,0.0,0.0,0.0,6.0,95.0,0.0,0.0,0.0,188.0,0.0,101510.0
2025-01-02 06:00:00,23.6545528205463,22.3183654521693,0.0,0.043684210526315784,5.2,100,99,9.0,219,7.2,10.5,13.7,0.0,0.0,0.0,6.0,95.0,0.0,0.0,1.0,180.0,0.0,101500.0
2025-01-02 07:00:00,23.8122948717234,22.3249826130799,0.0,0.0437719298245614,5.4,100,97,9.4,223,7.1,10.4,13.7,0.0,0.0,0.0,6.0,94.0,0.0,0.0,1.0,192.0,0.0,101520.0
2025-01-02 08:00:00,23.7631190637977,22.120552893442,0.0,0.043859649122807015,6.0,97,24,9.4,225,7.1,10.2,13.7,0.0,0.0,0.01,6.0,94.0,0.0,0.0,1.0,186.0,0.0,101580.0
2025-01-02 09:00:00,23.6086027982867,22.1886294493515,0.0,0.04394736842105263,8.5,91,29,9.6,232,7.9,10.1,13.7,0.0,0.0,0.04,6.0,94.0,1955.0,0.0,0.0,186.0,0.0,101620.0
2025-01-02 10:00:00,23.8091142355896,22.34894468115,0.0,0.04403508771929824,11.0,87,26,9.6,233,9.4,10.1,13.7,0.0,0.0,0.11,7.0,95.0,6003.0,0.0,0.0,239.0,0.0,101700.0
2025-01-02 11:00:00,23.5894526685641,22.1358480171274,0.0,0.044122807017543855,13.4,74,3,10.6,256,11.0,10.2,13.7,0.0,0.0,0.19,11.0,89.0,19511.0,1.0,2.0,239.0,0.0,101750.0
2025-01-02 12:00:00,23.6394632406738,22.1826278794035,0.0,0.04421052631578947,14.8,63,4,6.8,270,12.6,10.4,13.7,0.0,0.0,0.26,12.0,82.0,19802.0,1.0,2.0,276.0,0.0,101770.0
2025-01-02 13:00:00,23.8068078171977,22.3728306117924,0.0,0.04429824561403509,15.9,59,1,3.7,299,14.5,10.7,13.6,0.0,0.0,0.26,14.0,72.0,44928.0,2.0,2.0,234.0,0.0,101680.0
2025-01-02 14:00:00,23.8641399089703,22.2760246774894,0.0,0.044385964912280695,16.4,56,2,4.4,335,15.2,11.0,13.6,0.0,0.0,0.26,15.0,61.0,44847.0,2.0,1.0,198.0,0.0,101570.0
2025-01-02 15:00:00,23.7713917703491,22.2932636403847,0.0,0.04447368421052631,16.2,55,1,5.8,1,15.4,11.3,13.6,0.0,0.0,0.2,17.0,55.0,30372.0,2.0,0.0,96.0,0.0,101490.0
2025-01-02 16:00:00,23.9043000041949,22.4117692702067,0.0,0.04456140350877193,15.3,63,0,6.9,27,15.0,11.6,13.6,0.0,0.0,0.12,18.0,53.0,25339.0,1.0,0.0,184.0,0.0,101450.0
2025-01-02 17:00:00,24.0795909067403,22.3084080404355,0.0,0.04464912280701754,12.2,78,0,6.3,52,13.9,11.8,13.6,0.0,0.0,0.03,16.0,62.0,8890.0,1.0,3.0,24.0,0.0,101500.0
2025-01-02 18:00:00,23.8415696691093,22.5920900478324,0.0,0.04473684210526315,10.5,84,0,4.7,67,12.4,11.9,13.6,0.0,0.0,0.02,14.0,71.0,2540.0,0.0,2.0,48.0,0.0,101510.0
2025-01-02 19:00:00,23.84135732064,22.3629630388596,0.0,0.04482456140350877,10.0,83,0,3.1,91,11.2,11.9,13.6,0.0,0.0,0.0,12.0,81.0,0.0,0.0,0.0,91.0,0.0,101560.0
2025-01-02 20:00:00,23.9411494414507,22.352119229666,0.0,0.04491228070175438,9.1,85,0,2.0,113,10.3,11.9,13.6,0.0,0.0,0.0,10.0,87.0,0.0,0.0,2.0,148.0,0.0,101600.0
2025-01-02 21:00:00,23.6166128039159,22.5122626457131,0.0,0.045,8.4,86,0,1.2,50,9.5,11.8,13.6,0.0,0.0,0.0,10.0,83.0,0.0,0.0,0.0,156.0,0.0,101620.0
2025-01-02 22:00:00,23.8914260570516,22.5305146517315,0.0,0.045087719298245614,8.1,87,0,1.9,27,8.9,11.7,13.6,0.0,0.0,0.0,8.0,87.0,0.0,0.0,0.0,198.0,0.0,101610.0
2025-01-02 23:00:00,23.7589499865815,22.4362371810403,0.0,0.04517543859649122,7.5,87,0,2.8,184,8.5,11.5,13.6,0.0,0.0,0.0,7.0,92.0,0.0,0.0,0.0,192.0,0.0,101630.0
2025-01-03 00:00:00,23.687518622687,22.3143061497712,0.0,0.04526315789473684,6.9,88,0,4.0,222,8.1,11.4,13.6,0.0,0.0,0.0,6.0,92.0,0.0,0.0,0.0,168.0,0.0,101630.0
2025-01-03 01:00:00,23.8861511690818,22.330408712587,0.0,0.045350877192982454,6.4,89,0,5.1,234,7.8,11.3,13.6,0.0,0.0,0.0,6.0,92.0,0.0,0.0,0.0,192.0,0.0,101610.0
2025-01-03 02:00:00,23.7342593036775,22.2866471302734,0.0,0.04543859649122807,6.0,90,0,5.6,229,7.5,11.2,13.6,0.0,0.0,0.0,7.0,93.0,0.0,0.0,0.0,198.0,0.0,101600.0
2025-01-03 03:00:00,23.7004728092702,22.3731263075729,0.0,0.04552631578947368,5.8,90,0,5.6,226,7.4,11.0,13.6,0.0,0.0,0.0,6.0,94.0,0.0,0.0,1.0,192.0,0.0,101580.0
2025-01-03 04:00:00,23.6728563585415,22.2952839768768,0.0,0.045614035087719294,5.9,87,0,6.3,219,7.2,10.8,13.6,0.0,0.0,0.0,5.0,94.0,0.0,0.0,1.0,176.0,0.0,101590.0
2025-01-03 05:00:00,23.5205063354008,22.4743106497958,0.0,0.04570175438596491,5.7,86,0,6.2,221,7.0,10.6,13.6,0.0,0.0,0.0,5.0,94.0,0.0,0.0,0.0,180.0,0.0,101540.0
2025-01-03 06:00:00,23.6060493901173,22.1699951364089,0.0,0.045789473684210526,5.5,85,0,6.7,231,6.9,10.5,13.6,0.0,0.0,0.0,6.0,92.0,0.0,0.0,0.0,186.0,0.0,101490.0
2025-01-03 07:00:00,23.6654887238483,22.2068048133142,0.0,0.045877192982456134,5.6,83,0,7.7,237,6.7,10.3,13.6,0.0,0.0,0.0,6.0,91.0,0.0,0.0,1.0,228.0,0.0,101460.0
2025-01-03 08:00:00,23.6829526126596,22.0793275439389,0.0,0.04596491228070175,6.9,77,0,8.0,241,6.8,10.2,13.6,0.0,0.0,0.02,5.0,91.0,0.0,0.0,2.0,252.0,0.0,101460.0
2025-01-03 09:00:00,23.7586389567708,22.1955478632363,0.0,0.046052631578947366,10.7,67,0,10.0,244,7.9,10.1,13.6,0.0,0.0,0.08,7.0,85.0,3023.0,0.0,2.0,246.0,0.0,101510.0
2025-01-03 10:00:00,23.7378621496756,22.2459701402516,0.0,0.04614035087719298,13.7,58,4,10.5,252,9.6,10.1,13.6,0.0,0.0,0.17,9.0,81.0,8189.0,0.0,2.0,240.0,0.0,101560.0
2025-01-03 11:00:00,23.8859076424672,22.0589826702793,0.0,0.04622807017543859,15.9,49,0,11.6,258,11.4,10.2,13.6,0.0,0.0,0.26,11.0,66.0,25677.0,1.0,4.0,258.0,0.0,101630.0
2025-01-03 12:00:00,23.7349074459851,22.2727230079935,0.0,0.046315789473684206,17.3,44,13,11.2,260,13.0,10.4,13.6,0.0,0.0,0.31,13.0,56.0,39736.0,3.0,5.0,282.0,0.0,101590.0
2025-01-03 13:00:00,23.9418758035441,22.3738791898694,0.0,0.04640350877192982,18.6,40,7,11.0,256,14.4,10.7,13.6,0.0,0.0,0.33,15.0,48.0,46343.0,1.0,5.0,287.0,0.0,101490.0
2025-01-03 14:00:00,23.6966714304143,22.2583796896676,0.0,0.04649122807017544,19.1,36,2,11.1,255,15.2,11.0,13.6,0.0,0.0,0.32,17.0,45.0,45229.0,3.0,2.0,265.0,0.0,101400.0
2025-01-03 15:00:00,23.5710509742762,22.2660030927656,0.0,0.046578947368421046,19.3,37,5,8.7,265,15.5,11.3,13.6,0.0,0.0,0.25,18.0,40.0,35877.0,2.0,3.0,238.0,0.0,101300.0
2025-01-03 16:00:00,23.7236326365517,22.3728468685022,0.0,0.04666666666666666,17.5,52,7,4.3,294,15.2,11.6,13.6,0.0,0.0,0.13,19.0,38.0,20865.0,1.0,2.0,244.0,0.0,101280.0
2025-01-03 17:00:00,23.806866638248,22.276387043082,0.0,0.04675438596491228,14.7,51,6,0.9,309,13.9,11.8,13.6,0.0,0.0,0.02,19.0,36.0,7495.0,0.0,2.0,300.0,0.0,101300.0
2025-01-03 18:00:00,23.8646636362252,22.1956742538448,0.0,0.04684210526315789,12.7,58,0,0.6,180,12.3,11.9,13.6,0.0,0.0,0.02,15.0,57.0,1333.0,0.0,1.0,64.0,0.0,101310.0
2025-01-03 19:00:00,23.9457363030929,22.2945961184441,0.0,0.0469298245614035,11.5,55,0,2.4,202,11.1,11.9,13.6,0.0,0.0,0.0,11.0,68.0,0.0,0.0,0.0,162.0,0.0,101360.0
2025-01-03 20:00:00,23.8917047638447,22.0908767353734,0.0,0.04701754385964912,9.9,55,65,5.8,222,10.1,11.9,13.6,0.0,0.0,0.02,10.0,71.0,0.0,0.0,0.0,180.0,0.0,101400.0
2025-01-03 21:00:00,24.0201834976118,22.1405257990344,0.0,0.04710526315789473,9.2,57,64,6.6,227,9.5,11.8,13.6,0.0,0.0,0.02,9.0,67.0,0.0,0.0,1.0,180.0,0.0,101410.0
2025-01-03 22:00:00,23.8891747717454,22.3077000806204,0.0,0.04719298245614035,9.0,58,76,6.6,230,9.1,11.7,13.6,0.0,0.0,0.02,9.0,66.0,0.0,0.0,1.0,176.0,0.0,101430.0
2025-01-03 23:00:00,23.9154438505569,22.3980686263719,0.0,0.047280701754385965,8.8,58,16,6.2,221,8.7,11.5,13.6,0.0,0.0,0.02,8.0,68.0,0.0,0.0,1.0,180.0,0.0,101440.0
2025-01-04 00:00:00,23.9604092805868,22.2162686884274,0.0,0.047368421052631574,9.1,56,29,4.7,225,8.2,11.4,13.6,0.0,0.0,0.01,9.0,65.0,0.0,0.0,1.0,186.0,0.0,101440.0
2025-01-04 01:00:00,23.7534489352347,22.2366777168727,0.0,0.04745614035087719,8.2,57,100,7.2,223,7.8,11.3,13.6,0.0,0.0,0.02,8.0,68.0,0.0,0.0,0.0,228.0,0.0,101390.0
2025-01-04 02:00:00,23.9553603297717,22.3214808865191,0.0,0.047543859649122805,7.4,58,100,7.9,221,7.7,11.1,13.6,0.0,0.0,0.02,8.0,68.0,0.0,0.0,2.0,258.0,0.0,101360.0
2025-01-04 03:00:00,23.7887973205279,22.0715879586425,0.0,0.04763157894736842,6.8,61,97,8.4,221,7.6,10.9,13.6,0.0,0.0,0.02,10.0,61.0,0.0,0.0,3.0,258.0,0.0,101340.0
2025-01-04 04:00:00,23.6582360597364,21.9912319629696,0.0,0.04771929824561403,7.0,61,81,9.2,225,7.6,10.8,13.6,0.0,0.0,0.03,8.0,64.0,0.0,0.0,2.0,210.0,0.0,101300.0
2025-01-04 05:00:00,23.8909571262019,22.1579766280043,0.0,0.047807017543859645,6.6,63,7,9.3,224,7.5,10.6,13.6,0.0,0.0,0.02,8.0,61.0,0.0,0.0,2.0,222.0,0.0,101270.0
2025-01-04 06:00:00,23.797844421507,22.0189514532665,0.0,0.04789473684210526,6.5,63,12,10.1,226,7.3,10.5,13.6,0.0,0.0,0.03,8.0,61.0,0.0,0.0,2.0,222.0,0.0,101240.0
2025-01-04 07:00:00,23.8198803428911,22.1968948535172,0.0,0.047982456140350876,6.6,62,31,10.5,227,7.2,10.4,13.6,0.0,0.0,0.03,7.0,64.0,0.0,0.0,2.0,222.0,0.0,101300.0
2025-01-04 08:00:00,23.6958488798361,22.2813512136723,0.0,0.048070175438596485,7.6,61,47,10.8,228,7.3,10.2,13.5,0.0,0.0,0.04,8.0,61.0,42.0,0.0,1.0,228.0,0.0,101310.0
2025-01-04 09:00:00,23.7146918199347,22.1213689157661,0.0,0.0481578947368421,11.8,56,97,10.9,233,8.3,10.1,13.5,0.0,0.0,0.1,9.0,55.0,6241.0,0.0,3.0,240.0,0.0,101330.0
2025-01-04 10:00:00,23.3748194873691,22.1361358764271,0.0,0.04824561403508772,15.4,48,97,10.6,243,10.0,10.2,13.5,0.0,0.0,0.18,12.0,46.0,13638.0,1.0,3.0,264.0,0.0,101380.0
2025-01-04 11:00:00,23.5163257180711,22.0676578895041,0.0,0.04833333333333333,17.6,38,58,11.5,263,11.8,10.3,13.5,0.0,0.0,0.28,13.0,44.0,13569.0,1.0,3.0,252.0,0.0,101430.0
2025-01-04 12:00:00,23.6216644814987,22.1009912489604,0.0,0.04842105263157894,19.1,33,91,11.7,265,13.4,10.5,13.5,0.0,0.0,0.34,15.0,40.0,41929.0,1.0,2.0,245.0,0.0,101390.0
2025-01-04 13:00:00,23.7491043031977,22.0537194993348,0.0,0.04850877192982456,20.1,31,90,8.8,267,14.6,10.8,13.5,0.0,0.0,0.35,17.0,38.0,38086.0,2.0,3.0,258.0,0.0,101280.0
2025-01-04 14:00:00,23.5970998343974,21.951305783017,0.0,0.04859649122807017,20.5,30,99,7.7,286,15.5,11.1,13.5,0.0,0.0,0.32,19.0,31.0,45791.0,3.0,2.0,309.0,0.0,101170.0
2025-01-04 15:00:00,23.63665748398,22.1277380675251,0.0,0.04868421052631579,19.5,34,99,8.1,341,15.8,11.4,13.5,0.0,0.0,0.24,19.0,30.0,43944.0,2.0,2.0,287.0,0.0,101090.0
2025-01-04 16:00:00,23.5977244747223,22.0656334558831,0.0,0.0487719298245614,16.7,49,98,8.0,24,15.3,11.7,13.5,0.0,0.0,0.14,20.0,28.0,21333.0,1.0,2.0,336.0,0.0,101060.0
2025-01-04 17:00:00,23.5772404158371,22.1124419048031,0.0,0.04885964912280701,12.8,67,84,4.6,57,14.0,11.9,13.5,0.0,0.0,0.04,17.0,42.0,6733.0,0.0,3.0,38.0,0.0,101070.0
2025-01-04 18:00:00,23.9558386806725,22.143011572887,0.0,0.04894736842105263,10.9,70,100,5.1,78,12.4,12.0,13.5,0.0,0.0,0.02,14.0,65.0,648.0,0.0,1.0,65.0,0.0,101100.0
2025-01-04 19:00:00,23.7810161027597,22.0058067884187,0.0,0.049035087719298244,10.0,68,17,4.4,102,11.2,12.0,13.5,0.0,0.0,0.0,12.0,74.0,0.0,0.0,1.0,132.0,0.0,101120.0
2025-01-04 20:00:00,23.7148620629595,22.0299686555735,0.0,0.04912280701754385,9.4,67,11,2.7,123,10.2,12.0,13.5,0.0,0.0,0.0,12.0,78.0,0.0,0.0,2.0,138.0,0.0,101130.0
2025-01-04 21:00:00,23.7283624307543,21.945633012584,0.0,0.04921052631578947,9.1,67,97,1.6,120,9.4,11.9,13.5,0.0,0.0,0.0,9.0,81.0,0.0,0.0,1.0,166.0,0.0,101140.0
2025-01-04 22:00:00,23.7194989257163,22.2209657023867,0.0,0.049298245614035084,9.0,67,95,1.5,132,8.8,11.7,13.5,0.0,0.0,0.0,10.0,71.0,0.0,0.0,2.0,173.0,0.0,101110.0
2025-01-04 23:00:00,23.7002605073569,22.3034568837758,0.0,0.0493859649122807,8.8,68,99,2.6,151,8.4,11.6,13.5,0.0,0.0,0.0,9.0,81.0,0.0,0.0,1.0,258.0,0.0,101110.0
2025-01-05 00:00:00,23.6267468459014,22.0999287822083,0.0,0.049473684210526316,8.2,70,100,4.2,187,8.0,11.4,13.5,0.0,0.0,0.0,9.0,75.0,0.0,0.0,0.0,228.0,0.0,101070.0
2025-01-05 01:00:00,23.5638628215158,21.9668907632242,0.0,0.049561403508771924,7.6,65,100,5.3,201,7.2,11.3,13.5,0.0,0.0,0.01,8.0,76.0,0.0,0.0,1.0,168.0,0.0,101010.0
2025-01-05 02:00:00,23.7949565431218,22.0445009233218,0.0,0.04964912280701754,7.4,60,100,5.5,216,7.2,11.1,13.5,0.0,0.0,0.01,8.0,70.0,0.0,0.0,1.0,176.0,0.0,100960.0
2025-01-05 03:00:00,23.6937980351737,22.0046880559104,0.0,0.049736842105263156,7.3,54,100,5.9,223,7.2,10.9,13.5,0.0,0.0,0.02,7.0,76.0,0.0,0.0,1.0,180.0,0.0,100920.0
2025-01-05 04:00:00,23.7834800526473,21.9341366343037,0.0,0.04982456140350877,6.9,50,100,6.2,235,7.1,10.7,13.5,0.0,0.0,0.02,7.0,75.0,0.0,0.0,1.0,180.0,0.0,100870.0
2025-01-05 05:00:00,23.4652602618654,21.8673724579008,0.0,0.04991228070175438,6.9,49,100,6.6,243,7.0,10.5,13.5,0.0,0.0,0.02,9.0,66.0,0.0,0.0,2.0,210.0,0.0,100810.0
2025-01-05 06:00:00,23.7958420221511,21.9686744482399,0.0,0.049999999999999996,7.2,50,100,6.6,248,7.0,10.4,13.5,0.0,0.0,0.03,8.0,70.0,0.0,0.0,0.0,216.0,0.0,100800.0
2025-01-05 07:00:00,23.6700825506368,21.9463453080752,0.0,0.05008771929824561,7.1,52,100,6.6,252,7.0,10.2,13.5,0.0,0.0,0.02,9.0,66.0,0.0,0.0,1.0,234.0,0.0,100790.0
2025-01-05 08:00:00,23.7504670040693,21.9118847661857,0.0,0.05017543859649123,7.7,57,100,6.1,247,7.1,10.1,13.5,0.0,0.0,0.04,9.0,62.0,134.0,0.0,1.0,222.0,0.0,100780.0
2025-01-05 09:00:00,23.665556426193,21.9595869161557,0.0,0.050263157894736836,11.0,54,100,7.1,248,8.0,10.0,13.5,0.0,0.0,0.08,8.0,65.0,7060.0,0.0,2.0,228.0,0.0,100810.0
2025-01-05 10:00:00,23.6711489992753,21.9406383281966,0.0,0.05035087719298245,14.0,46,100,8.2,254,9.5,10.0,13.5,0.0,0.0,0.16,10.0,59.0,15611.0,1.0,3.0,198.0,0.0,100800.0
2025-01-05 11:00:00,23.5835239799714,21.69743367008,0.0,0.05043859649122807,16.1,41,100,6.4,278,11.1,10.1,13.5,0.0,0.0,0.21,14.0,45.0,30219.0,2.0,2.0,233.0,0.0,100790.0
2025-01-05 12:00:00,23.5559202622241,21.8421932828439,0.0,0.05052631578947368,16.9,40,100,6.8,285,12.2,10.3,13.5,0.0,0.0,0.21,15.0,42.0,25082.0,1.0,3.0,256.0,0.0,100720.0
2025-01-05 13:00:00,23.5640422642337,21.9632264920253,0.0,0.05061403508771929,17.6,39,100,5.9,295,13.1,10.7,13.5,0.0,0.0,0.21,16.0,38.0,55106.0,2.0,3.0,250.0,0.0,100610.0
2025-01-05 14:00:00,23.4822463026705,21.9456013034987,0.0,0.05070175438596491,18.8,36,100,4.5,320,14.3,10.9,13.5,0.0,0.0,0.26,18.0,33.0,47806.0,3.0,2.0,228.0,0.0,100470.0
2025-01-05 15:00:00,23.6546562777089,21.6567526045211,0.0,0.05078947368421052,18.5,42,100,2.8,322,14.7,11.2,13.5,0.0,0.0,0.17,20.0,31.0,35210.0,2.0,3.0,232.0,0.0,100380.0
2025-01-05 16:00:00,23.6711162772508,21.8803370291131,0.0,0.05087719298245614,17.2,59,99,2.8,40,14.6,11.4,13.5,0.0,0.0,0.1,20.0,29.0,17667.0,1.0,2.0,216.0,0.0,100330.0
2025-01-05 17:00:00,23.4688377696438,21.8564977018278,0.0,0.05096491228070175,14.1,61,96,3.4,77,13.6,11.6,13.5,0.0,0.0,0.04,19.0,32.0,7456.0,0.0,1.0,138.0,0.0,100330.0
2025-01-05 18:00:00,23.5118698664216,21.8112472977878,0.0,0.05105263157894736,12.2,66,75,1.1,175,12.1,11.7,13.5,0.0,0.0,0.01,16.0,42.0,267.0,0.0,1.0,174.0,0.0,100320.0
2025-01-05 19:00:00,23.4588628003221,21.8801618490912,0.0,0.05114035087719298,10.1,60,77,4.1,200,10.9,11.8,13.5,0.0,0.0,0.01,14.0,46.0,0.0,0.0,2.0,170.0,0.0,100360.0
2025-01-05 20:00:00,23.4103009965607,21.9465925658121,0.0,0.051228070175438595,9.6,47,9,8.7,209,10.1,11.7,13.5,0.0,0.0,0.04,10.0,55.0,0.0,0.0,1.0,192.0,0.0,100360.0
2025-01-05 21:00:00,23.6031663846211,21.7935498195149,0.0,0.051315789473684204,11.2,40,18,10.8,211,9.8,11.6,13.5,0.0,0.0,0.06,8.0,61.0,0.0,0.0,2.0,186.0,0.0,100370.0
2025-01-05 22:00:00,23.5875460926033,21.9905022205676,0.0,0.05140350877192982,11.2,42,90,10.4,212,9.6,11.6,13.5,0.0,0.0,0.06,9.0,56.0,0.0,0.0,1.0,186.0,0.0,100410.0
2025-01-05 23:00:00,23.5960944533671,21.9135934629191,0.0,0.051491228070175435,11.1,45,30,9.9,215,9.4,11.5,13.5,0.0,0.0,0.05,9.0,51.0,0.0,0.0,0.0,156.0,0.0,100400.0
2025-01-06 00:00:00,23.5318109424611,21.9469548277924,0.0,0.05157894736842105,12.4,43,19,12.4,213,9.4,11.4,13.5,0.0,0.0,0.07,12.0,43.0,0.0,0.0,1.0,222.0,0.0,100350.0
2025-01-06 01:00:00,23.4823591703171,21.8495571647295,0.0,0.051666666666666666,10.4,50,10,9.4,203,9.6,11.5,13.5,0.0,0.0,0.04,11.0,48.0,0.0,0.0,2.0,198.0,0.0,100330.0
2025-01-06 02:00:00,23.573252776681,21.896322335342,0.0,0.051754385964912275,12.0,46,59,11.4,211,9.5,11.4,13.5,0.0,0.0,0.06,12.0,44.0,0.0,0.0,1.0,192.0,0.0,100240.0
2025-01-06 03:00:00,23.3307441779883,21.7496510363157,0.0,0.05184210526315789,14.0,42,100,12.4,212,9.9,11.3,13.5,0.0,0.0,0.08,12.0,45.0,0.0,0.0,2.0,234.0,0.0,100170.0
2025-01-06 04:00:00,23.5097179734662,21.7793328371697,0.0,0.051929824561403506,15.3,36,63,14.9,213,10.5,11.3,13.5,0.0,0.0,0.11,12.0,48.0,0.0,0.0,2.0,168.0,0.0,100110.0
2025-01-06 05:00:00,23.551742654886,21.768977872267,0.0,0.05201754385964912,14.0,37,94,12.2,213,10.6,11.3,13.5,0.0,0.0,0.08,12.0,48.0,0.0,0.0,2.0,258.0,0.0,100050.0
2025-01-06 06:00:00,23.5141800649793,21.6486152344679,0.0,0.05210526315789473,13.8,35,97,13.9,221,10.6,11.3,13.5,0.0,0.0,0.1,14.0,43.0,0.0,0.0,3.0,294.0,0.0,100050.0
2025-01-06 07:00:00,23.5383916792811,21.9346265516333,0.0,0.05219298245614035,13.9,33,100,15.2,226,10.7,11.3,13.5,0.0,0.0,0.11,14.0,39.0,0.0,0.0,4.0,282.0,0.0,100110.0
2025-01-06 08:00:00,23.5520131724402,21.7553279035545,0.0,0.05228070175438596,13.5,36,100,20.3,230,10.9,11.3,13.5,0.0,0.0,0.14,14.0,39.0,264.0,0.0,2.0,276.0,0.0,100190.0
2025-01-06 09:00:00,23.4526168273841,21.8516473369945,0.0,0.05236842105263158,14.1,44,91,29.0,227,11.3,11.3,13.5,0.0,0.0,0.17,12.0,59.0,1603.0,0.0,2.0,210.0,0.0,100290.0
2025-01-06 10:00:00,23.3692350237739,21.5703924449392,0.0,0.05245614035087719,15.6,49,99,23.8,226,12.0,11.4,13.5,0.2,0.2,0.2,13.0,68.0,5126.0,0.0,3.0,246.0,0.0,100330.0
2025-01-06 11:00:00,23.3366020015127,21.5794935906393,0.0,0.0525438596491228,17.3,44,75,29.7,224,13.1,11.5,13.5,0.0,0.0,0.28,11.0,84.0,11292.0,1.0,4.0,228.0,2.0,100400.0
2025-01-06 12:00:00,23.3366955443151,21.8344409560928,0.0,0.05263157894736842,18.2,44,92,30.3,223,14.3,11.7,13.5,0.0,0.0,0.34,14.0,69.0,11088.0,1.0,4.0,217.0,1.0,100210.0
2025-01-06 13:00:00,23.4001398185045,21.6493129216274,0.0,0.052719298245614034,17.2,50,99,28.6,226,13.8,12.1,13.5,0.0,0.0,0.26,14.0,77.0,25271.0,1.0,3.0,276.0,0.0,100220.0
2025-01-06 14:00:00,23.2339019033411,21.764388829415,0.0,0.05280701754385964,17.7,50,94,27.1,230,14.5,12.2,13.5,0.0,0.0,0.26,16.0,64.0,38290.0,2.0,5.0,282.0,0.0,100190.0
2025-01-06 15:00:00,23.5504907730575,21.6929465578342,0.0,0.05289473684210526,18.0,50,96,25.5,236,14.8,12.4,13.5,0.0,0.0,0.23,17.0,57.0,26669.0,1.0,4.0,246.0,0.0,100180.0
2025-01-06 16:00:00,23.5288828158391,21.5812756828699,0.0,0.052982456140350874,14.6,67,82,14.4,264,14.6,12.6,13.5,0.9,0.9,0.11,16.0,64.0,13896.0,1.0,5.0,284.0,0.0,100250.0
2025-01-06 17:00:00,23.2904265187445,21.6958616793188,0.0,0.05307017543859649,12.1,81,52,3.3,265,13.7,12.7,13.5,0.0,0.0,0.03,15.0,68.0,3448.0,0.0,4.0,294.0,0.0,100280.0
2025-01-06 18:00:00,23.4947081991438,21.7358763766269,0.0,0.0531578947368421,11.1,86,2,9.7,188,12.6,12.7,13.5,0.0,0.0,0.02,14.0,78.0,78.0,0.0,3.0,258.0,0.0,100410.0
2025-01-06 19:00:00,23.507677666058,21.6407242382113,0.0,0.053245614035087714,10.5,87,21,7.3,227,11.7,12.7,13.5,0.0,0.0,0.0,12.0,84.0,0.0,0.0,2.0,228.0,0.0,100520.0
2025-01-06 20:00:00,23.4421538992158,21.8179720949352,0.0,0.05333333333333333,11.1,80,8,9.6,222,11.2,12.6,13.5,0.0,0.0,0.01,11.0,88.0,0.0,0.0,0.0,318.0,0.0,100630.0
2025-01-06 21:00:00,23.335791676321,21.7843918504402,0.0,0.053421052631578946,10.8,80,10,10.8,217,10.8,12.6,13.5,0.0,0.0,0.01,11.0,82.0,0.0,0.0,2.0,270.0,0.0,100680.0
2025-01-06 22:00:00,23.5574307668846,21.7827704454928,0.0,0.053508771929824554,10.6,80,13,10.8,221,10.5,12.4,13.5,0.0,0.0,0.01,10.0,89.0,0.0,0.0,2.0,198.0,0.0,100760.0
2025-01-06 23:00:00,23.4079845357603,21.6339216818489,0.0,0.05359649122807017,10.5,82,4,11.9,222,10.3,12.3,13.5,0.0,0.0,0.01,10.0,85.0,0.0,0.0,1.0,192.0,0.0,100820.0
2025-01-07 00:00:00,23.3572583349407,21.6064536997609,0.0,0.053684210526315786,10.3,84,10,12.9,220,10.2,12.2,13.5,0.0,0.0,0.01,10.0,81.0,0.0,0.0,2.0,216.0,0.0,100860.0
2025-01-07 01:00:00,23.5413778475192,21.6009358610938,0.0,0.0537719298245614,10.8,82,5,10.6,225,11.5,12.5,13.6,0.0,0.0,0.01,10.0,83.0,0.0,0.0,1.0,228.0,0.0,100890.0
2025-01-07 02:00:00,23.4962013803457,21.653397813239,0.0,0.05385964912280701,10.5,82,15,8.6,229,11.0,12.5,13.6,0.0,0.0,0.0,10.0,81.0,0.0,0.0,0.0,288.0,0.0,100890.0
2025-01-07 03:00:00,23.3723917176176,21.4476803505404,0.0,0.053947368421052626,10.4,79,29,8.3,226,10.5,12.4,13.6,0.1,0.1,0.01,9.0,84.0,0.0,0.0,2.0,252.0,0.0,100950.0
2025-01-07 04:00:00,23.3237792766014,21.6356534888764,0.0,0.05403508771929824,10.3,81,22,8.5,227,10.3,12.3,13.6,0.0,0.0,0.0,11.0,77.0,0.0,0.0,3.0,192.0,0.0,100960.0
2025-01-07 05:00:00,23.5660109668393,21.5130013492588,0.0,0.05412280701754386,10.2,81,21,8.6,235,10.1,12.2,13.6,0.0,0.0,0.0,11.0,77.0,0.0,0.0,2.5,204.0,0.0,100975.0
2025-01-07 06:00:00,23.4097006409867,21.6777840626754,0.0,0.05421052631578947,10.0,81,17,9.3,235,10.0,12.1,13.6,0.0,0.0,0.01,11.0,77.0,0.0,0.0,2.0,216.0,0.0,100990.0
2025-01-07 07:00:00,23.3448646816397,21.5754553687268,0.0,0.05429824561403508,9.5,83,18,9.4,231,9.7,11.9,13.6,0.0,0.0,0.0,12.0,73.0,0.0,0.0,3.0,256.0,0.0,101010.0
2025-01-07 08:00:00,23.3201301228129,21.4955391903962,0.0,0.0543859649122807,10.0,82,6,10.4,231,9.7,11.8,13.6,0.0,0.0,0.02,11.0,78.0,0.0,0.0,2.0,210.0,0.0,101080.0
2025-01-07 09:00:00,23.3395086657169,21.3644371079567,0.0,0.05447368421052631,12.5,76,9,11.6,225,10.5,11.8,13.6,0.0,0.0,0.07,9.0,83.0,1343.0,0.0,1.0,204.0,0.0,101150.0
2025-01-07 10:00:00,23.387807826155,21.5462628734133,0.0,0.05456140350877193,14.7,65,18,11.3,228,11.9,11.8,13.6,0.0,0.0,0.16,11.0,77.0,8613.0,1.0,2.0,264.0,0.0,101220.0
2025-01-07 11:00:00,23.4309144615087,21.5870165266624,0.0,0.05464912280701754,15.8,61,34,14.7,261,13.2,11.9,13.6,0.0,0.0,0.22,13.0,74.0,18031.0,1.0,2.0,304.0,0.0,101310.0
2025-01-07 12:00:00,23.4532429753072,21.5259280082879,0.0,0.05473684210526315,16.6,56,50,14.8,256,14.2,12.0,13.6,0.0,0.0,0.26,16.0,66.0,42868.0,2.0,4.0,282.0,0.0,101350.0
2025-01-07 13:00:00,23.4437003634095,21.5983401646608,0.0,0.05482456140350877,17.7,49,36,12.0,249,15.5,12.3,13.6,0.0,0.0,0.29,16.0,61.0,47502.0,3.0,5.0,298.0,0.0,101310.0
2025-01-07 14:00:00,23.2286351488519,21.5887121023625,0.0,0.054912280701754385,18.0,45,23,11.3,251,16.1,12.5,13.6,0.0,0.0,0.28,18.0,51.0,49328.0,4.0,3.0,256.0,0.0,101240.0
2025-01-07 15:00:00,23.3547278362459,21.5625871049012,0.0,0.05499999999999999,18.0,44,6,10.7,257,16.2,12.8,13.6,0.0,0.0,0.24,18.0,45.0,42352.0,3.0,5.0,286.0,0.0,101170.0
2025-01-07 16:00:00,23.4377370764107,21.4814603063315,0.0,0.05508771929824561,17.2,51,1,4.9,275,15.9,13.0,13.6,0.0,0.0,0.14,18.0,43.0,28375.0,2.0,4.0,264.0,0.0,101120.0
2025-01-07 17:00:00,23.4673959949313,21.5496359667406,0.0,0.055175438596491225,13.9,63,0,3.6,350,14.7,13.2,13.6,0.0,0.0,0.04,19.0,44.0,12185.0,1.0,5.0,290.0,0.0,101140.0
2025-01-07 18:00:00,23.4298957894471,21.6322703490075,0.0,0.05526315789473684,11.3,80,37,5.0,36,13.2,13.2,13.6,0.0,0.0,0.02,16.0,59.0,3481.0,0.0,3.0,18.0,0.0,101180.0
2025-01-07 19:00:00,23.6009940970994,21.5873843479851,0.0,0.05535087719298245,10.6,83,87,6.4,90,12.2,13.2,13.6,0.0,0.0,0.0,13.0,71.0,0.0,0.0,2.0,88.0,0.0,101200.0
2025-01-07 20:00:00,23.4311380567662,21.6779834681463,0.0,0.055438596491228065,9.6,84,99,4.6,88,11.4,13.1,13.6,0.0,0.0,0.0,11.0,78.0,0.0,0.0,2.0,126.0,0.0,101270.0
2025-01-07 21:00:00,23.3211575511861,21.5815696280022,0.0,0.05552631578947368,9.6,81,100,1.5,73,10.7,13.0,13.7,0.0,0.0,0.0,11.0,78.0,0.0,0.0,2.0,134.0,0.0,101280.0
2025-01-07 22:00:00,23.4589054160626,21.4409534246431,0.0,0.055614035087719296,9.3,81,83,0.2,49,10.1,12.8,13.7,0.0,0.0,0.0,9.0,83.0,0.0,0.0,1.0,180.0,0.0,101290.0
2025-01-07 23:00:00,23.4025569206253,21.5938723352046,0.0,0.055701754385964905,8.6,81,3,1.1,49,9.5,12.7,13.7,0.0,0.0,0.0,8.0,82.0,0.0,0.0,0.0,144.0,0.0,101300.0
2025-01-08 00:00:00,23.2514269694314,21.4059804953912,0.0,0.05578947368421052,8.1,81,1,1.3,14,9.0,12.5,13.7,0.0,0.0,0.0,8.0,86.0,0.0,0.0,0.0,198.0,0.0,101310.0
2025-01-08 01:00:00,23.4689982756092,21.5354602502412,0.0,0.055877192982456136,7.8,83,2,2.1,297,8.6,12.4,13.7,0.0,0.0,0.0,7.0,87.0,0.0,0.0,0.0,176.0,0.0,101260.0
2025-01-08 02:00:00,23.3633769118469,21.4779358384039,0.0,0.05596491228070175,6.7,84,42,3.2,254,8.3,12.1,13.7,0.0,0.0,0.0,7.0,91.0,0.0,0.0,0.0,186.0,0.0,101190.0
2025-01-08 03:00:00,23.3401955636158,21.5887067725211,0.0,0.05605263157894736,6.0,83,77,3.6,246,7.9,11.9,13.7,0.0,0.0,0.0,6.0,91.0,0.0,0.0,0.0,210.0,0.0,101130.0
2025-01-08 04:00:00,23.3040636321809,21.4727514964071,0.0,0.05614035087719298,5.6,81,97,4.9,239,7.7,11.7,13.7,0.0,0.0,0.0,6.0,92.0,0.0,0.0,2.0,222.0,0.0,101110.0
2025-01-08 05:00:00,23.300917258676,21.3311322383807,0.0,0.05622807017543859,5.7,78,40,5.9,246,7.4,11.5,13.7,0.0,0.0,0.0,4.0,91.0,0.0,0.0,1.0,180.0,0.0,101110.0
2025-01-08 06:00:00,23.5033854373629,21.5170216273308,0.0,0.05631578947368421,5.8,75,28,6.0,252,7.2,11.3,13.7,0.0,0.0,0.0,7.0,86.0,0.0,0.0,1.0,192.0,0.0,101090.0
2025-01-08 07:00:00,23.492002201216,21.4790610768183,0.0,0.056403508771929824,5.6,73,54,6.1,244,7.0,11.1,13.7,0.0,0.0,0.0,7.0,83.0,0.0,0.0,2.0,240.0,0.0,101110.0
2025-01-08 08:00:00,23.3414407061264,21.4276103887723,0.0,0.05649122807017543,7.0,70,63,5.1,241,7.0,10.8,13.7,0.0,0.0,0.02,7.0,82.0,0.0,0.0,2.0,234.0,0.0,101140.0
2025-01-08 09:00:00,23.2976763988918,21.5109610296772,0.0,0.05657894736842105,11.1,66,93,5.8,253,8.3,10.7,13.7,0.0,0.0,0.07,7.0,78.0,2401.0,0.0,2.0,210.0,0.0,101150.0
2025-01-08 10:00:00,23.4465844091552,21.2875464648058,0.0,0.056666666666666664,14.7,56,59,5.4,256,10.2,10.7,13.7,0.0,0.0,0.17,10.0,70.0,9115.0,0.0,2.0,222.0,0.0,101150.0
2025-01-08 11:00:00,23.3763026230011,21.7164147482893,0.0,0.05675438596491228,17.9,47,16,6.5,281,12.2,10.8,13.6,0.0,0.0,0.26,12.0,61.0,24305.0,1.0,4.0,216.0,0.0,101160.0
2025-01-08 12:00:00,23.3857771023115,21.8377533484764,0.0,0.05684210526315789,20.5,39,75,8.7,272,14.1,11.0,13.6,0.0,0.0,0.34,15.0,51.0,39675.0,2.0,5.0,256.0,0.0,101090.0
2025-01-08 13:00:00,23.4081864775292,22.2251439959029,0.0,0.056929824561403504,22.0,31,100,9.8,277,15.2,11.3,13.6,0.0,0.0,0.37,17.0,42.0,49708.0,3.0,6.0,252.0,0.0,101030.0
2025-01-08 14:00:00,23.4307364694175,22.2469460723076,0.0,0.05701754385964912,19.7,44,100,14.9,314,15.9,11.6,13.6,0.0,0.0,0.32,19.0,35.0,44480.0,3.0,4.0,263.0,0.0,101010.0
2025-01-08 15:00:00,23.4794138708659,22.4245846622613,0.0,0.057105263157894735,18.5,54,86,3.3,331,16.2,11.9,13.6,0.0,0.0,0.21,20.0,31.0,40098.0,2.0,2.0,265.0,0.0,101040.0
2025-01-08 16:00:00,23.5921367623856,22.4874421992694,0.0,0.057192982456140344,18.0,66,0,1.8,107,16.0,12.2,13.6,0.0,0.0,0.13,19.0,48.0,24730.0,1.0,0.0,53.0,0.0,101050.0
2025-01-08 17:00:00,23.8596285748566,22.435465336548,0.0,0.05728070175438596,14.7,72,0,3.4,20,14.8,12.5,13.6,0.0,0.0,0.04,18.0,59.0,10369.0,0.0,3.0,54.0,0.0,100990.0
2025-01-08 18:00:00,24.0671391685217,22.504458657539,0.0,0.057368421052631575,13.4,74,0,1.3,4,13.2,12.6,13.6,0.0,0.0,0.02,17.0,64.0,3042.0,0.0,1.0,66.0,0.0,100910.0
2025-01-08 19:00:00,24.0865479995439,22.6294595406833,0.0,0.05745614035087719,12.6,80,0,1.4,339,12.0,12.6,13.7,0.0,0.0,0.0,13.0,83.0,0.0,0.0,0.0,38.0,0.0,100990.0
2025-01-08 20:00:00,24.2261505332152,22.6889795948865,0.0,0.0575438596491228,11.5,78,33,2.9,210,11.0,12.5,13.7,0.0,0.0,0.0,11.0,88.0,0.0,0.0,2.0,143.0,0.0,101130.0
2025-01-08 21:00:00,24.0951915034806,22.6939814531354,0.0,0.057631578947368416,10.7,67,12,4.3,238,10.3,12.4,13.7,0.0,0.0,0.0,11.0,87.0,0.0,0.0,0.0,174.0,0.0,101110.0
2025-01-08 22:00:00,24.2834805194414,22.597450463708,0.0,0.05771929824561403,10.3,68,0,0.9,274,9.6,12.3,13.7,0.0,0.0,0.0,9.0,93.0,0.0,0.0,0.0,162.0,0.0,101180.0
2025-01-08 23:00:00,24.3543404222162,22.7169118354116,0.0,0.05780701754385965,9.7,67,0,2.2,242,9.0,12.1,13.7,0.0,0.0,0.0,8.0,92.0,0.0,0.0,0.0,120.0,0.0,101260.0
2025-01-09 00:00:00,24.426918772304,22.8732005116317,0.0,0.057894736842105256,8.9,74,0,5.5,231,8.6,12.0,13.7,0.0,0.0,0.0,9.0,87.0,0.0,0.0,2.0,143.0,0.0,101240.0
2025-01-09 01:00:00,24.5429742038978,22.7029794933701,0.0,0.05798245614035087,9.8,71,0,8.2,231,9.0,12.0,13.7,0.0,0.0,0.01,8.0,87.0,0.0,0.0,1.0,228.0,0.0,101190.0
2025-01-09 02:00:00,24.438767850397,22.567359433286,0.0,0.05807017543859649,9.9,68,7,2.0,252,8.5,11.8,13.7,0.0,0.0,0.0,6.0,92.0,0.0,0.0,0.0,42.0,0.0,101130.0
2025-01-09 03:00:00,24.3323153461318,22.4108490907833,0.0,0.0581578947368421,9.6,69,0,1.6,241,8.2,11.7,13.7,0.0,0.0,0.0,9.0,80.0,0.0,0.0,0.0,204.0,0.0,101140.0
2025-01-09 04:00:00,24.314762647945,22.5117442353793,0.0,0.05824561403508771,8.8,73,12,7.8,226,7.9,11.5,13.7,0.0,0.0,0.01,10.0,72.0,0.0,0.0,2.0,180.0,0.0,101130.0
2025-01-09 05:00:00,24.3295194878772,22.5861950068166,0.0,0.05833333333333333,10.3,69,22,10.2,222,8.1,11.3,13.7,0.0,0.0,0.02,11.0,65.0,0.0,0.0,2.0,228.0,0.0,101120.0
2025-01-09 06:00:00,24.4541266935196,22.47309226203,0.0,0.05842105263157894,11.0,66,35,10.2,222,8.4,11.1,13.7,0.0,0.0,0.03,11.0,66.0,0.0,0.0,2.0,234.0,0.0,101140.0
2025-01-09 07:00:00,24.3576127231863,22.5535323580986,0.0,0.05850877192982456,11.5,63,87,10.9,219,8.7,11.0,13.7,0.0,0.0,0.03,11.0,68.0,0.0,0.0,2.0,240.0,0.0,101150.0
2025-01-09 08:00:00,24.5549697557878,22.7469598816161,0.0,0.058596491228070174,12.3,61,16,10.6,219,9.1,10.9,13.7,0.0,0.0,0.05,10.0,70.0,0.0,0.0,2.0,210.0,0.0,101210.0
2025-01-09 09:00:00,24.3447935466348,22.5456502021644,0.0,0.05868421052631578,15.8,54,4,11.6,223,10.2,10.9,13.7,0.0,0.0,0.12,11.0,65.0,4410.0,0.0,1.0,233.0,0.0,101290.0
2025-01-09 10:00:00,24.4853986213321,22.6855777203124,0.0,0.0587719298245614,18.7,47,11,12.1,234,12.0,11.0,13.7,0.0,0.0,0.21,13.0,60.0,12156.0,1.0,3.0,246.0,0.0,101360.0
2025-01-09 11:00:00,24.2898621080793,22.5344246427751,0.0,0.058859649122807015,20.5,42,11,12.6,249,13.7,11.2,13.6,0.0,0.0,0.3,17.0,49.0,24696.0,2.0,4.0,264.0,0.0,101410.0
2025-01-09 12:00:00,24.3838068277892,22.4761405660348,0.0,0.05894736842105263,21.7,39,5,11.8,258,15.2,11.4,13.6,0.0,0.0,0.35,19.0,44.0,42795.0,2.0,4.0,264.0,0.0,101410.0
2025-01-09 13:00:00,24.4709377671268,22.5898353074663,0.0,0.05903508771929824,23.0,34,9,11.5,258,16.5,11.8,13.6,0.0,0.0,0.38,21.0,40.0,60140.0,3.0,3.0,272.0,0.0,101350.0
2025-01-09 14:00:00,24.6635429336718,22.7435833876156,0.0,0.059122807017543855,23.4,34,10,8.9,276,17.3,12.1,13.6,0.0,0.0,0.34,22.0,36.0,40160.0,3.0,6.0,286.0,0.0,101230.0
2025-01-09 15:00:00,24.4184745227392,22.5321651618585,0.0,0.05921052631578947,22.6,39,8,7.7,319,17.7,12.5,13.6,0.0,0.0,0.27,23.0,35.0,32652.0,2.0,3.0,303.0,0.0,101170.0
2025-01-09 16:00:00,24.6222390939401,22.4823239090407,0.0,0.059298245614035086,20.1,53,6,4.1,5,17.4,12.8,13.7,0.0,0.0,0.14,24.0,31.0,24172.0,1.0,3.0,289.0,0.0,101170.0
2025-01-09 17:00:00,24.5362736341083,22.637206675066,0.0,0.059385964912280695,16.7,61,4,2.8,63,16.2,13.1,13.7,0.0,0.0,0.04,21.0,36.0,8088.0,0.0,4.0,38.0,0.0,101210.0
2025-01-09 18:00:00,24.5335080854543,22.5224403210438,0.0,0.05947368421052631,14.2,68,2,5.1,121,14.6,13.2,13.7,0.0,0.0,0.04,20.0,43.0,1887.0,0.0,2.0,120.0,0.0,101230.0
2025-01-09 19:00:00,24.6170400319434,22.6865316396002,0.0,0.059561403508771926,13.5,68,2,3.7,158,13.4,13.3,13.7,0.0,0.0,0.0,16.0,50.0,0.0,0.0,2.0,108.0,0.0,101270.0
2025-01-09 20:00:00,24.5450808389813,22.4911423080773,0.0,0.05964912280701754,13.1,66,0,4.0,190,12.5,13.3,13.7,0.0,0.0,0.0,15.0,55.0,0.0,0.0,2.0,156.0,0.0,101320.0
2025-01-09 21:00:00,24.5235133800638,22.4307201043364,0.0,0.05973684210526315,12.9,64,0,4.7,189,11.9,13.2,13.7,0.0,0.0,0.01,15.0,54.0,0.0,0.0,1.0,204.0,0.0,101340.0
2025-01-09 22:00:00,24.6915494988716,22.6616542060922,0.0,0.059824561403508766,12.6,63,0,5.4,196,11.4,13.1,13.7,0.0,0.0,0.01,11.0,65.0,0.0,0.0,0.0,186.0,0.0,101410.0
2025-01-09 23:00:00,24.5467435560052,22.5855211585511,0.0,0.05991228070175438,12.1,68,5,6.6,202,11.1,13.0,13.7,0.0,0.0,0.01,14.0,54.0,0.0,0.0,1.0,162.0,0.0,101430.0
2025-01-10 00:00:00,24.401884404541,22.5155366784756,0.0,0.06,12.0,78,6,6.9,201,11.0,12.9,13.7,0.0,0.0,0.0,9.0,73.0,0.0,0.0,0.0,322.0,0.0,101470.0
2025-01-10 01:00:00,24.3163142387299,22.6468364944033,0.0,0.06008771929824561,11.8,78,0,6.4,200,11.3,13.0,13.7,0.0,0.0,0.0,10.0,67.0,0.0,0.0,2.0,164.0,0.0,101430.0
2025-01-10 02:00:00,24.4933288749403,22.5445183608101,0.0,0.06017543859649122,11.4,85,0,5.6,201,11.0,12.9,13.7,0.0,0.0,0.0,10.0,68.0,0.0,0.0,0.0,178.0,0.0,101400.0
2025-01-10 03:00:00,24.3093010881574,22.371164859665,0.0,0.06026315789473684,11.3,85,0,4.8,211,10.7,12.8,13.7,0.0,0.0,0.0,9.0,73.0,0.0,0.0,0.0,168.0,0.0,101410.0
2025-01-10 04:00:00,24.432884692632,22.4480133648213,0.0,0.060350877192982454,11.0,86,1,6.8,223,10.5,12.6,13.7,0.0,0.0,0.0,8.0,74.0,0.0,0.0,1.0,172.0,0.0,101410.0
2025-01-10 05:00:00,24.2814909435217,22.654646451575,0.0,0.06043859649122806,10.8,86,0,7.4,227,10.4,12.5,13.7,0.0,0.0,0.0,10.0,73.0,0.0,0.0,2.0,186.0,0.0,101410.0
2025-01-10 06:00:00,24.4420514410492,22.4019605569445,0.0,0.06052631578947368,10.6,86,4,7.4,234,10.3,12.4,13.7,0.0,0.0,0.0,10.0,69.0,0.0,0.0,1.0,198.0,0.0,101440.0
2025-01-10 07:00:00,24.3236088199697,22.4007844791735,0.0,0.060614035087719294,10.5,84,12,8.2,238,10.1,12.3,13.7,0.0,0.0,0.0,11.0,67.0,0.0,0.0,2.0,234.0,0.0,101440.0
2025-01-10 08:00:00,24.3712751907936,22.3839308772546,0.0,0.06070175438596491,11.2,80,2,9.1,237,10.2,12.2,13.7,0.0,0.0,0.02,10.0,71.0,52.0,0.0,0.0,204.0,0.0,101500.0
2025-01-10 09:00:00,24.4231020729913,22.3055081304643,0.0,0.060789473684210525,14.5,68,1,10.1,236,11.2,12.1,13.8,0.0,0.0,0.09,12.0,65.0,4832.0,0.0,2.0,234.0,0.0,101560.0
2025-01-10 10:00:00,24.48664260594,22.4845299183081,0.0,0.060877192982456134,17.6,58,1,7.6,242,12.8,12.2,13.8,0.0,0.0,0.18,14.0,58.0,13603.0,1.0,3.0,222.0,0.0,101600.0
2025-01-10 11:00:00,24.5051920821837,22.286899931306,0.0,0.06096491228070175,19.9,49,0,7.7,271,14.6,12.3,13.8,0.0,0.0,0.28,16.0,49.0,29703.0,1.0,3.0,234.0,0.0,101630.0
2025-01-10 12:00:00,24.2767145885814,22.4520392591592,0.0,0.061052631578947365,21.3,44,0,8.0,274,16.1,12.5,13.8,0.0,0.0,0.34,18.0,46.0,43631.0,2.0,2.0,234.0,0.0,101600.0
2025-01-10 13:00:00,24.3913517917189,22.3458047797351,0.0,0.06114035087719298,22.4,40,0,7.8,277,17.3,12.6,13.8,0.0,0.0,0.36,20.0,40.0,49472.0,3.0,2.0,259.0,0.0,101510.0
2025-01-10 14:00:00,24.344235403768,22.3133850264939,0.0,0.06122807017543859,22.9,38,0,7.5,288,18.1,13.0,13.8,0.0,0.0,0.34,22.0,37.0,47227.0,3.0,3.0,204.0,0.0,101390.0
2025-01-10 15:00:00,24.5367440825292,22.2955855440514,0.0,0.061315789473684205,22.4,41,0,7.3,332,18.4,13.3,13.8,0.0,0.0,0.27,22.0,36.0,36030.0,2.0,3.0,306.0,0.0,101320.0
2025-01-10 16:00:00,24.3266140811771,22.4932229708339,0.0,0.06140350877192982,19.7,57,0,8.6,18,18.0,13.6,13.8,0.0,0.0,0.16,22.0,43.0,20105.0,1.0,3.0,23.0,0.0,101300.0
2025-01-10 17:00:00,24.4424904394033,22.5777933629089,0.0,0.06149122807017544,15.7,79,0,4.9,58,16.8,13.8,13.8,0.0,0.0,0.04,19.0,59.0,6421.0,0.0,4.0,12.0,0.0,101360.0
2025-01-10 18:00:00,24.6262615849842,22.4381157862755,0.0,0.061578947368421046,13.8,85,0,6.0,103,15.3,14.0,13.8,0.0,0.0,0.02,17.0,65.0,1091.0,0.0,2.0,108.0,0.0,101390.0
2025-01-10 19:00:00,24.6053262402809,22.3339674164963,0.0,0.06166666666666666,12.5,84,0,4.9,145,14.2,14.0,13.8,0.0,0.0,0.0,15.0,74.0,0.0,0.0,2.0,132.0,0.0,101450.0
2025-01-10 20:00:00,24.4939920113741,22.3059777522484,0.0,0.06175438596491228,12.0,81,0,4.5,184,13.2,14.0,13.8,0.0,0.0,0.0,14.0,74.0,0.0,0.0,2.0,144.0,0.0,101490.0
2025-01-10 21:00:00,24.6249965553237,22.4608727666538,0.0,0.06184210526315789,11.9,78,0,5.1,199,12.4,13.9,13.8,0.0,0.0,0.0,12.0,77.0,0.0,0.0,0.0,175.0,0.0,101530.0
2025-01-10 22:00:00,24.1729157201554,22.514825380733,0.0,0.0619298245614035,12.1,76,0,4.6,206,11.8,13.8,13.8,0.0,0.0,0.0,12.0,75.0,0.0,0.0,0.0,198.0,0.0,101460.0
2025-01-10 23:00:00,24.4329562363464,22.2761092839592,0.0,0.06201754385964912,12.2,74,0,4.2,209,11.3,13.7,13.8,0.0,0.0,0.0,12.0,80.0,0.0,0.0,1.0,300.0,0.0,101490.0
2025-01-11 00:00:00,24.2885138699044,22.1446963222382,0.0,0.06210526315789473,12.1,74,0,4.0,215,10.9,13.5,13.9,0.0,0.0,0.0,11.0,79.0,0.0,0.0,1.0,180.0,0.0,101480.0
2025-01-11 01:00:00,24.3157592827695,22.5143725734904,0.0,0.06219298245614035,10.8,79,0,6.3,243,10.4,13.5,13.9,0.0,0.0,0.0,12.0,76.0,0.0,0.0,1.0,228.0,0.0,101470.0
2025-01-11 02:00:00,24.5162067554048,22.3230802858383,0.0,0.06228070175438596,11.2,76,0,9.0,235,10.3,13.3,13.9,0.0,0.0,0.01,11.0,77.0,0.0,0.0,2.0,228.0,0.0,101460.0
2025-01-11 03:00:00,24.4534736420885,22.1472179909724,0.0,0.06236842105263157,10.9,76,0,8.8,222,10.4,13.1,13.9,0.0,0.0,0.01,11.0,76.0,0.0,0.0,2.0,186.0,0.0,101430.0
2025-01-11 04:00:00,24.3986370737647,22.1885159145909,0.0,0.06245614035087719,10.4,84,0,8.6,233,10.3,13.0,13.9,0.0,0.0,0.0,11.0,75.0,0.0,0.0,2.0,264.0,0.0,101370.0
2025-01-11 05:00:00,24.3554029020021,22.1447797727948,0.0,0.0625438596491228,10.6,89,1,9.8,236,10.3,12.8,13.9,0.0,0.0,0.0,11.0,76.0,0.0,0.0,2.0,210.0,0.0,101410.0
2025-01-11 06:00:00,24.3845299976779,22.0894954701699,0.0,0.06263157894736841,11.2,89,0,9.6,215,10.5,12.7,13.9,0.0,0.0,0.0,11.0,76.0,0.0,0.0,2.0,246.0,0.0,101420.0
2025-01-11 07:00:00,24.2553461158543,22.1800464278357,0.0,0.06271929824561404,10.5,91,0,7.2,216,10.4,12.6,13.9,0.0,0.0,0.0,11.0,77.0,0.0,0.0,1.0,228.0,0.0,101470.0
2025-01-11 08:00:00,24.2895151135652,22.1751153263004,0.0,0.06280701754385964,11.4,89,6,11.1,229,10.5,12.5,13.9,0.0,0.0,0.02,11.0,78.0,251.0,0.0,2.0,246.0,0.0,101500.0
2025-01-11 09:00:00,24.2967736326727,22.2232468440016,0.0,0.06289473684210525,15.3,75,94,12.3,212,11.6,12.4,13.9,0.0,0.0,0.09,13.0,75.0,6072.0,0.0,2.0,276.0,0.0,101560.0
2025-01-11 10:00:00,24.3412241388838,22.2890723655335,0.0,0.06298245614035088,18.4,62,100,10.3,219,13.3,12.5,13.9,0.0,0.0,0.19,15.0,71.0,21640.0,1.0,4.0,270.0,0.0,101590.0
2025-01-11 11:00:00,24.195425064033,22.041189465175,0.0,0.06307017543859648,20.1,55,100,11.7,241,14.9,12.6,13.9,0.0,0.0,0.27,17.0,62.0,45091.0,3.0,3.0,290.0,0.0,101640.0
2025-01-11 12:00:00,24.416085176912,22.2124157473535,0.0,0.06315789473684211,20.8,51,100,12.3,259,16.1,12.8,13.9,0.0,0.0,0.28,18.0,61.0,33440.0,2.0,3.0,324.0,0.0,101570.0
2025-01-11 13:00:00,24.1556408838516,22.2533660159192,0.0,0.06324561403508772,21.3,52,28,15.3,281,17.1,13.1,13.9,0.0,0.0,0.31,19.0,57.0,46572.0,3.0,1.0,342.0,0.0,101500.0
2025-01-11 14:00:00,24.3828522020601,22.1954612817433,0.0,0.06333333333333332,21.7,52,7,14.9,277,17.9,13.4,13.9,0.0,0.0,0.32,20.0,54.0,44640.0,2.0,3.0,245.0,0.0,101380.0
2025-01-11 15:00:00,24.2903274030458,22.2741024311283,0.0,0.06342105263157895,21.1,56,0,14.5,277,18.2,13.7,13.9,0.0,0.0,0.27,21.0,52.0,34452.0,2.0,2.0,252.0,0.0,101330.0
2025-01-11 16:00:00,24.4540821622135,22.1751554698567,0.0,0.06350877192982456,20.2,60,6,9.3,284,18.0,14.0,13.9,0.0,0.0,0.17,21.0,51.0,17760.0,1.0,1.0,193.0,0.0,101310.0
2025-01-11 17:00:00,24.4060816473147,22.1197527032825,0.0,0.06359649122807016,17.6,68,3,4.0,293,17.0,14.2,14.0,0.0,0.0,0.05,21.0,53.0,5475.0,0.0,2.0,275.0,0.0,101350.0
2025-01-11 18:00:00,24.4790780430063,22.2671272829589,0.0,0.06368421052631579,16.1,72,10,3.2,250,15.5,14.3,14.0,0.0,0.0,0.03,18.0,67.0,460.0,0.0,0.0,42.0,0.0,101430.0
2025-01-11 19:00:00,24.3095664818872,22.1165521495814,0.0,0.0637719298245614,15.8,75,21,8.6,221,14.6,14.3,14.0,0.0,0.0,0.02,16.0,75.0,0.0,0.0,0.0,119.0,0.0,101420.0
2025-01-11 20:00:00,24.283306406693,22.2319626564368,0.0,0.06385964912280702,14.6,83,15,6.8,216,14.1,14.3,14.0,0.0,0.0,0.0,13.0,82.0,0.0,0.0,1.0,90.0,0.0,101470.0
2025-01-11 21:00:00,24.4895340879847,22.1688845368106,0.0,0.06394736842105263,13.4,85,23,4.9,193,13.5,14.3,14.0,0.0,0.0,0.0,13.0,80.0,0.0,0.0,0.0,180.0,0.0,101480.0
2025-01-11 22:00:00,24.3356170340195,22.0613191682093,0.0,0.06403508771929824,12.8,87,34,5.0,175,12.9,14.2,14.0,0.0,0.0,0.0,11.0,82.0,0.0,0.0,1.0,291.0,0.0,101530.0
2025-01-11 23:00:00,24.2425302957529,22.0629136222538,0.0,0.06412280701754386,12.4,88,17,3.1,180,12.4,14.1,14.0,0.0,0.0,0.0,10.0,84.0,0.0,0.0,0.0,162.0,0.0,101530.0
2025-01-12 00:00:00,24.1610797125767,22.1605469478397,0.0,0.06421052631578947,12.4,87,18,1.0,180,11.8,14.0,14.0,0.0,0.0,0.0,13.0,78.0,0.0,0.0,0.0,258.0,0.0,101440.0
2025-01-12 01:00:00,24.3489399679464,22.1781886335015,0.0,0.06429824561403508,12.0,85,70,4.4,246,11.6,13.9,14.0,0.0,0.0,0.0,11.0,87.0,0.0,0.0,0.0,228.0,0.0,101390.0
2025-01-12 02:00:00,24.4309914466918,21.912023229695,0.0,0.0643859649122807,11.5,87,98,6.0,234,11.3,13.7,14.1,0.0,0.0,0.0,12.0,86.0,0.0,0.0,2.0,204.0,0.0,101360.0
2025-01-12 03:00:00,24.1556367024768,21.9984851324054,0.0,0.06447368421052631,11.0,87,81,6.1,239,11.0,13.6,14.1,0.0,0.0,0.0,11.0,87.0,0.0,0.0,2.0,184.0,0.0,101370.0
2025-01-12 04:00:00,24.3383168943942,22.1957942601271,0.0,0.06456140350877193,11.6,85,78,7.7,227,11.0,13.4,14.1,0.0,0.0,0.0,11.0,85.0,0.0,0.0,1.0,204.0,0.0,101370.0
2025-01-12 05:00:00,24.1196967164554,22.2542718021601,0.0,0.06464912280701754,11.7,85,8,7.5,211,11.1,13.3,14.1,0.0,0.0,0.0,12.0,85.0,0.0,0.0,1.0,198.0,0.0,101300.0
2025-01-12 06:00:00,24.2666506124332,21.8605031001755,0.0,0.06473684210526315,10.9,86,2,6.5,208,10.9,13.2,14.1,0.0,0.0,0.0,10.0,89.0,0.0,0.0,2.0,270.0,0.0,101240.0
2025-01-12 07:00:00,24.0198598074985,21.8073306281694,0.0,0.06482456140350877,10.2,87,14,4.3,192,10.5,13.1,14.1,0.0,0.0,0.0,10.0,88.0,0.0,0.0,1.0,216.0,0.0,101290.0
2025-01-12 08:00:00,24.1885295293785,22.0044263446687,0.0,0.06491228070175438,10.9,90,12,4.2,190,10.5,12.9,14.1,0.0,0.0,0.01,11.0,88.0,584.0,0.0,1.0,222.0,0.0,101290.0
2025-01-12 09:00:00,24.0728748660255,22.0810563115497,0.0,0.06499999999999999,13.7,83,6,6.1,233,11.6,12.8,14.1,0.0,0.0,0.07,12.0,84.0,6296.0,0.0,1.0,228.0,0.0,101350.0
2025-01-12 10:00:00,24.2364945712204,21.9564027909981,0.0,0.06508771929824561,16.0,77,31,2.8,256,13.2,12.8,14.1,0.0,0.0,0.16,14.0,78.0,19283.0,1.0,2.0,262.0,0.0,101440.0
2025-01-12 11:00:00,23.9556233099783,22.1506929961784,0.0,0.06517543859649122,17.4,73,62,2.1,151,14.9,12.9,14.1,0.0,0.0,0.22,15.0,74.0,19930.0,1.0,1.0,130.0,0.0,101460.0
2025-01-12 12:00:00,24.1853406253813,22.1057701683399,0.0,0.06526315789473684,18.5,67,36,2.6,257,16.4,13.1,14.1,0.0,0.0,0.26,17.0,67.0,29876.0,2.0,2.0,204.0,0.0,101370.0
2025-01-12 13:00:00,24.1238078431925,22.0216889239262,0.0,0.06535087719298245,20.0,57,41,9.7,273,17.4,13.4,14.1,0.0,0.0,0.29,19.0,62.0,49856.0,3.0,2.0,310.0,0.0,101280.0
2025-01-12 14:00:00,24.1514034894914,21.8578246069721,0.0,0.06543859649122806,20.4,54,84,9.6,287,18.0,13.7,14.1,0.0,0.0,0.29,19.0,58.0,36436.0,2.0,4.0,249.0,0.0,101140.0
2025-01-12 15:00:00,24.1498906048038,22.1223185431921,0.0,0.06552631578947368,18.8,66,0,14.8,353,17.8,14.0,14.1,0.0,0.0,0.17,19.0,58.0,24262.0,1.0,1.0,243.0,0.0,101070.0
2025-01-12 16:00:00,24.1798159785786,21.9039118029099,0.0,0.06561403508771929,17.5,76,2,9.9,356,17.5,14.2,14.1,0.0,0.0,0.13,18.0,68.0,5108.0,0.0,6.0,12.0,0.0,101100.0
2025-01-12 17:00:00,24.2429929751207,22.0170606207384,0.0,0.06570175438596491,15.1,88,5,4.8,11,16.5,14.4,14.1,0.0,0.0,0.04,18.0,70.0,4832.0,0.0,2.0,30.0,0.0,101030.0
2025-01-12 18:00:00,24.1502538712243,22.0201224484447,0.0,0.06578947368421052,13.3,96,99,12.9,34,15.4,14.4,14.1,0.4,0.4,0.01,16.0,75.0,174.0,0.0,2.0,88.0,0.0,101090.0
2025-01-12 19:00:00,24.0113273173667,21.9421903721213,0.0,0.06587719298245613,13.7,94,33,2.8,57,14.7,14.5,14.2,0.1,0.1,0.0,15.0,87.0,0.0,0.0,3.0,115.0,0.0,101180.0
2025-01-12 20:00:00,24.0964094275879,21.8911821627791,0.0,0.06596491228070175,12.2,93,30,3.6,88,13.5,14.4,14.2,0.0,0.0,0.0,13.0,88.0,0.0,0.0,1.0,113.0,0.0,101230.0
2025-01-12 21:00:00,24.2592007957117,21.8364439496484,0.0,0.06605263157894736,12.1,85,43,4.8,85,12.8,14.3,14.2,0.0,0.0,0.0,12.0,91.0,0.0,0.0,0.0,125.0,0.0,101260.0
2025-01-12 22:00:00,24.2474952189895,21.9122952587362,0.0,0.06614035087719297,12.5,76,76,6.8,88,12.5,14.2,14.2,0.0,0.0,0.01,12.0,88.0,0.0,0.0,1.0,54.0,0.0,101330.0
2025-01-12 23:00:00,24.2392564647086,22.070674691378,0.0,0.0662280701754386,12.0,71,44,4.4,122,12.2,14.1,14.2,0.0,0.0,0.0,12.0,86.0,0.0,0.0,0.0,120.0,0.0,101340.0
2025-01-13 00:00:00,24.0786805687477,21.7573694857474,0.0,0.0663157894736842,11.1,72,89,2.6,121,11.8,14.0,14.2,0.0,0.0,0.0,12.0,88.0,0.0,0.0,0.0,182.0,0.0,101310.0
2025-01-13 01:00:00,24.1349187225018,21.8956714756604,0.0,0.06640350877192983,11.7,66,56,2.1,110,12.2,14.1,14.2,0.0,0.0,0.0,9.0,92.0,0.0,0.0,0.0,258.0,0.0,101230.0
2025-01-13 02:00:00,23.9718009704023,21.664763647116,0.0,0.06649122807017543,10.3,64,4,0.2,56,11.1,14.0,14.2,0.0,0.0,0.0,8.0,93.0,0.0,0.0,0.0,155.0,0.0,101230.0
2025-01-13 03:00:00,23.9577440700788,21.6211963199168,0.0,0.06657894736842104,9.9,64,6,1.8,26,10.2,13.8,14.2,0.0,0.0,0.0,7.0,93.0,0.0,0.0,0.0,176.5,0.0,101235.0
2025-01-13 04:00:00,24.1075869394132,21.7800596427258,0.0,0.06666666666666667,9.9,68,11,2.1,54,9.4,13.6,14.2,0.0,0.0,0.0,6.0,93.0,0.0,0.0,0.0,198.0,0.0,101240.0
2025-01-13 05:00:00,23.9856963743187,21.8393840774464,0.0,0.06675438596491227,9.6,66,6,3.6,62,8.9,13.3,14.2,0.0,0.0,0.0,6.0,81.0,0.0,0.0,1.0,126.0,0.0,101250.0
2025-01-13 06:00:00,24.1324942573893,21.8300581178041,0.0,0.06684210526315788,8.9,66,7,4.6,72,8.4,13.1,14.2,0.0,0.0,0.0,5.0,84.0,0.0,0.0,0.0,174.0,0.0,101280.0
2025-01-13 07:00:00,23.9147428129357,21.6661903598771,0.0,0.0669298245614035,8.1,67,4,4.2,100,8.0,12.8,14.2,0.0,0.0,0.0,8.0,68.0,0.0,0.0,2.0,138.0,0.0,101300.0
2025-01-13 08:00:00,23.9469963044456,21.8010783991047,0.0,0.06701754385964911,7.9,73,5,3.8,120,7.9,12.5,14.2,0.0,0.0,0.01,5.0,80.0,0.0,0.0,1.0,192.0,0.0,101330.0
2025-01-13 09:00:00,23.9704027566303,21.7980029631581,0.0,0.06710526315789474,11.3,72,28,4.0,115,9.1,12.3,14.2,0.0,0.0,0.07,5.0,89.0,1260.0,0.0,1.0,174.0,0.0,101350.0
2025-01-13 10:00:00,24.0299938028987,22.167084156113,0.0,0.06719298245614035,14.0,56,23,4.2,63,11.0,12.2,14.2,0.0,0.0,0.15,9.0,74.0,6579.0,0.0,0.0,174.0,0.0,101400.0
2025-01-13 11:00:00,24.0614720201164,23.2525273779408,0.0,0.06728070175438595,14.9,49,6,10.9,53,12.5,12.3,14.2,0.0,0.0,0.23,13.0,63.0,23237.0,2.0,0.0,274.0,0.0,101450.0
2025-01-13 12:00:00,23.8600592870576,23.7117338028389,0.0,0.06736842105263158,15.3,43,7,13.2,49,13.9,12.4,14.2,0.0,0.0,0.3,15.0,53.0,40240.0,2.0,4.0,21.0,0.0,101490.0
2025-01-13 13:00:00,23.9881776541245,23.7906918815086,0.0,0.06745614035087719,15.7,44,10,12.0,43,15.1,12.4,14.2,0.0,0.0,0.3,15.0,44.0,38084.0,2.0,3.0,60.0,0.0,101440.0
2025-01-13 14:00:00,24.0470954588339,23.9241723000986,0.0,0.06754385964912281,15.5,43,3,13.6,41,15.6,12.6,14.2,0.0,0.0,0.29,16.0,40.0,50510.0,4.0,4.0,72.0,0.0,101340.0
2025-01-13 15:00:00,24.3075145449398,23.7367227048014,0.0,0.06763157894736842,14.9,46,1,14.8,42,15.7,12.8,14.2,0.0,0.0,0.24,16.0,44.0,44604.0,3.0,5.0,54.0,0.0,101270.0
2025-01-13 16:00:00,24.4338032992316,23.5507906393781,0.0,0.06771929824561403,13.7,52,0,14.0,45,15.2,13.0,14.2,0.0,0.0,0.16,15.0,45.0,29588.0,1.0,6.0,12.0,0.0,101270.0
2025-01-13 17:00:00,24.8112787432093,23.5059534419765,0.0,0.06780701754385965,11.9,61,0,9.3,46,14.2,13.1,14.2,0.0,0.0,0.06,15.0,46.0,13298.0,1.0,4.0,36.0,0.0,101280.0
2025-01-13 18:00:00,24.8165914175339,23.6000064484038,0.0,0.06789473684210526,9.7,71,0,7.5,55,12.8,13.2,14.2,0.0,0.0,0.03,14.0,54.0,4051.0,0.0,3.0,48.0,0.0,101290.0
2025-01-13 19:00:00,24.8326298053663,23.6147784310396,0.0,0.06798245614035087,8.5,76,0,6.7,67,11.5,13.1,14.2,0.0,0.0,0.0,12.0,60.0,45.0,0.0,3.0,48.0,0.0,101310.0
2025-01-13 20:00:00,24.8996469649546,23.5586348759889,0.0,0.06807017543859649,8.0,77,0,6.1,82,10.5,13.0,14.2,0.0,0.0,0.0,10.0,66.0,0.0,0.0,2.0,138.0,0.0,101360.0
2025-01-13 21:00:00,24.9550292417997,23.3886063163144,0.0,0.0681578947368421,7.3,79,8,5.4,102,9.7,12.8,14.2,0.0,0.0,0.0,10.0,69.0,0.0,0.0,2.0,128.0,0.0,101420.0
2025-01-13 22:00:00,24.8220748997378,23.5235691314614,0.0,0.06824561403508772,6.8,81,26,4.9,118,9.1,12.7,14.2,0.0,0.0,0.0,7.0,76.0,0.0,0.0,0.0,122.0,0.0,101450.0
2025-01-13 23:00:00,24.874748837432,23.4494947058661,0.0,0.06833333333333333,6.4,82,11,4.2,124,8.8,12.5,14.2,0.0,0.0,0.0,6.0,77.0,0.0,0.0,0.0,180.0,0.0,101450.0
2025-01-14 00:00:00,24.9407093440712,23.5060438583275,0.0,0.06842105263157894,5.6,82,1,2.8,125,8.3,12.3,14.2,0.0,0.0,0.0,5.0,81.0,0.0,0.0,0.0,171.0,0.0,101450.0
2025-01-14 01:00:00,25.0534589315522,23.5682068557606,0.0,0.06850877192982456,4.9,81,0,2.2,103,7.9,12.2,14.2,0.0,0.0,0.0,5.0,78.0,0.0,0.0,0.0,306.0,0.0,101440.0
2025-01-14 02:00:00,24.8898331527487,23.4405867967534,0.0,0.06859649122807017,4.4,81,0,2.0,82,7.5,12.0,14.2,0.0,0.0,0.0,3.0,83.0,0.0,0.0,0.0,144.0,0.0,101430.0
2025-01-14 03:00:00,24.8754401625382,23.3849303221635,0.0,0.06868421052631578,4.3,79,2,1.1,51,7.1,11.7,14.2,0.0,0.0,0.0,2.0,85.0,0.0,0.0,0.0,186.0,0.0,101410.0
2025-01-14 04:00:00,25.0208669156479,23.4004766050763,0.0,0.0687719298245614,4.3,78,13,2.1,88,6.8,11.5,14.2,0.0,0.0,0.0,2.0,88.0,0.0,0.0,0.0,180.0,0.0,101470.0
2025-01-14 05:00:00,25.0964656502504,23.2115725299474,0.0,0.06885964912280701,4.1,77,24,1.9,87,6.4,11.3,14.2,0.0,0.0,0.0,3.0,89.0,0.0,0.0,1.0,192.0,0.0,101420.0
2025-01-14 06:00:00,25.043214386169,23.4734091882524,0.0,0.06894736842105263,4.2,77,18,2.1,92,6.3,11.1,14.2,0.0,0.0,0.0,3.0,87.0,0.0,0.0,0.0,142.0,0.0,101440.0
2025-01-14 07:00:00,24.911920090871,23.2194024468487,0.0,0.06903508771929824,4.2,76,7,1.1,70,6.0,10.8,14.2,0.0,0.0,0.0,3.0,87.0,0.0,0.0,0.0,192.0,0.0,101440.0
2025-01-14 08:00:00,25.0309811340308,23.4693437225236,0.0,0.06912280701754385,4.9,77,23,1.5,80,6.0,10.6,14.2,0.0,0.0,0.01,1.0,85.0,0.0,0.0,0.0,168.0,0.0,101500.0
2025-01-14 09:00:00,24.9931780177883,23.2616089404969,0.0,0.06921052631578947,8.9,67,18,1.5,65,7.3,10.5,14.2,0.0,0.0,0.06,2.0,89.0,2415.0,0.0,0.0,174.0,0.0,101570.0
2025-01-14 10:00:00,24.7673898102223,23.3618157064108,0.0,0.06929824561403508,11.6,56,4,6.3,51,9.1,10.4,14.2,0.0,0.0,0.16,8.0,71.0,8682.0,0.0,0.0,198.0,0.0,101600.0
2025-01-14 11:00:00,24.8640251976667,23.2066759108945,0.0,0.06938596491228069,13.2,48,1,11.8,63,10.9,10.5,14.1,0.0,0.0,0.24,9.0,68.0,24380.0,1.0,1.0,299.0,0.0,101660.0
2025-01-14 12:00:00,24.8165218950696,23.2750389344575,0.0,0.06947368421052631,13.8,45,16,14.4,56,12.3,10.6,14.1,0.0,0.0,0.29,12.0,55.0,40176.0,2.0,1.0,80.0,0.0,101670.0
2025-01-14 13:00:00,24.9893375835231,23.2171799578935,0.0,0.06956140350877192,13.9,46,28,16.7,46,13.2,10.8,14.1,0.0,0.0,0.29,14.0,41.0,49260.0,2.0,3.0,106.0,0.0,101580.0
2025-01-14 14:00:00,25.0301101990956,23.079583570303,0.0,0.06964912280701754,13.0,52,17,20.5,52,13.6,11.0,14.1,0.0,0.0,0.24,14.0,44.0,55381.0,3.0,3.0,60.0,0.0,101490.0
2025-01-14 15:00:00,24.9137934579928,23.1734801169776,0.0,0.06973684210526315,12.5,54,40,20.5,53,13.6,11.2,14.1,0.0,0.0,0.21,14.0,50.0,41676.0,2.0,5.0,90.0,0.0,101440.0
2025-01-14 16:00:00,24.8344862731244,23.3092083846745,0.0,0.06982456140350876,11.8,57,38,19.5,58,13.1,11.4,14.1,0.0,0.0,0.14,13.0,42.0,29122.0,1.0,5.0,60.0,0.0,101460.0
2025-01-14 17:00:00,25.0977474446538,23.3703265976589,0.0,0.06991228070175438,11.0,61,43,16.7,61,12.4,11.5,14.1,0.0,0.0,0.08,13.0,57.0,18949.0,1.0,5.0,43.0,0.0,101470.0
2025-01-14 18:00:00,25.0166539456293,23.1978381409226,0.0,0.06999999999999999,9.7,70,21,8.8,69,11.5,11.6,14.1,0.0,0.0,0.04,11.0,62.0,3775.0,0.0,4.0,54.0,0.0,101510.0
2025-01-14 19:00:00,25.0359201866355,23.0211014499474,0.0,0.07008771929824562,7.9,80,48,5.9,62,10.5,11.6,14.1,0.0,0.0,0.0,11.0,64.0,0.0,0.0,0.0,131.0,0.0,101530.0
2025-01-14 20:00:00,24.9558430404421,23.4690622838715,0.0,0.07017543859649122,8.2,81,43,1.5,59,9.7,11.5,14.1,0.0,0.0,0.0,10.0,69.0,0.0,0.0,0.0,101.0,0.0,101570.0
2025-01-14 21:00:00,25.126598500484,23.2081930112804,0.0,0.07026315789473683,7.8,83,31,0.7,53,9.0,11.5,14.1,0.0,0.0,0.0,10.0,77.0,0.0,0.0,2.0,37.0,0.0,101610.0
2025-01-14 22:00:00,24.8701652634277,23.2395914522111,0.0,0.07035087719298246,6.9,85,52,2.3,103,8.4,11.4,14.1,0.0,0.0,0.0,9.0,86.0,0.0,0.0,0.0,210.0,0.0,101560.0
2025-01-14 23:00:00,24.985804873572,23.3429248960437,0.0,0.07043859649122806,6.8,87,24,3.1,281,8.2,11.2,14.1,0.1,0.1,0.0,7.0,91.0,0.0,0.0,1.0,264.0,0.0,101570.0
2025-01-15 00:00:00,25.0359104188847,23.194557962024,0.0,0.07052631578947367,5.7,92,51,3.0,302,7.8,11.1,14.0,0.1,0.1,0.0,8.0,91.0,0.0,0.0,0.0,180.0,3.0,101630.0
2025-01-15 01:00:00,24.7101272558683,23.0970805732156,0.0,0.0706140350877193,7.8,88,51,2.7,151,8.9,11.2,14.0,0.2,0.2,0.0,8.0,89.0,0.0,0.0,0.0,204.0,1.0,101590.0
2025-01-15 02:00:00,24.9462194543639,23.1174003752088,0.0,0.0707017543859649,6.8,87,10,3.4,219,8.1,11.1,14.0,0.5,0.5,0.0,8.0,89.0,0.0,0.0,0.0,210.0,0.0,101570.0
2025-01-15 03:00:00,24.8715719474397,23.0749703447074,0.0,0.07078947368421053,5.8,93,96,3.1,283,7.4,10.9,14.0,0.1,0.1,0.0,7.0,92.0,0.0,0.0,0.0,180.0,0.0,101590.0
2025-01-15 04:00:00,24.9769917542689,23.0130951201105,0.0,0.07087719298245614,6.3,96,27,6.8,213,7.4,10.8,14.0,0.2,0.2,0.0,8.0,91.0,0.0,0.0,1.0,180.0,0.0,101610.0
2025-01-15 05:00:00,24.9271817485447,23.0514327287127,0.0,0.07096491228070174,5.5,96,48,5.9,237,7.0,10.7,14.0,0.0,0.0,0.0,8.0,91.0,0.0,0.0,0.0,198.0,0.0,101580.0
2025-01-15 06:00:00,24.8744351083358,23.1080236336632,0.0,0.07105263157894737,5.6,95,24,5.9,237,6.8,10.5,14.0,0.0,0.0,0.0,7.0,91.0,0.0,0.0,0.0,222.0,0.0,101540.0
2025-01-15 07:00:00,24.8461709881535,23.0014904887248,0.0,0.07114035087719298,5.7,94,34,7.3,248,6.6,10.3,14.0,0.0,0.0,0.0,7.0,93.0,0.0,0.0,0.0,228.0,0.0,101560.0
2025-01-15 08:00:00,24.7167075840396,23.0541554869352,0.0,0.07122807017543858,6.2,92,88,9.8,247,6.6,10.2,14.0,0.0,0.0,0.01,7.0,92.0,0.0,0.0,1.0,246.0,0.0,101590.0
2025-01-15 09:00:00,24.8170238949137,23.0094975817344,0.0,0.07131578947368421,8.1,91,95,11.7,240,7.5,10.1,14.0,0.0,0.0,0.04,7.0,92.0,3732.0,0.0,1.0,192.0,0.0,101600.0
2025-01-15 10:00:00,24.9664360465413,23.1292316709568,0.0,0.07140350877192982,10.2,81,10,10.1,237,8.8,10.0,13.9,0.0,0.0,0.1,9.0,85.0,11392.0,0.0,1.0,192.0,0.0,101620.0
2025-01-15 11:00:00,24.9242134053291,23.077740237276,0.0,0.07149122807017544,12.2,71,46,7.9,258,10.5,10.1,13.9,0.0,0.0,0.21,11.0,76.0,29968.0,1.0,2.0,240.0,0.0,101660.0
2025-01-15 12:00:00,24.8522511036583,23.0176116987325,0.0,0.07157894736842105,13.1,66,42,4.6,265,12.1,10.3,13.9,0.0,0.0,0.23,13.0,69.0,58798.0,3.0,3.0,256.0,0.0,101610.0
2025-01-15 13:00:00,24.9839887363247,22.8563574800337,0.0,0.07166666666666666,14.0,59,40,1.8,302,13.6,10.7,13.9,0.0,0.0,0.23,13.0,68.0,30333.0,2.0,2.0,300.0,0.0,101550.0
2025-01-15 14:00:00,24.7743213338113,23.1263123354359,0.0,0.07175438596491228,14.5,57,51,3.0,326,14.4,11.0,13.9,0.0,0.0,0.23,15.0,53.0,35673.0,3.0,1.0,180.0,0.0,101450.0
2025-01-15 15:00:00,25.0044420669927,22.8473934158668,0.0,0.07184210526315789,14.3,57,66,5.1,355,14.5,11.2,13.9,0.0,0.0,0.17,14.0,57.0,23190.0,1.0,2.0,291.0,0.0,101390.0
2025-01-15 16:00:00,24.9989071665615,23.2651431522123,0.0,0.07192982456140351,13.5,63,42,8.1,13,14.1,11.5,13.9,0.0,0.0,0.11,14.0,62.0,14990.0,1.0,1.0,6.0,0.0,101370.0
2025-01-15 17:00:00,25.060770003477,23.0884484727564,0.0,0.07201754385964912,11.5,77,20,4.8,29,13.3,11.6,13.9,0.0,0.0,0.04,14.0,63.0,10052.0,0.0,2.0,0.0,0.0,101350.0
2025-01-15 18:00:00,24.907036501882,23.1153854877976,0.0,0.07210526315789473,9.7,84,12,2.9,41,11.9,11.7,13.9,0.0,0.0,0.02,13.0,68.0,2284.0,0.0,2.0,54.0,0.0,101360.0
2025-01-15 19:00:00,24.9909354949607,23.0969581271278,0.0,0.07219298245614035,8.7,86,4,2.8,117,10.7,11.7,13.9,0.0,0.0,0.0,10.0,78.0,0.0,0.0,0.0,114.0,0.0,101380.0
2025-01-15 20:00:00,24.9867081231637,23.3288348454742,0.0,0.07228070175438596,7.4,89,2,3.8,174,9.8,11.7,13.9,0.0,0.0,0.0,8.0,79.0,0.0,0.0,0.0,168.0,0.0,101410.0
2025-01-15 21:00:00,24.9246259645258,22.873483672475,0.0,0.07236842105263157,6.5,92,8,5.2,193,9.2,11.6,13.9,0.0,0.0,0.0,8.0,81.0,0.0,0.0,0.0,162.0,0.0,101430.0
2025-01-15 22:00:00,24.8543514004969,22.9898911813709,0.0,0.07245614035087719,5.7,93,16,4.5,216,8.7,11.5,13.9,0.0,0.0,0.0,8.0,79.0,0.0,0.0,1.0,176.0,0.0,101380.0
2025-01-15 23:00:00,24.8933795317745,22.7936338531282,0.0,0.0725438596491228,5.7,90,7,5.8,231,8.1,11.3,13.9,0.0,0.0,0.0,6.0,87.0,0.0,0.0,0.0,210.0,0.0,101380.0
2025-01-16 00:00:00,24.9383316714911,22.9099371144016,0.0,0.07263157894736842,5.9,89,14,7.2,232,7.8,11.2,13.9,0.0,0.0,0.0,6.0,85.0,0.0,0.0,1.0,186.0,0.0,101310.0
2025-01-16 01:00:00,24.6585502273697,23.0692933052405,0.0,0.07271929824561403,4.5,90,52,6.1,234,7.2,11.1,13.9,0.0,0.0,0.0,6.0,87.0,0.0,0.0,2.0,252.0,0.0,101230.0
2025-01-16 02:00:00,24.9229143058174,22.9699518247643,0.0,0.07280701754385964,4.5,89,98,6.6,231,6.9,10.9,13.8,0.0,0.0,0.0,5.0,89.0,0.0,0.0,1.0,198.0,0.0,101160.0
2025-01-16 03:00:00,24.6551479300486,23.0289182989924,0.0,0.07289473684210526,5.3,86,100,8.2,226,6.9,10.7,13.8,0.0,0.0,0.0,5.0,87.0,0.0,0.0,1.0,192.0,0.0,101120.0
2025-01-16 04:00:00,24.8048906420049,22.8508345790362,0.0,0.07298245614035087,6.3,81,91,8.6,225,7.0,10.6,13.8,0.0,0.0,0.0,5.0,86.0,0.0,0.0,2.0,192.0,0.0,101090.0
2025-01-16 05:00:00,24.7373346843107,22.7645534410603,0.0,0.07307017543859648,5.8,83,53,7.4,224,6.9,10.4,13.8,0.0,0.0,0.0,6.0,84.0,0.0,0.0,1.0,198.0,0.0,101050.0
2025-01-16 06:00:00,24.7705448054362,22.7676787395107,0.0,0.0731578947368421,5.9,80,8,8.6,225,6.8,10.3,13.8,0.0,0.0,0.0,7.0,82.0,0.0,0.0,1.0,228.0,0.0,101020.0
2025-01-16 07:00:00,24.6684188896329,23.1528381753221,0.0,0.07324561403508771,5.3,80,5,9.4,226,6.6,10.2,13.8,0.0,0.0,0.01,6.0,85.0,0.0,0.0,2.0,234.0,0.0,100990.0
2025-01-16 08:00:00,24.8124378672015,22.8110392178801,0.0,0.07333333333333333,6.0,75,7,10.2,225,6.6,10.0,13.8,0.0,0.0,0.03,6.0,81.0,67.0,0.0,2.0,240.0,0.0,101010.0
2025-01-16 09:00:00,24.6054522411549,22.8908503547298,0.0,0.07342105263157894,9.9,64,0,10.4,225,7.6,9.9,13.8,0.0,0.0,0.08,5.0,80.0,3846.0,0.0,2.0,198.0,0.0,101040.0
2025-01-16 10:00:00,24.6575723095848,22.9915723178408,0.0,0.07350877192982455,13.3,50,0,11.3,238,9.4,9.9,13.8,0.0,0.0,0.19,8.0,70.0,14607.0,1.0,3.0,240.0,0.0,101070.0
2025-01-16 11:00:00,24.7611069990965,22.807760407771,0.0,0.07359649122807017,15.1,40,0,12.7,249,11.1,10.0,13.7,0.0,0.0,0.28,10.0,61.0,31595.0,2.0,4.0,234.0,0.0,101080.0
2025-01-16 12:00:00,24.7833621321129,22.8150738922062,0.0,0.07368421052631578,16.3,33,21,10.1,264,12.7,10.2,13.7,0.0,0.0,0.33,13.0,51.0,45564.0,3.0,3.0,270.0,0.0,101050.0
2025-01-16 13:00:00,24.6100894255655,22.8538034426344,0.0,0.07377192982456139,16.9,29,66,6.0,304,14.4,10.6,13.7,0.0,0.0,0.34,15.0,43.0,51421.0,3.0,5.0,294.0,0.0,100960.0
2025-01-16 14:00:00,24.8384180947296,22.6753076460296,0.0,0.07385964912280701,17.0,27,96,8.4,338,15.2,10.9,13.7,0.0,0.0,0.32,16.0,31.0,43759.0,3.0,2.0,282.0,0.0,100870.0
2025-01-16 15:00:00,24.545029824717,22.5342693412203,0.0,0.07394736842105262,16.4,31,100,10.3,358,15.3,11.2,13.7,0.0,0.0,0.26,17.0,31.0,37844.0,2.0,2.0,269.0,0.0,100800.0
2025-01-16 16:00:00,24.8690827021167,22.9698950106522,0.0,0.07403508771929825,15.1,41,100,10.0,13,14.8,11.5,13.7,0.0,0.0,0.17,16.0,33.0,22452.0,1.0,4.0,5.0,0.0,100800.0
2025-01-16 17:00:00,24.7506611250869,22.8768210770468,0.0,0.07412280701754385,12.3,58,100,3.7,35,13.6,11.7,13.7,0.0,0.0,0.05,16.0,37.0,10655.0,0.0,4.0,8.0,0.0,100830.0
2025-01-16 18:00:00,24.7496378890716,22.9017990464164,0.0,0.07421052631578946,11.4,58,99,1.5,59,12.2,11.8,13.7,0.0,0.0,0.02,14.0,48.0,928.0,0.0,2.0,18.0,0.0,100840.0
2025-01-16 19:00:00,24.9182128299133,22.7246568730322,0.0,0.07429824561403509,10.8,60,100,1.8,106,11.3,11.8,13.7,0.0,0.0,0.0,13.0,55.0,0.0,0.0,0.0,26.0,0.0,100890.0
2025-01-16 20:00:00,24.9662984137979,22.5256680708841,0.0,0.0743859649122807,10.0,60,99,3.2,167,10.6,11.8,13.7,0.0,0.0,0.0,12.0,58.0,0.0,0.0,0.0,186.0,0.0,100940.0
2025-01-16 21:00:00,24.5489555502602,22.7073519591258,0.0,0.07447368421052632,9.4,62,100,4.0,178,10.2,11.8,13.7,0.0,0.0,0.0,11.0,60.0,0.0,0.0,0.0,188.0,0.0,100940.0
2025-01-16 22:00:00,24.7835751541366,22.8261709808464,0.0,0.07456140350877193,8.7,68,100,2.9,198,9.8,11.7,13.7,0.0,0.0,0.0,10.0,64.0,0.0,0.0,0.0,180.0,0.0,100960.0
2025-01-16 23:00:00,24.6002606474337,22.7677505669898,0.0,0.07464912280701753,9.4,66,100,1.1,333,9.6,11.6,13.7,0.0,0.0,0.0,9.0,66.0,0.0,0.0,0.0,174.0,0.0,100990.0
2025-01-17 00:00:00,24.6474251175581,22.6043474548076,0.0,0.07473684210526316,9.6,66,100,1.9,311,9.5,11.5,13.7,0.0,0.0,0.0,9.0,64.0,0.0,0.0,1.0,161.0,0.0,100990.0
2025-01-17 01:00:00,24.6004995374634,22.6627418766709,0.0,0.07482456140350877,10.5,62,100,1.8,11,10.3,11.6,13.7,0.0,0.0,0.0,9.0,68.0,0.0,0.0,0.0,198.0,0.0,100960.0
2025-01-17 02:00:00,24.6973925420917,22.7607953239358,0.0,0.07491228070175437,9.1,84,100,5.5,50,10.0,11.6,13.7,0.5,0.5,0.0,8.0,73.0,0.0,0.0,0.0,90.0,0.0,100920.0
2025-01-17 03:00:00,24.6176649078869,22.5282199539403,0.0,0.075,9.3,89,95,3.0,167,9.8,11.5,13.7,1.3,1.3,0.0,10.0,70.0,0.0,0.0,2.0,354.0,0.0,100960.0
2025-01-17 04:00:00,24.6233267837645,22.6731790624645,0.0,0.0750877192982456,9.0,96,100,2.4,6,9.7,11.5,13.7,1.3,1.3,0.0,9.0,85.0,0.0,0.0,0.0,168.0,8.0,101000.0
2025-01-17 05:00:00,24.632000720728,22.5248449533084,0.0,0.07517543859649123,8.7,94,98,2.8,188,9.4,11.4,13.7,0.7,0.7,0.0,9.0,89.0,0.0,0.0,0.0,186.0,2.0,101000.0
2025-01-17 06:00:00,24.600847902872,22.4339319015007,0.0,0.07526315789473684,8.2,93,100,0.5,13,8.8,11.3,13.7,0.2,0.2,0.0,8.0,92.0,0.0,0.0,0.0,294.0,0.0,101010.0
2025-01-17 07:00:00,24.641087306223,22.6749651874614,0.0,0.07535087719298245,8.4,94,100,1.9,329,8.7,11.2,13.7,0.3,0.3,0.0,8.0,93.0,0.0,0.0,0.0,303.0,0.0,101090.0
2025-01-17 08:00:00,24.4222143090189,22.7180949389281,0.0,0.07543859649122807,8.5,95,100,2.6,307,8.7,11.1,13.7,0.3,0.3,0.01,8.0,94.0,44.0,0.0,0.0,175.0,13.0,101170.0
2025-01-17 09:00:00,24.4016792101286,22.5244579479104,0.0,0.07552631578947368,9.6,89,81,2.2,352,9.4,11.0,13.7,0.1,0.1,0.04,8.0,94.0,1226.0,0.0,0.0,276.0,6.0,101230.0
2025-01-17 10:00:00,24.6907592124512,22.8171898911985,0.0,0.07561403508771929,10.9,81,58,3.3,348,10.4,11.0,13.7,0.1,0.1,0.1,9.0,94.0,9615.0,1.0,1.0,264.0,5.0,101270.0
2025-01-17 11:00:00,25.1540437821799,23.0623900549111,0.0,0.07570175438596491,11.3,80,71,3.4,353,11.3,11.0,13.7,0.1,0.1,0.15,9.0,91.0,11308.0,1.0,2.0,256.0,0.0,101310.0
2025-01-17 12:00:00,25.4818235393273,23.4227480646617,0.0,0.07578947368421052,11.9,77,67,4.7,360,12.3,11.1,13.6,0.1,0.1,0.18,10.0,89.0,27926.0,1.0,3.0,264.0,0.0,101340.0
2025-01-17 13:00:00,25.9316061437437,23.6030014345589,0.0,0.07587719298245614,12.5,73,67,7.3,39,12.7,11.3,13.6,0.1,0.1,0.19,12.0,79.0,44295.0,3.0,2.0,251.0,0.0,101250.0
2025-01-17 14:00:00,26.0770374803682,23.8886868386328,0.0,0.07596491228070175,12.8,69,39,8.5,32,13.4,11.4,13.6,0.0,0.0,0.19,10.0,89.0,11284.0,1.0,0.0,334.0,10.0,101200.0
2025-01-17 15:00:00,26.7338661881961,24.0969925300247,0.0,0.07605263157894736,12.8,68,25,9.4,39,13.7,11.6,13.6,0.0,0.0,0.17,13.0,70.0,45236.0,2.0,1.0,324.0,1.0,101160.0
2025-01-17 16:00:00,26.7595875099848,24.3426932121231,0.0,0.07614035087719298,12.5,67,17,11.2,43,13.5,11.7,13.6,0.0,0.0,0.13,12.0,77.0,9182.0,0.0,1.0,0.0,0.0,101180.0
2025-01-17 17:00:00,27.0316900705032,24.2713537476125,0.0,0.07622807017543859,11.0,74,27,6.5,50,12.8,11.9,13.6,0.0,0.0,0.05,11.0,82.0,3819.0,0.0,1.0,30.0,0.0,101230.0
2025-01-17 18:00:00,26.9611099303855,24.2770010302118,0.0,0.0763157894736842,9.1,82,30,3.4,62,11.5,11.9,13.6,0.0,0.0,0.02,10.0,87.0,584.0,0.0,0.0,204.0,0.0,101270.0
2025-01-17 19:00:00,27.0952883949363,24.274307546653,0.0,0.07640350877192982,8.7,84,54,2.5,84,10.6,11.9,13.6,0.0,0.0,0.0,9.0,91.0,0.0,0.0,0.0,174.0,0.0,101340.0
2025-01-17 20:00:00,27.043136277674,24.3920880729005,0.0,0.07649122807017543,7.9,87,44,2.7,126,9.9,11.8,13.6,0.0,0.0,0.0,8.0,92.0,0.0,0.0,0.0,180.0,0.0,101360.0
2025-01-17 21:00:00,26.9403244795498,24.3374985423671,0.0,0.07657894736842105,7.5,89,64,1.0,61,9.4,11.7,13.6,0.0,0.0,0.0,8.0,93.0,0.0,0.0,0.0,186.0,0.0,101380.0
2025-01-17 22:00:00,26.8441212497989,24.3310358340716,0.0,0.07666666666666666,7.1,89,28,1.4,27,8.9,11.6,13.6,0.0,0.0,0.0,8.0,92.0,0.0,0.0,0.0,186.0,0.0,101400.0
2025-01-17 23:00:00,27.1180208658161,24.4310692383553,0.0,0.07675438596491227,6.2,91,54,3.0,259,8.4,11.5,13.6,0.0,0.0,0.0,7.0,93.0,0.0,0.0,0.0,198.0,0.0,101390.0
2025-01-18 00:00:00,26.9895134530806,24.2892396433216,0.0,0.07684210526315789,6.7,92,46,5.5,241,8.3,11.3,13.6,0.0,0.0,0.0,6.0,95.0,0.0,0.0,0.0,186.0,0.0,101380.0
2025-01-18 01:00:00,26.9574002980143,24.257989768945,0.0,0.0769298245614035,7.4,90,60,4.4,240,8.8,11.4,13.6,0.0,0.0,0.0,7.0,95.0,0.0,0.0,0.0,210.0,0.0,101360.0
2025-01-18 02:00:00,26.8641975899935,24.0076141619187,0.0,0.07701754385964912,7.6,91,48,6.5,233,8.7,11.3,13.6,0.0,0.0,0.0,7.0,94.0,0.0,0.0,0.0,234.0,0.0,101300.0
2025-01-18 03:00:00,27.0244526156187,24.3589357670519,0.0,0.07710526315789473,7.4,90,60,7.7,241,8.5,11.2,13.6,0.0,0.0,0.0,8.0,92.0,0.0,0.0,2.0,258.0,0.0,101270.0
2025-01-18 04:00:00,26.8711018733931,24.2411942960124,0.0,0.07719298245614034,6.9,92,81,7.1,243,8.2,11.0,13.6,0.0,0.0,0.0,8.0,90.0,0.0,0.0,2.0,228.0,0.0,101260.0
2025-01-18 05:00:00,26.7624834648929,24.2186983629313,0.0,0.07728070175438596,6.7,92,100,6.7,233,8.0,10.9,13.6,0.0,0.0,0.0,8.0,89.0,0.0,0.0,0.0,258.0,0.0,101230.0
2025-01-18 06:00:00,26.8507915418744,24.3142508410699,0.0,0.07736842105263157,7.3,90,100,7.9,233,8.0,10.8,13.6,0.0,0.0,0.0,9.0,91.0,0.0,0.0,1.0,246.0,0.0,101230.0
2025-01-18 07:00:00,26.8481951660297,24.2462920796932,0.0,0.07745614035087718,7.2,90,100,8.5,231,8.0,10.7,13.6,0.0,0.0,0.0,8.0,92.0,0.0,0.0,0.0,171.0,0.0,101270.0
2025-01-18 08:00:00,26.9070262485141,24.4426640868357,0.0,0.0775438596491228,7.7,89,100,9.3,232,8.1,10.6,13.6,0.0,0.0,0.02,8.0,93.0,320.0,0.0,0.0,180.0,0.0,101290.0
2025-01-18 09:00:00,26.8931232675319,24.2859068201612,0.0,0.07763157894736841,8.8,87,100,10.1,221,8.6,10.5,13.6,0.3,0.3,0.04,8.0,93.0,6584.0,0.0,0.0,270.0,0.0,101330.0
2025-01-18 10:00:00,27.0342368372962,24.2692042009723,0.0,0.07771929824561404,9.5,90,100,9.9,221,9.1,10.5,13.6,0.9,0.9,0.05,9.0,91.0,12210.0,1.0,0.0,276.0,0.0,101390.0
2025-01-18 11:00:00,26.8821251019483,24.2489150595502,0.0,0.07780701754385964,9.9,90,100,9.2,218,9.5,10.4,13.6,1.4,1.4,0.05,9.0,91.0,13395.0,0.5,0.5,285.0,0.5,101405.0
2025-01-18 12:00:00,27.0398988899245,24.322095612743,0.0,0.07789473684210525,9.9,91,100,9.3,231,9.9,10.5,13.5,0.6,0.6,0.06,9.0,91.0,14580.0,0.0,1.0,294.0,1.0,101420.0
2025-01-18 13:00:00,26.966664997003,24.3558114829392,0.0,0.07798245614035088,12.1,78,100,8.6,256,11.4,10.7,13.5,0.2,0.2,0.13,10.0,91.0,23126.0,1.0,2.0,270.0,1.0,101370.0
2025-01-18 14:00:00,27.1756753603354,24.6374802397527,0.0,0.07807017543859648,12.7,72,99,4.2,297,12.1,10.9,13.5,0.1,0.1,0.15,11.0,89.0,34004.0,2.0,3.0,258.0,0.0,101270.0
2025-01-18 15:00:00,27.1714469523496,24.7441653678022,0.0,0.07815789473684209,13.2,70,87,1.4,27,12.8,11.0,13.5,0.0,0.0,0.14,11.0,85.0,27023.0,2.0,2.0,264.0,0.0,101200.0
2025-01-18 16:00:00,27.0449968879056,24.601371657835,0.0,0.07824561403508772,13.2,70,30,2.1,12,13.0,11.2,13.5,0.0,0.0,0.11,12.0,84.0,26096.0,1.0,2.0,223.0,0.0,101170.0
2025-01-18 17:00:00,27.1967999791115,24.6748605411955,0.0,0.07833333333333332,11.6,81,68,2.9,33,12.5,11.3,13.5,0.0,0.0,0.04,12.0,85.0,12668.0,1.0,0.0,198.0,0.0,101190.0
2025-01-18 18:00:00,26.9579606471243,24.6006800656319,0.0,0.07842105263157895,10.5,82,80,1.7,71,11.6,11.4,13.5,0.0,0.0,0.02,12.0,80.0,6357.0,0.0,0.0,258.0,0.0,101220.0
2025-01-18 19:00:00,27.2280205327024,24.5070906979643,0.0,0.07850877192982456,9.6,86,100,3.2,174,10.9,11.4,13.5,0.0,0.0,0.0,11.0,86.0,162.0,0.0,0.0,228.0,0.0,101250.0
2025-01-18 20:00:00,27.2074236008484,24.3644390614618,0.0,0.07859649122807016,9.0,89,4,3.7,210,10.4,11.4,13.5,0.0,0.0,0.0,10.0,89.0,0.0,0.0,0.0,192.0,0.0,101280.0
2025-01-18 21:00:00,27.0540596068271,24.4022459448517,0.0,0.07868421052631579,7.3,94,0,5.0,235,9.7,11.4,13.5,0.0,0.0,0.0,9.0,93.0,0.0,0.0,0.0,210.0,0.0,101300.0
2025-01-18 22:00:00,27.2126583025721,24.5902044659493,0.0,0.0787719298245614,6.6,94,0,6.1,237,9.1,11.3,13.5,0.0,0.0,0.0,9.0,94.0,0.0,0.0,0.0,210.0,0.0,101270.0
2025-01-18 23:00:00,27.167477533245,24.4075428356647,0.0,0.07885964912280702,6.1,93,0,6.4,223,8.6,11.2,13.5,0.0,0.0,0.0,8.0,93.0,0.0,0.0,0.0,180.0,0.0,101250.0
2025-01-19 00:00:00,27.034821296729,24.3618591019569,0.0,0.07894736842105263,5.6,94,0,7.0,218,8.1,11.0,13.5,0.0,0.0,0.0,7.0,94.0,0.0,0.0,1.0,186.0,0.0,101250.0
2025-01-19 01:00:00,27.153384938432,24.5365555785662,0.0,0.07903508771929824,5.1,95,0,5.3,224,8.2,10.8,13.5,0.0,0.0,0.0,7.0,94.0,0.0,0.0,1.0,186.0,0.0,101230.0
2025-01-19 02:00:00,27.0595147926939,24.52887180505,0.0,0.07912280701754386,4.9,95,1,4.9,236,7.7,10.6,13.5,0.0,0.0,0.0,6.0,92.0,0.0,0.0,0.0,198.0,0.0,101190.0
2025-01-19 03:00:00,26.9466437895266,24.5704747268647,0.0,0.07921052631578947,4.7,94,1,4.6,240,7.3,10.5,13.5,0.0,0.0,0.0,5.0,92.0,0.0,0.0,1.0,192.0,0.0,101150.0
2025-01-19 04:00:00,26.9530111046566,24.450502838394,0.0,0.07929824561403508,4.5,93,1,4.4,219,6.9,10.3,13.5,0.0,0.0,0.0,6.0,91.0,0.0,0.0,1.0,180.0,0.0,101130.0
2025-01-19 05:00:00,27.0108526240005,24.2044108489913,0.0,0.0793859649122807,4.3,93,2,5.4,219,6.6,10.2,13.4,0.0,0.0,0.0,6.0,92.0,0.0,0.0,1.0,198.0,0.0,101100.0
2025-01-19 06:00:00,26.9505813701629,24.4261890862554,0.0,0.07947368421052631,4.2,93,5,5.4,201,6.4,10.0,13.4,0.0,0.0,0.0,4.0,94.0,0.0,0.0,1.0,186.0,0.0,101050.0
2025-01-19 07:00:00,26.8324525118429,24.3975784435494,0.0,0.07956140350877193,4.0,92,5,4.8,194,6.1,9.9,13.4,0.0,0.0,0.0,4.0,92.0,0.0,0.0,0.0,192.0,0.0,101060.0
2025-01-19 08:00:00,26.7146552150666,24.4285136128027,0.0,0.07964912280701754,5.3,89,2,7.4,224,6.2,9.7,13.4,0.0,0.0,0.01,4.0,92.0,0.0,0.0,1.0,180.0,0.0,101030.0
2025-01-19 09:00:00,27.0328856366123,24.3236764331579,0.0,0.07973684210526315,9.4,80,0,8.4,233,7.3,9.6,13.4,0.0,0.0,0.07,5.0,91.0,2306.0,0.0,0.0,186.0,0.0,101050.0
2025-01-19 10:00:00,26.9670752775315,24.4037482141798,0.0,0.07982456140350877,12.7,68,0,7.7,254,9.2,9.6,13.4,0.0,0.0,0.16,8.0,87.0,6658.0,0.0,1.0,216.0,0.0,101080.0
2025-01-19 11:00:00,26.8293348247899,24.4579900856325,0.0,0.07991228070175438,14.6,58,0,7.0,261,11.1,9.7,13.4,0.0,0.0,0.24,10.0,84.0,25020.0,2.0,2.0,256.0,0.0,101100.0
2025-01-19 12:00:00,26.9465022923896,24.2305657825589,0.0,0.07999999999999999,15.9,54,0,4.9,267,12.9,9.9,13.4,0.0,0.0,0.3,11.0,79.0,43013.0,3.0,2.0,258.0,0.0,101100.0
2025-01-19 13:00:00,26.8943946920606,24.4235070879851,0.0,0.08008771929824561,16.9,51,0,4.4,286,13.9,10.2,13.4,0.0,0.0,0.32,13.0,74.0,52012.0,3.0,2.0,288.0,0.0,101010.0
2025-01-19 14:00:00,26.7826384264821,24.1536912873657,0.0,0.08017543859649122,17.3,46,0,6.0,298,14.9,10.5,13.3,0.0,0.0,0.3,14.0,67.0,52690.0,3.0,2.0,263.0,0.0,100910.0
2025-01-19 15:00:00,26.7576534460924,24.2478465598341,0.0,0.08026315789473684,17.3,44,0,5.2,310,15.3,10.9,13.3,0.0,0.0,0.24,16.0,60.0,46304.0,3.0,2.0,276.0,0.0,100830.0
2025-01-19 16:00:00,26.8803971581299,24.3443335282411,0.0,0.08035087719298245,16.3,53,77,6.4,10,15.1,11.2,13.3,0.0,0.0,0.16,16.0,56.0,31237.0,2.0,2.0,264.0,0.0,100790.0
2025-01-19 17:00:00,26.7918010657286,24.2410794171838,0.0,0.08043859649122806,13.0,74,66,5.9,59,14.0,11.5,13.3,0.0,0.0,0.05,17.0,49.0,13651.0,1.0,1.0,195.0,0.0,100790.0
2025-01-19 18:00:00,26.7621049318846,24.212751611008,0.0,0.08052631578947368,10.9,79,92,2.2,78,12.4,11.6,13.3,0.0,0.0,0.01,16.0,53.0,4848.0,0.0,1.0,308.0,0.0,100820.0
2025-01-19 19:00:00,26.7290689796384,24.0219161952464,0.0,0.08061403508771929,10.3,80,100,0.9,90,11.1,11.6,13.3,0.0,0.0,0.0,12.0,79.0,0.0,0.0,0.0,54.0,0.0,100880.0
2025-01-19 20:00:00,26.7873331081763,24.0670894716967,0.0,0.0807017543859649,10.4,79,100,2.7,185,10.5,11.6,13.3,0.0,0.0,0.0,10.0,86.0,0.0,0.0,0.0,186.0,0.0,100970.0
2025-01-19 21:00:00,26.455085072797,23.9156052800996,0.0,0.08078947368421052,10.9,74,82,2.0,189,10.3,11.6,13.3,0.0,0.0,0.0,10.0,87.0,0.0,0.0,2.0,167.0,0.0,100990.0
2025-01-19 22:00:00,26.5015724214999,24.0397672903385,0.0,0.08087719298245613,9.6,77,66,4.5,235,9.8,11.5,13.3,0.0,0.0,0.0,10.0,88.0,0.0,0.0,0.0,174.0,0.0,100970.0
2025-01-19 23:00:00,26.4893170702173,24.0171818816955,0.0,0.08096491228070175,8.6,78,4,5.7,233,9.3,11.4,13.3,0.0,0.0,0.0,9.0,89.0,0.0,0.0,0.0,276.0,0.0,100960.0
2025-01-20 00:00:00,26.4401816838133,24.020755272776,0.0,0.08105263157894736,7.4,76,0,6.1,230,8.8,11.3,13.3,0.0,0.0,0.0,8.0,92.0,0.0,0.0,0.0,192.0,0.0,100990.0
2025-01-20 01:00:00,26.2528203501476,23.8969813524826,0.0,0.08114035087719297,7.7,71,0,5.6,232,9.5,11.5,13.3,0.0,0.0,0.0,9.0,89.0,0.0,0.0,0.0,186.0,0.0,100950.0
2025-01-20 02:00:00,26.637207862148,23.8570144247794,0.0,0.0812280701754386,6.9,73,0,5.5,231,8.9,11.4,13.3,0.0,0.0,0.0,7.0,89.0,0.0,0.0,1.0,186.0,0.0,100940.0
2025-01-20 03:00:00,26.4396572980534,23.7619485472107,0.0,0.0813157894736842,6.3,76,2,5.7,228,8.4,11.3,13.3,0.0,0.0,0.0,8.0,81.0,0.0,0.0,1.0,216.0,0.0,100910.0
2025-01-20 04:00:00,26.3249245146909,23.9590943216509,0.0,0.08140350877192983,5.7,79,0,5.7,213,8.0,11.1,13.3,0.0,0.0,0.0,7.0,85.0,0.0,0.0,1.0,180.0,0.0,100880.0
2025-01-20 05:00:00,26.4795141127143,23.7288878553528,0.0,0.08149122807017543,5.4,82,0,5.7,201,7.7,11.0,13.3,0.0,0.0,0.0,8.0,81.0,0.0,0.0,1.0,186.0,0.0,100880.0
2025-01-20 06:00:00,26.3647772584457,23.7665030352463,0.0,0.08157894736842104,5.4,83,0,5.9,206,7.4,10.8,13.3,0.0,0.0,0.0,8.0,79.0,0.0,0.0,2.0,188.0,0.0,100860.0
2025-01-20 07:00:00,26.3178988126575,23.7756197588253,0.0,0.08166666666666667,5.5,84,0,5.7,211,7.1,10.6,13.3,0.0,0.0,0.0,7.0,82.0,0.0,0.0,1.0,192.0,0.0,100850.0
2025-01-20 08:00:00,26.2871809395655,23.800330405573,0.0,0.08175438596491227,7.2,80,0,5.6,204,7.2,10.5,13.3,0.0,0.0,0.02,7.0,83.0,0.0,0.0,1.0,192.0,0.0,100860.0
2025-01-20 09:00:00,26.278755305899,23.6987007160997,0.0,0.08184210526315788,11.7,71,49,7.0,217,8.5,10.4,13.3,0.0,0.0,0.08,8.0,79.0,4937.0,0.0,1.0,210.0,0.0,100890.0
2025-01-20 10:00:00,26.1614324256383,23.7312956348249,0.0,0.0819298245614035,15.6,57,98,6.8,252,10.4,10.4,13.3,0.0,0.0,0.18,11.0,74.0,13523.0,1.0,2.0,222.0,0.0,100900.0
2025-01-20 11:00:00,26.5762190148324,23.6006562052233,0.0,0.08201754385964911,17.9,47,100,7.3,254,12.4,10.5,13.3,0.0,0.0,0.27,13.0,66.0,28732.0,2.0,4.0,288.0,0.0,100950.0
2025-01-20 12:00:00,26.263407252219,23.7582607407583,0.0,0.08210526315789474,19.3,39,100,8.7,243,13.8,10.7,13.3,0.0,0.0,0.3,15.0,60.0,34144.0,1.0,4.0,256.0,0.0,100920.0
2025-01-20 13:00:00,26.2969721403683,23.7026402293071,0.0,0.08219298245614035,20.7,33,81,10.1,245,14.9,11.0,13.3,0.0,0.0,0.37,15.0,58.0,30300.0,2.0,2.0,258.0,0.0,100830.0
2025-01-20 14:00:00,26.3638193989507,23.7367653656927,0.0,0.08228070175438595,21.3,31,68,10.5,239,15.9,11.3,13.3,0.0,0.0,0.36,17.0,52.0,32988.0,2.0,3.0,252.0,0.0,100710.0
2025-01-20 15:00:00,26.2488722539433,23.7574547517502,0.0,0.08236842105263158,21.5,35,98,8.2,243,16.4,11.7,13.3,0.0,0.0,0.29,19.0,45.0,47883.0,2.0,1.0,251.0,0.0,100590.0
2025-01-20 16:00:00,26.3508467869438,23.6138414118675,0.0,0.08245614035087719,20.1,47,100,3.8,294,16.4,12.0,13.3,0.0,0.0,0.17,19.0,43.0,28358.0,2.0,2.0,264.0,0.0,100560.0
2025-01-20 17:00:00,26.1584151291119,23.580458593611,0.0,0.0825438596491228,16.7,62,100,4.2,2,15.6,12.3,13.3,0.0,0.0,0.06,19.0,43.0,8248.0,1.0,1.0,258.0,0.0,100550.0
2025-01-20 18:00:00,26.4467711772474,23.6606910888702,0.0,0.08263157894736842,14.0,75,100,5.5,53,14.2,12.4,13.3,0.0,0.0,0.03,18.0,56.0,2487.0,0.0,0.0,198.0,0.0,100560.0
2025-01-20 19:00:00,26.1482397051683,23.6379894089414,0.0,0.08271929824561403,13.2,75,100,2.8,29,13.1,12.5,13.3,0.0,0.0,0.0,16.0,57.0,0.0,0.0,1.0,168.0,0.0,100580.0
2025-01-20 20:00:00,26.217515973388,23.7180691240554,0.0,0.08280701754385965,13.6,73,100,0.9,62,12.7,12.6,13.3,0.0,0.0,0.0,14.0,73.0,0.0,0.0,0.0,126.0,0.0,100600.0
2025-01-20 21:00:00,26.1543087615819,23.4486706360815,0.0,0.08289473684210526,13.1,72,100,0.4,78,12.1,12.6,13.3,0.0,0.0,0.0,14.0,74.0,0.0,0.0,1.0,131.0,0.0,100600.0
2025-01-20 22:00:00,26.3717574522485,23.6248672404015,0.0,0.08298245614035087,11.8,76,99,2.2,343,11.4,12.5,13.3,0.0,0.0,0.0,13.0,81.0,0.0,0.0,0.0,178.0,0.0,100600.0
2025-01-20 23:00:00,26.3223416730046,23.3970087029655,0.0,0.08307017543859649,10.6,75,100,3.0,227,10.8,12.4,13.3,0.0,0.0,0.0,12.0,83.0,0.0,0.0,0.0,184.0,0.0,100570.0
2025-01-21 00:00:00,26.1613913084524,23.3895434029372,0.0,0.0831578947368421,9.9,73,95,3.0,270,10.4,12.3,13.3,0.0,0.0,0.0,11.0,84.0,0.0,0.0,0.0,161.0,0.0,100620.0
2025-01-21 01:00:00,25.9895466245758,23.3554931777577,0.0,0.08324561403508772,10.1,77,100,1.7,170,10.7,12.6,13.3,0.0,0.0,0.0,9.0,86.0,0.0,0.0,0.0,160.0,0.0,100580.0
2025-01-21 02:00:00,25.9873560550656,23.3770676236719,0.0,0.08333333333333333,9.3,78,100,1.3,22,10.2,12.5,13.3,0.0,0.0,0.0,9.0,86.0,0.0,0.0,0.0,188.0,0.0,100540.0
2025-01-21 03:00:00,26.1438884118462,23.3960045474385,0.0,0.08342105263157894,9.0,79,99,1.1,9,9.8,12.3,13.3,0.0,0.0,0.0,8.0,89.0,0.0,0.0,0.0,60.0,0.0,100520.0
2025-01-21 04:00:00,26.017848418503,23.2575657138437,0.0,0.08350877192982456,9.1,78,99,0.7,42,9.6,12.2,13.3,0.0,0.0,0.0,9.0,86.0,0.0,0.0,0.0,186.0,0.0,100510.0
2025-01-21 05:00:00,25.9146374427931,23.2910512134498,0.0,0.08359649122807017,8.6,80,100,2.3,300,9.3,12.0,13.3,0.0,0.0,0.0,8.0,84.0,0.0,0.0,0.0,168.0,0.0,100470.0
2025-01-21 06:00:00,25.9135208752335,23.5282551520828,0.0,0.08368421052631578,8.3,80,100,3.5,221,9.1,11.9,13.3,0.0,0.0,0.0,9.0,80.0,0.0,0.0,2.0,173.0,0.0,100470.0
2025-01-21 07:00:00,25.9394471615512,23.3117692402627,0.0,0.0837719298245614,8.5,77,100,4.5,213,9.0,11.7,13.3,0.0,0.0,0.0,11.0,69.0,0.0,0.0,1.0,192.0,0.0,100530.0
2025-01-21 08:00:00,25.9149969339126,23.2402446348889,0.0,0.08385964912280701,10.0,73,99,6.0,226,9.1,11.6,13.3,0.0,0.0,0.03,10.0,72.0,0.0,0.0,1.0,186.0,0.0,100570.0
2025-01-21 09:00:00,25.6993712903317,23.3450104365861,0.0,0.08394736842105263,13.9,68,100,7.8,234,10.2,11.5,13.3,0.0,0.0,0.08,11.0,72.0,5384.0,0.0,2.0,178.0,0.0,100580.0
2025-01-21 10:00:00,25.792344725662,23.1576876021818,0.0,0.08403508771929824,18.1,57,100,7.2,242,12.0,11.5,13.3,0.0,0.0,0.17,15.0,57.0,21984.0,1.0,3.0,212.0,0.0,100610.0
2025-01-21 11:00:00,25.7653464658802,23.4003352057226,0.0,0.08412280701754385,20.5,45,99,6.3,270,13.8,11.7,13.3,0.0,0.0,0.26,17.0,50.0,27092.0,1.0,4.0,234.0,0.0,100630.0
2025-01-21 12:00:00,25.7910998406973,23.3399187512983,0.0,0.08421052631578947,21.8,41,100,4.1,305,15.5,11.9,13.3,0.0,0.0,0.31,18.0,49.0,38233.0,3.0,3.0,234.0,0.0,100590.0
2025-01-21 13:00:00,25.7766175847789,23.314987821343,0.0,0.08429824561403508,22.7,42,99,5.3,328,16.2,12.0,13.3,0.0,0.0,0.35,19.0,47.0,48945.0,3.0,3.0,240.0,0.0,100490.0
2025-01-21 14:00:00,25.7308315215312,23.130615646044,0.0,0.08438596491228069,22.9,41,93,4.2,337,17.3,12.4,13.3,0.0,0.0,0.32,22.0,39.0,45550.0,3.0,4.0,272.0,0.0,100390.0
2025-01-21 15:00:00,25.6811016499875,23.2782120164555,0.0,0.08447368421052631,22.7,44,87,4.6,36,17.9,12.7,13.3,0.0,0.0,0.27,23.0,37.0,39221.0,3.0,1.0,227.0,0.0,100320.0
2025-01-21 16:00:00,25.8440921468606,23.1517995330523,0.0,0.08456140350877192,21.3,53,96,5.0,49,17.8,13.1,13.3,0.0,0.0,0.17,25.0,32.0,27560.0,2.0,0.0,124.0,0.0,100250.0
2025-01-21 17:00:00,25.9239740734272,23.1469450287612,0.0,0.08464912280701754,17.6,66,89,5.9,83,16.8,13.3,13.4,0.0,0.0,0.07,25.0,33.0,10305.0,0.0,1.0,131.0,0.0,100250.0
2025-01-21 18:00:00,25.8647712490695,23.1765340376019,0.0,0.08473684210526315,15.9,68,84,2.4,80,15.2,13.5,13.4,0.0,0.0,0.02,23.0,37.0,2384.0,0.0,0.0,152.0,0.0,100280.0
2025-01-21 19:00:00,25.8529461711874,23.3137064509775,0.0,0.08482456140350876,15.4,69,100,1.1,74,14.0,13.6,13.4,0.0,0.0,0.0,18.0,62.0,0.0,0.0,0.0,7.0,0.0,100310.0
2025-01-21 20:00:00,25.6881446145696,23.2570778554506,0.0,0.08491228070175438,15.2,67,87,0.8,63,13.0,13.5,13.4,0.0,0.0,0.0,15.0,69.0,0.0,0.0,0.0,173.0,0.0,100340.0
2025-01-21 21:00:00,25.8235373548935,23.1902562526748,0.0,0.08499999999999999,13.5,71,83,0.4,63,12.2,13.5,13.4,0.0,0.0,0.0,13.0,75.0,0.0,0.0,0.0,192.0,0.0,100370.0
2025-01-21 22:00:00,25.8053228838613,23.0448310463279,0.0,0.0850877192982456,11.7,71,63,6.2,257,11.7,13.4,13.4,0.0,0.0,0.01,13.0,76.0,0.0,0.0,0.0,72.0,0.0,100340.0
2025-01-21 23:00:00,25.9245610879844,23.2233724044629,0.0,0.08517543859649122,11.5,67,0,7.9,255,11.4,13.3,13.4,0.0,0.0,0.02,12.0,74.0,0.0,0.0,0.0,222.0,0.0,100370.0
2025-01-22 00:00:00,25.4027322671239,23.243599673748,0.0,0.08526315789473683,10.7,68,0,7.2,240,11.1,13.1,13.4,0.0,0.0,0.01,13.0,72.0,0.0,0.0,2.0,162.0,0.0,100420.0
2025-01-22 01:00:00,25.6091066421507,22.9341150285713,0.0,0.08535087719298246,10.6,70,6,6.1,254,10.3,13.1,13.4,0.0,0.0,0.01,11.0,85.0,0.0,0.0,1.0,176.0,0.0,100390.0
2025-01-22 02:00:00,25.7122221819928,23.1426658833179,0.0,0.08543859649122806,10.1,70,39,6.4,248,10.1,13.0,13.4,0.0,0.0,0.01,10.0,82.0,0.0,0.0,0.0,180.0,0.0,100360.0
2025-01-22 03:00:00,25.6929315030662,23.1186351235696,0.0,0.08552631578947367,9.8,70,64,6.6,233,9.8,12.8,13.5,0.0,0.0,0.01,10.0,82.0,0.0,0.0,0.0,216.0,0.0,100320.0
2025-01-22 04:00:00,25.4719522789081,23.0452272000438,0.0,0.0856140350877193,9.6,71,100,7.0,228,9.8,12.6,13.5,0.0,0.0,0.01,8.0,86.0,0.0,0.0,0.0,179.0,0.0,100300.0
2025-01-22 05:00:00,25.5740006201775,22.9801869697012,0.0,0.0857017543859649,9.1,72,100,7.1,222,9.7,12.4,13.5,0.0,0.0,0.01,9.0,80.0,0.0,0.0,0.0,192.0,0.0,100250.0
2025-01-22 06:00:00,25.5009942538185,22.9797846610665,0.0,0.08578947368421053,8.8,71,100,6.9,216,9.5,12.3,13.5,0.0,0.0,0.01,11.0,71.0,0.0,0.0,1.0,198.0,0.0,100220.0
2025-01-22 07:00:00,25.5931282356497,22.9572801862396,0.0,0.08587719298245614,8.7,68,100,7.5,211,9.4,12.1,13.5,0.0,0.0,0.01,10.0,77.0,0.0,0.0,2.0,178.0,0.0,100240.0
2025-01-22 08:00:00,25.5203512218786,23.1039845357384,0.0,0.08596491228070174,9.9,65,100,8.2,208,9.5,12.0,13.5,0.0,0.0,0.04,12.0,64.0,273.0,0.0,4.0,228.0,0.0,100280.0
2025-01-22 09:00:00,25.6205409435139,23.0273094204446,0.0,0.08605263157894737,14.0,60,100,8.9,200,10.4,11.9,13.5,0.0,0.0,0.1,12.0,63.0,6308.0,0.0,2.0,240.0,0.0,100300.0
2025-01-22 10:00:00,25.4618725279357,23.0490222843108,0.0,0.08614035087719298,18.2,53,100,7.4,207,12.2,11.9,13.5,0.0,0.0,0.19,13.0,59.0,16112.0,1.0,3.0,233.0,0.0,100340.0
2025-01-22 11:00:00,25.3756062459659,22.8891847497274,0.0,0.08622807017543858,20.8,41,98,6.7,238,14.0,12.0,13.5,0.0,0.0,0.27,16.0,52.0,18232.0,1.0,2.0,238.0,0.0,100370.0
2025-01-22 12:00:00,25.4372338506792,22.9701900291024,0.0,0.0863157894736842,22.4,35,100,8.8,250,15.7,12.2,13.5,0.0,0.0,0.35,18.0,48.0,52985.0,3.0,3.0,268.0,0.0,100330.0
2025-01-22 13:00:00,25.4246862909979,22.9440958763163,0.0,0.08640350877192982,23.3,31,100,10.6,243,17.0,12.7,13.5,0.0,0.0,0.38,20.0,40.0,40553.0,2.0,4.0,272.0,0.0,100240.0
2025-01-22 14:00:00,25.3751775023183,22.8038652160248,0.0,0.08649122807017544,23.4,32,100,8.2,255,17.8,13.0,13.5,0.0,0.0,0.34,21.0,38.0,37021.0,2.0,3.0,272.0,0.0,100140.0
2025-01-22 15:00:00,25.426744218686,22.9326250011277,0.0,0.08657894736842105,22.9,39,100,4.3,293,18.0,13.4,13.5,0.0,0.0,0.24,22.0,32.0,29544.0,1.0,3.0,272.0,0.0,100080.0
2025-01-22 16:00:00,25.3132287261824,22.990227386117,0.0,0.08666666666666666,21.6,57,99,2.7,339,18.0,13.7,13.5,0.0,0.0,0.14,22.0,33.0,25841.0,1.0,2.0,263.0,0.0,100060.0
2025-01-22 17:00:00,25.603771593857,23.0317017727898,0.0,0.08675438596491228,19.5,50,97,1.0,32,17.1,13.9,13.5,0.0,0.0,0.05,22.0,32.0,8768.0,1.0,2.0,246.0,0.0,100060.0
2025-01-22 18:00:00,25.4547754584496,22.7734193501773,0.0,0.08684210526315789,17.5,53,96,1.7,44,15.6,14.0,13.5,0.0,0.0,0.02,21.0,37.0,2145.0,0.0,0.0,198.0,0.0,100060.0
2025-01-22 19:00:00,25.4755411659739,22.7286883111199,0.0,0.0869298245614035,16.7,56,97,1.2,66,14.5,14.1,13.5,0.0,0.0,0.0,16.0,55.0,0.0,0.0,1.0,179.0,0.0,100080.0
2025-01-22 20:00:00,25.2731666846455,22.9832913384275,0.0,0.08701754385964912,16.4,58,100,1.0,53,13.7,14.1,13.5,0.0,0.0,0.0,15.0,60.0,0.0,0.0,0.0,174.0,0.0,100120.0
2025-01-22 21:00:00,25.4736020317883,22.8364078589312,0.0,0.08710526315789473,15.8,57,99,0.5,33,13.1,14.0,13.6,0.0,0.0,0.0,14.0,61.0,0.0,0.0,0.0,170.0,0.0,100150.0
2025-01-22 22:00:00,25.361559106295,22.6491290441782,0.0,0.08719298245614035,14.6,58,95,2.5,315,12.6,13.9,13.6,0.0,0.0,0.0,11.0,68.0,0.0,0.0,1.0,180.0,0.0,100170.0
2025-01-22 23:00:00,25.5453979392714,22.8556673466605,0.0,0.08728070175438596,12.8,60,78,5.3,254,12.1,13.8,13.6,0.0,0.0,0.01,12.0,67.0,0.0,0.0,0.0,210.0,0.0,100210.0
2025-01-23 00:00:00,25.3462547217096,22.7248451712666,0.0,0.08736842105263157,11.1,64,33,6.7,241,11.7,13.7,13.6,0.0,0.0,0.02,11.0,67.0,0.0,0.0,1.0,188.0,0.0,100240.0
2025-01-23 01:00:00,24.9520077332738,22.8707374362315,0.0,0.08745614035087719,11.5,60,26,7.7,238,11.2,13.6,13.6,0.0,0.0,0.03,10.0,71.0,0.0,0.0,0.0,264.0,0.0,100260.0
2025-01-23 02:00:00,25.0816869691165,22.7696074272318,0.0,0.0875438596491228,9.8,64,15,9.6,232,10.9,13.4,13.6,0.0,0.0,0.03,10.0,67.0,0.0,0.0,2.0,192.0,0.0,100280.0
2025-01-23 03:00:00,25.3494958982354,22.7082889154523,0.0,0.08763157894736842,9.3,65,5,6.6,241,10.7,13.3,13.6,0.0,0.0,0.01,10.0,68.0,0.0,0.0,1.0,169.0,0.0,100300.0
2025-01-23 04:00:00,25.2235423488209,22.7658095678937,0.0,0.08771929824561403,9.2,64,29,7.3,233,10.3,13.1,13.6,0.0,0.0,0.02,9.0,73.0,0.0,0.0,1.0,173.0,0.0,100320.0
2025-01-23 05:00:00,25.1482855441228,22.7275001027317,0.0,0.08780701754385964,9.9,61,58,7.6,234,10.1,12.9,13.6,0.0,0.0,0.02,9.0,66.0,0.0,0.0,0.0,192.0,0.0,100370.0
2025-01-23 06:00:00,25.2713118604702,22.7930179275683,0.0,0.08789473684210526,10.6,59,2,11.2,237,10.1,12.8,13.6,0.0,0.0,0.04,10.0,64.0,0.0,0.0,2.0,222.0,0.0,100410.0
2025-01-23 07:00:00,25.0563259153588,22.6010309513189,0.0,0.08798245614035087,11.0,55,0,10.7,230,10.2,12.6,13.6,0.0,0.0,0.04,8.0,69.0,0.0,0.0,0.0,177.0,0.0,100510.0
2025-01-23 08:00:00,25.1911789024485,22.5445604819044,0.0,0.08807017543859648,11.7,57,0,9.7,231,10.3,12.5,13.6,0.0,0.0,0.05,11.0,62.0,642.0,0.0,2.0,192.0,0.0,100570.0
2025-01-23 09:00:00,25.2332943645379,22.7473342201943,0.0,0.0881578947368421,15.0,55,0,11.3,239,11.3,12.4,13.6,0.0,0.0,0.12,12.0,59.0,6816.0,0.0,1.0,198.0,0.0,100630.0
2025-01-23 10:00:00,25.0885798867192,22.5924857186298,0.0,0.08824561403508771,18.1,48,0,11.6,243,12.9,12.4,13.6,0.0,0.0,0.22,15.0,53.0,20971.0,1.0,3.0,276.0,0.0,100680.0
2025-01-23 11:00:00,25.0075263032646,22.5942212949077,0.0,0.08833333333333333,20.6,40,0,12.4,243,14.6,12.5,13.6,0.0,0.0,0.33,17.0,45.0,39164.0,2.0,4.0,188.0,0.0,100730.0
2025-01-23 12:00:00,25.1406483791053,22.5865382592438,0.0,0.08842105263157894,22.0,37,0,12.0,250,16.2,12.7,13.6,0.0,0.0,0.39,19.0,43.0,49656.0,3.0,3.0,262.0,0.0,100700.0
2025-01-23 13:00:00,25.1403039036008,22.4829313148791,0.0,0.08850877192982455,22.8,36,0,7.9,282,17.1,12.9,13.6,0.0,0.0,0.39,21.0,39.0,53841.0,4.0,3.0,288.0,0.0,100600.0
2025-01-23 14:00:00,25.1079608255939,22.7633300601316,0.0,0.08859649122807017,22.9,34,0,6.6,327,18.0,13.2,13.6,0.0,0.0,0.37,22.0,33.0,49264.0,4.0,4.0,282.0,0.0,100570.0
2025-01-23 15:00:00,25.177625271593,22.6206759883332,0.0,0.08868421052631578,22.6,35,0,5.8,31,18.4,13.6,13.7,0.0,0.0,0.3,24.0,30.0,38840.0,2.0,2.0,234.0,0.0,100540.0
2025-01-23 16:00:00,25.1639993600729,22.3801318346488,0.0,0.08877192982456139,21.3,50,0,4.8,43,18.2,13.9,13.7,0.0,0.0,0.19,21.0,51.0,20008.0,1.0,4.0,36.0,0.0,100550.0
2025-01-23 17:00:00,24.8921297303002,22.6641346448744,0.0,0.08885964912280701,17.9,66,0,4.4,60,17.2,14.1,13.7,0.0,0.0,0.07,20.0,45.0,6706.0,0.0,2.0,54.0,0.0,100590.0
2025-01-23 18:00:00,25.1543120408796,22.4909608174953,0.0,0.08894736842105262,15.5,69,0,3.6,81,15.6,14.2,13.7,0.0,0.0,0.02,18.0,52.0,687.0,0.0,2.0,126.0,0.0,100630.0
2025-01-23 19:00:00,24.9697921456068,22.3956543415738,0.0,0.08903508771929824,14.9,65,0,1.8,75,14.2,14.3,13.7,0.0,0.0,0.0,15.0,60.0,0.0,0.0,1.0,156.0,0.0,100670.0
2025-01-23 20:00:00,25.0463411733607,22.6317307929445,0.0,0.08912280701754385,14.4,63,0,1.2,52,13.1,14.2,13.7,0.0,0.0,0.0,13.0,68.0,0.0,0.0,1.0,169.0,0.0,100720.0
2025-01-23 21:00:00,25.2059875975914,22.4159453443458,0.0,0.08921052631578946,13.8,65,0,0.6,54,12.2,14.1,13.7,0.0,0.0,0.0,11.0,74.0,0.0,0.0,1.0,178.0,0.0,100800.0
2025-01-23 22:00:00,25.1268916238658,22.3693397618607,0.0,0.08929824561403508,12.8,72,0,1.8,354,11.6,13.9,13.7,0.0,0.0,0.0,10.0,78.0,0.0,0.0,0.0,122.0,0.0,100880.0
2025-01-23 23:00:00,25.1266759906708,22.4243699858969,0.0,0.0893859649122807,11.8,72,0,2.3,290,11.1,13.8,13.7,0.0,0.0,0.0,9.0,80.0,0.0,0.0,0.0,103.0,0.0,100940.0
2025-01-24 00:00:00,25.0271027302451,22.3080806706811,0.0,0.0894736842105263,11.0,70,0,2.6,292,10.6,13.6,13.7,0.0,0.0,0.0,9.0,80.0,0.0,0.0,0.0,180.0,0.0,100990.0
2025-01-24 01:00:00,24.8361684161241,22.5153537654821,0.0,0.08956140350877193,9.7,71,0,2.4,302,9.8,13.5,13.8,0.0,0.0,0.0,8.0,82.0,0.0,0.0,0.0,210.0,0.0,101020.0
2025-01-24 02:00:00,24.9573247827899,22.5446780443112,0.0,0.08964912280701753,9.1,70,0,3.7,265,9.5,13.3,13.8,0.0,0.0,0.0,8.0,81.0,0.0,0.0,0.0,180.0,0.0,101010.0
2025-01-24 03:00:00,24.9175533612258,22.4117158720333,0.0,0.08973684210526316,9.1,68,0,4.1,245,9.2,13.0,13.8,0.0,0.0,0.0,8.0,80.0,0.0,0.0,0.0,234.0,0.0,100990.0
2025-01-24 04:00:00,24.849848930074,22.3572876445814,0.0,0.08982456140350877,8.8,69,0,3.2,267,8.9,12.8,13.8,0.0,0.0,0.0,7.0,82.0,0.0,0.0,0.0,174.0,0.0,100970.0
2025-01-24 05:00:00,24.9524428889666,22.3513703030455,0.0,0.08991228070175437,8.5,70,0,3.3,270,8.7,12.6,13.8,0.0,0.0,0.0,7.0,81.0,0.0,0.0,0.0,173.0,0.0,100940.0
2025-01-24 06:00:00,24.824713005035,22.3702892792963,0.0,0.09,7.9,72,0,5.4,260,8.5,12.4,13.8,0.0,0.0,0.0,6.0,82.0,0.0,0.0,1.0,174.0,0.0,100950.0
2025-01-24 07:00:00,25.0691345550745,22.3881960530873,0.0,0.0900877192982456,7.8,74,0,6.8,255,8.4,12.1,13.8,0.0,0.0,0.01,7.0,81.0,0.0,0.0,0.0,192.0,0.0,100980.0
2025-01-24 08:00:00,24.7907830812103,22.4552722728146,0.0,0.09017543859649123,9.4,70,0,7.6,256,8.6,11.9,13.8,0.0,0.0,0.03,8.0,79.0,1663.0,0.0,1.0,228.0,0.0,101050.0
2025-01-24 09:00:00,25.019300583901,22.3343665123344,0.0,0.09026315789473684,13.3,61,0,8.6,257,9.9,11.8,13.8,0.0,0.0,0.1,9.5,75.0,4798.0,0.0,1.0,237.0,0.0,101060.0
2025-01-24 10:00:00,24.6604524556647,22.2726062905326,0.0,0.09035087719298245,16.3,56,0,6.2,283,11.8,11.8,13.8,0.0,0.0,0.19,11.0,71.0,7933.0,0.0,1.0,246.0,0.0,101070.0
2025-01-24 11:00:00,24.8018341441857,22.4158831301378,0.0,0.09043859649122807,18.3,45,0,5.9,308,13.7,11.9,13.8,0.0,0.0,0.29,13.0,59.0,24067.0,1.0,2.0,262.0,0.0,101130.0
2025-01-24 12:00:00,24.7915879727909,22.231585376215,0.0,0.09052631578947368,19.6,41,0,6.3,319,15.4,12.1,13.8,0.0,0.0,0.35,16.0,47.0,42611.0,2.0,3.0,251.0,0.0,101140.0
2025-01-24 13:00:00,24.894554652725,22.1090235193179,0.0,0.09061403508771929,20.4,43,0,7.4,355,16.2,12.4,13.8,0.0,0.0,0.37,19.0,39.0,52733.0,5.0,2.0,264.0,0.0,101080.0
2025-01-24 14:00:00,24.8116690395365,22.215415008609,0.0,0.09070175438596491,20.6,43,0,9.0,7,17.1,12.7,13.8,0.0,0.0,0.36,20.0,35.0,55518.0,4.0,2.0,312.0,0.0,100960.0
2025-01-24 15:00:00,24.8048228872413,22.0518899002537,0.0,0.09078947368421052,19.9,47,0,10.3,17,17.5,13.0,13.8,0.0,0.0,0.29,22.0,32.0,50377.0,2.0,0.0,145.0,0.0,100830.0
2025-01-24 16:00:00,24.6622978835269,21.9946786421038,0.0,0.09087719298245614,18.1,53,0,8.6,32,17.2,13.3,13.8,0.0,0.0,0.19,23.0,31.0,36131.0,2.0,0.0,243.0,0.0,100750.0
2025-01-24 17:00:00,24.8278334763472,21.9947286842585,0.0,0.09096491228070175,14.9,67,0,5.1,45,16.2,13.5,13.8,0.0,0.0,0.07,21.0,48.0,17824.0,1.0,4.0,17.0,0.0,100710.0
2025-01-24 18:00:00,24.8521898292333,22.1428447496253,0.0,0.09105263157894736,13.2,66,0,2.2,38,14.5,13.7,13.8,0.0,0.0,0.02,19.0,51.0,5258.0,0.0,2.0,48.0,0.0,100710.0
2025-01-24 19:00:00,24.8197015576527,22.0065546497088,0.0,0.09114035087719298,12.6,66,0,1.8,8,13.2,13.7,13.8,0.0,0.0,0.0,16.0,55.0,293.0,0.0,0.0,18.0,0.0,100710.0
2025-01-24 20:00:00,24.7801154357415,22.3041065028455,0.0,0.09122807017543859,11.4,69,0,2.4,320,12.2,13.6,13.8,0.0,0.0,0.0,13.0,66.0,0.0,0.0,0.0,24.0,0.0,100750.0
2025-01-24 21:00:00,24.7028313419673,22.062382087441,0.0,0.0913157894736842,10.9,73,0,1.9,294,11.4,13.5,13.8,0.0,0.0,0.0,11.0,78.0,0.0,0.0,0.0,198.0,0.0,100800.0
2025-01-24 22:00:00,24.8168108667999,22.1665813544906,0.0,0.09140350877192982,9.8,80,0,5.6,277,10.8,13.3,13.8,0.0,0.0,0.0,10.0,78.0,0.0,0.0,0.0,186.0,0.0,100810.0
2025-01-24 23:00:00,24.7620804378042,22.0860810080098,0.0,0.09149122807017543,9.5,83,0,6.0,263,10.4,13.2,13.8,0.0,0.0,0.0,9.0,84.0,0.0,0.0,0.0,180.0,0.0,100790.0
2025-01-25 00:00:00,24.7189747035289,22.2021002399252,0.0,0.09157894736842105,9.3,80,0,6.5,262,10.1,13.0,13.8,0.0,0.0,0.0,9.0,93.0,0.0,0.0,0.0,180.0,0.0,100840.0
2025-01-25 01:00:00,24.6036386420299,22.1307015903355,0.0,0.09166666666666666,9.2,75,0,6.4,256,9.9,13.1,13.8,0.0,0.0,0.0,8.0,94.0,0.0,0.0,0.0,180.0,0.0,100840.0
2025-01-25 02:00:00,24.5739530171907,22.0496492777119,0.0,0.09175438596491227,8.6,70,0,4.8,265,9.6,12.9,13.8,0.0,0.0,0.0,9.0,88.0,0.0,0.0,0.0,186.0,0.0,100820.0
2025-01-25 03:00:00,24.6377877479501,22.1305396682372,0.0,0.09184210526315789,8.3,65,0,4.8,255,9.2,12.7,13.8,0.0,0.0,0.01,7.0,90.0,0.0,0.0,0.0,174.0,0.0,100820.0
2025-01-25 04:00:00,24.6736503370368,22.1086017503075,0.0,0.0919298245614035,8.1,63,0,4.3,231,8.9,12.5,13.8,0.0,0.0,0.01,7.0,90.0,0.0,0.0,0.0,180.0,0.0,100820.0
2025-01-25 05:00:00,24.7281303674758,22.0809818577752,0.0,0.09201754385964911,7.6,65,0,4.5,267,8.5,12.3,13.8,0.0,0.0,0.0,7.0,82.0,0.0,0.0,1.0,174.0,0.0,100730.0
2025-01-25 06:00:00,24.5692098334442,22.1941603526072,0.0,0.09210526315789473,7.7,62,0,6.5,240,8.3,12.1,13.8,0.0,0.0,0.01,7.0,80.0,0.0,0.0,2.0,171.0,0.0,100730.0
2025-01-25 07:00:00,24.751853601752,21.8237400707809,0.0,0.09219298245614034,8.0,56,0,7.4,219,8.2,11.9,13.8,0.0,0.0,0.02,11.0,67.0,0.0,0.0,2.0,240.0,0.0,100780.0
2025-01-25 08:00:00,24.7045809359729,21.827405878788,0.0,0.09228070175438596,9.7,57,6,6.8,235,8.4,11.7,13.8,0.0,0.0,0.04,10.0,67.0,0.0,0.0,2.0,210.0,0.0,100830.0
2025-01-25 09:00:00,24.6747329696597,21.9761326766911,0.0,0.09236842105263157,14.2,52,5,7.3,246,9.8,11.5,13.8,0.0,0.0,0.11,10.0,65.0,2584.0,0.0,1.0,228.0,0.0,100870.0
2025-01-25 10:00:00,24.5965238315427,21.9574250135277,0.0,0.09245614035087718,17.8,48,2,5.1,243,11.8,11.6,13.8,0.0,0.0,0.2,13.0,58.0,10282.0,0.0,2.0,240.0,0.0,100960.0
2025-01-25 11:00:00,24.5119166648475,21.9168694051693,0.0,0.0925438596491228,19.7,39,11,12.6,312,13.7,11.7,13.8,0.0,0.0,0.33,16.0,47.0,27768.0,2.0,2.0,258.0,0.0,101010.0
2025-01-25 12:00:00,24.5568866937313,21.8757415546593,0.0,0.09263157894736841,19.7,39,86,9.7,319,15.2,11.9,13.8,0.0,0.0,0.36,18.0,41.0,45342.0,3.0,3.0,264.0,0.0,101070.0
2025-01-25 13:00:00,24.6679527375252,21.895424629224,0.0,0.09271929824561403,20.4,44,4,3.9,21,16.6,12.4,13.8,0.0,0.0,0.36,19.0,39.0,55181.0,4.0,2.0,206.0,0.0,100960.0
2025-01-25 14:00:00,24.5577297653058,21.9346712878498,0.0,0.09280701754385964,20.6,50,59,10.4,19,17.5,12.7,13.8,0.0,0.0,0.35,22.0,35.0,58328.0,4.0,1.0,265.0,0.0,100810.0
2025-01-25 15:00:00,24.677314316374,22.0309184513364,0.0,0.09289473684210525,18.7,64,7,10.7,24,17.7,13.0,13.8,0.0,0.0,0.26,21.0,39.0,48296.0,3.0,5.0,12.0,0.0,100770.0
2025-01-25 16:00:00,24.3298601539886,22.0135552954769,0.0,0.09298245614035087,17.5,75,1,9.8,1,17.4,13.3,13.8,0.0,0.0,0.16,19.0,54.0,34173.0,1.0,4.0,36.0,0.0,100810.0
2025-01-25 17:00:00,24.6300835429714,21.9113072343186,0.0,0.09307017543859648,15.9,85,73,2.5,7,16.5,13.6,13.8,0.0,0.0,0.05,19.0,60.0,21632.0,1.0,4.0,4.0,0.0,100860.0
2025-01-25 18:00:00,24.5887881432587,21.8002388934986,0.0,0.09315789473684209,14.4,90,54,5.9,153,15.3,13.7,13.8,0.0,0.0,0.02,18.0,62.0,5017.0,0.0,3.0,0.0,0.0,100950.0
2025-01-25 19:00:00,24.6015480782601,21.8900469761049,0.0,0.09324561403508771,12.4,93,67,5.6,166,14.2,13.8,13.8,0.0,0.0,0.0,16.0,69.0,55.0,0.0,1.0,137.0,0.0,101000.0
2025-01-25 20:00:00,24.7180144918465,22.0554021186746,0.0,0.09333333333333332,11.4,94,89,5.1,198,13.4,13.8,13.9,0.0,0.0,0.0,15.0,72.0,0.0,0.0,0.0,174.0,0.0,101040.0
2025-01-25 21:00:00,24.4616011565856,21.9647090545239,0.0,0.09342105263157895,11.0,94,60,6.6,210,12.7,13.7,13.9,0.0,0.0,0.0,14.0,71.0,0.0,0.0,1.0,180.0,0.0,101050.0
2025-01-25 22:00:00,24.5547232367775,21.8219102939144,0.0,0.09350877192982456,10.6,93,99,5.7,202,12.2,13.6,13.9,0.0,0.0,0.0,12.0,80.0,0.0,0.0,0.0,347.0,0.0,101060.0
2025-01-25 23:00:00,24.4707398632647,22.128757358598,0.0,0.09359649122807016,10.9,93,100,5.0,213,11.9,13.5,13.9,0.0,0.0,0.0,12.0,78.0,0.0,0.0,0.0,152.0,0.0,101100.0
2025-01-26 00:00:00,24.6595024725692,21.9764333744508,0.0,0.09368421052631579,11.0,93,100,4.9,208,11.8,13.4,13.9,0.0,0.0,0.0,12.0,78.0,0.0,0.0,2.0,186.0,0.0,101120.0
2025-01-26 01:00:00,24.5525842263939,21.8296923503272,0.0,0.0937719298245614,11.1,83,92,2.2,90,12.5,13.6,13.9,0.0,0.0,0.0,14.0,74.0,0.0,0.0,0.0,211.0,0.0,101130.0
2025-01-26 02:00:00,24.4044310040975,21.8551698529715,0.0,0.093859649122807,11.5,77,47,1.8,72,12.0,13.5,13.9,0.0,0.0,0.0,13.0,79.0,0.0,0.0,2.0,32.0,0.0,101140.0
2025-01-26 03:00:00,24.4596416913665,21.9097974612174,0.0,0.09394736842105263,10.9,74,0,1.1,133,11.3,13.4,13.9,0.0,0.0,0.0,12.0,78.0,0.0,0.0,2.0,170.0,0.0,101160.0
2025-01-26 04:00:00,24.6563763524094,21.8920901109704,0.0,0.09403508771929824,10.2,76,0,2.2,140,10.7,13.3,13.9,0.0,0.0,0.0,12.0,80.0,0.0,0.0,1.0,192.0,0.0,101180.0
2025-01-26 05:00:00,24.5654244745131,21.8983719928084,0.0,0.09412280701754386,10.5,72,0,1.7,122,10.3,13.1,13.9,0.0,0.0,0.0,9.0,88.0,0.0,0.0,0.0,160.0,0.0,101120.0
2025-01-26 06:00:00,24.3259229870481,21.937248240157,0.0,0.09421052631578947,9.6,77,2,4.6,263,9.9,13.0,13.9,0.0,0.0,0.0,8.0,87.0,0.0,0.0,0.0,192.0,0.0,101100.0
2025-01-26 07:00:00,24.4688579396477,21.9365239064592,0.0,0.09429824561403508,9.1,80,8,5.6,217,9.7,12.8,13.9,0.0,0.0,0.0,8.0,87.0,0.0,0.0,0.0,180.0,0.0,101090.0
2025-01-26 08:00:00,24.3276440858368,22.0488046080812,0.0,0.0943859649122807,9.7,80,3,5.2,247,9.7,12.6,13.9,0.0,0.0,0.02,8.0,84.0,0.0,0.0,0.0,186.0,0.0,101130.0
2025-01-26 09:00:00,24.5703433180451,21.9306547929234,0.0,0.0944736842105263,14.2,69,0,7.1,233,10.9,12.5,13.9,0.0,0.0,0.09,9.0,82.0,3835.0,0.0,0.0,182.0,0.0,101170.0
2025-01-26 10:00:00,24.0459063028409,21.8208296374385,0.0,0.09456140350877193,17.2,59,39,4.8,310,12.8,12.5,13.9,0.0,0.0,0.19,14.0,71.0,14096.0,1.0,2.0,251.0,0.0,101270.0
2025-01-26 11:00:00,24.3986755125114,21.7790420808291,0.0,0.09464912280701754,19.1,52,55,3.7,331,14.7,12.6,13.9,0.0,0.0,0.28,16.0,58.0,32072.0,2.0,3.0,222.0,0.0,101260.0
2025-01-26 12:00:00,24.2991134941019,21.8868078836592,0.0,0.09473684210526315,20.9,47,57,5.9,317,16.4,12.8,13.9,0.0,0.0,0.36,18.0,48.0,48164.0,2.0,3.0,264.0,0.0,101280.0
2025-01-26 13:00:00,24.4749407213281,21.9119687923898,0.0,0.09482456140350877,22.2,44,98,4.4,309,17.5,13.1,13.9,0.0,0.0,0.36,20.0,43.0,57282.0,2.0,1.0,159.0,0.0,101160.0
2025-01-26 14:00:00,24.2938803324841,21.9526540775228,0.0,0.09491228070175438,23.5,37,86,5.9,294,18.5,13.4,13.9,0.0,0.0,0.35,21.0,40.0,53248.0,5.0,2.0,222.0,0.0,101010.0
2025-01-26 15:00:00,24.4352432181064,21.7932675980288,0.0,0.09499999999999999,22.2,47,100,9.4,352,18.9,13.7,13.9,0.0,0.0,0.31,24.0,33.0,47156.0,3.0,3.0,275.0,0.0,100920.0
2025-01-26 16:00:00,24.2619829872918,21.6768370129812,0.0,0.09508771929824561,18.8,61,100,10.6,36,18.3,14.0,13.9,0.0,0.0,0.17,22.0,41.0,26132.0,1.0,3.0,10.0,0.0,100900.0
2025-01-26 17:00:00,24.5621068053469,21.9880411198551,0.0,0.09517543859649122,15.9,70,100,8.2,72,17.3,14.3,13.9,0.0,0.0,0.08,19.0,54.0,17628.0,1.0,5.0,7.0,0.0,100960.0
2025-01-26 18:00:00,24.396203365279,21.8889583649757,0.0,0.09526315789473684,13.3,80,100,3.5,30,15.7,14.4,13.9,0.0,0.0,0.02,18.0,61.0,5344.0,0.0,2.0,30.0,0.0,100960.0
2025-01-26 19:00:00,24.4039134230767,21.8269981804706,0.0,0.09535087719298245,12.1,86,100,1.8,360,14.4,14.4,14.0,0.0,0.0,0.0,15.0,67.0,0.0,0.0,0.0,349.0,0.0,100940.0
2025-01-26 20:00:00,24.5442537284653,21.8037040141577,0.0,0.09543859649122806,11.7,87,100,1.1,114,13.4,14.4,14.0,0.0,0.0,0.0,15.0,78.0,0.0,0.0,1.0,36.0,0.0,101070.0
2025-01-26 21:00:00,24.286866782395,21.8073568587006,0.0,0.09552631578947368,12.0,82,100,2.1,204,12.7,14.3,14.0,0.0,0.0,0.0,13.0,79.0,0.0,0.0,0.0,150.0,0.0,101130.0
2025-01-26 22:00:00,24.4218985355762,21.9127618846104,0.0,0.09561403508771929,11.7,77,94,4.7,225,12.2,14.2,14.0,0.0,0.0,0.0,14.0,75.0,0.0,0.0,2.0,136.0,0.0,101180.0
2025-01-26 23:00:00,24.3574658021325,21.7323581482778,0.0,0.0957017543859649,11.0,70,57,5.3,227,11.6,14.0,14.0,0.0,0.0,0.01,12.0,79.0,0.0,0.0,1.0,186.0,0.0,101180.0
2025-01-27 00:00:00,24.1903401504751,21.9360214662784,0.0,0.09578947368421052,10.9,65,95,6.5,220,11.1,13.8,14.0,0.0,0.0,0.01,10.0,85.0,0.0,0.0,0.0,288.0,0.0,101160.0
2025-01-27 01:00:00,24.3660266704641,21.9954406955144,0.0,0.09587719298245613,11.1,70,99,6.6,221,10.6,13.7,14.0,0.0,0.0,0.01,10.0,85.0,0.0,0.0,1.0,188.0,0.0,101140.0
2025-01-27 02:00:00,24.385354553733,21.7821375128639,0.0,0.09596491228070175,12.9,64,84,9.8,218,10.6,13.6,14.0,0.0,0.0,0.03,10.0,79.0,0.0,0.0,1.0,168.0,0.0,101100.0
2025-01-27 03:00:00,24.2914842596685,21.7158610022369,0.0,0.09605263157894736,16.3,56,99,17.6,217,11.2,13.4,14.0,0.0,0.0,0.08,12.0,71.0,0.0,0.0,2.0,192.0,0.0,101040.0
2025-01-27 04:00:00,24.2918774727982,21.7520201471141,0.0,0.09614035087719297,17.7,52,94,23.6,219,12.1,13.3,14.0,0.0,0.0,0.12,14.0,62.0,0.0,0.0,3.0,258.0,0.0,101010.0
2025-01-27 05:00:00,24.307646790044,21.8546206513275,0.0,0.0962280701754386,18.0,49,97,23.8,220,12.9,13.3,14.0,0.0,0.0,0.13,14.0,63.0,0.0,0.0,3.0,264.0,0.0,100950.0
2025-01-27 06:00:00,24.2395796284567,21.7687808983442,0.0,0.0963157894736842,18.1,45,99,22.2,220,13.4,13.3,14.0,0.0,0.0,0.14,15.0,59.0,0.0,0.0,4.0,285.0,0.0,100910.0
2025-01-27 07:00:00,24.3475633180213,21.8069330814121,0.0,0.09640350877192981,18.1,42,99,20.9,221,13.7,13.3,14.0,0.0,0.0,0.14,15.0,60.0,0.0,0.0,4.0,276.0,0.0,100910.0
2025-01-27 08:00:00,24.3701459015293,21.794139049344,0.0,0.09649122807017543,18.1,43,86,20.9,222,14.0,13.4,14.0,0.0,0.0,0.15,15.0,57.0,78.0,0.0,4.0,252.0,0.0,100940.0
2025-01-27 09:00:00,24.2444561555402,21.6096594576998,0.0,0.09657894736842104,19.7,40,98,20.4,225,14.6,13.4,14.0,0.0,0.0,0.21,16.0,54.0,5064.0,0.0,4.0,258.0,0.0,100990.0
2025-01-27 10:00:00,23.9487617375134,21.8813656758125,0.0,0.09666666666666666,21.5,35,74,23.3,227,15.6,13.6,14.0,0.0,0.0,0.32,18.0,48.0,10974.0,0.0,3.0,264.0,0.0,101030.0
2025-01-27 11:00:00,24.0428407312888,21.5640848104796,0.0,0.09675438596491227,23.2,32,38,26.0,225,16.9,13.7,14.0,0.0,0.0,0.43,21.0,42.0,32289.0,2.0,4.0,263.0,0.0,101070.0
2025-01-27 12:00:00,24.0858137813296,21.7539440236659,0.0,0.09684210526315788,24.7,29,27,26.5,226,18.1,14.0,14.0,0.0,0.0,0.5,23.0,33.0,52599.0,3.0,6.0,277.0,0.0,100970.0
2025-01-27 13:00:00,24.1137386005579,21.6142133983641,0.0,0.0969298245614035,25.9,26,67,25.9,231,19.9,14.4,14.1,0.0,0.0,0.54,25.0,26.0,57155.0,3.0,7.0,278.0,0.0,100850.0
2025-01-27 14:00:00,24.4007238695195,21.7069274937569,0.0,0.09701754385964911,27.0,22,87,29.7,228,20.5,14.8,14.1,0.0,0.0,0.57,26.0,24.0,49647.0,3.0,5.0,247.0,0.0,100740.0
2025-01-27 15:00:00,24.2176239252569,21.7210174940544,0.0,0.09710526315789474,26.5,24,88,21.6,246,20.7,15.1,14.1,0.0,0.0,0.46,27.0,23.0,40426.0,3.0,6.0,222.0,0.0,100660.0
2025-01-27 16:00:00,24.1437328325283,21.8078586878386,0.0,0.09719298245614034,24.4,30,67,10.3,262,20.4,15.4,14.1,0.0,0.0,0.26,27.0,24.0,29581.0,2.0,4.0,222.0,0.0,100680.0
2025-01-27 17:00:00,24.2713405922321,21.7101260634559,0.0,0.09728070175438595,20.9,44,17,6.6,264,19.3,15.6,14.1,0.0,0.0,0.11,22.0,49.0,14068.0,0.0,3.0,38.0,0.0,100690.0
2025-01-27 18:00:00,24.0824902091769,21.6630824214556,0.0,0.09736842105263158,18.9,39,41,4.5,254,17.6,15.8,14.1,0.0,0.0,0.05,21.0,56.0,3184.0,0.0,4.0,102.0,0.0,100700.0
2025-01-27 19:00:00,24.1371029843638,21.8655818621165,0.0,0.09745614035087719,17.8,40,47,8.6,244,16.4,15.8,14.2,0.0,0.0,0.06,19.0,60.0,0.0,0.0,1.0,88.0,0.0,100790.0
2025-01-27 20:00:00,24.3277500040584,21.680494980599,0.0,0.0975438596491228,19.6,42,19,15.1,225,16.1,15.8,14.2,0.0,0.0,0.11,17.0,62.0,0.0,0.0,0.0,152.0,0.0,100870.0
2025-01-27 21:00:00,24.0568718742282,21.7701135555219,0.0,0.09763157894736842,19.5,55,37,19.1,222,16.2,15.8,14.2,0.0,0.0,0.1,21.0,40.0,0.0,0.0,2.0,288.0,0.0,100880.0
2025-01-27 22:00:00,24.0961527399573,21.6702612926805,0.0,0.09771929824561403,19.6,59,28,18.5,228,16.3,15.8,14.2,0.0,0.0,0.09,21.0,41.0,0.0,0.0,4.0,264.0,0.0,100930.0
2025-01-27 23:00:00,24.2449210941763,21.6472777701111,0.0,0.09780701754385965,17.1,73,100,10.6,294,16.1,15.8,14.2,0.1,0.1,0.03,20.0,53.0,0.0,0.0,2.0,282.0,0.0,100990.0
2025-01-28 00:00:00,24.2718079579278,21.7086454376237,0.0,0.09789473684210526,16.3,82,100,9.0,289,15.8,15.8,14.2,0.3,0.3,0.01,18.0,66.0,0.0,0.0,3.0,2.0,0.0,101080.0
2025-01-28 01:00:00,24.0961546490593,21.5409744288253,0.0,0.09798245614035087,16.9,77,100,11.4,274,16.9,16.0,14.2,0.1,0.1,0.02,16.0,76.0,0.0,0.0,1.0,210.0,0.0,101130.0
2025-01-28 02:00:00,24.1135569850658,21.7632114585322,0.0,0.09807017543859649,16.9,72,100,11.8,263,16.5,16.0,14.3,0.0,0.0,0.03,17.0,77.0,0.0,0.0,2.0,279.0,0.0,101140.0
2025-01-28 03:00:00,24.1421767506103,21.6090156147209,0.0,0.0981578947368421,16.4,73,100,10.2,257,16.2,16.0,14.3,0.1,0.1,0.02,17.0,75.0,0.0,0.0,0.0,244.0,0.0,101150.0
2025-01-28 04:00:00,24.0947643364034,21.6094349625761,0.0,0.0982456140350877,15.9,77,100,10.4,255,15.9,15.9,14.3,0.1,0.1,0.02,16.0,76.0,0.0,0.0,3.0,258.0,0.0,101140.0
2025-01-28 05:00:00,24.1684853104886,21.6865237361257,0.0,0.09833333333333333,15.6,78,100,10.7,257,15.6,15.9,14.3,0.2,0.2,0.02,14.0,90.0,0.0,0.0,2.0,186.0,0.0,101180.0
2025-01-28 06:00:00,24.0367091049497,21.7666739149768,0.0,0.09842105263157894,15.2,78,100,11.1,237,15.1,15.8,14.3,0.3,0.3,0.02,15.0,85.0,0.0,0.0,1.0,198.0,0.0,101190.0
2025-01-28 07:00:00,24.1571685077567,21.5431163208565,0.0,0.09850877192982456,14.8,76,83,12.4,220,14.7,15.7,14.3,0.1,0.1,0.02,15.0,84.0,0.0,0.0,0.0,258.0,0.0,101240.0
2025-01-28 08:00:00,24.0700203635567,21.5897930370904,0.0,0.09859649122807017,14.5,75,34,14.3,216,14.4,15.6,14.4,0.0,0.0,0.05,15.0,79.0,285.0,0.0,3.0,234.0,0.0,101280.0
2025-01-28 09:00:00,24.1315245541507,21.6438758621853,0.0,0.09868421052631578,15.6,65,59,11.4,227,14.7,15.5,14.4,0.0,0.0,0.11,15.0,75.0,5315.0,0.0,2.0,245.0,0.0,101330.0
2025-01-28 10:00:00,23.9208513488467,21.7630657997117,0.0,0.0987719298245614,16.9,61,36,8.1,261,15.6,15.5,14.4,0.0,0.0,0.16,16.0,62.0,20156.0,1.0,3.0,276.0,0.0,101390.0
2025-01-28 11:00:00,23.9876162050637,21.6249607141564,0.0,0.09885964912280701,18.1,59,1,8.6,274,16.8,15.5,14.4,0.1,0.1,0.25,17.0,58.0,40134.0,2.0,4.0,228.0,0.0,101430.0
2025-01-28 12:00:00,24.0053034437542,21.736902387001,0.0,0.09894736842105263,19.8,52,2,11.8,259,18.1,15.6,14.4,0.0,0.0,0.35,19.0,57.0,52820.0,4.0,3.0,283.0,0.0,101400.0
2025-01-28 13:00:00,24.0000330346137,21.5069345774132,0.0,0.09903508771929824,21.4,41,4,13.0,281,19.6,15.7,14.4,0.0,0.0,0.4,20.0,52.0,58086.0,4.0,6.0,224.0,0.0,101290.0
2025-01-28 14:00:00,24.064793902134,21.5853487267959,0.0,0.09912280701754385,20.9,39,48,22.7,312,19.9,15.9,14.4,0.0,0.0,0.39,21.0,38.0,18376.0,1.0,5.0,296.0,0.0,101270.0
2025-01-28 15:00:00,23.926074047612,21.6926033605971,0.0,0.09921052631578947,16.9,66,61,26.4,304,19.2,16.1,14.4,0.0,0.0,0.2,19.0,45.0,61607.0,4.0,6.0,7.0,0.0,101340.0
2025-01-28 16:00:00,24.0837589006592,21.5145772534292,0.0,0.09929824561403508,16.8,66,9,20.2,299,18.6,16.2,14.5,0.0,0.0,0.16,18.0,53.0,12564.0,1.0,8.0,306.0,0.0,101450.0
2025-01-28 17:00:00,24.2458711552262,21.5178751044039,0.0,0.09938596491228069,16.1,62,15,15.6,292,17.8,16.3,14.5,0.0,0.0,0.11,16.0,59.0,7579.0,0.0,7.0,340.0,0.0,101540.0
2025-01-28 18:00:00,24.093973601863,21.4518215998514,0.0,0.09947368421052631,15.1,63,9,11.5,266,16.8,16.3,14.5,0.0,0.0,0.06,17.0,56.0,1651.0,0.0,4.0,288.0,0.0,101590.0
2025-01-28 19:00:00,23.8821697834762,21.4705464724334,0.0,0.09956140350877192,14.6,64,5,13.0,248,16.0,16.3,14.5,0.0,0.0,0.04,16.0,51.0,0.0,0.0,6.0,294.0,0.0,101610.0
2025-01-28 20:00:00,24.1658360982084,21.4527410194228,0.0,0.09964912280701754,14.0,62,10,9.8,249,15.3,16.2,14.5,0.0,0.0,0.04,16.0,54.0,0.0,0.0,4.0,262.0,0.0,101650.0
2025-01-28 21:00:00,23.986345558261,21.5299468067774,0.0,0.09973684210526315,13.0,64,23,7.9,259,14.5,16.1,14.5,0.0,0.0,0.02,14.0,61.0,0.0,0.0,2.0,264.0,0.0,101730.0
2025-01-28 22:00:00,24.1307817134935,21.5472482457235,0.0,0.09982456140350876,12.9,65,3,9.1,276,13.9,16.0,14.6,0.0,0.0,0.03,14.0,52.0,0.0,0.0,2.0,308.0,0.0,101760.0
2025-01-28 23:00:00,23.8362546624577,21.6111510080315,0.0,0.09991228070175438,11.7,73,4,7.2,282,13.2,15.8,14.6,0.0,0.0,0.01,14.0,59.0,0.0,0.0,2.0,210.0,0.0,101790.0
2025-01-29 00:00:00,24.0560219947004,21.406601264296,0.0,0.09999999999999999,11.3,76,19,4.0,263,12.5,15.6,14.6,0.0,0.0,0.0,13.0,65.0,0.0,0.0,3.0,186.0,0.0,101790.0
2025-01-29 01:00:00,23.8966571180434,21.5206968898263,0.0,0.1000877192982456,12.1,69,32,7.4,222,13.0,15.5,14.6,0.0,0.0,0.01,12.0,67.0,0.0,0.0,1.0,198.0,0.0,101790.0
2025-01-29 02:00:00,23.8475633859019,21.7899181562469,0.0,0.10017543859649122,11.9,71,28,9.4,224,12.8,15.3,14.6,0.0,0.0,0.02,12.0,70.0,0.0,0.0,1.0,252.0,0.0,101690.0
2025-01-29 03:00:00,23.9460600734722,21.4542407885983,0.0,0.10026315789473683,11.8,72,51,9.6,235,12.6,15.1,14.6,0.0,0.0,0.02,12.0,73.0,0.0,0.0,2.0,246.0,0.0,101660.0
2025-01-29 04:00:00,23.9245753925054,21.5567922308449,0.0,0.10035087719298245,11.9,74,38,10.8,229,12.5,15.0,14.6,0.0,0.0,0.02,11.0,75.0,0.0,0.0,2.0,270.0,0.0,101670.0
2025-01-29 05:00:00,24.0075111520686,21.5462386215861,0.0,0.10043859649122806,11.0,79,99,11.1,229,12.2,14.8,14.6,0.0,0.0,0.01,11.0,75.0,0.0,0.0,1.0,216.0,0.0,101610.0
2025-01-29 06:00:00,24.022408524847,21.4566995417831,0.0,0.10052631578947367,10.6,81,67,10.4,227,12.0,14.7,14.6,0.0,0.0,0.01,10.0,77.0,0.0,0.0,1.0,240.0,0.0,101640.0
2025-01-29 07:00:00,24.0951632528054,21.3925585368254,0.0,0.1006140350877193,9.7,85,99,7.4,215,11.6,14.5,14.6,0.0,0.0,0.0,11.0,75.0,0.0,0.0,1.0,198.0,0.0,101590.0
2025-01-29 08:00:00,23.8426252470948,21.262202794413,0.0,0.1007017543859649,10.4,83,63,6.1,212,11.4,14.3,14.6,0.0,0.0,0.02,9.0,79.0,946.0,0.0,1.0,264.0,0.0,101570.0
2025-01-29 09:00:00,23.7438478157227,21.490614600073,0.0,0.10078947368421051,13.6,72,69,4.9,225,12.4,14.2,14.6,0.0,0.0,0.08,10.0,79.0,8121.0,0.0,2.0,264.0,0.0,101530.0
2025-01-29 10:00:00,23.8674782920822,21.661263059934,0.0,0.10087719298245613,15.6,62,78,7.2,241,13.8,14.1,14.7,0.0,0.0,0.18,13.0,70.0,30645.0,2.0,1.0,288.0,0.0,101540.0
2025-01-29 11:00:00,23.8781191051533,21.9069056469284,0.0,0.10096491228070174,17.6,53,3,10.2,237,15.4,14.2,14.7,0.0,0.0,0.29,16.0,62.0,40646.0,2.0,3.0,296.0,0.0,101500.0
2025-01-29 12:00:00,23.726849808768,22.1987459079288,0.0,0.10105263157894737,19.4,43,31,11.4,245,16.9,14.3,14.7,0.0,0.0,0.37,17.0,51.0,48221.0,4.0,4.0,294.0,0.0,101350.0
2025-01-29 13:00:00,23.8442017824321,22.2162607951597,0.0,0.10114035087719297,20.5,39,99,11.0,275,17.9,14.5,14.7,0.0,0.0,0.4,19.0,47.0,54672.0,5.0,5.0,298.0,0.0,101170.0
2025-01-29 14:00:00,23.787154396645,22.3376788589845,0.0,0.10122807017543858,19.0,50,100,11.8,342,18.5,14.7,14.7,0.0,0.0,0.33,20.0,38.0,44723.0,3.0,4.0,270.0,0.0,101070.0
2025-01-29 15:00:00,24.0464551726405,22.6623134831373,0.0,0.1013157894736842,16.4,66,100,12.6,18,18.2,14.9,14.7,0.0,0.0,0.2,16.0,59.0,22120.0,1.0,5.0,59.0,0.0,101000.0
2025-01-29 16:00:00,23.859298967592,22.5295829734033,0.0,0.10140350877192982,15.1,71,100,9.8,31,17.6,15.1,14.7,0.0,0.0,0.13,16.0,66.0,16184.0,1.0,4.0,42.0,0.0,101010.0
2025-01-29 17:00:00,23.8399352405196,22.5692551139673,0.0,0.10149122807017544,14.2,77,100,3.9,27,16.7,15.2,14.7,0.0,0.0,0.05,15.0,73.0,6096.0,0.0,3.0,48.0,0.0,100940.0
2025-01-29 18:00:00,23.9561823497283,22.6170095157871,0.0,0.10157894736842105,13.0,84,100,2.8,34,15.6,15.2,14.7,0.0,0.0,0.02,14.0,75.0,640.0,0.0,1.0,72.0,0.0,100940.0
2025-01-29 19:00:00,24.0253764545455,22.6304577337812,0.0,0.10166666666666666,12.2,87,100,3.1,52,14.6,15.2,14.7,0.0,0.0,0.0,13.0,80.0,0.0,0.0,1.0,140.0,0.0,100860.0
2025-01-29 20:00:00,24.1650712149323,22.737545052166,0.0,0.10175438596491228,11.8,90,100,4.9,130,14.1,15.2,14.7,0.0,0.0,0.0,12.0,81.0,0.0,0.0,0.0,178.0,0.0,100760.0
2025-01-29 21:00:00,23.9763851625819,22.5622537720021,0.0,0.10184210526315789,11.5,92,100,3.5,219,13.6,15.1,14.7,0.0,0.0,0.0,11.0,85.0,0.0,0.0,0.0,198.0,0.0,100690.0
2025-01-29 22:00:00,24.1869552646486,22.752508237678,0.0,0.1019298245614035,13.8,68,100,14.1,232,13.4,15.0,14.7,0.0,0.0,0.04,11.0,87.0,0.0,0.0,0.0,114.0,0.0,100660.0
2025-01-29 23:00:00,24.1799964780743,22.6684384909503,0.0,0.10201754385964912,16.2,48,100,27.9,227,13.7,14.9,14.7,0.0,0.0,0.14,11.0,85.0,0.0,0.0,2.0,42.0,0.0,100680.0
2025-01-30 00:00:00,24.0417713535005,22.8890762070997,0.0,0.10210526315789473,14.6,62,99,28.1,224,14.0,14.8,14.7,0.4,0.4,0.09,14.0,65.0,0.0,0.0,0.0,342.0,0.0,100670.0
2025-01-30 01:00:00,24.1861764149567,22.8385785092264,0.0,0.10219298245614035,14.7,62,98,24.0,233,15.1,14.9,14.7,0.0,0.0,0.08,16.0,53.0,0.0,0.0,4.0,318.0,0.0,100630.0
2025-01-30 02:00:00,24.2758269645257,22.8326769362056,0.0,0.10228070175438596,13.3,76,96,13.3,261,14.5,14.9,14.8,0.5,0.5,0.02,14.0,70.0,0.0,0.0,2.0,328.0,0.0,100640.0
2025-01-30 03:00:00,24.3725890680568,22.5843775405567,0.0,0.10236842105263157,12.0,87,100,4.2,283,13.7,14.8,14.8,0.3,0.3,0.0,13.0,75.0,0.0,0.0,1.0,270.0,0.0,100650.0
2025-01-30 04:00:00,24.3412128240671,22.7362341281812,0.0,0.10245614035087719,12.0,91,100,6.3,223,13.2,14.7,14.8,1.0,1.0,0.0,13.0,78.0,0.0,0.0,2.0,252.0,0.0,100620.0
2025-01-30 05:00:00,24.2641170039829,22.6870106485161,0.0,0.1025438596491228,12.1,89,100,3.4,227,12.9,14.6,14.8,0.5,0.5,0.0,12.0,85.0,0.0,0.0,3.0,282.0,0.0,100670.0
2025-01-30 06:00:00,24.1981282021462,22.6290296917981,0.0,0.10263157894736841,10.9,92,62,5.2,230,12.4,14.5,14.8,6.5,6.5,0.0,11.0,90.0,0.0,0.0,2.0,234.0,0.0,100710.0
2025-01-30 07:00:00,24.5201064500112,22.7158980277121,0.0,0.10271929824561403,10.5,89,99,3.0,276,12.1,14.4,14.8,5.1,5.1,0.0,10.5,89.0,0.0,0.0,2.0,222.0,0.0,100685.0
2025-01-30 08:00:00,24.4221882243901,22.7937274051871,0.0,0.10280701754385964,10.6,88,56,10.3,224,11.9,14.2,14.8,2.4,2.4,0.03,10.0,88.0,0.0,0.0,2.0,210.0,0.0,100660.0
2025-01-30 09:00:00,24.4884551839399,22.765369728615,0.0,0.10289473684210526,11.7,82,56,11.1,233,12.1,14.1,14.8,0.1,0.1,0.07,9.0,90.0,1960.0,0.0,2.0,228.0,0.0,100730.0
2025-01-30 10:00:00,24.4592373654312,22.5505243210992,0.0,0.10298245614035087,11.3,76,84,19.6,252,12.5,14.0,14.8,1.6,1.6,0.13,11.0,84.0,5467.0,0.0,4.0,210.0,0.0,100840.0
2025-01-30 11:00:00,24.3450369185157,22.6461417089139,0.0,0.10307017543859648,13.2,64,21,19.9,253,13.1,13.9,14.8,0.0,0.0,0.19,13.0,71.0,30068.0,1.0,4.0,240.0,0.0,100900.0
2025-01-30 12:00:00,24.3984976177297,22.6591730868843,0.0,0.1031578947368421,13.8,62,25,22.7,264,14.0,13.9,14.8,0.1,0.1,0.24,14.0,60.0,56258.0,3.0,7.0,267.0,0.0,100920.0
2025-01-30 13:00:00,24.4682216183564,22.7007471488018,0.0,0.10324561403508771,14.2,54,55,21.5,263,13.9,13.8,14.8,1.2,1.2,0.23,12.0,80.0,31088.0,2.0,3.0,264.0,0.0,100880.0
2025-01-30 14:00:00,24.5229069768989,22.5533027555066,0.0,0.10333333333333333,14.4,52,54,22.7,283,14.4,13.8,14.8,0.0,0.0,0.24,13.0,73.0,37020.0,2.0,4.0,264.0,0.0,100830.0
2025-01-30 15:00:00,24.7475169378348,22.6770231741369,0.0,0.10342105263157894,13.7,58,56,22.3,293,14.6,13.9,14.8,0.2,0.2,0.2,12.0,75.0,16529.0,0.0,7.0,276.0,0.0,100820.0
2025-01-30 16:00:00,24.449293654385,22.6280400022868,0.0,0.10350877192982455,13.5,64,32,17.7,289,14.1,13.9,14.8,0.2,0.2,0.14,14.0,67.0,12127.0,1.0,8.0,342.0,0.0,100820.0
2025-01-30 17:00:00,24.6266491919102,22.6363416150504,0.0,0.10359649122807017,13.0,63,29,12.6,284,13.7,13.9,14.8,0.1,0.1,0.09,13.0,71.0,8418.0,0.0,7.0,340.0,0.0,100860.0
2025-01-30 18:00:00,24.5213709979353,22.6252019325415,0.0,0.10368421052631578,11.8,67,48,8.6,280,12.8,13.9,14.8,0.2,0.2,0.04,13.0,68.0,5770.0,0.0,5.0,285.0,0.0,100900.0
2025-01-30 19:00:00,24.7587337274015,22.5855476394657,0.0,0.10377192982456139,10.6,79,43,7.2,247,12.0,13.8,14.8,1.0,1.0,0.0,12.0,69.0,462.0,0.0,2.0,300.0,0.0,101000.0
2025-01-30 20:00:00,24.5735241428771,22.6688062915347,0.0,0.10385964912280701,9.9,86,25,9.1,208,11.3,13.7,14.8,1.0,1.0,0.0,12.0,69.0,0.0,0.0,3.0,270.0,0.0,101060.0
2025-01-30 21:00:00,24.4956473595512,22.7245467711778,0.0,0.10394736842105262,9.4,90,40,11.6,194,10.8,13.5,14.8,0.0,0.0,0.0,11.0,72.0,0.0,0.0,3.0,234.0,0.0,101160.0
2025-01-30 22:00:00,24.4245286922536,22.475592230397,0.0,0.10403508771929824,9.4,84,22,12.3,216,10.5,13.3,14.8,0.0,0.0,0.01,11.0,70.0,0.0,0.0,2.0,240.0,0.0,101200.0
2025-01-30 23:00:00,24.5121968232734,22.5669957081443,0.0,0.10412280701754385,9.6,80,71,14.1,208,10.2,13.1,14.8,0.0,0.0,0.02,11.0,73.0,0.0,0.0,3.0,216.0,0.0,101240.0
2025-01-31 00:00:00,24.5707895808037,22.5798053456965,0.0,0.10421052631578946,9.3,78,83,7.2,211,10.1,13.0,14.7,0.0,0.0,0.0,11.0,72.0,0.0,0.0,2.0,222.0,0.0,101240.0
2025-01-31 01:00:00,24.4887191029873,22.5468875793965,0.0,0.10429824561403508,9.3,89,93,4.5,189,11.5,13.3,14.8,3.0,3.0,0.0,11.0,72.0,0.0,0.0,2.0,228.0,0.0,101260.0
2025-01-31 02:00:00,24.3962314159412,22.7116831471305,0.0,0.1043859649122807,8.6,96,97,7.7,144,10.9,13.2,14.8,1.2,1.2,0.0,11.0,69.0,0.0,0.0,2.0,234.0,0.0,101250.0
2025-01-31 03:00:00,24.7994577359808,22.8369033323964,0.0,0.1044736842105263,8.4,88,11,13.9,200,10.3,13.0,14.8,0.1,0.1,0.0,11.0,69.0,0.0,0.0,2.0,228.0,0.0,101240.0
2025-01-31 04:00:00,24.6095768429927,22.617283980063,0.0,0.10456140350877192,8.1,87,4,9.8,221,9.8,12.8,14.7,0.0,0.0,0.0,11.0,71.0,0.0,0.0,1.0,240.0,0.0,101210.0
2025-01-31 05:00:00,24.5813727708756,22.5565014358631,0.0,0.10464912280701753,7.8,82,22,12.2,220,9.3,12.6,14.7,0.0,0.0,0.01,10.0,72.0,0.0,0.0,1.0,198.0,0.0,101210.0
2025-01-31 06:00:00,24.3333560974634,22.6757552808394,0.0,0.10473684210526316,7.6,81,58,12.4,215,9.0,12.4,14.7,0.0,0.0,0.01,11.0,68.0,0.0,0.0,2.0,252.0,0.0,101210.0
2025-01-31 07:00:00,24.6061363405403,22.5439537350079,0.0,0.10482456140350876,7.8,79,93,9.4,209,8.8,12.2,14.7,0.1,0.1,0.01,11.0,66.0,0.0,0.0,2.0,222.0,0.0,101230.0
2025-01-31 08:00:00,24.4083669007008,22.5567258953674,0.0,0.10491228070175437,7.7,91,100,10.6,101,8.9,12.0,14.7,4.8,4.8,0.02,11.0,64.0,0.0,0.0,3.0,252.0,0.0,101210.0
2025-01-31 09:00:00,24.4702343605549,22.4882354989322,0.0,0.105,9.1,90,94,11.7,203,9.4,11.9,14.7,5.1,5.1,0.04,10.0,72.0,856.0,0.0,2.0,329.0,0.0,101310.0
2025-01-31 10:00:00,24.2435561177344,22.4535195399378,0.0,0.1050877192982456,10.9,79,21,14.1,223,10.3,11.8,14.7,0.1,0.1,0.1,8.0,86.0,660.0,0.0,4.0,116.0,7.0,101460.0
2025-01-31 11:00:00,24.2911350972579,22.6193625963745,0.0,0.10517543859649121,11.9,72,63,12.3,239,11.2,11.8,14.7,0.0,0.0,0.15,8.0,91.0,3972.0,0.0,3.0,216.0,38.0,101490.0
2025-01-31 12:00:00,25.5796606126775,23.2972204366678,0.0,0.10526315789473684,13.1,63,63,11.8,260,12.4,11.8,14.7,0.0,0.0,0.22,9.0,89.0,9928.0,1.0,4.0,258.0,5.0,101520.0
2025-01-31 13:00:00,26.3515922270604,23.7502075793665,0.0,0.10535087719298245,14.7,57,6,6.0,300,13.5,12.0,14.6,0.0,0.0,0.32,10.0,82.0,22831.0,2.0,0.0,114.0,1.0,101500.0
2025-01-31 14:00:00,26.6008553051836,24.1599693627346,0.0,0.10543859649122807,15.0,55,5,6.8,340,14.7,12.2,14.6,0.0,0.0,0.3,12.0,76.0,52372.0,5.0,4.0,239.0,0.0,101400.0
2025-01-31 15:00:00,26.7093978774641,24.1399036565812,0.0,0.10552631578947368,14.7,56,10,10.0,349,15.1,12.5,14.6,0.0,0.0,0.24,12.0,75.0,29592.0,2.0,2.0,228.0,0.0,101390.0
2025-01-31 16:00:00,26.7333124443675,24.1401212915573,0.0,0.10561403508771929,13.7,62,25,11.3,357,14.7,12.7,14.6,0.0,0.0,0.15,13.0,70.0,20409.0,2.0,3.0,264.0,0.0,101380.0
2025-01-31 17:00:00,26.8282210927008,24.3997855522552,0.0,0.10570175438596491,12.4,71,29,5.8,24,14.0,12.9,14.6,0.0,0.0,0.07,13.0,72.0,15036.0,1.0,0.0,282.0,0.0,101410.0
2025-01-31 18:00:00,26.8908107121175,24.147531837661,0.0,0.10578947368421052,10.2,79,28,2.5,34,12.7,12.9,14.6,0.1,0.1,0.01,13.0,71.0,5997.0,0.0,0.0,228.0,0.0,101420.0
2025-01-31 19:00:00,26.9183897545906,24.1616383411579,0.0,0.10587719298245614,9.2,84,43,2.5,225,11.6,12.9,14.6,0.0,0.0,0.0,12.0,77.0,176.0,0.0,0.0,204.0,0.0,101450.0
2025-01-31 20:00:00,27.035917716087,24.1500883133926,0.0,0.10596491228070175,8.7,83,70,3.1,280,10.9,12.8,14.6,0.2,0.2,0.0,11.0,79.0,0.0,0.0,0.0,258.0,0.0,101510.0
2025-01-31 21:00:00,26.9725062594165,24.3229849667108,0.0,0.10605263157894736,9.0,88,59,6.2,235,10.6,12.7,14.6,0.1,0.1,0.0,10.0,88.0,0.0,0.0,1.0,188.0,0.0,101520.0
2025-01-31 22:00:00,26.8046174689201,24.3542315084489,0.0,0.10614035087719298,8.9,92,63,8.5,205,10.4,12.6,14.6,0.1,0.1,0.0,11.0,86.0,0.0,0.0,0.0,240.0,0.0,101560.0
2025-01-31 23:00:00,26.9575751848648,24.6062303069351,0.0,0.10622807017543859,8.5,92,96,6.5,207,10.1,12.4,14.6,0.2,0.2,0.0,10.0,89.0,0.0,0.0,0.0,173.0,3.0,101590.0
2025-02-01 00:00:00,26.9314022962475,24.7785453500247,0.0,0.1063157894736842,8.8,92,28,7.9,218,9.9,12.3,14.6,0.2,0.2,0.0,10.0,90.0,0.0,0.0,0.0,240.0,1.0,101610.0
2025-02-01 01:00:00,27.166149154531,24.6806103902132,0.0,0.10640350877192982,9.5,93,43,8.2,225,10.9,12.4,14.6,0.0,0.0,0.0,10.0,92.0,0.0,0.0,2.0,240.0,0.0,101590.0
2025-02-01 02:00:00,27.0403094931762,24.8781861340255,0.0,0.10649122807017543,9.0,92,42,8.4,231,10.3,12.4,14.6,0.0,0.0,0.0,10.0,93.0,0.0,0.0,1.0,252.0,0.0,101550.0
2025-02-01 03:00:00,27.3616163386273,24.6802999394578,0.0,0.10657894736842105,8.9,97,98,7.0,226,10.1,12.2,14.6,0.3,0.3,0.0,10.0,94.0,0.0,0.0,1.0,228.0,0.0,101530.0
2025-02-01 04:00:00,27.6137949667971,25.1922384995843,0.0,0.10666666666666666,9.2,93,97,8.9,218,10.0,12.1,14.5,0.1,0.1,0.0,10.0,95.0,0.0,0.0,0.0,228.0,1.0,101500.0
2025-02-01 05:00:00,27.5838804707832,25.1138684033273,0.0,0.10675438596491227,8.9,92,45,7.8,223,9.7,12.0,14.5,0.0,0.0,0.0,10.0,93.0,0.0,0.0,1.0,216.0,5.0,101450.0
2025-02-01 06:00:00,27.6775016697068,25.1891581066816,0.0,0.10684210526315789,8.5,92,39,8.7,217,9.4,11.9,14.5,0.1,0.1,0.0,10.0,93.0,0.0,0.0,1.0,210.0,1.0,101430.0
2025-02-01 07:00:00,27.7371313333127,25.3961284720048,0.0,0.1069298245614035,8.4,91,9,7.9,221,9.2,11.8,14.5,0.0,0.0,0.0,10.0,92.0,0.0,0.0,1.0,228.0,0.0,101420.0
2025-02-01 08:00:00,27.9569331944339,25.2501820582965,0.0,0.10701754385964911,9.2,89,12,10.0,224,9.2,11.6,14.5,0.0,0.0,0.02,9.0,94.0,0.0,0.0,0.0,258.0,0.0,101410.0
2025-02-01 09:00:00,27.689837755371,25.4360369046119,0.0,0.10710526315789473,11.5,86,11,11.1,224,10.2,11.6,14.5,0.0,0.0,0.07,9.0,94.0,2703.0,0.0,2.0,264.0,0.0,101420.0
2025-02-01 10:00:00,27.7918903263675,25.4714090605964,0.0,0.10719298245614034,13.6,69,2,11.2,230,11.5,11.6,14.5,0.0,0.0,0.18,9.0,89.0,10816.0,1.0,2.0,252.0,0.0,101400.0
2025-02-01 11:00:00,27.6559758292226,25.1905768062757,0.0,0.10728070175438596,15.2,55,0,11.9,238,13.0,11.7,14.5,0.0,0.0,0.27,12.0,83.0,35376.0,2.0,2.0,240.0,0.0,101400.0
2025-02-01 12:00:00,27.841691415498,25.2956113027777,0.0,0.10736842105263157,16.1,48,0,12.3,245,14.3,11.9,14.5,0.0,0.0,0.33,14.0,74.0,53692.0,3.0,3.0,289.0,0.0,101370.0
2025-02-01 13:00:00,27.6768053028601,25.2631255981196,0.0,0.10745614035087718,16.9,45,0,11.4,246,15.5,12.0,14.4,0.0,0.0,0.36,15.0,64.0,60201.0,3.0,4.0,270.0,0.0,101250.0
2025-02-01 14:00:00,27.6926386917699,25.4189377866746,0.0,0.1075438596491228,17.4,42,43,13.6,264,16.1,12.4,14.4,0.0,0.0,0.35,16.0,54.0,60920.0,5.0,3.0,328.0,0.0,101090.0
2025-02-01 15:00:00,27.5153481723652,25.0895134997697,0.0,0.10763157894736841,16.9,43,3,12.9,295,16.2,12.7,14.4,0.0,0.0,0.29,17.0,46.0,52723.0,6.0,5.0,287.0,0.0,100960.0
2025-02-01 16:00:00,27.5796091147216,25.2492342248507,0.0,0.10771929824561402,15.6,50,0,12.1,327,15.8,12.9,14.4,0.0,0.0,0.2,17.0,45.0,36103.0,2.0,3.0,296.0,0.0,100900.0
2025-02-01 17:00:00,27.604916831465,24.9885448135507,0.0,0.10780701754385964,13.6,68,0,4.3,324,14.9,13.1,14.4,0.0,0.0,0.07,16.0,49.0,15515.0,1.0,5.0,327.0,0.0,100870.0
2025-02-01 18:00:00,27.4665864269183,24.925309968901,0.0,0.10789473684210525,11.6,66,0,1.9,241,13.3,13.2,14.4,0.0,0.0,0.01,15.0,58.0,4051.0,0.0,3.0,342.0,0.0,100870.0
2025-02-01 19:00:00,27.4222026997554,25.0158220958027,0.0,0.10798245614035087,10.4,70,1,6.4,213,12.2,13.2,14.4,0.0,0.0,0.01,12.0,71.0,0.0,0.0,0.0,343.0,0.0,100860.0
2025-02-01 20:00:00,27.196002269316,24.9114413660179,0.0,0.10807017543859648,9.9,73,6,8.8,226,11.6,13.1,14.4,0.0,0.0,0.01,11.0,75.0,0.0,0.0,1.0,188.0,0.0,100910.0
2025-02-01 21:00:00,27.0994059451622,24.9141579541304,0.0,0.10815789473684209,10.1,77,36,10.3,224,11.2,13.0,14.4,0.0,0.0,0.01,11.0,74.0,0.0,0.0,1.0,204.0,0.0,100900.0
2025-02-01 22:00:00,27.2607603608129,24.7854310921408,0.0,0.10824561403508771,10.4,78,30,8.5,242,11.0,12.9,14.4,0.0,0.0,0.01,11.0,75.0,0.0,0.0,2.0,216.0,0.0,100950.0
2025-02-01 23:00:00,27.1827600942817,24.8065588969067,0.0,0.10833333333333332,10.3,78,10,9.2,237,10.8,12.8,14.4,0.0,0.0,0.01,11.0,74.0,0.0,0.0,0.0,234.0,0.0,100970.0
2025-02-02 00:00:00,27.0112105243509,24.8233394112571,0.0,0.10842105263157895,9.6,78,15,8.6,225,10.6,12.7,14.4,0.0,0.0,0.01,11.0,78.0,0.0,0.0,0.0,234.0,0.0,100940.0
2025-02-02 01:00:00,27.1057775660332,24.7008855535247,0.0,0.10850877192982455,10.2,76,31,9.7,230,11.4,12.7,14.4,0.3,0.3,0.01,11.0,83.0,0.0,0.0,2.0,228.0,0.0,100920.0
2025-02-02 02:00:00,27.156099899999,24.6502504034867,0.0,0.10859649122807016,9.7,79,49,9.6,234,10.8,12.6,14.4,0.5,0.5,0.01,10.0,88.0,0.0,0.0,1.0,228.0,13.0,100880.0
2025-02-02 03:00:00,27.2375036253957,24.9429645446376,0.0,0.10868421052631579,9.5,80,62,6.0,222,10.3,12.5,14.4,0.4,0.4,0.0,10.0,82.0,0.0,0.0,0.0,258.0,0.0,100810.0
2025-02-02 04:00:00,27.5404912304493,24.9411775781875,0.0,0.1087719298245614,8.9,82,77,5.8,228,9.9,12.4,14.4,0.0,0.0,0.0,10.0,83.0,0.0,0.0,4.0,258.0,6.0,100760.0
2025-02-02 05:00:00,27.9361546439888,25.2168873260108,0.0,0.108859649122807,9.7,79,48,10.2,231,9.8,12.2,14.4,0.0,0.0,0.01,9.0,89.0,0.0,0.0,1.0,246.0,4.0,100780.0
2025-02-02 06:00:00,28.2729079283648,25.5898151735112,0.0,0.10894736842105263,9.2,82,72,8.3,233,9.5,12.1,14.4,0.0,0.0,0.0,10.0,87.0,0.0,0.0,2.0,192.0,11.0,100780.0
2025-02-02 07:00:00,28.3695037695736,25.9341607975327,0.0,0.10903508771929823,9.1,82,66,6.8,236,9.4,12.0,14.4,0.1,0.1,0.0,9.0,84.0,0.0,0.0,0.0,252.0,0.0,100790.0
2025-02-02 08:00:00,28.2322390886728,25.8560090733443,0.0,0.10912280701754386,10.0,84,67,9.2,232,9.6,11.8,14.3,0.1,0.1,0.02,9.0,86.0,172.0,0.0,1.0,228.0,0.0,100840.0
2025-02-02 09:00:00,28.3856790773333,25.8823009766363,0.0,0.10921052631578947,11.3,84,52,8.4,222,10.4,11.8,14.3,0.0,0.0,0.06,10.0,87.0,5864.0,0.0,1.0,240.0,0.0,100890.0
2025-02-02 10:00:00,28.53754235083,25.9493040930012,0.0,0.10929824561403507,13.0,70,47,11.2,232,11.4,11.8,14.3,0.0,0.0,0.14,12.0,79.0,21115.0,1.0,2.0,204.0,0.0,100930.0
2025-02-02 11:00:00,28.381158074066,25.8612089519624,0.0,0.1093859649122807,14.1,66,38,10.3,240,12.5,11.8,14.3,0.0,0.0,0.2,14.0,75.0,41918.0,2.0,3.0,238.0,0.0,100940.0
2025-02-02 12:00:00,28.3144936816898,25.8474087017252,0.0,0.1094736842105263,15.0,64,17,8.4,252,13.8,12.0,14.3,0.0,0.0,0.25,14.0,76.0,21452.0,2.0,3.0,258.0,0.0,100940.0
2025-02-02 13:00:00,28.2114100638783,25.8381831213767,0.0,0.10956140350877192,16.1,61,42,10.4,270,15.2,12.3,14.3,0.1,0.1,0.28,15.0,72.0,68043.0,3.0,3.0,299.0,0.0,100900.0
2025-02-02 14:00:00,28.2174791446708,26.0083644090983,0.0,0.10964912280701754,16.5,55,39,11.9,285,15.7,12.6,14.3,0.0,0.0,0.27,17.0,66.0,33924.0,3.0,3.0,252.0,0.0,100780.0
2025-02-02 15:00:00,28.3099098160322,25.7097755833753,0.0,0.10973684210526315,16.5,56,25,12.0,304,15.8,12.8,14.3,0.0,0.0,0.24,16.0,66.0,52816.0,5.0,3.0,349.0,0.0,100720.0
2025-02-02 16:00:00,28.0395416829743,25.4959405982285,0.0,0.10982456140350877,16.0,60,9,7.8,306,15.7,13.1,14.3,0.0,0.0,0.17,17.0,62.0,32429.0,2.0,5.0,359.0,0.0,100770.0
2025-02-02 17:00:00,28.0040336345673,25.5966550030791,0.0,0.10991228070175438,14.9,69,4,0.8,293,15.1,13.3,14.3,0.0,0.0,0.06,16.0,68.0,13080.0,1.0,4.0,20.0,0.0,100810.0
2025-02-02 18:00:00,27.8488530109631,25.5192270455731,0.0,0.10999999999999999,12.3,73,11,1.1,243,13.5,13.3,14.3,0.0,0.0,0.01,15.0,70.0,3036.0,0.0,1.0,348.0,0.0,100810.0
2025-02-02 19:00:00,27.87291937241995,25.3451793033356,0.0,0.11008771929824561,10.7,76,0,4.5,221,12.3,13.3,14.3,0.0,0.0,0.0,12.0,84.0,0.0,0.0,0.0,318.0,0.0,100860.0
2025-02-02 20:00:00,27.8969857338768,25.5439988618617,0.0,0.11017543859649122,9.8,78,4,5.6,202,11.6,13.2,14.3,0.0,0.0,0.0,11.0,86.0,0.0,0.0,1.0,174.0,0.0,100920.0
2025-02-02 21:00:00,27.8595176162325,25.2921237760861,0.0,0.11026315789473684,8.6,83,13,4.3,200,10.9,13.1,14.3,0.0,0.0,0.0,11.0,86.0,0.0,0.0,1.0,167.0,0.0,100960.0
2025-02-02 22:00:00,27.727325510439,25.3104850000524,0.0,0.11035087719298245,8.5,81,14,5.4,203,10.5,13.0,14.3,0.0,0.0,0.0,9.0,89.0,0.0,0.0,0.0,178.0,0.0,100990.0
2025-02-02 23:00:00,27.7807503261452,25.2291571271832,0.0,0.11043859649122806,8.9,78,46,8.9,228,10.2,12.8,14.3,0.0,0.0,0.01,10.0,82.0,0.0,0.0,1.0,192.0,0.0,100980.0
2025-02-03 00:00:00,27.6581831883155,25.397180514253,0.0,0.11052631578947368,9.9,83,42,12.1,228,10.3,12.7,14.3,0.0,0.0,0.01,10.0,83.0,0.0,0.0,1.0,188.0,0.0,100950.0
2025-02-03 01:00:00,27.5803046615772,25.3490100249178,0.0,0.11061403508771929,10.3,87,81,4.8,259,11.8,12.8,14.3,0.1,0.1,0.0,11.0,83.0,0.0,0.0,1.0,217.0,0.0,100920.0
2025-02-03 02:00:00,27.8615584999443,25.4850781303752,0.0,0.1107017543859649,10.0,89,100,2.4,256,11.4,12.8,14.3,0.3,0.3,0.0,10.0,93.0,0.0,0.0,1.0,177.0,6.0,100850.0
2025-02-03 03:00:00,27.9657630596061,25.5992106087414,0.0,0.11078947368421052,10.0,87,100,0.5,335,10.8,12.7,14.3,0.0,0.0,0.0,10.0,94.0,0.0,0.0,0.0,186.0,3.0,100830.0
2025-02-03 04:00:00,28.0931233856352,25.6892785755118,0.0,0.11087719298245613,9.6,90,100,1.0,58,10.5,12.6,14.3,0.6,0.6,0.0,10.0,94.0,0.0,0.0,1.0,308.0,0.0,100810.0
2025-02-03 05:00:00,28.0599443767494,25.6267031776068,0.0,0.11096491228070175,9.4,92,97,2.9,182,10.3,12.5,14.3,0.0,0.0,0.0,10.0,94.0,0.0,0.0,0.0,217.0,0.0,100800.0
2025-02-03 06:00:00,28.1042291428315,25.7012026486706,0.0,0.11105263157894736,9.0,95,94,3.3,162,10.2,12.3,14.3,0.0,0.0,0.0,10.0,93.0,0.0,0.0,0.0,108.0,0.0,100730.0
2025-02-03 07:00:00,28.0084526998322,25.9024772618136,0.0,0.11114035087719297,8.8,97,100,3.1,185,10.0,12.2,14.2,0.0,0.0,0.0,11.0,90.0,0.0,0.0,1.0,180.0,0.0,100700.0
2025-02-03 08:00:00,28.017911219905,25.6666785972158,0.0,0.11122807017543859,9.8,95,100,0.2,28,10.2,12.1,14.2,0.4,0.4,0.01,11.0,89.0,314.0,0.0,0.0,228.0,0.0,100700.0
2025-02-03 09:00:00,28.0690223337688,25.8924502407635,0.0,0.1113157894736842,10.4,96,100,0.5,22,10.5,12.0,14.2,0.9,0.9,0.03,11.0,92.0,2212.0,0.0,0.0,156.0,0.0,100670.0
2025-02-03 10:00:00,28.2538544459333,25.7068071086943,0.0,0.11140350877192981,11.4,93,100,3.4,105,11.1,12.0,14.2,1.6,1.6,0.05,12.0,90.0,11105.0,0.0,0.0,330.0,0.0,100730.0
2025-02-03 11:00:00,28.0420979525166,25.7340509327151,0.0,0.11149122807017543,12.1,92,100,1.5,113,11.6,12.0,14.2,1.5,1.5,0.06,13.0,83.0,16928.0,1.0,0.0,6.0,0.0,100770.0
2025-02-03 12:00:00,28.0138632857573,26.0022444755632,0.0,0.11157894736842104,13.4,90,95,6.1,353,12.4,12.0,14.2,0.1,0.1,0.1,13.0,87.0,14970.0,1.0,2.0,88.0,3.0,100770.0
2025-02-03 13:00:00,28.340355554018,25.9666936909173,0.0,0.11166666666666666,15.3,77,61,5.9,23,13.5,12.2,14.2,0.0,0.0,0.12,13.0,85.0,14974.0,1.0,3.0,60.0,3.0,100690.0
2025-02-03 14:00:00,28.4110746828686,25.9346500472981,0.0,0.11175438596491227,15.9,69,83,5.4,39,14.5,12.4,14.2,1.5,1.5,0.22,14.0,81.0,35418.0,2.0,2.0,36.0,0.0,100610.0
2025-02-03 15:00:00,28.4546763371246,25.9615543920338,0.0,0.11184210526315788,15.7,69,94,7.6,334,15.0,12.6,14.2,0.7,0.7,0.22,15.0,76.0,38525.0,2.0,2.0,328.0,0.0,100550.0
2025-02-03 16:00:00,28.2879482665884,26.0001918750931,0.0,0.1119298245614035,13.0,85,88,7.7,17,14.2,12.8,14.2,2.1,2.1,0.09,15.0,73.0,39923.0,2.0,2.0,300.0,0.0,100530.0
2025-02-03 17:00:00,28.3850298675561,25.7515067584254,0.0,0.11201754385964911,12.5,89,100,1.9,81,13.5,12.9,14.2,0.1,0.1,0.04,12.0,87.0,640.0,0.0,3.0,302.0,0.0,100680.0
2025-02-03 18:00:00,28.8599555909958,26.5753626705321,0.0,0.11210526315789472,11.2,95,99,2.7,39,12.6,12.9,14.2,0.9,0.9,0.01,11.0,91.0,1156.0,0.0,2.0,139.0,11.0,100730.0
2025-02-03 19:00:00,29.1568176823045,26.6167087873035,0.0,0.11219298245614034,11.2,95,100,1.4,97,12.2,12.9,14.2,0.0,0.0,0.0,11.0,92.0,0.0,0.0,0.0,228.0,0.0,100810.0
2025-02-03 20:00:00,29.4365017953863,26.6549042116316,0.0,0.11228070175438595,10.7,98,99,6.3,261,11.9,12.9,14.2,1.8,1.8,0.0,11.0,92.0,0.0,0.0,0.0,246.0,0.0,100900.0
2025-02-03 21:00:00,29.1020683587935,26.7796308312241,0.0,0.11236842105263158,10.5,98,93,6.1,286,11.6,12.8,14.2,1.3,1.3,0.0,11.0,91.0,0.0,0.0,2.0,234.0,0.0,100970.0
2025-02-03 22:00:00,29.2468495950584,26.8269738962092,0.0,0.11245614035087718,10.3,97,78,8.3,237,11.3,12.7,14.2,0.1,0.1,0.0,10.0,89.0,0.0,0.0,0.0,270.0,0.0,101010.0
2025-02-03 23:00:00,29.1354244163862,26.7600951024208,0.0,0.1125438596491228,10.1,94,99,10.6,219,11.0,12.6,14.2,0.0,0.0,0.0,9.0,89.0,0.0,0.0,2.0,264.0,0.0,101070.0
2025-02-04 00:00:00,29.1126700554539,26.488528402303,0.0,0.11263157894736842,9.9,93,100,11.2,234,10.8,12.5,14.2,0.0,0.0,0.0,9.0,91.0,0.0,0.0,0.0,168.0,0.0,101100.0
2025-02-04 01:00:00,28.9826770927922,26.8642203313791,0.0,0.11271929824561402,9.0,90,23,5.0,228,11.0,12.5,14.2,0.0,0.0,0.0,8.0,92.0,0.0,0.0,0.0,318.0,0.0,101110.0
2025-02-04 02:00:00,29.0667329744388,26.3988534182443,0.0,0.11280701754385965,9.1,90,35,11.4,231,10.3,12.4,14.2,0.0,0.0,0.0,7.0,91.0,0.0,0.0,0.0,186.0,0.0,101100.0
2025-02-04 03:00:00,29.087062999108,26.5956582409792,0.0,0.11289473684210526,8.5,92,38,10.0,223,9.8,12.3,14.1,0.0,0.0,0.0,8.0,91.0,0.0,0.0,0.0,204.0,0.0,101140.0
2025-02-04 04:00:00,28.8968878100914,26.3153211184634,0.0,0.11298245614035086,7.9,92,67,7.3,224,9.5,12.1,14.1,0.0,0.0,0.0,7.0,91.0,0.0,0.0,1.0,180.0,0.0,101130.0
2025-02-04 05:00:00,29.0227541765235,26.4743256618027,0.0,0.11307017543859649,7.7,92,68,6.5,229,9.2,11.9,14.1,0.0,0.0,0.0,7.0,89.0,0.0,0.0,0.0,192.0,0.0,101180.0
2025-02-04 06:00:00,28.8378930908703,26.2669791823984,0.0,0.1131578947368421,7.2,93,81,5.1,220,8.9,11.8,14.1,0.0,0.0,0.0,8.0,89.0,0.0,0.0,0.0,186.0,0.0,101220.0
2025-02-04 07:00:00,28.5975596251654,26.3919298314967,0.0,0.1132456140350877,7.1,95,87,5.2,216,8.8,11.6,14.1,0.0,0.0,0.0,8.0,88.0,0.0,0.0,1.0,186.0,0.0,101260.0
2025-02-04 08:00:00,28.9866546971024,26.4608021766922,0.0,0.11333333333333333,8.3,91,23,9.4,225,8.9,11.4,14.1,0.0,0.0,0.02,8.0,89.0,1936.0,0.0,0.0,198.0,0.0,101300.0
2025-02-04 09:00:00,28.6376745063219,26.2373028350599,0.0,0.11342105263157894,11.0,83,12,8.0,232,9.9,11.4,14.1,0.0,0.0,0.08,9.0,88.0,12364.0,1.0,1.0,240.0,0.0,101400.0
2025-02-04 10:00:00,28.6162506432141,26.3903946743875,0.0,0.11350877192982456,13.0,71,11,9.4,253,11.4,11.4,14.1,0.0,0.0,0.18,11.0,80.0,29656.0,1.0,2.0,239.0,0.0,101430.0
2025-02-04 11:00:00,28.5312827391316,26.1802618555136,0.0,0.11359649122807017,14.3,63,37,11.7,265,12.8,11.5,14.1,0.0,0.0,0.25,13.0,75.0,48140.0,3.0,2.0,264.0,0.0,101480.0
2025-02-04 12:00:00,28.6059402665979,26.1929292202045,0.0,0.11368421052631578,14.9,61,73,9.9,270,14.0,11.7,14.1,0.0,0.0,0.29,15.0,63.0,60234.0,3.0,0.0,212.0,0.0,101470.0
2025-02-04 13:00:00,28.4266411009665,26.0386582306533,0.0,0.1137719298245614,15.9,54,55,4.7,273,15.1,12.1,14.1,0.0,0.0,0.3,15.0,59.0,54316.0,5.0,2.0,337.0,0.0,101430.0
2025-02-04 14:00:00,28.2921494564586,25.9883032062328,0.0,0.11385964912280701,15.9,53,51,4.1,312,15.5,12.3,14.1,0.0,0.0,0.22,16.0,57.0,74652.0,5.0,4.0,343.0,0.0,101380.0
2025-02-04 15:00:00,28.3197282213404,26.0235880176888,0.0,0.11394736842105262,15.5,56,90,6.3,360,15.5,12.6,14.0,0.0,0.0,0.19,15.0,61.0,32224.0,2.0,4.0,5.0,0.0,101380.0
2025-02-04 16:00:00,28.2217680089484,25.956008619695,0.0,0.11403508771929824,14.7,65,18,9.2,26,15.3,12.8,14.0,0.0,0.0,0.15,14.0,68.0,14515.0,1.0,3.0,8.0,0.0,101420.0
2025-02-04 17:00:00,28.1393380591759,25.9065180821755,0.0,0.11412280701754385,13.3,73,15,9.0,45,14.6,13.0,14.0,0.0,0.0,0.08,14.0,69.0,10580.0,0.0,2.0,18.0,0.0,101480.0
2025-02-04 18:00:00,27.9260706809824,25.6142388292104,0.0,0.11421052631578947,10.6,85,12,4.8,56,13.4,13.1,14.0,0.0,0.0,0.01,13.0,79.0,1478.0,0.0,1.0,42.0,0.0,101550.0
2025-02-04 19:00:00,28.2567807214662,25.6351159066871,0.0,0.11429824561403508,10.2,84,13,2.4,62,12.2,13.1,14.0,0.0,0.0,0.0,12.0,85.0,0.0,0.0,0.0,132.0,0.0,101640.0
2025-02-04 20:00:00,27.7455486272506,25.4783608911044,0.0,0.11438596491228069,9.3,87,14,3.1,108,11.3,13.0,14.0,0.0,0.0,0.0,12.0,83.0,0.0,0.0,0.0,155.0,0.0,101710.0
2025-02-04 21:00:00,27.9124448136974,25.7623317041252,0.0,0.11447368421052631,8.3,91,7,2.8,151,10.7,12.9,14.0,0.0,0.0,0.0,11.0,87.0,0.0,0.0,0.0,90.0,0.0,101750.0
2025-02-04 22:00:00,27.80678359851,25.5466261607231,0.0,0.11456140350877192,7.6,92,3,4.0,275,10.2,12.7,14.0,0.0,0.0,0.0,9.0,91.0,0.0,0.0,0.0,124.0,0.0,101800.0
2025-02-04 23:00:00,27.9264635536844,25.3867747385856,0.0,0.11464912280701754,7.2,92,1,3.9,279,9.8,12.6,14.0,0.0,0.0,0.0,8.0,93.0,0.0,0.0,0.0,180.0,0.0,101820.0
2025-02-05 00:00:00,27.7169803599229,25.5207057675481,0.0,0.11473684210526315,7.0,91,2,4.2,239,9.4,12.4,14.0,0.0,0.0,0.0,7.0,93.0,0.0,0.0,0.0,174.0,0.0,101860.0
2025-02-05 01:00:00,27.8107981186113,25.6759650791439,0.0,0.11482456140350876,7.6,91,5,4.5,236,10.1,12.4,14.0,0.0,0.0,0.0,9.0,90.0,0.0,0.0,0.0,198.0,0.0,101860.0
2025-02-05 02:00:00,27.6967776680264,25.4515785879905,0.0,0.11491228070175438,7.2,91,14,4.8,224,9.7,12.2,14.0,0.0,0.0,0.0,7.0,93.0,0.0,0.0,0.0,180.0,0.0,101870.0
2025-02-05 03:00:00,27.9040562296792,25.2406329519992,0.0,0.11499999999999999,6.8,94,16,5.6,218,9.4,12.1,14.0,0.0,0.0,0.0,7.0,92.5,0.0,0.0,0.0,192.0,0.0,101860.0
2025-02-05 04:00:00,27.7000228594507,25.4538698772642,0.0,0.1150877192982456,6.2,96,18,6.1,216,9.2,11.9,14.0,0.0,0.0,0.0,7.0,92.0,0.0,0.0,0.0,204.0,0.0,101850.0
2025-02-05 05:00:00,27.7822578125511,25.2770687227589,0.0,0.11517543859649122,5.7,99,9,6.4,219,9.0,11.8,14.0,0.0,0.0,0.0,5.0,93.0,0.0,0.0,0.0,176.0,0.0,101840.0
2025-02-05 06:00:00,27.5213456649282,25.2339551848367,0.0,0.11526315789473683,5.9,98,7,6.5,216,8.8,11.6,14.0,0.0,0.0,0.0,5.0,93.0,0.0,0.0,0.0,198.0,0.0,101860.0
2025-02-05 07:00:00,27.6693760440949,25.1033071626087,0.0,0.11535087719298245,6.3,95,4,5.6,213,8.7,11.4,14.0,0.0,0.0,0.0,4.0,94.0,0.0,0.0,0.0,6.0,0.0,101890.0
2025-02-05 08:00:00,27.5016134130699,25.1260758773074,0.0,0.11543859649122806,7.6,90,8,7.1,214,8.9,11.3,14.0,0.0,0.0,0.01,4.0,95.0,0.0,0.0,0.0,186.0,0.0,101930.0
2025-02-05 09:00:00,27.6925454067136,25.08747778601,0.0,0.11552631578947367,10.2,85,22,5.7,225,9.9,11.2,14.0,0.0,0.0,0.07,5.0,95.0,2818.0,0.0,0.0,168.0,0.0,101960.0
2025-02-05 10:00:00,27.6986618687448,25.1254136855272,0.0,0.1156140350877193,12.8,76,1,5.0,279,11.4,11.2,14.0,0.0,0.0,0.16,10.0,83.0,10617.0,0.0,0.0,204.0,0.0,102000.0
2025-02-05 11:00:00,27.4950629575504,25.3032152284434,0.0,0.1157017543859649,14.4,70,14,3.6,7,13.1,11.4,14.0,0.0,0.0,0.27,12.0,85.0,28876.0,1.0,0.0,234.0,0.0,102030.0
2025-02-05 12:00:00,27.6196714074499,25.0169677914868,0.0,0.11578947368421051,15.4,66,16,8.2,35,14.5,11.6,13.9,0.0,0.0,0.31,14.0,74.0,49876.0,3.0,0.0,262.0,0.0,102050.0
2025-02-05 13:00:00,27.3708813033282,24.9714273032563,0.0,0.11587719298245613,15.6,64,28,12.1,36,15.3,11.8,13.9,0.0,0.0,0.29,15.0,71.0,46644.0,3.0,3.0,42.0,0.0,102000.0
2025-02-05 14:00:00,27.495879247055,25.1592992413433,0.0,0.11596491228070174,15.4,65,15,14.2,39,15.7,12.2,13.9,0.0,0.0,0.27,14.0,73.0,15261.0,2.0,2.0,42.0,0.0,101930.0
2025-02-05 15:00:00,27.542798234862,24.9635415799879,0.0,0.11605263157894737,15.2,65,11,14.4,45,15.8,12.5,13.9,0.0,0.0,0.25,15.0,69.0,17956.0,1.0,4.0,36.0,0.0,101830.0
2025-02-05 16:00:00,27.5834064317213,25.0568311292408,0.0,0.11614035087719297,14.6,67,13,14.7,48,15.5,12.7,13.9,0.0,0.0,0.18,15.0,70.0,41546.0,3.0,5.0,72.0,0.0,101780.0
2025-02-05 17:00:00,27.2292597937753,25.106446517962,0.0,0.11622807017543858,13.5,73,9,10.6,51,14.7,12.9,13.9,0.0,0.0,0.08,15.0,72.0,12794.0,1.0,4.0,37.0,0.0,101770.0
2025-02-05 18:00:00,27.4283531594435,24.8874620263449,0.0,0.1163157894736842,10.9,87,8,6.9,60,13.5,13.0,13.9,0.0,0.0,0.02,14.0,70.0,7014.0,0.0,4.0,72.0,0.0,101800.0
2025-02-05 19:00:00,27.4779764437837,25.0558607582361,0.0,0.11640350877192981,9.8,89,12,5.0,85,12.3,13.0,13.9,0.0,0.0,0.0,13.0,81.0,716.0,0.0,2.0,48.0,0.0,101830.0
2025-02-05 20:00:00,27.1501392393172,25.0137686005442,0.0,0.11649122807017542,9.3,89,13,4.0,110,11.4,12.9,13.9,0.0,0.0,0.0,11.0,84.0,0.0,0.0,2.0,72.0,0.0,101870.0
2025-02-05 21:00:00,27.1846652964811,24.8633773650963,0.0,0.11657894736842105,8.4,91,8,2.8,105,10.7,12.8,13.9,0.0,0.0,0.0,10.0,89.0,0.0,0.0,0.0,119.0,0.0,101900.0
2025-02-05 22:00:00,27.2380441068109,25.1574018180546,0.0,0.11666666666666665,8.0,93,6,2.6,103,10.3,12.7,13.9,0.0,0.0,0.0,9.0,91.0,0.0,0.0,0.0,180.0,0.0,101910.0
2025-02-05 23:00:00,27.0761517732335,24.7631097554463,0.0,0.11675438596491228,7.3,95,4,3.3,315,10.0,12.5,13.9,0.0,0.0,0.0,9.0,92.0,0.0,0.0,0.0,180.0,0.0,101910.0
2025-02-06 00:00:00,27.2297257238871,24.8143564729495,0.0,0.11684210526315789,7.0,94,2,4.0,285,9.6,12.3,13.9,0.0,0.0,0.0,7.0,93.0,0.0,0.0,0.0,166.0,0.0,101900.0
2025-02-06 01:00:00,27.1297068801937,24.683777700035,0.0,0.1169298245614035,8.0,92,1,3.7,292,10.3,12.3,13.9,0.0,0.0,0.0,7.0,94.0,0.0,0.0,0.0,155.0,0.0,101870.0
2025-02-06 02:00:00,27.0418743441324,24.704655653986,0.0,0.11701754385964912,7.6,92,0,4.6,256,9.8,12.2,13.9,0.0,0.0,0.0,6.0,95.0,0.0,0.0,0.0,171.0,0.0,101860.0
2025-02-06 03:00:00,27.1998675543269,24.6109919192966,0.0,0.11710526315789473,6.8,93,0,5.2,244,9.3,12.1,13.9,0.0,0.0,0.0,6.0,95.0,0.0,0.0,0.0,192.0,0.0,101820.0
2025-02-06 04:00:00,26.8802213893366,24.5541833565302,0.0,0.11719298245614035,6.4,93,3,5.1,242,8.9,11.9,13.9,0.0,0.0,0.0,6.0,95.0,0.0,0.0,0.0,180.0,0.0,101770.0
2025-02-06 05:00:00,26.901679286307,24.6066440305192,0.0,0.11728070175438596,6.1,93,8,5.0,230,8.6,11.7,13.9,0.0,0.0,0.0,5.0,94.0,0.0,0.0,0.0,180.0,0.0,101730.0
2025-02-06 06:00:00,27.0019019776361,24.7134896658899,0.0,0.11736842105263157,6.2,93,11,4.9,221,8.5,11.5,13.9,0.0,0.0,0.0,5.0,94.0,0.0,0.0,0.0,168.0,0.0,101730.0
2025-02-06 07:00:00,26.9362218542362,24.406956522086,0.0,0.11745614035087719,6.1,93,12,5.3,220,8.3,11.3,13.9,0.0,0.0,0.0,5.0,95.0,0.0,0.0,0.0,204.0,0.0,101720.0
2025-02-06 08:00:00,26.8351911933535,24.5623719661086,0.0,0.1175438596491228,7.5,88,23,7.7,228,8.6,11.2,13.9,0.0,0.0,0.02,4.0,95.0,0.0,0.0,0.0,156.0,0.0,101750.0
2025-02-06 09:00:00,26.9372273393218,24.5642070663352,0.0,0.1176315789473684,9.8,84,30,7.0,226,9.6,11.1,13.8,0.0,0.0,0.07,4.0,96.0,4190.0,0.0,0.0,173.0,0.0,101770.0
2025-02-06 10:00:00,26.6790013261657,24.5113220136022,0.0,0.11771929824561403,12.3,80,10,6.3,260,11.1,11.1,13.8,0.0,0.0,0.15,8.0,88.0,9300.0,1.0,0.0,264.0,0.0,101770.0
2025-02-06 11:00:00,26.7622465263063,28.3074185469792,0.0,0.11780701754385964,14.1,70,0,5.1,322,12.8,11.2,13.8,0.0,0.0,0.27,12.0,82.0,33734.0,2.0,0.0,228.0,0.0,101770.0
2025-02-06 12:00:00,27.5135630735067,35.6918232308144,0.0,0.11789473684210526,15.0,65,1,6.8,358,14.3,11.5,13.8,0.0,0.0,0.32,13.0,76.0,52676.0,5.0,1.0,246.0,0.0,101730.0
2025-02-06 13:00:00,29.0609792693392,34.7378858316827,0.0,0.11798245614035087,15.2,67,8,8.3,17,15.3,11.8,13.8,0.0,0.0,0.31,15.0,69.0,60668.0,3.0,0.0,54.0,0.0,101690.0
2025-02-06 14:00:00,29.2707549454525,33.550671416728,0.0,0.11807017543859648,15.6,65,8,6.0,47,16.0,12.1,13.8,0.0,0.0,0.31,16.0,64.0,66631.0,6.0,1.0,58.0,0.0,101610.0
2025-02-06 15:00:00,29.3513297677852,32.5176551287012,0.0,0.1181578947368421,15.4,65,15,10.2,38,16.1,12.4,13.8,0.0,0.0,0.25,15.666666666666666,66.0,51034.0,4.333333333333333,2.0,52.666666666666664,0.0,101566.66666666667
2025-02-06 16:00:00,29.4319045901179,31.4846388406744,0.0,0.11824561403508771,14.4,72,15,12.0,37,15.7,12.7,13.8,0.0,0.0,0.17,15.333333333333334,68.0,35437.0,2.6666666666666665,3.0,47.333333333333336,0.0,101523.33333333333
2025-02-06 17:00:00,29.1333141278903,31.1812138693625,0.0,0.11833333333333332,13.2,79,100,8.7,51,14.9,12.9,13.8,0.0,0.0,0.08,15.0,70.0,19840.0,1.0,4.0,42.0,0.0,101480.0
2025-02-06 18:00:00,29.2272517843031,30.7873456208334,0.0,0.11842105263157894,10.8,89,100,5.4,74,13.6,13.0,13.8,0.0,0.0,0.01,14.0,70.0,6792.0,0.0,2.0,38.0,0.0,101480.0
2025-02-06 19:00:00,29.1333005915388,30.3316948591015,0.0,0.11850877192982455,10.4,89,46,3.3,89,12.6,13.0,13.8,0.0,0.0,0.0,13.0,76.0,453.0,0.0,1.0,54.0,0.0,101470.0
2025-02-06 20:00:00,28.9097928738099,30.3449485734704,0.0,0.11859649122807017,8.9,90,57,2.2,101,11.4,13.0,13.8,0.0,0.0,0.0,11.0,81.0,0.0,0.0,0.0,54.0,0.0,101470.0
2025-02-06 21:00:00,29.0106623837917,30.0029226726616,0.0,0.11868421052631578,8.3,89,3,0.2,63,10.6,12.8,13.8,0.0,0.0,0.0,9.0,89.0,0.0,0.0,0.0,177.0,0.0,101480.0
2025-02-06 22:00:00,28.9110648183513,29.8514735351498,0.0,0.11877192982456139,7.4,89,0,2.6,349,9.9,12.7,13.8,0.0,0.0,0.0,9.0,89.0,0.0,0.0,0.0,182.0,0.0,101450.0
2025-02-06 23:00:00,28.8854678575342,29.7781481107197,0.0,0.11885964912280701,6.9,92,0,5.5,249,9.5,12.5,13.8,0.0,0.0,0.0,7.0,92.0,0.0,0.0,0.0,186.0,0.0,101460.0
2025-02-07 00:00:00,28.7773596499757,29.5643307600722,0.0,0.11894736842105262,6.5,92,1,5.2,259,9.1,12.3,13.8,0.0,0.0,0.0,8.0,91.0,0.0,0.0,0.0,186.0,0.0,101410.0
2025-02-07 01:00:00,28.9338246567262,29.3326979555584,0.0,0.11903508771929824,6.9,92,5,5.3,244,9.6,12.3,13.8,0.0,0.0,0.0,6.0,91.0,0.0,0.0,0.0,156.0,0.0,101400.0
2025-02-07 02:00:00,28.850140062293,29.2223846644495,0.0,0.11912280701754385,6.1,94,15,6.1,232,9.2,12.1,13.8,0.0,0.0,0.0,6.0,94.0,0.0,0.0,0.0,246.0,0.0,101350.0
2025-02-07 03:00:00,29.0103302417043,29.2812889017349,0.0,0.11921052631578946,5.3,98,19,8.0,227,8.9,11.9,13.8,0.0,0.0,0.0,7.0,93.0,0.0,0.0,1.0,204.0,0.0,101310.0
2025-02-07 04:00:00,28.7016827788148,29.1610189186141,0.0,0.11929824561403508,4.9,99,5,9.5,221,8.7,11.8,13.8,0.0,0.0,0.0,7.0,93.0,0.0,0.0,2.0,198.0,0.0,101270.0
2025-02-07 05:00:00,28.6816982121285,28.9668076655363,0.0,0.11938596491228069,5.1,100,4,9.1,219,8.5,11.6,13.8,0.0,0.0,0.0,6.0,93.0,0.0,0.0,1.0,204.0,0.0,101210.0
2025-02-07 06:00:00,28.7124154438221,28.9422074214352,0.0,0.1194736842105263,5.4,97,1,7.7,227,8.3,11.4,13.8,0.0,0.0,0.0,5.0,92.0,0.0,0.0,0.0,258.0,0.0,101180.0
2025-02-07 07:00:00,28.5207838092138,28.8543338175022,0.0,0.11956140350877192,5.2,95,7,8.4,238,8.1,11.2,13.8,0.0,0.0,0.0,5.0,95.0,0.0,0.0,0.0,186.0,0.0,101150.0
2025-02-07 08:00:00,28.6889875827295,28.4733735529186,0.0,0.11964912280701753,6.7,86,8,10.7,238,8.2,11.0,13.8,0.0,0.0,0.02,5.0,93.0,134.0,0.0,0.0,234.0,0.0,101170.0
2025-02-07 09:00:00,28.4958456163703,28.8246420905789,0.0,0.11973684210526316,10.6,76,6,8.2,237,9.3,10.9,13.7,0.0,0.0,0.09,7.0,91.0,5064.0,0.0,2.0,222.0,0.0,101190.0
2025-02-07 10:00:00,28.6309624337881,28.6539704621691,0.0,0.11982456140350876,13.5,66,4,7.4,259,11.0,10.9,13.7,0.0,0.0,0.19,9.0,85.0,15643.0,1.0,3.0,264.0,0.0,101200.0
2025-02-07 11:00:00,28.3969831940676,28.5338502885197,0.0,0.11991228070175437,15.5,60,1,7.6,269,12.8,11.1,13.7,0.0,0.0,0.29,11.0,76.0,39850.0,2.0,3.0,258.0,0.0,101190.0
2025-02-07 12:00:00,28.4925006277315,28.4480049873802,0.0,0.12,16.8,54,0,8.9,278,14.3,11.3,13.7,0.0,0.0,0.35,13.0,66.0,57218.0,2.0,4.0,256.0,0.0,101160.0
2025-02-07 13:00:00,28.4403971031257,28.2035566057999,0.0,0.12368055555555556,17.8,45,0,7.7,274,15.4,11.6,13.7,0.0,0.0,0.38,15.0,57.0,63868.0,4.0,2.0,232.0,0.0,101090.0
2025-02-07 14:00:00,28.3649522893414,28.1507235686776,0.0,0.12736111111111112,18.2,41,4,6.9,298,16.2,12.0,13.7,0.0,0.0,0.36,17.0,51.0,63221.0,3.0,1.0,249.0,0.0,100970.0
2025-02-07 15:00:00,28.2176038043426,28.0369719324809,0.0,0.13104166666666667,17.7,48,1,7.1,339,16.5,12.3,13.7,0.0,0.0,0.3,18.0,46.0,55050.0,2.0,4.0,355.0,0.0,100890.0
2025-02-07 16:00:00,28.3420795338489,27.837784056934,0.0,0.13472222222222222,16.2,68,4,8.6,24,16.3,12.6,13.7,0.0,0.0,0.19,17.0,56.0,37213.0,2.0,3.0,19.0,0.0,100880.0
2025-02-07 17:00:00,28.1056069665547,27.6586840452039,0.0,0.13840277777777776,14.1,79,0,5.9,44,15.4,12.9,13.7,0.0,0.0,0.08,17.0,57.0,17064.0,1.0,3.0,30.0,0.0,100870.0
2025-02-07 18:00:00,28.3131518465947,27.3664169406548,0.0,0.14208333333333334,11.5,85,0,1.4,101,13.8,13.0,13.7,0.0,0.0,0.01,16.0,62.0,4544.0,0.0,3.0,24.0,0.0,100890.0
2025-02-07 19:00:00,28.1726551196084,27.5728162398381,0.0,0.1457638888888889,10.6,86,9,2.4,158,12.4,13.0,13.7,0.0,0.0,0.0,13.0,73.0,67.0,0.0,1.0,66.0,0.0,100930.0
2025-02-07 20:00:00,28.1162222553706,27.3533318383056,0.0,0.14944444444444444,9.3,84,84,3.9,191,11.4,12.9,13.7,0.0,0.0,0.0,11.0,76.0,0.0,0.0,2.0,162.0,0.0,100960.0
2025-02-07 21:00:00,27.9775021085882,27.325167860435,0.0,0.153125,8.8,78,54,4.5,220,10.7,12.8,13.7,0.0,0.0,0.0,11.0,78.0,0.0,0.0,2.0,165.0,0.0,100950.0
2025-02-07 22:00:00,27.9937133366696,27.0563856491398,0.0,0.15680555555555556,8.8,72,16,5.3,225,10.1,12.7,13.7,0.0,0.0,0.0,8.0,85.0,0.0,0.0,0.0,141.0,0.0,100990.0
2025-02-07 23:00:00,27.9006112555996,27.1585103651473,0.0,0.1604861111111111,8.5,70,0,6.1,232,9.7,12.5,13.7,0.0,0.0,0.01,8.0,86.0,0.0,0.0,1.0,186.0,0.0,101030.0
2025-02-08 00:00:00,27.9407300209151,27.1301557293366,0.0,0.16416666666666666,8.2,69,0,6.5,235,9.3,12.3,13.7,0.0,0.0,0.01,8.0,84.0,0.0,0.0,0.0,198.0,0.0,101050.0
2025-02-08 01:00:00,27.8045097201234,26.9496231636349,0.0,0.16784722222222223,8.0,68,2,7.8,207,9.6,12.3,13.7,0.0,0.0,0.01,8.0,77.0,0.0,0.0,1.0,184.0,0.0,101060.0
2025-02-08 02:00:00,27.9868051204174,27.0490812376758,0.0,0.17152777777777778,7.4,73,0,7.8,214,9.3,12.2,13.7,0.0,0.0,0.01,8.0,77.0,0.0,0.0,0.0,222.0,0.0,101050.0
2025-02-08 03:00:00,27.8074575684684,26.7506059848488,0.0,0.17520833333333333,7.4,76,0,8.0,221,9.0,12.0,13.7,0.0,0.0,0.01,7.0,77.0,0.0,0.0,1.0,234.0,0.0,101000.0
2025-02-08 04:00:00,27.7761718416526,26.8375997600107,0.0,0.17888888888888888,7.4,80,1,7.6,221,8.8,11.8,13.7,0.0,0.0,0.0,9.0,72.0,0.0,0.0,2.0,210.0,0.0,100990.0
2025-02-08 05:00:00,27.7693804770128,26.7540423946654,0.0,0.18256944444444445,7.5,84,2,8.0,214,8.6,11.6,13.7,0.0,0.0,0.0,8.0,71.0,0.0,0.0,2.0,228.0,0.0,101010.0
2025-02-08 06:00:00,27.490165477192,26.6498939825368,0.0,0.18625,7.6,85,19,8.7,211,8.6,11.4,13.7,0.0,0.0,0.0,9.0,71.0,0.0,0.0,2.0,210.0,0.0,101040.0
2025-02-08 07:00:00,27.6918321374709,26.6641810738442,0.0,0.18993055555555555,8.1,83,9,9.4,215,8.6,11.3,13.7,0.0,0.0,0.0,9.0,72.0,0.0,0.0,3.0,234.0,0.0,101070.0
2025-02-08 08:00:00,27.67551374409,26.7050159775216,0.0,0.19361111111111112,10.1,77,2,11.2,218,9.0,11.2,13.7,0.0,0.0,0.03,10.0,73.0,339.0,0.0,2.0,228.0,0.0,101120.0
2025-02-08 09:00:00,27.6673440825173,26.591557262504,0.0,0.19729166666666667,13.9,70,1,11.7,215,10.3,11.1,13.7,0.0,0.0,0.11,11.0,73.0,7184.0,0.0,3.0,258.0,0.0,101160.0
2025-02-08 10:00:00,27.6075734787082,26.6139649659548,0.0,0.20097222222222222,16.7,60,0,12.2,234,12.0,11.2,13.6,0.0,0.0,0.22,13.0,68.0,18564.0,1.0,3.0,264.0,0.0,101200.0
2025-02-08 11:00:00,27.4491805916658,26.423691568192,0.0,0.20465277777777777,18.4,50,15,14.1,241,13.7,11.4,13.6,0.0,0.0,0.32,15.0,64.0,25222.0,2.0,3.0,276.0,0.0,101230.0
2025-02-08 12:00:00,27.4962074052683,26.523205338137,0.0,0.20833333333333334,19.6,42,1,13.3,241,15.1,11.6,13.6,0.0,0.0,0.38,18.0,54.0,61486.0,5.0,4.0,310.0,0.0,101220.0
2025-02-08 13:00:00,27.7233339195089,26.3945131213723,0.0,0.2120138888888889,20.5,38,0,12.8,247,16.5,12.1,13.6,0.0,0.0,0.42,19.0,43.0,43812.0,3.0,5.0,270.0,0.0,101170.0
2025-02-08 14:00:00,27.5042933711178,26.5714759610949,0.0,0.21569444444444444,20.9,37,0,14.3,251,17.2,12.5,13.6,0.0,0.0,0.41,20.0,36.0,67903.0,6.0,5.0,298.0,0.0,101100.0
2025-02-08 15:00:00,27.5379241083448,26.3966056360966,0.0,0.21937500000000001,20.8,39,1,11.4,279,17.5,12.8,13.6,0.0,0.0,0.34,21.0,40.0,53379.0,3.0,3.0,274.0,0.0,101040.0
2025-02-08 16:00:00,27.4368913488378,26.2711142219724,0.0,0.22305555555555556,18.6,63,3,11.9,331,17.3,13.2,13.6,0.0,0.0,0.22,21.0,41.0,34895.0,2.0,2.0,234.0,0.0,101020.0
2025-02-08 17:00:00,27.2779735407118,26.117204419111,0.0,0.2267361111111111,16.6,80,14,4.0,334,16.6,13.4,13.6,0.0,0.0,0.09,18.0,68.0,14850.0,1.0,4.0,358.0,0.0,101060.0
2025-02-08 18:00:00,27.5118219682655,26.1613975589473,0.0,0.23041666666666666,14.4,83,25,1.1,337,15.1,13.6,13.6,0.0,0.0,0.01,17.0,73.0,3681.0,0.0,1.0,15.0,0.0,101100.0
2025-02-08 19:00:00,27.549607101746,26.2345573860526,0.0,0.23409722222222223,13.4,86,32,3.7,105,14.0,13.7,13.6,0.0,0.0,0.0,15.0,82.0,0.0,0.0,2.0,112.0,0.0,101180.0
2025-02-08 20:00:00,27.3742524108514,25.9706849711328,0.0,0.23777777777777778,12.6,88,29,4.2,101,13.3,13.7,13.7,0.0,0.0,0.0,14.0,87.0,0.0,0.0,2.0,124.0,0.0,101250.0
2025-02-08 21:00:00,27.1238206305213,25.911149207156,0.0,0.24145833333333333,12.3,87,20,3.5,85,12.6,13.6,13.7,0.0,0.0,0.0,13.0,88.0,0.0,0.0,3.0,112.0,0.0,101320.0
2025-02-08 22:00:00,27.3290370896963,25.9305075459059,0.0,0.2451388888888889,11.5,88,17,4.6,99,12.0,13.5,13.7,0.0,0.0,0.0,13.0,90.0,0.0,0.0,1.0,91.0,0.0,101380.0
2025-02-08 23:00:00,27.0976197012045,25.8940948736999,0.0,0.24881944444444445,10.9,91,29,3.7,114,11.6,13.4,13.7,0.0,0.0,0.0,13.0,90.0,0.0,0.0,1.0,137.0,0.0,101390.0
2025-02-09 00:00:00,27.1499601783951,25.8251108568533,0.0,0.2525,10.7,93,34,2.1,97,11.2,13.3,13.7,0.0,0.0,0.0,14.0,87.0,0.0,0.0,2.0,126.0,0.0,101370.0
2025-02-09 01:00:00,27.165350524124,25.7844600173185,0.0,0.2561805555555556,12.1,92,92,3.6,89,12.9,13.4,13.7,0.0,0.0,0.0,14.0,87.0,0.0,0.0,2.0,144.0,0.0,101380.0
2025-02-09 02:00:00,27.2895052403519,25.732090613707,0.0,0.2598611111111111,12.6,92,100,4.2,102,12.7,13.4,13.7,0.0,0.0,0.0,14.0,87.0,0.0,0.0,2.0,138.0,0.0,101370.0
2025-02-09 03:00:00,27.0909827036573,25.8207571172328,0.0,0.2635416666666667,13.1,90,100,3.6,101,12.6,13.3,13.7,0.0,0.0,0.0,14.0,88.0,0.0,0.0,0.0,130.0,0.0,101350.0
2025-02-09 04:00:00,26.9634529227835,25.7826942220503,0.0,0.26722222222222225,13.6,87,100,2.6,98,12.6,13.3,13.7,0.0,0.0,0.0,13.0,92.0,0.0,0.0,0.0,344.0,0.0,101350.0
2025-02-09 05:00:00,26.9534461876705,25.5799867117861,0.0,0.27090277777777777,13.6,86,97,2.0,100,12.6,13.2,13.7,0.0,0.0,0.0,13.0,93.0,0.0,0.0,0.0,114.0,0.0,101340.0
2025-02-09 06:00:00,26.9871952100805,25.7603106136675,0.0,0.27458333333333335,12.6,90,65,3.5,116,12.4,13.2,13.7,0.0,0.0,0.0,12.0,93.0,0.0,0.0,0.0,166.0,0.0,101340.0
2025-02-09 07:00:00,26.8599651898664,25.6158346800729,0.0,0.2782638888888889,11.6,94,27,3.4,133,12.1,13.1,13.7,0.0,0.0,0.0,10.0,91.0,0.0,0.0,0.0,184.0,0.0,101350.0
2025-02-09 08:00:00,27.0791817753102,25.5190177127514,0.0,0.28194444444444444,11.6,93,24,5.2,150,12.0,13.1,13.7,0.0,0.0,0.01,9.0,93.0,1107.0,0.0,0.0,210.0,0.0,101370.0
2025-02-09 09:00:00,27.0917343328647,25.597122849447,0.0,0.285625,14.3,83,3,3.9,246,12.9,13.0,13.7,0.0,0.0,0.09,12.0,91.0,7937.0,0.0,1.0,270.0,0.0,101410.0
2025-02-09 10:00:00,27.0093686589224,25.6017310917648,0.0,0.28930555555555554,15.9,77,0,4.3,333,14.3,13.1,13.7,0.0,0.0,0.2,14.0,82.0,26735.0,2.0,0.0,210.0,0.0,101440.0
2025-02-09 11:00:00,26.7304068432999,25.5593547739885,0.0,0.2929861111111111,17.1,71,14,5.2,18,15.8,13.2,13.7,0.0,0.0,0.29,16.0,72.0,48670.0,4.0,1.0,228.0,0.0,101440.0
2025-02-09 12:00:00,26.9332242519464,25.4971966520432,0.0,0.2966666666666667,18.1,68,45,6.4,25,17.1,13.5,13.7,0.0,0.0,0.35,18.0,66.0,62488.0,3.0,2.0,42.0,0.0,101400.0
2025-02-09 13:00:00,26.9767911187772,25.4978799264948,0.0,0.3003472222222222,18.6,66,29,11.5,27,17.7,13.4,13.7,0.0,0.0,0.34,19.0,64.0,77085.0,6.0,3.0,13.0,0.0,101300.0
2025-02-09 14:00:00,26.8322227249487,25.1736336085054,0.0,0.3040277777777778,17.4,70,0,12.6,30,18.0,13.7,13.7,0.0,0.0,0.29,18.0,69.0,64300.0,6.0,4.0,16.0,0.0,101210.0
2025-02-09 15:00:00,26.8562973647906,25.2106817792292,0.0,0.30770833333333336,17.5,71,0,10.9,51,18.1,14.0,13.7,0.0,0.0,0.27,18.0,68.0,49960.0,2.0,3.0,60.0,0.0,101150.0
2025-02-09 16:00:00,26.7698923754816,25.1487884206024,0.0,0.3113888888888889,16.8,74,10,12.1,45,17.7,14.3,13.7,0.0,0.0,0.19,18.0,66.0,31826.0,2.0,4.0,39.0,0.0,101150.0
2025-02-09 17:00:00,26.9370867132141,25.1022194788359,0.0,0.31506944444444446,15.4,80,2,10.5,40,16.9,14.5,13.7,0.0,0.0,0.09,17.0,69.0,12200.0,0.0,3.0,59.0,0.0,101120.0
2025-02-09 18:00:00,26.9179008306327,25.171523053834,0.0,0.31875000000000003,12.8,93,0,6.1,42,15.6,14.6,13.7,0.0,0.0,0.01,16.0,76.0,2916.0,0.0,2.0,52.0,0.0,101150.0
2025-02-09 19:00:00,26.8523972375685,25.3438073220778,0.0,0.32243055555555555,11.7,96,14,4.3,45,14.4,14.6,13.8,0.0,0.0,0.0,13.0,87.0,0.0,0.0,0.0,60.0,0.0,101190.0
2025-02-09 20:00:00,26.7347621737355,25.1777261819369,0.0,0.32611111111111113,11.5,97,23,1.8,51,13.3,14.5,13.8,0.0,0.0,0.0,12.0,88.0,0.0,0.0,0.0,162.0,0.0,101220.0
2025-02-09 21:00:00,26.771676887298,25.3858067883224,0.0,0.3297916666666667,11.3,97,18,0.5,59,12.5,14.4,13.8,0.0,0.0,0.0,11.0,91.0,0.0,0.0,0.0,162.0,0.0,101250.0
2025-02-09 22:00:00,26.7472628439857,25.1610605281326,0.0,0.3334722222222222,10.3,100,30,1.2,42,12.0,14.2,13.8,0.0,0.0,0.0,10.0,92.0,0.0,0.0,0.0,176.0,0.0,101250.0
2025-02-09 23:00:00,26.56221126771,24.9698082958326,0.0,0.3371527777777778,10.3,99,45,4.1,241,12.0,14.1,13.8,0.0,0.0,0.0,9.0,94.0,0.0,0.0,0.0,174.0,0.0,101220.0
2025-02-10 00:00:00,26.7261221823891,25.0566374079928,0.0,0.3408333333333333,10.3,97,52,5.0,227,11.9,13.9,13.8,0.0,0.0,0.0,9.0,95.0,0.0,0.0,0.0,178.0,0.0,101210.0
2025-02-10 01:00:00,26.6224674569836,25.1500974668765,0.0,0.3445138888888889,10.4,97,94,4.7,272,12.3,13.9,13.8,0.0,0.0,0.0,9.0,95.0,0.0,0.0,0.0,180.0,0.0,101150.0
2025-02-10 02:00:00,26.5457574129738,25.0115052607337,0.0,0.3481944444444445,10.4,95,92,5.7,243,12.1,13.8,13.8,0.0,0.0,0.0,8.0,96.0,0.0,0.0,0.0,180.0,0.0,101100.0
2025-02-10 03:00:00,26.5911050286645,24.9583836463183,0.0,0.351875,10.0,94,72,6.1,240,11.8,13.7,13.8,0.0,0.0,0.0,8.0,96.0,0.0,0.0,0.0,180.0,0.0,101060.0
2025-02-10 04:00:00,26.5180661465992,24.9295756899281,0.0,0.35555555555555557,9.9,94,95,5.9,240,11.6,13.5,13.8,0.0,0.0,0.0,8.0,96.0,0.0,0.0,0.0,204.0,0.0,101010.0
2025-02-10 05:00:00,26.3569976473916,24.8738054843593,0.0,0.35923611111111114,9.9,94,100,5.4,241,11.4,13.4,13.8,0.0,0.0,0.0,10.0,96.0,0.0,0.0,0.0,204.0,0.0,100960.0
2025-02-10 06:00:00,26.3700425351554,24.8549645346202,0.0,0.36291666666666667,9.8,93,100,5.9,240,11.2,13.3,13.8,0.0,0.0,0.0,10.0,97.0,0.0,0.0,0.0,192.0,0.0,101000.0
2025-02-10 07:00:00,26.7342809807975,25.1743060824998,0.0,0.36659722222222224,9.9,93,100,6.7,242,11.2,13.1,13.8,0.0,0.0,0.0,10.0,97.0,0.0,0.0,0.0,159.0,0.0,101010.0
2025-02-10 08:00:00,26.4333335817168,24.8909410266897,0.0,0.3702777777777778,10.8,91,100,7.9,258,11.5,13.0,13.8,0.0,0.0,0.02,10.0,97.0,2228.0,0.0,0.0,192.0,0.0,101030.0
2025-02-10 09:00:00,26.3513784357016,24.9074709911534,0.0,0.37395833333333334,11.9,92,100,7.6,272,12.0,13.0,13.8,0.0,0.0,0.05,10.0,97.0,9814.0,1.0,0.0,246.0,0.0,101060.0
2025-02-10 10:00:00,26.2720733756864,24.9533315399386,0.0,0.3776388888888889,13.3,87,71,7.5,286,13.0,12.9,13.8,0.0,0.0,0.1,12.0,91.0,29300.0,1.0,2.0,258.0,0.0,101080.0
2025-02-10 11:00:00,26.4852005652652,24.8574165513531,0.0,0.38131944444444443,15.2,77,55,6.1,297,14.4,13.0,13.8,0.0,0.0,0.23,14.0,83.0,50744.0,3.0,2.0,288.0,0.0,101060.0
2025-02-10 12:00:00,26.2723701541832,24.8938799702811,0.0,0.385,16.5,74,4,6.3,327,15.9,13.2,13.8,0.0,0.0,0.33,17.0,71.0,62990.0,5.0,2.0,338.0,0.0,101010.0
2025-02-10 13:00:00,26.599935029019,29.8943647320636,0.0,0.3886805555555556,17.7,71,39,4.9,351,17.5,13.6,13.9,0.0,0.0,0.37,18.0,64.0,67380.0,5.0,0.0,209.0,0.0,100930.0
2025-02-10 14:00:00,28.4176850921425,30.018077843401,0.0,0.3923611111111111,17.6,73,37,7.2,16,18.2,13.9,13.9,0.0,0.0,0.33,19.0,63.0,61796.0,5.0,1.0,320.0,0.0,100830.0
2025-02-10 15:00:00,28.9206657543569,29.7170826681589,0.0,0.3960416666666667,17.0,76,55,10.2,30,18.3,14.2,13.9,0.0,0.0,0.27,18.0,66.0,46685.0,1.0,3.0,26.0,0.0,100750.0
2025-02-10 16:00:00,28.9950603867178,29.3451804654752,0.0,0.39972222222222226,16.0,78,69,10.7,34,17.9,14.5,13.9,0.0,0.0,0.18,17.0,74.0,25408.0,1.0,4.0,38.0,0.0,100750.0
2025-02-10 17:00:00,29.1139187989828,29.0641585938848,0.0,0.4034027777777778,14.7,83,76,8.9,33,17.0,14.7,13.9,0.0,0.0,0.09,16.0,79.0,8205.0,1.0,4.0,58.0,0.0,100750.0
2025-02-10 18:00:00,28.9422406749288,29.0106874580994,0.0,0.40708333333333335,12.2,94,6,4.8,32,15.6,14.8,13.9,0.0,0.0,0.01,15.0,85.0,2683.0,0.0,3.0,26.0,0.0,100780.0
2025-02-10 19:00:00,28.7684901866594,28.7170392623341,0.0,0.41076388888888893,11.4,96,0,1.0,21,14.2,14.8,13.9,0.0,0.0,0.0,13.0,90.0,0.0,0.0,0.0,60.0,0.0,100830.0
2025-02-10 20:00:00,28.9682322421882,28.6700553026314,0.0,0.41444444444444445,10.5,99,2,1.7,319,13.1,14.7,13.9,0.0,0.0,0.0,11.0,92.0,0.0,0.0,0.0,122.0,0.0,100870.0
2025-02-10 21:00:00,28.7176912282596,28.5774695942663,0.0,0.418125,9.8,99,19,3.6,270,12.3,14.5,13.9,0.0,0.0,0.0,11.0,93.0,0.0,0.0,0.0,115.0,0.0,100890.0
2025-02-10 22:00:00,28.7710383816777,28.5339144193977,0.0,0.4218055555555556,9.1,100,95,3.3,257,11.9,14.3,13.9,0.0,0.0,0.0,11.0,92.0,0.0,0.0,0.0,174.0,0.0,100910.0
2025-02-10 23:00:00,28.5800133235858,28.3985085994433,0.0,0.4254861111111111,9.0,100,92,3.7,276,11.6,14.1,13.9,0.0,0.0,0.0,12.0,91.5,0.0,0.0,0.0,166.0,0.0,100900.0
2025-02-11 00:00:00,28.7839673401845,28.4541387063909,0.0,0.4291666666666667,9.7,96,77,4.6,265,11.5,14.0,14.0,0.0,0.0,0.0,13.0,91.0,0.0,0.0,0.0,158.0,0.0,100890.0
2025-02-11 01:00:00,28.7672694952875,28.3429665915294,0.0,0.4328472222222222,9.3,98,94,4.9,255,12.6,14.1,14.0,0.0,0.0,0.0,13.0,90.0,0.0,0.0,0.0,184.0,0.0,100860.0
2025-02-11 02:00:00,28.5768512475234,28.1697754165466,0.0,0.4365277777777778,9.6,96,67,4.8,248,12.1,13.9,14.0,0.0,0.0,0.0,11.0,94.0,0.0,0.0,0.0,179.0,0.0,100840.0
2025-02-11 03:00:00,28.6413976169366,28.1080011819576,0.0,0.44020833333333337,9.6,96,73,4.8,247,11.8,13.8,14.0,0.0,0.0,0.0,9.0,95.0,0.0,0.0,0.0,158.0,0.0,100830.0
2025-02-11 04:00:00,28.5836998764393,28.2437340534387,0.0,0.4438888888888889,9.5,94,88,4.0,250,11.6,13.7,14.0,0.0,0.0,0.0,8.0,96.0,0.0,0.0,0.0,138.0,0.0,100810.0
2025-02-11 05:00:00,28.3737103213319,28.0629570287687,0.0,0.44756944444444446,9.3,94,92,2.4,234,11.4,13.5,14.0,0.0,0.0,0.0,11.0,96.0,0.0,0.0,0.0,173.0,0.0,100780.0
2025-02-11 06:00:00,28.5492390412466,27.9273002228256,0.0,0.45125000000000004,9.3,94,100,3.9,240,11.2,13.4,14.0,0.0,0.0,0.0,11.0,95.0,0.0,0.0,0.0,192.0,0.0,100750.0
2025-02-11 07:00:00,28.4431475760912,27.8878069451077,0.0,0.45493055555555556,9.2,96,100,4.8,253,11.0,13.2,14.0,0.0,0.0,0.0,11.0,95.0,0.0,0.0,0.0,72.0,0.0,100740.0
2025-02-11 08:00:00,28.5103848837036,28.0264649373938,0.0,0.45861111111111114,10.0,94,100,5.6,256,11.2,13.1,14.0,0.0,0.0,0.01,12.0,95.0,0.0,0.0,0.0,234.0,0.0,100760.0
2025-02-11 09:00:00,28.3381228064176,27.9073258779065,0.0,0.4622916666666667,11.5,92,100,5.8,275,11.9,13.0,14.0,0.0,0.0,0.07,12.0,94.0,3445.0,0.0,0.0,228.0,0.0,100790.0
2025-02-11 10:00:00,28.3927968856238,27.8650080820511,0.0,0.46597222222222223,14.3,77,91,5.6,308,13.2,13.0,14.0,0.0,0.0,0.17,12.0,92.0,10316.0,1.0,1.0,222.0,0.0,100830.0
2025-02-11 11:00:00,28.4171315151755,27.7134254791414,0.0,0.4696527777777778,16.7,65,98,5.2,327,14.8,13.1,14.0,0.0,0.0,0.27,12.0,88.0,9871.0,1.0,1.0,234.0,0.0,100850.0
2025-02-11 12:00:00,28.3308339634559,27.7037185660941,0.0,0.4733333333333334,18.3,61,92,5.6,352,16.3,13.3,14.0,0.0,0.0,0.33,14.0,76.0,62049.0,4.0,1.0,174.0,0.0,100840.0
2025-02-11 13:00:00,28.2333805304997,27.4394304755111,0.0,0.4770138888888889,17.5,69,81,9.7,11,16.3,13.3,14.0,0.0,0.0,0.31,16.0,72.0,78228.0,6.0,0.0,187.0,0.0,100780.0
2025-02-11 14:00:00,28.0537045359208,27.6226892835486,0.0,0.4806944444444445,17.1,72,78,9.9,26,17.1,13.6,14.0,0.0,0.0,0.3,18.0,66.0,46826.0,3.0,0.0,120.0,0.0,100700.0
2025-02-11 15:00:00,28.3047614210128,27.5232269397604,0.0,0.484375,17.0,72,64,9.1,44,17.5,13.9,14.0,0.0,0.0,0.26,19.0,61.0,69477.0,6.0,1.0,192.0,0.0,100610.0
2025-02-11 16:00:00,28.1161397161409,27.2641486773387,0.0,0.4880555555555556,16.7,72,7,8.9,37,17.3,14.1,14.0,0.0,0.0,0.19,19.0,66.0,58264.0,3.0,4.0,30.0,0.0,100540.0
2025-02-11 17:00:00,28.1187300452813,27.3090026707503,0.0,0.49173611111111115,15.5,76,0,5.6,42,16.6,14.3,14.0,0.0,0.0,0.09,18.0,71.0,25776.0,2.0,4.0,348.0,0.0,100510.0
2025-02-11 18:00:00,28.1164645141952,27.0760649885246,0.0,0.49541666666666667,12.7,84,0,2.2,52,15.2,14.4,14.0,0.0,0.0,0.01,16.0,75.0,8112.0,1.0,2.0,42.0,0.0,100540.0
2025-02-11 19:00:00,27.931321946198,27.233091639396,0.0,0.49909722222222225,12.0,85,0,1.8,74,13.8,14.4,14.0,0.0,0.0,0.0,15.0,79.0,1067.0,0.0,2.0,26.0,0.0,100570.0
2025-02-11 20:00:00,27.937989088803,27.1087108651698,0.0,0.5027777777777778,11.8,84,0,0.5,72,12.7,14.3,14.0,0.0,0.0,0.0,13.0,85.0,0.0,0.0,0.0,125.0,0.0,100640.0
2025-02-11 21:00:00,27.8853683350648,26.8468731446835,0.0,0.5064583333333333,10.7,85,3,3.6,207,12.0,14.2,14.0,0.0,0.0,0.0,11.0,89.0,0.0,0.0,0.0,276.0,0.0,100660.0
2025-02-11 22:00:00,27.7964797739543,26.8781289123025,0.0,0.5101388888888889,10.4,77,3,6.1,202,11.4,14.0,14.0,0.0,0.0,0.0,10.0,92.0,0.0,0.0,0.0,306.0,0.0,100700.0
2025-02-11 23:00:00,27.855425332095,26.8954149024508,0.0,0.5138194444444445,10.4,68,21,7.7,222,11.1,13.8,14.0,0.0,0.0,0.02,9.0,93.0,0.0,0.0,2.0,168.0,0.0,100750.0
2025-02-12 00:00:00,27.6371454646353,26.8116949513407,0.0,0.5175000000000001,10.9,63,21,9.9,226,10.9,13.6,14.0,0.0,0.0,0.03,10.0,94.0,0.0,0.0,2.0,168.0,0.0,100740.0
2025-02-12 01:00:00,27.6638060117905,26.8639398764625,0.0,0.5211805555555555,10.6,65,35,8.2,225,10.0,13.6,14.1,0.0,0.0,0.02,9.0,94.0,0.0,0.0,0.0,192.0,0.0,100730.0
2025-02-12 02:00:00,27.6986882059965,26.8994236060692,0.0,0.5248611111111111,10.8,57,36,9.0,214,9.9,13.3,14.1,0.0,0.0,0.03,9.0,92.0,0.0,0.0,0.0,163.0,0.0,100700.0
2025-02-12 03:00:00,27.6301037571761,26.6029912601806,0.0,0.5285416666666667,11.0,52,86,11.2,214,10.0,13.1,14.1,0.0,0.0,0.05,9.0,92.0,0.0,0.0,1.0,198.0,0.0,100710.0
2025-02-12 04:00:00,27.6818363249014,26.8446613300114,0.0,0.5322222222222223,11.2,51,82,11.3,212,10.2,12.9,14.1,0.0,0.0,0.05,11.0,81.0,0.0,0.0,1.0,222.0,0.0,100670.0
2025-02-12 05:00:00,27.6209406189809,26.6348396638671,0.0,0.5359027777777778,9.6,59,100,7.2,222,10.0,12.8,14.1,0.0,0.0,0.02,11.0,73.0,0.0,0.0,3.0,216.0,0.0,100630.0
2025-02-12 06:00:00,27.655531179642,26.4620934643642,0.0,0.5395833333333334,9.0,64,100,5.2,234,9.6,12.6,14.1,0.0,0.0,0.01,10.0,68.0,0.0,0.0,2.0,176.0,0.0,100680.0
2025-02-12 07:00:00,27.5063904828149,26.5197100168407,0.0,0.5432638888888889,8.1,69,66,6.4,249,9.1,12.4,14.0,0.0,0.0,0.01,10.0,62.0,0.0,0.0,2.0,210.0,0.0,100700.0
2025-02-12 08:00:00,27.4748707471369,26.4965837293703,0.0,0.5469444444444445,10.9,66,17,8.2,258,9.5,12.2,14.0,0.0,0.0,0.04,10.0,66.0,0.0,0.0,1.0,222.0,0.0,100760.0
2025-02-12 09:00:00,27.6587597782872,26.2294493571151,0.0,0.550625,14.4,65,23,10.3,239,11.0,12.1,14.0,0.0,0.0,0.13,9.0,66.0,4652.0,0.0,0.0,204.0,0.0,100820.0
2025-02-12 10:00:00,27.4416483906759,26.1448641963379,0.0,0.5543055555555556,16.8,56,1,11.1,232,12.7,12.1,14.0,0.0,0.0,0.23,15.0,58.0,19050.0,1.0,2.0,264.0,0.0,100910.0
2025-02-12 11:00:00,27.4435135778289,26.2750342755279,0.0,0.5579861111111112,18.2,57,3,8.8,255,14.4,12.3,14.0,0.0,0.0,0.31,16.0,53.0,32232.0,2.0,4.0,240.0,0.0,100930.0
2025-02-12 12:00:00,27.5481693462306,26.1451606495882,0.0,0.5616666666666666,19.2,53,5,8.8,265,16.0,12.5,14.0,0.0,0.0,0.38,18.0,51.0,50344.0,4.0,3.0,211.0,0.0,100920.0
2025-02-12 13:00:00,27.5801496981452,26.1189575672551,0.0,0.5653472222222222,20.4,50,14,9.7,290,17.6,13.1,14.0,0.0,0.0,0.41,19.0,51.0,66330.0,3.0,4.0,292.0,0.0,100870.0
2025-02-12 14:00:00,27.3902677792871,25.8168909096327,0.0,0.5690277777777778,19.8,59,14,11.5,328,18.2,13.4,14.0,0.0,0.0,0.36,21.0,45.0,66949.0,6.0,4.0,270.0,0.0,100740.0
2025-02-12 15:00:00,27.4885361951201,25.9685526081496,0.0,0.5727083333333334,18.1,69,9,15.2,337,18.3,13.8,14.0,0.0,0.0,0.28,19.0,58.0,68225.0,6.0,4.0,36.0,0.0,100620.0
2025-02-12 16:00:00,27.3035796946155,25.8931086871672,0.0,0.576388888888889,17.5,70,11,9.4,319,17.9,14.1,14.0,0.0,0.0,0.19,18.0,67.0,41976.0,3.0,6.0,19.0,0.0,100600.0
2025-02-12 17:00:00,27.275044259578,25.8185133520924,0.0,0.5800694444444445,16.4,74,41,5.0,322,17.1,14.3,14.0,0.0,0.0,0.09,17.0,69.0,23010.0,1.0,5.0,0.0,0.0,100600.0
2025-02-12 18:00:00,27.1626426956159,25.9149120306817,0.0,0.58375,14.7,77,36,2.8,291,15.9,14.4,14.1,0.0,0.0,0.02,16.0,71.0,6335.0,0.0,4.0,4.0,0.0,100640.0
2025-02-12 19:00:00,27.1825007226811,26.1057346717937,0.0,0.5874305555555556,13.6,75,47,6.0,254,14.7,14.5,14.1,0.0,0.0,0.01,16.0,74.0,407.0,0.0,2.0,330.0,0.0,100690.0
2025-02-12 20:00:00,26.9996634506302,25.5378922809783,0.0,0.5911111111111111,14.1,72,35,9.0,219,14.2,14.5,14.1,0.0,0.0,0.02,16.0,75.0,0.0,0.0,0.0,282.0,0.0,100770.0
2025-02-12 21:00:00,27.0005893830791,25.7977956597438,0.0,0.5947916666666667,13.3,70,39,9.2,212,13.8,14.4,14.1,0.0,0.0,0.02,16.0,69.0,0.0,0.0,1.0,276.0,0.0,100880.0
2025-02-12 22:00:00,27.0817272805445,25.6449772053032,0.0,0.5984722222222223,12.7,67,22,9.2,220,13.3,14.4,14.1,0.0,0.0,0.02,15.0,69.0,0.0,0.0,1.0,246.0,0.0,100950.0
2025-02-12 23:00:00,27.2786726332177,25.6596748094813,0.0,0.6021527777777778,12.2,66,0,9.9,221,12.9,14.3,14.1,0.0,0.0,0.03,14.0,73.0,0.0,0.0,1.0,246.0,0.0,100970.0
2025-02-13 00:00:00,27.1314348795232,25.7025205406069,0.0,0.6058333333333333,11.4,67,0,11.0,219,12.4,14.1,14.1,0.0,0.0,0.03,13.0,74.0,0.0,0.0,0.0,228.0,0.0,100980.0
2025-02-13 01:00:00,26.9727440095512,25.7162551140449,0.0,0.6095138888888889,11.5,67,0,9.9,212,13.1,14.1,14.1,0.0,0.0,0.03,12.0,73.0,0.0,0.0,1.0,210.0,0.0,100970.0
2025-02-13 02:00:00,27.0011376419514,25.6155886232243,0.0,0.6131944444444445,10.9,68,0,8.5,214,12.4,14.0,14.1,0.0,0.0,0.02,12.0,69.0,0.0,0.0,2.0,204.0,0.0,100940.0
2025-02-13 03:00:00,26.8553508756373,25.7533687086521,0.0,0.6168750000000001,10.1,70,0,7.0,215,11.8,13.9,14.1,0.0,0.0,0.01,12.0,68.0,0.0,0.0,2.0,270.0,0.0,100910.0
2025-02-13 04:00:00,26.7702498023406,25.6428708526907,0.0,0.6205555555555556,9.5,72,0,5.8,216,11.3,13.7,14.1,0.0,0.0,0.01,12.0,66.0,0.0,0.0,1.0,234.0,0.0,100880.0
2025-02-13 05:00:00,26.7293847244782,25.6057490296053,0.0,0.6242361111111111,9.1,72,0,4.4,203,10.7,13.6,14.1,0.0,0.0,0.0,10.0,77.0,0.0,0.0,0.0,192.0,0.0,100900.0
2025-02-13 06:00:00,26.8107111996031,25.5592842883086,0.0,0.6279166666666667,8.7,73,0,4.2,180,10.2,13.4,14.1,0.0,0.0,0.0,10.0,78.0,0.0,0.0,1.0,180.0,0.0,100900.0
2025-02-13 07:00:00,26.8422191093839,25.3820418298265,0.0,0.6315972222222223,8.3,74,0,4.1,166,9.8,13.1,14.1,0.0,0.0,0.0,9.0,79.0,0.0,0.0,0.0,240.0,0.0,100940.0
2025-02-13 08:00:00,26.8400540302257,25.3900094913287,0.0,0.6352777777777778,10.4,71,0,4.3,162,10.1,12.9,14.1,0.0,0.0,0.02,6.0,88.0,264.0,0.0,0.0,204.0,0.0,100960.0
2025-02-13 09:00:00,26.827124991795,25.467938327642,0.0,0.6389583333333334,14.1,66,0,5.4,181,11.5,12.8,14.1,0.0,0.0,0.12,9.0,82.0,5680.0,0.0,0.0,294.0,0.0,101010.0
2025-02-13 10:00:00,26.7568760687497,25.4877676692953,0.0,0.6426388888888889,16.3,52,0,1.9,208,13.3,12.8,14.1,0.0,0.0,0.22,14.0,67.0,22202.0,1.0,1.0,192.0,0.0,101040.0
2025-02-13 11:00:00,26.9232199363346,26.6386435176378,0.0,0.6463194444444444,17.2,49,0,0.5,323,15.1,12.9,14.1,0.0,0.0,0.31,16.0,59.0,45095.0,3.0,1.0,18.0,0.0,101080.0
2025-02-13 12:00:00,28.0189615192265,29.5357605966745,0.0,0.65,17.8,48,0,3.1,33,16.6,13.2,14.1,0.0,0.0,0.37,18.0,49.0,62772.0,4.0,1.0,292.0,0.0,101080.0
2025-02-13 13:00:00,28.9883146534364,29.8896258132666,0.0,0.6505952380952381,18.6,49,0,4.4,25,17.9,13.5,14.1,0.0,0.0,0.39,18.0,49.0,15976.0,2.0,2.0,153.0,0.0,101010.0
2025-02-13 14:00:00,29.1500880968154,29.6967871653902,0.0,0.6511904761904762,18.6,50,0,6.6,35,18.5,13.9,14.1,0.0,0.0,0.37,18.0,53.0,72072.0,5.0,2.0,20.0,0.0,100930.0
2025-02-13 15:00:00,29.0530051596518,29.1439204210312,0.0,0.6517857142857143,18.3,52,1,9.1,39,18.6,14.2,14.1,0.0,0.0,0.31,19.0,54.0,57895.0,5.0,4.0,4.0,0.0,100860.0
2025-02-13 16:00:00,28.8934700220592,28.7135218649138,0.0,0.6523809523809524,17.1,57,3,11.1,42,18.1,14.5,14.1,0.0,0.0,0.22,18.0,59.0,40754.0,2.0,4.0,358.0,0.0,100860.0
2025-02-13 17:00:00,28.8327658816423,28.4366598444418,0.0,0.6529761904761905,15.6,65,3,8.4,54,17.1,14.7,14.1,0.0,0.0,0.11,17.0,65.0,19648.0,1.0,4.0,54.0,0.0,100850.0
2025-02-13 18:00:00,28.9741596483786,28.3745239871327,0.0,0.6535714285714286,12.6,77,2,5.6,63,15.7,14.8,14.1,0.0,0.0,0.02,16.0,69.0,5845.0,0.0,2.0,54.0,0.0,100860.0
2025-02-13 19:00:00,28.8098963037729,28.2826438419074,0.0,0.6541666666666667,12.1,77,1,2.0,73,14.2,14.8,14.1,0.0,0.0,0.0,14.0,76.0,177.0,0.0,1.0,82.0,0.0,100880.0
2025-02-13 20:00:00,28.7109677225166,28.2725056599519,0.0,0.6547619047619048,11.7,76,0,0.9,78,13.1,14.7,14.2,0.0,0.0,0.0,12.0,79.0,0.0,0.0,0.0,54.0,0.0,100900.0
2025-02-13 21:00:00,28.7267948119414,28.1051949699667,0.0,0.6553571428571429,11.3,76,0,0.9,83,12.2,14.5,14.2,0.0,0.0,0.0,11.0,85.0,0.0,0.0,0.0,111.0,0.0,100970.0
2025-02-13 22:00:00,28.5859674471445,28.0545565901832,0.0,0.655952380952381,10.5,79,0,3.3,189,11.6,14.3,14.2,0.0,0.0,0.0,9.0,83.0,0.0,0.0,0.0,175.0,0.0,100980.0
2025-02-13 23:00:00,28.6125999225746,27.9574420046055,0.0,0.656547619047619,9.9,80,0,3.3,200,11.0,14.1,14.2,0.0,0.0,0.0,9.0,87.0,0.0,0.0,0.0,184.0,0.0,100950.0
2025-02-14 00:00:00,28.6820611618822,27.8251913854299,0.0,0.6571428571428571,9.5,80,0,2.3,190,10.6,13.9,14.2,0.0,0.0,0.0,8.0,88.0,0.0,0.0,0.0,149.0,0.0,100960.0
2025-02-14 01:00:00,28.3822728521074,27.8456378023438,0.0,0.6577380952380952,9.6,78,0,3.1,204,10.5,13.8,14.2,0.0,0.0,0.0,9.0,87.0,0.0,0.0,0.0,216.0,0.0,100940.0
2025-02-14 02:00:00,28.5826521898325,27.8925760506336,0.0,0.6583333333333333,9.1,78,0,3.9,225,10.1,13.6,14.2,0.0,0.0,0.0,8.0,90.0,0.0,0.0,0.0,222.0,0.0,100900.0
2025-02-14 03:00:00,28.5476620218103,27.883085547089,0.0,0.6589285714285714,8.4,79,0,4.2,243,9.7,13.3,14.2,0.0,0.0,0.0,7.0,90.0,0.0,0.0,0.0,180.0,0.0,100840.0
2025-02-14 04:00:00,28.495972474601,27.8561611580962,0.0,0.6595238095238095,7.8,80,0,3.8,239,9.4,13.1,14.2,0.0,0.0,0.0,7.0,88.0,0.0,0.0,0.0,180.0,0.0,100800.0
2025-02-14 05:00:00,28.3908242032519,27.7269978571576,0.0,0.6601190476190476,7.7,78,0,2.9,225,9.1,12.9,14.2,0.0,0.0,0.0,6.0,89.0,0.0,0.0,0.0,186.0,0.0,100780.0
2025-02-14 06:00:00,28.3937217754092,27.4178258733599,0.0,0.6607142857142857,7.8,75,0,3.4,228,8.8,12.6,14.2,0.0,0.0,0.0,6.0,89.0,0.0,0.0,0.0,186.0,0.0,100780.0
2025-02-14 07:00:00,28.2303904610013,27.634801560949,0.0,0.6613095238095238,7.5,76,0,5.2,236,8.6,12.4,14.2,0.0,0.0,0.0,6.0,89.0,0.0,0.0,0.0,186.0,0.0,100790.0
2025-02-14 08:00:00,28.4549818957308,27.4406785677964,0.0,0.6619047619047619,10.3,71,0,5.1,238,9.0,12.2,14.2,0.0,0.0,0.03,6.0,89.0,784.0,0.0,1.0,192.0,0.0,100810.0
2025-02-14 09:00:00,28.1915529928092,27.4709872649448,0.0,0.6625,13.9,67,0,5.1,247,10.6,12.1,14.2,0.0,0.0,0.12,9.0,79.0,7800.0,0.0,0.0,186.0,0.0,100790.0
2025-02-14 10:00:00,28.3053152629307,27.6101940556767,0.0,0.6630952380952381,16.5,60,0,5.3,292,12.6,12.1,14.1,0.0,0.0,0.23,13.0,68.0,26263.0,2.0,2.0,228.0,0.0,100800.0
2025-02-14 11:00:00,28.1611937228822,27.2881579433665,0.0,0.6636904761904762,18.0,53,0,5.2,333,14.5,12.2,14.1,0.0,0.0,0.33,16.0,54.0,49510.0,4.0,0.0,193.0,0.0,100780.0
2025-02-14 12:00:00,28.0464654803698,27.3060705201583,0.0,0.6642857142857143,19.0,52,0,6.3,1,16.2,12.5,14.1,0.0,0.0,0.39,19.0,45.0,66068.0,4.0,1.0,192.0,0.0,100740.0
2025-02-14 13:00:00,28.0209270936163,27.1708680257462,0.0,0.6648809523809524,19.8,52,0,7.5,18,17.1,12.8,14.1,0.0,0.0,0.41,21.0,38.0,70824.0,4.0,0.0,35.0,0.0,100670.0
2025-02-14 14:00:00,28.090205715881,27.0179127176132,0.0,0.6654761904761904,19.6,53,0,9.4,30,17.9,13.1,14.1,0.0,0.0,0.39,22.0,34.0,67300.0,3.0,2.0,355.0,0.0,100550.0
2025-02-14 15:00:00,27.965156876023,27.0153455632066,0.0,0.6660714285714285,19.0,53,0,10.1,37,18.2,13.5,14.1,0.0,0.0,0.32,22.0,40.0,56650.0,3.0,3.0,43.0,0.0,100480.0
2025-02-14 16:00:00,27.9086161209981,26.6921347120295,0.0,0.6666666666666666,18.3,56,0,9.1,37,17.9,13.8,14.1,0.0,0.0,0.23,21.0,36.0,38068.0,2.0,4.0,66.0,0.0,100480.0
2025-02-14 17:00:00,27.7325883778359,26.7777243485671,0.0,0.6672619047619048,16.6,69,0,5.3,35,17.1,14.0,14.1,0.0,0.0,0.11,20.0,38.0,17041.0,1.0,3.0,48.0,0.0,100470.0
2025-02-14 18:00:00,27.9474179521418,26.7343852207785,0.0,0.6678571428571429,13.6,77,0,1.7,32,15.4,14.2,14.1,0.0,0.0,0.01,19.0,48.0,4170.0,0.0,3.0,24.0,0.0,100450.0
2025-02-14 19:00:00,27.7607925666567,26.7224703864286,0.0,0.668452380952381,12.6,79,0,1.6,339,14.0,14.2,14.1,0.0,0.0,0.0,15.0,74.0,0.0,0.0,2.0,12.0,0.0,100490.0
2025-02-14 20:00:00,28.0527382010405,26.4423736367845,0.0,0.6690476190476191,11.5,83,0,2.5,307,12.8,14.1,14.1,0.0,0.0,0.0,13.0,84.0,0.0,0.0,0.0,54.0,0.0,100530.0
2025-02-14 21:00:00,27.5312497287347,26.8149226880147,0.0,0.6696428571428572,10.7,86,0,1.9,286,12.0,14.0,14.1,0.0,0.0,0.0,11.0,84.0,0.0,0.0,0.0,175.0,0.0,100560.0
2025-02-14 22:00:00,27.7061558080999,26.5945881050818,0.0,0.6702380952380953,10.1,87,0,3.3,256,11.3,13.9,14.2,0.0,0.0,0.0,10.0,88.0,0.0,0.0,0.0,174.0,0.0,100590.0
2025-02-14 23:00:00,27.5820074976003,26.4197115810051,0.0,0.6708333333333334,9.5,89,0,3.8,263,10.8,13.7,14.2,0.0,0.0,0.0,10.0,89.0,0.0,0.0,2.0,180.0,0.0,100570.0
2025-02-15 00:00:00,27.5442684949186,26.4397830855696,0.0,0.6714285714285715,9.3,87,0,3.2,273,10.3,13.5,14.2,0.0,0.0,0.0,9.0,92.0,0.0,0.0,0.0,198.0,0.0,100550.0
2025-02-15 01:00:00,27.6420017134281,26.4430871686116,0.0,0.6720238095238096,8.5,84,0,3.8,263,9.6,13.4,14.2,0.0,0.0,0.0,7.0,92.0,0.0,0.0,0.0,186.0,0.0,100520.0
2025-02-15 02:00:00,27.4245832482636,26.2676490804239,0.0,0.6726190476190477,8.0,85,0,4.4,269,9.4,13.2,14.2,0.0,0.0,0.0,7.0,93.0,0.0,0.0,0.0,198.0,0.0,100500.0
2025-02-15 03:00:00,27.4634878989911,26.4265121869449,0.0,0.6732142857142858,8.3,79,0,2.7,264,9.1,12.9,14.2,0.0,0.0,0.0,7.0,92.0,0.0,0.0,1.0,192.0,0.0,100430.0
2025-02-15 04:00:00,27.2447562201887,26.2438638423561,0.0,0.6738095238095239,8.6,74,0,1.8,265,8.8,12.7,14.2,0.0,0.0,0.0,7.0,93.0,0.0,0.0,0.0,174.0,0.0,100370.0
2025-02-15 05:00:00,27.1626370294939,26.2063715761258,0.0,0.674404761904762,8.6,71,0,1.4,279,8.6,12.4,14.2,0.0,0.0,0.0,6.0,87.0,0.0,0.0,1.0,172.0,0.0,100340.0
2025-02-15 06:00:00,27.3394330440812,26.2387781827444,0.0,0.675,8.6,69,0,1.7,264,8.4,12.2,14.1,0.0,0.0,0.0,6.0,90.0,0.0,0.0,0.0,216.0,0.0,100380.0
2025-02-15 07:00:00,27.2948536020736,26.2248322973271,0.0,0.6755952380952381,8.5,67,0,1.7,248,8.1,12.0,14.1,0.0,0.0,0.0,5.0,92.0,0.0,0.0,0.0,173.0,0.0,100370.0
2025-02-15 08:00:00,27.3188099477636,26.1198603390493,0.0,0.6761904761904762,10.8,69,0,1.8,188,8.7,11.8,14.1,0.0,0.0,0.02,6.0,87.0,1849.0,0.0,1.0,180.0,0.0,100400.0
2025-02-15 09:00:00,27.1874422876277,26.1792484842031,0.0,0.6767857142857143,14.1,62,99,4.2,225,10.4,11.7,14.1,0.0,0.0,0.12,11.0,75.0,10544.0,1.0,0.0,204.0,0.0,100410.0
2025-02-15 10:00:00,27.2838209342222,26.1735792061363,0.0,0.6773809523809524,16.7,56,100,4.7,274,12.4,11.7,14.1,0.0,0.0,0.23,15.0,58.0,28269.0,1.0,3.0,240.0,0.0,100420.0
2025-02-15 11:00:00,27.3018185069002,26.1917450663824,0.0,0.6779761904761905,18.9,50,99,3.3,307,14.5,11.9,14.1,0.0,0.0,0.33,17.0,53.0,50749.0,2.0,1.0,252.0,0.0,100380.0
2025-02-15 12:00:00,27.2161123196089,25.8824736446438,0.0,0.6785714285714286,20.3,48,80,4.2,358,16.3,12.2,14.1,0.0,0.0,0.4,20.0,39.0,66089.0,5.0,2.0,269.0,0.0,100310.0
2025-02-15 13:00:00,27.3376949639521,25.8082242048591,0.0,0.6791666666666667,21.0,51,100,6.1,14,17.2,12.5,14.1,0.0,0.0,0.43,23.0,34.0,71438.0,5.0,1.0,40.0,0.0,100200.0
2025-02-15 14:00:00,27.0876525365305,25.6615841351285,0.0,0.6797619047619048,20.7,52,100,9.0,26,18.2,12.9,14.1,0.0,0.0,0.4,23.0,33.0,71684.0,6.0,2.0,30.0,0.0,100080.0
2025-02-15 15:00:00,27.2938637632499,25.6387264231908,0.0,0.6803571428571429,19.5,53,100,10.2,36,18.2,13.2,14.1,0.0,0.0,0.3,23.0,47.0,49931.0,3.0,2.0,44.0,0.0,99970.0
2025-02-15 16:00:00,27.1162167148578,25.4974110516083,0.0,0.680952380952381,17.8,61,100,8.4,26,17.6,13.6,14.1,0.0,0.0,0.16,21.0,40.0,20442.0,1.0,4.0,26.0,0.0,99920.0
2025-02-15 17:00:00,27.1650577681418,25.5304182951007,0.0,0.6815476190476191,16.2,73,100,6.3,26,16.8,13.8,14.1,0.0,0.0,0.09,19.0,55.0,16212.0,1.0,3.0,13.0,0.0,99950.0
2025-02-15 18:00:00,27.1197482344191,25.5428188796154,0.0,0.6821428571428572,12.8,88,100,4.4,26,15.4,14.0,14.1,0.0,0.0,0.01,16.0,58.0,3568.0,0.0,3.0,42.0,0.0,100030.0
2025-02-15 19:00:00,26.9218925248907,25.5374087877798,0.0,0.6827380952380953,12.4,91,100,2.5,350,14.3,14.0,14.1,0.0,0.0,0.0,15.0,70.0,0.0,0.0,0.0,90.0,0.0,100070.0
2025-02-15 20:00:00,26.9681278567259,25.620844013628,0.0,0.6833333333333333,11.9,91,100,2.0,98,13.5,14.0,14.1,0.0,0.0,0.0,13.0,79.0,0.0,0.0,0.0,114.0,0.0,100060.0
2025-02-15 21:00:00,27.001658535105,25.4143535777357,0.0,0.6839285714285714,12.2,89,100,1.5,108,13.0,13.9,14.1,0.0,0.0,0.0,13.0,78.0,0.0,0.0,2.0,127.0,0.0,100020.0
2025-02-15 22:00:00,26.9299141514924,25.4881122695228,0.0,0.6845238095238095,12.2,87,100,2.0,340,12.6,13.9,14.1,0.0,0.0,0.0,12.0,84.0,0.0,0.0,2.0,6.0,0.0,100050.0
2025-02-15 23:00:00,26.9229406276642,25.3367549703751,0.0,0.6851190476190476,11.3,91,100,4.1,297,12.3,13.8,14.1,0.0,0.0,0.0,12.0,86.0,0.0,0.0,0.0,169.0,0.0,100060.0
2025-02-16 00:00:00,26.9045889887294,25.2941794407884,0.0,0.6857142857142857,10.7,92,82,3.1,307,12.0,13.7,14.1,0.0,0.0,0.0,12.0,89.0,0.0,0.0,2.0,133.0,0.0,100000.0
2025-02-16 01:00:00,26.8522618963013,25.5042369170092,0.0,0.6863095238095238,9.8,99,73,3.0,302,11.8,13.7,14.1,0.0,0.0,0.0,12.0,92.0,0.0,0.0,0.0,228.0,0.0,100010.0
2025-02-16 02:00:00,26.7813061928833,25.394293575787,0.0,0.6869047619047619,10.0,97,100,6.1,278,11.5,13.6,14.1,0.0,0.0,0.0,12.0,92.0,0.0,0.0,2.0,137.0,0.0,99950.0
2025-02-16 03:00:00,26.6878870358078,25.3985717943329,0.0,0.6875,10.1,97,80,9.3,260,11.4,13.5,14.1,0.0,0.0,0.0,12.0,92.0,0.0,0.0,0.0,143.0,0.0,99880.0
2025-02-16 04:00:00,26.8015066515906,25.4554670139882,0.0,0.6880952380952381,10.5,94,100,8.2,267,11.4,13.4,14.1,0.0,0.0,0.0,12.0,93.0,0.0,0.0,0.0,300.0,0.0,99850.0
2025-02-16 05:00:00,26.7860850722581,25.4421701797214,0.0,0.6886904761904762,10.9,91,100,7.4,249,11.4,13.2,14.1,0.0,0.0,0.0,12.0,93.0,0.0,0.0,0.0,240.0,0.0,99860.0
2025-02-16 06:00:00,26.7420418289623,25.1278737114262,0.0,0.6892857142857143,10.7,88,100,5.3,236,11.3,13.1,14.1,0.0,0.0,0.0,13.0,90.0,0.0,0.0,0.0,180.0,0.0,99860.0
2025-02-16 07:00:00,26.5911530977388,25.2935607394004,0.0,0.6898809523809524,10.3,87,100,7.9,250,11.2,13.0,14.1,0.0,0.0,0.0,11.0,90.0,0.0,0.0,2.0,251.0,0.0,99980.0
2025-02-16 08:00:00,26.8444854276653,25.3967432908924,0.0,0.6904761904761905,11.1,89,100,12.0,259,11.5,12.9,14.1,0.0,0.0,0.03,11.0,92.0,1377.0,0.0,1.0,252.0,0.0,100100.0
2025-02-16 09:00:00,26.7159562605513,25.2248138638103,0.0,0.6910714285714286,14.2,75,100,11.1,252,12.3,12.9,14.1,0.0,0.0,0.1,12.0,87.0,12471.0,1.0,2.0,240.0,0.0,100210.0
2025-02-16 10:00:00,26.6181644740539,25.2638471623976,0.0,0.6916666666666667,16.6,63,100,16.8,245,13.6,12.9,14.1,0.1,0.1,0.21,15.0,80.0,23649.0,1.0,2.0,262.0,0.0,100280.0
2025-02-16 11:00:00,26.5324294941639,25.2827439206049,0.0,0.6922619047619047,17.3,68,100,17.7,261,14.6,13.0,14.1,0.1,0.1,0.21,16.0,76.0,23181.0,1.0,3.0,228.0,0.0,100320.0
2025-02-16 12:00:00,26.6508157358425,24.9805386334734,0.0,0.6928571428571428,18.1,65,100,17.0,280,15.3,13.2,14.1,0.3,0.3,0.22,17.0,74.0,2175.0,0.0,3.0,346.0,0.0,100360.0
2025-02-16 13:00:00,26.4196148150577,25.1594501661478,0.0,0.6934523809523809,17.5,73,98,16.8,308,15.4,13.2,14.1,0.9,0.9,0.26,16.0,80.0,13314.0,1.0,4.0,318.0,0.0,100330.0
2025-02-16 14:00:00,26.6721992142763,25.2484458000341,0.0,0.694047619047619,17.3,75,100,14.2,320,15.7,13.4,14.1,1.5,1.5,0.22,16.0,81.0,11286.0,1.0,4.0,5.0,0.0,100310.0
2025-02-16 15:00:00,26.5428022246511,25.2490140871527,0.0,0.6946428571428571,17.6,67,100,10.5,331,16.0,13.6,14.1,0.1,0.1,0.23,16.0,84.0,12430.0,1.0,3.0,350.0,0.0,100280.0
2025-02-16 16:00:00,26.5563768902289,25.0036162234156,0.0,0.6952380952380952,17.3,67,100,8.5,318,16.3,13.8,14.1,0.0,0.0,0.19,17.0,72.0,40376.0,3.0,5.0,347.0,0.0,100260.0
2025-02-16 17:00:00,26.5490030758561,24.9336488303792,0.0,0.6958333333333333,16.6,72,28,3.9,309,16.1,14.0,14.1,0.0,0.0,0.09,17.0,67.0,8784.0,1.0,4.0,336.0,0.0,100300.0
2025-02-16 18:00:00,26.5667062619398,24.991493627429,0.0,0.6964285714285714,14.3,78,4,0.2,288,14.9,14.1,14.1,0.0,0.0,0.01,17.0,66.0,2657.0,0.0,2.0,338.0,0.0,100380.0
2025-02-16 19:00:00,26.634372626723,24.8091520027658,0.0,0.6970238095238095,13.0,82,0,2.0,178,13.7,14.1,14.1,0.0,0.0,0.0,13.0,82.0,0.0,0.0,1.0,109.0,0.0,100420.0
2025-02-16 20:00:00,26.4413743415144,25.1550193019305,0.0,0.6976190476190476,11.5,86,0,4.7,181,12.8,14.0,14.1,0.0,0.0,0.0,12.5,81.5,0.0,0.0,0.5,136.5,0.0,100445.0
2025-02-16 21:00:00,26.3661633780125,24.8481265638444,0.0,0.6982142857142857,10.7,89,0,5.9,187,12.2,13.9,14.1,0.0,0.0,0.0,12.0,81.0,0.0,0.0,0.0,164.0,0.0,100470.0
2025-02-16 22:00:00,26.3949962117024,24.9817577768114,0.0,0.6988095238095238,10.1,89,0,7.2,198,11.7,13.8,14.1,0.0,0.0,0.0,10.0,87.0,0.0,0.0,0.0,176.0,0.0,100500.0
2025-02-16 23:00:00,26.2406101966333,24.9203024372474,0.0,0.6994047619047619,9.8,86,0,6.8,196,11.4,13.6,14.1,0.0,0.0,0.0,9.0,87.0,0.0,0.0,0.0,176.0,0.0,100580.0
2025-02-17 00:00:00,26.3343655117957,24.9627032786812,0.0,0.7,9.5,86,0,6.2,202,11.0,13.5,14.1,0.0,0.0,0.0,11.0,82.0,0.0,0.0,0.0,198.0,0.0,100580.0
2025-02-17 01:00:00,26.2117175973241,24.9049477144789,0.0,0.700595238095238,9.5,83,0,5.2,201,11.3,13.4,14.1,0.0,0.0,0.0,10.0,83.0,0.0,0.0,1.0,168.0,0.0,100570.0
2025-02-17 02:00:00,26.380462458577,24.93781065774,0.0,0.7011904761904763,9.4,82,0,5.9,214,10.8,13.3,14.1,0.0,0.0,0.0,9.0,84.0,0.0,0.0,2.0,162.0,0.0,100560.0
2025-02-17 03:00:00,26.1118063426419,24.8197443047136,0.0,0.7017857142857143,9.5,80,0,6.6,227,10.4,13.1,14.1,0.0,0.0,0.0,9.0,86.0,0.0,0.0,0.0,188.0,0.0,100530.0
2025-02-17 04:00:00,26.3456915684356,24.9082687854871,0.0,0.7023809523809524,9.3,79,0,6.6,229,10.1,13.0,14.1,0.0,0.0,0.0,8.0,87.0,0.0,0.0,1.0,192.0,0.0,100490.0
2025-02-17 05:00:00,26.1903276931595,24.7109622836366,0.0,0.7029761904761905,9.1,79,0,7.3,231,9.9,12.8,14.1,0.0,0.0,0.0,9.0,84.0,0.0,0.0,1.0,192.0,0.0,100450.0
2025-02-17 06:00:00,26.3143247861914,24.9888069201193,0.0,0.7035714285714286,9.1,79,0,7.7,225,9.8,12.6,14.1,0.0,0.0,0.0,8.0,85.0,0.0,0.0,0.0,228.0,0.0,100440.0
2025-02-17 07:00:00,26.2356507095475,24.782046144241,0.0,0.7041666666666667,8.9,80,0,6.8,227,9.6,12.5,14.1,0.0,0.0,0.0,8.0,87.0,0.0,0.0,2.0,204.0,0.0,100450.0
2025-02-17 08:00:00,26.1846541626164,24.8855535160125,0.0,0.7047619047619048,11.9,71,0,7.1,232,10.1,12.3,14.1,0.0,0.0,0.04,9.0,84.0,0.0,0.0,1.0,222.0,0.0,100470.0
2025-02-17 09:00:00,26.4016595831648,24.6593111722658,0.0,0.7053571428571429,15.1,66,0,7.1,236,11.5,12.3,14.1,0.0,0.0,0.13,10.0,80.0,4520.0,0.0,1.0,216.0,0.0,100520.0
2025-02-17 10:00:00,26.2110992271727,24.6890870416557,0.0,0.705952380952381,17.4,59,0,7.4,256,13.4,12.3,14.1,0.0,0.0,0.24,13.0,73.0,16981.0,1.0,2.0,223.0,0.0,100560.0
2025-02-17 11:00:00,26.3753137351805,24.51137534721,0.0,0.7065476190476191,18.9,52,0,6.5,273,15.2,12.5,14.1,0.0,0.0,0.34,15.0,64.0,39236.0,2.0,3.0,270.0,0.0,100550.0
2025-02-17 12:00:00,26.2334851300657,24.5323781791737,0.0,0.7071428571428572,19.8,48,0,4.7,300,16.8,12.8,14.1,0.0,0.0,0.4,17.0,55.0,58476.0,4.0,3.0,289.0,0.0,100570.0
2025-02-17 13:00:00,26.159482281277,24.4888277449184,0.0,0.7077380952380953,20.5,48,0,5.2,360,17.9,13.0,14.1,0.0,0.0,0.42,19.0,49.0,68404.0,5.0,4.0,251.0,0.0,100540.0
2025-02-17 14:00:00,26.2225579331199,24.2164999711277,0.0,0.7083333333333334,20.3,51,0,9.6,20,18.6,13.4,14.1,0.0,0.0,0.4,21.0,44.0,71568.0,7.0,1.0,288.0,0.0,100450.0
2025-02-17 15:00:00,26.1949560086743,24.1185713754852,0.0,0.7089285714285715,19.3,54,0,12.7,28,18.8,13.8,14.1,0.0,0.0,0.33,21.0,42.0,62720.0,4.0,3.0,90.0,0.0,100340.0
2025-02-17 16:00:00,26.1722078206308,24.0117500815917,0.0,0.7095238095238096,18.3,55,7,12.1,44,18.4,14.1,14.1,0.0,0.0,0.24,20.0,48.0,48637.0,2.0,4.0,37.0,0.0,100310.0
2025-02-17 17:00:00,26.0935597825437,23.8777804056878,0.0,0.7101190476190476,17.0,62,98,8.7,52,17.5,14.3,14.1,0.0,0.0,0.13,19.0,48.0,28145.0,2.0,4.0,73.0,0.0,100280.0
2025-02-17 18:00:00,26.0607500680159,24.0035453799444,0.0,0.7107142857142857,14.1,73,100,7.1,65,16.1,14.5,14.1,0.0,0.0,0.03,19.0,50.0,9477.0,1.0,3.0,72.0,0.0,100230.0
2025-02-17 19:00:00,26.0502549946244,23.9688558427993,0.0,0.7113095238095238,13.0,77,100,2.9,64,14.8,14.5,14.1,0.0,0.0,0.0,16.0,58.0,1734.0,0.0,1.0,42.0,0.0,100240.0
2025-02-17 20:00:00,25.8426113439462,23.9838862008442,0.0,0.7119047619047619,12.7,78,100,0.8,50,13.7,14.5,14.1,0.0,0.0,0.0,14.0,64.0,0.0,0.0,0.0,101.0,0.0,100270.0
2025-02-17 21:00:00,26.0057140388136,23.9376451287516,0.0,0.7125,11.8,82,100,0.4,53,12.9,14.4,14.1,0.0,0.0,0.0,12.0,68.0,0.0,0.0,0.0,150.0,0.0,100280.0
2025-02-17 22:00:00,26.1153346457901,23.9715890127276,0.0,0.7130952380952381,10.7,86,95,0.7,36,12.3,14.3,14.1,0.0,0.0,0.0,12.0,74.0,0.0,0.0,0.0,103.0,0.0,100280.0
2025-02-17 23:00:00,25.9252457539554,23.9427517616995,0.0,0.7136904761904762,9.6,90,91,1.7,11,11.7,14.1,14.1,0.0,0.0,0.0,11.0,77.0,0.0,0.0,0.0,258.0,0.0,100230.0
2025-02-18 00:00:00,26.0365341774931,24.007538292967,0.0,0.7142857142857143,9.1,91,99,2.3,340,11.2,14.0,14.2,0.0,0.0,0.0,10.0,78.0,0.0,0.0,0.0,180.0,0.0,100210.0
2025-02-18 01:00:00,25.9272828173189,23.9528725336305,0.0,0.7148809523809524,9.0,87,93,3.1,321,11.1,13.9,14.2,0.0,0.0,0.0,10.0,79.0,0.0,0.0,1.0,143.0,0.0,100160.0
2025-02-18 02:00:00,25.9588721743588,24.1328465970809,0.0,0.7154761904761905,8.8,84,60,2.7,284,10.7,13.7,14.2,0.0,0.0,0.0,9.0,81.0,0.0,0.0,1.0,198.0,0.0,100110.0
2025-02-18 03:00:00,25.9396180103323,23.9754361731058,0.0,0.7160714285714286,8.9,80,60,3.5,188,10.2,13.5,14.2,0.0,0.0,0.0,8.0,83.0,0.0,0.0,0.0,174.0,0.0,100050.0
2025-02-18 04:00:00,25.8593422732701,24.0257634495724,0.0,0.7166666666666667,9.1,78,31,4.1,198,9.9,13.3,14.2,0.0,0.0,0.0,9.0,82.0,0.0,0.0,2.0,138.0,0.0,100050.0
2025-02-18 05:00:00,25.7229225704444,24.0306688672725,0.0,0.7172619047619048,9.4,78,45,4.6,188,9.6,13.1,14.2,0.0,0.0,0.0,8.0,84.0,0.0,0.0,1.0,6.0,0.0,99980.0
2025-02-18 06:00:00,25.8168978328764,23.8357967908663,0.0,0.7178571428571429,9.2,80,0,4.9,192,9.5,12.9,14.2,0.0,0.0,0.0,7.0,85.0,0.0,0.0,1.0,258.0,0.0,99960.0
2025-02-18 07:00:00,25.4950700591081,23.842269772738,0.0,0.718452380952381,9.0,80,0,5.6,188,9.3,12.7,14.2,0.0,0.0,0.0,8.0,82.0,0.0,0.0,1.0,132.0,0.0,99950.0
2025-02-18 08:00:00,25.9599164029983,24.0145529824902,0.0,0.719047619047619,12.3,71,16,6.5,192,9.9,12.5,14.2,0.0,0.0,0.04,10.0,76.0,193.0,0.0,2.0,336.0,0.0,100000.0
2025-02-18 09:00:00,25.7324939537846,24.0137977400155,0.0,0.7196428571428571,17.0,63,0,7.3,209,11.6,12.4,14.1,0.0,0.0,0.15,12.0,67.0,5658.0,0.0,1.0,246.0,0.0,100050.0
2025-02-18 10:00:00,25.8394332504827,23.9639162836838,0.0,0.7202380952380952,20.8,52,19,5.0,230,13.8,12.5,14.1,0.0,0.0,0.27,17.0,51.0,21603.0,1.0,2.0,264.0,0.0,100050.0
2025-02-18 11:00:00,25.6852097733431,23.6807165855026,0.0,0.7208333333333333,23.5,34,94,12.6,200,15.9,12.7,14.1,0.0,0.0,0.42,19.0,44.0,45596.0,3.0,5.0,288.0,0.0,100080.0
2025-02-18 12:00:00,25.6385532873335,23.4591300576305,0.0,0.7214285714285714,25.2,30,100,12.1,216,17.6,13.0,14.1,0.0,0.0,0.5,21.0,40.0,62822.0,5.0,3.0,281.0,0.0,100080.0
2025-02-18 13:00:00,25.5856435429155,23.4655468428002,0.0,0.7220238095238095,25.0,32,100,11.3,265,18.7,13.4,14.1,0.0,0.0,0.48,24.0,34.0,56012.0,3.0,2.0,309.0,0.0,100020.0
2025-02-18 14:00:00,25.686148443935,23.3646036983884,0.0,0.7226190476190476,23.4,44,100,12.1,335,19.4,13.8,14.1,0.0,0.0,0.42,26.0,28.0,56205.0,5.0,5.0,246.0,0.0,99920.0
2025-02-18 15:00:00,25.546735217576,23.2886243396071,0.0,0.7232142857142857,20.6,63,100,9.3,15,19.4,14.1,14.1,0.0,0.0,0.28,21.0,58.0,66250.0,6.0,4.0,48.0,0.0,99900.0
2025-02-18 16:00:00,25.5362950234108,23.0507896187711,0.0,0.7238095238095238,19.3,65,100,12.1,69,19.0,14.5,14.1,0.0,0.0,0.21,20.0,60.0,52912.0,3.0,2.0,52.0,0.0,99890.0
2025-02-18 17:00:00,25.4755074913112,22.9884008409261,0.0,0.7244047619047619,17.6,71,100,9.9,41,18.1,14.7,14.2,0.0,0.0,0.11,20.0,61.0,12604.0,1.0,4.0,30.0,0.0,99890.0
2025-02-18 18:00:00,25.3411115468993,22.8163448247425,0.0,0.725,14.7,83,78,5.6,67,16.8,14.9,14.2,0.0,0.0,0.02,18.0,56.0,6308.0,0.0,3.0,30.0,0.0,99920.0
2025-02-18 19:00:00,25.5263422956653,22.7773447596959,0.0,0.7255952380952381,15.3,81,92,1.5,79,16.0,15.0,14.2,0.0,0.0,0.0,17.0,64.0,448.0,0.0,2.0,108.0,0.0,99980.0
2025-02-18 20:00:00,25.3641618194596,22.8372403467557,0.0,0.7261904761904762,15.4,80,93,0.5,77,15.4,15.0,14.2,0.0,0.0,0.0,17.0,61.0,0.0,0.0,1.0,137.0,0.0,100050.0
2025-02-18 21:00:00,25.425354362572,23.066341665884,0.0,0.7267857142857143,15.0,81,100,0.6,6,14.9,15.0,14.2,0.0,0.0,0.0,16.0,64.0,0.0,0.0,2.0,48.0,0.0,100100.0
2025-02-18 22:00:00,25.5079649815393,23.0963077277784,0.0,0.7273809523809524,15.2,80,71,0.7,351,14.6,15.0,14.2,0.0,0.0,0.0,13.0,77.0,0.0,0.0,2.0,186.0,0.0,100170.0
2025-02-18 23:00:00,25.4908117316137,22.7994954466398,0.0,0.7279761904761904,13.8,81,60,8.7,264,14.2,14.9,14.2,0.0,0.0,0.01,12.0,78.0,0.0,0.0,2.0,151.0,0.0,100190.0
2025-02-19 00:00:00,25.2972069557372,23.0530076949129,0.0,0.7285714285714285,13.1,81,58,1.1,288,13.7,14.8,14.2,0.0,0.0,0.0,14.0,86.0,0.0,0.0,3.0,113.0,0.0,100180.0
2025-02-19 01:00:00,25.2346618626382,22.9562640555195,0.0,0.7291666666666666,13.4,82,74,3.8,276,13.8,14.7,14.2,0.0,0.0,0.0,13.0,93.0,0.0,0.0,1.0,104.0,0.0,100220.0
2025-02-19 02:00:00,25.2859666170019,22.9375688110662,0.0,0.7297619047619047,13.0,83,94,4.3,288,13.3,14.6,14.2,0.0,0.0,0.0,14.0,93.0,0.0,0.0,3.0,120.0,0.0,100280.0
2025-02-19 03:00:00,25.2094174043312,22.9703202323767,0.0,0.7303571428571428,12.2,93,93,2.7,311,12.9,14.5,14.2,0.0,0.0,0.0,14.0,93.0,0.0,0.0,1.0,78.0,0.0,100310.0
2025-02-19 04:00:00,25.3416960557269,22.8323640838675,0.0,0.7309523809523809,11.3,89,84,5.4,247,12.4,14.4,14.2,0.0,0.0,0.0,14.0,95.0,0.0,0.0,3.0,111.0,0.0,100330.0
2025-02-19 05:00:00,25.2094777838137,23.0293699679183,0.0,0.731547619047619,11.7,87,90,4.9,257,12.3,14.3,14.2,0.0,0.0,0.0,14.0,94.0,0.0,0.0,0.0,54.0,0.0,100370.0
2025-02-19 06:00:00,25.3553192779856,22.9444708475496,0.0,0.7321428571428571,11.9,84,100,4.6,251,12.3,14.1,14.3,0.0,0.0,0.0,13.0,94.0,0.0,0.0,0.0,228.0,0.0,100460.0
2025-02-19 07:00:00,25.031241261247,22.8889585373744,0.0,0.7327380952380952,11.8,84,99,5.2,230,12.1,14.0,14.3,0.0,0.0,0.02,13.0,94.0,0.0,0.0,0.0,163.0,0.0,100520.0
2025-02-19 08:00:00,25.202052986824,22.8879592012842,0.0,0.7333333333333333,13.5,83,91,8.1,241,12.5,13.9,14.3,0.0,0.0,0.04,12.0,95.0,751.0,0.0,0.0,216.0,0.0,100590.0
2025-02-19 09:00:00,25.2697002036251,23.0484878024426,0.0,0.7339285714285714,15.8,80,92,6.0,239,13.6,13.9,14.3,0.0,0.0,0.11,14.0,91.0,8251.0,0.0,2.0,270.0,0.0,100680.0
2025-02-19 10:00:00,25.1036898349745,22.9266657448422,0.0,0.7345238095238095,17.2,73,85,6.4,256,15.0,13.9,14.3,0.0,0.0,0.2,16.0,75.0,28302.0,1.0,2.0,264.0,0.0,100750.0
2025-02-19 11:00:00,25.2293320095288,22.9194170855299,0.0,0.7351190476190477,18.7,64,10,7.6,289,16.7,14.0,14.3,0.0,0.0,0.33,18.0,60.0,31427.0,2.0,3.0,279.0,0.0,100760.0
2025-02-19 12:00:00,25.0566350206938,22.8380850887568,0.0,0.7357142857142858,19.3,59,24,6.5,322,18.0,14.3,14.3,0.0,0.0,0.36,19.0,54.0,35451.0,3.0,4.0,293.0,0.0,100800.0
2025-02-19 13:00:00,25.0877360093592,22.6032428314583,0.0,0.7363095238095239,19.6,56,55,10.0,319,18.4,14.3,14.3,0.0,0.0,0.36,20.0,57.0,74729.0,4.0,1.0,90.0,0.0,100790.0
2025-02-19 14:00:00,24.9979926311325,22.4106552431756,0.0,0.736904761904762,17.4,77,89,11.2,43,18.5,14.6,14.3,0.7,0.7,0.27,19.0,67.0,78523.0,6.0,4.0,17.0,0.0,100750.0
2025-02-19 15:00:00,25.1627665222674,22.1542643159089,0.0,0.7375,17.2,79,79,3.4,83,18.1,14.8,14.3,0.1,0.1,0.2,19.0,70.0,62384.0,3.0,3.0,20.0,0.0,100730.0
2025-02-19 16:00:00,25.0293972325203,22.2261668557,0.0,0.7380952380952381,17.3,80,35,9.6,25,17.8,15.0,14.3,0.1,0.1,0.14,19.0,68.0,47144.0,3.0,3.0,73.0,0.0,100760.0
2025-02-19 17:00:00,24.7780594644108,22.2169761410689,0.0,0.7386904761904762,16.2,85,41,8.3,6,17.2,15.2,14.3,0.0,0.0,0.09,18.0,67.0,16834.0,1.0,3.0,18.0,0.0,100820.0
2025-02-19 18:00:00,25.0263669617736,21.9847738980995,0.0,0.7392857142857143,13.9,94,30,3.1,19,16.2,15.3,14.3,0.0,0.0,0.01,17.0,71.0,7617.0,0.0,3.0,48.0,0.0,100880.0
2025-02-19 19:00:00,24.7415409030414,22.1203144617187,0.0,0.7398809523809524,13.2,96,37,1.0,22,15.1,15.3,14.3,0.0,0.0,0.0,15.0,76.0,263.0,0.0,1.0,38.0,0.0,100960.0
2025-02-19 20:00:00,24.8327415071762,22.2686512642767,0.0,0.7404761904761905,13.1,97,29,1.7,58,14.4,15.2,14.3,0.0,0.0,0.0,14.0,81.0,0.0,0.0,0.0,54.0,0.0,101060.0
2025-02-19 21:00:00,24.9218770516879,22.0077404110739,0.0,0.7410714285714286,12.8,98,47,1.4,90,13.9,15.1,14.3,0.0,0.0,0.0,12.0,83.0,0.0,0.0,0.0,145.0,0.0,101100.0
2025-02-19 22:00:00,24.9080108864571,22.1010664829722,0.0,0.7416666666666667,12.3,99,34,0.2,66,13.3,15.0,14.3,0.0,0.0,0.0,11.0,89.0,0.0,0.0,0.0,166.0,0.0,101160.0
2025-02-19 23:00:00,24.8687893064124,22.2258616261005,0.0,0.7422619047619048,11.3,100,99,2.4,225,13.0,14.9,14.3,0.0,0.0,0.0,11.0,85.0,0.0,0.0,0.0,168.0,0.0,101180.0
2025-02-20 00:00:00,24.7410638813548,22.0185838660658,0.0,0.7428571428571429,11.3,100,95,6.2,214,13.0,14.7,14.3,0.0,0.0,0.0,10.0,89.0,0.0,0.0,0.0,163.0,0.0,101230.0
2025-02-20 01:00:00,24.7031734439813,22.1531532980501,0.0,0.743452380952381,11.0,98,72,4.7,244,12.6,14.6,14.4,0.0,0.0,0.0,10.0,90.0,0.0,0.0,0.0,174.0,0.0,101240.0
2025-02-20 02:00:00,24.7532771217081,22.1416441767497,0.0,0.7440476190476191,11.4,95,63,3.7,221,12.5,14.5,14.4,0.0,0.0,0.0,9.0,93.0,0.0,0.0,0.0,186.0,0.0,101290.0
2025-02-20 03:00:00,24.5601364864399,22.2102260546643,0.0,0.7446428571428572,11.4,92,67,3.5,210,12.4,14.3,14.4,0.0,0.0,0.0,9.0,91.0,0.0,0.0,0.0,174.0,0.0,101280.0
2025-02-20 04:00:00,24.741953531681,22.081245930523,0.0,0.7452380952380953,11.1,93,60,3.0,217,12.3,14.2,14.4,0.0,0.0,0.0,8.0,92.0,0.0,0.0,0.0,138.0,0.0,101260.0
2025-02-20 05:00:00,24.5807015712347,22.2830884382292,0.0,0.7458333333333333,10.8,95,62,3.1,219,12.0,14.1,14.4,0.0,0.0,0.0,8.0,94.0,0.0,0.0,0.0,175.0,0.0,101300.0
2025-02-20 06:00:00,24.6019836774745,22.1043484056836,0.0,0.7464285714285714,10.9,94,100,3.8,209,11.9,13.9,14.4,0.0,0.0,0.0,8.0,94.0,0.0,0.0,0.0,198.0,0.0,101330.0
2025-02-20 07:00:00,24.6929348355126,22.1943096494896,0.0,0.7470238095238095,10.6,93,100,4.2,215,11.7,13.8,14.4,0.0,0.0,0.01,7.0,94.0,0.0,0.0,1.0,174.0,0.0,101390.0
2025-02-20 08:00:00,24.7245586957865,22.0656477870028,0.0,0.7476190476190476,12.0,90,100,5.9,217,12.0,13.7,14.4,0.0,0.0,0.03,7.0,94.0,1502.0,0.0,0.0,174.0,0.0,101440.0
2025-02-20 09:00:00,24.7468652200195,22.1621416504556,0.0,0.7482142857142857,13.6,86,72,5.6,229,12.9,13.6,14.4,0.0,0.0,0.09,11.0,90.0,8508.0,1.0,0.0,184.0,0.0,101510.0
2025-02-20 10:00:00,24.4701791946629,22.1958772736799,0.0,0.7488095238095238,15.6,80,10,4.7,256,14.3,13.6,14.4,0.0,0.0,0.19,14.0,82.0,27846.0,1.0,2.0,276.0,0.0,101550.0
2025-02-20 11:00:00,24.4845844233093,22.1436282659244,0.0,0.7494047619047619,17.3,74,1,4.8,333,16.1,13.8,14.4,0.0,0.0,0.31,17.0,69.0,49991.0,3.0,0.0,119.0,0.0,101540.0
2025-02-20 12:00:00,24.4560739568093,21.9054464292625,0.0,0.75,18.4,69,0,6.9,5,17.6,14.0,14.4,0.0,0.0,0.38,19.0,63.0,63050.0,3.0,2.0,67.0,0.0,101540.0
2025-02-20 13:00:00,24.6390187513498,21.8229581481292,0.0,0.7525,18.8,66,26,7.7,27,18.5,14.3,14.4,0.0,0.0,0.39,20.0,63.0,79394.0,5.0,3.0,108.0,0.0,101480.0
2025-02-20 14:00:00,24.5844856104588,21.4991519671001,0.0,0.755,18.9,66,31,8.4,34,19.2,14.6,14.4,0.0,0.0,0.36,19.0,65.0,69741.0,7.0,3.0,18.0,0.0,101430.0
2025-02-20 15:00:00,24.5975756088376,21.4791042755965,0.0,0.7575,18.1,70,14,12.5,37,19.3,14.9,14.4,0.0,0.0,0.29,19.0,62.0,56690.0,5.0,3.0,39.0,0.0,101380.0
2025-02-20 16:00:00,24.4165812684932,21.4634423554911,0.0,0.76,17.0,75,6,12.8,41,18.9,15.2,14.4,0.0,0.0,0.21,19.0,62.0,39050.0,2.0,4.0,54.0,0.0,101370.0
2025-02-20 17:00:00,24.538783687804,21.4145257652195,0.0,0.7625,15.9,80,7,10.2,43,18.1,15.4,14.4,0.0,0.0,0.11,18.0,69.0,18480.0,1.0,3.0,24.0,0.0,101400.0
2025-02-20 18:00:00,24.292899124438,21.3807098142926,0.0,0.765,13.4,93,10,5.3,49,16.7,15.5,14.4,0.0,0.0,0.01,16.0,76.0,5515.0,0.0,3.0,33.0,0.0,101420.0
2025-02-20 19:00:00,24.3276798061739,21.2189723031529,0.0,0.7675,12.3,95,10,4.3,58,15.3,15.5,14.4,0.0,0.0,0.0,14.0,82.0,44.0,0.0,2.0,48.0,0.0,101440.0
2025-02-20 20:00:00,24.2876143403245,21.3409285957353,0.0,0.77,11.9,96,2,1.9,60,14.2,15.4,14.4,0.0,0.0,0.0,13.0,87.0,0.0,0.0,0.0,156.0,0.0,101470.0
2025-02-20 21:00:00,24.260619310101,21.3464882496964,0.0,0.7725,11.6,96,0,1.0,51,13.3,15.3,14.4,0.0,0.0,0.0,11.0,89.0,0.0,0.0,0.0,174.0,0.0,101500.0
2025-02-20 22:00:00,24.3315072873819,21.4481735384621,0.0,0.775,11.2,97,0,0.8,40,12.4,15.1,14.5,0.0,0.0,0.0,10.0,85.0,0.0,0.0,0.0,169.0,0.0,101500.0
2025-02-20 23:00:00,24.2447717357098,21.2806622593904,0.0,0.7775,10.6,99,20,1.3,5,12.0,14.9,14.5,0.0,0.0,0.0,9.0,91.0,0.0,0.0,0.0,174.0,0.0,101490.0
2025-02-21 00:00:00,24.4407488624652,21.3679949013223,0.0,0.78,11.0,98,100,6.0,259,12.0,14.7,14.5,0.0,0.0,0.0,10.0,93.0,0.0,0.0,0.0,180.0,0.0,101490.0
2025-02-21 01:00:00,24.3435692500018,21.3058812752554,0.0,0.7825,11.1,99,100,5.9,247,12.5,14.7,14.5,0.0,0.0,0.0,10.0,95.0,0.0,0.0,1.0,198.0,0.0,101460.0
2025-02-21 02:00:00,24.2809065270928,21.4247684231413,0.0,0.785,10.5,98,96,3.5,241,12.4,14.5,14.5,0.0,0.0,0.0,9.0,95.0,0.0,0.0,0.0,204.0,0.0,101430.0
2025-02-21 03:00:00,24.3411291654981,21.389239584324,0.0,0.7875,10.6,97,98,3.2,250,12.3,14.4,14.5,0.0,0.0,0.0,8.0,95.0,0.0,0.0,0.0,177.0,0.0,101370.0
2025-02-21 04:00:00,24.3556902640902,21.2381005706068,0.0,0.79,10.7,98,100,3.1,259,12.2,14.3,14.5,0.0,0.0,0.0,7.0,95.0,0.0,0.0,0.0,186.0,0.0,101310.0
2025-02-21 05:00:00,24.1885881890971,21.3419955799683,0.0,0.7925,10.3,97,100,1.9,228,11.9,14.1,14.5,0.0,0.0,0.0,6.0,95.0,0.0,0.0,0.0,142.0,0.0,101290.0
2025-02-21 06:00:00,24.0682859956489,21.2932682795885,0.0,0.795,10.5,95,96,1.9,233,11.8,14.0,14.5,0.0,0.0,0.0,9.0,96.0,0.0,0.0,0.0,246.0,0.0,101310.0
2025-02-21 07:00:00,24.3067278109867,21.5576948298849,0.0,0.7975,10.5,94,90,2.5,273,11.7,13.8,14.5,0.0,0.0,0.01,8.0,96.0,0.0,0.0,0.0,204.0,0.0,101300.0
2025-02-21 08:00:00,24.273691284237,21.4320848927845,0.0,0.8,11.6,92,86,4.0,313,12.1,13.7,14.5,0.0,0.0,0.02,10.0,97.0,2423.0,0.0,0.0,204.0,0.0,101290.0
2025-02-21 09:00:00,24.2047503324915,21.5480430994172,0.0,0.8025,14.1,86,59,6.1,324,13.2,13.7,14.5,0.0,0.0,0.1,11.0,97.0,9287.0,0.0,0.0,318.0,0.0,101320.0
2025-02-21 10:00:00,24.1163397923181,21.2633648346191,0.0,0.8049999999999999,16.1,79,57,5.4,352,14.5,13.7,14.5,0.0,0.0,0.18,11.0,97.0,21683.0,1.0,1.0,234.0,0.0,101350.0
2025-02-21 11:00:00,24.0777441066738,21.3047466718839,0.0,0.8075,18.2,74,25,6.7,14,16.1,13.8,14.5,0.0,0.0,0.29,13.0,97.0,55336.0,4.0,0.0,212.0,0.0,101340.0
2025-02-21 12:00:00,24.1231124149584,21.2767091179944,0.0,0.8099999999999999,20.3,71,97,5.4,20,17.8,14.1,14.5,0.0,0.0,0.38,19.0,62.0,70096.0,5.0,1.0,48.0,0.0,101220.0
2025-02-21 13:00:00,23.9725181803606,20.9728076286065,0.0,0.8125,20.5,70,100,13.2,21,18.9,14.3,14.5,0.0,0.0,0.38,22.0,48.0,69568.0,5.0,4.0,8.0,0.0,101070.0
2025-02-21 14:00:00,23.9359785053987,20.8663372695628,0.0,0.815,19.8,68,100,14.9,27,19.5,14.6,14.5,0.0,0.0,0.36,21.0,58.0,47649.0,3.0,3.0,350.0,0.0,100970.0
2025-02-21 15:00:00,23.8955591462121,20.7179599966501,0.0,0.8175,18.6,67,100,12.6,25,19.3,14.9,14.5,0.0,0.0,0.26,21.0,55.0,50888.0,4.0,4.0,353.0,0.0,100900.0
2025-02-21 16:00:00,24.0167159764228,20.7629937624186,0.0,0.82,17.9,70,100,8.1,70,18.8,15.2,14.5,0.0,0.0,0.17,20.0,57.0,23232.0,2.0,3.0,14.0,0.0,100880.0
2025-02-21 17:00:00,23.8066863730947,20.7977203514103,0.0,0.8225,17.7,74,100,5.6,61,18.2,15.4,14.5,0.0,0.0,0.1,19.0,64.0,14855.0,1.0,4.0,26.0,0.0,100860.0
2025-02-21 18:00:00,23.9437751486903,20.6699804542524,0.0,0.825,15.2,84,88,3.4,55,17.0,15.5,14.5,0.0,0.0,0.02,17.0,72.0,6221.0,0.0,4.0,358.0,0.0,100850.0
2025-02-21 19:00:00,24.0369288440099,20.7712952130827,0.0,0.8275,15.0,84,38,0.5,94,15.8,15.5,14.5,0.0,0.0,0.0,15.0,85.0,0.0,0.0,3.0,352.0,0.0,100890.0
2025-02-21 20:00:00,23.8584692816935,20.6265027423502,0.0,0.83,13.4,90,14,3.3,309,14.7,15.5,14.5,0.0,0.0,0.0,14.0,88.0,0.0,0.0,0.0,130.0,0.0,100960.0
2025-02-21 21:00:00,23.7336370017693,20.5363378431164,0.0,0.8325,12.5,93,4,1.0,290,13.8,15.4,14.6,0.0,0.0,0.0,13.0,91.0,0.0,0.0,3.0,150.0,0.0,101030.0
2025-02-21 22:00:00,23.8132142098527,20.6945268997267,0.0,0.835,11.6,91,3,3.1,273,13.1,15.2,14.6,0.0,0.0,0.0,13.0,92.0,0.0,0.0,2.0,124.0,0.0,101100.0
2025-02-21 23:00:00,23.7001584858645,20.7567240384962,0.0,0.8375,11.4,89,25,2.3,295,12.5,15.1,14.6,0.0,0.0,0.0,13.0,92.0,0.0,0.0,2.0,116.0,0.0,101110.0
2025-02-22 00:00:00,23.7084922459362,20.7091943481009,0.0,0.84,11.7,86,4,1.5,236,12.2,14.9,14.6,0.0,0.0,0.0,11.0,94.0,0.0,0.0,0.0,180.0,0.0,101140.0
2025-02-22 01:00:00,23.9644342768269,20.5749563953065,0.0,0.8425,11.3,91,24,2.4,324,11.8,14.9,14.6,0.0,0.0,0.0,10.0,94.0,0.0,0.0,0.0,180.0,0.0,101100.0
2025-02-22 02:00:00,23.757173895806,20.6855176724524,0.0,0.845,10.7,91,42,4.0,274,11.6,14.7,14.6,0.0,0.0,0.0,10.0,95.0,0.0,0.0,0.0,246.0,0.0,101030.0
2025-02-22 03:00:00,23.8224516411207,20.5516965623017,0.0,0.8475,10.5,88,100,5.3,253,11.5,14.5,14.6,0.0,0.0,0.0,10.0,96.0,0.0,0.0,1.0,180.0,0.0,100990.0
2025-02-22 04:00:00,23.7229360287538,20.593498305965,0.0,0.85,10.4,80,100,5.2,230,11.4,14.3,14.6,0.0,0.0,0.0,9.0,95.0,0.0,0.0,0.0,173.0,0.0,100970.0
2025-02-22 05:00:00,23.515883203219,20.4849852769622,0.0,0.8525,10.6,73,100,4.7,202,11.4,14.1,14.6,0.0,0.0,0.0,9.0,95.0,0.0,0.0,0.0,147.0,0.0,100980.0
2025-02-22 06:00:00,23.5370585211828,20.8270199472387,0.0,0.855,11.0,76,100,3.8,220,11.3,13.9,14.6,0.0,0.0,0.0,10.0,93.0,0.0,0.0,0.0,89.0,0.0,100950.0
2025-02-22 07:00:00,23.6792593796637,20.77907413883,0.0,0.8574999999999999,11.6,75,100,0.7,241,11.2,13.8,14.6,0.0,0.0,0.01,9.0,95.0,0.0,0.0,0.0,26.0,0.0,101070.0
2025-02-22 08:00:00,23.7191594305072,20.5985360418288,0.0,0.86,13.5,72,100,1.5,270,11.7,13.6,14.6,0.0,0.0,0.03,11.0,91.0,2955.0,0.0,2.0,133.0,0.0,101110.0
2025-02-22 09:00:00,23.6566789766946,20.7045963943867,0.0,0.8624999999999999,15.5,66,100,2.8,9,12.9,13.6,14.6,0.0,0.0,0.1,14.0,89.0,15344.0,1.0,1.0,144.0,0.0,101060.0
2025-02-22 10:00:00,23.5561496005901,20.8417288500399,0.0,0.865,16.9,70,100,6.0,354,14.2,13.6,14.6,0.0,0.0,0.16,15.0,87.0,24912.0,1.0,0.0,24.0,0.0,101150.0
2025-02-22 11:00:00,23.5464572448143,20.5373993251188,0.0,0.8674999999999999,17.8,74,100,7.8,360,15.6,13.7,14.6,0.0,0.0,0.23,17.0,79.0,47820.0,3.0,1.0,174.0,0.0,101170.0
2025-02-22 12:00:00,23.7013740005505,20.7368797070733,0.0,0.87,18.4,69,100,3.9,13,16.7,13.9,14.6,0.0,0.0,0.26,18.0,67.0,33574.0,3.0,1.0,150.0,0.0,101100.0
2025-02-22 13:00:00,23.8459713473737,20.5178279490552,0.0,0.8724999999999999,18.7,74,100,10.0,16,16.9,14.2,14.6,0.0,0.0,0.16,19.0,65.0,24619.0,2.0,2.0,139.0,0.0,101020.0
2025-02-22 14:00:00,23.5365196288944,20.4942919860758,0.0,0.875,17.6,75,100,11.5,35,17.1,14.4,14.6,0.0,0.0,0.16,19.0,62.0,31301.0,2.0,2.0,266.0,0.0,100970.0
2025-02-22 15:00:00,23.5685815590606,20.5525388899697,0.0,0.8775,18.0,71,100,10.1,46,17.5,14.6,14.6,0.0,0.0,0.22,19.0,60.0,21604.0,1.0,3.0,5.0,0.0,100940.0
2025-02-22 16:00:00,23.4818338589181,20.3651419380322,0.0,0.88,16.1,81,100,9.9,338,17.1,14.7,14.6,0.8,0.8,0.12,18.0,65.0,11426.0,1.0,2.0,32.0,0.0,100930.0
2025-02-22 17:00:00,23.5274761215154,20.2981497668801,0.0,0.8825,15.1,93,98,4.5,89,16.0,14.8,14.6,0.6,0.6,0.03,17.5,66.5,11129.0,0.5,2.5,26.5,0.0,100955.0
2025-02-22 18:00:00,23.6108071728538,20.1993182335663,0.0,0.885,14.4,96,97,7.9,39,15.3,14.9,14.6,0.6,0.6,0.02,17.0,68.0,10832.0,0.0,3.0,21.0,0.0,100980.0
2025-02-22 19:00:00,23.5794398800242,20.3543093684786,0.0,0.8875,13.9,92,100,2.4,159,14.7,14.9,14.6,1.4,1.4,0.0,15.0,91.0,739.0,0.0,4.0,24.0,0.0,101070.0
2025-02-22 20:00:00,23.5132749781735,20.2776919752717,0.0,0.89,13.6,92,91,3.4,213,14.2,14.8,14.6,0.4,0.4,0.0,14.0,93.0,0.0,0.0,0.0,53.0,15.0,101110.0
2025-02-22 21:00:00,23.4352655364607,20.3951066025757,0.0,0.8925,12.8,92,2,9.9,212,13.5,14.8,14.6,0.0,0.0,0.0,14.0,95.0,0.0,0.0,0.0,54.0,8.0,101140.0
2025-02-22 22:00:00,23.5438404122968,20.4037851344911,0.0,0.895,11.9,87,10,10.1,213,12.8,14.7,14.6,0.0,0.0,0.0,14.0,95.0,0.0,0.0,1.0,170.0,0.0,101200.0
2025-02-22 23:00:00,23.5307166487623,20.4786857753362,0.0,0.8975,11.5,83,17,10.1,223,12.2,14.5,14.6,0.2,0.2,0.01,13.0,87.0,0.0,0.0,2.0,258.0,0.0,101300.0
2025-02-23 00:00:00,23.3730786744122,20.3366079171886,0.0,0.9,11.1,85,21,9.7,225,11.7,14.3,14.6,0.1,0.1,0.0,12.0,87.0,0.0,0.0,1.0,222.0,0.0,101340.0
2025-02-23 01:00:00,23.5021539076543,20.2354857072931,0.0,0.9025,11.8,79,24,9.7,238,12.1,14.3,14.6,0.0,0.0,0.01,11.0,87.0,0.0,0.0,2.0,204.0,0.0,101350.0
2025-02-23 02:00:00,23.4280776126506,20.3042658546475,0.0,0.905,11.4,80,23,9.4,243,11.7,14.1,14.6,0.0,0.0,0.01,12.0,80.0,0.0,0.0,2.0,245.0,0.0,101350.0
2025-02-23 03:00:00,23.4646603150651,20.502248358472,0.0,0.9075,10.8,84,36,9.7,238,11.4,14.0,14.6,0.0,0.0,0.0,12.0,79.0,0.0,0.0,1.0,210.0,0.0,101340.0
2025-02-23 04:00:00,23.4398138411006,20.5854326146969,0.0,0.9099999999999999,10.9,85,25,11.0,237,11.2,13.8,14.6,0.0,0.0,0.01,12.0,79.0,0.0,0.0,1.0,210.0,0.0,101350.0
2025-02-23 05:00:00,23.3706449765438,20.3627637796902,0.0,0.9125,10.8,85,23,10.4,234,11.2,13.6,14.6,0.0,0.0,0.0,12.0,80.0,0.0,0.0,0.0,264.0,0.0,101370.0
2025-02-23 06:00:00,23.2463369655516,20.2735937651057,0.0,0.9149999999999999,10.1,92,80,6.8,185,11.0,13.5,14.6,2.5,2.5,0.0,12.0,80.0,0.0,0.0,2.0,246.0,0.0,101390.0
2025-02-23 07:00:00,23.5081492696958,20.2348579219589,0.0,0.9175,9.9,95,72,5.9,204,10.9,13.3,14.6,0.8,0.8,0.01,12.0,79.0,0.0,0.0,2.0,251.0,0.0,101430.0
2025-02-23 08:00:00,23.3806380496965,20.2860575341845,0.0,0.9199999999999999,11.0,88,64,12.4,237,11.0,13.2,14.6,0.0,0.0,0.03,12.0,79.0,78.0,0.0,2.0,246.0,0.0,101450.0
2025-02-23 09:00:00,23.5125089897684,20.3598478976593,0.0,0.9225,12.3,83,92,2.7,191,11.8,13.1,14.6,0.5,0.5,0.07,11.0,84.0,2089.0,0.0,0.0,276.0,0.0,101540.0
2025-02-23 10:00:00,23.46101148081,20.5911085213074,0.0,0.9249999999999999,13.5,78,12,6.0,191,12.8,13.1,14.6,0.9,0.9,0.15,11.0,87.0,8026.0,1.0,0.0,270.0,0.0,101640.0
2025-02-23 11:00:00,23.4378991234712,20.2594052361824,0.0,0.9275,15.5,69,14,6.3,274,14.5,13.1,14.6,0.0,0.0,0.3,15.0,71.0,45087.0,3.0,4.0,258.0,0.0,101660.0
2025-02-23 12:00:00,23.5510062471117,20.3383260406966,0.0,0.9299999999999999,16.4,65,5,5.7,311,15.9,13.3,14.6,0.0,0.0,0.33,16.0,69.0,89620.0,7.0,2.0,240.0,0.0,101690.0
2025-02-23 13:00:00,23.3435850381165,20.1236255480631,0.0,0.9325,17.3,61,18,10.6,352,17.5,13.7,14.6,0.0,0.0,0.38,16.0,70.0,3812.0,0.0,2.0,345.0,0.0,101660.0
2025-02-23 14:00:00,23.4037670586382,20.17892789569,0.0,0.9349999999999999,17.0,63,32,10.6,6,17.8,14.0,14.6,0.5,0.5,0.34,16.0,68.0,78913.0,7.0,4.0,36.0,3.0,101650.0
2025-02-23 15:00:00,23.2917381666924,19.9790610699594,0.0,0.9375,16.6,64,19,9.7,19,17.6,14.2,14.6,0.2,0.2,0.29,17.0,69.0,27090.0,2.0,2.0,307.0,0.0,101590.0
2025-02-23 16:00:00,23.3457302613923,20.1569559466162,0.0,0.94,16.3,65,1,8.2,24,17.4,14.5,14.6,0.0,0.0,0.21,17.0,66.0,59174.0,4.0,3.0,48.0,0.0,101550.0
2025-02-23 17:00:00,23.1506787362521,19.9966394446246,0.0,0.9425,15.5,68,0,6.4,46,16.7,14.6,14.6,0.0,0.0,0.12,17.0,65.0,31948.0,2.0,3.0,48.0,0.0,101550.0
2025-02-23 18:00:00,23.2460561329615,19.9476530143711,0.0,0.945,12.6,83,0,5.2,46,15.4,14.7,14.6,0.0,0.0,0.02,17.0,64.0,10898.0,1.0,2.0,65.0,0.0,101580.0
2025-02-23 19:00:00,23.351929186137,20.0693635738748,0.0,0.9475,11.5,88,0,3.9,61,14.1,14.7,14.6,0.0,0.0,0.0,15.0,73.0,1959.0,0.0,2.0,38.0,0.0,101680.0
2025-02-23 20:00:00,23.2751636615239,20.1839056738801,0.0,0.95,11.0,87,0,1.5,81,13.0,14.6,14.6,0.0,0.0,0.0,13.0,82.0,0.0,0.0,1.0,152.0,0.0,101750.0
2025-02-23 21:00:00,23.0962987204704,20.0569827223822,0.0,0.9525,10.5,88,8,1.1,8,12.2,14.5,14.6,0.0,0.0,0.0,12.0,89.0,0.0,0.0,0.0,102.0,0.0,101800.0
2025-02-23 22:00:00,23.1031538020228,20.038622558037,0.0,0.955,10.1,90,1,1.4,3,11.7,14.3,14.6,0.0,0.0,0.0,11.0,91.0,0.0,0.0,1.0,20.0,0.0,101860.0
2025-02-23 23:00:00,23.1555999212391,20.1485906586634,0.0,0.9575,9.6,90,10,2.7,315,11.2,14.1,14.6,0.0,0.0,0.0,9.0,93.0,0.0,0.0,0.0,186.0,0.0,101900.0
2025-02-24 00:00:00,23.0875587040029,19.9761068754453,0.0,0.96,9.3,91,21,3.4,238,11.0,13.9,14.6,0.0,0.0,0.0,9.0,95.0,0.0,0.0,0.0,198.0,0.0,101960.0
2025-02-24 01:00:00,23.0300387883973,19.9903023813717,0.0,0.9625,10.0,92,18,3.5,167,11.9,13.9,14.6,0.0,0.0,0.0,10.0,95.0,0.0,0.0,0.0,210.0,0.0,102000.0
2025-02-24 02:00:00,23.134933795728,20.0516554291274,0.0,0.965,9.0,92,1,2.1,126,11.4,13.8,14.6,0.0,0.0,0.0,10.0,92.0,0.0,0.0,0.0,173.0,0.0,101950.0
2025-02-24 03:00:00,23.1347014599919,20.1983922466311,0.0,0.9674999999999999,8.4,92,0,1.4,79,10.9,13.6,14.6,0.0,0.0,0.0,9.0,93.0,0.0,0.0,0.0,174.0,0.0,101890.0
2025-02-24 04:00:00,23.2514257607932,20.2398842031936,0.0,0.97,8.1,92,0,2.1,345,10.4,13.4,14.6,0.0,0.0,0.0,7.0,95.0,0.0,0.0,0.0,178.0,0.0,101880.0
2025-02-24 05:00:00,23.1243177954257,20.2425696929582,0.0,0.9724999999999999,8.2,92,9,5.1,254,10.1,13.2,14.6,0.0,0.0,0.0,8.0,95.0,0.0,0.0,0.0,204.0,0.0,101840.0
2025-02-24 06:00:00,23.156709259986,20.0511149192129,0.0,0.975,7.6,95,12,5.9,222,10.0,13.1,14.6,0.0,0.0,0.0,8.0,94.0,0.0,0.0,2.0,171.0,0.0,101820.0
2025-02-24 07:00:00,23.1146467566355,20.13801172106,0.0,0.9774999999999999,6.9,97,1,4.1,226,9.7,12.9,14.6,0.0,0.0,0.01,8.0,92.0,0.0,0.0,0.0,222.0,0.0,101820.0
2025-02-24 08:00:00,23.0717276947109,19.9881486609674,0.0,0.98,9.6,90,2,5.5,255,10.2,12.7,14.6,0.0,0.0,0.03,7.0,94.0,457.0,0.0,0.0,110.0,0.0,101840.0
2025-02-24 09:00:00,23.208124114407,20.0605542663141,0.0,0.9824999999999999,14.0,78,2,5.8,261,11.7,12.6,14.6,0.0,0.0,0.13,9.0,93.0,5425.0,0.0,1.0,204.0,0.0,101900.0
2025-02-24 10:00:00,23.1739217340961,20.2418668721972,0.0,0.985,15.9,69,15,4.2,278,13.6,12.7,14.6,0.0,0.0,0.24,12.0,85.0,26377.0,1.0,2.0,262.0,0.0,101940.0
2025-02-24 11:00:00,23.0635869987788,19.9409618205616,0.0,0.9874999999999999,17.3,64,10,5.0,335,15.4,12.8,14.6,0.0,0.0,0.33,15.0,79.0,49410.0,4.0,2.0,312.0,0.0,101950.0
2025-02-24 12:00:00,22.9905949781866,19.8621760945454,23.150877228436872,0.99,18.0,63,78,9.3,343,16.8,13.1,14.6,0.0,0.0,0.36,16.0,71.0,69188.0,3.0,1.0,27.0,0.0,101930.0
2025-02-24 13:00:00,22.8677965990741,20.2341499997917,0.0,0.9924999999999999,17.4,65,90,10.9,5,17.3,13.3,14.5,0.0,0.0,0.29,19.0,57.0,76679.0,4.0,1.0,269.0,0.0,101880.0
2025-02-24 14:00:00,23.076712173741,20.7524263837316,0.0,0.995,17.4,67,100,10.4,50,17.9,13.6,14.5,0.0,0.0,0.32,20.0,53.0,77574.0,7.0,1.0,186.0,0.0,101780.0
2025-02-24 15:00:00,23.0045509631413,21.5123106934804,0.0,0.9974999999999999,17.5,66,100,9.6,40,18.1,14.0,14.5,0.0,0.0,0.28,19.0,61.0,63050.0,5.0,2.0,78.0,0.0,101680.0
2025-02-24 16:00:00,22.918994280559,21.6392576642636,0.0,1.0,17.1,68,100,10.7,40,17.9,14.2,14.5,0.0,0.0,0.21,19.0,63.0,48336.0,3.0,3.0,78.0,0.0,101630.0
2025-02-24 17:00:00,22.9791607822034,21.887322106439,0.0,1.0025,15.7,72,100,9.1,42,17.0,14.5,14.5,0.0,0.0,0.1,18.0,63.0,19002.0,1.0,4.0,7.0,0.0,101590.0
2025-02-24 18:00:00,22.9075910161521,21.9393668223468,0.0,1.005,13.5,84,100,4.4,44,15.9,14.6,14.6,0.0,0.0,0.02,17.0,67.0,8480.0,0.0,2.0,53.0,0.0,101530.0
2025-02-24 19:00:00,23.0407373466127,22.5329218233713,0.0,1.0075,12.7,87,46,1.9,55,14.5,14.6,14.6,0.0,0.0,0.0,16.0,75.0,1285.0,0.0,1.0,60.0,0.0,101530.0
2025-02-24 20:00:00,22.8159610875653,22.4062225795135,0.0,1.01,12.2,88,0,1.5,80,13.4,14.6,14.6,0.0,0.0,0.0,14.0,82.0,0.0,0.0,0.0,123.0,0.0,101630.0
2025-02-24 21:00:00,23.010724313834,22.6736124040574,0.0,1.0125,11.7,89,4,1.0,22,12.6,14.5,14.6,0.0,0.0,0.0,12.0,88.0,0.0,0.0,0.0,42.0,0.0,101610.0
2025-02-24 22:00:00,22.9702037256219,22.6204469372033,0.0,1.015,10.9,90,0,2.2,328,11.9,14.3,14.6,0.0,0.0,0.0,11.0,89.0,0.0,0.0,0.0,144.0,0.0,101670.0
2025-02-24 23:00:00,22.740656945217,22.5435223404196,0.0,1.0174999999999998,9.9,86,0,2.9,200,11.4,14.1,14.6,0.0,0.0,0.0,10.0,92.0,0.0,0.0,1.0,186.0,0.0,101710.0
2025-02-25 00:00:00,23.0954001921086,22.7392036465979,0.0,1.02,9.0,86,0,4.4,242,11.0,14.0,14.6,0.0,0.0,0.0,10.0,92.0,0.0,0.0,1.0,175.0,0.0,101680.0
2025-02-25 01:00:00,23.0713484134755,22.5824749748334,0.0,1.0225,9.2,88,2,4.9,236,11.2,13.9,14.6,0.0,0.0,0.0,10.0,90.0,0.0,0.0,1.0,210.0,0.0,101660.0
2025-02-25 02:00:00,22.8310758194417,22.5380753133222,0.0,1.025,8.9,87,19,6.0,251,10.9,13.7,14.6,0.0,0.0,0.0,9.0,92.0,0.0,0.0,1.0,182.0,0.0,101640.0
2025-02-25 03:00:00,22.9053935959885,22.815921511536,0.0,1.0274999999999999,9.2,84,21,8.1,246,10.7,13.5,14.6,0.0,0.0,0.0,9.0,93.0,0.0,0.0,1.0,186.0,0.0,101550.0
2025-02-25 04:00:00,22.9636214149925,22.7419970887127,0.0,1.03,9.6,81,37,9.0,236,10.6,13.4,14.6,0.0,0.0,0.0,10.0,90.0,0.0,0.0,0.0,198.0,0.0,101510.0
2025-02-25 05:00:00,22.8444330135054,22.5495959020968,0.0,1.0325,9.5,80,77,8.2,232,10.4,13.2,14.6,0.0,0.0,0.0,9.0,90.0,0.0,0.0,1.0,180.0,0.0,101490.0
2025-02-25 06:00:00,22.778553469911,22.8969729157935,0.0,1.035,9.3,81,99,8.3,237,10.3,13.0,14.6,0.0,0.0,0.0,9.0,88.0,0.0,0.0,0.0,198.0,0.0,101450.0
2025-02-25 07:00:00,22.8505948208416,22.6126410433019,0.0,1.0374999999999999,9.0,85,96,9.0,240,10.1,12.9,14.5,0.0,0.0,0.02,10.0,87.0,0.0,0.0,2.0,246.0,0.0,101450.0
2025-02-25 08:00:00,22.9195756519713,22.5842383606607,0.0,1.04,11.7,78,100,10.9,234,10.7,12.7,14.5,0.0,0.0,0.05,9.0,87.0,1328.0,0.0,1.0,210.0,0.0,101490.0
2025-02-25 09:00:00,22.7393217914932,22.7911256790692,0.0,1.0425,15.5,70,100,9.1,239,12.2,12.7,14.5,0.0,0.0,0.15,12.0,84.0,9244.0,0.0,2.0,246.0,0.0,101500.0
2025-02-25 10:00:00,22.9219115841147,22.7264238955304,0.0,1.045,18.4,57,100,13.7,247,14.0,12.8,14.5,0.0,0.0,0.28,14.0,76.0,28404.0,2.0,4.0,246.0,0.0,101500.0
2025-02-25 11:00:00,23.0205024276555,22.636102286879,0.0,1.0474999999999999,19.9,49,100,14.5,252,15.7,12.9,14.5,0.0,0.0,0.38,16.0,63.0,53630.0,3.0,4.0,282.0,0.0,101510.0
2025-02-25 12:00:00,22.9417657880426,22.4137419868498,0.0,1.05,20.5,47,100,12.3,262,17.1,13.2,14.5,0.0,0.0,0.43,19.0,51.0,70560.0,5.0,5.0,300.0,0.0,101480.0
2025-02-25 13:00:00,22.9559266209433,22.3997815383934,0.0,1.0525,21.6,44,100,10.1,260,18.3,13.5,14.5,0.0,0.0,0.43,21.0,43.0,69244.0,4.0,4.0,274.0,0.0,101400.0
2025-02-25 14:00:00,22.9123327281425,22.0396817370876,0.0,1.055,21.6,47,100,11.3,286,18.8,13.9,14.5,0.0,0.0,0.36,22.0,39.0,68420.0,7.0,3.0,318.0,0.0,101280.0
2025-02-25 15:00:00,22.9409358420496,22.110645583836,0.0,1.0574999999999999,20.9,49,94,10.0,326,19.1,14.2,14.5,0.0,0.0,0.34,22.0,34.0,62108.0,5.0,4.0,348.0,0.0,101200.0
2025-02-25 16:00:00,22.9812645539252,21.9302281027582,0.0,1.06,20.0,47,91,9.5,338,18.9,14.5,14.5,0.0,0.0,0.26,21.0,42.0,42975.0,3.0,4.0,25.0,0.0,101180.0
2025-02-25 17:00:00,22.780182380994,21.8278772013411,0.0,1.0625,18.6,64,98,1.9,328,18.2,14.8,14.5,0.0,0.0,0.12,21.0,40.0,26826.0,1.0,7.0,354.0,0.0,101190.0
2025-02-25 18:00:00,22.9288784596038,21.8247080898401,0.0,1.065,16.3,57,98,0.8,311,16.7,15.0,14.5,0.0,0.0,0.02,20.0,43.0,6920.0,0.0,2.0,358.0,0.0,101190.0
2025-02-25 19:00:00,22.9650234414434,21.7405267157952,0.0,1.0675,15.3,57,100,2.7,264,15.2,15.0,14.5,0.0,0.0,0.0,17.0,51.0,341.0,0.0,0.0,42.0,0.0,101240.0
2025-02-25 20:00:00,22.9329460659485,21.829596657375,0.0,1.0699999999999998,14.6,60,100,8.2,229,14.3,15.0,14.5,0.0,0.0,0.03,15.0,63.0,0.0,0.0,0.0,186.0,0.0,101310.0
2025-02-25 21:00:00,22.9924437134146,21.8283984456801,0.0,1.0725,14.1,61,21,11.4,203,13.9,14.9,14.5,0.0,0.0,0.04,15.0,54.0,0.0,0.0,0.0,312.0,0.0,101340.0
2025-02-25 22:00:00,23.0012971762878,21.7206308027671,0.0,1.075,13.5,65,19,9.9,211,13.6,14.8,14.5,0.0,0.0,0.03,16.0,51.0,0.0,0.0,1.0,216.0,0.0,101380.0
2025-02-25 23:00:00,23.076149863387,21.8812722497243,0.0,1.0775,12.8,71,27,6.0,237,13.2,14.7,14.5,0.0,0.0,0.01,15.0,57.0,0.0,0.0,0.0,270.0,0.0,101360.0
2025-02-26 00:00:00,23.117088989913398,21.6705544203225,0.0,1.0799999999999998,12.8,71,84,1.8,262,12.7,14.6,14.5,0.0,0.0,0.0,14.0,65.0,0.0,0.0,0.0,48.0,0.0,101380.0
2025-02-26 01:00:00,22.962448332811,21.857563676238,0.0,1.0825,14.2,71,95,1.2,272,14.6,14.7,14.6,0.0,0.0,0.0,14.0,69.0,0.0,0.0,0.0,204.0,0.0,101390.0
2025-02-26 02:00:00,23.1052488747013,21.7250598203416,0.0,1.085,13.6,76,99,4.0,236,14.1,14.6,14.6,0.2,0.2,0.0,15.0,66.0,0.0,0.0,0.0,288.0,0.0,101370.0
2025-02-26 03:00:00,23.0812711205113,21.726772548188,0.0,1.0875,13.2,81,100,6.6,193,13.6,14.6,14.6,0.2,0.2,0.0,15.0,70.0,0.0,0.0,0.0,156.0,0.0,101370.0
2025-02-26 04:00:00,23.0698315996459,21.7341452092369,0.0,1.0899999999999999,12.8,87,100,5.6,197,13.3,14.5,14.6,0.0,0.0,0.0,16.0,72.0,0.0,0.0,2.0,285.0,0.0,101340.0
2025-02-26 05:00:00,22.8782787846796,21.9088578268189,0.0,1.0925,12.3,94,92,6.3,191,13.0,14.4,14.6,0.1,0.1,0.0,15.0,77.0,0.0,0.0,0.0,240.0,0.0,101350.0
2025-02-26 06:00:00,23.0033373352374,21.7893527971904,0.0,1.095,11.5,96,100,5.9,173,12.7,14.3,14.6,0.1,0.1,0.0,13.0,83.0,0.0,0.0,1.0,60.0,0.0,101370.0
2025-02-26 07:00:00,23.1705777619228,21.7394830905728,0.0,1.0975,11.0,98,100,6.6,152,12.3,14.2,14.6,0.1,0.1,0.01,13.0,84.0,0.0,0.0,1.0,144.0,0.0,101400.0
2025-02-26 08:00:00,22.9960641459661,21.7689726730464,0.0,1.0999999999999999,12.9,93,22,6.9,179,12.6,14.1,14.6,0.0,0.0,0.03,14.0,82.0,1345.0,0.0,2.0,164.0,0.0,101450.0
2025-02-26 09:00:00,23.1734469437282,21.7390229204198,0.0,1.1025,15.1,81,37,3.7,199,13.7,14.0,14.6,0.0,0.0,0.12,16.0,77.0,19808.0,1.0,0.0,118.0,0.0,101470.0
2025-02-26 10:00:00,22.8991241566934,21.8221956697931,0.0,1.105,16.8,73,13,1.5,229,15.2,14.1,14.6,0.0,0.0,0.24,17.0,66.0,37915.0,2.0,0.0,258.0,0.0,101500.0
2025-02-26 11:00:00,23.0603830434626,21.4746314750172,0.0,1.1075,17.7,67,42,4.8,9,16.7,14.2,14.6,0.1,0.1,0.31,17.0,67.0,13810.0,2.0,2.0,42.0,0.0,101500.0
2025-02-26 12:00:00,22.9544959377668,21.5163448947482,0.0,1.1099999999999999,18.4,65,47,6.3,4,17.9,14.4,14.6,0.1,0.1,0.35,18.0,70.0,78849.0,5.0,3.0,65.0,0.0,101470.0
2025-02-26 13:00:00,23.0959938579566,21.1759123876991,0.0,1.1125,19.0,59,21,7.0,360,18.4,14.5,14.6,0.0,0.0,0.32,18.0,70.0,24466.0,3.0,2.0,42.0,0.0,101380.0
2025-02-26 14:00:00,22.8239678847715,21.1375977995758,0.0,1.115,19.2,57,12,8.7,13,19.1,14.8,14.6,0.0,0.0,0.36,20.0,65.0,87669.0,6.0,3.0,44.0,0.0,101260.0
2025-02-26 15:00:00,22.9651911609823,21.026017951571,0.0,1.1175,18.5,59,30,10.8,29,19.3,15.1,14.6,0.0,0.0,0.31,19.0,64.0,20850.0,2.0,4.0,39.0,0.0,101200.0
2025-02-26 16:00:00,23.1167027083481,20.9769089444131,0.0,1.1199999999999999,17.7,59,2,11.1,48,19.0,15.3,14.6,0.0,0.0,0.24,19.0,62.0,43338.0,2.0,5.0,38.0,0.0,101150.0
2025-02-26 17:00:00,22.971379234752,20.8591735980169,0.0,1.1225,16.8,64,0,11.0,63,18.2,15.5,14.6,0.0,0.0,0.14,18.0,56.0,21459.0,1.0,3.0,36.0,0.0,101110.0
2025-02-26 18:00:00,22.9019321326608,20.9529985376516,0.0,1.125,14.2,77,0,6.6,61,17.0,15.6,14.6,0.0,0.0,0.03,18.0,64.0,5137.0,0.0,4.0,59.0,0.0,101120.0
2025-02-26 19:00:00,23.02639695865,20.7515517709729,0.0,1.1275,12.2,85,0,5.4,87,15.5,15.6,14.6,0.0,0.0,0.0,15.0,77.0,113.0,0.0,2.0,66.0,0.0,101150.0
2025-02-26 20:00:00,23.0703598840923,20.7615266050815,0.0,1.13,12.1,81,2,1.9,90,14.3,15.6,14.6,0.0,0.0,0.0,14.0,85.0,0.0,0.0,2.0,84.0,0.0,101150.0
2025-02-26 21:00:00,23.0246581278505,20.8861511699734,0.0,1.1324999999999998,11.6,80,89,0.3,76,13.3,15.4,14.6,0.0,0.0,0.0,12.0,89.0,0.0,0.0,0.0,118.0,0.0,101160.0
2025-02-26 22:00:00,22.9224280417352,20.7051845655884,0.0,1.135,10.6,84,80,1.9,345,12.6,15.3,14.6,0.0,0.0,0.0,11.0,92.0,0.0,0.0,0.0,270.0,0.0,101140.0
2025-02-26 23:00:00,22.9385508200715,20.7568024890282,0.0,1.1375,9.8,88,98,4.8,261,12.1,15.1,14.6,0.0,0.0,0.0,10.0,92.0,0.0,0.0,0.0,252.0,0.0,101130.0
2025-02-27 00:00:00,22.8618932935133,20.8846351343899,0.0,1.14,9.6,88,99,5.3,259,11.7,14.8,14.6,0.0,0.0,0.0,11.0,92.0,0.0,0.0,0.0,198.0,0.0,101080.0
2025-02-27 01:00:00,22.9328982323955,20.7998193109942,0.0,1.1424999999999998,10.1,87,100,5.2,262,12.4,14.8,14.6,0.0,0.0,0.0,10.0,91.0,0.0,0.0,1.0,192.0,0.0,101070.0
2025-02-27 02:00:00,22.9601531752377,20.9699364583724,0.0,1.145,10.0,86,100,3.8,256,12.0,14.6,14.6,0.0,0.0,0.0,9.0,90.0,0.0,0.0,0.0,188.0,0.0,100990.0
2025-02-27 03:00:00,22.9899584109788,20.8970124500198,0.0,1.1475,9.9,86,98,4.4,281,11.5,14.4,14.6,0.0,0.0,0.0,10.0,88.0,0.0,0.0,0.0,175.0,0.0,100890.0
2025-02-27 04:00:00,22.9422594799404,20.7942154786069,0.0,1.15,9.6,88,78,4.8,283,11.2,14.2,14.7,0.0,0.0,0.0,10.0,90.0,0.0,0.0,1.0,216.0,0.0,100830.0
2025-02-27 05:00:00,23.1329489434946,20.7779219346397,0.0,1.1524999999999999,9.8,85,100,6.6,265,11.1,14.1,14.7,0.0,0.0,0.0,9.0,91.0,0.0,0.0,1.0,151.0,0.0,100800.0
2025-02-27 06:00:00,22.9540748250151,20.7627698769893,0.0,1.155,9.8,83,100,6.0,263,11.0,13.9,14.7,0.0,0.0,0.0,8.0,93.0,0.0,0.0,2.0,165.0,0.0,100840.0
2025-02-27 07:00:00,23.0106259293366,20.7849961049742,0.0,1.1575,9.9,82,100,5.7,260,10.8,13.7,14.6,0.0,0.0,0.02,8.0,92.0,0.0,0.0,0.0,192.0,0.0,100830.0
2025-02-27 08:00:00,22.9997320479074,20.7481398904006,0.0,1.16,12.2,76,99,7.1,262,11.3,13.6,14.6,0.0,0.0,0.05,9.0,92.0,4152.0,0.0,0.0,168.0,0.0,100860.0
2025-02-27 09:00:00,23.025037975189,20.7010049174293,0.0,1.1624999999999999,14.9,70,98,5.2,265,12.8,13.5,14.6,0.0,0.0,0.14,12.0,87.0,12132.0,1.0,1.0,246.0,0.0,100910.0
2025-02-27 10:00:00,22.8445769244761,20.7984016108416,0.0,1.165,16.9,62,100,5.9,291,14.5,13.5,14.6,0.0,0.0,0.24,15.0,70.0,45175.0,3.0,2.0,288.0,0.0,100930.0
2025-02-27 11:00:00,22.8073553960807,20.7288676890502,0.0,1.1675,18.6,59,100,7.4,274,16.2,13.7,14.6,0.0,0.0,0.33,17.0,63.0,50676.0,3.0,3.0,330.0,0.0,100880.0
2025-02-27 12:00:00,22.9544407309901,20.5178018100523,0.0,1.17,20.0,54,100,8.0,288,17.6,13.9,14.6,0.0,0.0,0.38,18.0,59.0,69284.0,6.0,1.0,347.0,0.0,100860.0
2025-02-27 13:00:00,22.9667822725665,20.5440548929273,0.0,1.1730357142857142,20.4,57,100,8.3,343,18.7,14.2,14.6,0.0,0.0,0.4,20.0,52.0,70283.0,6.0,1.0,54.0,0.0,100760.0
2025-02-27 14:00:00,23.0047177356948,20.5656127424522,0.0,1.1760714285714284,19.0,68,100,13.2,15,19.0,14.5,14.6,0.0,0.0,0.29,20.0,64.0,62173.0,5.0,4.0,42.0,0.0,100650.0
2025-02-27 15:00:00,23.1810126719821,20.4008817046493,0.0,1.1791071428571427,17.4,72,100,12.2,32,18.9,14.8,14.6,0.0,0.0,0.23,19.0,68.0,46341.0,2.0,5.0,21.0,0.0,100600.0
2025-02-27 16:00:00,23.0419986038384,20.4322593946561,0.0,1.1821428571428572,16.8,75,100,10.3,32,18.4,15.0,14.6,0.0,0.0,0.17,17.0,71.0,24127.0,1.0,3.0,18.0,0.0,100560.0
2025-02-27 17:00:00,23.1241810813153,20.4141153550491,0.0,1.1851785714285714,15.6,79,100,10.9,31,17.7,15.2,14.6,0.0,0.0,0.1,17.0,74.0,17007.0,1.0,3.0,54.0,0.0,100540.0
2025-02-27 18:00:00,23.0656427055464,20.4585402077914,0.0,1.1882142857142857,13.8,89,100,3.3,43,16.5,15.3,14.6,0.0,0.0,0.02,16.0,70.0,5256.0,0.0,3.0,48.0,0.0,100560.0
2025-02-27 19:00:00,22.9383264393001,20.3217470058886,0.0,1.19125,12.8,92,100,3.2,44,15.3,15.3,14.7,0.0,0.0,0.0,14.0,84.0,0.0,0.0,2.0,48.0,0.0,100600.0
2025-02-27 20:00:00,23.106555705749,20.4126455088873,0.0,1.1942857142857142,12.5,94,100,1.0,46,14.2,15.3,14.7,0.0,0.0,0.0,13.0,87.0,0.0,0.0,0.0,175.0,0.0,100650.0
2025-02-27 21:00:00,23.1816011485909,20.4412934790543,0.0,1.1973214285714284,12.2,94,100,1.1,46,13.4,15.2,14.7,0.0,0.0,0.0,12.0,89.0,0.0,0.0,0.0,170.0,0.0,100650.0
2025-02-27 22:00:00,22.8522530511357,20.3795429614117,0.0,1.2003571428571427,11.8,95,100,1.1,4,12.8,15.0,14.7,0.0,0.0,0.0,11.0,91.0,0.0,0.0,0.0,184.0,0.0,100650.0
2025-02-27 23:00:00,22.8669206212758,20.2283812400248,0.0,1.2033928571428572,11.0,97,100,1.8,342,12.3,14.9,14.7,0.0,0.0,0.0,10.0,93.0,0.0,0.0,0.0,176.0,0.0,100650.0
2025-02-28 00:00:00,22.8558783031077,20.3672606167851,0.0,1.2064285714285714,10.5,96,100,2.9,243,11.9,14.7,14.7,0.0,0.0,0.0,10.0,93.0,0.0,0.0,0.0,168.0,0.0,100580.0
2025-02-28 01:00:00,22.9769303756087,20.5164397328689,0.0,1.2094642857142857,10.0,96,100,3.1,325,12.0,14.6,14.7,0.0,0.0,0.0,10.0,95.0,0.0,0.0,0.0,228.0,0.0,100520.0
2025-02-28 02:00:00,23.0491193111488,20.2614401846632,0.0,1.2125,9.8,96,100,2.6,257,11.7,14.5,14.7,0.0,0.0,0.0,10.0,96.0,0.0,0.0,0.0,204.0,0.0,100450.0
2025-02-28 03:00:00,22.9229743853148,20.2429186484048,0.0,1.2155357142857142,10.4,94,100,3.8,280,11.7,14.3,14.7,0.0,0.0,0.0,10.0,96.0,0.0,0.0,0.0,270.0,0.0,100340.0
2025-02-28 04:00:00,22.948316789198,20.2569970843868,0.0,1.2185714285714284,10.0,97,99,3.2,287,11.7,14.2,14.7,0.0,0.0,0.0,11.0,96.0,0.0,0.0,2.0,161.0,0.0,100330.0
2025-02-28 05:00:00,22.9366649272772,20.5568710620127,0.0,1.221607142857143,9.0,98,14,2.0,68,11.5,14.0,14.7,0.0,0.0,0.0,11.0,97.0,0.0,0.0,0.0,222.0,0.0,100230.0
2025-02-28 06:00:00,22.8002199979838,20.4703093165499,0.0,1.2246428571428571,8.6,99,13,2.8,70,11.0,13.8,14.7,0.0,0.0,0.0,10.0,96.0,0.0,0.0,0.0,307.0,0.0,100170.0
2025-02-28 07:00:00,23.0133378658724,20.5483997876247,0.0,1.2276785714285714,9.2,96,68,5.5,64,10.7,13.7,14.7,0.0,0.0,0.01,10.0,97.0,0.0,0.0,0.0,186.0,0.0,100190.0
2025-02-28 08:00:00,22.8797837796301,20.4601907991406,0.0,1.2307142857142856,11.9,91,100,7.7,45,11.4,13.5,14.7,0.0,0.0,0.04,11.0,97.0,5722.0,0.0,0.0,204.0,0.0,100210.0
2025-02-28 09:00:00,22.9417781913272,20.564121894867,0.0,1.23375,14.1,85,94,6.8,22,12.8,13.5,14.7,0.0,0.0,0.13,13.0,92.0,14181.0,1.0,2.0,264.0,0.0,100210.0
2025-02-28 10:00:00,22.8171030822484,20.1795532802889,0.0,1.2367857142857142,16.1,76,89,9.5,19,14.5,13.5,14.7,0.0,0.0,0.24,14.0,86.0,43919.0,2.0,0.0,222.0,0.0,100170.0
2025-02-28 11:00:00,22.9641230959054,20.2717138088322,0.0,1.2398214285714284,17.9,64,31,11.1,17,16.1,13.6,14.7,0.0,0.0,0.33,16.0,77.0,71615.0,5.0,2.0,48.0,0.0,100130.0
2025-02-28 12:00:00,23.1415012758783,20.4096866419552,0.0,1.2428571428571429,19.1,55,56,12.8,22,17.6,13.9,14.7,0.0,0.0,0.41,19.0,65.0,80835.0,5.0,0.0,180.0,0.0,100040.0
2025-02-28 13:00:00,23.042281472407,20.1213033886102,0.0,1.2458928571428571,18.1,69,100,8.9,16,18.3,14.2,14.7,0.0,0.0,0.34,18.0,67.0,42621.0,3.0,3.0,356.0,0.0,99940.0
2025-02-28 14:00:00,23.0584986226452,20.1562997221723,0.0,1.2489285714285714,17.8,71,100,8.1,341,18.5,14.5,14.7,0.0,0.0,0.25,17.5,69.0,38924.0,2.5,3.5,187.0,0.0,99890.0
2025-02-28 15:00:00,22.9623788598075,20.0657392389682,0.0,1.2519642857142856,18.1,69,100,8.8,288,18.2,14.7,14.7,0.0,0.0,0.17,17.0,71.0,35227.0,2.0,4.0,18.0,0.0,99840.0
2025-02-28 16:00:00,23.0121380447604,19.9158463290599,0.0,1.255,18.1,70,99,7.7,303,17.8,14.9,14.7,0.0,0.0,0.12,17.0,74.0,32132.0,2.0,3.0,27.0,0.0,99790.0
2025-02-28 17:00:00,22.914023470172,19.9755368074033,0.0,1.2580357142857141,17.0,77,99,10.6,304,17.4,15.1,14.7,0.0,0.0,0.09,17.0,75.0,33681.0,2.0,4.0,42.0,0.0,99820.0
2025-02-28 18:00:00,22.8865075682552,19.9941928979156,0.0,1.2610714285714284,14.7,88,100,7.7,261,16.4,15.2,14.7,0.5,0.5,0.03,16.0,81.0,5634.0,0.0,2.0,0.0,0.0,99870.0
2025-02-28 19:00:00,23.0493765469517,19.9290026832882,0.0,1.2641071428571429,14.4,87,100,8.0,223,15.4,15.2,14.7,0.2,0.2,0.0,16.0,80.0,1972.0,0.0,3.0,24.0,0.0,99880.0
2025-02-28 20:00:00,22.9768640499159,19.9930119828499,0.0,1.2671428571428571,13.6,89,100,7.0,230,14.6,15.2,14.7,0.1,0.1,0.0,16.0,83.0,0.0,0.0,3.0,341.0,0.0,99980.0
2025-02-28 21:00:00,22.8460381230246,20.1316587321346,0.0,1.2701785714285714,13.4,88,98,8.5,229,14.0,15.1,14.7,0.0,0.0,0.0,13.0,92.0,0.0,0.0,0.0,228.0,38.0,100010.0
2025-02-28 22:00:00,22.8158518342048,20.1028801735868,0.0,1.2732142857142856,11.8,90,84,4.5,230,13.3,15.0,14.7,0.0,0.0,0.0,14.0,91.0,0.0,0.0,4.0,264.0,0.0,99990.0
2025-02-28 23:00:00,22.8883200019418,19.9168357078559,0.0,1.2762499999999999,10.8,91,90,4.0,233,12.5,14.9,14.7,0.0,0.0,0.0,13.0,88.0,0.0,0.0,2.0,246.0,0.0,100050.0
2025-03-01 00:00:00,22.7096835281584,20.00885611855,0.0,1.2792857142857141,10.2,93,98,3.9,252,11.8,14.7,14.7,0.0,0.0,0.0,13.0,85.0,0.0,0.0,2.0,239.0,0.0,100030.0
2025-03-01 01:00:00,22.7712254277321,19.8711517744562,0.0,1.2823214285714284,11.7,89,98,4.1,212,13.0,14.9,14.7,0.0,0.0,0.0,13.0,86.0,0.0,0.0,3.0,282.0,0.0,100030.0
2025-03-01 02:00:00,23.045557936783,20.0435737171525,0.0,1.2853571428571429,11.8,90,97,3.5,235,12.8,14.8,14.7,0.0,0.0,0.0,12.0,87.0,0.0,0.0,1.0,186.0,1.0,99980.0
2025-03-01 03:00:00,22.9034192906615,19.8991560692443,0.0,1.2883928571428571,10.5,93,71,6.4,249,12.1,14.6,14.7,0.0,0.0,0.0,11.0,91.0,0.0,0.0,0.0,246.0,0.0,99950.0
2025-03-01 04:00:00,22.9145722145083,19.8910598052479,0.0,1.2914285714285714,9.4,94,36,6.2,249,11.5,14.4,14.7,0.0,0.0,0.0,10.0,91.0,0.0,0.0,0.0,198.0,0.0,99850.0
2025-03-01 05:00:00,22.898305859011,20.0109330793809,0.0,1.2944642857142856,8.7,93,14,7.2,242,10.9,14.2,14.7,0.0,0.0,0.0,10.0,92.0,0.0,0.0,1.0,180.0,0.0,99790.0
2025-03-01 06:00:00,22.9209263064703,19.8955461228672,0.0,1.2974999999999999,9.0,86,9,9.5,229,10.5,14.0,14.7,0.0,0.0,0.0,10.0,91.0,0.0,0.0,0.0,180.0,0.0,99810.0
2025-03-01 07:00:00,22.9008855578147,19.970361009371,0.0,1.3005357142857141,9.2,81,0,11.9,232,10.1,13.8,14.7,0.0,0.0,0.03,10.0,90.0,0.0,0.0,2.0,240.0,0.0,99800.0
2025-03-01 08:00:00,22.8802029191114,19.8701603238448,0.0,1.3035714285714286,11.6,74,86,21.2,236,10.5,13.6,14.7,0.0,0.0,0.07,9.0,91.0,301.0,0.0,1.0,222.0,0.0,99830.0
2025-03-01 09:00:00,22.9673608618095,19.9895950796533,0.0,1.3066071428571429,13.0,79,96,16.8,244,11.6,13.4,14.7,0.2,0.2,0.1,10.0,90.0,6044.0,0.0,2.0,240.0,0.0,99900.0
2025-03-01 10:00:00,22.7553511838005,19.874537568192,0.0,1.309642857142857,13.3,79,100,15.4,245,12.4,13.4,14.7,0.5,0.5,0.12,12.0,85.0,9727.0,1.0,3.0,258.0,0.0,99990.0
2025-03-01 11:00:00,22.7937385302051,20.0449833803083,0.0,1.3126785714285714,13.2,78,100,14.4,236,12.7,13.3,14.7,0.2,0.2,0.1,14.0,75.0,24828.0,1.0,3.0,244.0,0.0,100020.0
2025-03-01 12:00:00,22.8439479102665,20.1082120723217,0.0,1.3157142857142856,14.8,64,100,15.1,254,13.6,13.4,14.7,0.0,0.0,0.2,15.0,72.0,69162.0,4.0,4.0,258.0,0.0,100020.0
2025-03-01 13:00:00,22.8831727140476,19.8303986671222,0.0,1.3187499999999999,15.3,69,93,6.6,262,15.7,14.0,14.7,0.2,0.2,0.17,13.0,90.0,7102.0,0.0,3.0,343.0,0.0,100040.0
2025-03-01 14:00:00,22.7761831255449,19.8945422736913,0.0,1.3217857142857141,15.9,60,66,10.6,289,16.0,14.1,14.7,0.0,0.0,0.21,15.0,83.0,42868.0,3.0,3.0,330.0,2.0,100000.0
2025-03-01 15:00:00,22.7743677113412,19.7842107585935,0.0,1.3248214285714286,16.3,60,50,13.2,297,16.5,14.2,14.7,0.0,0.0,0.25,14.0,84.0,18796.0,1.0,0.0,264.0,2.0,99990.0
2025-03-01 16:00:00,22.8312887025365,19.7074238403157,0.0,1.3278571428571428,15.2,67,34,12.1,305,16.4,14.4,14.7,0.2,0.2,0.19,14.0,81.0,8925.0,0.0,1.0,326.0,1.0,99960.0
2025-03-01 17:00:00,22.8420957874481,19.9091300570321,0.0,1.330892857142857,14.5,70,32,6.4,330,16.0,14.5,14.7,0.0,0.0,0.11,14.0,87.0,5115.0,0.0,2.0,89.0,0.0,99980.0
2025-03-01 18:00:00,22.8210109197837,19.7836516604926,0.0,1.3339285714285714,12.6,81,37,1.0,2,15.0,14.6,14.7,0.0,0.0,0.02,13.0,92.0,6172.0,0.0,0.0,103.0,8.0,100040.0
2025-03-01 19:00:00,22.8464316329967,19.8567008189339,0.0,1.3369642857142856,11.8,85,84,2.6,140,14.1,14.6,14.7,0.0,0.0,0.0,13.0,87.0,2242.0,0.0,0.0,355.0,0.0,100130.0
2025-03-01 20:00:00,22.8432394729156,19.9639280311596,0.0,1.3399999999999999,11.6,86,100,3.8,165,13.6,14.5,14.7,0.0,0.0,0.0,13.0,90.0,0.0,0.0,0.0,162.0,0.0,100210.0
2025-03-01 21:00:00,22.7588376509795,19.7937768244453,0.0,1.343035714285714,10.9,89,100,4.5,202,13.1,14.5,14.7,0.0,0.0,0.0,12.0,93.0,0.0,0.0,0.0,139.0,0.0,100280.0
2025-03-01 22:00:00,22.9590082564477,19.9467560125412,0.0,1.3460714285714286,10.9,87,97,3.6,230,12.8,14.4,14.7,0.0,0.0,0.0,12.0,94.0,0.0,0.0,0.0,186.0,0.0,100280.0
2025-03-01 23:00:00,22.7534173704373,20.0626957481868,0.0,1.3491071428571428,10.7,86,49,3.6,252,12.4,14.3,14.7,0.0,0.0,0.0,11.0,95.0,0.0,0.0,0.0,174.0,0.0,100330.0
2025-03-02 00:00:00,22.6550914305407,19.8856010703684,0.0,1.352142857142857,10.0,87,43,4.5,231,11.9,14.1,14.7,0.0,0.0,0.0,11.0,95.0,0.0,0.0,0.0,166.0,0.0,100310.0
2025-03-02 01:00:00,22.7052367766563,19.953060302358,0.0,1.3551785714285713,10.5,79,3,0.9,261,11.9,14.2,14.7,0.0,0.0,0.0,9.0,96.0,0.0,0.0,0.0,172.0,0.0,100290.0
2025-03-02 02:00:00,22.8551876218074,19.8702612692997,0.0,1.3582142857142856,10.2,79,6,1.0,308,11.3,14.0,14.7,0.0,0.0,0.0,8.0,96.0,0.0,0.0,0.0,173.0,0.0,100280.0
2025-03-02 03:00:00,22.7755624391284,20.1733709965957,0.0,1.3612499999999998,9.4,83,5,3.1,256,10.8,13.8,14.7,0.0,0.0,0.0,8.0,96.0,0.0,0.0,0.0,171.0,0.0,100230.0
2025-03-02 04:00:00,22.6775552614418,19.9703014188075,0.0,1.3642857142857143,8.6,85,1,2.9,252,10.3,13.6,14.7,0.0,0.0,0.0,7.0,95.0,0.0,0.0,0.0,179.0,0.0,100230.0
2025-03-02 05:00:00,22.7735491671209,19.9067558407438,0.0,1.3673214285714286,7.8,87,0,2.2,270,9.9,13.4,14.7,0.0,0.0,0.0,7.0,95.0,0.0,0.0,0.0,210.0,0.0,100210.0
2025-03-02 06:00:00,22.6542446096818,19.8463551903503,0.0,1.3703571428571428,7.1,90,52,2.2,293,9.6,13.2,14.7,0.0,0.0,0.0,7.0,96.0,0.0,0.0,0.0,180.0,0.0,100190.0
2025-03-02 07:00:00,22.788538325485,19.9307212637034,0.0,1.373392857142857,7.3,90,100,1.7,53,9.3,13.0,14.7,0.0,0.0,0.01,6.0,94.0,0.0,0.0,0.0,84.0,0.0,100200.0
2025-03-02 08:00:00,22.8134265250375,19.9953203539388,0.0,1.3764285714285713,11.1,80,100,1.5,59,10.1,12.8,14.7,0.0,0.0,0.04,5.0,96.0,986.0,0.0,0.0,176.0,0.0,100200.0
2025-03-02 09:00:00,22.866286882685,19.9626867613904,0.0,1.3794642857142856,14.1,74,100,4.1,355,11.7,12.8,14.7,0.0,0.0,0.13,8.0,96.0,10472.0,1.0,0.0,186.0,0.0,100280.0
2025-03-02 10:00:00,22.7040976837749,20.0309221518446,0.0,1.3824999999999998,16.2,65,100,5.9,354,13.5,12.8,14.7,0.0,0.0,0.23,11.0,92.0,34069.0,2.0,0.0,228.0,0.0,100320.0
2025-03-02 11:00:00,22.6934167499965,20.1147784039599,0.0,1.3855357142857143,17.8,56,99,8.1,5,15.1,12.9,14.7,0.0,0.0,0.3,13.0,82.0,46053.0,4.0,0.0,170.0,0.0,100310.0
2025-03-02 12:00:00,22.6541930901095,20.1388208288096,0.0,1.3885714285714286,19.3,52,100,7.0,5,16.5,13.1,14.7,0.0,0.0,0.36,17.0,63.0,37552.0,4.0,0.0,107.0,0.0,100260.0
2025-03-02 13:00:00,22.804248486366,20.0166726743816,0.0,1.3916071428571428,18.9,55,100,13.9,25,17.2,13.5,14.7,0.0,0.0,0.34,17.0,65.0,45812.0,4.0,2.0,30.0,0.0,100220.0
2025-03-02 14:00:00,22.7393940642765,19.9717247245936,0.0,1.394642857142857,17.9,56,99,19.1,34,17.6,13.8,14.7,0.0,0.0,0.32,17.0,69.0,50049.0,4.0,5.0,13.0,0.0,100100.0
2025-03-02 15:00:00,22.5407281065174,19.9698624765361,0.0,1.3976785714285713,17.8,59,87,18.1,45,17.9,14.1,14.7,0.0,0.0,0.3,18.0,63.0,66672.0,6.0,2.0,90.0,0.0,100020.0
2025-03-02 16:00:00,22.6829929634761,19.9787123897146,0.0,1.4007142857142856,17.0,63,57,17.3,58,17.5,14.3,14.7,0.0,0.0,0.21,18.0,64.0,55123.0,4.0,4.0,32.0,0.0,99980.0
2025-03-02 17:00:00,22.5745619656345,20.0209050316173,0.0,1.4037499999999998,16.3,68,2,15.9,67,17.0,14.5,14.7,0.0,0.0,0.13,18.0,65.0,23680.0,1.0,4.0,42.0,0.0,99960.0
2025-03-02 18:00:00,22.6488179978062,20.0093066384594,0.0,1.4067857142857143,14.7,79,23,8.1,69,16.1,14.6,14.7,0.0,0.0,0.04,17.0,67.0,6572.0,0.0,5.0,66.0,0.0,99950.0
2025-03-02 19:00:00,22.7917170231956,19.960486537869,0.0,1.4098214285714286,13.0,89,83,5.3,40,14.9,14.7,14.7,0.0,0.0,0.0,15.0,79.0,1202.0,0.0,2.0,66.0,0.0,100020.0
2025-03-02 20:00:00,22.8452109699162,19.912428199457,0.0,1.4128571428571428,13.0,95,100,3.2,24,14.0,14.7,14.7,0.0,0.0,0.0,14.0,88.0,0.0,0.0,2.0,18.0,0.0,100080.0
2025-03-02 21:00:00,22.7220958150049,19.9719719510818,0.0,1.415892857142857,12.6,98,100,2.2,35,13.3,14.6,14.7,0.0,0.0,0.0,13.0,92.0,0.0,0.0,0.0,181.0,0.0,100110.0
2025-03-02 22:00:00,22.8114833106393,20.0235062665817,0.0,1.4189285714285713,13.0,97,97,0.8,17,13.0,14.5,14.7,0.0,0.0,0.0,13.0,93.0,0.0,0.0,0.0,240.0,0.0,100130.0
2025-03-02 23:00:00,22.6974049545221,20.1032007025409,0.0,1.4219642857142856,12.5,97,100,5.0,290,12.8,14.4,14.7,0.0,0.0,0.0,14.0,92.0,0.0,0.0,2.0,228.0,0.0,100130.0
2025-03-03 00:00:00,22.6571852278038,19.9402946611242,0.0,1.4249999999999998,12.6,96,100,10.5,266,12.9,14.3,14.7,0.0,0.0,0.0,14.0,91.0,0.0,0.0,0.0,264.0,0.0,100100.0
2025-03-03 01:00:00,22.727494105323,19.7904244412918,0.0,1.4280357142857143,13.2,98,100,9.6,259,14.0,14.4,14.7,0.0,0.0,0.0,14.0,88.0,0.0,0.0,3.0,252.0,0.0,100080.0
2025-03-03 02:00:00,22.7790499578363,20.0184206123933,0.0,1.4310714285714285,13.0,96,100,10.2,257,13.7,14.4,14.7,0.0,0.0,0.0,14.0,92.0,0.0,0.0,2.0,246.0,0.0,100040.0
2025-03-03 03:00:00,22.6137396923685,19.9334387109334,0.0,1.4341071428571428,13.1,96,100,8.7,252,13.6,14.4,14.7,0.0,0.0,0.0,13.0,95.0,0.0,0.0,0.0,258.0,0.0,100020.0
2025-03-03 04:00:00,22.7112184156022,20.0163476906347,0.0,1.437142857142857,12.6,92,100,6.3,244,13.4,14.3,14.7,0.0,0.0,0.0,12.0,96.0,0.0,0.0,0.0,204.0,0.0,100010.0
2025-03-03 05:00:00,22.7741724326294,20.0460993286138,0.0,1.4401785714285713,11.9,85,100,5.9,242,13.1,14.3,14.7,0.0,0.0,0.0,11.0,96.0,0.0,0.0,0.0,252.0,0.0,100020.0
2025-03-03 06:00:00,22.6779633153196,20.0250996498087,0.0,1.4432142857142856,11.4,82,99,5.4,256,12.8,14.2,14.7,0.0,0.0,0.0,12.0,96.0,0.0,0.0,0.0,186.0,0.0,100030.0
2025-03-03 07:00:00,22.5476340586841,19.9285641760982,0.0,1.44625,11.6,82,95,5.2,261,12.6,14.1,14.7,0.0,0.0,0.02,11.0,96.0,0.0,0.0,0.0,186.0,0.0,100080.0
2025-03-03 08:00:00,22.6975727570222,20.0372603701296,0.0,1.4492857142857143,13.3,84,79,6.5,264,13.0,14.0,14.7,0.0,0.0,0.04,11.0,97.0,1931.0,0.0,0.0,282.0,0.0,100110.0
2025-03-03 09:00:00,22.7340071235043,19.8314826424769,0.0,1.4523214285714285,15.1,88,69,5.7,302,14.0,14.0,14.7,0.0,0.0,0.11,13.0,97.0,11311.0,1.0,0.0,353.0,0.0,100180.0
2025-03-03 10:00:00,22.4810413755942,19.8852185469588,0.0,1.4553571428571428,17.4,77,37,7.1,333,15.7,14.1,14.7,0.0,0.0,0.26,16.0,85.0,33592.0,2.0,3.0,317.0,0.0,100220.0
2025-03-03 11:00:00,22.4916276221008,19.8929102252679,0.0,1.458392857142857,19.6,66,22,8.0,345,17.3,14.2,14.7,0.0,0.0,0.36,18.0,76.0,57456.0,3.0,3.0,287.0,0.0,100210.0
2025-03-03 12:00:00,22.5199463469476,19.8262888168367,0.0,1.4614285714285713,20.4,64,20,12.1,352,18.8,14.5,14.7,0.0,0.0,0.42,19.0,65.0,73988.0,4.0,1.0,333.0,0.0,100160.0
2025-03-03 13:00:00,22.6627418985985,19.7632534613267,0.0,1.4644642857142856,20.5,65,30,9.3,7,19.9,14.7,14.7,0.0,0.0,0.44,21.0,55.0,80560.0,6.0,2.0,345.0,0.0,100080.0
2025-03-03 14:00:00,22.5286100710428,20.2650748861845,0.0,1.4675,20.5,65,34,10.1,25,20.5,15.1,14.7,0.0,0.0,0.41,21.0,63.0,77118.0,6.0,3.0,56.0,0.0,99970.0
2025-03-03 15:00:00,22.4557978044445,21.2255160671642,0.0,1.4705357142857143,19.6,67,5,12.3,40,20.6,15.4,14.7,0.0,0.0,0.32,20.0,68.0,74604.0,5.0,4.0,19.0,0.0,99890.0
2025-03-03 16:00:00,22.6008180016671,21.8500743422883,0.0,1.4735714285714285,18.6,68,13,12.1,31,20.2,15.7,14.7,0.0,0.0,0.25,19.0,72.0,48329.0,3.0,4.0,48.0,0.0,99890.0
2025-03-03 17:00:00,22.8171467789702,22.1598834432242,0.0,1.4766071428571428,17.4,71,39,8.1,27,19.3,16.0,14.7,0.0,0.0,0.13,18.0,73.0,22521.0,1.0,4.0,30.0,0.0,99870.0
2025-03-03 18:00:00,22.7936075301607,22.4496276810332,0.0,1.479642857142857,15.5,81,51,1.9,43,18.0,16.1,14.7,0.0,0.0,0.03,18.0,75.0,9728.0,0.0,3.0,54.0,0.0,99900.0
2025-03-03 19:00:00,22.7624300754907,22.4526746049973,0.0,1.4826785714285713,14.4,85,100,3.1,63,16.6,16.1,14.7,0.0,0.0,0.0,16.0,79.0,614.0,0.0,1.0,42.0,0.0,99950.0
2025-03-03 20:00:00,23.0890624030757,22.560248874044,0.0,1.4857142857142855,14.3,86,99,5.2,58,15.9,16.1,14.7,0.0,0.0,0.0,15.0,82.0,0.0,0.0,1.0,36.0,0.0,99960.0
2025-03-03 21:00:00,22.9921776964623,22.8699658567205,0.0,1.48875,14.8,75,90,5.8,66,15.4,16.1,14.8,0.0,0.0,0.0,15.0,89.0,0.0,0.0,1.0,352.0,0.0,100020.0
2025-03-03 22:00:00,23.0063610334759,22.9114087328441,0.0,1.4917857142857143,14.0,76,99,5.2,60,14.8,16.0,14.8,0.0,0.0,0.0,15.0,93.0,0.0,0.0,0.0,18.0,0.0,100060.0
2025-03-03 23:00:00,23.2393585887174,22.9803751680776,0.0,1.4948214285714285,13.8,78,51,5.4,48,14.5,15.9,14.8,0.0,0.0,0.0,15.0,95.0,0.0,0.0,1.0,60.0,0.0,100110.0
2025-03-04 00:00:00,23.3596281824175,23.0191314323989,0.0,1.4978571428571428,13.0,87,22,4.0,42,14.0,15.7,14.8,0.0,0.0,0.0,15.0,95.0,0.0,0.0,3.0,48.0,0.0,99960.0
2025-03-04 01:00:00,23.5734863881785,23.0092602980808,0.0,1.500892857142857,13.4,91,100,5.2,56,15.1,15.8,14.8,0.0,0.0,0.0,15.0,95.0,0.0,0.0,0.0,318.0,0.0,100030.0
2025-03-04 02:00:00,23.8939528884701,22.9761339509044,0.0,1.5039285714285713,13.3,90,100,3.6,48,14.3,15.7,14.8,0.0,0.0,0.0,15.0,94.0,0.0,0.0,0.0,96.0,0.0,100050.0
2025-03-04 03:00:00,24.1221704257872,23.0484236141659,0.0,1.5069642857142855,14.4,94,100,8.3,46,14.3,15.6,14.8,0.0,0.0,0.0,15.0,94.0,0.0,0.0,0.0,156.0,0.0,99980.0
2025-03-04 04:00:00,24.3800431262861,22.942950470161,0.0,1.51,14.3,94,100,5.6,45,14.4,15.5,14.8,0.0,0.0,0.0,14.0,95.0,0.0,0.0,1.0,353.0,0.0,99850.0
2025-03-04 05:00:00,24.4616652582825,22.8875506886158,0.0,1.5130357142857143,13.9,97,100,4.3,34,14.2,15.4,14.8,0.0,0.0,0.0,14.0,95.0,0.0,0.0,1.0,36.0,0.0,99800.0
2025-03-04 06:00:00,24.5946154710665,22.9193312920572,0.0,1.5160714285714285,13.5,99,100,0.6,57,14.0,15.3,14.8,0.0,0.0,0.0,15.0,94.0,0.0,0.0,2.0,120.0,0.0,99790.0
2025-03-04 07:00:00,24.6708522246736,23.4047839528112,0.0,1.5191071428571428,13.9,96,100,0.4,32,14.0,15.2,14.8,0.1,0.1,0.01,14.0,94.0,0.0,0.0,0.0,64.0,0.0,99830.0
2025-03-04 08:00:00,25.0108612184633,23.2845465842372,0.0,1.522142857142857,14.5,94,100,4.0,261,14.3,15.1,14.8,0.3,0.3,0.03,15.0,94.0,708.0,0.0,2.0,10.0,0.0,99870.0
2025-03-04 09:00:00,24.9562556910397,23.1102839490629,0.0,1.5251785714285713,15.1,97,100,7.4,272,14.8,15.1,14.8,0.5,0.5,0.06,15.0,94.0,6128.0,0.0,0.0,252.0,0.0,99960.0
2025-03-04 10:00:00,25.1490581641545,23.0797441529792,0.0,1.5282142857142857,15.8,92,99,5.6,265,15.4,15.1,14.8,0.8,0.8,0.12,16.0,93.0,16375.0,1.0,0.0,43.0,0.0,99960.0
2025-03-04 11:00:00,25.2125818146205,23.1280524050842,0.0,1.53125,17.5,75,72,4.0,266,16.7,15.2,14.8,0.4,0.4,0.29,16.0,92.0,12984.0,1.0,2.0,240.0,0.0,99940.0
2025-03-04 12:00:00,25.3509083650324,23.1867518080203,0.0,1.5342857142857143,19.2,59,100,7.1,274,18.3,15.3,14.9,0.1,0.1,0.41,17.0,86.0,23452.0,1.0,2.0,278.0,0.0,99910.0
2025-03-04 13:00:00,25.1887163280901,23.0895825880062,0.0,1.5373214285714285,17.1,79,100,6.0,345,18.2,15.4,14.8,0.4,0.4,0.2,17.0,78.0,29784.0,2.0,0.0,249.0,0.0,99890.0
2025-03-04 14:00:00,25.3213550656881,23.0876136959054,0.0,1.5403571428571428,17.9,73,99,6.1,346,18.2,15.6,14.9,0.5,0.5,0.26,18.0,72.0,27316.0,2.0,2.0,240.0,0.0,99830.0
2025-03-04 15:00:00,25.3157968434789,22.7873349581921,0.0,1.543392857142857,17.6,71,63,6.2,337,17.9,15.7,14.9,0.2,0.2,0.17,19.0,64.0,40945.0,3.0,1.0,191.0,0.0,99760.0
2025-03-04 16:00:00,25.1318292156495,22.9567895714516,0.0,1.5464285714285713,17.8,66,42,2.3,322,18.0,15.8,14.9,0.1,0.1,0.18,18.0,76.0,14547.0,1.0,2.0,48.0,0.0,99740.0
2025-03-04 17:00:00,25.1812133251924,22.9800633810993,0.0,1.5494642857142857,17.6,68,14,4.5,170,17.8,16.0,14.9,0.1,0.1,0.12,17.0,80.0,14981.0,1.0,2.0,117.0,0.0,99760.0
2025-03-04 18:00:00,25.1038772424329,23.0916415680136,0.0,1.5525,15.5,82,10,2.7,171,16.9,16.0,14.9,0.0,0.0,0.03,17.0,75.0,5654.0,0.0,0.0,125.0,0.0,99790.0
2025-03-04 19:00:00,25.2522944178514,23.1408299260092,0.0,1.5555357142857142,14.0,87,3,0.7,270,15.7,16.0,14.9,0.0,0.0,0.0,16.0,81.0,181.0,0.0,1.0,12.0,0.0,99820.0
2025-03-04 20:00:00,25.2980879372176,23.0594868773585,0.0,1.5585714285714285,13.2,88,12,0.4,330,14.6,15.9,14.9,0.0,0.0,0.0,16.0,88.0,0.0,0.0,2.0,12.0,0.0,99870.0
2025-03-04 21:00:00,25.3439399528471,23.0168690935135,0.0,1.5616071428571427,12.8,88,6,1.2,304,13.9,15.8,14.9,0.0,0.0,0.0,15.0,89.0,0.0,0.0,0.0,355.0,0.0,99890.0
2025-03-04 22:00:00,25.3868904261271,22.998802208144,0.0,1.564642857142857,12.1,89,13,3.1,243,13.3,15.6,14.9,0.0,0.0,0.0,14.0,90.0,0.0,0.0,2.0,187.0,0.0,99890.0
2025-03-04 23:00:00,25.3193007100274,23.0155792445931,0.0,1.5676785714285713,11.5,90,14,5.5,244,12.8,15.5,14.9,0.0,0.0,0.0,13.0,93.0,0.0,0.0,0.0,192.0,0.0,99910.0
2025-03-05 00:00:00,25.3758131331914,23.0276817007104,0.0,1.5707142857142857,11.2,93,19,5.9,248,12.5,15.3,14.9,0.0,0.0,0.0,13.0,93.0,0.0,0.0,0.0,182.0,0.0,99910.0
2025-03-05 01:00:00,25.3825719092792,23.1242686675373,0.0,1.57375,12.7,88,4,1.0,340,13.8,15.8,15.0,0.0,0.0,0.0,12.0,94.0,0.0,0.0,0.0,174.0,0.0,99890.0
2025-03-05 02:00:00,25.307197576089,23.1013659067521,0.0,1.5767857142857142,12.0,91,1,1.8,279,13.1,15.6,15.0,0.0,0.0,0.0,10.0,94.0,0.0,0.0,0.0,192.0,0.0,99850.0
2025-03-05 03:00:00,25.1667086708106,22.9709329133796,0.0,1.5798214285714285,11.7,90,7,1.1,90,12.5,15.4,15.0,0.0,0.0,0.0,11.0,94.0,0.0,0.0,1.0,156.0,0.0,99770.0
2025-03-05 04:00:00,25.3944396985029,23.135128781731,0.0,1.5828571428571427,11.4,91,26,0.4,54,12.0,15.2,15.0,0.0,0.0,0.0,10.0,93.0,0.0,0.0,1.0,102.0,0.0,99780.0
2025-03-05 05:00:00,25.5211127346304,23.0236075245083,0.0,1.585892857142857,11.1,93,35,1.3,77,11.6,15.0,15.0,0.0,0.0,0.0,11.0,91.0,0.0,0.0,0.0,173.0,0.0,99750.0
2025-03-05 06:00:00,25.5239472152692,23.0803362509783,0.0,1.5889285714285712,10.9,94,11,1.8,18,11.4,14.8,15.0,0.0,0.0,0.0,12.0,92.0,0.0,0.0,0.0,186.0,0.0,99770.0
2025-03-05 07:00:00,25.1702029686514,22.964107302408,0.0,1.5919642857142857,11.0,94,30,1.3,13,11.2,14.6,15.0,0.0,0.0,0.01,12.0,90.0,0.0,0.0,0.0,162.0,0.0,99800.0
2025-03-05 08:00:00,25.1794009868171,23.0651630708284,0.0,1.595,13.2,89,36,3.3,346,12.1,14.4,15.0,0.0,0.0,0.05,12.0,93.0,6177.0,0.0,0.0,216.0,0.0,99830.0
2025-03-05 09:00:00,25.2827087390211,22.8801051861677,0.0,1.5980357142857142,15.3,81,5,4.3,318,13.6,14.3,15.0,0.0,0.0,0.15,14.0,88.0,14594.0,1.0,0.0,252.0,0.0,99860.0
2025-03-05 10:00:00,25.3983284520348,22.9729910270779,0.0,1.6010714285714285,17.5,75,3,5.1,356,15.5,14.4,15.0,0.0,0.0,0.27,16.0,82.0,24351.0,1.0,0.0,246.0,0.0,99910.0
2025-03-05 11:00:00,25.2950264285875,22.8916569278505,0.0,1.6041071428571427,19.6,67,13,8.3,357,17.4,14.5,15.0,0.0,0.0,0.37,17.0,74.0,40938.0,3.0,2.0,240.0,0.0,99920.0
2025-03-05 12:00:00,25.2865493638018,22.6891224734618,0.0,1.607142857142857,19.6,67,32,9.5,2,18.8,14.8,15.0,0.0,0.0,0.39,18.0,69.0,31077.0,2.0,1.0,84.0,0.0,99880.0
2025-03-05 13:00:00,25.2359824023093,22.6412900560155,0.0,1.6101785714285715,22.4,50,41,2.1,196,19.5,15.2,15.0,0.0,0.0,0.4,19.0,70.0,42477.0,3.0,3.0,48.0,0.0,99810.0
2025-03-05 14:00:00,25.2681451476268,22.7989652913511,0.0,1.6132142857142857,20.6,63,65,15.4,71,20.1,15.5,15.0,0.9,0.9,0.36,18.0,75.0,24602.0,1.0,4.0,21.0,0.0,99790.0
2025-03-05 15:00:00,25.2207545495818,22.8137701682266,0.0,1.61625,19.5,67,74,5.7,352,20.0,15.7,15.0,0.2,0.2,0.3,18.0,82.0,13728.0,1.0,3.0,96.0,0.0,99760.0
2025-03-05 16:00:00,25.2745431564664,22.9158588996222,0.0,1.6192857142857142,19.0,70,78,11.4,30,19.4,16.0,15.0,0.0,0.0,0.18,17.0,78.0,17676.0,1.0,4.0,137.0,2.0,99670.0
2025-03-05 17:00:00,25.3424884296951,22.6101798835328,0.0,1.6223214285714285,18.4,73,88,1.1,108,19.0,16.2,15.0,0.3,0.3,0.1,17.0,82.0,5711.0,0.0,3.0,82.0,0.0,99680.0
2025-03-05 18:00:00,25.1911715482855,22.7778108356701,0.0,1.6253571428571427,16.8,82,69,8.8,83,17.8,16.3,15.0,0.2,0.2,0.04,17.0,82.0,5627.0,0.0,0.0,200.0,0.0,99680.0
2025-03-05 19:00:00,25.3291187857309,22.6386916939247,0.0,1.628392857142857,15.3,89,45,2.6,67,16.7,16.3,15.0,0.0,0.0,0.01,17.0,68.0,0.0,0.0,6.0,120.0,0.0,99660.0
2025-03-05 20:00:00,25.1718020919466,22.7061988288447,0.0,1.6314285714285715,14.6,91,79,9.9,275,15.7,16.3,15.0,0.0,0.0,0.0,17.0,71.0,0.0,0.0,2.0,91.0,0.0,99760.0
2025-03-05 21:00:00,25.2212143298897,22.7363265123162,0.0,1.6344642857142857,14.3,94,69,4.3,271,15.3,16.2,15.0,0.1,0.1,0.0,16.0,77.0,0.0,0.0,1.0,282.0,0.0,99860.0
2025-03-05 22:00:00,25.1473855655463,22.7638792340018,0.0,1.6375,13.2,94,94,5.8,250,14.6,16.1,15.1,0.0,0.0,0.0,16.0,84.0,0.0,0.0,3.0,258.0,0.0,99940.0
2025-03-05 23:00:00,25.0913385628507,22.7188314063826,0.0,1.6405357142857142,13.0,93,3,8.4,259,14.1,16.0,15.1,0.0,0.0,0.0,15.0,89.0,0.0,0.0,0.0,314.0,0.0,99980.0
2025-03-06 00:00:00,25.1453707892207,22.6832832819794,0.0,1.6435714285714285,12.6,94,5,6.9,254,13.7,15.8,15.1,0.0,0.0,0.0,15.0,90.0,0.0,0.0,1.0,182.0,0.0,99930.0
2025-03-06 01:00:00,25.1268811893737,22.7181867938471,0.0,1.6466071428571427,12.0,95,19,3.3,177,14.4,15.6,15.1,0.0,0.0,0.0,14.0,93.0,0.0,0.0,0.0,167.0,0.0,99890.0
2025-03-06 02:00:00,25.1505712609039,22.60970655748,0.0,1.649642857142857,11.3,96,23,3.9,260,13.7,15.5,15.1,0.0,0.0,0.0,13.0,94.0,0.0,0.0,0.0,198.0,0.0,99890.0
2025-03-06 03:00:00,25.2636867782019,22.8037685201081,0.0,1.6526785714285714,10.9,95,3,3.9,262,13.2,15.3,15.1,0.0,0.0,0.0,14.0,94.0,0.0,0.0,0.0,210.0,0.0,99850.0
2025-03-06 04:00:00,25.1837701395998,22.673384542023,0.0,1.6557142857142857,11.1,94,9,5.6,253,12.8,15.2,15.1,0.0,0.0,0.0,13.0,94.0,0.0,0.0,0.0,6.0,0.0,99790.0
2025-03-06 05:00:00,24.9661408813369,22.7945296371617,0.0,1.65875,10.8,93,14,4.1,255,12.5,15.0,15.1,0.0,0.0,0.0,12.0,95.0,0.0,0.0,0.0,171.0,0.0,99790.0
2025-03-06 06:00:00,25.1034071699842,22.6325382449686,0.0,1.6617857142857142,10.8,91,10,2.0,277,12.0,14.8,15.1,0.0,0.0,0.0,12.0,96.0,0.0,0.0,0.0,186.0,0.0,99800.0
2025-03-06 07:00:00,25.1914637952605,22.5571211762152,0.0,1.6648214285714285,11.1,90,6,2.5,282,11.8,14.7,15.1,0.0,0.0,0.01,12.0,96.0,184.0,0.0,0.0,78.0,0.0,99800.0
2025-03-06 08:00:00,25.0466495620967,22.7380489964965,0.0,1.6678571428571427,13.7,85,0,4.4,268,12.6,14.5,15.1,0.0,0.0,0.05,13.0,96.0,5003.0,0.0,0.0,144.0,0.0,99850.0
2025-03-06 09:00:00,25.1348013539207,22.639653539952,0.0,1.670892857142857,16.2,78,11,4.7,293,14.2,14.5,15.1,0.0,0.0,0.16,14.0,92.0,11439.0,0.0,0.0,181.0,0.0,99900.0
2025-03-06 10:00:00,25.2747123917858,22.7342643264776,0.0,1.6739285714285714,18.0,72,25,7.9,312,15.9,14.5,15.1,0.0,0.0,0.27,16.0,87.0,17457.0,1.0,0.0,252.0,0.0,99910.0
2025-03-06 11:00:00,25.1946429808041,22.6922739431985,0.0,1.6769642857142857,19.4,64,71,6.6,314,17.7,14.7,15.1,0.0,0.0,0.37,16.5,84.5,27627.5,2.0,1.0,158.0,0.0,99910.0
2025-03-06 12:00:00,25.1220169397354,22.6245035506298,0.0,1.68,19.0,68,95,8.2,307,18.7,14.9,15.1,0.2,0.2,0.33,17.0,82.0,37798.0,3.0,2.0,64.0,0.0,99910.0
2025-03-06 13:00:00,25.2421683797021,22.5728073610597,0.0,1.6845238095238095,19.4,68,72,7.0,10,19.3,15.2,15.1,0.3,0.3,0.3,19.0,73.0,82807.0,6.0,1.0,120.0,0.0,99890.0
2025-03-06 14:00:00,25.1453854059538,22.3191367442383,0.0,1.689047619047619,17.5,76,92,4.9,282,18.8,15.4,15.1,3.0,3.0,0.28,19.0,75.0,44557.0,3.0,3.0,36.0,0.0,99810.0
2025-03-06 15:00:00,25.0247969015225,22.1989779902354,0.0,1.6935714285714285,18.0,70,99,2.5,180,18.8,15.6,15.1,0.0,0.0,0.24,19.0,73.0,39380.0,3.0,3.0,358.0,0.0,99740.0
2025-03-06 16:00:00,25.1049004662302,22.4785234663724,0.0,1.698095238095238,16.6,79,100,7.9,312,18.2,15.8,15.1,0.2,0.2,0.12,19.0,70.0,29092.0,3.0,4.0,358.0,0.0,99730.0
2025-03-06 17:00:00,25.0726294711973,22.1596349752376,0.0,1.7026190476190475,15.3,84,100,8.7,246,17.2,15.9,15.1,3.1,3.1,0.08,18.0,78.0,11139.0,0.0,3.0,11.0,0.0,99770.0
2025-03-06 18:00:00,25.1552578665489,22.3943388552016,0.0,1.707142857142857,14.7,92,100,6.4,245,16.1,15.9,15.1,2.4,2.4,0.02,17.0,82.0,1284.0,0.0,3.0,330.0,0.0,99890.0
2025-03-06 19:00:00,24.9053102361702,22.5805141097131,0.0,1.7116666666666667,14.3,93,100,8.0,265,15.4,15.9,15.1,0.3,0.3,0.02,14.0,83.0,113.0,0.0,4.0,173.0,13.0,100000.0
2025-03-06 20:00:00,27.7547918952803,22.4442693742376,0.0,1.716190476190476,13.7,92,98,9.7,253,14.7,15.8,15.1,0.3,0.3,0.0,13.0,93.0,0.0,0.0,2.0,264.0,15.0,100120.0
2025-03-06 21:00:00,31.3508709787643,24.4023905498656,0.0,1.7207142857142856,13.7,89,100,11.0,247,14.3,15.7,15.1,0.2,0.2,0.0,12.0,95.0,0.0,0.0,2.0,258.0,38.0,100200.0
2025-03-06 22:00:00,31.1050103608789,26.0703424134035,0.0,1.7252380952380952,13.4,93,100,11.5,250,14.1,15.6,15.1,0.5,0.5,0.0,13.0,96.0,0.0,0.0,2.0,173.0,5.0,100290.0
2025-03-06 23:00:00,30.9553309655606,26.0896663818173,0.0,1.7297619047619046,13.5,93,100,9.9,250,14.0,15.5,15.1,0.5,0.5,0.0,13.0,95.0,0.0,0.0,0.0,204.0,3.0,100320.0
2025-03-07 00:00:00,30.8012230641927,26.3070953504661,0.0,1.7342857142857142,13.4,94,100,9.6,244,13.9,15.4,15.1,0.5,0.5,0.0,13.0,94.0,0.0,0.0,0.0,216.0,1.0,100300.0
2025-03-07 01:00:00,30.5106869063623,26.2869709106518,0.0,1.7388095238095238,13.8,87,100,9.1,242,14.0,15.1,15.1,0.2,0.2,0.0,13.0,93.0,0.0,0.0,0.0,216.0,0.0,100280.0
2025-03-07 02:00:00,30.3414132774669,26.200889222283,0.0,1.7433333333333332,13.6,91,99,7.5,240,13.9,15.0,15.1,0.5,0.5,0.0,13.0,91.0,0.0,0.0,2.0,246.0,0.0,100250.0
2025-03-07 03:00:00,30.1462861598778,26.2309643306779,0.0,1.7478571428571428,13.3,91,93,6.4,241,13.6,14.9,15.1,0.4,0.4,0.0,13.0,93.0,0.0,0.0,0.0,228.0,0.0,100220.0
2025-03-07 04:00:00,29.9698265514726,26.2784692466862,0.0,1.7523809523809524,13.3,84,100,6.4,232,13.4,14.8,15.1,0.1,0.1,0.0,13.0,93.0,0.0,0.0,2.0,282.0,0.0,100190.0
2025-03-07 05:00:00,30.0286320031816,26.322900827474,0.0,1.7569047619047617,13.0,85,62,4.6,235,13.2,14.7,15.1,0.0,0.0,0.0,13.0,95.0,0.0,0.0,2.0,240.0,0.0,100180.0
2025-03-07 06:00:00,30.0401945899489,26.2020985479374,0.0,1.7614285714285713,12.5,84,32,2.0,243,12.8,14.6,15.1,0.0,0.0,0.0,13.0,95.0,0.0,0.0,0.0,246.0,0.0,100180.0
2025-03-07 07:00:00,29.7074146005515,26.4318972141867,0.0,1.765952380952381,12.3,85,42,1.3,264,12.4,14.5,15.1,0.0,0.0,0.01,13.0,94.0,0.0,0.0,0.0,198.0,0.0,100190.0
2025-03-07 08:00:00,29.5511589701728,26.1766941587002,0.0,1.7704761904761903,14.0,84,62,3.5,252,13.1,14.4,15.1,0.0,0.0,0.05,13.0,93.0,356.0,0.0,0.0,205.0,0.0,100190.0
2025-03-07 09:00:00,29.7084192441081,26.3262246680914,0.0,1.775,15.8,77,100,2.7,247,14.3,14.4,15.1,0.0,0.0,0.14,13.0,92.0,6265.0,0.0,0.0,258.0,0.0,100230.0
2025-03-07 10:00:00,29.6526038248827,26.3317574304393,0.0,1.7795238095238095,17.4,68,99,2.2,298,15.9,14.4,15.1,0.0,0.0,0.27,14.0,86.0,20128.0,1.0,1.0,270.0,0.0,100260.0
2025-03-07 11:00:00,29.2764485207082,26.2522908496839,0.0,1.7840476190476189,18.8,61,100,3.5,284,17.6,14.6,15.1,0.0,0.0,0.38,16.0,81.0,30990.0,2.0,1.0,276.0,0.0,100230.0
2025-03-07 12:00:00,29.396284929073,26.0789543024894,0.0,1.7885714285714285,20.2,54,100,4.5,287,19.0,14.9,15.1,0.0,0.0,0.43,18.0,66.0,71728.0,4.0,3.0,266.0,0.0,100200.0
2025-03-07 13:00:00,28.8824096554417,26.0080261830175,0.0,1.793095238095238,20.4,51,100,6.1,267,19.2,15.3,15.1,0.0,0.0,0.32,19.0,62.0,48856.0,4.0,1.0,270.0,0.0,100140.0
2025-03-07 14:00:00,28.9436528790763,25.909607614817,0.0,1.7976190476190474,20.5,50,100,6.0,295,19.6,15.5,15.1,0.0,0.0,0.32,19.0,62.0,50036.0,4.0,1.0,21.0,0.0,100040.0
2025-03-07 15:00:00,29.0617620128005,25.8940125819722,0.0,1.802142857142857,19.5,63,97,8.8,20,19.6,15.8,15.1,0.0,0.0,0.26,19.0,64.0,28092.0,2.0,2.0,324.0,0.0,99980.0
2025-03-07 16:00:00,28.9887898138414,25.8027487954538,0.0,1.8066666666666666,18.4,72,7,10.6,42,19.4,16.0,15.1,0.0,0.0,0.21,18.0,80.0,66115.0,4.0,3.0,355.0,0.0,99910.0
2025-03-07 17:00:00,28.8327985274194,25.7513596157014,0.0,1.811190476190476,17.6,73,0,10.1,54,18.8,16.2,15.1,0.0,0.0,0.15,19.0,77.0,51220.0,2.0,2.0,36.0,0.0,99840.0
2025-03-07 18:00:00,28.8350409134081,25.9473456677252,0.0,1.8157142857142856,15.4,82,3,7.5,63,17.7,16.4,15.1,0.0,0.0,0.04,19.0,76.0,14009.0,1.0,2.0,38.0,0.0,99810.0
2025-03-07 19:00:00,28.5707063788385,25.8186332053707,0.0,1.8202380952380952,13.4,90,0,4.7,81,16.4,16.4,15.2,0.0,0.0,0.02,18.0,80.0,2771.0,0.0,1.0,84.0,0.0,99830.0
2025-03-07 20:00:00,28.7860084919318,25.6493209727877,0.0,1.8247619047619046,12.6,92,2,0.6,35,15.2,16.3,15.2,0.0,0.0,0.0,15.0,92.0,0.0,0.0,2.0,36.0,0.0,99830.0
2025-03-07 21:00:00,28.5214528815232,25.6994051613872,0.0,1.8292857142857142,11.5,94,2,2.7,310,14.3,16.2,15.2,0.0,0.0,0.0,14.0,95.0,0.0,0.0,0.0,38.0,0.0,99850.0
2025-03-07 22:00:00,28.6675277043558,25.7036130407594,0.0,1.8338095238095238,11.1,89,0,2.7,218,13.6,16.0,15.2,0.0,0.0,0.0,13.0,96.0,0.0,0.0,0.0,182.0,0.0,99840.0
2025-03-07 23:00:00,28.3652712017286,25.7394231721856,0.0,1.8383333333333334,10.6,86,4,4.1,227,13.0,15.8,15.2,0.0,0.0,0.0,12.0,96.0,0.0,0.0,0.0,240.0,0.0,99840.0
2025-03-08 00:00:00,28.4755594612898,25.5986198864574,0.0,1.8428571428571427,10.1,85,11,4.4,211,12.6,15.6,15.2,0.0,0.0,0.0,12.0,97.0,0.0,0.0,0.0,198.0,0.0,99860.0
2025-03-08 01:00:00,28.3972384196426,25.5028992777795,0.0,1.8473809523809523,10.3,87,7,5.4,186,13.7,15.5,15.2,0.0,0.0,0.0,12.0,97.0,0.0,0.0,0.0,186.0,0.0,99830.0
2025-03-08 02:00:00,28.508596459399,25.7335466768809,0.0,1.851904761904762,9.4,90,2,5.8,165,13.2,15.3,15.2,0.0,0.0,0.0,11.0,97.0,0.0,0.0,0.0,165.0,0.0,99760.0
2025-03-08 03:00:00,28.3334995233084,25.6199759924926,0.0,1.8564285714285713,8.7,94,0,7.0,191,12.8,15.2,15.2,0.0,0.0,0.0,12.0,98.0,0.0,0.0,0.0,204.0,0.0,99690.0
2025-03-08 04:00:00,28.4432748765706,25.5997105564351,0.0,1.860952380952381,9.5,89,88,7.4,204,12.5,15.0,15.2,0.0,0.0,0.0,10.0,98.0,0.0,0.0,0.0,174.0,0.0,99600.0
2025-03-08 05:00:00,28.2080318512584,25.3667387207673,0.0,1.8654761904761905,9.7,87,68,7.6,181,12.3,14.8,15.2,0.0,0.0,0.0,10.0,98.0,0.0,0.0,0.0,176.0,0.0,99520.0
2025-03-08 06:00:00,28.3970263714694,25.4409989215822,0.0,1.8699999999999999,9.4,86,87,8.3,188,12.0,14.6,15.2,0.0,0.0,0.0,9.0,98.0,0.0,0.0,0.0,328.0,0.0,99480.0
2025-03-08 07:00:00,28.3327529543175,25.5764317614958,0.0,1.8745238095238095,10.1,78,36,8.6,195,11.8,14.5,15.2,0.0,0.0,0.03,8.0,98.0,0.0,0.0,0.0,174.0,0.0,99450.0
2025-03-08 08:00:00,28.353140156181,25.5170674585807,0.0,1.879047619047619,14.6,65,47,9.5,195,12.5,14.3,15.2,0.0,0.0,0.08,8.0,98.0,1879.0,0.0,0.0,169.0,0.0,99400.0
2025-03-08 09:00:00,28.1459443310227,25.4000960222605,0.0,1.8835714285714285,19.9,54,62,13.8,190,14.2,14.3,15.2,0.0,0.0,0.23,12.0,98.0,10266.0,1.0,0.0,101.0,0.0,99350.0
2025-03-08 10:00:00,27.9679749350593,25.421316192877,0.0,1.888095238095238,22.1,40,0,19.7,189,15.9,14.4,15.2,0.0,0.0,0.38,15.0,84.0,37296.0,2.0,3.0,284.0,0.0,99320.0
2025-03-08 11:00:00,28.0829720765604,25.372434708679,0.0,1.8926190476190476,23.9,36,14,22.2,194,17.6,14.5,15.2,0.0,0.0,0.5,19.0,55.0,60857.0,5.0,2.0,252.0,0.0,99240.0
2025-03-08 12:00:00,27.9868765418585,25.445035187208,0.0,1.897142857142857,25.3,34,0,17.5,204,19.2,14.8,15.2,0.0,0.0,0.55,21.0,55.0,76653.0,6.0,4.0,282.0,0.0,99200.0
2025-03-08 13:00:00,27.844487273058,25.2203734636651,0.0,1.9016666666666666,25.5,33,4,15.1,231,20.5,15.0,15.2,0.0,0.0,0.56,23.0,49.0,83868.0,6.0,4.0,300.0,0.0,99090.0
2025-03-08 14:00:00,27.7512844045816,24.9836173828363,0.0,1.9061904761904762,25.6,33,7,15.1,241,21.2,15.4,15.2,0.0,0.0,0.54,24.0,43.0,83721.0,6.0,1.0,294.0,0.0,98930.0
2025-03-08 15:00:00,27.5604099751276,24.8573394603525,0.0,1.9107142857142856,24.0,40,54,17.7,277,21.3,15.7,15.2,0.0,0.0,0.44,25.0,35.0,77264.0,7.0,5.0,275.0,0.0,98810.0
2025-03-08 16:00:00,27.6190318746787,25.0285712045308,0.0,1.9152380952380952,18.2,68,88,16.5,295,20.4,16.1,15.2,0.0,0.0,0.2,23.0,40.0,11008.0,0.0,4.0,255.0,0.0,98770.0
2025-03-08 17:00:00,27.6307928247373,24.9934141090652,0.0,1.9197619047619048,16.2,79,99,10.5,320,19.0,16.3,15.2,0.9,0.9,0.1,17.0,73.0,14756.0,1.0,6.0,330.0,0.0,98980.0
2025-03-08 18:00:00,27.50455437191,24.9738854781398,0.0,1.9242857142857142,15.1,85,100,3.5,308,17.5,16.4,15.2,0.2,0.2,0.03,17.0,76.0,7875.0,0.0,3.0,330.0,0.0,99110.0
2025-03-08 19:00:00,27.4342691400341,24.9087578230711,0.0,1.9288095238095238,14.5,93,86,6.9,48,16.5,16.4,15.2,0.2,0.2,0.02,15.0,81.0,751.0,0.0,2.0,12.0,0.0,99140.0
2025-03-08 20:00:00,27.3088738392199,25.0551830376043,0.0,1.9333333333333333,14.1,96,100,1.5,209,15.7,16.3,15.2,0.9,0.9,0.0,15.0,87.0,0.0,0.0,2.0,335.0,0.0,99280.0
2025-03-08 21:00:00,27.800138103808,24.9563295329017,0.0,1.9378571428571427,13.9,95,100,3.9,210,15.2,16.3,15.2,0.8,0.8,0.0,13.0,87.0,0.0,0.0,2.0,246.0,5.0,99370.0
2025-03-08 22:00:00,29.0857351510016,25.3096752401297,0.0,1.9423809523809523,13.6,91,96,4.2,180,14.7,16.1,15.2,0.5,0.5,0.0,12.0,93.0,0.0,0.0,0.0,228.0,10.0,99390.0
2025-03-08 23:00:00,30.2377544868051,26.5921788743557,0.0,1.946904761904762,13.5,83,100,10.0,192,14.3,16.0,15.2,0.1,0.1,0.01,12.0,95.0,0.0,0.0,0.0,246.0,13.0,99420.0
2025-03-09 00:00:00,30.2461818090133,26.7358276109759,0.0,1.9514285714285713,13.1,79,100,11.1,206,13.7,15.9,15.2,0.1,0.1,0.01,12.0,89.0,0.0,0.0,2.0,198.0,3.0,99400.0
2025-03-09 01:00:00,30.1137743457818,27.0750256334476,0.0,1.9559523809523809,13.1,86,100,2.4,200,13.7,15.8,15.2,0.0,0.0,0.0,12.0,93.0,0.0,0.0,0.0,186.0,2.0,99410.0
2025-03-09 02:00:00,30.0629427417042,27.0307231793136,0.0,1.9604761904761905,12.5,91,99,4.3,198,13.5,15.6,15.2,0.4,0.4,0.0,12.0,94.0,0.0,0.0,2.0,192.0,0.0,99360.0
2025-03-09 03:00:00,30.2616533611226,27.0127034776514,0.0,1.9649999999999999,12.4,82,12,8.1,203,13.1,15.5,15.3,0.0,0.0,0.0,12.0,94.0,0.0,0.0,1.0,204.0,0.0,99350.0
2025-03-09 04:00:00,30.2025301283363,26.9343067915466,0.0,1.9695238095238095,11.7,79,61,11.9,218,12.5,15.3,15.3,0.0,0.0,0.01,11.0,92.0,0.0,0.0,1.0,270.0,0.0,99350.0
2025-03-09 05:00:00,30.1138049983898,27.2042991479461,0.0,1.974047619047619,11.6,77,95,12.0,224,12.1,15.1,15.3,0.0,0.0,0.02,10.0,94.0,0.0,0.0,0.0,204.0,0.0,99320.0
2025-03-09 06:00:00,29.8887600484671,26.9082259730241,0.0,1.9785714285714284,11.8,72,83,17.0,223,11.9,14.9,15.3,0.0,0.0,0.04,10.0,94.0,0.0,0.0,0.0,344.0,0.0,99340.0
2025-03-09 07:00:00,30.0578754317183,27.001966820968,0.0,1.983095238095238,12.5,65,44,23.1,223,12.0,14.7,15.3,0.0,0.0,0.09,10.0,90.0,0.0,0.0,0.0,192.0,0.0,99380.0
2025-03-09 08:00:00,29.9180212061618,26.8680960565688,0.0,1.9876190476190476,13.6,60,17,26.9,221,12.5,14.6,15.3,0.0,0.0,0.13,11.0,83.0,5880.0,0.0,1.0,252.0,0.0,99400.0
2025-03-09 09:00:00,29.8749901452611,26.8838387657461,0.0,1.992142857142857,15.4,55,7,27.9,215,13.6,14.5,15.3,0.0,0.0,0.22,14.0,73.0,22875.0,1.0,4.0,270.0,0.0,99430.0
2025-03-09 10:00:00,29.6365335123265,26.6674709130003,0.0,1.9966666666666666,16.6,50,15,29.2,218,14.8,14.5,15.2,0.0,0.0,0.31,15.0,62.0,49676.0,4.0,5.0,246.0,0.0,99460.0
2025-03-09 11:00:00,29.6082280292773,26.7806852151616,0.0,2.001190476190476,17.5,47,30,28.6,225,16.1,14.6,15.2,0.0,0.0,0.38,16.0,56.0,67522.0,5.0,7.0,276.0,0.0,99430.0
2025-03-09 12:00:00,29.5513988512534,26.4786126817971,0.0,2.005714285714286,17.9,46,18,30.0,228,16.9,14.7,15.2,0.3,0.3,0.41,17.0,52.0,80722.0,7.0,4.0,252.0,0.0,99390.0
2025-03-09 13:00:00,29.3297286672198,26.2033766688316,0.0,2.0102380952380954,18.4,43,16,31.6,232,17.5,14.9,15.2,0.0,0.0,0.42,18.0,45.0,85473.0,7.0,8.0,270.0,0.0,99340.0
2025-03-09 14:00:00,29.0504624403147,26.101965846498,0.0,2.0147619047619045,19.1,41,15,29.6,236,18.1,15.1,15.2,0.0,0.0,0.43,19.0,45.0,81084.0,7.0,8.0,250.0,0.0,99270.0
2025-03-09 15:00:00,29.0504341313832,26.1728224659266,0.0,2.019285714285714,18.8,41,36,18.5,261,18.5,15.3,15.2,0.0,0.0,0.38,19.0,37.0,68211.0,5.0,9.0,240.0,0.0,99230.0
2025-03-09 16:00:00,28.941970732413,25.9200695801227,0.0,2.0238095238095237,18.6,42,22,11.6,256,18.4,15.5,15.2,0.0,0.0,0.28,18.0,51.0,45683.0,2.0,10.0,355.0,0.0,99260.0
2025-03-09 17:00:00,28.8619856261344,26.0727761860995,0.0,2.0283333333333333,17.6,49,100,6.5,237,17.9,15.7,15.2,0.0,0.0,0.15,17.0,62.0,25827.0,1.0,3.0,27.0,0.0,99260.0
2025-03-09 18:00:00,28.7619534465522,25.9949715890656,0.0,2.032857142857143,15.3,57,98,4.8,233,16.8,15.8,15.3,0.0,0.0,0.05,15.0,66.0,5261.0,0.0,2.0,86.0,0.0,99300.0
2025-03-09 19:00:00,28.7529510092322,25.8450347298272,0.0,2.0373809523809525,14.5,57,98,7.4,240,15.8,15.8,15.3,0.0,0.0,0.06,13.0,78.0,404.0,0.0,2.0,81.0,0.0,99320.0
2025-03-09 20:00:00,28.5944403716155,26.0376560106451,0.0,2.0419047619047617,13.2,64,99,6.2,231,15.1,15.8,15.3,0.0,0.0,0.02,12.0,81.0,0.0,0.0,0.0,166.0,0.0,99300.0
2025-03-09 21:00:00,28.5772148010832,25.8898164268455,0.0,2.0464285714285713,12.7,70,92,3.3,225,14.5,15.7,15.3,0.0,0.0,0.0,11.0,88.0,0.0,0.0,0.0,258.0,0.0,99330.0
2025-03-09 22:00:00,28.445851304498,25.9142698693437,0.0,2.050952380952381,11.6,72,99,5.3,190,13.9,15.6,15.3,0.0,0.0,0.0,11.0,91.0,0.0,0.0,0.0,186.0,0.0,99320.0
2025-03-09 23:00:00,28.5926022270883,25.9090409913302,0.0,2.0554761904761905,11.9,70,98,6.6,213,13.6,15.4,15.3,0.0,0.0,0.01,11.0,89.0,0.0,0.0,1.0,339.0,0.0,99290.0
2025-03-10 00:00:00,28.5213718195534,25.6777474241798,0.0,2.06,12.2,68,90,7.3,247,13.4,15.3,15.3,0.0,0.0,0.02,12.0,83.0,0.0,0.0,0.0,258.0,0.0,99270.0
2025-03-10 01:00:00,28.4825419918728,25.8718596830477,0.0,2.0645238095238096,12.5,77,60,5.3,208,13.7,15.2,15.3,1.4,1.4,0.0,12.0,81.0,0.0,0.0,1.0,210.0,0.0,99290.0
2025-03-10 02:00:00,28.4750176146471,25.7774148504342,0.0,2.069047619047619,12.3,77,82,8.9,219,13.1,15.0,15.3,1.0,1.0,0.01,13.0,81.0,0.0,0.0,1.0,158.0,0.0,99250.0
2025-03-10 03:00:00,28.321805667846,25.6478435101645,0.0,2.0735714285714284,12.6,77,99,14.6,195,12.7,14.9,15.3,1.8,1.8,0.02,12.0,87.0,0.0,0.0,0.0,186.0,0.0,99190.0
2025-03-10 04:00:00,28.2382888680398,25.7280918818897,0.0,2.078095238095238,13.5,69,100,17.1,212,12.6,14.8,15.3,0.0,0.0,0.05,13.0,76.0,0.0,0.0,1.0,252.0,0.0,99160.0
2025-03-10 05:00:00,28.3372296182591,25.7373979141715,0.0,2.0826190476190476,14.0,63,100,23.2,216,12.6,14.6,15.3,0.0,0.0,0.08,14.0,69.0,0.0,0.0,4.0,222.0,0.0,99140.0
2025-03-10 06:00:00,28.382874237137,25.7769926160542,0.0,2.087142857142857,14.2,64,85,23.0,215,12.9,14.5,15.3,0.0,0.0,0.07,14.0,69.0,0.0,0.0,3.0,264.0,0.0,99230.0
2025-03-10 07:00:00,28.4980604675722,25.558320322532,0.0,2.091666666666667,14.4,63,19,21.3,217,13.1,14.4,15.3,0.0,0.0,0.09,14.0,73.0,74.0,0.0,2.0,276.0,0.0,99280.0
2025-03-10 08:00:00,28.2349565949318,25.8486041517486,0.0,2.096190476190476,15.2,61,10,21.8,219,13.6,14.4,15.3,0.0,0.0,0.13,13.0,75.0,3914.0,0.0,4.0,264.0,0.0,99330.0
2025-03-10 09:00:00,28.4049272837683,25.6368141906834,0.0,2.1007142857142855,16.9,57,9,24.5,222,14.6,14.4,15.3,0.0,0.0,0.22,17.0,63.0,31695.0,1.0,4.0,252.0,0.0,99380.0
2025-03-10 10:00:00,28.0469020581811,25.5124313141872,0.0,2.105238095238095,17.9,53,5,27.7,222,15.7,14.4,15.3,0.0,0.0,0.31,18.0,56.0,51152.0,4.0,2.0,246.0,0.0,99420.0
2025-03-10 11:00:00,28.1125493076049,25.4359447555664,0.0,2.1097619047619047,18.8,49,7,27.9,225,16.8,14.6,15.3,0.0,0.0,0.39,18.0,51.0,77136.0,6.0,4.0,240.0,0.0,99460.0
2025-03-10 12:00:00,27.8384032767918,25.3799398205958,0.0,2.1142857142857143,19.8,46,6,26.8,228,17.9,14.8,15.3,0.0,0.0,0.45,20.0,45.0,84449.0,7.0,8.0,240.0,0.0,99470.0
2025-03-10 13:00:00,27.9219702504009,25.136556430138,0.0,2.118809523809524,20.5,42,4,26.8,237,18.7,14.9,15.2,0.0,0.0,0.48,21.0,43.0,86316.0,8.0,7.0,252.0,0.0,99480.0
2025-03-10 14:00:00,27.8456708092663,25.3344799412141,0.0,2.123333333333333,21.0,41,14,23.6,236,19.4,15.2,15.2,0.0,0.0,0.47,21.0,41.0,81454.0,5.0,7.0,269.0,0.0,99440.0
2025-03-10 15:00:00,27.745038408287,25.1079318380768,0.0,2.1278571428571427,20.9,40,42,22.5,237,19.5,15.5,15.2,0.0,0.0,0.41,21.0,36.0,68958.0,3.0,6.0,276.0,0.0,99390.0
2025-03-10 16:00:00,27.6534272359689,25.0499689864867,0.0,2.1323809523809523,20.6,42,54,14.4,239,19.3,15.8,15.3,0.0,0.0,0.29,22.0,34.0,43769.0,2.0,5.0,258.0,0.0,99390.0
2025-03-10 17:00:00,27.6275144403442,25.2074299860196,0.0,2.136904761904762,19.7,44,71,12.7,232,18.8,16.0,15.3,0.0,0.0,0.21,18.0,60.0,23968.0,1.0,4.0,36.0,0.0,99400.0
2025-03-10 18:00:00,27.5809870496598,25.0972070336254,0.0,2.1414285714285715,18.1,46,99,13.6,214,17.8,16.1,15.3,0.0,0.0,0.12,17.0,64.0,3288.0,0.0,2.0,72.0,0.0,99500.0
2025-03-10 19:00:00,27.7139620738282,25.0182552077478,0.0,2.145952380952381,18.3,46,46,21.6,220,17.3,16.2,15.3,0.0,0.0,0.15,15.0,74.0,132.0,0.0,2.0,54.0,0.0,99530.0
2025-03-10 20:00:00,27.429637505211,24.9179267881198,0.0,2.15047619047619,16.8,55,83,21.9,216,16.7,16.2,15.3,0.0,0.0,0.1,15.0,67.0,0.0,0.0,0.0,216.0,0.0,99580.0
2025-03-10 21:00:00,27.5826661540736,25.051416975984,0.0,2.155,16.2,58,98,21.2,218,16.2,16.2,15.3,0.0,0.0,0.09,15.0,66.0,0.0,0.0,2.0,270.0,0.0,99680.0
2025-03-10 22:00:00,27.3866095862807,25.0408871614302,0.0,2.1595238095238094,16.2,59,83,21.5,213,15.9,16.2,15.3,0.0,0.0,0.09,16.0,66.0,0.0,0.0,0.0,262.0,0.0,99680.0
2025-03-10 23:00:00,27.4110665712375,25.126834257687,0.0,2.164047619047619,15.8,62,89,20.2,215,15.6,16.1,15.3,0.0,0.0,0.08,15.0,73.0,0.0,0.0,0.0,282.0,0.0,99700.0
2025-03-11 00:00:00,27.5130755182802,25.1025250438432,0.0,2.1685714285714286,15.9,63,90,21.6,216,15.5,16.1,15.3,0.0,0.0,0.08,17.0,59.0,0.0,0.0,4.0,258.0,0.0,99680.0
2025-03-11 01:00:00,27.4183101731781,24.9852578164559,0.0,2.173095238095238,15.5,66,44,19.4,216,15.8,16.1,15.3,0.0,0.0,0.06,14.0,72.0,0.0,0.0,3.0,288.0,0.0,99670.0
2025-03-11 02:00:00,27.2355464288534,25.2093063851977,0.0,2.1776190476190473,15.5,65,80,22.2,217,15.5,16.1,15.3,0.0,0.0,0.07,14.0,76.0,0.0,0.0,1.0,258.0,0.0,99690.0
2025-03-11 03:00:00,27.2825489892183,24.9432356412848,0.0,2.182142857142857,15.8,65,89,24.5,219,15.4,16.0,15.3,0.0,0.0,0.08,14.0,77.0,0.0,0.0,2.0,245.0,0.0,99640.0
2025-03-11 04:00:00,27.3448846426777,24.8727037031597,0.0,2.1866666666666665,15.8,63,65,25.2,224,15.2,15.9,15.3,0.0,0.0,0.09,14.0,81.0,0.0,0.0,3.0,282.0,0.0,99580.0
2025-03-11 05:00:00,27.263339534134,24.8607049655162,0.0,2.191190476190476,15.6,63,67,24.5,224,15.1,15.9,15.3,0.0,0.0,0.08,15.0,76.0,0.0,0.0,2.0,270.0,0.0,99570.0
2025-03-11 06:00:00,27.2642134108,24.817685737752,0.0,2.1957142857142857,15.9,62,72,24.1,224,15.1,15.8,15.3,0.0,0.0,0.09,16.0,58.0,0.0,0.0,4.0,240.0,0.0,99570.0
2025-03-11 07:00:00,27.1698788190482,24.9237453655868,0.0,2.2002380952380953,16.7,59,27,27.8,224,15.2,15.8,15.3,0.0,0.0,0.13,15.0,67.0,376.0,0.0,3.0,318.0,0.0,99610.0
2025-03-11 08:00:00,27.3403770949124,24.8272144063579,0.0,2.2047619047619045,17.5,58,43,28.5,228,15.6,15.7,15.3,0.0,0.0,0.16,17.0,57.0,7092.0,0.0,7.0,239.0,0.0,99640.0
2025-03-11 09:00:00,27.2942190169693,24.7558604935456,0.0,2.209285714285714,18.4,57,25,27.4,225,16.3,15.7,15.3,0.0,0.0,0.23,17.0,59.0,14318.0,1.0,4.0,258.0,0.0,99690.0
2025-03-11 10:00:00,27.1833615172641,24.6203619676845,0.0,2.2138095238095237,19.4,55,100,24.3,226,17.2,15.8,15.3,0.0,0.0,0.29,20.0,48.0,53335.0,2.0,8.0,264.0,0.0,99670.0
2025-03-11 11:00:00,27.0259253956852,24.5750427601281,0.0,2.2183333333333333,18.9,57,100,20.9,225,17.3,15.9,15.4,0.0,0.0,0.2,21.0,48.0,75688.0,5.0,5.0,212.0,0.0,99650.0
2025-03-11 12:00:00,26.9261975549048,24.4736510628818,0.0,2.222857142857143,18.9,59,100,17.1,225,17.4,16.0,15.4,0.0,0.0,0.17,21.0,46.0,22259.0,2.0,5.0,228.0,0.0,99590.0
2025-03-11 13:00:00,27.0468558912178,24.4549411350246,0.0,2.2273809523809525,20.2,49,100,18.7,223,17.9,16.1,15.4,0.0,0.0,0.21,21.0,49.0,32398.0,2.0,6.0,218.0,0.0,99560.0
2025-03-11 14:00:00,26.8233882798564,24.2938809639287,0.0,2.2319047619047616,18.7,61,98,15.9,234,17.7,16.2,15.4,0.4,0.4,0.18,22.0,48.0,70051.0,5.0,7.0,258.0,0.0,99490.0
2025-03-11 15:00:00,26.8552280636609,24.139522867105,0.0,2.236428571428571,18.2,66,100,25.5,226,17.5,16.3,15.4,1.4,1.4,0.2,20.0,59.0,13080.0,1.0,4.0,245.0,0.0,99460.0
2025-03-11 16:00:00,26.7377587050993,24.1494784466208,0.0,2.240952380952381,16.7,75,100,17.9,221,16.5,16.3,15.4,2.7,2.7,0.09,18.5,68.5,12787.0,1.0,3.5,247.5,0.5,99455.0
2025-03-11 17:00:00,26.5804771194972,24.5091413101858,0.0,2.2454761904761904,17.0,72,100,18.1,228,16.1,16.3,15.4,1.9,1.9,0.1,17.0,78.0,12494.0,1.0,3.0,250.0,1.0,99450.0
2025-03-11 18:00:00,26.8578060791852,24.2621173037026,0.0,2.25,15.6,85,100,24.4,237,15.5,16.3,15.4,1.5,1.5,0.05,17.0,78.0,5542.0,0.0,4.0,258.0,0.0,99480.0
2025-03-11 19:00:00,26.7227719633095,24.121424800091,0.0,2.2545238095238096,15.1,86,100,19.0,230,15.1,16.2,15.4,2.3,2.3,0.04,14.0,89.0,1883.0,0.0,2.0,335.0,0.0,99570.0
2025-03-11 20:00:00,26.6379553196107,24.2807122548689,0.0,2.259047619047619,15.8,78,99,20.9,217,14.9,16.1,15.4,0.2,0.2,0.04,15.0,92.0,0.0,0.0,0.0,198.0,1.0,99600.0
2025-03-11 21:00:00,26.5542574056832,24.1727989731746,0.0,2.2635714285714283,15.7,78,100,16.7,225,14.8,16.0,15.4,0.0,0.0,0.03,15.0,93.0,0.0,0.0,1.0,6.0,1.0,99600.0
2025-03-11 22:00:00,26.6960259342217,24.1676782010598,0.0,2.268095238095238,15.6,76,0,16.4,227,14.7,15.9,15.4,0.0,0.0,0.03,14.0,93.0,0.0,0.0,0.0,222.0,0.0,99680.0
2025-03-11 23:00:00,26.6881412607803,24.0516657291337,0.0,2.2726190476190475,14.0,84,17,10.3,230,14.3,15.8,15.4,0.0,0.0,0.01,14.0,93.0,0.0,0.0,2.0,292.0,0.0,99680.0
2025-03-12 00:00:00,26.8046450204956,24.2757325789826,0.0,2.277142857142857,13.5,85,15,11.3,230,14.0,15.6,15.4,0.0,0.0,0.01,15.0,92.0,0.0,0.0,2.0,312.0,0.0,99700.0
2025-03-12 01:00:00,26.8107192810186,24.2039336692674,0.0,2.2816666666666667,12.9,90,18,6.5,249,14.2,15.9,15.4,0.0,0.0,0.0,14.0,94.0,0.0,0.0,1.0,276.0,0.0,99700.0
2025-03-12 02:00:00,26.8179151892991,24.3409724652315,0.0,2.2861904761904763,12.7,89,26,8.0,226,13.7,15.8,15.4,0.0,0.0,0.0,14.0,94.0,0.0,0.0,0.0,205.0,0.0,99700.0
2025-03-12 03:00:00,26.7812198692457,24.2793458979433,0.0,2.2907142857142855,12.4,86,25,9.3,227,13.3,15.6,15.4,0.0,0.0,0.0,13.0,94.0,0.0,0.0,0.0,210.0,0.0,99700.0
2025-03-12 04:00:00,26.6294433775372,24.185246654421,0.0,2.295238095238095,12.1,84,34,8.7,225,13.0,15.4,15.5,0.0,0.0,0.0,13.0,95.0,0.0,0.0,0.0,252.0,0.0,99690.0
2025-03-12 05:00:00,26.7439387555966,24.2051489023773,0.0,2.2997619047619047,11.3,88,31,6.6,236,12.6,15.3,15.5,0.0,0.0,0.0,14.0,93.0,0.0,0.0,0.0,198.0,0.0,99690.0
2025-03-12 06:00:00,26.8689355631831,24.2001210271777,0.0,2.3042857142857143,11.1,89,40,5.8,232,12.3,15.1,15.5,0.0,0.0,0.0,13.0,89.0,0.0,0.0,0.0,216.0,0.0,99700.0
2025-03-12 07:00:00,26.627894617817,24.3530616248481,0.0,2.308809523809524,11.6,88,59,6.1,226,12.2,14.9,15.4,0.0,0.0,0.02,12.0,90.0,0.0,0.0,1.0,169.0,0.0,99740.0
2025-03-12 08:00:00,26.6584444553915,24.24323270496,0.0,2.3133333333333335,14.0,83,78,6.7,226,13.0,14.8,15.4,0.1,0.1,0.06,12.0,86.0,1284.0,0.0,0.0,228.0,0.0,99770.0
2025-03-12 09:00:00,26.7912698421586,24.3882531407575,0.0,2.3178571428571426,16.1,73,98,6.7,222,14.3,14.7,15.4,0.0,0.0,0.16,14.0,84.0,10374.0,0.0,2.0,276.0,0.0,99840.0
2025-03-12 10:00:00,26.8386492991344,24.1652460829599,0.0,2.322380952380952,17.8,64,100,11.0,219,15.8,14.7,15.4,0.0,0.0,0.27,16.0,77.0,39897.0,2.0,3.0,258.0,0.0,99880.0
2025-03-12 11:00:00,26.9257188356993,24.1289244092437,0.0,2.326904761904762,18.9,55,100,16.0,238,16.8,14.9,15.4,0.0,0.0,0.3,17.0,70.0,81003.0,7.0,3.0,312.0,0.0,99880.0
2025-03-12 12:00:00,26.6409342617704,23.8737600480756,0.0,2.3314285714285714,19.9,53,99,14.0,237,17.6,15.0,15.4,0.0,0.0,0.32,18.0,65.0,54543.0,4.0,3.0,284.0,0.0,99880.0
2025-03-12 13:00:00,26.597246273765,24.0144416144166,0.0,2.335952380952381,21.3,46,100,11.5,268,18.6,15.3,15.4,0.0,0.0,0.28,19.0,62.0,75806.0,6.0,4.0,292.0,0.0,99800.0
2025-03-12 14:00:00,26.6965093410226,23.7597255515523,0.0,2.3404761904761906,20.1,50,99,9.3,249,18.7,15.5,15.4,0.0,0.0,0.23,20.0,60.0,65355.0,5.0,2.0,270.0,0.0,99680.0
2025-03-12 15:00:00,26.4706399948436,23.9107250038534,0.0,2.3449999999999998,20.5,54,100,9.9,239,19.2,15.7,15.4,0.0,0.0,0.29,20.0,61.0,55956.0,4.0,4.0,294.0,0.0,99580.0
2025-03-12 16:00:00,26.6271251008678,23.7183793047161,0.0,2.3495238095238093,20.2,57,100,9.6,263,19.0,15.9,15.4,0.0,0.0,0.19,20.0,57.0,11013.0,1.0,3.0,274.0,0.0,99520.0
2025-03-12 17:00:00,26.5888387319063,23.6453575424616,0.0,2.354047619047619,17.9,76,99,3.2,288,18.2,16.1,15.4,0.4,0.4,0.08,17.0,68.0,17012.0,1.0,3.0,30.0,0.0,99510.0
2025-03-12 18:00:00,26.4596092737796,23.7727298036226,0.0,2.3585714285714285,16.0,87,79,2.7,280,17.4,16.2,15.4,0.0,0.0,0.03,16.0,76.0,7647.0,0.0,2.0,48.0,0.0,99510.0
2025-03-12 19:00:00,26.5406165660561,23.8309965698259,0.0,2.363095238095238,14.8,89,57,1.3,234,16.2,16.2,15.5,0.0,0.0,0.02,16.0,79.0,3420.0,0.0,2.0,132.0,0.0,99500.0
2025-03-12 20:00:00,26.4178309741406,23.4882799412112,0.0,2.3676190476190477,14.2,88,29,3.6,232,15.3,16.2,15.5,0.0,0.0,0.0,15.0,86.0,0.0,0.0,0.0,349.0,0.0,99610.0
2025-03-12 21:00:00,26.5525542978823,23.8262269757887,0.0,2.372142857142857,13.7,86,41,3.5,241,14.6,16.1,15.5,0.0,0.0,0.0,15.0,81.0,0.0,0.0,2.0,228.0,0.0,99480.0
2025-03-12 22:00:00,26.4920514409268,23.706194721298,0.0,2.3766666666666665,13.4,87,63,0.5,226,14.0,15.9,15.5,0.0,0.0,0.0,16.0,80.0,0.0,0.0,2.0,290.0,0.0,99560.0
2025-03-12 23:00:00,26.3704828891637,23.6140336765054,0.0,2.381190476190476,13.6,83,31,8.1,217,13.5,15.8,15.5,0.0,0.0,0.0,15.0,81.0,0.0,0.0,2.0,252.0,0.0,99550.0
2025-03-13 00:00:00,26.4096168277739,23.6512245073864,0.0,2.3857142857142857,15.3,72,37,13.5,228,13.6,15.6,15.5,0.0,0.0,0.03,15.0,84.0,0.0,0.0,0.0,222.0,0.0,99530.0
2025-03-13 01:00:00,26.3992583905765,23.8082569891086,0.0,2.3902380952380953,16.2,67,99,20.4,224,15.2,15.7,15.5,0.0,0.0,0.07,17.0,66.0,0.0,0.0,4.0,216.0,0.0,99430.0
2025-03-13 02:00:00,26.3942845710294,23.4389297710426,0.0,2.394761904761905,16.5,67,51,19.7,224,15.2,15.7,15.5,0.0,0.0,0.07,15.0,83.0,0.0,0.0,2.0,314.0,0.0,99400.0
2025-03-13 03:00:00,26.2573563667579,23.6392463585434,0.0,2.399285714285714,16.5,66,93,22.8,220,15.1,15.7,15.5,0.0,0.0,0.08,14.0,85.0,0.0,0.0,1.0,192.0,0.0,99330.0
2025-03-13 04:00:00,26.3021553111025,23.7257543632129,0.0,2.4038095238095236,16.1,67,91,14.7,205,15.1,15.6,15.5,0.0,0.0,0.05,14.0,85.0,0.0,0.0,2.0,222.0,0.0,99190.0
2025-03-13 05:00:00,26.173706280869,23.6357558448032,0.0,2.408333333333333,16.1,66,60,13.2,210,15.1,15.6,15.5,0.0,0.0,0.05,14.0,86.0,0.0,0.0,3.0,245.0,0.0,99130.0
2025-03-13 06:00:00,26.3059559692566,23.3362826452653,0.0,2.412857142857143,15.4,71,26,11.2,227,14.9,15.5,15.5,0.0,0.0,0.03,13.0,90.0,0.0,0.0,2.0,303.0,3.0,99030.0
2025-03-13 07:00:00,26.2811979615038,23.4079848215085,0.0,2.4173809523809524,14.3,78,30,8.7,222,14.5,15.5,15.5,0.0,0.0,0.03,13.0,91.0,0.0,0.0,2.0,185.0,0.0,99010.0
2025-03-13 08:00:00,26.2015325922257,23.5737239133538,0.0,2.421904761904762,16.8,71,17,12.3,221,15.0,15.4,15.5,0.0,0.0,0.09,14.0,87.0,474.0,0.0,2.0,270.0,0.0,99000.0
2025-03-13 09:00:00,26.2082404934703,23.6826450122174,0.0,2.426428571428571,19.5,58,37,17.0,225,16.1,15.5,15.5,0.0,0.0,0.23,14.0,86.0,7456.0,0.0,1.0,206.0,0.0,99080.0
2025-03-13 10:00:00,26.1020542670335,23.4032633905728,0.0,2.4309523809523808,20.8,53,18,21.2,220,17.4,15.5,15.5,0.0,0.0,0.33,16.0,81.0,25972.0,1.0,2.0,279.0,0.0,99070.0
2025-03-13 11:00:00,26.3744855069765,23.3775117543619,0.0,2.4354761904761904,21.5,48,27,25.7,227,18.6,15.7,15.5,0.0,0.0,0.42,18.0,72.0,19183.0,1.0,1.0,240.0,0.0,99020.0
2025-03-13 12:00:00,26.2113718269348,23.1708842622484,0.0,2.44,21.3,44,43,35.6,237,19.3,15.9,15.5,0.1,0.1,0.46,21.0,54.0,64659.0,5.0,7.0,282.0,0.0,98960.0
2025-03-13 13:00:00,26.3073872965519,23.100038575148,0.0,2.4416666666666664,21.2,50,13,33.7,230,19.4,16.0,15.5,0.1,0.1,0.43,20.0,59.0,47113.0,3.0,4.0,246.0,0.0,98900.0
2025-03-13 14:00:00,26.1727888000659,22.901847617395,0.0,2.4433333333333334,22.3,41,26,34.2,236,20.0,16.3,15.5,0.0,0.0,0.49,21.0,50.0,34946.0,2.0,6.0,252.0,0.0,98850.0
2025-03-13 15:00:00,26.0914638114158,22.8252676199795,0.0,2.445,22.0,42,43,28.8,243,20.2,16.5,15.5,0.1,0.1,0.43,21.0,52.0,64382.0,5.0,6.0,258.0,0.0,98820.0
2025-03-13 16:00:00,25.9651378116089,22.9717021602836,0.0,2.4466666666666668,20.5,45,1,19.1,244,19.9,16.7,15.5,0.2,0.2,0.31,21.0,46.0,22859.0,1.0,8.0,250.0,0.0,98830.0
2025-03-13 17:00:00,26.1378618633547,22.9735445049388,0.0,2.4483333333333333,19.9,48,6,12.5,250,19.3,16.9,15.5,0.0,0.0,0.2,20.0,55.0,15344.0,1.0,2.0,256.0,0.0,98820.0
2025-03-13 18:00:00,26.0715494293966,22.8677435312643,0.0,2.4499999999999997,16.8,62,5,5.8,239,18.2,17.0,15.5,0.0,0.0,0.06,21.0,47.0,14245.0,1.0,7.0,260.0,0.0,98890.0
2025-03-13 19:00:00,25.908676167796,23.0386827389619,0.0,2.4516666666666667,15.4,63,7,1.4,235,16.8,17.0,15.5,0.0,0.0,0.02,19.0,49.0,2397.0,0.0,2.0,291.0,0.0,98880.0
2025-03-13 20:00:00,25.9126649315777,23.0409806921283,0.0,2.453333333333333,14.2,67,4,0.6,232,15.6,16.9,15.5,0.0,0.0,0.0,16.0,61.0,0.0,0.0,0.0,173.0,0.0,98950.0
2025-03-13 21:00:00,25.995647859475,22.9782953219434,0.0,2.455,12.8,72,7,3.4,167,14.7,16.7,15.6,0.0,0.0,0.0,17.0,55.0,0.0,0.0,1.0,211.0,0.0,99000.0
2025-03-13 22:00:00,26.1299196922835,22.9349902089607,0.0,2.4566666666666666,11.6,77,5,3.1,180,14.0,16.6,15.6,0.0,0.0,0.0,15.0,64.0,0.0,0.0,0.0,151.0,0.0,98990.0
2025-03-13 23:00:00,25.9599946447223,22.9831073770979,0.0,2.4583333333333335,11.3,78,10,5.3,193,13.4,16.4,15.6,0.0,0.0,0.0,13.0,70.0,0.0,0.0,0.0,163.0,0.0,98980.0
2025-03-14 00:00:00,25.9350207345259,23.0500870318603,0.0,2.46,10.8,81,13,7.9,202,13.1,16.1,15.6,0.0,0.0,0.0,11.0,80.0,0.0,0.0,2.0,162.0,0.0,98940.0
2025-03-14 01:00:00,25.7954201506971,22.9922255279506,0.0,2.4616666666666664,11.4,84,42,6.4,187,13.7,16.1,15.6,0.0,0.0,0.0,11.0,81.0,0.0,0.0,0.0,169.0,0.0,98890.0
2025-03-14 02:00:00,25.9325348442265,22.8982063675795,0.0,2.4633333333333334,10.6,89,94,8.3,212,13.3,16.0,15.6,0.0,0.0,0.0,11.0,82.0,0.0,0.0,0.0,192.0,0.0,98880.0
2025-03-14 03:00:00,26.0484132644247,23.2084693923111,0.0,2.465,10.9,87,66,6.2,205,13.2,15.8,15.6,0.0,0.0,0.0,11.0,81.0,0.0,0.0,1.0,258.0,0.0,98850.0
2025-03-14 04:00:00,25.8544282525583,23.1227189937125,0.0,2.466666666666667,11.3,85,97,3.6,255,13.0,15.6,15.6,0.0,0.0,0.0,11.0,83.0,0.0,0.0,0.0,228.0,0.0,98800.0
2025-03-14 05:00:00,25.6026088497573,23.110140463857,0.0,2.4683333333333333,11.4,86,100,4.2,228,12.9,15.4,15.6,0.0,0.0,0.0,12.0,81.0,0.0,0.0,1.0,258.0,0.0,98850.0
2025-03-14 06:00:00,26.0896010928152,23.0301052104809,0.0,2.4699999999999998,13.0,74,50,10.4,204,12.9,15.3,15.6,0.0,0.0,0.02,11.0,89.0,0.0,0.0,0.0,54.0,3.0,98810.0
2025-03-14 07:00:00,25.8980138425975,23.0597098545146,0.0,2.4716666666666667,13.7,67,39,27.4,225,12.9,15.1,15.6,0.5,0.5,0.09,14.0,70.0,0.0,0.0,4.0,246.0,0.0,98830.0
2025-03-14 08:00:00,26.0091502315905,23.0574972063309,0.0,2.473333333333333,15.0,60,19,33.8,223,13.3,15.0,15.6,0.0,0.0,0.15,14.0,58.0,2808.0,0.0,6.0,240.0,0.0,98860.0
2025-03-14 09:00:00,25.7650781873221,22.9244121132738,0.0,2.475,16.6,54,10,30.7,223,14.4,14.9,15.6,0.0,0.0,0.24,16.0,53.0,17808.0,1.0,8.0,252.0,0.0,98880.0
2025-03-14 10:00:00,25.8231815404373,22.6636139479012,0.0,2.4766666666666666,17.9,48,46,33.2,229,15.6,15.0,15.6,0.0,0.0,0.34,17.0,52.0,44542.0,4.0,7.0,216.0,0.0,98960.0
2025-03-14 11:00:00,25.6704762670547,22.5299175341036,0.0,2.4783333333333335,18.8,44,21,35.8,230,16.9,15.1,15.6,0.0,0.0,0.42,18.0,43.0,68628.0,5.0,9.0,249.0,0.0,98950.0
2025-03-14 12:00:00,25.7308253933605,22.4239395208764,0.0,2.48,19.1,44,29,36.5,227,17.7,15.2,15.6,0.0,0.0,0.42,19.0,42.0,85757.0,7.0,10.0,256.0,0.0,98930.0
2025-03-14 13:00:00,25.8000754566711,22.3784648100594,0.0,2.4816666666666665,20.0,39,50,36.7,241,18.8,15.6,15.6,0.0,0.0,0.46,20.0,40.0,96149.0,6.0,8.0,259.0,0.0,98930.0
2025-03-14 14:00:00,25.6324611835922,22.3479371686188,0.0,2.4833333333333334,20.3,41,80,33.6,245,19.2,15.8,15.6,0.1,0.1,0.45,20.0,42.0,44391.0,3.0,10.0,250.0,0.0,98920.0
2025-03-14 15:00:00,25.5103187759191,22.4516372418989,0.0,2.485,19.6,42,91,28.3,248,19.2,16.0,15.6,0.1,0.1,0.37,20.0,45.0,29102.0,2.0,5.0,232.0,0.0,98900.0
2025-03-14 16:00:00,25.5122346113001,22.3982249603643,0.0,2.486666666666667,18.5,47,70,19.2,258,18.8,16.2,15.6,0.0,0.0,0.25,19.0,44.0,32820.0,1.0,8.0,293.0,0.0,98990.0
2025-03-14 17:00:00,25.4443677079656,22.447243794532,0.0,2.4883333333333333,17.7,50,87,15.7,249,18.3,16.3,15.6,0.0,0.0,0.19,19.0,45.0,42871.0,2.0,6.0,238.0,0.0,99060.0
2025-03-14 18:00:00,25.5171722228955,22.363519529834,0.0,2.4899999999999998,16.2,55,99,10.1,245,17.4,16.4,15.6,0.0,0.0,0.09,16.0,64.0,9409.0,1.0,4.0,288.0,0.0,99190.0
2025-03-14 19:00:00,25.4199070892584,22.1911514271708,0.0,2.4916666666666667,15.1,58,100,13.5,237,16.5,16.4,15.6,0.0,0.0,0.08,17.0,53.0,863.0,0.0,3.0,258.0,0.0,99290.0
2025-03-14 20:00:00,25.5064816146706,22.2037509765754,0.0,2.493333333333333,14.4,60,93,16.6,233,15.8,16.4,15.6,0.0,0.0,0.06,15.0,59.0,0.0,0.0,2.0,264.0,0.0,99370.0
2025-03-14 21:00:00,25.5254458622783,22.344131312565,0.0,2.495,13.8,64,54,17.1,233,15.3,16.3,15.6,0.0,0.0,0.06,15.0,62.0,0.0,0.0,3.0,246.0,0.0,99500.0
2025-03-14 22:00:00,25.3547303376203,22.2714200412869,0.0,2.4966666666666666,12.7,69,5,11.3,243,14.7,16.2,15.6,0.0,0.0,0.03,14.0,79.0,0.0,0.0,0.0,324.0,0.0,99600.0
2025-03-14 23:00:00,25.3774493246736,22.300192376844,0.0,2.4983333333333335,12.3,72,2,14.2,231,14.1,16.1,15.6,0.0,0.0,0.03,13.0,84.0,0.0,0.0,0.0,152.0,0.0,99650.0
2025-03-15 00:00:00,25.3747483017937,22.4629031348751,0.0,2.5,12.6,68,3,20.6,220,13.8,15.9,15.6,0.0,0.0,0.05,12.0,83.0,0.0,0.0,2.0,329.0,0.0,99720.0
2025-03-15 01:00:00,25.2426276295893,22.3641451749038,0.0,2.5016666666666665,12.3,77,22,14.3,224,13.9,15.7,15.6,0.2,0.2,0.02,14.0,71.0,0.0,0.0,2.0,282.0,0.0,99750.0
2025-03-15 02:00:00,25.4422520244771,22.5036399537964,0.0,2.5033333333333334,12.4,68,17,16.9,223,13.3,15.6,15.6,0.0,0.0,0.05,12.0,81.0,0.0,0.0,0.0,276.0,0.0,99820.0
2025-03-15 03:00:00,25.3848559808379,22.5215466710578,0.0,2.505,12.1,68,7,15.2,222,13.0,15.4,15.6,0.0,0.0,0.04,11.0,81.0,0.0,0.0,1.0,252.0,0.0,99840.0
2025-03-15 04:00:00,25.3451255757475,22.3820833704758,0.0,2.506666666666667,11.3,72,8,12.4,224,12.6,15.2,15.6,0.0,0.0,0.03,12.0,78.0,0.0,0.0,2.0,276.0,0.0,99890.0
2025-03-15 05:00:00,25.4966857220015,22.5682539620874,0.0,2.5083333333333333,11.2,74,8,11.7,223,12.3,15.1,15.6,0.0,0.0,0.02,12.0,79.0,0.0,0.0,2.0,288.0,0.0,99920.0
2025-03-15 06:00:00,25.3550479252859,22.5412490797505,0.0,2.51,11.2,74,3,13.8,220,12.2,14.9,15.6,0.0,0.0,0.03,12.0,77.0,0.0,0.0,2.0,285.0,0.0,100000.0
2025-03-15 07:00:00,25.3491131971861,22.5185885935526,0.0,2.5116666666666667,11.7,73,4,13.8,220,12.1,14.8,15.6,0.0,0.0,0.05,12.0,76.0,0.0,0.0,2.0,270.0,0.0,100100.0
2025-03-15 08:00:00,25.428523041949,22.4289203626237,0.0,2.513333333333333,13.8,68,19,13.6,227,12.8,14.6,15.6,0.0,0.0,0.1,11.0,80.0,5357.0,0.0,0.0,264.0,0.0,100180.0
2025-03-15 09:00:00,25.2903620153416,22.3757470997673,0.0,2.515,15.4,62,26,15.5,245,14.0,14.6,15.6,0.0,0.0,0.19,14.0,71.0,27427.0,1.0,4.0,312.0,0.0,100280.0
2025-03-15 10:00:00,25.1583639943225,22.3024960309629,0.0,2.5166666666666666,16.7,56,34,16.0,254,15.4,14.6,15.6,0.2,0.2,0.29,15.0,59.0,63777.0,4.0,6.0,276.0,0.0,100370.0
2025-03-15 11:00:00,25.274135962822,22.3272838135805,0.0,2.5183333333333335,17.4,56,35,15.4,258,16.5,14.7,15.6,0.0,0.0,0.33,16.0,58.0,20804.0,1.0,2.0,288.0,0.0,100440.0
2025-03-15 12:00:00,25.1090644666091,22.1448177955213,0.0,2.52,18.5,52,89,12.2,266,17.9,14.9,15.6,0.1,0.1,0.42,17.0,54.0,22640.0,1.0,2.0,258.0,0.0,100450.0
2025-03-15 13:00:00,25.2104043041945,22.1931365253894,0.0,2.5216666666666665,16.5,66,60,10.6,327,18.4,15.3,15.6,1.8,1.8,0.37,15.0,68.0,15908.0,1.0,3.0,343.0,0.0,100460.0
2025-03-15 14:00:00,25.1437293791885,22.0534630220549,0.0,2.5233333333333334,16.1,65,94,10.0,336,17.9,15.4,15.6,4.7,4.7,0.31,16.0,64.0,76790.0,6.0,3.0,10.0,0.0,100410.0
2025-03-15 15:00:00,25.2994159546967,22.1938401462919,0.0,2.525,15.5,68,35,9.9,18,17.5,15.6,15.6,0.1,0.1,0.22,16.0,65.0,65710.0,4.0,5.0,6.0,0.0,100400.0
2025-03-15 16:00:00,25.1294906911965,21.8527351055161,0.0,2.526666666666667,15.9,66,49,5.4,349,17.7,15.7,15.6,0.0,0.0,0.22,16.0,68.0,20723.0,1.0,4.0,10.0,0.0,100450.0
2025-03-15 17:00:00,25.0589503724989,21.9390458877871,0.0,2.5283333333333333,15.5,67,86,6.8,318,17.3,15.8,15.6,0.0,0.0,0.13,15.0,70.0,23595.0,1.0,3.0,1.0,0.0,100500.0
2025-03-15 18:00:00,24.9685899209295,21.9577853601909,0.0,2.53,14.3,77,86,1.2,320,16.5,15.9,15.6,0.0,0.0,0.03,15.0,68.0,6939.0,0.0,4.0,324.0,0.0,100540.0
2025-03-15 19:00:00,25.0813190452076,21.8541031519655,0.0,2.5316666666666667,13.1,80,73,3.4,184,15.5,15.9,15.6,0.0,0.0,0.02,15.0,71.0,584.0,0.0,0.0,324.0,0.0,100600.0
2025-03-15 20:00:00,24.9393759975772,21.9584092154817,0.0,2.533333333333333,12.8,86,43,5.8,191,14.9,15.8,15.6,0.0,0.0,0.0,13.0,77.0,0.0,0.0,0.0,172.0,0.0,100680.0
2025-03-15 21:00:00,25.0371071142717,21.8468599836053,0.0,2.535,11.8,87,38,6.0,203,14.2,15.8,15.6,0.0,0.0,0.0,12.0,81.0,0.0,0.0,0.0,204.0,0.0,100740.0
2025-03-15 22:00:00,25.1865001403853,21.7062741271505,0.0,2.5366666666666666,11.2,80,22,7.3,212,13.6,15.6,15.6,0.0,0.0,0.0,10.0,84.0,0.0,0.0,0.0,174.0,0.0,100760.0
2025-03-15 23:00:00,24.9536977104379,22.0750355220876,0.0,2.5383333333333336,10.7,77,14,7.4,217,13.0,15.5,15.6,0.0,0.0,0.01,10.0,85.0,0.0,0.0,0.0,228.0,0.0,100840.0
2025-03-16 00:00:00,24.9518015093433,22.2449628540852,0.0,2.54,10.0,79,7,5.8,226,12.5,15.3,15.6,0.0,0.0,0.0,9.0,86.0,0.0,0.0,0.0,192.0,0.0,100830.0
2025-03-16 01:00:00,25.0114286605156,21.8289377507938,0.0,2.5416666666666665,9.5,86,27,3.1,244,12.4,15.1,15.6,0.0,0.0,0.0,8.0,88.0,0.0,0.0,1.0,186.0,0.0,100810.0
2025-03-16 02:00:00,25.042084093762,21.682390912504,0.0,2.5433333333333334,9.0,89,94,4.0,200,11.9,14.9,15.6,0.0,0.0,0.0,8.0,86.0,0.0,0.0,0.0,198.0,0.0,100830.0
2025-03-16 03:00:00,24.9522182871027,21.9316583018501,0.0,2.545,8.3,92,7,4.5,183,11.5,14.7,15.6,0.0,0.0,0.0,7.0,91.0,0.0,0.0,0.0,198.0,0.0,100810.0
2025-03-16 04:00:00,24.8110921312369,21.9690609033444,0.0,2.546666666666667,8.0,93,87,6.5,201,11.1,14.5,15.6,0.0,0.0,0.0,6.0,90.0,0.0,0.0,1.0,174.0,0.0,100740.0
2025-03-16 05:00:00,24.9666725931533,22.0129105719786,0.0,2.5483333333333333,8.2,89,54,7.3,216,10.8,14.3,15.6,0.0,0.0,0.0,7.0,93.0,0.0,0.0,0.0,186.0,0.0,100730.0
2025-03-16 06:00:00,24.8695108163539,21.8621671181539,0.0,2.55,8.6,85,72,7.8,210,10.6,14.1,15.6,0.0,0.0,0.0,7.0,91.0,0.0,0.0,1.0,210.0,0.0,100750.0
2025-03-16 07:00:00,25.0055457533104,21.8908929102498,0.0,2.5516666666666667,10.4,78,29,11.6,213,10.6,13.9,15.6,0.0,0.0,0.03,9.0,84.0,331.0,0.0,1.0,210.0,0.0,100770.0
2025-03-16 08:00:00,24.9079807854682,21.9684475390546,0.0,2.5533333333333332,14.1,66,0,14.6,220,11.7,13.7,15.6,0.0,0.0,0.11,10.0,85.0,7197.0,0.0,1.0,216.0,0.0,100780.0
2025-03-16 09:00:00,24.8177755517844,21.7623214871271,0.0,2.555,16.7,58,16,19.4,230,13.3,13.7,15.5,0.0,0.0,0.23,12.0,81.0,26018.0,1.0,3.0,270.0,0.0,100840.0
2025-03-16 10:00:00,25.1493546797681,21.7899376964272,0.0,2.5566666666666666,17.9,53,13,20.5,237,14.9,13.8,15.5,0.0,0.0,0.33,15.0,70.0,49975.0,4.0,4.0,294.0,0.0,100870.0
2025-03-16 11:00:00,24.777435265075,21.749294716894,0.0,2.5583333333333336,18.8,48,13,20.2,240,16.4,13.9,15.5,0.0,0.0,0.42,17.0,59.0,74541.0,7.0,3.0,278.0,0.0,100840.0
2025-03-16 12:00:00,24.8551160408299,21.6209506540033,0.0,2.56,19.7,45,58,20.2,244,17.6,14.2,15.5,0.0,0.0,0.46,19.0,44.0,88248.0,8.0,5.0,267.0,0.0,100790.0
2025-03-16 13:00:00,24.7710353767034,21.4177835113042,0.0,2.5616666666666665,20.5,43,44,18.2,250,18.5,14.3,15.5,0.0,0.0,0.43,20.0,40.0,92540.0,7.0,7.0,253.0,0.0,100730.0
2025-03-16 14:00:00,24.7738733865676,21.4378840947716,0.0,2.5633333333333335,20.7,41,74,12.6,270,19.1,14.6,15.5,0.0,0.0,0.42,20.0,40.0,90068.0,5.0,5.0,272.0,0.0,100670.0
2025-03-16 15:00:00,24.8131031112828,21.3560740453873,0.0,2.565,19.5,48,53,11.4,339,19.4,14.9,15.5,0.0,0.0,0.36,19.0,45.0,16604.0,2.0,5.0,24.0,0.0,100630.0
2025-03-16 16:00:00,24.6070945704554,21.2027860870693,0.0,2.566666666666667,17.8,52,4,14.8,13,19.0,15.2,15.5,0.0,0.0,0.27,18.0,49.0,49171.0,4.0,3.0,33.0,0.0,100630.0
2025-03-16 17:00:00,24.6003992643177,21.3050714641835,0.0,2.5683333333333334,16.0,54,28,10.3,38,18.2,15.5,15.5,0.0,0.0,0.18,18.0,51.0,25561.0,1.0,4.0,43.0,0.0,100660.0
2025-03-16 18:00:00,24.5715691264261,21.1424218053357,0.0,2.57,14.2,68,1,4.6,75,16.9,15.6,15.5,0.0,0.0,0.05,17.0,54.0,5994.0,0.0,3.0,72.0,0.0,100730.0
2025-03-16 19:00:00,24.5709897819787,21.1296302909954,0.0,2.5716666666666668,12.5,71,3,4.8,87,15.4,15.6,15.5,0.0,0.0,0.03,14.0,65.0,279.0,0.0,1.0,78.0,0.0,100720.0
2025-03-16 20:00:00,24.6215158660672,21.295898942476,0.0,2.5733333333333333,12.1,73,2,2.3,65,14.2,15.6,15.5,0.0,0.0,0.0,13.0,69.0,0.0,0.0,1.0,148.0,0.0,100730.0
2025-03-16 21:00:00,24.5492426701048,21.2300948240647,0.0,2.575,12.1,72,3,1.0,52,13.3,15.4,15.5,0.0,0.0,0.0,12.0,71.0,0.0,0.0,2.0,104.0,0.0,100760.0
2025-03-16 22:00:00,24.5545094188704,21.0426220914542,0.0,2.5766666666666667,11.8,73,30,1.1,45,12.5,15.3,15.5,0.0,0.0,0.0,10.0,76.0,0.0,0.0,0.0,175.0,0.0,100740.0
2025-03-16 23:00:00,24.5821695342557,21.1850730065536,0.0,2.5783333333333336,11.1,75,32,1.9,81,11.9,15.1,15.5,0.0,0.0,0.0,9.0,78.0,0.0,0.0,1.0,174.0,0.0,100700.0
2025-03-17 00:00:00,24.5590042223783,21.1125644259707,0.0,2.58,10.6,76,9,0.2,59,11.4,14.9,15.5,0.0,0.0,0.0,8.0,83.0,0.0,0.0,0.0,165.0,0.0,100670.0
2025-03-17 01:00:00,24.6480424542191,21.1565407951245,0.0,2.5816666666666666,9.8,80,20,3.5,205,12.2,14.7,15.5,0.0,0.0,0.0,9.0,83.0,0.0,0.0,0.0,192.0,0.0,100620.0
2025-03-17 02:00:00,24.4476588112068,21.0869220630514,0.0,2.5833333333333335,9.0,85,83,4.3,224,11.7,14.6,15.5,0.0,0.0,0.0,10.0,83.0,0.0,0.0,1.0,246.0,0.0,100610.0
2025-03-17 03:00:00,24.3692309359306,21.344709177214,0.0,2.585,9.7,82,31,4.5,232,11.6,14.4,15.5,0.0,0.0,0.0,9.0,84.0,0.0,0.0,0.0,234.0,0.0,100520.0
2025-03-17 04:00:00,24.4480801472533,21.0819512921024,0.0,2.586666666666667,9.1,85,70,3.2,207,11.3,14.2,15.5,0.0,0.0,0.0,10.0,81.0,0.0,0.0,0.0,192.0,0.0,100430.0
2025-03-17 05:00:00,24.6118243768389,21.2385584526012,0.0,2.5883333333333334,9.5,83,83,3.2,228,11.2,14.1,15.5,0.0,0.0,0.0,11.0,78.0,0.0,0.0,2.0,179.0,0.0,100390.0
2025-03-17 06:00:00,24.4544443895765,21.2302290955145,0.0,2.59,9.4,84,12,1.5,297,11.0,13.9,15.5,0.0,0.0,0.0,11.0,76.0,0.0,0.0,1.0,192.0,0.0,100330.0
2025-03-17 07:00:00,24.474180958561,21.2227536048514,0.0,2.591666666666667,9.7,83,1,3.2,192,10.9,13.7,15.5,0.0,0.0,0.01,11.0,74.0,841.0,0.0,0.0,186.0,0.0,100290.0
2025-03-17 08:00:00,24.3277588120636,21.1070627705519,0.0,2.5933333333333333,13.7,78,0,4.9,220,11.9,13.6,15.4,0.0,0.0,0.08,13.0,70.0,8267.0,0.0,2.0,216.0,0.0,100300.0
2025-03-17 09:00:00,24.5536366797616,20.9939270102957,0.0,2.595,17.9,61,0,4.0,248,13.8,13.6,15.4,0.0,0.0,0.21,17.0,60.0,35272.0,2.0,4.0,329.0,0.0,100270.0
2025-03-17 10:00:00,24.3392461430572,20.885378538965,0.0,2.5966666666666667,20.2,51,6,4.9,258,15.9,13.7,15.4,0.0,0.0,0.34,18.0,56.0,24048.0,2.0,3.0,273.0,0.0,100300.0
2025-03-17 11:00:00,24.2668888637294,20.7471956233988,0.0,2.5983333333333336,22.0,47,11,7.0,266,17.9,14.0,15.4,0.0,0.0,0.44,20.0,52.0,48258.0,4.0,2.0,264.0,0.0,100280.0
2025-03-17 12:00:00,24.3360621910111,22.0238071379604,18.895500102531127,2.6,23.4,39,86,12.6,266,19.4,14.3,15.4,0.0,0.0,0.53,24.0,41.0,44606.0,4.0,3.0,271.0,0.0,100220.0
2025-03-17 13:00:00,24.3364655610525,25.3827504765776,0.0,2.6016666666666666,24.7,35,9,11.1,260,20.7,14.7,15.4,0.0,0.0,0.56,23.0,33.0,39964.0,4.0,4.0,306.0,0.0,100140.0
2025-03-17 14:00:00,25.2635858352365,25.4296744553867,0.0,2.6033333333333335,23.2,45,43,9.4,1,21.4,15.1,15.4,0.0,0.0,0.47,24.0,34.0,29140.0,3.0,3.0,289.0,0.0,100020.0
2025-03-17 15:00:00,25.9692669853846,25.3655536071409,0.0,2.605,21.3,54,46,16.0,40,21.3,15.5,15.4,0.0,0.0,0.37,24.0,34.0,21943.5,2.5,3.0,280.0,0.0,99975.0
2025-03-17 16:00:00,26.4331046115446,25.1054250092425,0.0,2.606666666666667,19.8,55,41,12.6,31,20.7,15.8,15.4,0.0,0.0,0.26,24.0,34.0,14747.0,2.0,3.0,271.0,0.0,99930.0
2025-03-17 17:00:00,26.5011665241101,24.890508902941,0.0,2.6083333333333334,18.1,59,73,12.0,36,19.8,16.1,15.4,0.0,0.0,0.18,22.0,44.0,46853.0,3.0,5.0,30.0,0.0,99940.0
2025-03-17 18:00:00,26.6595408892297,24.8253760858016,0.0,2.61,16.5,67,75,7.3,70,18.5,16.3,15.4,0.0,0.0,0.06,20.0,46.0,14740.0,1.0,5.0,13.0,0.0,99980.0
2025-03-17 19:00:00,26.8928415330019,24.6095847388785,0.0,2.611666666666667,14.8,77,10,4.0,44,17.1,16.4,15.4,0.0,0.0,0.03,19.0,49.0,7678.0,0.0,2.0,96.0,0.0,100030.0
2025-03-17 20:00:00,26.6300833104173,24.8274371777421,0.0,2.6133333333333333,13.9,80,29,1.0,48,15.8,16.3,15.4,0.0,0.0,0.0,16.0,57.0,57.0,0.0,1.0,90.0,0.0,100080.0
2025-03-17 21:00:00,26.812818782067,24.7789105352784,0.0,2.615,13.2,81,1,1.5,53,14.8,16.2,15.4,0.0,0.0,0.0,15.0,65.0,0.0,0.0,0.0,42.0,0.0,100110.0
2025-03-17 22:00:00,26.6234145735354,24.7333513699261,0.0,2.6166666666666667,12.6,82,5,3.6,229,14.0,16.1,15.4,0.0,0.0,0.0,13.0,74.0,0.0,0.0,0.0,86.0,0.0,100150.0
2025-03-17 23:00:00,26.5998195647881,24.7261925102577,0.0,2.6183333333333336,11.8,86,29,6.0,254,13.5,16.0,15.4,0.0,0.0,0.0,12.0,82.0,0.0,0.0,0.0,176.0,0.0,100150.0
2025-03-18 00:00:00,26.7257275455539,24.7153004428474,0.0,2.62,11.3,87,29,5.0,259,13.1,15.8,15.4,0.0,0.0,0.0,11.0,86.0,0.0,0.0,0.0,188.0,0.0,100120.0
2025-03-18 01:00:00,26.7229456299859,24.615130520926,0.0,2.6216666666666666,12.1,80,93,5.2,207,13.6,15.5,15.4,0.0,0.0,0.0,11.0,87.0,0.0,0.0,0.0,186.0,0.0,100110.0
2025-03-18 02:00:00,26.6497479111698,24.673268470717,0.0,2.6233333333333335,11.4,83,94,5.8,216,13.1,15.4,15.4,0.0,0.0,0.0,11.0,88.0,0.0,0.0,1.0,177.0,0.0,100080.0
2025-03-18 03:00:00,26.8663772217129,24.5316242494569,0.0,2.625,11.7,80,54,9.6,226,12.8,15.3,15.4,0.0,0.0,0.01,12.0,85.0,0.0,0.0,2.0,204.0,0.0,100020.0
2025-03-18 04:00:00,26.632467974652,24.8586756657317,0.0,2.626666666666667,14.5,67,53,16.0,222,13.0,15.1,15.4,0.0,0.0,0.05,11.0,90.0,0.0,0.0,1.0,167.0,0.0,100040.0
2025-03-18 05:00:00,26.529920698748,24.3919674827174,0.0,2.6283333333333334,16.2,54,30,23.4,221,13.4,15.0,15.4,0.0,0.0,0.11,10.0,92.0,0.0,0.0,2.0,174.0,0.0,100050.0
2025-03-18 06:00:00,26.5445015232002,24.5617219307798,0.0,2.63,16.0,54,53,25.6,221,13.8,14.9,15.4,0.0,0.0,0.11,14.0,70.0,0.0,0.0,3.0,270.0,0.0,100000.0
2025-03-18 07:00:00,26.6495223646824,24.5337240805768,0.0,2.631666666666667,15.9,57,92,30.4,218,14.1,14.9,15.4,0.0,0.0,0.13,16.0,57.0,0.0,0.0,4.0,264.0,0.0,100090.0
2025-03-18 08:00:00,26.6003548168488,24.5688163459943,0.0,2.6333333333333333,16.8,57,88,28.2,218,14.6,14.9,15.4,0.0,0.0,0.16,17.0,50.0,2876.0,0.0,5.0,232.0,0.0,100140.0
2025-03-18 09:00:00,26.541636501964,24.4301118223343,0.0,2.6350000000000002,18.0,55,39,30.4,219,15.6,14.9,15.4,0.0,0.0,0.26,18.0,53.0,13548.0,0.0,4.0,245.0,0.0,100220.0
2025-03-18 10:00:00,26.4893139184243,24.2330516976879,0.0,2.6366666666666667,19.3,49,2,26.9,225,16.8,15.0,15.4,0.0,0.0,0.36,19.0,50.0,19644.0,2.0,6.0,219.0,0.0,100310.0
2025-03-18 11:00:00,26.3424222758804,23.9051099976914,0.0,2.6383333333333336,20.3,47,13,23.8,237,18.1,15.1,15.4,0.0,0.0,0.44,20.0,48.0,65397.0,5.0,5.0,282.0,0.0,100380.0
2025-03-18 12:00:00,26.1390247589045,23.8766718301774,0.0,2.64,21.5,44,27,23.3,245,19.2,15.4,15.4,0.0,0.0,0.48,21.0,44.0,80718.0,8.0,3.0,246.0,0.0,100400.0
2025-03-18 13:00:00,26.3769695803617,23.8089057613878,0.0,2.6416666666666666,22.2,42,27,14.6,263,20.3,15.7,15.4,0.0,0.0,0.47,22.0,39.0,87432.0,8.0,3.0,246.0,0.0,100350.0
2025-03-18 14:00:00,26.2244816545434,23.5718487244355,0.0,2.6433333333333335,21.6,44,39,10.3,308,20.7,16.0,15.4,0.0,0.0,0.4,23.0,37.0,104221.0,9.0,3.0,253.0,0.0,100340.0
2025-03-18 15:00:00,26.2915729458759,23.4849202969846,0.0,2.645,20.0,60,37,14.2,354,20.8,16.3,15.4,0.0,0.0,0.31,19.0,67.0,81734.0,6.0,3.0,74.0,0.0,100310.0
2025-03-18 16:00:00,26.1049396199115,23.4369281973068,0.0,2.646666666666667,18.9,63,5,13.5,44,20.5,16.5,15.4,0.0,0.0,0.26,20.0,61.0,64496.0,7.0,4.0,19.0,0.0,100300.0
2025-03-18 17:00:00,26.1501848761452,23.3075709458085,0.0,2.6483333333333334,18.2,65,1,11.0,63,19.8,16.7,15.4,0.0,0.0,0.17,20.0,61.0,42547.0,2.0,5.0,4.0,0.0,100300.0
2025-03-18 18:00:00,26.0133129075717,23.2330461920681,0.0,2.65,16.4,75,1,8.5,33,18.7,16.8,15.5,0.0,0.0,0.06,19.0,61.0,18028.0,1.0,4.0,54.0,0.0,100390.0
2025-03-18 19:00:00,25.9236989051761,23.4072050139417,0.0,2.651666666666667,14.2,86,5,4.0,40,17.3,16.9,15.5,0.0,0.0,0.02,18.0,57.0,4240.0,0.0,3.0,30.0,0.0,100400.0
2025-03-18 20:00:00,25.9610394595419,23.3376060641642,0.0,2.6533333333333333,13.3,88,2,5.2,76,16.1,16.8,15.5,0.0,0.0,0.0,15.0,71.0,0.0,0.0,1.0,66.0,0.0,100530.0
2025-03-18 21:00:00,26.056518300364,23.2885502314727,0.0,2.6550000000000002,12.7,89,0,5.3,82,15.2,16.7,15.5,0.0,0.0,0.0,14.0,76.0,0.0,0.0,0.0,130.0,0.0,100620.0
2025-03-18 22:00:00,25.9963951771374,23.4099604180979,0.0,2.6566666666666667,12.7,86,0,2.3,63,14.4,16.6,15.5,0.0,0.0,0.0,14.0,77.0,0.0,0.0,1.0,132.0,0.0,100610.0
2025-03-18 23:00:00,26.0237777128895,23.3387523313139,0.0,2.6583333333333337,12.7,84,2,1.5,58,13.7,16.4,15.5,0.0,0.0,0.0,12.0,82.0,0.0,0.0,1.0,108.0,0.0,100680.0
2025-03-19 00:00:00,25.8857177065025,23.4430379251781,0.0,2.66,12.7,82,0,1.0,46,13.1,16.2,15.5,0.0,0.0,0.0,13.0,76.0,0.0,0.0,2.0,149.0,0.0,100670.0
2025-03-19 01:00:00,26.0744660213978,23.366161500524,0.0,2.6616666666666666,11.8,81,0,1.4,59,13.1,16.0,15.5,0.0,0.0,0.0,12.0,79.0,0.0,0.0,0.0,124.0,0.0,100650.0
2025-03-19 02:00:00,25.8716260372931,23.1667579540119,0.0,2.6633333333333336,10.3,87,5,1.1,65,12.5,15.8,15.5,0.0,0.0,0.0,10.0,83.0,0.0,0.0,0.0,109.0,0.0,100620.0
2025-03-19 03:00:00,26.024502043181,23.4144607853087,0.0,2.665,9.4,92,0,1.9,360,12.1,15.6,15.5,0.0,0.0,0.0,10.0,84.0,0.0,0.0,1.0,125.0,0.0,100600.0
2025-03-19 04:00:00,25.7484154624846,23.3956287943345,0.0,2.666666666666667,9.3,93,0,3.2,315,11.9,15.4,15.5,0.0,0.0,0.0,9.0,87.0,0.0,0.0,1.0,178.0,0.0,100550.0
2025-03-19 05:00:00,25.7802732600711,23.3331292896576,0.0,2.6683333333333334,9.0,94,0,4.8,283,11.6,15.2,15.5,0.0,0.0,0.0,8.0,89.0,0.0,0.0,1.0,186.0,0.0,100530.0
2025-03-19 06:00:00,25.8948972978363,23.4270125047986,0.0,2.67,8.9,92,4,4.0,283,11.4,14.9,15.5,0.0,0.0,0.0,8.0,90.0,0.0,0.0,0.0,162.0,0.0,100500.0
2025-03-19 07:00:00,25.7184091415032,23.3118536303529,0.0,2.671666666666667,9.9,88,8,4.8,283,11.4,14.7,15.5,0.0,0.0,0.01,8.0,91.0,0.0,0.0,0.0,198.0,0.0,100500.0
2025-03-19 08:00:00,25.7802309182203,23.4666443567461,0.0,2.6733333333333333,14.3,77,1,4.2,305,12.5,14.6,15.5,0.0,0.0,0.08,9.0,90.0,3429.0,0.0,2.0,234.0,0.0,100540.0
2025-03-19 09:00:00,25.6891007704497,23.4949989125364,0.0,2.6750000000000003,17.7,64,96,5.0,351,14.4,14.5,15.5,0.0,0.0,0.21,13.0,82.0,15953.0,1.0,0.0,270.0,0.0,100540.0
2025-03-19 10:00:00,25.6088452633288,23.1894189168826,0.0,2.6766666666666667,20.0,57,83,8.3,356,16.5,14.6,15.5,0.0,0.0,0.34,16.0,67.0,43084.0,3.0,0.0,251.0,0.0,100530.0
2025-03-19 11:00:00,25.5799032700508,24.5326473496923,0.0,2.6783333333333337,21.5,52,93,11.9,3,18.3,14.8,15.5,0.0,0.0,0.44,19.0,58.0,66260.0,5.0,0.0,72.0,0.0,100470.0
2025-03-19 12:00:00,26.1253652549442,25.4750332113494,0.0,2.68,22.1,53,100,14.6,11,19.7,15.1,15.5,0.0,0.0,0.48,21.0,51.0,63679.0,5.0,3.0,30.0,0.0,100390.0
2025-03-19 13:00:00,26.931536945475,25.2953941093923,0.0,2.6816666666666666,20.7,53,100,19.2,18,20.1,15.3,15.5,0.0,0.0,0.45,21.0,56.0,71416.0,5.0,4.0,358.0,0.0,100350.0
2025-03-19 14:00:00,27.1934769017524,25.0744098488747,0.0,2.6833333333333336,19.7,58,100,17.6,32,20.3,15.6,15.5,0.0,0.0,0.37,21.0,53.0,79456.0,7.0,4.0,53.0,0.0,100240.0
2025-03-19 15:00:00,27.2922922384844,25.1468472869242,0.0,2.685,19.5,62,100,17.6,40,20.3,15.8,15.5,0.0,0.0,0.3,21.0,59.0,38936.0,2.0,3.0,2.0,0.0,100130.0
2025-03-19 16:00:00,27.2359666372538,25.0348169330057,0.0,2.686666666666667,19.1,66,100,14.0,39,20.0,16.1,15.5,0.0,0.0,0.22,20.0,58.0,28632.0,2.0,4.0,111.0,0.0,100050.0
2025-03-19 17:00:00,27.4428071647677,24.9679243201768,0.0,2.6883333333333335,18.1,72,100,11.4,29,19.4,16.3,15.5,0.0,0.0,0.14,19.0,67.0,22612.0,1.0,3.0,26.0,0.0,100020.0
2025-03-19 18:00:00,27.2646056774325,24.7765761177695,0.0,2.69,16.4,81,83,7.2,8,18.4,16.4,15.5,0.0,0.0,0.05,19.0,69.0,14616.0,1.0,2.0,13.0,0.0,100000.0
2025-03-19 19:00:00,27.285470062188,24.9843335915498,0.0,2.691666666666667,14.5,90,35,4.4,333,17.1,16.5,15.5,0.0,0.0,0.02,18.0,77.0,3134.0,0.0,2.0,24.0,0.0,99990.0
2025-03-19 20:00:00,27.0763385184857,25.0587923070598,0.0,2.6933333333333334,13.3,93,11,4.5,310,16.1,16.5,15.5,0.0,0.0,0.0,15.0,86.0,0.0,0.0,3.0,341.0,0.0,100010.0
2025-03-19 21:00:00,27.014559585409,24.8645421873399,0.0,2.6950000000000003,12.9,90,91,3.5,288,15.0,16.4,15.5,0.0,0.0,0.0,14.0,90.0,0.0,0.0,1.0,24.0,0.0,100020.0
2025-03-19 22:00:00,27.0039648323161,24.6257296101846,0.0,2.6966666666666668,12.5,86,100,4.9,261,14.3,16.3,15.5,0.0,0.0,0.0,12.0,92.0,0.0,0.0,1.0,204.0,0.0,100060.0
2025-03-19 23:00:00,26.752085174518,24.9014172028639,0.0,2.6983333333333337,12.7,82,99,2.6,203,13.8,16.1,15.5,0.0,0.0,0.0,12.0,93.0,0.0,0.0,0.0,217.0,0.0,100040.0
2025-03-20 00:00:00,26.8647192288921,24.6047342360886,0.0,2.7,13.2,78,99,1.3,187,13.3,16.0,15.5,0.0,0.0,0.0,11.0,94.0,0.0,0.0,1.0,163.0,0.0,100040.0
2025-03-20 01:00:00,26.9011805373319,24.8862403396743,0.0,2.7016666666666667,13.4,90,97,1.9,220,14.6,15.9,15.5,0.0,0.0,0.0,11.0,94.0,0.0,0.0,0.0,192.0,0.0,100000.0
2025-03-20 02:00:00,27.0194821460947,24.4567888389467,0.0,2.7033333333333336,14.0,83,93,4.3,186,14.1,15.8,15.5,0.0,0.0,0.0,11.0,95.0,0.0,0.0,0.0,108.0,0.0,99930.0
2025-03-20 03:00:00,26.8126290966409,24.6076445664825,0.0,2.705,16.6,43,90,11.8,184,13.8,15.7,15.5,0.0,0.0,0.08,11.0,96.0,0.0,0.0,1.0,349.0,0.0,99870.0
2025-03-20 04:00:00,26.9925509612115,24.5116908022847,0.0,2.706666666666667,21.6,22,97,25.2,186,14.4,15.6,15.5,0.0,0.0,0.25,14.0,70.0,0.0,0.0,4.0,312.0,0.0,99780.0
2025-03-20 05:00:00,26.7435760808253,24.7075720921805,0.0,2.7083333333333335,22.3,20,100,27.3,186,15.3,15.5,15.5,0.0,0.0,0.27,18.0,43.0,0.0,0.0,3.0,288.0,0.0,99760.0
2025-03-20 06:00:00,26.8324205880367,24.6307862942907,0.0,2.71,22.0,20,97,20.6,187,15.9,15.6,15.5,0.0,0.0,0.22,20.0,33.0,0.0,0.0,3.0,295.0,0.0,99870.0
2025-03-20 07:00:00,27.0001423553611,24.503453955323,0.0,2.711666666666667,18.5,41,99,4.6,212,15.6,15.6,15.5,0.0,0.0,0.05,22.0,26.0,0.0,0.0,3.0,249.0,0.0,100010.0
2025-03-20 08:00:00,26.9368402414573,24.568914138293,0.0,2.7133333333333334,19.6,47,88,5.8,276,16.1,15.6,15.5,0.0,0.0,0.12,15.0,88.0,6051.0,0.0,2.0,90.0,0.0,100150.0
2025-03-20 09:00:00,26.824001007947,24.542025750683,0.0,2.7150000000000003,22.1,48,87,2.4,274,17.5,15.7,15.5,0.0,0.0,0.24,17.0,77.0,21446.0,1.0,2.0,70.0,0.0,100310.0
2025-03-20 10:00:00,26.7972567832134,24.2402095247821,0.0,2.716666666666667,24.2,42,49,4.5,355,19.3,15.8,15.5,0.0,0.0,0.38,21.0,55.0,48703.0,3.0,2.0,150.0,0.0,100380.0
2025-03-20 11:00:00,26.6979445291086,24.0586868875712,0.0,2.7183333333333337,24.8,44,15,9.7,357,20.9,16.1,15.5,0.0,0.0,0.5,23.0,51.0,67431.0,5.0,1.0,56.0,0.0,100360.0
2025-03-20 12:00:00,26.6189167552256,23.8746111751809,0.0,2.72,24.5,49,11,13.0,357,22.1,16.4,15.5,0.0,0.0,0.54,24.0,45.0,83296.0,6.0,0.0,42.0,0.0,100320.0
2025-03-20 13:00:00,26.4564290506554,23.9462913577313,0.0,2.7193452380952383,23.0,48,0,14.9,25,22.3,16.6,15.5,0.0,0.0,0.53,24.0,48.0,90574.0,7.0,4.0,12.0,0.0,100250.0
2025-03-20 14:00:00,26.4799617310407,23.6043136040232,0.0,2.7186904761904764,22.3,53,2,15.2,50,22.7,16.9,15.5,0.0,0.0,0.49,22.0,60.0,86741.0,6.0,4.0,42.0,0.0,100150.0
2025-03-20 15:00:00,26.2865025007731,23.5822502366043,0.0,2.7180357142857146,21.8,55,0,13.4,52,22.7,17.2,15.6,0.0,0.0,0.42,22.0,60.0,74716.0,6.0,4.0,8.0,0.0,100050.0
2025-03-20 16:00:00,26.3245985946197,23.3733159393769,0.0,2.7173809523809527,21.5,55,1,14.6,61,22.3,17.5,15.6,0.0,0.0,0.33,22.0,54.0,55775.0,3.0,3.0,48.0,0.0,100000.0
2025-03-20 17:00:00,26.3442266684092,23.4668605521757,0.0,2.716726190476191,20.5,59,32,13.0,56,21.5,17.8,15.6,0.0,0.0,0.21,22.0,53.0,32865.0,2.0,4.0,84.0,0.0,99890.0
2025-03-20 18:00:00,26.4060298091727,23.4113494010889,0.0,2.716071428571429,17.9,71,82,11.5,51,20.3,17.9,15.6,0.0,0.0,0.08,22.0,44.0,13489.0,0.0,4.0,54.0,0.0,99830.0
2025-03-20 19:00:00,26.3389329975914,23.5302531289169,0.0,2.715416666666667,15.6,80,88,10.6,53,18.8,17.9,15.6,0.0,0.0,0.04,21.0,47.0,2330.0,0.0,3.0,60.0,0.0,99780.0
2025-03-20 20:00:00,26.1987018919886,23.3294161151639,0.0,2.714761904761905,14.3,85,54,5.2,15,17.6,17.9,15.6,0.0,0.0,0.0,16.0,87.0,0.0,0.0,4.0,0.0,0.0,99790.0
2025-03-20 21:00:00,26.0607935903177,23.2774606339589,0.0,2.714107142857143,13.6,79,9,15.5,286,16.6,17.8,15.6,0.0,0.0,0.02,15.0,94.0,0.0,0.0,3.0,347.0,0.0,99870.0
2025-03-20 22:00:00,26.0371194113053,23.2296602856448,0.0,2.713452380952381,13.8,79,7,12.7,228,16.0,17.7,15.6,0.0,0.0,0.02,15.0,92.0,0.0,0.0,1.0,222.0,0.0,100090.0
2025-03-20 23:00:00,26.0827241412823,23.2277951411431,0.0,2.712797619047619,15.1,70,18,12.3,224,15.7,17.5,15.7,0.0,0.0,0.03,14.0,90.0,0.0,0.0,1.0,309.0,0.0,100180.0
2025-03-21 00:00:00,26.1901816836024,23.3092917303223,0.0,2.712142857142857,13.8,75,1,6.3,261,15.2,17.4,15.7,0.0,0.0,0.01,15.0,78.0,0.0,0.0,0.0,198.0,0.0,100180.0
2025-03-21 01:00:00,26.0843693248089,23.4577579057242,0.0,2.7114880952380953,13.8,70,1,2.7,273,15.1,17.3,15.7,0.0,0.0,0.0,14.0,85.0,0.0,0.0,0.0,276.0,0.0,100170.0
2025-03-21 02:00:00,26.0450667802292,23.4978848983469,0.0,2.7108333333333334,13.9,69,1,0.3,348,14.5,17.1,15.7,0.0,0.0,0.0,13.0,84.0,0.0,0.0,0.0,186.0,0.0,100180.0
2025-03-21 03:00:00,25.9191403365424,23.3449344578119,0.0,2.7101785714285715,13.9,64,12,0.7,105,14.0,16.9,15.7,0.0,0.0,0.0,13.0,80.0,0.0,0.0,0.0,216.0,0.0,100190.0
2025-03-21 04:00:00,25.8752005695179,23.3444397324533,0.0,2.7095238095238097,12.8,72,93,4.8,216,13.6,16.7,15.7,0.0,0.0,0.0,13.0,85.0,0.0,0.0,1.0,120.0,0.0,100230.0
2025-03-21 05:00:00,25.9869091013965,23.2763651710722,0.0,2.708869047619048,14.2,79,92,1.2,267,13.9,16.5,15.7,0.9,0.9,0.0,14.0,91.0,0.0,0.0,0.0,114.0,0.0,100280.0
2025-03-21 06:00:00,25.9626399428131,23.1826684607137,0.0,2.708214285714286,14.4,81,100,1.3,336,14.0,16.3,15.7,0.1,0.1,0.0,14.0,92.0,0.0,0.0,2.0,115.0,0.0,100350.0
2025-03-21 07:00:00,26.0048668057133,23.477831253501,0.0,2.707559523809524,14.5,89,93,1.7,9,14.3,16.2,15.7,0.0,0.0,0.02,14.0,92.0,0.0,0.0,1.0,97.0,0.0,100510.0
2025-03-21 08:00:00,25.7351815595727,23.3638357760263,0.0,2.706904761904762,15.8,85,74,6.9,135,14.9,16.1,15.7,0.1,0.1,0.06,15.0,87.0,2764.0,0.0,0.0,170.0,0.0,100610.0
2025-03-21 09:00:00,25.7096679273689,23.1840295570452,0.0,2.7062500000000003,17.1,78,52,1.9,319,16.1,16.1,15.7,0.2,0.2,0.16,16.0,90.0,15455.0,1.0,2.0,192.0,0.0,100630.0
2025-03-21 10:00:00,25.7973601162583,23.186338739348,0.0,2.7055952380952384,18.5,69,17,2.9,281,17.5,16.1,15.7,0.1,0.1,0.28,18.0,78.0,54040.0,4.0,3.0,305.0,0.0,100690.0
2025-03-21 11:00:00,25.7829278608659,23.1732781991992,0.0,2.7049404761904765,20.2,53,8,7.3,287,19.1,16.2,15.7,0.0,0.0,0.41,20.0,39.0,74876.0,5.0,3.0,305.0,0.0,100630.0
2025-03-21 12:00:00,25.6100928702223,22.9821212523429,0.0,2.7042857142857146,21.5,42,54,5.5,277,20.7,16.5,15.7,0.0,0.0,0.5,20.0,44.0,88904.0,8.0,4.0,6.0,0.0,100600.0
2025-03-21 13:00:00,25.5526258446298,22.7072287111396,0.0,2.7036309523809527,21.0,56,91,11.4,349,21.9,16.9,15.7,0.0,0.0,0.49,20.0,48.0,93569.0,7.0,4.0,336.0,0.0,100580.0
2025-03-21 14:00:00,25.7011711903654,22.4848738440028,0.0,2.7029761904761904,20.0,62,95,15.3,21,22.0,17.2,15.8,0.2,0.2,0.43,19.0,55.0,82891.0,7.0,3.0,43.0,0.0,100560.0
2025-03-21 15:00:00,25.5648039926127,22.3950098352242,0.0,2.7023214285714285,18.4,64,80,18.3,37,21.7,17.5,15.8,0.0,0.0,0.34,19.0,54.0,67000.0,5.0,5.0,48.0,0.0,100480.0
2025-03-21 16:00:00,25.4759692515222,22.2972916472998,0.0,2.7016666666666667,17.8,63,23,14.5,56,21.2,17.7,15.8,0.0,0.0,0.27,19.0,54.0,46193.0,3.0,4.0,33.0,0.0,100490.0
2025-03-21 17:00:00,25.4248910999996,22.3890075828572,0.0,2.701011904761905,17.9,62,39,8.7,66,20.4,17.8,15.8,0.0,0.0,0.18,18.0,55.0,25072.0,1.0,3.0,58.0,0.0,100460.0
2025-03-21 18:00:00,25.2553553843322,22.2754959804921,0.0,2.700357142857143,16.2,72,87,4.9,72,19.2,17.9,15.8,0.0,0.0,0.06,18.0,57.0,9320.0,1.0,2.0,64.0,0.0,100450.0
2025-03-21 19:00:00,25.4009846239658,22.053765833487,0.0,2.699702380952381,14.8,75,74,1.5,68,17.7,17.9,15.8,0.0,0.0,0.02,16.0,65.0,589.0,0.0,1.0,24.0,0.0,100400.0
2025-03-21 20:00:00,25.3781230328029,22.1349578085583,0.0,2.699047619047619,14.4,77,98,0.6,24,16.6,17.8,15.8,0.0,0.0,0.0,14.0,69.0,0.0,0.0,0.0,60.0,0.0,100460.0
2025-03-21 21:00:00,25.2278037269338,22.4262054584298,0.0,2.6983928571428573,14.4,77,83,0.4,8,15.9,17.7,15.8,0.0,0.0,0.0,13.0,74.0,0.0,0.0,0.0,140.0,0.0,100490.0
2025-03-21 22:00:00,25.3353222945488,22.2083837141422,0.0,2.6977380952380954,13.8,79,84,0.3,326,15.1,17.5,15.8,0.0,0.0,0.0,12.0,77.0,0.0,0.0,1.0,174.0,0.0,100510.0
2025-03-21 23:00:00,25.2268424463733,22.2067386853472,0.0,2.6970833333333335,13.3,79,99,3.0,223,14.7,17.3,15.8,0.0,0.0,0.0,12.0,76.0,0.0,0.0,0.0,167.0,0.0,100480.0
2025-03-22 00:00:00,25.2526833717689,22.0747914375939,0.0,2.6964285714285716,12.8,76,95,4.3,229,14.3,17.1,15.9,0.0,0.0,0.0,11.0,81.0,0.0,0.0,0.0,348.0,0.0,100470.0
2025-03-22 01:00:00,25.1795031440505,22.2871882013973,0.0,2.6957738095238097,12.4,77,40,3.5,194,13.9,16.9,15.9,0.0,0.0,0.0,10.0,83.0,0.0,0.0,2.0,162.0,0.0,100400.0
2025-03-22 02:00:00,25.245701182754,22.3568036376548,0.0,2.695119047619048,11.9,75,9,5.8,215,13.4,16.7,15.9,0.0,0.0,0.0,10.0,82.0,0.0,0.0,0.0,178.0,0.0,100360.0
2025-03-22 03:00:00,25.11422744106,22.1500884054239,0.0,2.694464285714286,13.3,68,76,13.3,224,13.3,16.4,15.9,0.0,0.0,0.04,10.0,83.0,0.0,0.0,0.0,358.0,0.0,100290.0
2025-03-22 04:00:00,25.1844808696059,22.1456396620752,0.0,2.693809523809524,14.3,65,79,15.9,224,13.5,16.3,15.9,0.0,0.0,0.05,8.0,86.0,0.0,0.0,1.0,186.0,0.0,100250.0
2025-03-22 05:00:00,25.1348613941126,22.1391397045474,0.0,2.693154761904762,14.1,66,33,14.3,222,13.6,16.1,15.9,0.0,0.0,0.04,10.0,80.0,0.0,0.0,0.0,192.0,0.0,100250.0
2025-03-22 06:00:00,25.173915321749,22.2929107393975,0.0,2.6925,13.6,70,30,13.5,223,13.6,15.9,15.9,0.0,0.0,0.04,12.0,75.0,0.0,0.0,1.0,288.0,0.0,100260.0
2025-03-22 07:00:00,24.9351084295937,22.1415516427094,0.0,2.691845238095238,14.6,66,44,17.4,221,13.7,15.8,15.9,0.0,0.0,0.07,13.0,68.0,667.0,0.0,2.0,246.0,0.0,100260.0
2025-03-22 08:00:00,25.0495293068184,22.0733714427532,0.0,2.691190476190476,17.0,59,100,14.4,249,14.6,15.7,15.9,0.0,0.0,0.13,15.0,62.0,12125.0,0.0,3.0,246.0,0.0,100370.0
2025-03-22 09:00:00,25.013502507435,22.0464276630778,0.0,2.6905357142857143,14.7,74,100,16.1,304,15.0,15.7,15.9,0.1,0.1,0.11,17.0,71.0,19702.0,1.0,5.0,318.0,0.0,100480.0
2025-03-22 10:00:00,25.1135384519311,22.2361145924008,0.0,2.6898809523809524,14.8,73,100,8.4,282,15.4,15.6,15.9,0.2,0.2,0.12,12.0,83.0,10509.0,1.0,9.0,347.0,0.0,100620.0
2025-03-22 11:00:00,25.1481421209037,22.1730690826982,0.0,2.6892261904761905,15.7,67,100,9.4,267,16.1,15.7,15.9,0.1,0.1,0.2,13.0,76.0,10140.0,1.0,4.0,228.0,0.0,100680.0
2025-03-22 12:00:00,25.1039758951442,22.0501184056413,0.0,2.6885714285714286,15.9,64,100,9.9,281,16.4,15.7,15.9,0.0,0.0,0.16,14.0,74.0,34244.0,3.0,3.0,204.0,0.0,100620.0
2025-03-22 13:00:00,24.950225528139,21.9040526970317,0.0,2.6879166666666667,16.3,63,100,9.4,292,16.6,15.7,15.9,0.1,0.1,0.2,16.0,65.0,62186.0,5.0,1.0,243.0,0.0,100550.0
2025-03-22 14:00:00,24.9246941999543,21.969357439777,0.0,2.687261904761905,16.6,62,100,7.5,289,16.8,15.7,15.9,0.1,0.1,0.17,16.0,65.0,22296.0,1.0,2.0,1.0,0.0,100440.0
2025-03-22 15:00:00,24.9337998330006,21.6666589994254,0.0,2.686607142857143,17.5,56,100,9.5,297,17.6,15.8,15.9,0.0,0.0,0.25,16.0,66.0,15047.0,1.0,2.0,8.0,0.0,100340.0
2025-03-22 16:00:00,24.8865957100102,21.8424521792127,0.0,2.685952380952381,15.7,64,100,11.3,331,17.1,15.9,15.9,0.2,0.2,0.12,16.0,64.0,11197.0,1.0,3.0,338.0,0.0,100330.0
2025-03-22 17:00:00,24.7410947684764,21.864747599642,0.0,2.685297619047619,15.9,62,100,7.0,312,16.6,16.0,15.9,0.0,0.0,0.09,15.0,65.0,8712.0,0.0,4.0,323.0,0.0,100300.0
2025-03-22 18:00:00,24.831017538529,21.6616008848164,0.0,2.6846428571428573,15.3,73,81,2.0,301,16.2,16.0,15.9,0.0,0.0,0.04,15.0,66.0,6665.0,0.0,2.0,349.0,0.0,100310.0
2025-03-22 19:00:00,24.7883952310243,21.9548014311405,0.0,2.6839880952380955,14.3,69,44,1.1,269,15.4,16.0,15.9,0.0,0.0,0.02,15.0,67.0,119.0,0.0,0.0,348.0,0.0,100370.0
2025-03-22 20:00:00,24.6781646971045,21.7503790799128,0.0,2.6833333333333336,13.0,72,100,3.1,256,14.6,15.9,15.9,0.0,0.0,0.0,14.0,69.0,0.0,0.0,1.0,346.0,0.0,100410.0
2025-03-22 21:00:00,24.6234007867043,21.6476310291227,0.0,2.6826785714285717,13.6,71,98,7.4,216,14.4,15.8,15.9,0.0,0.0,0.01,14.0,69.0,0.0,0.0,1.0,198.0,0.0,100480.0
2025-03-22 22:00:00,24.7596539432501,21.6879023510967,0.0,2.68202380952381,13.1,76,88,9.6,219,14.1,15.7,15.9,0.1,0.1,0.01,14.0,70.0,0.0,0.0,1.0,204.0,0.0,100470.0
2025-03-22 23:00:00,24.6480447962459,21.7390372358783,0.0,2.6813690476190475,12.7,78,48,12.8,217,13.8,15.6,15.9,0.0,0.0,0.02,14.0,73.0,0.0,0.0,1.0,290.0,0.0,100490.0
2025-03-23 00:00:00,24.5976955924794,21.7060612689322,0.0,2.6807142857142856,11.8,80,42,10.6,219,13.4,15.5,15.9,0.0,0.0,0.01,13.0,75.0,0.0,0.0,0.0,198.0,0.0,100430.0
2025-03-23 01:00:00,24.6996734130794,21.7892134254691,0.0,2.6800595238095237,11.6,79,29,6.1,217,13.6,15.4,15.9,0.0,0.0,0.0,12.0,77.0,0.0,0.0,1.0,347.0,0.0,100400.0
2025-03-23 02:00:00,24.6390298672263,21.8599407030178,0.0,2.679404761904762,10.6,82,35,6.7,223,12.9,15.3,15.9,0.0,0.0,0.0,11.0,78.0,0.0,0.0,2.0,222.0,0.0,100320.0
2025-03-23 03:00:00,24.4223561124259,21.7500074387617,0.0,2.67875,11.0,74,33,11.8,223,12.4,15.1,15.9,0.0,0.0,0.02,10.0,82.0,0.0,0.0,0.0,228.0,0.0,100270.0
2025-03-23 04:00:00,24.484185949299,21.7212287525221,0.0,2.678095238095238,10.7,70,64,14.0,220,12.1,15.0,15.9,0.0,0.0,0.03,10.0,75.0,0.0,0.0,2.0,246.0,0.0,100210.0
2025-03-23 05:00:00,24.7107146319705,21.6255398611238,0.0,2.677440476190476,10.5,71,83,13.8,217,11.8,14.8,15.8,0.0,0.0,0.03,9.0,78.0,0.0,0.0,2.0,264.0,0.0,100190.0
2025-03-23 06:00:00,24.6010959388477,21.5865417131873,0.0,2.6767857142857143,10.2,73,0,11.4,210,11.6,14.6,15.8,0.0,0.0,0.02,9.0,78.0,0.0,0.0,1.0,258.0,0.0,100160.0
2025-03-23 07:00:00,24.6978373140925,21.7350833401741,0.0,2.6761309523809524,10.8,73,2,11.8,208,11.5,14.5,15.8,0.0,0.0,0.04,8.0,79.0,1879.0,0.0,0.0,204.0,0.0,100180.0
2025-03-23 08:00:00,24.6675503558139,21.5128568736837,0.0,2.6754761904761906,13.3,65,8,15.1,206,12.3,14.4,15.8,0.0,0.0,0.12,11.0,74.0,12784.0,1.0,2.0,270.0,0.0,100200.0
2025-03-23 09:00:00,24.3261170118496,21.7385429338614,0.0,2.6748214285714287,15.7,53,1,19.5,218,13.7,14.3,15.8,0.0,0.0,0.24,14.0,62.0,35334.0,2.0,2.0,264.0,0.0,100200.0
2025-03-23 10:00:00,24.4023437308576,21.4927562600214,0.0,2.674166666666667,17.1,47,1,21.3,228,15.3,14.4,15.8,0.0,0.0,0.35,16.0,48.0,61764.0,4.0,4.0,264.0,0.0,100190.0
2025-03-23 11:00:00,24.4313628840073,21.5310539016142,0.0,2.673511904761905,18.5,42,48,23.1,233,16.9,14.5,15.8,0.0,0.0,0.44,18.0,42.0,82688.0,5.0,4.0,252.0,0.0,100130.0
2025-03-23 12:00:00,24.4613752662427,21.4059264269521,0.0,2.672857142857143,19.8,39,23,22.5,229,18.2,14.7,15.8,0.0,0.0,0.48,18.0,41.0,58283.0,4.0,4.5,245.0,0.0,100090.0
2025-03-23 13:00:00,24.449307286533,21.2708064417802,0.0,2.672202380952381,20.0,37,91,29.1,238,19.0,15.0,15.8,0.0,0.0,0.5,18.0,40.0,33878.0,3.0,5.0,238.0,0.0,100050.0
2025-03-23 14:00:00,24.312570148525,20.8691245751465,0.0,2.6715476190476193,19.3,39,56,20.0,247,19.0,15.2,15.8,0.0,0.0,0.35,20.0,37.0,95698.0,7.0,5.0,286.0,0.0,99940.0
2025-03-23 15:00:00,23.9882112653268,20.8830978781138,0.0,2.6708928571428574,18.3,45,91,31.5,253,19.1,15.5,15.8,0.9,0.9,0.39,20.0,36.0,36784.0,3.0,7.0,238.0,0.0,99880.0
2025-03-23 16:00:00,24.1833174506943,20.987948201447,0.0,2.670238095238095,15.9,61,56,13.4,301,17.7,15.6,15.8,0.2,0.2,0.15,20.0,37.0,35507.0,3.0,8.0,282.0,0.0,99830.0
2025-03-23 17:00:00,24.0096921215249,21.0657131060432,0.0,2.669583333333333,15.3,67,50,11.9,328,17.1,15.7,15.8,0.0,0.0,0.13,14.0,85.0,8159.0,1.0,3.0,24.0,0.0,99910.0
2025-03-23 18:00:00,24.2030084666177,21.0704558043207,0.0,2.6689285714285713,12.3,83,72,7.5,297,16.2,15.8,15.8,0.1,0.1,0.04,14.0,82.0,7996.0,0.0,1.0,48.0,0.0,99910.0
2025-03-23 19:00:00,23.9823160334623,20.9863761461027,0.0,2.6682738095238094,11.7,85,81,12.2,261,15.1,15.8,15.8,0.8,0.8,0.03,14.0,79.0,2683.0,0.0,2.0,54.0,0.0,99980.0
2025-03-23 20:00:00,24.0712325924073,20.9429425466025,0.0,2.6676190476190476,11.4,88,51,14.2,224,14.0,15.7,15.8,0.1,0.1,0.01,13.0,87.0,0.0,0.0,3.0,18.0,2.0,100080.0
2025-03-23 21:00:00,23.8178572902337,20.8566998245947,0.0,2.6669642857142857,11.0,85,41,14.9,217,13.2,15.6,15.8,0.1,0.1,0.01,12.0,89.0,0.0,0.0,2.0,217.0,15.0,100210.0
2025-03-23 22:00:00,24.1559925049666,20.892123943438,0.0,2.666309523809524,10.5,83,48,9.4,228,12.5,15.4,15.8,0.0,0.0,0.0,12.0,86.0,0.0,0.0,2.0,234.0,0.0,100330.0
2025-03-23 23:00:00,23.7275981495727,20.7631102855162,0.0,2.665654761904762,10.4,82,45,9.5,236,12.0,15.2,15.8,0.0,0.0,0.01,12.0,85.0,0.0,0.0,1.0,234.0,0.0,100410.0
2025-03-24 00:00:00,24.077352680315,21.1671476993849,0.0,2.665,10.0,82,17,9.6,236,11.7,15.0,15.8,0.0,0.0,0.01,11.0,85.0,0.0,0.0,2.0,240.0,0.0,100460.0
2025-03-24 01:00:00,23.7998317339373,21.1820110317734,0.0,2.664345238095238,10.0,81,12,14.1,224,12.0,14.8,15.8,0.0,0.0,0.01,10.0,86.0,0.0,0.0,0.0,294.0,0.0,100470.0
2025-03-24 02:00:00,24.0440540416998,21.0345661486906,0.0,2.6636904761904763,9.7,80,3,14.0,216,11.4,14.6,15.8,0.0,0.0,0.02,9.0,86.0,0.0,0.0,0.0,264.0,0.0,100470.0
2025-03-24 03:00:00,24.1241192983614,20.944182004175,0.0,2.6630357142857144,9.6,78,1,15.1,219,11.1,14.4,15.8,0.0,0.0,0.02,9.0,84.0,0.0,0.0,2.0,246.0,0.0,100450.0
2025-03-24 04:00:00,23.9071234261949,20.7764763692742,0.0,2.6623809523809525,9.3,77,4,14.9,218,10.8,14.2,15.7,0.0,0.0,0.02,9.0,86.0,0.0,0.0,1.0,294.0,0.0,100430.0
2025-03-24 05:00:00,23.8555670337848,20.7442498256056,0.0,2.6617261904761906,9.1,78,4,13.3,220,10.6,14.0,15.7,0.0,0.0,0.02,8.0,86.0,0.0,0.0,2.0,246.0,0.0,100430.0
2025-03-24 06:00:00,24.0239488528784,20.9919404576332,0.0,2.6610714285714288,9.0,79,2,12.1,216,10.4,13.9,15.7,0.0,0.0,0.01,8.0,83.0,0.0,0.0,2.0,234.0,0.0,100490.0
2025-03-24 07:00:00,23.9089179314025,20.9936850648639,0.0,2.660416666666667,10.0,75,9,12.7,215,10.5,13.7,15.7,0.0,0.0,0.04,8.0,85.0,0.0,0.0,2.0,264.0,0.0,100570.0
2025-03-24 08:00:00,24.1023251851056,20.8320522157694,0.0,2.659761904761905,12.2,68,15,13.1,215,11.4,13.5,15.7,0.0,0.0,0.11,8.0,86.0,3539.0,0.0,0.0,198.0,0.0,100620.0
2025-03-24 09:00:00,23.9824556451856,20.8356975522979,0.0,2.6591071428571427,13.9,60,9,14.9,231,12.8,13.5,15.7,0.0,0.0,0.2,10.0,82.0,11870.0,0.0,2.0,276.0,0.0,100670.0
2025-03-24 10:00:00,23.9962935312094,20.7824015934539,0.0,2.658452380952381,15.4,51,16,15.1,243,14.3,13.6,15.7,0.0,0.0,0.31,13.0,73.0,45805.0,3.0,4.0,294.0,0.0,100720.0
2025-03-24 11:00:00,23.922972963023,20.7344674508759,0.0,2.657797619047619,16.5,46,2,14.5,264,15.8,13.7,15.7,0.0,0.0,0.39,16.0,60.0,69008.0,6.0,3.0,293.0,0.0,100720.0
2025-03-24 12:00:00,23.9191224184972,20.6393307212749,0.0,2.657142857142857,17.4,44,8,13.6,291,17.3,13.9,15.7,0.0,0.0,0.46,16.0,46.0,86808.0,6.0,4.0,250.0,0.0,100670.0
2025-03-24 13:00:00,23.8029200939032,20.6011446936569,0.0,2.656488095238095,17.5,43,51,10.6,307,18.5,14.2,15.6,0.1,0.1,0.46,17.0,42.0,121272.0,8.0,2.0,8.0,0.0,100660.0
2025-03-24 14:00:00,23.6038908572102,20.5014454083273,0.0,2.6558333333333333,17.0,45,57,12.0,330,18.6,14.5,15.6,0.0,0.0,0.36,17.0,55.0,96908.0,8.0,4.0,11.0,0.0,100640.0
2025-03-24 15:00:00,23.6245823426754,20.4091239584963,0.0,2.6551785714285714,16.2,50,55,12.0,328,18.4,14.8,15.6,0.0,0.0,0.29,17.0,58.0,85052.0,7.0,3.0,342.0,0.0,100620.0
2025-03-24 16:00:00,23.4039465721912,20.5468148937873,0.0,2.6545238095238095,16.0,51,47,8.5,329,18.1,15.0,15.6,0.0,0.0,0.23,17.0,52.0,68515.0,4.0,6.0,354.0,0.0,100600.0
2025-03-24 17:00:00,23.3537236613372,20.3538714018812,0.0,2.6538690476190476,15.5,52,29,5.4,347,17.5,15.2,15.6,0.0,0.0,0.15,16.0,57.0,44495.0,2.0,2.0,13.0,0.0,100610.0
2025-03-24 18:00:00,23.3581460794157,20.2192041541041,0.0,2.6532142857142857,14.0,68,4,2.2,2,16.5,15.3,15.6,0.0,0.0,0.05,16.0,52.0,9752.0,1.0,5.0,334.0,0.0,100650.0
2025-03-24 19:00:00,23.3276594371682,20.339315338855,0.0,2.652559523809524,12.4,68,15,0.9,352,15.0,15.4,15.6,0.0,0.0,0.01,15.0,61.0,4020.0,0.0,1.0,37.0,0.0,100690.0
2025-03-24 20:00:00,23.2996472963206,20.2323666763705,0.0,2.651904761904762,11.3,71,21,3.9,157,13.8,15.3,15.6,0.0,0.0,0.0,13.0,68.0,0.0,0.0,1.0,12.0,0.0,100760.0
2025-03-24 21:00:00,23.4504823496359,20.312768793191,0.0,2.65125,10.6,74,35,4.9,192,13.1,15.2,15.6,0.0,0.0,0.0,12.0,73.0,0.0,0.0,2.0,144.0,0.0,100840.0
2025-03-24 22:00:00,23.2959153250885,20.2019964614285,0.0,2.6505952380952382,9.9,77,51,6.5,211,12.5,15.0,15.6,0.0,0.0,0.0,11.0,78.0,0.0,0.0,0.0,174.0,0.0,100900.0
2025-03-24 23:00:00,23.2598633565289,20.2934772882561,0.0,2.6499404761904763,10.0,74,32,7.0,230,12.1,14.9,15.6,0.0,0.0,0.01,11.0,77.0,0.0,0.0,2.0,164.0,0.0,100910.0
2025-03-25 00:00:00,23.439454304995,20.1147931272879,0.0,2.6492857142857145,10.0,73,51,6.5,220,11.8,14.7,15.6,0.0,0.0,0.01,11.0,79.0,0.0,0.0,0.0,228.0,0.0,100920.0
2025-03-25 01:00:00,23.4163249490838,20.4428891722408,0.0,2.6486309523809526,10.8,73,67,7.0,214,12.6,14.7,15.6,0.0,0.0,0.01,11.0,80.0,0.0,0.0,0.0,240.0,0.0,100900.0
2025-03-25 02:00:00,23.3821040648843,20.2365512774265,0.0,2.6479761904761903,10.0,77,44,6.0,211,12.1,14.5,15.6,0.0,0.0,0.0,11.0,78.0,0.0,0.0,0.0,270.0,0.0,100860.0
2025-03-25 03:00:00,23.4034790114961,20.2397321638785,0.0,2.6473214285714284,9.6,78,45,3.6,234,11.5,14.4,15.6,0.0,0.0,0.0,12.0,78.0,0.0,0.0,0.0,216.0,0.0,100820.0
2025-03-25 04:00:00,23.3860995858896,20.2768263868723,0.0,2.6466666666666665,9.7,77,43,2.9,242,11.1,14.2,15.6,0.0,0.0,0.0,11.0,82.0,0.0,0.0,0.0,192.0,0.0,100780.0
2025-03-25 05:00:00,23.2228692677267,20.2039579269532,0.0,2.6460119047619046,8.7,81,10,4.7,254,10.7,14.0,15.6,0.0,0.0,0.0,10.0,85.0,0.0,0.0,0.0,192.0,0.0,100770.0
2025-03-25 06:00:00,23.3838557604178,20.3553368448342,0.0,2.6453571428571427,8.2,84,4,7.2,241,10.4,13.9,15.6,0.0,0.0,0.0,11.0,76.0,0.0,0.0,0.0,228.0,0.0,100790.0
2025-03-25 07:00:00,23.173188834993802,20.2819332022856,0.0,2.644702380952381,9.2,82,2,9.7,239,10.5,13.7,15.6,0.0,0.0,0.03,9.0,84.0,0.0,0.0,0.0,198.0,0.0,100820.0
2025-03-25 08:00:00,23.2425671053146,20.2973545331172,0.0,2.644047619047619,12.5,73,1,9.0,234,11.5,13.5,15.6,0.0,0.0,0.1,9.0,84.0,4810.0,0.0,0.0,240.0,0.0,100870.0
2025-03-25 09:00:00,23.2709021148709,20.1710825920234,0.0,2.643392857142857,14.7,63,1,11.1,239,13.1,13.5,15.5,0.0,0.0,0.21,12.0,73.0,21084.0,1.0,4.0,276.0,0.0,100910.0
2025-03-25 10:00:00,23.3319010462652,20.1643766335079,0.0,2.642738095238095,16.1,57,30,9.0,260,14.9,13.6,15.5,0.0,0.0,0.32,14.0,65.0,49342.0,3.0,2.0,252.0,0.0,100940.0
2025-03-25 11:00:00,23.0110715805693,19.914609473377,0.0,2.6420833333333333,17.1,52,13,7.0,282,16.5,13.8,15.5,0.0,0.0,0.38,16.0,55.0,72872.0,7.0,2.0,182.0,0.0,100960.0
2025-03-25 12:00:00,23.140628566492,20.1010046348979,0.0,2.6414285714285715,18.1,46,37,6.7,297,18.0,14.0,15.5,0.0,0.0,0.45,16.0,50.0,98365.0,8.0,1.0,341.0,0.0,100950.0
2025-03-25 13:00:00,22.9081020453013,19.9702520003699,0.0,2.6407738095238096,18.8,40,99,7.8,343,18.9,14.2,15.5,0.0,0.0,0.4,17.0,51.0,30166.0,3.0,0.0,343.0,0.0,100910.0
2025-03-25 14:00:00,22.8139607591345,19.9410302061639,0.0,2.6401190476190477,17.4,52,24,14.0,7,18.7,14.5,15.5,0.0,0.0,0.28,19.0,46.0,94068.0,7.0,4.0,37.0,0.0,100850.0
2025-03-25 15:00:00,22.7704444496994,19.8427827753485,0.0,2.639464285714286,17.2,54,23,13.5,7,19.0,14.8,15.5,0.0,0.0,0.36,17.0,54.0,21584.0,2.0,4.0,355.0,0.0,100820.0
2025-03-25 16:00:00,22.5437442351881,19.8697783248625,0.0,2.638809523809524,16.9,54,10,9.8,4,18.8,15.1,15.5,0.0,0.0,0.27,17.0,59.0,73412.0,5.0,5.0,42.0,0.0,100820.0
2025-03-25 17:00:00,22.6201050473759,19.920327989424,0.0,2.638154761904762,16.4,55,8,9.4,9,18.1,15.3,15.5,0.0,0.0,0.18,16.0,63.0,15933.0,1.0,2.0,355.0,0.0,100830.0
2025-03-25 18:00:00,22.569797341855,19.5267353457758,0.0,2.6374999999999997,14.4,72,1,4.5,51,17.0,15.4,15.5,0.0,0.0,0.06,17.0,62.0,19582.0,1.0,3.0,48.0,0.0,100850.0
2025-03-25 19:00:00,22.6392657794286,19.5221922880616,0.0,2.636845238095238,12.7,76,0,1.8,63,15.4,15.5,15.5,0.0,0.0,0.02,15.0,66.0,2917.0,0.0,2.0,42.0,0.0,100900.0
2025-03-25 20:00:00,22.3386912091486,19.7137623485498,0.0,2.636190476190476,11.9,77,4,1.6,105,14.2,15.4,15.5,0.0,0.0,0.0,13.0,75.0,0.0,0.0,0.0,126.0,0.0,100950.0
2025-03-25 21:00:00,22.6172220218357,19.6093563287121,0.0,2.635535714285714,10.9,79,13,3.6,178,13.2,15.3,15.5,0.0,0.0,0.0,11.0,83.0,0.0,0.0,0.0,180.0,0.0,101010.0
2025-03-25 22:00:00,22.517941637824,19.6771901314017,0.0,2.634880952380952,10.3,79,12,4.7,187,12.6,15.2,15.5,0.0,0.0,0.0,10.0,85.0,0.0,0.0,0.0,175.0,0.0,101060.0
2025-03-25 23:00:00,22.6379508291912,19.7574627991509,0.0,2.6342261904761903,9.9,79,15,5.2,203,12.1,15.0,15.5,0.0,0.0,0.0,9.0,87.0,0.0,0.0,1.0,178.0,0.0,101070.0
2025-03-26 00:00:00,22.4619500927082,19.6546946661482,0.0,2.6335714285714285,9.9,79,29,5.9,209,11.8,14.8,15.5,0.0,0.0,0.0,9.0,86.0,0.0,0.0,2.0,168.0,0.0,101080.0
2025-03-26 01:00:00,22.4846489840869,19.8116492918507,0.0,2.6329166666666666,10.5,77,17,5.9,227,12.2,14.6,15.5,0.0,0.0,0.0,10.0,82.0,0.0,0.0,1.0,178.0,0.0,101050.0
2025-03-26 02:00:00,22.4744810598829,19.6861525269087,0.0,2.6322619047619047,9.6,86,67,4.5,208,11.7,14.5,15.5,0.6,0.6,0.0,8.0,90.0,0.0,0.0,0.0,192.0,0.0,101050.0
2025-03-26 03:00:00,22.3240465538787,19.8308199263934,0.0,2.631607142857143,9.4,89,31,5.0,164,11.2,14.3,15.5,0.6,0.6,0.0,7.0,92.0,0.0,0.0,0.0,168.0,0.0,101000.0
2025-03-26 04:00:00,22.5062417081262,19.7449546937053,0.0,2.630952380952381,8.8,88,23,4.5,194,10.6,14.1,15.5,0.0,0.0,0.0,8.0,88.0,0.0,0.0,0.0,204.0,0.0,100960.0
2025-03-26 05:00:00,22.4376677664475,19.7358361308736,0.0,2.630297619047619,9.1,90,21,6.9,209,10.4,13.9,15.5,0.0,0.0,0.0,8.0,88.0,0.0,0.0,0.0,210.0,0.0,100950.0
2025-03-26 06:00:00,22.3700765762174,19.8714661726209,0.0,2.629642857142857,8.8,91,14,8.5,219,10.1,13.7,15.4,0.0,0.0,0.0,7.0,90.0,0.0,0.0,1.0,168.0,0.0,100950.0
2025-03-26 07:00:00,22.5128884382283,19.8561391937413,0.0,2.6289880952380953,9.9,87,8,11.0,226,10.2,13.5,15.4,0.0,0.0,0.02,7.0,92.0,210.0,0.0,1.0,186.0,0.0,100970.0
2025-03-26 08:00:00,22.3271129501315,19.7334234577999,0.0,2.6283333333333334,13.2,79,7,9.4,229,11.4,13.4,15.4,0.0,0.0,0.1,10.0,86.0,6157.0,0.0,2.0,210.0,0.0,100990.0
2025-03-26 09:00:00,22.3448475531231,19.6285304829954,0.0,2.6276785714285715,15.8,64,6,10.1,240,13.1,13.4,15.4,0.0,0.0,0.22,13.0,80.0,25911.0,1.0,2.0,276.0,0.0,101010.0
2025-03-26 10:00:00,22.5012649719514,19.8359642309481,0.0,2.6270238095238096,17.3,55,5,8.6,260,15.0,13.5,15.4,0.0,0.0,0.33,16.0,66.0,54652.0,5.0,3.0,285.0,0.0,101040.0
2025-03-26 11:00:00,22.1985209466743,19.5095929073646,0.0,2.6263690476190473,18.2,50,15,6.3,280,16.8,13.7,15.4,0.0,0.0,0.42,18.0,55.0,77136.0,5.0,1.0,266.0,0.0,101050.0
2025-03-26 12:00:00,22.0427532488359,19.5986607669672,25.865907958967973,2.6257142857142854,19.0,46,12,5.1,307,18.4,13.9,15.4,0.0,0.0,0.46,19.0,47.0,92006.0,7.0,2.0,342.0,0.0,100990.0
2025-03-26 13:00:00,22.0195402669113,19.595960015132,0.0,2.6250595238095236,20.0,43,0,6.8,343,20.0,14.5,15.4,0.0,0.0,0.49,20.0,41.0,98612.0,6.0,2.0,84.0,0.0,100930.0
2025-03-26 14:00:00,21.9884334336765,19.5528316849242,0.0,2.6244047619047617,20.2,43,0,9.0,356,20.7,14.9,15.4,0.0,0.0,0.48,19.0,44.0,93592.0,8.0,5.0,30.0,0.0,100840.0
2025-03-26 15:00:00,22.0583356652995,19.3479076412561,0.0,2.62375,19.6,45,4,12.0,11,20.8,15.3,15.4,0.0,0.0,0.42,20.0,45.0,80835.0,5.0,6.0,53.0,0.0,100750.0
2025-03-26 16:00:00,21.8363010347774,19.3298035114162,0.0,2.623095238095238,18.4,51,2,12.2,27,20.4,15.6,15.4,0.0,0.0,0.31,19.0,48.0,61576.0,5.0,6.0,0.0,0.0,100730.0
2025-03-26 17:00:00,21.7372387340691,19.272585792775,0.0,2.622440476190476,17.3,54,0,8.4,44,19.5,15.8,15.4,0.0,0.0,0.19,19.0,52.0,37506.0,3.0,3.0,39.0,0.0,100730.0
2025-03-26 18:00:00,21.824407376105,19.3068657037062,0.0,2.621785714285714,15.3,69,0,4.6,82,18.2,16.0,15.4,0.0,0.0,0.06,18.0,57.0,13610.0,0.0,3.0,54.0,0.0,100730.0
2025-03-26 19:00:00,21.5813404110433,19.1257645108854,0.0,2.6211309523809523,13.4,72,0,3.0,103,16.4,16.1,15.4,0.0,0.0,0.02,16.0,65.0,2235.0,0.0,2.0,60.0,0.0,100720.0
2025-03-26 20:00:00,21.8070343585987,19.288493031838,0.0,2.6204761904761904,12.0,75,0,3.6,169,15.1,16.0,15.4,0.0,0.0,0.0,14.0,72.0,0.0,0.0,1.0,102.0,0.0,100740.0
2025-03-26 21:00:00,21.6847787268508,19.3014495779397,0.0,2.6198214285714285,11.1,77,0,4.6,197,14.1,15.9,15.4,0.0,0.0,0.0,13.0,71.0,0.0,0.0,1.0,138.0,0.0,100790.0
2025-03-26 22:00:00,21.7242967740985,19.3317998399868,0.0,2.6191666666666666,10.3,78,3,4.8,218,13.3,15.8,15.4,0.0,0.0,0.0,11.0,79.0,0.0,0.0,0.0,186.0,0.0,100800.0
2025-03-26 23:00:00,21.8062790046591,19.1679541377021,0.0,2.6185119047619048,10.3,75,18,5.1,230,12.6,15.6,15.4,0.0,0.0,0.0,11.0,70.0,0.0,0.0,1.0,178.0,0.0,100780.0
2025-03-27 00:00:00,21.6119518249502,19.2392004946311,0.0,2.617857142857143,10.2,71,8,5.2,216,12.2,15.4,15.4,0.0,0.0,0.0,10.0,83.0,0.0,0.0,0.0,179.0,0.0,100780.0
2025-03-27 01:00:00,21.6280298669207,19.2692127377467,0.0,2.617202380952381,11.1,67,1,6.4,211,12.3,15.2,15.4,0.0,0.0,0.01,9.0,81.0,0.0,0.0,2.0,179.0,0.0,100740.0
2025-03-27 02:00:00,21.5531976217934,19.1952490708838,0.0,2.616547619047619,10.8,65,0,7.5,217,12.0,15.1,15.4,0.0,0.0,0.02,10.0,77.0,0.0,0.0,1.0,180.0,0.0,100700.0
2025-03-27 03:00:00,21.5687812236706,19.181822210779,0.0,2.6158928571428572,10.5,65,0,7.1,215,11.7,14.9,15.4,0.0,0.0,0.02,10.0,73.0,0.0,0.0,1.0,172.0,0.0,100630.0
2025-03-27 04:00:00,21.4468480419478,19.1069915516184,0.0,2.615238095238095,10.1,67,0,6.2,213,11.4,14.7,15.4,0.0,0.0,0.01,10.0,79.0,0.0,0.0,0.0,204.0,0.0,100580.0
2025-03-27 05:00:00,21.6171375929002,19.2341480297534,0.0,2.614583333333333,9.6,70,0,6.4,217,11.2,14.5,15.4,0.0,0.0,0.01,8.0,85.0,0.0,0.0,0.0,180.0,0.0,100540.0
2025-03-27 06:00:00,21.5201569248438,19.1881094466954,0.0,2.613928571428571,9.3,71,0,6.4,228,10.9,14.3,15.4,0.0,0.0,0.01,10.0,79.0,0.0,0.0,1.0,222.0,0.0,100550.0
2025-03-27 07:00:00,21.5761640418795,19.2590250459415,0.0,2.6132738095238093,11.1,68,0,7.0,242,11.0,14.1,15.4,0.0,0.0,0.03,9.0,78.0,743.0,0.0,1.0,192.0,0.0,100550.0
2025-03-27 08:00:00,21.342810553688,19.3633945041376,0.0,2.6126190476190474,14.6,63,0,8.2,250,12.3,14.0,15.4,0.0,0.0,0.12,12.0,68.0,8294.0,0.0,1.0,246.0,0.0,100570.0
2025-03-27 09:00:00,21.4230541599966,19.1608366723257,0.0,2.6119642857142855,17.4,53,0,8.6,265,14.1,14.0,15.4,0.0,0.0,0.25,15.0,61.0,31772.0,2.0,3.0,276.0,0.0,100580.0
2025-03-27 10:00:00,21.2913191013281,19.0990329069275,0.0,2.6113095238095236,19.5,46,0,8.6,263,16.2,14.1,15.4,0.0,0.0,0.37,17.0,51.0,60920.0,5.0,4.0,282.0,0.0,100620.0
2025-03-27 11:00:00,21.3766406859061,19.1379387828197,0.0,2.6106547619047618,21.1,40,0,9.0,257,18.1,14.3,15.4,0.0,0.0,0.48,20.0,41.0,82484.0,7.0,3.0,222.0,0.0,100570.0
2025-03-27 12:00:00,21.3576056266746,20.1559374501531,0.0,2.61,22.3,36,49,7.6,269,19.9,14.6,15.4,0.0,0.0,0.54,21.0,40.0,94192.0,8.0,3.0,297.0,0.0,100500.0
2025-03-27 13:00:00,21.5331652114203,22.1146065357933,0.0,2.6078571428571427,22.8,35,36,9.5,334,21.2,15.0,15.4,0.0,0.0,0.57,22.0,36.0,97460.0,9.0,4.0,301.0,0.0,100430.0
2025-03-27 14:00:00,21.937548284772,22.1938968917439,0.0,2.6057142857142854,21.8,41,2,15.3,1,21.8,15.4,15.4,0.0,0.0,0.52,22.0,39.0,92343.0,6.0,4.0,359.0,0.0,100370.0
2025-03-27 15:00:00,22.2728169239303,22.0834927379354,0.0,2.6035714285714286,20.9,40,38,13.9,355,21.8,15.7,15.4,0.0,0.0,0.45,21.0,43.0,78564.0,6.0,4.0,28.0,0.0,100350.0
2025-03-27 16:00:00,22.4505988055734,22.2452838419008,0.0,2.6014285714285714,20.4,40,18,10.7,353,21.4,16.1,15.4,0.0,0.0,0.34,21.0,45.0,58179.0,4.0,2.0,29.0,0.0,100340.0
2025-03-27 17:00:00,22.7377848594578,22.3388761798533,0.0,2.599285714285714,19.3,45,7,7.6,12,20.6,16.3,15.4,0.0,0.0,0.21,20.0,41.0,33399.0,2.0,4.0,18.0,0.0,100350.0
2025-03-27 18:00:00,22.744658180064,22.3908345081713,0.0,2.597142857142857,16.7,62,9,4.8,59,19.2,16.5,15.4,0.0,0.0,0.07,19.0,45.0,10782.0,1.0,2.0,30.0,0.0,100360.0
2025-03-27 19:00:00,23.2038081653095,22.2721796273802,0.0,2.5949999999999998,14.4,69,46,5.6,92,17.4,16.6,15.4,0.0,0.0,0.03,17.0,56.0,1083.0,0.0,2.0,48.0,0.0,100390.0
2025-03-27 20:00:00,23.181231084526,22.2631455748032,0.0,2.5928571428571425,13.3,70,94,4.1,151,16.1,16.6,15.4,0.0,0.0,0.0,15.0,61.0,0.0,0.0,2.0,136.0,0.0,100430.0
2025-03-27 21:00:00,23.3207923142253,22.2314666946888,0.0,2.5907142857142857,12.3,68,43,4.0,169,14.9,16.5,15.4,0.0,0.0,0.0,15.0,60.0,0.0,0.0,1.0,156.0,0.0,100500.0
2025-03-27 22:00:00,23.4306488664332,22.4359827202916,0.0,2.5885714285714285,11.6,65,63,4.5,183,14.1,16.4,15.4,0.0,0.0,0.01,13.0,64.0,0.0,0.0,0.0,180.0,0.0,100490.0
2025-03-27 23:00:00,23.3824967698731,22.2090878970025,0.0,2.5864285714285713,11.0,64,34,4.8,204,13.4,16.2,15.4,0.0,0.0,0.01,12.0,67.0,0.0,0.0,0.0,210.0,0.0,100530.0
2025-03-28 00:00:00,23.3312659653316,22.2915001412219,0.0,2.584285714285714,10.9,63,10,4.8,230,12.8,16.0,15.4,0.0,0.0,0.01,9.0,77.0,0.0,0.0,1.0,172.0,0.0,100500.0
2025-03-28 01:00:00,23.317762294164,22.1771588673966,0.0,2.582142857142857,11.4,59,14,4.4,237,12.4,15.8,15.4,0.0,0.0,0.01,10.0,73.0,0.0,0.0,0.0,30.0,0.0,100470.0
2025-03-28 02:00:00,23.5923524597434,22.2063550036266,0.0,2.58,11.0,59,1,4.8,233,11.9,15.6,15.4,0.0,0.0,0.01,8.0,79.0,0.0,0.0,0.0,174.0,0.0,100450.0
2025-03-28 03:00:00,23.6705247754423,22.2827519378535,0.0,2.577857142857143,10.4,61,1,4.2,229,11.5,15.4,15.4,0.0,0.0,0.01,8.0,77.0,0.0,0.0,0.0,168.0,0.0,100380.0
2025-03-28 04:00:00,23.3431778995037,22.2105468862617,0.0,2.5757142857142856,9.8,64,0,4.1,218,11.2,15.1,15.4,0.0,0.0,0.0,7.0,84.0,0.0,0.0,0.0,186.0,0.0,100350.0
2025-03-28 05:00:00,23.754422175487,22.3374804579615,0.0,2.5735714285714284,9.5,66,0,4.6,214,10.9,14.9,15.4,0.0,0.0,0.0,8.0,81.0,0.0,0.0,0.0,180.0,0.0,100360.0
2025-03-28 06:00:00,23.5368046956428,22.1078327724285,0.0,2.571428571428571,9.3,67,0,4.6,223,10.7,14.7,15.4,0.0,0.0,0.0,8.0,77.0,0.0,0.0,1.0,216.0,0.0,100370.0
2025-03-28 07:00:00,23.6031714460951,22.3985677105038,0.0,2.5692857142857144,11.4,65,0,5.8,235,10.9,14.5,15.4,0.0,0.0,0.03,6.0,84.0,1935.0,0.0,0.0,180.0,0.0,100400.0
2025-03-28 08:00:00,23.7405037625715,22.2720337692371,0.0,2.567142857142857,15.0,59,0,6.4,249,12.3,14.3,15.4,0.0,0.0,0.12,13.0,66.0,11848.0,0.0,0.0,228.0,0.0,100440.0
2025-03-28 09:00:00,23.6564464004861,22.304383093742,0.0,2.565,18.0,47,0,3.3,265,14.4,14.3,15.4,0.0,0.0,0.24,16.0,55.0,37503.0,2.0,2.0,317.0,0.0,100480.0
2025-03-28 10:00:00,23.6449753053602,21.8904704229822,0.0,2.5628571428571427,19.9,41,0,2.3,297,16.6,14.4,15.4,0.0,0.0,0.37,19.0,43.0,66408.0,7.0,2.0,348.0,0.0,100520.0
2025-03-28 11:00:00,23.7766620072078,21.8560544963046,0.0,2.5607142857142855,21.3,40,0,3.5,299,18.8,14.6,15.4,0.0,0.0,0.47,20.0,40.0,86424.0,6.0,0.0,210.0,0.0,100550.0
2025-03-28 12:00:00,23.6733265747129,21.7603827209168,0.0,2.5585714285714283,22.4,38,0,6.4,344,20.6,14.9,15.4,0.0,0.0,0.54,21.0,38.0,96526.0,7.0,2.0,282.0,0.0,100510.0
2025-03-28 13:00:00,23.6096107254954,21.6435119898819,0.0,2.5564285714285715,22.8,39,0,12.8,358,21.7,15.3,15.4,0.0,0.0,0.56,22.0,37.0,98336.0,7.0,2.0,180.0,0.0,100490.0
2025-03-28 14:00:00,23.672937855368,21.3937496464346,0.0,2.5542857142857143,21.9,41,0,14.9,359,22.1,15.7,15.4,0.0,0.0,0.52,21.0,51.0,90924.0,8.0,6.0,17.0,0.0,100460.0
2025-03-28 15:00:00,23.4621242031402,21.0367480165966,0.0,2.552142857142857,22.1,37,0,10.7,351,22.3,16.1,15.4,0.0,0.0,0.46,21.0,46.0,75720.0,5.0,2.0,84.0,0.0,100430.0
2025-03-28 16:00:00,23.4454699498398,21.0186423219067,0.0,2.55,21.3,38,0,11.2,3,21.9,16.4,15.4,0.0,0.0,0.36,21.0,43.0,54268.0,3.0,4.0,355.0,0.0,100420.0
2025-03-28 17:00:00,23.6039213655727,21.2391163306676,0.0,2.5478571428571426,19.9,44,0,7.8,22,21.0,16.7,15.4,0.0,0.0,0.22,21.0,34.0,29610.0,2.0,4.0,358.0,0.0,100410.0
2025-03-28 18:00:00,23.4595386078352,21.0434792761635,0.0,2.545714285714286,16.9,61,0,5.0,76,19.6,16.8,15.4,0.0,0.0,0.08,19.0,44.0,8003.0,0.0,4.0,7.0,0.0,100470.0
2025-03-28 19:00:00,23.2386535003698,21.0972179621959,0.0,2.5435714285714286,14.4,67,0,6.3,115,17.7,16.9,15.4,0.0,0.0,0.04,17.0,45.0,507.0,0.0,2.0,354.0,0.0,100510.0
2025-03-28 20:00:00,23.1420613094007,21.0821500174103,0.0,2.5414285714285714,12.9,70,1,4.8,148,16.3,16.9,15.4,0.0,0.0,0.0,13.0,61.0,0.0,0.0,1.0,169.0,0.0,100540.0
2025-03-28 21:00:00,23.3626032155109,21.2218340673605,0.0,2.539285714285714,11.9,71,0,4.5,176,15.2,16.8,15.4,0.0,0.0,0.0,13.0,60.0,0.0,0.0,2.0,140.0,0.0,100610.0
2025-03-28 22:00:00,23.3928088389336,20.9824848097268,0.0,2.537142857142857,11.9,65,0,5.5,194,14.3,16.6,15.5,0.0,0.0,0.01,12.0,67.0,0.0,0.0,0.0,173.0,0.0,100620.0
2025-03-28 23:00:00,23.2997661804441,21.0465237171838,0.0,2.5349999999999997,12.0,57,0,6.5,196,13.6,16.5,15.5,0.0,0.0,0.02,9.0,73.0,0.0,0.0,1.0,154.0,0.0,100660.0
2025-03-29 00:00:00,23.3579251890214,21.117670156122,0.0,2.532857142857143,11.9,55,0,6.7,200,13.1,16.3,15.5,0.0,0.0,0.03,10.0,71.0,0.0,0.0,0.0,184.0,0.0,100670.0
2025-03-29 01:00:00,23.521661985434,21.007441121334,0.0,2.5307142857142857,12.6,51,0,7.4,207,13.0,16.0,15.5,0.0,0.0,0.03,10.0,67.0,0.0,0.0,1.0,180.0,0.0,100670.0
2025-03-29 02:00:00,23.3358280940871,20.948926986992,0.0,2.5285714285714285,12.2,55,0,8.0,215,12.7,15.8,15.5,0.0,0.0,0.03,11.0,63.0,0.0,0.0,2.0,175.0,0.0,100660.0
2025-03-29 03:00:00,23.3226538534154,20.8771729747872,0.0,2.5264285714285712,11.9,58,0,9.3,217,12.5,15.6,15.5,0.0,0.0,0.03,12.0,57.0,0.0,0.0,1.0,210.0,0.0,100640.0
2025-03-29 04:00:00,23.3060161908667,20.8323822764537,0.0,2.524285714285714,11.5,61,0,9.2,213,12.3,15.5,15.5,0.0,0.0,0.03,12.0,58.0,0.0,0.0,0.5,222.0,0.0,100620.0
2025-03-29 05:00:00,23.2227377105353,20.9947525587583,0.0,2.5221428571428572,11.1,64,0,8.5,213,12.1,15.3,15.5,0.0,0.0,0.02,12.0,59.0,0.0,0.0,0.0,234.0,0.0,100600.0
2025-03-29 06:00:00,23.3431600902466,21.0388652123553,0.0,2.52,10.8,65,0,9.2,206,11.9,15.1,15.5,0.0,0.0,0.03,10.0,67.0,0.0,0.0,2.0,186.0,0.0,100580.0
2025-03-29 07:00:00,23.2760872752264,20.8564031094005,0.0,2.517857142857143,12.4,63,0,10.9,207,12.1,14.9,15.5,0.0,0.0,0.06,9.0,68.0,0.0,0.0,1.0,172.0,0.0,100610.0
2025-03-29 08:00:00,23.1311648805635,21.0742387702748,0.0,2.5157142857142856,16.5,55,0,10.3,224,13.3,14.8,15.5,0.0,0.0,0.15,12.0,60.0,3471.0,0.0,1.0,204.0,0.0,100660.0
2025-03-29 09:00:00,23.3410617864476,20.8979164597706,0.0,2.5135714285714283,20.2,43,0,8.3,222,15.3,14.8,15.5,0.0,0.0,0.29,14.0,54.0,16800.0,1.0,2.0,234.0,0.0,100670.0
2025-03-29 10:00:00,23.0893923970752,20.6358675267605,0.0,2.511428571428571,22.2,36,0,4.7,229,17.5,14.9,15.5,0.0,0.0,0.4,18.0,44.0,45332.0,2.0,2.0,218.0,0.0,100680.0
2025-03-29 11:00:00,23.1349629890551,20.6252456521828,0.0,2.5092857142857143,23.3,34,0,2.2,261,19.7,15.1,15.5,0.0,0.0,0.49,21.0,37.0,71343.0,6.0,2.0,332.0,0.0,100700.0
2025-03-29 12:00:00,23.025911965235,20.4507476440132,0.0,2.507142857142857,24.2,33,0,1.8,265,21.6,15.5,15.5,0.0,0.0,0.56,22.0,35.0,80981.0,7.0,2.0,240.0,0.0,100660.0
2025-03-29 13:00:00,22.9617494034463,20.5554820047838,0.0,2.505,25.6,27,0,5.3,286,22.5,15.8,15.5,0.0,0.0,0.6,24.0,32.0,97897.0,6.0,3.0,268.0,0.0,100640.0
2025-03-29 14:00:00,22.8556809833629,20.1828241142903,0.0,2.5028571428571427,25.6,28,0,7.8,347,23.5,16.2,15.5,0.0,0.0,0.57,25.0,30.0,98020.0,7.0,2.0,27.0,0.0,100550.0
2025-03-29 15:00:00,22.6844527385125,20.2485798483596,0.0,2.5007142857142854,24.6,34,0,11.1,8,23.7,16.6,15.5,0.0,0.0,0.5,26.0,29.0,90561.0,6.0,4.0,294.0,0.0,100450.0
2025-03-29 16:00:00,22.5969734409354,20.2311269786503,0.0,2.4985714285714287,23.7,38,0,9.6,20,23.3,16.9,15.5,0.0,0.0,0.38,24.0,32.0,73710.0,6.0,4.0,8.0,0.0,100350.0
2025-03-29 17:00:00,22.6197197309917,20.0119472229819,0.0,2.4964285714285714,22.0,44,0,9.5,34,22.4,17.2,15.5,0.0,0.0,0.24,24.0,32.0,50896.0,4.0,4.0,40.0,0.0,100250.0
2025-03-29 18:00:00,22.3809937627091,19.941795742034,0.0,2.494285714285714,18.8,57,0,6.4,57,20.9,17.4,15.5,0.0,0.0,0.09,24.0,34.0,25309.0,2.0,3.0,13.0,0.0,100220.0
2025-03-29 19:00:00,22.5518635358565,19.9560526042501,0.0,2.492142857142857,16.0,68,0,7.2,86,19.0,17.5,15.5,0.0,0.0,0.04,21.0,47.0,5326.0,0.0,3.0,36.0,0.0,100260.0
2025-03-29 20:00:00,22.6730991195357,20.0204054187545,0.0,2.4899999999999998,14.5,69,0,6.5,103,17.5,17.5,15.5,0.0,0.0,0.01,17.0,59.0,172.0,0.0,2.0,94.0,0.0,100320.0
2025-03-29 21:00:00,22.5249888750132,20.1070776269538,0.0,2.487857142857143,14.5,59,0,2.0,112,16.1,17.5,15.5,0.0,0.0,0.0,15.0,65.0,0.0,0.0,3.0,84.0,0.0,100390.0
2025-03-29 22:00:00,22.5430937663009,20.0951215641435,0.0,2.4857142857142858,14.5,54,0,1.5,103,15.0,17.3,15.5,0.0,0.0,0.0,15.0,60.0,0.0,0.0,1.0,137.0,0.0,100400.0
2025-03-29 23:00:00,22.5832230395483,20.0263874285903,0.0,2.4835714285714285,14.3,49,0,2.2,121,14.1,17.1,15.6,0.0,0.0,0.0,12.0,70.0,0.0,0.0,0.0,285.0,0.0,100410.0
2025-03-30 00:00:00,22.5638845271051,19.8646238115131,0.0,2.4814285714285713,13.9,46,0,1.9,109,13.4,16.9,15.6,0.0,0.0,0.0,10.0,79.0,0.0,0.0,0.0,167.0,0.0,100450.0
2025-03-30 01:00:00,22.4412667307506,20.0400608294534,0.0,2.479285714285714,13.3,43,0,2.3,110,12.6,16.7,15.6,0.0,0.0,0.0,10.0,78.0,0.0,0.0,0.0,198.0,0.0,100450.0
2025-03-30 02:00:00,22.3708806851287,19.986539255366047,0.0,2.477142857142857,13.3,44,0,1.1,84,12.2,16.4,15.6,0.0,0.0,0.0,9.0,78.0,0.0,0.0,0.0,204.0,0.0,100410.0
2025-03-30 03:00:00,22.3004946395068,19.9330176812787,0.0,2.475,12.1,50,0,5.2,68,11.8,16.1,15.6,0.0,0.0,0.02,8.5,80.0,0.0,0.0,0.0,158.5,0.0,100420.0
2025-03-30 04:00:00,22.4130998273281,19.7765304885751,0.0,2.472857142857143,11.8,52,0,2.5,75,11.4,15.9,15.6,0.0,0.0,0.0,8.0,82.0,0.0,0.0,0.0,113.0,0.0,100430.0
2025-03-30 05:00:00,22.4732314263329,20.0663582282335,0.0,2.4707142857142856,12.0,51,0,2.2,71,11.1,15.6,15.6,0.0,0.0,0.0,7.0,76.0,0.0,0.0,1.0,168.0,0.0,100360.0
2025-03-30 06:00:00,22.2963557595413,19.8664264374853,0.0,2.4685714285714284,11.8,52,0,2.3,64,10.7,15.3,15.6,0.0,0.0,0.0,7.0,79.0,0.0,0.0,0.0,126.0,0.0,100350.0
2025-03-30 07:00:00,22.5523499260546,19.8813928915426,0.0,2.466428571428571,13.1,58,0,1.5,52,11.1,15.1,15.6,0.0,0.0,0.02,7.0,79.0,0.0,0.0,1.0,90.0,0.0,100380.0
2025-03-30 08:00:00,22.3050362503634,19.8433813810197,0.0,2.4642857142857144,16.1,53,0,4.6,38,12.8,14.9,15.6,0.0,0.0,0.13,8.0,81.0,0.0,0.0,0.0,176.0,0.0,100420.0
2025-03-30 09:00:00,22.0513351734922,19.7798995731931,0.0,2.462142857142857,18.3,54,0,8.7,28,14.8,14.9,15.6,0.0,0.0,0.26,8.0,81.0,4776.0,0.0,1.0,276.0,0.0,100490.0
2025-03-30 10:00:00,22.3013152020678,19.9176134824859,0.0,2.46,20.4,43,0,12.9,38,16.9,15.0,15.6,0.0,0.0,0.4,12.0,71.0,21072.0,1.0,1.0,300.0,0.0,100570.0
2025-03-30 11:00:00,22.3448919376579,19.7448385535433,0.0,2.4578571428571427,21.4,37,0,17.0,44,18.7,15.1,15.6,0.0,0.0,0.5,17.0,54.0,50768.0,4.0,0.0,114.0,0.0,100630.0
2025-03-30 12:00:00,21.9961091083219,19.7977821075693,0.0,2.4557142857142855,21.5,32,0,21.9,45,20.1,15.4,15.6,0.0,0.0,0.56,20.0,45.0,75427.0,6.0,2.0,32.0,0.0,100630.0
2025-03-30 13:00:00,21.9730425434691,19.6891574739572,0.0,2.4535714285714283,21.0,33,0,23.3,50,20.8,15.7,15.6,0.0,0.0,0.56,21.0,46.0,90377.0,7.0,5.0,12.0,0.0,100610.0
2025-03-30 14:00:00,21.9850689193194,19.861398281086,0.0,2.4514285714285715,20.1,37,0,23.2,50,21.2,16.0,15.6,0.0,0.0,0.52,21.0,44.0,97065.0,7.0,4.0,33.0,0.0,100610.0
2025-03-30 15:00:00,21.9665959605514,19.6055386042386,0.0,2.4492857142857143,19.5,38,0,22.9,53,21.2,16.3,15.6,0.0,0.0,0.45,21.0,44.0,94676.0,8.0,4.0,36.0,0.0,100650.0
2025-03-30 16:00:00,21.8546868107781,19.482738507621,0.0,2.447142857142857,18.5,45,0,20.9,54,20.8,16.5,15.6,0.0,0.0,0.35,20.0,40.0,86022.0,4.0,6.0,48.0,0.0,100610.0
2025-03-30 17:00:00,21.8953285285171,19.5276679290998,0.0,2.445,17.3,53,0,19.3,54,19.9,16.7,15.6,0.0,0.0,0.23,20.0,40.0,69151.0,3.0,4.0,60.0,0.0,100610.0
2025-03-30 18:00:00,21.8616300630802,19.47872646505185,0.0,2.4428571428571426,15.8,64,0,14.6,59,18.7,16.8,15.6,0.0,0.0,0.1,19.0,46.0,46498.0,3.0,5.0,67.0,0.0,100630.0
2025-03-30 19:00:00,21.7136592567777,19.4297850010039,0.0,2.440714285714286,14.2,72,0,9.9,64,17.3,16.9,15.6,0.0,0.0,0.04,19.0,47.0,21269.0,1.0,6.0,90.0,0.0,100680.0
2025-03-30 20:00:00,21.7116701907594,19.4035270091986,0.0,2.4385714285714286,12.6,82,0,5.7,67,16.0,16.8,15.6,0.0,0.0,0.0,17.0,55.0,4408.0,0.0,4.0,60.0,0.0,100740.0
2025-03-30 21:00:00,21.6387243482333,19.286828113269,0.0,2.4364285714285714,12.5,82,0,1.8,55,14.8,16.7,15.6,0.0,0.0,0.0,14.0,64.0,0.0,0.0,3.0,92.0,0.0,100800.0
2025-03-30 22:00:00,21.5109294905205,19.6158604728858,0.0,2.434285714285714,12.0,84,0,0.8,37,13.7,16.6,15.6,0.0,0.0,0.0,14.0,74.0,0.0,0.0,3.0,60.0,0.0,100820.0
2025-03-30 23:00:00,21.8231668829664,19.6375105218249,0.0,2.432142857142857,11.1,86,0,0.4,28,12.9,16.4,15.6,0.0,0.0,0.0,11.0,82.0,0.0,0.0,0.0,156.0,0.0,100830.0
2025-03-31 00:00:00,21.657002674771,19.4520212821561,0.0,2.43,10.0,87,0,3.2,315,12.2,16.1,15.6,0.0,0.0,0.0,9.0,88.0,0.0,0.0,0.0,288.0,0.0,100830.0
2025-03-31 01:00:00,21.6482085838221,19.4644480466949,0.0,2.427857142857143,9.9,89,0,6.4,275,12.1,15.9,15.6,0.0,0.0,0.0,8.0,88.0,0.0,0.0,1.0,172.0,0.0,100810.0
2025-03-31 02:00:00,21.4639168864187,19.5180581203224,0.0,2.4257142857142857,9.1,93,0,8.7,265,11.8,15.7,15.6,0.0,0.0,0.0,10.0,81.0,0.0,0.0,1.0,204.0,0.0,100790.0
2025-03-31 03:00:00,21.5853140671778,19.4911767010378,0.0,2.4235714285714285,8.0,94,0,5.0,269,11.4,15.5,15.6,0.0,0.0,0.0,8.0,86.0,0.0,0.0,0.0,192.0,0.0,100770.0
2025-03-31 04:00:00,21.5257337860331,19.4467919570597,0.0,2.4214285714285713,7.5,88,0,3.5,258,10.8,15.2,15.6,0.0,0.0,0.0,8.0,89.0,0.0,0.0,0.0,186.0,0.0,100700.0
2025-03-31 05:00:00,21.4230699762807,19.4732097377616,0.0,2.419285714285714,7.8,81,0,3.9,267,10.3,15.0,15.6,0.0,0.0,0.0,7.0,91.0,0.0,0.0,0.0,174.0,0.0,100660.0
2025-03-31 06:00:00,21.387862515572,19.5505351575502,0.0,2.4171428571428573,7.9,77,0,1.7,285,9.9,14.7,15.6,0.0,0.0,0.0,8.0,92.0,0.0,0.0,0.0,198.0,0.0,100640.0
2025-03-31 07:00:00,21.5819103997446,19.6145934806768,0.0,2.415,10.3,67,0,0.7,16,10.2,14.5,15.6,0.0,0.0,0.01,6.0,92.0,0.0,0.0,0.0,142.0,0.0,100620.0
2025-03-31 08:00:00,21.4361206431836,19.5083785210924,0.0,2.412857142857143,13.7,63,0,4.4,23,11.7,14.3,15.6,0.0,0.0,0.12,5.0,92.0,236.0,0.0,0.0,174.0,0.0,100590.0
2025-03-31 09:00:00,21.3608239417984,19.26823659204,0.0,2.4107142857142856,16.0,56,0,7.2,23,13.7,14.2,15.6,0.0,0.0,0.25,7.0,89.0,6084.0,0.0,0.0,168.0,0.0,100600.0
2025-03-31 10:00:00,21.4528923059865,19.3558221346315,0.0,2.4085714285714284,17.7,50,0,9.9,26,15.8,14.3,15.6,0.0,0.0,0.37,13.0,78.0,26784.0,2.0,1.0,258.0,0.0,100600.0
2025-03-31 11:00:00,21.2895826899169,19.3006521881652,0.0,2.4064285714285716,19.4,46,0,11.0,23,17.8,14.5,15.6,0.0,0.0,0.47,16.0,66.0,57000.0,5.0,1.0,65.0,0.0,100580.0
2025-03-31 12:00:00,21.3527367503275,19.1129529525744,0.0,2.4042857142857144,20.6,44,0,12.5,24,19.5,14.7,15.6,0.0,0.0,0.53,18.0,56.0,79480.0,6.0,0.0,58.0,0.0,100570.0
2025-03-31 13:00:00,21.1013441176388,19.3359197456412,0.0,2.402142857142857,20.8,45,0,12.2,30,20.4,15.0,15.6,0.0,0.0,0.54,21.0,48.0,94273.0,6.0,3.0,66.0,0.0,100490.0
2025-03-31 14:00:00,21.1673859142636,19.1648974235318,0.0,2.4,20.8,43,0,13.4,36,21.2,15.4,15.6,0.0,0.0,0.51,21.0,53.0,99777.0,8.0,3.0,14.0,0.0,100410.0
2025-03-31 15:00:00,21.1891032358224,19.068141740457,0.0,2.3978571428571427,20.4,45,14,14.1,37,21.4,15.7,15.6,0.0,0.0,0.44,21.0,46.0,95389.0,9.0,4.0,23.0,0.0,100350.0
2025-03-31 16:00:00,21.1072130356474,19.0955828596054,0.0,2.3957142857142855,19.7,48,0,13.0,36,21.1,16.0,15.6,0.0,0.0,0.34,21.0,44.0,84276.0,6.0,4.0,71.0,0.0,100290.0
2025-03-31 17:00:00,21.2751910305056,18.8710331203329,0.0,2.3935714285714287,18.5,54,0,11.5,36,20.3,16.3,15.6,0.0,0.0,0.22,21.0,45.0,66122.0,5.0,4.0,42.0,0.0,100220.0
2025-03-31 18:00:00,20.9754984030062,19.0883802990547,0.0,2.3914285714285715,16.2,69,0,5.6,36,19.0,16.4,15.6,0.0,0.0,0.07,20.0,56.0,41929.0,2.0,4.0,32.0,0.0,100210.0
2025-03-31 19:00:00,21.0607437726938,19.0630160983968,0.0,2.3892857142857142,13.7,81,0,2.3,33,17.1,16.5,15.6,0.0,0.0,0.01,19.0,56.0,16920.0,1.0,4.0,27.0,0.0,100190.0
2025-03-31 20:00:00,21.1259141747151,18.9706142622301,0.0,2.387142857142857,13.0,85,0,1.3,14,15.6,16.5,15.6,0.0,0.0,0.0,17.0,64.0,3271.0,0.0,3.0,42.0,0.0,100180.0
2025-03-31 21:00:00,20.9709746011649,18.9309026455201,0.0,2.385,12.0,87,20,2.4,315,14.5,16.4,15.6,0.0,0.0,0.0,14.0,80.0,0.0,0.0,1.0,60.0,0.0,100180.0
2025-03-31 22:00:00,20.9246206866779,19.0530719581459,0.0,2.382857142857143,11.4,85,70,2.6,274,13.6,16.2,15.6,0.0,0.0,0.0,12.0,86.0,0.0,0.0,0.0,198.0,0.0,100210.0
2025-03-31 23:00:00,20.9140997503073,19.1925414200404,0.0,2.380714285714286,11.1,83,79,3.1,253,12.8,16.0,15.6,0.0,0.0,0.0,10.0,85.0,0.0,0.0,0.0,178.0,0.0,100230.0
2025-04-01 00:00:00,20.8563787538478,19.2393742057496,0.0,2.3785714285714286,11.0,81,98,3.2,236,12.2,15.8,15.6,0.0,0.0,0.0,10.0,87.0,0.0,0.0,0.0,168.0,0.0,100210.0
2025-04-01 01:00:00,20.7625919224586,19.1390767056918,0.0,2.3764285714285713,10.6,83,98,6.0,240,11.7,15.7,15.6,0.0,0.0,0.0,9.0,92.0,0.0,0.0,0.0,177.0,0.0,100170.0
2025-04-01 02:00:00,21.0588896996553,18.7972961288466,0.0,2.374285714285714,10.4,85,99,6.1,251,11.6,15.4,15.6,0.0,0.0,0.0,8.0,94.0,0.0,0.0,0.0,192.0,0.0,100160.0
2025-04-01 03:00:00,20.691096904747,19.1288316473218,0.0,2.372142857142857,10.4,81,98,3.6,245,11.3,15.2,15.6,0.0,0.0,0.0,8.0,95.0,0.0,0.0,0.0,167.0,0.0,100130.0
2025-04-01 04:00:00,20.8983307143957,19.0469965546338,0.0,2.37,10.5,78,100,2.7,247,11.0,15.0,15.6,0.0,0.0,0.0,9.0,95.0,0.0,0.0,0.0,180.0,0.0,100110.0
2025-04-01 05:00:00,20.8942648895845,19.1027100752802,0.0,2.367857142857143,10.1,78,99,3.9,222,10.7,14.8,15.6,0.0,0.0,0.0,8.0,95.0,0.0,0.0,0.0,173.0,0.0,100070.0
2025-04-01 06:00:00,20.8155677327069,19.0370769759558,0.0,2.3657142857142857,10.0,78,100,3.0,236,10.5,14.5,15.6,0.0,0.0,0.0,8.0,94.0,0.0,0.0,0.0,174.0,0.0,100000.0
2025-04-01 07:00:00,20.9793160638701,18.9271786669285,0.0,2.3635714285714284,11.7,77,100,3.3,280,10.9,14.3,15.6,0.0,0.0,0.02,8.0,95.0,0.0,0.0,0.0,156.0,0.0,100000.0
2025-04-01 08:00:00,20.6786651056782,18.9212264996462,0.0,2.361428571428571,14.6,69,100,3.6,255,12.3,14.2,15.6,0.0,0.0,0.1,8.0,95.0,640.0,0.0,0.0,198.0,0.0,99940.0
2025-04-01 09:00:00,20.7609852498463,19.0176111825217,0.0,2.3592857142857144,16.8,58,100,1.1,333,14.2,14.2,15.6,0.0,0.0,0.21,11.0,95.0,8727.0,0.0,0.0,180.0,0.0,99940.0
2025-04-01 10:00:00,20.6290467478974,19.00856254211,0.0,2.357142857142857,18.6,52,20,4.3,356,16.3,14.3,15.6,0.0,0.0,0.34,14.0,83.0,34778.0,2.0,0.0,276.0,0.0,99970.0
2025-04-01 11:00:00,20.6463925226174,19.0404773415325,0.0,2.355,20.2,49,40,7.0,355,18.4,14.5,15.6,0.0,0.0,0.47,17.0,62.0,44349.0,4.0,2.0,112.0,0.0,99970.0
2025-04-01 12:00:00,20.3588205992344,18.9461768056735,0.0,2.3528571428571428,21.0,44,22,11.1,339,20.0,14.8,15.6,0.0,0.0,0.53,19.0,59.0,73895.0,5.0,1.0,44.0,0.0,99970.0
2025-04-01 13:00:00,20.7130728974489,19.0221740413381,0.0,2.3507142857142855,21.2,42,39,13.3,339,20.9,15.2,15.6,0.0,0.0,0.54,19.0,51.0,67438.0,5.0,2.0,351.0,0.0,99930.0
2025-04-01 14:00:00,20.5899302500727,18.8490222521107,0.0,2.3485714285714288,21.1,43,25,11.8,337,21.5,15.6,15.6,0.0,0.0,0.51,20.0,42.0,91157.0,7.0,5.0,6.0,0.0,99870.0
2025-04-01 15:00:00,20.4757544917788,18.9362172652858,0.0,2.3464285714285715,20.4,48,3,9.5,336,21.7,15.9,15.6,0.0,0.0,0.43,20.0,41.0,93520.0,6.0,2.0,1.0,0.0,99800.0
2025-04-01 16:00:00,20.3138608138969,18.734292631705,0.0,2.3442857142857143,19.9,50,6,7.1,344,21.5,16.3,15.6,0.0,0.0,0.32,20.0,52.0,79752.0,7.0,4.0,27.0,0.0,99770.0
2025-04-01 17:00:00,20.5067560236363,18.9177365918886,0.0,2.342142857142857,19.6,54,10,3.4,321,20.8,16.5,15.6,0.0,0.0,0.19,20.0,56.0,59582.0,3.0,5.0,27.0,0.0,99700.0
2025-04-01 18:00:00,20.6309735495989,18.9012498411011,0.0,2.34,17.4,73,30,2.8,43,19.6,16.7,15.6,0.0,0.0,0.07,19.0,59.0,35398.0,1.0,2.0,53.0,0.0,99660.0
2025-04-01 19:00:00,20.527006333923,18.7986935391612,0.0,2.3378571428571426,15.2,77,70,3.6,132,17.9,16.8,15.6,0.0,0.0,0.02,19.0,65.0,13007.0,1.0,2.0,343.0,0.0,99650.0
2025-04-01 20:00:00,20.3383034644283,18.7591358811369,0.0,2.335714285714286,14.5,74,100,3.8,169,16.7,16.8,15.6,0.0,0.0,0.0,16.0,81.0,1403.0,0.0,2.0,37.0,0.0,99660.0
2025-04-01 21:00:00,20.3971713039757,18.6696991223502,0.0,2.3335714285714286,14.2,71,98,4.0,202,15.9,16.8,15.6,0.0,0.0,0.0,15.0,86.0,0.0,0.0,0.0,102.0,0.0,99650.0
2025-04-01 22:00:00,20.2462620581597,18.7665294100413,0.0,2.3314285714285714,13.9,70,21,4.9,207,15.2,16.7,15.6,0.0,0.0,0.01,15.0,86.0,0.0,0.0,2.0,144.0,0.0,99680.0
2025-04-01 23:00:00,20.3429207237109,18.7025684162437,0.0,2.329285714285714,13.5,72,1,6.0,214,14.6,16.5,15.6,0.0,0.0,0.01,14.0,85.0,0.0,0.0,1.0,186.0,0.0,99670.0
2025-04-02 00:00:00,20.2729327899559,18.6861782761813,0.0,2.327142857142857,13.2,75,0,5.6,212,14.1,16.4,15.6,0.0,0.0,0.0,14.0,84.0,0.0,0.0,1.0,282.0,0.0,99610.0
2025-04-02 01:00:00,20.1461988073419,18.796120405071,0.0,2.325,13.4,75,6,2.0,212,13.9,16.2,15.6,0.0,0.0,0.0,11.0,89.0,0.0,0.0,1.0,174.0,0.0,99600.0
2025-04-02 02:00:00,20.3870500298222,18.8037896851437,0.0,2.322857142857143,13.1,77,1,2.0,135,13.5,16.1,15.6,0.0,0.0,0.0,12.0,91.0,0.0,0.0,0.0,198.0,0.0,99560.0
2025-04-02 03:00:00,20.1803021464611,18.728866442398,0.0,2.3207142857142857,12.1,82,0,3.6,137,13.1,15.9,15.6,0.0,0.0,0.0,12.0,87.0,0.0,0.0,0.0,168.0,0.0,99520.0
2025-04-02 04:00:00,20.4302469607583,18.7100043746061,0.0,2.3185714285714285,11.3,85,0,3.5,159,12.8,15.7,15.6,0.0,0.0,0.0,12.0,88.0,0.0,0.0,1.0,186.0,0.0,99440.0
2025-04-02 05:00:00,20.1732905504444,18.8732243027296,0.0,2.3164285714285713,10.8,87,0,3.5,191,12.5,15.6,15.6,0.0,0.0,0.0,13.0,84.0,0.0,0.0,0.0,178.0,0.0,99370.0
2025-04-02 06:00:00,20.3338846111613,18.7276761877899,0.0,2.314285714285714,10.6,86,0,3.3,175,12.3,15.4,15.6,0.0,0.0,0.0,12.0,87.0,0.0,0.0,0.0,134.0,0.0,99340.0
2025-04-02 07:00:00,20.1499452007842,18.8024974868657,0.0,2.3121428571428573,12.8,79,1,6.9,247,12.6,15.2,15.6,0.0,0.0,0.03,12.0,84.0,0.0,0.0,1.0,186.0,0.0,99340.0
2025-04-02 08:00:00,20.0659323958982,18.8327147257579,0.0,2.31,17.2,68,21,3.1,261,14.0,15.1,15.6,0.0,0.0,0.13,12.0,80.0,2125.0,0.0,1.0,204.0,0.0,99370.0
2025-04-02 09:00:00,20.1241855981348,18.7064679758282,0.0,2.307857142857143,19.9,57,39,3.1,14,16.1,15.1,15.6,0.0,0.0,0.26,16.0,73.0,12826.0,0.0,0.0,192.0,0.0,99400.0
2025-04-02 10:00:00,20.0898868147477,18.5923422085367,0.0,2.3057142857142856,21.7,53,7,3.6,21,18.3,15.3,15.6,0.0,0.0,0.39,19.0,60.0,37020.0,2.0,0.0,240.0,0.0,99430.0
2025-04-02 11:00:00,20.059913126378,18.7978598991027,0.0,2.3035714285714284,23.0,50,7,5.7,22,20.3,15.5,15.6,0.0,0.0,0.49,21.0,52.0,66066.0,6.0,1.0,279.0,0.0,99450.0
2025-04-02 12:00:00,20.0407777691452,18.5817219135174,27.818690348588458,2.3014285714285716,23.1,52,18,13.1,39,21.7,15.8,15.6,0.0,0.0,0.52,22.0,44.0,86219.0,6.0,2.0,324.0,0.0,99460.0
2025-04-02 13:00:00,19.9981031128908,22.9599027297541,0.0,2.2992857142857144,21.7,58,31,19.6,44,22.3,16.2,15.6,0.0,0.0,0.49,22.0,55.0,96736.0,6.0,7.0,44.0,0.0,99410.0
2025-04-02 14:00:00,20.3124917057028,24.1119343245755,0.0,2.297142857142857,21.8,59,4,18.2,48,22.7,16.6,15.6,0.0,0.0,0.46,22.0,56.0,98240.0,8.0,4.0,42.0,0.0,99370.0
2025-04-02 15:00:00,21.2745412832798,23.8161798120001,0.0,2.295,20.9,61,3,18.1,48,22.6,16.9,15.7,0.0,0.0,0.39,21.0,59.0,92361.0,5.0,5.0,10.0,0.0,99350.0
2025-04-02 16:00:00,22.2660636951889,23.8941994865897,0.0,2.2928571428571427,20.8,63,0,16.2,51,22.3,17.2,15.7,0.0,0.0,0.32,21.0,62.0,77952.0,6.0,5.0,38.0,0.0,99350.0
2025-04-02 17:00:00,22.9377520946633,23.7877010994957,0.0,2.290714285714286,19.1,68,2,16.0,40,21.5,17.4,15.7,0.0,0.0,0.2,21.0,63.0,57125.0,4.0,4.0,60.0,0.0,99330.0
2025-04-02 18:00:00,23.3422249713119,23.808775507809,0.0,2.2885714285714287,17.9,76,0,13.2,24,20.3,17.6,15.7,0.0,0.0,0.09,20.0,61.0,32024.0,2.0,3.0,52.0,0.0,99340.0
2025-04-02 19:00:00,23.6253188174177,23.7209700898492,0.0,2.2864285714285715,15.9,86,15,8.8,43,18.9,17.7,15.7,0.0,0.0,0.03,20.0,62.0,10633.0,1.0,3.0,6.0,0.0,99400.0
2025-04-02 20:00:00,23.8864189513369,23.8221026417536,0.0,2.2842857142857143,14.5,91,0,5.1,56,17.7,17.7,15.7,0.0,0.0,0.0,18.0,66.0,1214.0,0.0,3.0,60.0,0.0,99430.0
2025-04-02 21:00:00,24.2099312602067,24.059663409412,0.0,2.282142857142857,14.4,91,0,1.6,55,16.6,17.6,15.7,0.0,0.0,0.0,16.0,73.0,0.0,0.0,1.0,84.0,0.0,99480.0
2025-04-02 22:00:00,24.4937235194328,23.9770424396175,0.0,2.28,13.9,92,3,1.2,27,15.8,17.5,15.7,0.0,0.0,0.0,15.0,78.0,0.0,0.0,0.0,8.0,0.0,99550.0
2025-04-02 23:00:00,24.8167630077634,24.0906514424018,0.0,2.277857142857143,13.7,92,2,1.6,323,15.1,17.3,15.7,0.0,0.0,0.0,14.0,80.0,0.0,0.0,0.0,118.0,0.0,99590.0
2025-04-03 00:00:00,25.0037832787145,23.9117852737683,0.0,2.275714285714286,13.3,92,0,1.3,308,14.6,17.1,15.7,0.0,0.0,0.0,14.0,81.0,0.0,0.0,0.0,161.0,0.0,99610.0
2025-04-03 01:00:00,25.1337015921663,24.0212175554457,0.0,2.2735714285714286,13.7,90,0,0.2,9,14.9,17.0,15.8,0.0,0.0,0.0,12.0,82.0,0.0,0.0,0.0,186.0,0.0,99620.0
2025-04-03 02:00:00,25.1980527688553,23.8664417106242,0.0,2.2714285714285714,13.2,90,0,0.6,330,14.3,16.9,15.8,0.0,0.0,0.0,11.0,85.0,0.0,0.0,1.0,167.0,0.0,99620.0
2025-04-03 03:00:00,25.3333793038024,23.8077450230334,0.0,2.269285714285714,12.5,90,3,3.3,266,13.8,16.7,15.8,0.0,0.0,0.0,11.0,87.0,0.0,0.0,0.0,110.0,0.0,99600.0
2025-04-03 04:00:00,25.2900801871181,23.8666219553458,0.0,2.2671428571428573,12.2,90,8,5.3,254,13.5,16.5,15.8,0.0,0.0,0.0,12.0,92.0,0.0,0.0,0.0,94.0,0.0,99590.0
2025-04-03 05:00:00,25.3563659719552,24.0096265292631,0.0,2.265,12.6,92,70,8.4,237,13.5,16.3,15.8,0.0,0.0,0.0,13.0,94.0,0.0,0.0,0.0,192.0,0.0,99600.0
2025-04-03 06:00:00,25.3271381577037,23.8132875315721,0.0,2.262857142857143,13.6,89,100,9.5,232,13.8,16.2,15.8,0.0,0.0,0.0,12.0,95.0,0.0,0.0,0.0,178.0,0.0,99620.0
2025-04-03 07:00:00,25.4328459682149,23.9476364645493,0.0,2.2607142857142857,15.1,84,100,10.7,231,14.3,16.0,15.8,0.0,0.0,0.04,12.0,92.0,0.0,0.0,2.0,204.0,0.0,99690.0
2025-04-03 08:00:00,25.1843832127895,23.8272321352273,0.0,2.2585714285714285,16.4,81,100,11.4,245,15.1,16.0,15.8,0.0,0.0,0.09,14.0,86.0,2208.0,0.0,0.0,204.0,0.0,99720.0
2025-04-03 09:00:00,25.2439775738207,23.7384190459743,0.0,2.2564285714285712,17.6,75,85,9.7,255,16.2,15.9,15.8,0.0,0.0,0.17,15.0,82.0,12312.0,0.0,1.0,282.0,0.0,99770.0
2025-04-03 10:00:00,25.3671920574963,23.6490224846428,0.0,2.2542857142857144,18.8,69,100,7.6,270,17.5,16.0,15.8,0.0,0.0,0.22,17.0,76.0,23456.0,1.0,2.0,234.0,0.0,99820.0
2025-04-03 11:00:00,25.2588949087242,23.7564881371936,0.0,2.2521428571428572,20.2,63,100,7.7,291,19.1,16.1,15.8,0.0,0.0,0.35,19.0,70.0,76592.0,5.0,1.0,1.0,0.0,99840.0
2025-04-03 12:00:00,25.3407269503281,23.4177116280309,0.0,2.25,21.3,58,84,9.7,314,20.4,16.3,15.8,0.0,0.0,0.39,20.0,65.0,90529.0,7.0,2.0,299.0,0.0,99840.0
2025-04-03 13:00:00,25.245436366889,23.338083944568,0.0,2.2498214285714284,21.7,59,98,14.1,8,22.1,16.7,15.8,0.0,0.0,0.49,20.0,69.0,116329.0,7.0,2.0,18.0,0.0,99780.0
2025-04-03 14:00:00,25.1482333698266,23.1324524957164,0.0,2.2496428571428573,20.0,69,66,15.9,31,22.4,17.0,15.8,0.0,0.0,0.38,20.0,71.0,44600.0,4.0,5.0,33.0,0.0,99750.0
2025-04-03 15:00:00,25.2125308744809,23.2011329809584,0.0,2.2494642857142857,19.7,69,97,14.4,47,22.4,17.3,15.8,0.0,0.0,0.33,20.0,66.0,75232.0,6.0,5.0,18.0,0.0,99700.0
2025-04-03 16:00:00,25.057368048952,23.1152421535625,0.0,2.249285714285714,19.5,68,98,13.2,56,22.0,17.5,15.8,0.0,0.0,0.27,19.0,72.0,65315.0,5.0,4.0,72.0,0.0,99710.0
2025-04-03 17:00:00,25.012891911885,23.1363237773915,0.0,2.249107142857143,18.5,72,6,12.9,48,21.3,17.7,15.8,0.0,0.0,0.18,19.0,72.0,27724.0,2.0,3.0,45.0,0.0,99630.0
2025-04-03 18:00:00,25.0507998467202,23.0548110147466,0.0,2.2489285714285714,17.1,80,8,11.3,65,20.2,17.9,15.8,0.0,0.0,0.08,19.0,73.0,15048.0,1.0,4.0,42.0,0.0,99600.0
2025-04-03 19:00:00,25.2013120879482,22.8162122553715,0.0,2.24875,15.4,88,7,8.0,77,18.8,17.9,15.8,0.0,0.0,0.02,18.0,70.0,8960.0,0.0,4.0,48.0,0.0,99560.0
2025-04-03 20:00:00,25.1552151418809,23.023104227287,0.0,2.2485714285714287,14.3,85,0,7.4,84,17.7,17.9,15.9,0.0,0.0,0.0,17.0,74.0,483.0,0.0,2.0,53.0,0.0,99560.0
2025-04-03 21:00:00,25.0103408187255,22.9250455906352,0.0,2.248392857142857,13.3,83,0,6.1,58,16.6,17.8,15.9,0.0,0.0,0.0,15.0,85.0,0.0,0.0,1.0,117.0,0.0,99550.0
2025-04-03 22:00:00,25.1598424754144,22.750856192978,0.0,2.248214285714286,12.8,84,20,2.7,23,15.6,17.7,15.9,0.0,0.0,0.0,14.5,87.0,0.0,0.0,0.5,85.0,0.0,99545.0
2025-04-03 23:00:00,24.912831299188,22.8903545645706,0.0,2.2480357142857144,12.2,87,88,9.4,315,14.9,17.5,15.9,0.0,0.0,0.0,14.0,89.0,0.0,0.0,0.0,53.0,0.0,99540.0
2025-04-04 00:00:00,24.9570708457716,22.8668481726858,0.0,2.2478571428571428,12.6,93,37,18.1,245,14.6,17.3,15.9,0.0,0.0,0.0,13.0,92.0,0.0,0.0,0.0,291.0,0.0,99520.0
2025-04-04 01:00:00,24.7899663526621,23.0023417465491,0.0,2.2476785714285716,14.0,87,38,9.2,203,15.0,17.2,15.9,0.0,0.0,0.0,12.0,93.0,0.0,0.0,0.0,204.0,0.0,99500.0
2025-04-04 02:00:00,24.864723517101,22.8655591169581,0.0,2.2475,13.3,86,44,8.5,219,14.7,17.0,15.9,0.0,0.0,0.0,14.0,93.0,0.0,0.0,3.0,228.0,0.0,99790.0
2025-04-04 03:00:00,24.8494853962633,22.8180249590043,0.0,2.2473214285714285,13.7,83,4,6.3,230,14.5,16.9,15.9,0.0,0.0,0.0,15.0,89.0,0.0,0.0,2.0,246.0,0.0,99910.0
2025-04-04 04:00:00,24.6986158517255,22.8640020784629,0.0,2.2471428571428573,12.7,87,0,3.2,236,14.1,16.7,15.9,0.0,0.0,0.0,13.0,91.0,0.0,0.0,0.0,146.0,0.0,99870.0
2025-04-04 05:00:00,24.8984119389811,22.6988062047915,0.0,2.2469642857142857,12.5,85,0,1.5,169,13.6,16.5,15.9,0.0,0.0,0.0,13.0,89.0,0.0,0.0,2.0,157.0,0.0,99930.0
2025-04-04 06:00:00,24.7557828927592,22.6775801656735,0.0,2.246785714285714,12.5,83,0,1.5,158,13.2,16.3,15.9,0.0,0.0,0.0,13.0,92.0,0.0,0.0,2.0,128.0,0.0,99910.0
2025-04-04 07:00:00,24.8516179210798,22.8515609848892,0.0,2.246607142857143,14.6,78,0,3.6,212,13.6,16.2,15.9,0.0,0.0,0.03,13.0,90.0,0.0,0.0,0.0,145.0,0.0,99930.0
2025-04-04 08:00:00,24.841624804416,22.6841785088447,0.0,2.2464285714285714,18.0,68,0,1.2,212,15.1,16.1,15.9,0.0,0.0,0.13,12.0,93.0,0.0,0.0,0.0,204.0,0.0,99930.0
2025-04-04 09:00:00,24.4687261158968,22.6630044353603,0.0,2.24625,20.7,61,0,3.1,285,17.1,16.1,15.9,0.0,0.0,0.27,12.0,94.0,5440.0,0.0,0.0,204.0,0.0,100010.0
2025-04-04 10:00:00,24.4753073078133,22.6296044821128,0.0,2.2460714285714287,23.5,51,0,5.6,263,19.4,16.2,15.9,0.0,0.0,0.41,16.0,83.0,19900.0,1.0,2.0,285.0,0.0,100030.0
2025-04-04 11:00:00,24.6111417619443,22.6821709865672,0.0,2.245892857142857,25.6,40,6,10.6,265,21.3,16.4,15.9,0.0,0.0,0.54,18.0,74.0,47093.0,2.0,2.0,264.0,0.0,100080.0
2025-04-04 12:00:00,24.4543949130389,22.509732955212,0.0,2.2457142857142856,26.5,38,26,11.9,268,22.8,16.7,15.9,0.0,0.0,0.58,21.0,61.0,70293.0,5.0,0.0,19.0,0.0,100100.0
2025-04-04 13:00:00,24.3111439661304,22.3542815553183,0.0,2.2455357142857144,26.6,39,34,10.2,275,23.6,17.1,15.9,0.0,0.0,0.54,24.0,48.0,85388.0,7.0,3.0,228.0,0.0,100070.0
2025-04-04 14:00:00,24.6068891627203,22.3895447335348,0.0,2.245357142857143,26.8,38,87,8.0,296,24.4,17.4,15.9,0.0,0.0,0.53,25.0,39.0,110519.0,9.0,6.0,317.0,0.0,100050.0
2025-04-04 15:00:00,24.3862544529455,21.994629766718,0.0,2.2451785714285712,23.8,46,48,16.9,3,23.7,17.8,16.0,0.0,0.0,0.31,26.0,37.0,107084.0,8.0,3.0,257.0,0.0,100000.0
2025-04-04 16:00:00,24.1964686371284,22.2337386766287,0.0,2.245,23.1,47,26,13.5,44,23.3,18.1,16.0,0.0,0.0,0.33,27.0,35.0,96425.0,6.0,2.0,318.0,0.0,99960.0
2025-04-04 17:00:00,24.2796761343592,22.0878272821288,0.0,2.2448214285714285,22.4,51,30,8.9,72,22.7,18.3,16.0,0.0,0.0,0.22,23.0,47.0,31378.0,3.0,6.0,0.0,0.0,99990.0
2025-04-04 18:00:00,24.1471072171262,21.9575869587504,0.0,2.2446428571428574,20.4,62,15,5.1,358,21.6,18.5,16.0,0.0,0.0,0.09,23.0,48.0,26400.0,1.0,4.0,7.0,0.0,100020.0
2025-04-04 19:00:00,24.235332464686,21.7511151653262,0.0,2.244464285714286,17.9,74,12,1.8,339,20.0,18.6,16.0,0.0,0.0,0.02,22.0,57.0,23679.0,1.0,3.0,37.0,0.0,100070.0
2025-04-04 20:00:00,24.282755629447,21.8984605267022,0.0,2.244285714285714,16.9,78,9,1.0,22,18.7,18.5,16.0,0.0,0.0,0.0,21.0,55.0,6898.0,0.0,3.0,30.0,0.0,100090.0
2025-04-04 21:00:00,24.0089135644339,21.9419339764155,0.0,2.244107142857143,16.4,76,0,1.9,104,17.6,18.5,16.0,0.0,0.0,0.0,19.0,58.0,187.0,0.0,1.0,120.0,0.0,100140.0
2025-04-04 22:00:00,23.9563676704933,21.8465456268322,0.0,2.2439285714285715,15.7,76,1,1.7,18,16.7,18.3,16.0,0.0,0.0,0.0,17.0,66.0,0.0,0.0,0.0,54.0,0.0,100250.0
2025-04-04 23:00:00,23.9699532682025,21.8226419115506,0.0,2.24375,14.8,81,1,1.8,27,16.0,18.2,16.1,0.0,0.0,0.0,17.0,66.0,0.0,0.0,1.0,154.0,0.0,100360.0
2025-04-05 00:00:00,24.2913524529196,22.0023768302104,0.0,2.2435714285714288,14.1,82,0,3.1,74,15.4,18.0,16.1,0.0,0.0,0.0,16.0,76.0,0.0,0.0,1.0,119.0,0.0,100410.0
2025-04-05 01:00:00,23.9625639744258,21.6710267216692,0.0,2.243392857142857,14.3,78,0,2.6,90,15.2,17.9,16.1,0.0,0.0,0.0,14.0,82.0,0.0,0.0,0.0,161.0,0.0,100410.0
2025-04-05 02:00:00,23.7710614709968,21.6562808914779,0.0,2.2432142857142856,13.9,78,1,2.6,90,14.6,17.7,16.1,0.0,0.0,0.0,13.0,84.0,0.0,0.0,1.0,134.0,0.0,100410.0
2025-04-05 03:00:00,23.9396334779162,21.7516079833171,0.0,2.2430357142857145,13.3,81,24,4.9,79,14.2,17.5,16.1,0.0,0.0,0.0,13.0,80.0,0.0,0.0,1.0,120.0,0.0,100390.0
2025-04-05 04:00:00,24.0442811918321,21.7720184510827,0.0,2.242857142857143,13.2,84,42,5.6,77,14.0,17.3,16.1,0.0,0.0,0.0,13.0,82.0,0.0,0.0,0.0,125.0,0.0,100410.0
2025-04-05 05:00:00,23.847029469512,21.715291710148,0.0,2.2426785714285713,13.4,85,99,3.9,70,13.9,17.1,16.1,0.0,0.0,0.0,13.0,82.0,0.0,0.0,1.0,138.0,0.0,100400.0
2025-04-05 06:00:00,24.004381226143,21.7985752530083,0.0,2.2425,13.6,87,100,3.8,70,13.9,16.9,16.1,0.1,0.1,0.02,12.0,86.0,0.0,0.0,0.0,92.0,0.0,100390.0
2025-04-05 07:00:00,23.7501348790352,21.7013524532989,0.0,2.2423214285714286,15.2,84,30,5.2,86,14.4,16.7,16.1,0.0,0.0,0.03,13.0,80.0,0.0,0.0,1.0,184.0,0.0,100440.0
2025-04-05 08:00:00,23.7847435979163,21.8099543362927,0.0,2.242142857142857,16.8,79,36,3.8,73,15.5,16.6,16.1,0.0,0.0,0.09,13.0,86.0,149.0,0.0,0.0,103.0,0.0,100450.0
2025-04-05 09:00:00,23.8353213539369,21.7098682502275,0.0,2.241964285714286,18.2,71,32,4.7,20,17.0,16.6,16.1,0.0,0.0,0.22,15.0,84.0,8036.0,0.0,0.0,109.0,0.0,100480.0
2025-04-05 10:00:00,23.900588873019,21.7125127967585,0.0,2.2417857142857143,19.4,66,29,4.8,19,18.6,16.7,16.1,0.1,0.1,0.31,17.0,77.0,30560.0,1.0,2.0,119.0,0.0,100480.0
2025-04-05 11:00:00,23.6687667893008,21.3974713018133,0.0,2.241607142857143,20.8,61,51,7.2,10,20.3,16.8,16.1,0.1,0.1,0.42,19.0,70.0,32318.0,2.0,0.0,217.0,0.0,100490.0
2025-04-05 12:00:00,23.8063009950397,21.5249174689014,0.0,2.2414285714285715,20.3,62,90,12.7,13,20.8,17.0,16.1,0.0,0.0,0.32,19.0,68.0,47622.0,4.0,2.0,77.0,0.0,100540.0
2025-04-05 13:00:00,23.5059911491267,21.5266774802145,0.0,2.24125,20.1,63,99,13.1,13,21.8,17.3,16.1,0.1,0.1,0.42,20.0,65.0,44610.0,4.0,2.0,30.0,0.0,100490.0
2025-04-05 14:00:00,23.5450062819276,21.3414196452807,0.0,2.241071428571429,20.4,60,100,12.9,14,22.3,17.6,16.1,0.0,0.0,0.42,21.0,60.0,97685.0,7.0,5.0,1.0,0.0,100450.0
2025-04-05 15:00:00,23.4105380355028,21.1764143246003,0.0,2.2408928571428572,19.7,61,99,14.2,14,22.2,17.8,16.1,0.0,0.0,0.32,20.0,63.0,98499.0,8.0,5.0,42.0,0.0,100400.0
2025-04-05 16:00:00,23.4614839738788,21.3394150452253,0.0,2.2407142857142857,18.9,62,83,11.7,21,21.8,18.0,16.2,0.0,0.0,0.25,20.0,57.0,88264.0,6.0,4.0,48.0,0.0,100340.0
2025-04-05 17:00:00,23.6207788307956,21.1683315795034,0.0,2.2405357142857145,18.1,63,92,10.6,22,21.1,18.2,16.2,0.0,0.0,0.19,20.0,58.0,68260.0,3.0,4.0,354.0,0.0,100310.0
2025-04-05 18:00:00,23.4339103146192,21.1513482751766,0.0,2.240357142857143,17.0,66,82,5.1,35,20.0,18.3,16.2,0.0,0.0,0.08,19.0,55.0,46700.0,3.0,4.0,14.0,0.0,100310.0
2025-04-05 19:00:00,23.3414155980685,21.2858745812522,0.0,2.2401785714285714,15.1,75,95,3.4,91,18.6,18.3,16.2,0.0,0.0,0.02,19.0,56.0,15852.0,1.0,3.0,42.0,0.0,100310.0
2025-04-05 20:00:00,23.1266627858424,21.2384175677788,0.0,2.24,13.9,80,4,4.3,142,17.4,18.2,16.2,0.0,0.0,0.0,18.0,60.0,6698.0,0.0,3.0,42.0,0.0,100310.0
2025-04-05 21:00:00,23.1417942724913,21.1291324260765,0.0,2.2398214285714286,13.1,84,1,4.1,173,16.3,18.1,16.2,0.0,0.0,0.0,16.0,70.0,0.0,0.0,1.0,48.0,0.0,100320.0
2025-04-05 22:00:00,23.3712667059069,21.0619461494299,0.0,2.239642857142857,12.7,83,3,4.6,197,15.6,17.9,16.2,0.0,0.0,0.0,15.0,68.0,0.0,0.0,2.0,132.0,0.0,100330.0
2025-04-05 23:00:00,23.1653633266023,21.1459622319198,0.0,2.239464285714286,12.6,80,4,5.4,211,15.0,17.8,16.2,0.0,0.0,0.0,14.0,74.0,0.0,0.0,0.0,174.0,0.0,100370.0
2025-04-06 00:00:00,23.3237047248987,21.21271476076,0.0,2.2392857142857143,12.3,77,6,5.5,223,14.5,17.6,16.2,0.0,0.0,0.0,13.0,70.0,0.0,0.0,0.0,312.0,0.0,100380.0
2025-04-06 01:00:00,23.1499464811627,21.0316028464183,0.0,2.2391071428571427,12.3,75,2,4.8,228,14.3,17.5,16.2,0.0,0.0,0.0,14.0,75.0,0.0,0.0,0.0,270.0,0.0,100390.0
2025-04-06 02:00:00,23.1852446411597,20.8159431656496,0.0,2.2389285714285716,12.1,71,2,3.9,211,13.8,17.2,16.2,0.0,0.0,0.0,12.0,82.0,0.0,0.0,1.0,198.0,0.0,100390.0
2025-04-06 03:00:00,23.0205469728401,21.006583526544,0.0,2.23875,11.8,69,5,3.6,207,13.3,17.0,16.3,0.0,0.0,0.0,12.0,75.0,0.0,0.0,0.0,182.0,0.0,100360.0
2025-04-06 04:00:00,23.348986711098,21.094583110654,0.0,2.2385714285714284,11.3,70,2,5.1,237,12.9,16.8,16.3,0.0,0.0,0.01,12.0,72.0,0.0,0.0,0.0,144.0,0.0,100300.0
2025-04-06 05:00:00,23.1532788354345,20.9937797446967,0.0,2.2383928571428573,11.1,70,2,6.4,239,12.6,16.5,16.3,0.0,0.0,0.01,9.0,83.0,0.0,0.0,0.0,234.0,0.0,100280.0
2025-04-06 06:00:00,23.0608519991062,20.9364418580496,0.0,2.2382142857142857,10.9,70,0,6.4,232,12.4,16.3,16.3,0.0,0.0,0.03,9.0,83.0,0.0,0.0,0.0,173.0,0.0,100290.0
2025-04-06 07:00:00,23.0885598432147,20.822126346797,0.0,2.2380357142857146,13.5,65,17,7.1,227,12.8,16.1,16.3,0.0,0.0,0.05,10.0,78.0,0.0,0.0,0.0,180.0,0.0,100290.0
2025-04-06 08:00:00,22.9253249155895,20.959835114427,0.0,2.237857142857143,17.2,55,98,4.7,233,14.3,16.0,16.3,0.0,0.0,0.15,9.0,79.0,632.0,0.0,1.0,161.0,0.0,100300.0
2025-04-06 09:00:00,23.0616240462395,20.7647524354951,0.0,2.2376785714285714,19.4,47,93,5.3,276,16.3,15.9,16.3,0.0,0.0,0.27,13.0,69.0,9094.0,0.0,1.0,204.0,0.0,100330.0
2025-04-06 10:00:00,22.8837450343269,20.8128793646062,0.0,2.2375000000000003,20.9,45,99,6.8,288,18.3,16.0,16.2,0.0,0.0,0.39,16.0,57.0,29741.0,1.0,4.0,262.0,0.0,100350.0
2025-04-06 11:00:00,22.9589176931125,20.9629574343544,0.0,2.2373214285714287,22.3,43,100,8.7,302,20.1,16.2,16.2,0.0,0.0,0.47,19.0,49.0,57517.0,5.0,3.0,300.0,0.0,100370.0
2025-04-06 12:00:00,22.817555893642,20.822943736671,0.0,2.237142857142857,22.2,45,100,12.7,329,21.2,16.5,16.2,0.0,0.0,0.46,20.0,46.0,36736.0,3.0,3.0,348.0,0.0,100390.0
2025-04-06 13:00:00,22.6761940941715,20.7573039825664,0.0,2.236964285714286,21.3,47,27,15.3,344,21.2,16.8,16.2,0.0,0.0,0.37,20.0,50.0,62016.0,4.0,5.0,2.0,0.0,100380.0
2025-04-06 14:00:00,22.8685990823417,20.6565301716845,0.0,2.2367857142857144,21.4,43,3,15.5,338,22.0,17.0,16.3,0.0,0.0,0.48,20.0,58.0,48047.0,4.0,4.0,354.0,0.0,100350.0
2025-04-06 15:00:00,22.8287985260464,20.5316044845618,0.0,2.236607142857143,21.4,43,2,13.1,337,22.4,17.3,16.3,0.0,0.0,0.44,21.0,53.0,102807.0,7.0,4.0,343.0,0.0,100350.0
2025-04-06 16:00:00,22.7659097470691,20.5410997344721,0.0,2.2364285714285717,20.6,46,58,13.1,344,22.2,17.6,16.3,0.0,0.0,0.35,21.0,50.0,71412.0,6.0,5.0,33.0,0.0,100320.0
2025-04-06 17:00:00,22.8458741195956,20.5234173024297,0.0,2.23625,19.5,51,22,7.2,360,21.5,17.8,16.3,0.0,0.0,0.21,21.0,48.0,67019.0,5.0,5.0,58.0,0.0,100280.0
2025-04-06 18:00:00,22.5845773413146,20.5571631447969,0.0,2.2360714285714285,18.0,64,94,2.7,65,20.4,17.9,16.3,0.0,0.0,0.07,21.0,44.0,42846.0,2.0,5.0,344.0,0.0,100250.0
2025-04-06 19:00:00,22.5163610182205,20.451085970366,0.0,2.2358928571428573,15.7,68,12,4.4,117,18.7,18.0,16.3,0.0,0.0,0.03,20.0,48.0,10410.0,1.0,2.0,6.0,0.0,100290.0
2025-04-06 20:00:00,22.6108242593521,20.518764630354,0.0,2.2357142857142858,14.3,74,9,4.0,163,17.3,17.9,16.3,0.0,0.0,0.0,19.0,51.0,3330.0,0.0,1.0,14.0,0.0,100330.0
2025-04-06 21:00:00,22.6294472212433,20.5443915357273,0.0,2.235535714285714,13.6,74,11,5.0,182,16.3,17.8,16.3,0.0,0.0,0.0,16.0,61.0,0.0,0.0,2.0,78.0,0.0,100410.0
2025-04-06 22:00:00,22.4129827067723,20.429373411707,0.0,2.235357142857143,13.4,67,7,6.5,203,15.6,17.7,16.3,0.0,0.0,0.01,15.0,63.0,0.0,0.0,0.0,58.0,0.0,100460.0
2025-04-06 23:00:00,22.5897436833039,20.122405319233,0.0,2.2351785714285715,13.2,63,13,6.9,209,15.0,17.5,16.3,0.0,0.0,0.02,13.0,72.0,0.0,0.0,1.0,216.0,0.0,100500.0
2025-04-07 00:00:00,22.5352436512315,20.4520150356962,0.0,2.2350000000000003,13.1,62,61,7.2,216,14.5,17.4,16.3,0.0,0.0,0.02,12.0,76.0,0.0,0.0,1.0,90.0,0.0,100500.0
2025-04-07 01:00:00,22.7148292013806,20.4530411333151,0.0,2.2348214285714287,12.8,64,0,6.9,213,14.3,17.2,16.3,0.0,0.0,0.02,14.0,62.0,0.0,0.0,1.0,282.0,0.0,100460.0
2025-04-07 02:00:00,22.5093534576343,20.4179809971104,0.0,2.234642857142857,12.9,65,0,7.6,214,14.0,17.0,16.3,0.0,0.0,0.02,12.0,70.0,0.0,0.0,0.0,172.0,0.0,100450.0
2025-04-07 03:00:00,22.4814073275345,20.3273239108282,0.0,2.234464285714286,12.6,68,31,6.4,214,13.8,16.8,16.3,0.0,0.0,0.01,11.0,74.0,0.0,0.0,0.0,174.0,0.0,100430.0
2025-04-07 04:00:00,22.477882226329,20.2409323594104,0.0,2.2342857142857144,12.5,70,23,6.0,221,13.5,16.7,16.3,0.0,0.0,0.01,11.0,77.0,0.0,0.0,0.0,192.0,0.0,100430.0
2025-04-07 05:00:00,22.7389243259977,20.5602478013415,0.0,2.234107142857143,12.5,72,19,6.7,211,13.4,16.5,16.3,0.0,0.0,0.01,12.0,68.0,0.0,0.0,0.0,228.0,0.0,100400.0
2025-04-07 06:00:00,22.5396387400741,20.1996015739593,0.0,2.2339285714285717,12.0,76,11,5.6,200,13.2,16.3,16.3,0.0,0.0,0.03,9.0,78.0,0.0,0.0,0.0,148.0,0.0,100410.0
2025-04-07 07:00:00,22.3191358380377,20.2951985417048,0.0,2.23375,14.3,73,10,7.3,195,13.6,16.1,16.3,0.0,0.0,0.05,9.0,80.0,0.0,0.0,2.0,156.0,0.0,100450.0
2025-04-07 08:00:00,22.3219681043789,20.3419234911191,0.0,2.2335714285714285,18.5,60,0,4.1,197,15.1,16.0,16.3,0.0,0.0,0.15,11.0,77.0,1790.0,0.0,0.0,192.0,0.0,100510.0
2025-04-07 09:00:00,22.3344448883116,20.3727276421277,0.0,2.2333928571428574,20.6,50,0,1.3,201,17.1,16.1,16.3,0.0,0.0,0.27,12.0,76.0,6111.0,0.0,0.0,300.0,0.0,100530.0
2025-04-07 10:00:00,22.3771479946098,20.1566694633003,0.0,2.233214285714286,22.0,46,0,2.5,21,19.3,16.2,16.3,0.0,0.0,0.4,16.0,65.0,19280.0,1.0,0.0,264.0,0.0,100560.0
2025-04-07 11:00:00,22.2999954060192,20.1976574994343,0.0,2.2330357142857142,23.2,42,0,4.7,19,21.3,16.4,16.3,0.0,0.0,0.51,21.0,49.0,64874.0,6.0,0.0,191.0,0.0,100590.0
2025-04-07 12:00:00,22.4482539025303,19.8754621655495,22.48749402086498,2.232857142857143,24.2,39,0,8.2,18,22.9,16.7,16.3,0.0,0.0,0.58,22.0,41.0,84707.0,7.0,3.0,288.0,0.0,100610.0
2025-04-07 13:00:00,22.5273495296944,19.9147375101365,0.0,2.2326785714285715,24.2,41,0,11.9,26,23.9,17.1,16.3,0.0,0.0,0.59,23.0,41.0,98144.0,8.0,1.0,49.0,0.0,100560.0
2025-04-07 14:00:00,22.4195489187447,20.5118132481799,0.0,2.2325,23.5,42,0,15.8,34,24.3,17.5,16.3,0.0,0.0,0.55,24.0,35.0,102141.0,5.0,2.0,227.0,0.0,100510.0
2025-04-07 15:00:00,22.1685969196391,20.626083084728,0.0,2.232321428571429,22.8,43,0,16.6,42,24.2,17.9,16.3,0.0,0.0,0.48,24.0,39.0,96460.0,9.0,3.0,35.0,0.0,100480.0
2025-04-07 16:00:00,22.4934091720958,20.9918247328358,0.0,2.232142857142857,22.0,46,0,15.7,47,23.7,18.2,16.3,0.0,0.0,0.38,24.0,39.0,83922.0,6.0,4.0,49.0,0.0,100460.0
2025-04-07 17:00:00,22.1971272478224,21.1539586090836,0.0,2.2319642857142856,20.9,49,0,14.5,47,22.8,18.4,16.4,0.0,0.0,0.25,22.0,47.0,64028.0,5.0,4.0,40.0,0.0,100460.0
2025-04-07 18:00:00,22.3516369949747,20.9441759797278,0.0,2.2317857142857145,19.0,56,0,11.1,50,21.5,18.6,16.4,0.0,0.0,0.12,22.0,47.0,39023.0,3.0,3.0,36.0,0.0,100490.0
2025-04-07 19:00:00,22.3805058686814,21.5475667246983,0.0,2.231607142857143,16.3,69,0,5.9,62,19.9,18.6,16.4,0.0,0.0,0.04,21.0,51.0,14744.0,1.0,3.0,38.0,0.0,100500.0
2025-04-07 20:00:00,22.4036768084798,21.3491092622412,0.0,2.2314285714285718,15.4,75,0,4.5,67,18.4,18.6,16.4,0.0,0.0,0.0,19.0,59.0,2703.0,0.0,2.0,66.0,0.0,100550.0
2025-04-07 21:00:00,22.465917396534,21.3081809147352,0.0,2.23125,15.1,76,0,3.2,63,17.1,18.5,16.4,0.0,0.0,0.0,16.0,68.0,0.0,0.0,0.0,70.0,0.0,100560.0
2025-04-07 22:00:00,22.3473033728741,21.3247660717832,0.0,2.2310714285714286,14.7,78,0,2.1,54,16.1,18.4,16.4,0.0,0.0,0.0,14.0,74.0,0.0,0.0,0.0,192.0,0.0,100640.0
2025-04-07 23:00:00,22.16904904678,21.3660322881637,0.0,2.2308928571428575,14.5,80,0,1.2,44,15.3,18.2,16.4,0.0,0.0,0.0,13.0,76.0,0.0,0.0,0.0,186.0,0.0,100640.0
2025-04-08 00:00:00,22.2979577257251,21.451748517366,0.0,2.230714285714286,13.9,82,0,1.3,15,14.6,18.0,16.4,0.0,0.0,0.0,13.0,79.0,0.0,0.0,0.0,192.0,0.0,100650.0
2025-04-08 01:00:00,22.1882514787344,21.4633194334984,0.0,2.2305357142857143,13.2,84,0,2.6,322,14.0,17.8,16.4,0.0,0.0,0.0,11.0,81.0,0.0,0.0,0.0,162.0,0.0,100670.0
2025-04-08 02:00:00,22.4118132272877,21.5529765839644,0.0,2.230357142857143,12.5,83,0,4.1,291,13.6,17.5,16.4,0.0,0.0,0.0,11.0,83.0,0.0,0.0,0.0,175.0,0.0,100650.0
2025-04-08 03:00:00,22.428371016924,21.7123457710188,0.0,2.2301785714285716,12.4,81,0,2.9,294,13.2,17.3,16.4,0.0,0.0,0.0,10.0,81.0,0.0,0.0,0.0,178.0,0.0,100640.0
2025-04-08 04:00:00,22.2902074673475,21.4313580217572,0.0,2.23,12.4,78,0,2.9,299,12.9,17.0,16.4,0.0,0.0,0.0,10.0,84.0,0.0,0.0,0.0,167.0,0.0,100590.0
2025-04-08 05:00:00,22.220464075764,21.3875962653287,0.0,2.229821428571429,12.1,77,0,1.8,343,12.6,16.8,16.4,0.0,0.0,0.0,10.0,85.0,0.0,0.0,0.0,165.0,0.0,100570.0
2025-04-08 06:00:00,22.0122232957932,21.4651670356591,0.0,2.2296428571428573,11.7,77,0,1.9,354,12.3,16.5,16.4,0.0,0.0,0.02,10.0,85.0,0.0,0.0,1.0,167.0,0.0,100560.0
2025-04-08 07:00:00,22.1286580389109,21.5737188016644,0.0,2.2294642857142857,14.0,70,0,3.2,355,12.9,16.3,16.4,0.0,0.0,0.04,9.0,87.0,0.0,0.0,0.0,192.0,0.0,100570.0
2025-04-08 08:00:00,22.0316927294266,21.4400976861041,0.0,2.2292857142857145,17.3,64,0,5.7,347,14.5,16.2,16.4,0.0,0.0,0.15,10.0,85.0,2999.0,0.0,0.0,174.0,0.0,100590.0
2025-04-08 09:00:00,21.9162001966204,21.4382426442409,0.0,2.229107142857143,19.8,54,0,7.7,345,16.5,16.2,16.4,0.0,0.0,0.29,14.0,80.0,15233.0,1.0,0.0,288.0,0.0,100620.0
2025-04-08 10:00:00,22.190634893727,21.7054888532547,0.0,2.2289285714285714,22.5,45,0,10.7,356,18.6,16.3,16.4,0.0,0.0,0.43,17.0,77.0,41647.0,2.0,2.0,48.0,0.0,100620.0
2025-04-08 11:00:00,22.1273649863616,21.5266657997518,0.0,2.2287500000000002,23.7,41,0,17.2,15,20.5,16.5,16.4,0.0,0.0,0.54,21.0,64.0,68910.0,6.0,2.0,44.0,0.0,100620.0
2025-04-08 12:00:00,22.0940736043213,21.6563365242638,0.0,2.2285714285714286,24.0,39,0,17.3,26,22.0,16.7,16.4,0.0,0.0,0.59,23.0,52.0,85190.0,6.0,1.0,357.0,0.0,100580.0
2025-04-08 13:00:00,21.9631391027866,21.4008171775598,0.0,2.228392857142857,23.9,41,0,14.1,40,23.0,17.1,16.4,0.0,0.0,0.59,23.0,53.0,97230.0,8.0,4.0,42.0,0.0,100540.0
2025-04-08 14:00:00,22.0286831873633,21.2557205162828,0.0,2.228214285714286,24.3,42,0,15.7,49,23.7,17.4,16.4,0.0,0.0,0.57,24.0,43.0,99979.0,8.0,4.0,26.0,0.0,100480.0
2025-04-08 15:00:00,22.060322196586,21.3833488156735,0.0,2.2280357142857143,24.3,45,6,15.0,45,24.0,17.8,16.5,0.0,0.0,0.49,24.0,45.0,94086.0,7.0,5.0,28.0,0.0,100420.0
2025-04-08 16:00:00,22.2140322409104,21.0800723950833,0.0,2.227857142857143,23.1,52,5,14.5,36,23.8,18.1,16.5,0.0,0.0,0.37,24.0,46.0,79712.0,8.0,4.0,38.0,0.0,100350.0
2025-04-08 17:00:00,22.1739009633756,21.3499295935966,0.0,2.2276785714285716,22.0,56,3,11.2,29,23.0,18.4,16.5,0.0,0.0,0.24,24.0,46.0,58886.0,3.0,5.0,18.0,0.0,100300.0
2025-04-08 18:00:00,22.1427111587214,21.3770345497843,0.0,2.2275,20.0,65,5,7.9,360,21.8,18.6,16.5,0.0,0.0,0.1,24.0,53.0,32679.0,2.0,3.0,0.0,0.0,100290.0
2025-04-08 19:00:00,22.1934370349164,21.0987327779766,0.0,2.227321428571429,17.2,74,2,5.4,351,20.2,18.7,16.5,0.0,0.0,0.03,22.0,55.0,11616.0,1.0,3.0,36.0,0.0,100320.0
2025-04-08 20:00:00,22.2743044316021,21.3543556251244,0.0,2.2271428571428573,16.3,77,13,3.3,357,18.8,18.7,16.5,0.0,0.0,0.0,20.0,63.0,1573.0,0.0,4.0,16.0,0.0,100340.0
2025-04-08 21:00:00,22.158174112086,20.8771975297327,0.0,2.2269642857142857,15.7,79,42,2.4,347,17.7,18.6,16.5,0.0,0.0,0.0,18.0,72.0,0.0,0.0,1.0,348.0,0.0,100450.0
2025-04-08 22:00:00,22.0822100779951,21.0314366269133,0.0,2.2267857142857146,15.3,82,76,6.9,286,17.0,18.5,16.5,0.0,0.0,0.0,16.0,80.0,0.0,0.0,0.0,53.0,0.0,100490.0
2025-04-08 23:00:00,22.0474676748105,20.9191855797437,0.0,2.226607142857143,15.4,81,23,13.6,262,16.7,18.4,16.5,0.0,0.0,0.02,15.0,82.0,0.0,0.0,0.0,192.0,0.0,100530.0
2025-04-09 00:00:00,22.0937659940626,21.0309585291854,0.0,2.2264285714285714,15.2,82,91,10.1,261,16.4,18.2,16.5,0.0,0.0,0.01,15.0,83.0,0.0,0.0,0.0,210.0,0.0,100540.0
2025-04-09 01:00:00,22.1383535842213,21.196109320555,0.0,2.2262500000000003,14.2,85,98,7.5,256,15.6,18.1,16.5,0.0,0.0,0.0,14.0,83.0,0.0,0.0,0.0,180.0,0.0,100530.0
2025-04-09 02:00:00,22.1509072208473,21.0399763266744,0.0,2.2260714285714287,13.8,90,100,11.9,254,15.3,17.9,16.6,0.0,0.0,0.0,15.0,85.0,0.0,0.0,0.0,78.0,0.0,100510.0
2025-04-09 03:00:00,22.1955425808607,20.9893392098495,0.0,2.225892857142857,13.3,94,79,12.7,253,15.1,17.7,16.6,0.0,0.0,0.0,12.0,90.0,0.0,0.0,0.0,324.0,0.0,100470.0
2025-04-09 04:00:00,22.0934324477011,21.1023179188754,0.0,2.225714285714286,13.1,94,8,11.0,261,14.9,17.6,16.6,0.0,0.0,0.0,12.0,89.0,0.0,0.0,0.0,188.0,0.0,100450.0
2025-04-09 05:00:00,22.2363727655203,21.1038541660954,0.0,2.2255357142857144,12.9,94,0,8.7,273,14.6,17.4,16.6,0.0,0.0,0.0,11.0,89.0,0.0,0.0,0.0,176.0,0.0,100440.0
2025-04-09 06:00:00,22.0801062942808,20.8976408721797,0.0,2.225357142857143,12.6,94,0,6.4,278,14.4,17.2,16.6,0.0,0.0,0.02,11.0,91.0,0.0,0.0,0.0,173.0,0.0,100410.0
2025-04-09 07:00:00,22.0163044386366,20.9631820632954,0.0,2.2251785714285717,14.7,87,0,7.0,292,14.7,17.1,16.6,0.0,0.0,0.04,11.0,92.0,0.0,0.0,0.0,173.0,0.0,100400.0
2025-04-09 08:00:00,22.104859917377,20.9511379059898,0.0,2.225,17.3,78,0,5.7,306,16.0,17.0,16.6,0.0,0.0,0.14,11.0,90.0,4728.0,0.0,0.0,154.0,0.0,100430.0
2025-04-09 09:00:00,22.0693024834818,21.0111699125527,0.0,2.224821428571429,19.2,71,0,6.4,346,17.8,17.0,16.6,0.0,0.0,0.27,16.0,81.0,18089.0,1.0,0.0,179.0,0.0,100440.0
2025-04-09 10:00:00,22.2085246212316,20.9359145876511,0.0,2.2246428571428574,21.1,63,0,9.2,18,19.7,17.0,16.6,0.0,0.0,0.4,19.0,73.0,44385.0,3.0,0.0,118.0,0.0,100450.0
2025-04-09 11:00:00,21.9315604168779,20.9258263460617,0.0,2.224464285714286,22.8,57,0,11.9,33,21.5,17.2,16.6,0.0,0.0,0.5,20.0,73.0,68756.0,5.0,1.0,42.0,0.0,100490.0
2025-04-09 12:00:00,22.0461561728882,20.9033523155066,0.0,2.2242857142857146,23.4,55,3,14.6,37,23.0,17.5,16.6,0.0,0.0,0.55,21.0,66.0,86396.0,6.0,1.0,114.0,0.0,100470.0
2025-04-09 13:00:00,22.2106065018028,21.0106598306129,0.0,2.224107142857143,22.6,63,2,15.4,33,23.5,17.8,16.6,0.0,0.0,0.53,22.0,67.0,99351.0,9.0,4.0,353.0,0.0,100380.0
2025-04-09 14:00:00,22.014537447252,20.724424190097402,0.0,2.2239285714285715,22.1,63,17,15.4,36,24.0,18.2,16.6,0.0,0.0,0.49,21.0,72.0,94854.0,6.0,4.0,23.0,0.0,100320.0
2025-04-09 15:00:00,21.953491079421,20.7386093746297,0.0,2.2237500000000003,21.5,66,95,15.6,42,24.1,18.5,16.6,0.0,0.0,0.42,21.0,71.0,90484.0,7.0,4.0,31.0,0.0,100260.0
2025-04-09 16:00:00,22.0041294335265,20.6714842685004,0.0,2.2235714285714288,21.0,67,100,14.5,38,23.7,18.8,16.6,0.0,0.0,0.31,22.0,72.0,82578.0,7.0,5.0,44.0,0.0,100190.0
2025-04-09 17:00:00,21.8938007662465,20.9405228356071,0.0,2.223392857142857,19.6,73,100,12.1,33,22.7,19.0,16.6,0.0,0.0,0.16,20.0,76.0,42173.0,2.0,2.0,18.0,0.0,100150.0
2025-04-09 18:00:00,22.0287537010165,20.7089713197467,0.0,2.223214285714286,18.1,81,100,12.3,44,21.4,19.1,16.6,0.0,0.0,0.07,19.0,80.0,10486.0,0.0,4.0,43.0,0.0,100130.0
2025-04-09 19:00:00,22.034754993723702,20.4746259013644,0.0,2.2230357142857144,17.2,87,100,8.4,36,20.3,19.1,16.6,0.0,0.0,0.03,18.5,81.0,8218.0,0.0,3.5,37.5,0.0,100120.0
2025-04-09 20:00:00,22.0407562864309,20.7261512245311,0.0,2.222857142857143,16.1,94,34,6.9,359,19.3,19.1,16.7,0.0,0.0,0.0,18.0,82.0,5950.0,0.0,3.0,32.0,0.0,100110.0
2025-04-09 21:00:00,22.0477153956432,20.7407478409716,0.0,2.2226785714285717,14.7,100,96,3.8,8,18.3,19.1,16.7,0.0,0.0,0.0,17.0,88.0,464.0,0.0,3.0,53.0,0.0,100090.0
2025-04-09 22:00:00,22.170786758466,20.5974092660794,0.0,2.2225,14.0,100,100,2.2,15,17.4,18.9,16.7,0.0,0.0,0.0,17.0,90.0,0.0,0.0,2.0,43.0,0.0,100160.0
2025-04-09 23:00:00,21.9362923645799,20.558124337461,0.0,2.2223214285714286,13.8,100,100,1.3,10,16.6,18.8,16.7,0.0,0.0,0.0,16.0,91.0,0.0,0.0,1.0,66.0,0.0,100220.0
2025-04-10 00:00:00,21.9337014550817,20.5766026524176,0.0,2.2221428571428574,13.5,98,100,1.9,359,15.9,18.6,16.7,0.0,0.0,0.0,16.0,92.0,0.0,0.0,0.0,14.0,0.0,100230.0
2025-04-10 01:00:00,22.0840107567875,20.2564718568519,0.0,2.221964285714286,13.9,98,100,5.3,18,15.9,18.5,16.7,0.0,0.0,0.0,15.0,91.0,0.0,0.0,0.0,161.0,0.0,100210.0
2025-04-10 02:00:00,22.0058601362366,20.362010678958,0.0,2.2217857142857143,13.5,99,100,7.0,1,15.8,18.3,16.7,0.0,0.0,0.0,16.0,92.0,0.0,0.0,0.0,150.0,0.0,100220.0
2025-04-10 03:00:00,22.195626335924,20.6345891845438,0.0,2.221607142857143,13.1,99,100,6.6,349,15.6,18.1,16.7,0.0,0.0,0.0,17.0,91.0,0.0,0.0,0.0,36.0,0.0,100130.0
2025-04-10 04:00:00,22.0573021741197,20.7103851549037,0.0,2.2214285714285715,13.4,99,100,4.0,317,15.5,17.9,16.7,0.0,0.0,0.0,16.0,91.0,0.0,0.0,2.0,66.0,0.0,100090.0
2025-04-10 05:00:00,21.8522623088494,20.4703345146595,0.0,2.2212500000000004,14.0,93,100,3.0,346,15.5,17.8,16.7,0.0,0.0,0.0,16.0,91.0,0.0,0.0,0.0,66.0,0.0,100120.0
2025-04-10 06:00:00,21.6788988715837,20.4424841517405,0.0,2.221071428571429,15.1,93,100,9.6,71,15.5,17.6,16.7,0.0,0.0,0.02,17.0,90.0,0.0,0.0,0.0,222.0,0.0,100150.0
2025-04-10 07:00:00,21.6470799630962,20.5534214546918,0.0,2.2208928571428572,16.7,92,71,9.3,30,15.9,17.5,16.7,0.0,0.0,0.03,16.0,91.0,0.0,0.0,0.0,113.0,0.0,100090.0
2025-04-10 08:00:00,21.6671177651551,20.4438899797412,0.0,2.220714285714286,18.7,84,99,9.4,356,16.9,17.4,16.7,0.0,0.0,0.11,16.0,91.0,38.0,0.0,0.0,70.0,0.0,100100.0
2025-04-10 09:00:00,21.6627570053504,20.362026152542,0.0,2.2205357142857145,21.3,70,100,8.5,342,18.4,17.4,16.7,0.0,0.0,0.24,17.0,90.0,2506.0,0.0,0.0,179.0,0.0,100160.0
2025-04-10 10:00:00,21.7821826308288,20.2801730325817,0.0,2.220357142857143,22.9,59,100,11.3,355,20.2,17.5,16.8,0.0,0.0,0.37,17.0,87.0,9176.0,0.0,0.0,126.0,0.0,100160.0
2025-04-10 11:00:00,21.85367405734,20.4056817582873,0.0,2.220178571428572,23.0,56,100,10.7,13,21.7,17.7,16.8,0.0,0.0,0.46,18.0,84.0,37620.0,2.0,1.0,124.0,0.0,100150.0
2025-04-10 12:00:00,21.9617824858931,20.5075715389008,0.0,2.22,23.7,56,94,12.1,33,23.1,18.0,16.8,0.0,0.0,0.51,20.0,78.0,36739.0,3.0,2.0,67.0,0.0,100210.0
2025-04-10 13:00:00,21.7689717412232,20.1611746806398,0.0,2.22,21.5,70,100,16.8,38,22.7,18.1,16.8,0.0,0.0,0.43,20.0,78.0,64737.0,5.0,3.0,31.0,0.0,100230.0
2025-04-10 14:00:00,21.6893945988882,20.4151526678626,0.0,2.22,20.4,74,100,14.6,41,22.8,18.4,16.8,0.0,0.0,0.34,20.0,78.0,79870.0,6.0,4.0,6.0,0.0,100230.0
2025-04-10 15:00:00,21.675657198375,20.4872713371272,0.0,2.22,19.4,78,100,16.3,45,22.2,18.6,16.8,0.0,0.0,0.21,20.0,81.0,32985.0,2.0,5.0,32.0,0.0,100250.0
2025-04-10 16:00:00,21.801113903149,20.2258814311772,0.0,2.22,18.8,80,100,17.5,45,21.6,18.7,16.8,0.0,0.0,0.18,19.0,81.0,28404.0,2.0,5.0,42.0,0.0,100250.0
2025-04-10 17:00:00,21.6783126722953,20.3658042486857,0.0,2.22,18.1,84,100,16.4,47,20.9,18.9,16.8,0.0,0.0,0.12,19.0,84.0,13326.0,0.0,5.0,66.0,0.0,100230.0
2025-04-10 18:00:00,21.7069440571779,20.4215791422017,0.0,2.22,17.4,87,100,14.8,50,20.1,18.9,16.8,0.0,0.0,0.06,18.0,85.0,10087.0,0.0,4.0,54.0,0.0,100220.0
2025-04-10 19:00:00,21.770350544459,20.1948023785908,0.0,2.22,16.2,93,100,13.2,50,19.2,18.9,16.8,0.0,0.0,0.02,18.0,85.0,8056.0,0.0,4.0,90.0,0.0,100190.0
2025-04-10 20:00:00,21.72681212236525,20.3376797461942,0.0,2.22,16.1,94,100,15.7,49,18.6,18.9,16.8,0.0,0.0,0.0,18.0,86.0,2441.0,0.0,4.0,48.0,0.0,100200.0
2025-04-10 21:00:00,21.6832737002715,19.9823560635029,0.0,2.22,16.0,95,100,17.2,52,18.2,18.8,16.8,0.0,0.0,0.0,17.0,88.0,61.0,0.0,3.0,77.0,0.0,100230.0
2025-04-10 22:00:00,21.737901537513,20.0513204914771,0.0,2.22,16.1,95,100,15.9,52,17.9,18.7,16.8,0.0,0.0,0.0,17.0,88.0,0.0,0.0,2.0,48.0,0.0,100230.0
2025-04-10 23:00:00,21.731361494476,20.1073929834829,0.0,2.22,15.6,97,100,15.8,50,17.6,18.6,16.9,0.0,0.0,0.0,17.0,88.0,0.0,0.0,2.0,64.0,0.0,100230.0
2025-04-11 00:00:00,21.5256054143505,20.0500631070343,0.0,2.22,15.5,97,100,15.3,50,17.4,18.5,16.9,0.0,0.0,0.0,17.0,89.0,0.0,0.0,3.0,65.0,0.0,100210.0
2025-04-11 01:00:00,21.7345216386878,20.0917636386522,0.0,2.22,15.7,95,100,17.7,49,17.6,18.5,16.9,0.0,0.0,0.0,17.0,90.0,0.0,0.0,3.0,48.0,0.0,100220.0
2025-04-11 02:00:00,21.6657277810502,20.1254297866712,0.0,2.22,15.3,99,100,13.3,42,17.3,18.4,16.9,0.0,0.0,0.0,17.0,91.0,0.0,0.0,2.0,60.0,0.0,100200.0
2025-04-11 03:00:00,21.663690144228703,20.068148793208,0.0,2.22,14.9,100,100,10.4,27,17.1,18.3,16.9,0.0,0.0,0.0,17.0,92.0,0.0,0.0,1.0,88.0,0.0,100110.0
2025-04-11 04:00:00,21.6616525074072,20.047108889961,0.0,2.22,14.6,100,100,9.0,8,16.9,18.2,16.9,0.0,0.0,0.0,17.0,93.0,0.0,0.0,1.0,48.0,0.0,100040.0
2025-04-11 05:00:00,21.5303711713667,20.058484392921,0.0,2.22,14.3,99,100,8.7,354,16.6,18.1,16.9,0.0,0.0,0.0,17.0,92.0,0.0,0.0,1.0,6.0,0.0,99940.0
2025-04-11 06:00:00,21.4694264632252,20.092909988425,0.0,2.22,14.6,96,100,8.3,350,16.4,18.0,16.9,0.0,0.0,0.02,17.0,92.0,0.0,0.0,0.0,353.0,0.0,99940.0
2025-04-11 07:00:00,21.6206598741715,19.9715824670243,0.0,2.22,16.0,90,100,8.4,353,16.4,17.9,16.9,0.0,0.0,0.03,17.0,92.0,0.0,0.0,0.0,330.0,0.0,99970.0
2025-04-11 08:00:00,21.4769034555111,19.9777784164941,0.0,2.22,18.6,81,100,7.6,354,17.0,17.8,16.9,0.0,0.0,0.1,16.0,93.0,228.0,0.0,0.0,25.0,0.0,99950.0
2025-04-11 09:00:00,21.4482534383349,20.1309391950125,0.0,2.22,20.1,77,100,9.0,358,18.2,17.8,16.9,0.0,0.0,0.19,16.0,94.0,2991.0,0.0,2.0,282.0,0.0,100010.0
2025-04-11 10:00:00,21.5341747806852,20.1605540271121,0.0,2.22,23.8,68,100,7.5,1,19.9,17.8,16.9,0.0,0.0,0.33,17.0,92.0,7460.0,0.0,2.0,18.0,0.0,99960.0
2025-04-11 11:00:00,21.5847439794415,19.9668272463969,0.0,2.22,25.2,67,100,2.4,65,21.2,18.0,16.9,0.0,0.0,0.33,18.0,89.0,16476.0,1.0,2.0,33.0,0.0,100000.0
2025-04-11 12:00:00,21.7064793002134,20.5844691157126,23.462646671043515,2.22,27.0,56,100,5.4,177,22.5,18.2,16.9,0.0,0.0,0.34,18.0,88.0,32495.0,2.0,2.0,21.0,0.0,100040.0
2025-04-11 13:00:00,21.7475406755474,21.9611971726023,0.0,2.22,22.2,75,100,19.0,14,22.0,18.3,16.9,0.0,0.0,0.4,19.0,85.0,36728.0,2.0,3.0,42.0,0.0,100070.0
2025-04-11 14:00:00,21.7301150782653,22.5060119685698,0.0,2.22,21.8,74,100,17.1,0,22.5,18.5,16.9,0.0,0.0,0.37,19.0,85.0,33390.0,2.0,4.0,21.0,0.0,100050.0
2025-04-11 15:00:00,21.6724855019214,22.6827158302478,0.0,2.22,19.6,77,100,19.2,348,22.2,18.7,16.9,0.0,0.0,0.25,18.0,87.0,20850.0,1.0,3.0,30.0,0.0,100060.0
2025-04-11 16:00:00,21.5521871875035,22.9824867720639,0.0,2.22,18.0,86,100,8.3,350,22.0,18.9,17.0,0.0,0.0,0.24,19.0,83.0,41574.0,2.0,3.0,20.0,0.0,99980.0
2025-04-11 17:00:00,21.654977215491,23.0035060689968,0.0,2.22,18.0,85,94,7.3,41,21.6,19.0,17.0,0.0,0.0,0.15,19.0,84.0,29554.0,2.0,2.0,24.0,0.0,99960.0
2025-04-11 18:00:00,21.7161045038762,23.1269515699535,0.0,2.22,16.3,92,98,8.1,16,20.7,19.1,17.0,0.0,0.0,0.06,19.0,85.0,18212.0,1.0,4.0,39.0,0.0,99960.0
2025-04-11 19:00:00,21.6695055379856,23.0328231932897,0.0,2.22,15.3,96,100,3.3,191,19.6,19.1,17.0,0.0,0.0,0.01,18.0,88.0,6181.0,0.0,3.0,19.0,0.0,99990.0
2025-04-11 20:00:00,21.709307188529,22.9800179374083,0.0,2.22,15.2,97,100,2.9,356,18.7,19.1,17.0,0.0,0.0,0.0,17.0,90.0,1474.0,0.0,1.0,59.0,0.0,100000.0
2025-04-11 21:00:00,21.6057364029954,23.0825847225277,0.0,2.22,14.4,100,98,1.6,41,17.9,19.0,17.0,0.0,0.0,0.0,17.0,92.0,0.0,0.0,2.0,43.0,0.0,100060.0
2025-04-11 22:00:00,21.7865169208666,23.0199489000288,0.0,2.22,14.0,100,100,3.0,9,17.2,18.9,17.0,0.0,0.0,0.0,17.0,95.0,0.0,0.0,2.0,54.0,0.0,100060.0
2025-04-11 23:00:00,21.9047216052459,23.2858736270148,0.0,2.22,13.1,100,100,2.8,340,16.7,18.7,17.0,0.0,0.0,0.0,17.0,93.0,0.0,0.0,0.0,78.0,0.0,100090.0
2025-04-12 00:00:00,21.859789604086,23.0291752018435,0.0,2.22,12.9,100,100,2.4,316,16.2,18.5,17.0,0.0,0.0,0.0,17.0,92.0,0.0,0.0,2.0,71.0,0.0,100120.0
2025-04-12 01:00:00,22.0016973824687,23.154166041577,0.0,2.22,15.6,98,100,10.1,77,17.2,18.9,17.1,0.0,0.0,0.0,16.0,95.0,0.0,0.0,1.0,54.0,0.0,100170.0
2025-04-12 02:00:00,22.3010436735291,23.0684208185153,0.0,2.22,15.0,100,100,11.6,58,17.1,18.8,17.1,0.0,0.0,0.0,16.0,95.0,0.0,0.0,2.0,60.0,0.0,100160.0
2025-04-12 03:00:00,22.32036358232,23.0470135193655,0.0,2.22,14.7,99,100,6.6,36,16.9,18.6,17.1,0.1,0.1,0.0,16.0,96.0,0.0,0.0,2.0,82.0,0.0,100130.0
2025-04-12 04:00:00,22.3871811414601,23.1824013337876,0.0,2.22,14.6,99,100,3.7,346,16.7,18.5,17.1,0.0,0.0,0.0,16.0,95.0,0.0,0.0,2.0,66.0,0.0,100030.0
2025-04-12 05:00:00,22.6785540660782,23.1046230005519,0.0,2.22,14.1,99,100,7.9,283,16.4,18.4,17.1,0.0,0.0,0.0,16.0,95.0,0.0,0.0,1.0,36.0,0.0,99990.0
2025-04-12 06:00:00,22.6900073881241,22.9807723744685,0.0,2.22,14.2,99,100,7.4,300,16.2,18.2,17.1,0.0,0.0,0.01,16.0,95.0,0.0,0.0,0.0,90.0,0.0,99930.0
2025-04-12 07:00:00,22.7744122675428,23.062265020208,0.0,2.22,15.1,97,100,6.4,317,16.5,18.1,17.1,0.0,0.0,0.03,16.0,95.0,0.0,0.0,0.0,48.0,0.0,99880.0
2025-04-12 08:00:00,22.8955309852687,23.1002925234583,0.0,2.22,15.4,99,100,6.3,335,16.7,18.0,17.1,0.0,0.0,0.04,16.0,95.0,370.0,0.0,1.0,314.0,0.0,99970.0
2025-04-12 09:00:00,22.7042101422597,22.9766510596588,0.0,2.22,15.6,97,100,8.3,344,17.0,17.9,17.1,0.0,0.0,0.05,16.0,94.0,1333.0,0.0,0.0,43.0,0.0,100090.0
2025-04-12 10:00:00,22.9740598093464,22.9135562431277,0.0,2.22,16.3,93,100,7.9,330,17.5,17.8,17.1,0.0,0.0,0.09,17.0,92.0,2369.0,0.0,2.0,42.0,0.0,100120.0
2025-04-12 11:00:00,23.0637233098346,23.0514191612973,0.0,2.22,17.8,86,100,10.1,341,18.2,17.8,17.1,0.3,0.3,0.15,17.0,90.0,8526.0,0.0,3.0,144.0,0.0,100150.0
2025-04-12 12:00:00,23.1093578005287,22.9501888829031,0.0,2.22,18.8,82,100,12.7,344,18.9,17.9,17.1,0.1,0.1,0.23,17.0,89.0,10330.0,0.0,0.0,53.0,0.0,100130.0
2025-04-12 13:00:00,23.3483308697031,22.9164842394725,0.0,2.22,19.1,87,100,9.1,57,18.4,17.8,17.1,0.3,0.3,0.17,17.0,92.0,7190.0,0.0,1.0,320.0,0.0,100220.0
2025-04-12 14:00:00,23.2939320091471,22.99195277007,0.0,2.22,19.0,85,100,11.0,14,18.9,17.8,17.1,0.0,0.0,0.17,17.0,90.0,3807.0,0.0,0.0,86.0,0.0,100230.0
2025-04-12 15:00:00,23.4467993719694,22.9569334929758,0.0,2.22,18.5,85,100,11.0,358,19.1,17.9,17.1,0.1,0.1,0.16,18.0,88.0,13549.0,1.0,4.0,96.0,0.0,100100.0
2025-04-12 16:00:00,23.3800855907186,22.8273314831786,0.0,2.22,18.7,82,100,8.7,32,19.5,18.0,17.1,0.0,0.0,0.19,18.0,87.0,15233.0,1.0,0.0,36.0,0.0,100050.0
2025-04-12 17:00:00,23.4995426981115,22.8180899349456,0.0,2.22,17.4,87,100,7.9,25,19.3,18.0,17.1,0.0,0.0,0.09,18.0,90.0,18226.0,1.0,3.0,45.0,0.0,99930.0
2025-04-12 18:00:00,23.3143355344625,22.9194317856265,0.0,2.22,16.8,89,100,0.0,104,18.8,18.1,17.1,0.0,0.0,0.04,17.0,93.0,3203.0,0.0,0.0,53.0,0.0,99940.0
2025-04-12 19:00:00,23.5925022684495,22.7931353189661,0.0,2.22,16.4,93,100,1.5,273,18.1,18.1,17.1,0.5,0.5,0.02,17.0,95.0,2262.0,0.0,2.0,169.0,2.0,99890.0
2025-04-12 20:00:00,23.5741721089716,22.8041686820456,0.0,2.22,16.1,97,100,4.4,343,17.5,18.0,17.1,0.7,0.7,0.0,17.0,96.0,378.0,0.0,2.0,274.0,0.0,99910.0
2025-04-12 21:00:00,23.4563677655065,22.7069770775446,0.0,2.22,15.8,98,100,2.7,323,17.0,18.0,17.1,0.4,0.4,0.0,17.0,97.0,0.0,0.0,2.0,294.0,3.0,99900.0
2025-04-12 22:00:00,23.8266091237867,22.7084910745355,0.0,2.22,15.8,98,99,1.3,327,16.7,17.9,17.1,0.1,0.1,0.0,16.0,97.0,0.0,0.0,4.0,103.0,6.0,99860.0
2025-04-12 23:00:00,23.6810600521288,22.9201245145146,0.0,2.22,15.5,98,76,3.8,335,16.4,17.8,17.1,0.0,0.0,0.0,16.0,96.0,0.0,0.0,0.0,144.0,1.0,99980.0
2025-04-13 00:00:00,24.0817659498242,22.9744784505302,0.0,2.22,15.0,99,34,0.5,315,16.0,17.7,17.1,0.0,0.0,0.0,17.0,93.0,0.0,0.0,0.0,124.0,1.0,99920.0
2025-04-13 01:00:00,24.3717289710779,23.0460226473872,0.0,2.22,15.5,99,93,2.9,46,16.4,17.6,17.1,0.0,0.0,0.0,18.0,81.0,0.0,0.0,5.0,329.0,1.0,99830.0
2025-04-13 02:00:00,24.5883929970814,23.0475024494638,0.0,2.22,15.2,100,100,1.9,353,16.0,17.5,17.1,0.0,0.0,0.0,16.0,94.0,0.0,0.0,0.0,118.0,0.0,99910.0
2025-04-13 03:00:00,24.8777177241259,23.1632137878234,0.0,2.22,14.9,100,100,3.9,20,15.8,17.4,17.1,0.0,0.0,0.0,16.0,95.0,0.0,0.0,0.0,102.0,0.0,99840.0
2025-04-13 04:00:00,24.8442743456429,23.2788558883826,0.0,2.22,15.2,100,100,5.4,45,15.9,17.3,17.1,0.0,0.0,0.0,15.0,96.0,0.0,0.0,0.0,356.0,0.0,99800.0
2025-04-13 05:00:00,25.1346073187691,23.282381253075,0.0,2.22,15.3,99,100,2.7,51,15.9,17.2,17.1,4.5,4.5,0.0,16.0,97.0,0.0,0.0,0.0,78.0,0.0,99740.0
2025-04-13 06:00:00,25.188021680777,23.1566373513673,0.0,2.22,15.4,99,100,2.2,56,16.0,17.1,17.1,7.6,7.6,0.01,16.0,97.0,0.0,0.0,0.0,48.0,0.0,99720.0
2025-04-13 07:00:00,25.3549974805481,23.2209396623462,0.0,2.22,15.6,96,97,2.4,153,16.1,17.0,17.1,6.3,6.3,0.02,16.0,97.0,0.0,0.0,0.0,169.0,2.0,99810.0
2025-04-13 08:00:00,25.5855623412512,23.4185510021087,0.0,2.22,16.3,93,100,5.2,256,16.4,17.0,17.1,1.4,1.4,0.06,16.0,97.0,683.0,0.0,2.0,0.0,4.0,99640.0
2025-04-13 09:00:00,25.7127571000364,23.2827546713075,0.0,2.22,17.3,86,100,7.4,274,17.0,17.0,17.1,0.3,0.3,0.13,16.0,97.0,6488.0,0.0,2.0,145.0,1.0,99810.0
2025-04-13 10:00:00,25.8503071957236,23.4683428886284,0.0,2.22,17.4,84,100,6.9,288,17.1,17.0,17.1,0.2,0.2,0.1,17.0,97.0,15293.0,1.0,1.0,354.0,0.0,99890.0
2025-04-13 11:00:00,26.2652448084314,23.5005799547319,0.0,2.22,17.5,84,100,8.1,317,17.4,17.0,17.1,0.4,0.4,0.12,17.0,95.0,30188.0,2.0,0.0,12.0,0.0,99840.0
2025-04-13 12:00:00,25.9461219576842,23.5048271442038,0.0,2.22,17.8,82,100,7.7,323,17.6,17.0,17.1,0.3,0.3,0.15,18.0,87.0,52633.0,4.0,2.0,295.0,0.0,99860.0
2025-04-13 13:00:00,25.9333921549974,23.5224025266161,0.0,2.22,16.5,88,100,11.5,299,17.5,17.2,17.1,5.2,5.2,0.13,19.0,85.0,26545.0,3.0,4.0,351.0,0.0,99860.0
2025-04-13 14:00:00,26.0341178098677,23.6453586499082,0.0,2.22,17.5,85,96,7.9,250,17.7,17.2,17.1,0.6,0.6,0.15,17.0,90.0,5698.0,0.0,4.0,322.0,0.0,99890.0
2025-04-13 15:00:00,26.1135104035266,23.4865901337054,0.0,2.22,18.7,78,96,6.1,284,18.4,17.3,17.1,0.1,0.1,0.24,17.0,94.0,12931.0,1.0,2.0,44.0,0.0,99890.0
2025-04-13 16:00:00,26.2599666784332,23.5471474803026,0.0,2.22,18.2,76,40,3.8,262,18.6,17.4,17.1,0.0,0.0,0.15,17.0,95.0,14128.0,1.0,2.0,20.0,25.0,99890.0
2025-04-13 17:00:00,26.8255667872835,23.7201027271219,0.0,2.22,18.8,70,27,2.8,227,19.0,17.5,17.1,0.0,0.0,0.2,18.0,92.0,7702.0,0.0,3.0,77.0,0.0,99900.0
2025-04-13 18:00:00,27.6947318928878,23.945608077219,0.0,2.22,17.9,79,28,2.9,182,18.6,17.6,17.1,0.0,0.0,0.08,18.0,89.0,29036.0,2.0,2.0,162.0,76.0,99920.0
2025-04-13 19:00:00,27.6409446395248,23.9237411198357,0.0,2.22,15.6,80,38,5.2,193,17.4,17.6,17.1,0.0,0.0,0.02,18.0,84.0,10773.0,0.0,2.0,180.0,0.0,99970.0
2025-04-13 20:00:00,27.4827707816229,24.1188463002898,0.0,2.22,14.8,82,81,7.7,203,16.6,17.5,17.1,0.0,0.0,0.0,18.0,88.0,1696.0,0.0,2.0,126.0,0.0,99950.0
2025-04-13 21:00:00,27.3355420025765,24.1064816260931,0.0,2.22,14.5,83,14,7.6,210,16.1,17.4,17.1,0.0,0.0,0.0,16.0,94.0,0.0,0.0,0.0,48.0,0.0,99970.0
2025-04-13 22:00:00,27.1855007199685,24.0206522809567,0.0,2.22,13.9,87,5,6.2,212,15.6,17.3,17.1,0.0,0.0,0.0,15.0,95.0,0.0,0.0,0.0,179.0,0.0,100010.0
2025-04-13 23:00:00,27.5478616061382,24.0786655633765,0.0,2.22,13.3,90,10,5.4,208,15.2,17.2,17.1,0.0,0.0,0.0,15.0,94.0,0.0,0.0,0.0,198.0,0.0,100070.0
2025-04-14 00:00:00,27.4712224664864,24.0072754631537,0.0,2.22,12.8,92,18,5.6,222,14.9,17.0,17.1,0.0,0.0,0.0,16.0,88.0,0.0,0.0,0.0,198.0,0.0,100060.0
2025-04-14 01:00:00,27.3656843626332,24.0824337654044,0.0,2.22,13.5,90,3,6.1,225,15.3,17.0,17.1,0.0,0.0,0.0,15.0,91.0,0.0,0.0,1.0,211.0,0.0,100050.0
2025-04-14 02:00:00,27.2109413823031,24.0473308360275,0.0,2.22,13.0,91,15,5.7,230,14.8,16.8,17.1,0.0,0.0,0.0,14.0,91.0,0.0,0.0,1.0,234.0,0.0,100020.0
2025-04-14 03:00:00,26.9496544142494,23.9795472425875,0.0,2.22,12.5,91,68,4.8,254,14.4,16.7,17.1,0.4,0.4,0.0,14.0,92.0,0.0,0.0,2.0,270.0,0.0,99970.0
2025-04-14 04:00:00,27.2658400167819,23.9850586452172,0.0,2.22,13.3,91,42,5.9,217,14.2,16.5,17.1,0.3,0.3,0.0,13.0,92.0,0.0,0.0,1.0,246.0,0.0,99950.0
2025-04-14 05:00:00,27.0063722397102,23.9066752825072,0.0,2.22,13.0,92,16,6.4,203,14.0,16.4,17.1,0.0,0.0,0.0,13.0,93.0,0.0,0.0,1.0,198.0,0.0,99950.0
2025-04-14 06:00:00,27.0663067325304,24.1019927732409,0.0,2.22,12.9,92,7,6.8,200,13.7,16.2,17.1,0.0,0.0,0.02,13.0,92.0,0.0,0.0,1.0,211.0,0.0,99940.0
2025-04-14 07:00:00,26.8678001913337,24.0796200985305,0.0,2.22,15.4,86,2,9.7,200,14.2,16.0,17.1,0.0,0.0,0.05,12.0,93.0,0.0,0.0,2.0,198.0,0.0,99960.0
2025-04-14 08:00:00,27.0482094733645,24.0501433667879,0.0,2.22,18.1,75,2,9.4,210,15.5,16.0,17.1,0.0,0.0,0.16,14.0,91.0,6252.0,0.0,1.0,211.0,0.0,100000.0
2025-04-14 09:00:00,26.9107564382833,24.0527484941888,0.0,2.22,20.2,65,1,10.7,223,17.2,16.0,17.0,0.0,0.0,0.29,16.0,85.0,19128.0,1.0,2.0,252.0,0.0,100020.0
2025-04-14 10:00:00,26.8979923407461,23.9172618817128,0.0,2.22,22.0,54,18,13.8,244,18.8,16.2,17.0,0.0,0.0,0.42,17.0,81.0,47820.0,3.0,3.0,246.0,0.0,100020.0
2025-04-14 11:00:00,26.9872394090604,23.9887400827901,0.0,2.22,22.8,50,36,15.3,258,20.1,16.5,17.0,0.1,0.1,0.48,20.0,70.0,75384.0,6.0,3.0,288.0,0.0,100020.0
2025-04-14 12:00:00,26.9277668341067,23.8930617508142,0.0,2.22,22.9,50,41,12.2,292,21.0,16.8,17.0,0.2,0.2,0.49,22.0,62.0,94121.0,9.0,2.0,255.0,0.0,100030.0
2025-04-14 13:00:00,26.6704907298096,23.907185551438,0.0,2.22,22.7,52,94,12.0,311,21.8,17.0,17.0,0.2,0.2,0.52,21.0,66.0,74953.0,6.0,5.0,12.0,0.0,100030.0
2025-04-14 14:00:00,26.7709386654002,23.763429401404,0.0,2.22,21.2,64,63,14.2,330,22.0,17.4,17.0,0.1,0.1,0.42,21.0,65.0,41636.0,4.0,4.0,17.0,0.0,99970.0
2025-04-14 15:00:00,26.7297769828934,23.7890047184928,0.0,2.22,20.5,67,31,11.8,343,22.0,17.7,17.0,0.0,0.0,0.35,21.0,67.0,102228.0,7.0,2.0,358.0,0.0,99920.0
2025-04-14 16:00:00,26.379740538075,23.6767634093519,0.0,2.22,20.2,67,12,7.9,351,21.9,18.0,17.0,0.0,0.0,0.3,20.0,69.0,92948.0,8.0,6.0,355.0,0.0,99890.0
2025-04-14 17:00:00,26.6087641651789,23.843294773625,0.0,2.22,19.5,69,35,8.6,358,21.3,18.2,17.0,0.0,0.0,0.19,21.0,65.0,40948.0,3.0,4.0,8.0,0.0,99870.0
2025-04-14 18:00:00,26.5948920426938,23.7577734618386,0.0,2.22,18.3,73,47,6.3,6,20.3,18.4,17.0,0.0,0.0,0.09,19.0,69.0,20840.0,1.0,6.0,330.0,0.0,99880.0
2025-04-14 19:00:00,26.4625004108416,23.6961788069273,0.0,2.22,16.5,82,52,3.4,14,19.1,18.4,17.0,0.0,0.0,0.02,19.0,71.0,12948.0,1.0,3.0,11.0,0.0,99890.0
2025-04-14 20:00:00,26.4593469416025,23.6143222763582,0.0,2.22,16.3,82,69,5.2,77,18.3,18.4,17.0,0.0,0.0,0.0,18.0,78.0,1415.0,0.0,0.0,30.0,0.0,99920.0
2025-04-14 21:00:00,26.4527270208924,23.578373030799,0.0,2.22,15.3,88,62,3.1,84,17.6,18.4,17.1,0.0,0.0,0.0,16.0,86.0,0.0,0.0,2.0,95.0,0.0,99960.0
2025-04-14 22:00:00,26.5646559026544,23.6300473178602,0.0,2.22,14.7,90,99,3.0,150,16.9,18.3,17.1,0.0,0.0,0.0,15.0,87.0,0.0,0.0,3.0,130.0,0.0,100050.0
2025-04-14 23:00:00,26.3315617707283,23.6076482657289,0.0,2.22,15.2,88,91,3.1,175,16.7,18.1,17.1,0.0,0.0,0.0,15.0,88.0,0.0,0.0,2.0,103.0,0.0,100100.0
2025-04-15 00:00:00,26.2557150465609,23.6108760040939,0.0,2.22,14.2,91,86,2.1,243,16.2,18.0,17.1,0.0,0.0,0.0,15.0,88.0,0.0,0.0,0.0,138.0,0.0,100090.0
2025-04-15 01:00:00,26.1050549733538,23.6611251915946,0.0,2.22,14.3,90,26,1.3,310,16.3,17.9,17.1,0.0,0.0,0.0,14.0,91.0,0.0,0.0,0.0,97.0,0.0,100000.0
2025-04-15 02:00:00,26.0273519505995,23.5367878202309,0.0,2.22,14.0,90,42,4.3,176,15.9,17.8,17.1,0.0,0.0,0.0,13.0,93.0,0.0,0.0,0.0,192.0,0.0,99990.0
2025-04-15 03:00:00,26.0368166040191,23.6398722012932,0.0,2.22,13.4,90,82,6.5,215,15.4,17.6,17.1,0.0,0.0,0.0,13.0,94.0,0.0,0.0,0.0,204.0,0.0,99920.0
2025-04-15 04:00:00,26.0462812574387,23.5472762844876,0.0,2.22,15.1,75,50,14.7,210,15.3,17.4,17.1,0.0,0.0,0.03,13.0,95.0,0.0,0.0,0.0,228.0,0.0,99820.0
2025-04-15 05:00:00,25.9698423939996,23.454680367682,0.0,2.22,15.9,68,77,18.0,211,15.4,17.3,17.1,0.0,0.0,0.06,13.0,95.0,0.0,0.0,0.0,240.0,0.0,99800.0
2025-04-15 06:00:00,26.1203166372254,23.4431893632122,0.0,2.22,16.1,65,67,21.4,217,15.5,17.2,17.1,0.0,0.0,0.09,13.0,95.0,0.0,0.0,0.0,262.0,0.0,99720.0
2025-04-15 07:00:00,25.95557854732,23.4169214190178,0.0,2.22,16.8,64,8,21.9,224,15.8,17.1,17.1,0.0,0.0,0.12,14.0,86.0,45.0,0.0,0.0,270.0,0.0,99720.0
2025-04-15 08:00:00,26.0741866222539,23.4740601940773,0.0,2.22,17.3,66,56,20.9,262,16.5,17.0,17.1,0.4,0.4,0.18,14.0,82.0,4232.0,0.0,2.0,302.0,0.0,99790.0
2025-04-15 09:00:00,25.9638913439127,23.2566145047389,0.0,2.22,15.3,80,100,17.9,281,16.4,17.0,17.1,2.0,2.0,0.15,17.0,79.0,21276.0,1.0,3.0,336.0,0.0,99840.0
2025-04-15 10:00:00,26.0859716383925,23.3280332084549,0.0,2.22,14.1,89,97,10.4,248,15.7,16.9,17.1,1.3,1.3,0.07,15.0,81.0,37696.0,3.0,7.0,0.0,0.0,99890.0
2025-04-15 11:00:00,25.986449395169,23.2166801190685,0.0,2.22,15.7,77,100,9.2,242,16.6,16.9,17.1,0.4,0.4,0.25,13.0,84.0,7823.0,0.0,5.0,318.0,0.0,100000.0
2025-04-15 12:00:00,25.9136951646108,23.3098861887145,0.0,2.22,15.4,77,100,8.5,245,16.5,16.8,17.1,0.4,0.4,0.14,13.0,88.0,20635.0,2.0,0.0,308.0,10.0,100120.0
2025-04-15 13:00:00,25.9216871697038,23.3261210775925,0.0,2.22,15.9,75,85,7.7,256,16.4,16.8,17.0,0.3,0.3,0.17,13.0,92.0,21182.0,1.0,2.0,240.0,7.0,100140.0
2025-04-15 14:00:00,26.2596086432001,23.2906488334661,0.0,2.22,15.6,68,98,10.5,281,16.8,16.8,17.0,0.3,0.3,0.21,14.0,87.0,8214.0,0.0,0.0,194.0,6.0,100130.0
2025-04-15 15:00:00,26.6535797851807,23.3207418528484,0.0,2.22,16.9,64,99,8.8,268,17.5,16.8,17.0,0.1,0.1,0.26,14.0,89.0,24865.0,2.0,3.0,198.0,15.0,100120.0
2025-04-15 16:00:00,26.8831688584779,23.6807710259851,0.0,2.22,15.4,67,100,5.2,277,17.1,16.9,17.0,0.2,0.2,0.11,15.0,83.0,34904.0,2.0,1.0,276.0,0.0,100030.0
2025-04-15 17:00:00,26.8340350713776,23.5679916264748,0.0,2.22,15.6,67,92,9.3,230,16.9,16.9,17.0,0.1,0.1,0.1,15.5,81.0,31248.5,2.0,1.5,273.0,0.0,100015.0
2025-04-15 18:00:00,26.8611333287089,23.723990727731,0.0,2.22,14.2,78,78,13.7,201,16.2,16.9,17.0,0.3,0.3,0.07,16.0,79.0,27593.0,2.0,2.0,270.0,0.0,100000.0
2025-04-15 19:00:00,27.0394434058429,23.7187370296948,0.0,2.22,12.9,78,53,11.1,205,15.3,16.8,17.0,0.0,0.0,0.04,14.0,86.0,11914.0,1.0,1.0,246.0,0.0,100030.0
2025-04-15 20:00:00,26.9843435935956,23.7652332525157,0.0,2.22,11.9,81,23,11.1,197,14.5,16.7,17.0,0.9,0.9,0.01,14.0,85.0,6583.0,0.0,2.0,234.0,3.0,100070.0
2025-04-15 21:00:00,26.7988689523083,23.6325716802872,0.0,2.22,10.6,86,86,3.5,226,13.7,16.5,17.0,0.0,0.0,0.0,13.0,86.0,268.0,0.0,3.0,246.0,0.0,100140.0
2025-04-15 22:00:00,27.1874561728006,23.7275269240058,0.0,2.22,10.9,85,48,16.2,209,13.3,16.3,17.0,0.0,0.0,0.01,12.0,88.0,0.0,0.0,2.0,234.0,1.0,100200.0
2025-04-15 23:00:00,27.1821616577615,23.9685824776764,0.0,2.22,11.1,78,66,14.4,230,12.9,16.1,17.0,0.0,0.0,0.02,12.0,88.0,0.0,0.0,1.0,192.0,0.0,100280.0
2025-04-16 00:00:00,27.0885827768108,23.9556905652452,0.0,2.22,10.5,81,100,6.5,249,12.6,15.9,17.0,0.0,0.0,0.0,13.0,82.0,0.0,0.0,3.0,210.0,0.0,100350.0
2025-04-16 01:00:00,27.2184650592165,23.8461065251964,0.0,2.22,11.4,74,28,15.0,255,13.0,15.5,17.0,0.0,0.0,0.03,12.0,75.0,0.0,0.0,4.0,309.0,0.0,100380.0
2025-04-16 02:00:00,27.2204089505623,23.9073114695347,0.0,2.22,11.2,72,27,14.2,253,12.6,15.3,17.0,0.0,0.0,0.03,12.0,86.0,0.0,0.0,3.0,240.0,0.0,100420.0
2025-04-16 03:00:00,27.1646374143933,23.9405784128443,0.0,2.22,11.0,68,34,16.7,256,12.4,15.2,17.0,0.0,0.0,0.04,12.0,80.0,0.0,0.0,4.0,258.0,0.0,100460.0
2025-04-16 04:00:00,27.0338388744212,24.0943439680973,0.0,2.22,10.7,68,28,17.8,250,12.2,15.0,16.9,0.0,0.0,0.05,11.0,76.0,0.0,0.0,3.0,223.0,0.0,100430.0
2025-04-16 05:00:00,27.0567061208964,23.9906647958391,0.0,2.22,10.6,68,18,19.6,243,12.1,14.8,16.9,0.0,0.0,0.05,10.0,77.0,0.0,0.0,3.0,246.0,0.0,100420.0
2025-04-16 06:00:00,27.0999968598622,23.8878176874299,0.0,2.22,10.5,69,25,20.0,245,12.0,14.7,16.9,0.0,0.0,0.07,11.0,72.0,0.0,0.0,4.0,300.0,0.0,100440.0
2025-04-16 07:00:00,26.9577109477198,23.7993204148123,0.0,2.22,11.9,64,24,22.6,247,12.3,14.5,16.9,0.0,0.0,0.1,11.0,70.0,0.0,0.0,3.0,264.0,0.0,100470.0
2025-04-16 08:00:00,26.7962874411133,23.9070207259807,0.0,2.22,13.3,59,24,25.0,244,13.1,14.5,16.9,0.0,0.0,0.17,11.0,73.0,184.0,0.0,5.0,294.0,0.0,100540.0
2025-04-16 09:00:00,27.0544290765146,24.011347110575,0.0,2.22,14.8,52,16,28.9,263,14.2,14.5,16.9,0.0,0.0,0.26,11.0,72.0,10136.0,0.0,4.0,264.0,0.0,100620.0
2025-04-16 10:00:00,26.8356582918517,23.6804409048382,0.0,2.22,16.1,46,6,29.4,273,15.4,14.5,16.9,0.0,0.0,0.36,13.0,70.0,29504.0,1.0,3.0,252.0,0.0,100650.0
2025-04-16 11:00:00,26.7485019447488,23.9120578083251,0.0,2.22,17.1,41,5,30.1,278,16.6,14.7,16.8,0.0,0.0,0.45,14.0,63.0,26432.0,2.0,6.0,290.0,0.0,100690.0
2025-04-16 12:00:00,26.7217885801074,23.9303029566944,0.0,2.22,17.8,38,1,29.5,280,17.8,14.9,16.8,0.0,0.0,0.5,16.0,56.0,87083.0,6.0,9.0,282.0,0.0,100740.0
2025-04-16 13:00:00,26.7893317838067,23.8449265699468,0.0,2.22,17.9,41,1,27.3,282,18.7,15.2,16.8,0.0,0.0,0.51,16.0,58.0,106866.0,9.0,5.0,300.0,0.0,100750.0
2025-04-16 14:00:00,26.8859736301968,23.6051007130271,0.0,2.22,18.1,39,0,24.7,284,19.2,15.5,16.8,0.0,0.0,0.49,17.0,44.0,113766.0,9.0,8.0,302.0,0.0,100760.0
2025-04-16 15:00:00,26.9654428231658,23.7614892333678,0.0,2.22,18.1,41,0,22.3,288,19.4,15.8,16.8,0.0,0.0,0.44,18.0,48.0,110177.0,9.0,5.0,324.0,0.0,100750.0
2025-04-16 16:00:00,26.5602735861408,23.9125471099095,0.0,2.22,17.7,41,0,19.1,295,19.2,16.1,16.8,0.0,0.0,0.36,18.0,44.0,95110.0,7.0,8.0,312.0,0.0,100740.0
2025-04-16 17:00:00,26.7003965172332,23.5935630726249,0.0,2.22,16.7,48,1,14.6,299,18.5,16.3,16.8,0.0,0.0,0.24,19.0,38.0,80422.0,7.0,4.0,317.0,0.0,100730.0
2025-04-16 18:00:00,26.6538358484909,23.5806581297025,0.0,2.22,15.3,64,24,4.4,288,17.6,16.4,16.8,0.0,0.0,0.09,19.0,33.0,57500.0,4.0,7.0,312.0,0.0,100720.0
2025-04-16 19:00:00,26.4676143184539,23.6551176701479,0.0,2.22,13.2,60,2,5.1,260,16.0,16.4,16.8,0.0,0.0,0.04,19.0,38.0,18749.0,1.0,4.0,306.0,0.0,100730.0
2025-04-16 20:00:00,26.438801125697,23.708180308182,0.0,2.22,12.9,60,0,8.9,227,15.0,16.4,16.8,0.0,0.0,0.03,18.0,40.0,8102.0,0.0,3.0,314.0,0.0,100790.0
2025-04-16 21:00:00,26.5250680718566,23.6749227239551,0.0,2.22,12.2,64,0,9.0,233,14.3,16.2,16.8,0.0,0.0,0.03,16.0,48.0,478.0,0.0,2.0,292.0,0.0,100820.0
2025-04-16 22:00:00,26.474919232294,23.6083658586947,0.0,2.22,11.9,67,0,9.3,235,13.8,16.1,16.8,0.0,0.0,0.02,15.0,52.0,0.0,0.0,3.0,297.0,0.0,100860.0
2025-04-16 23:00:00,26.3657453974576,23.7443525626985,0.0,2.22,11.6,71,0,9.9,225,13.5,15.9,16.8,0.0,0.0,0.02,13.0,63.0,0.0,0.0,1.0,258.0,0.0,100920.0
2025-04-17 00:00:00,26.3370088492937,23.6092277448255,0.0,2.22,11.4,74,0,10.6,214,13.2,15.8,16.7,0.0,0.0,0.02,13.0,67.0,0.0,0.0,2.0,198.0,0.0,100990.0
2025-04-17 01:00:00,26.1931696449216,23.6878731835369,0.0,2.22,11.4,75,0,6.3,211,13.6,15.7,16.7,0.0,0.0,0.01,14.0,63.0,0.0,0.0,1.0,240.0,0.0,100980.0
2025-04-17 02:00:00,26.2925087036026,23.4629236313077,0.0,2.22,10.2,81,3,4.4,215,13.0,15.5,16.7,0.0,0.0,0.0,12.0,73.0,0.0,0.0,0.0,198.0,0.0,100980.0
2025-04-17 03:00:00,26.2217281981426,23.6752660423091,0.0,2.22,9.6,84,7,6.7,209,12.5,15.3,16.7,0.0,0.0,0.0,12.0,72.0,0.0,0.0,1.0,216.0,0.0,100930.0
2025-04-17 04:00:00,26.1297762797602,23.6757370474196,0.0,2.22,9.2,86,3,5.6,216,12.1,15.2,16.7,0.0,0.0,0.0,11.0,77.0,0.0,0.0,1.0,192.0,0.0,100850.0
2025-04-17 05:00:00,26.0352119269908,23.5302145053,0.0,2.22,9.2,85,2,6.4,223,11.7,15.0,16.7,0.0,0.0,0.0,11.0,80.0,0.0,0.0,0.0,246.0,0.0,100850.0
2025-04-17 06:00:00,26.1907998482155,23.3593843342677,0.0,2.22,9.9,82,1,7.9,221,11.5,14.8,16.7,0.0,0.0,0.02,11.0,81.0,0.0,0.0,1.0,252.0,0.0,100850.0
2025-04-17 07:00:00,26.2001826359564,23.4339656918582,0.0,2.22,13.0,72,0,10.6,215,12.2,14.6,16.7,0.0,0.0,0.07,11.0,80.0,0.0,0.0,1.0,222.0,0.0,100820.0
2025-04-17 08:00:00,26.1797694726397,23.4302047771669,0.0,2.22,16.4,62,0,12.1,222,13.6,14.5,16.7,0.0,0.0,0.18,11.0,81.0,1117.0,0.0,2.0,264.0,0.0,100840.0
2025-04-17 09:00:00,26.1952497713548,23.5520833081227,0.0,2.22,18.6,53,25,14.2,232,15.4,14.6,16.6,0.0,0.0,0.31,13.0,76.0,9912.0,1.0,1.0,246.0,0.0,100840.0
2025-04-17 10:00:00,25.9264043836202,23.4009842729327,0.0,2.22,20.0,47,100,16.3,235,17.1,14.7,16.6,0.0,0.0,0.42,15.0,66.0,35414.0,2.0,2.0,240.0,0.0,100860.0
2025-04-17 11:00:00,26.0014833870089,23.3769316800249,0.0,2.22,21.0,46,100,16.5,239,18.4,15.0,16.6,0.0,0.0,0.47,18.0,56.0,67039.0,4.0,3.0,288.0,0.0,100840.0
2025-04-17 12:00:00,26.1775070451443,23.1487408646884,0.0,2.22,22.0,45,100,16.2,246,19.7,15.3,16.6,0.0,0.0,0.53,21.0,48.0,87640.0,4.0,4.0,288.0,0.0,100870.0
2025-04-17 13:00:00,25.9618437020186,23.1755293147183,0.0,2.22,23.9,40,100,10.0,259,21.0,15.7,16.6,0.0,0.0,0.54,21.0,45.0,102140.0,8.0,4.0,295.0,0.0,100860.0
2025-04-17 14:00:00,25.9194502744742,23.1989128618881,0.0,2.22,22.4,50,100,11.6,324,21.3,16.1,16.6,0.0,0.0,0.4,22.0,43.0,91612.0,8.0,1.0,240.0,0.0,100790.0
2025-04-17 15:00:00,26.0436712632518,23.2552417615001,0.0,2.22,21.8,56,99,11.0,335,21.5,16.5,16.6,0.0,0.0,0.39,23.0,42.0,80000.0,7.0,3.0,286.0,0.0,100740.0
2025-04-17 16:00:00,25.940099898359,23.252948902904,0.0,2.22,21.4,58,63,7.6,357,21.4,16.8,16.6,0.0,0.0,0.3,22.0,52.0,59256.0,5.0,3.0,24.0,0.0,100740.0
2025-04-17 17:00:00,25.827894741576,23.1436264329969,0.0,2.22,20.6,62,59,6.9,40,21.0,17.1,16.6,0.0,0.0,0.22,22.0,54.0,49024.0,4.0,3.0,6.0,0.0,100670.0
2025-04-17 18:00:00,25.7886880356832,23.1426520965818,0.0,2.22,18.8,72,94,5.0,68,20.0,17.3,16.6,0.0,0.0,0.09,22.0,57.0,58060.0,4.0,3.0,355.0,0.0,100680.0
2025-04-17 19:00:00,25.8246787787162,23.2882857981852,0.0,2.22,16.1,83,100,5.8,81,18.6,17.4,16.6,0.0,0.0,0.02,21.0,58.0,17049.0,1.0,3.0,37.0,0.0,100670.0
2025-04-17 20:00:00,25.8309663565962,23.0422490925765,0.0,2.22,15.2,86,100,5.8,86,17.5,17.4,16.6,0.0,0.0,0.0,19.0,64.0,5625.0,0.0,3.0,15.0,0.0,100680.0
2025-04-17 21:00:00,25.6884659891303,23.1773707638361,0.0,2.22,15.0,84,100,1.8,71,16.6,17.4,16.6,0.0,0.0,0.0,17.0,74.0,160.0,0.0,1.0,78.0,0.0,100700.0
2025-04-17 22:00:00,25.8341045496374,23.2523821738853,0.0,2.22,14.8,84,96,0.3,51,15.8,17.3,16.6,0.0,0.0,0.0,16.0,80.0,0.0,0.0,1.0,126.0,0.0,100720.0
2025-04-17 23:00:00,25.5780262630328,22.949017250858,0.0,2.22,14.1,85,100,2.7,171,15.1,17.2,16.6,0.0,0.0,0.0,16.0,79.0,0.0,0.0,2.0,131.0,0.0,100740.0
2025-04-18 00:00:00,25.6363785203018,23.2486356168333,0.0,2.22,13.7,84,100,3.4,180,14.6,17.0,16.6,0.0,0.0,0.0,15.0,83.0,0.0,0.0,0.0,184.0,0.0,100710.0
2025-04-18 01:00:00,25.5163814297983,23.1625557569777,0.0,2.22,14.0,84,100,3.1,184,14.7,16.9,16.6,0.0,0.0,0.0,13.0,88.0,0.0,0.0,0.0,240.0,0.0,100670.0
2025-04-18 02:00:00,25.6593826007753,23.1842354079767,0.0,2.22,13.7,83,100,1.7,126,14.3,16.7,16.6,0.0,0.0,0.0,12.0,90.0,0.0,0.0,0.0,186.0,0.0,100650.0
2025-04-18 03:00:00,25.5570679344239,22.9539763451592,0.0,2.22,13.8,82,99,0.5,49,14.0,16.5,16.6,0.0,0.0,0.0,12.0,91.0,0.0,0.0,0.0,180.0,0.0,100570.0
2025-04-18 04:00:00,25.535094045620326,22.937816015442355,0.0,2.22,13.3,83,87,0.9,25,13.6,16.3,16.6,0.0,0.0,0.0,12.272727272727273,90.18181818181819,1073.7575757575758,0.09090909090909091,0.0,178.1818181818182,0.0,100558.48484848485
2025-04-18 05:00:00,25.513120156816754,22.921655685725508,0.0,2.22,12.9,81,26,1.4,67,13.2,16.2,16.6,0.0,0.0,0.0,12.545454545454545,89.36363636363636,2147.5151515151515,0.18181818181818182,0.0,176.36363636363637,0.0,100546.9696969697
2025-04-18 06:00:00,25.491146268013182,22.90549535600866,0.0,2.22,12.9,80,41,1.9,54,12.9,16.0,16.6,0.0,0.0,0.01,12.818181818181818,88.54545454545455,3221.272727272727,0.2727272727272727,0.0,174.54545454545453,0.0,100535.45454545454
2025-04-18 07:00:00,25.46917237920961,22.889335026291814,0.0,2.22,15.3,77,100,5.4,312,13.7,15.8,16.6,0.0,0.0,0.06,13.09090909090909,87.72727272727273,4295.030303030303,0.36363636363636365,0.0,172.72727272727272,0.0,100523.93939393939
2025-04-18 08:00:00,25.447198490406038,22.873174696574967,0.0,2.22,17.8,67,92,5.8,279,15.2,15.7,16.6,0.0,0.0,0.16,13.363636363636363,86.9090909090909,5368.787878787879,0.4545454545454546,0.0,170.9090909090909,0.0,100512.42424242424
2025-04-18 09:00:00,25.425224601602466,22.85701436685812,0.0,2.22,19.4,60,60,2.4,288,16.9,15.8,16.6,0.0,0.0,0.27,13.636363636363637,86.0909090909091,6442.545454545454,0.5454545454545454,0.0,169.0909090909091,0.0,100500.90909090909
2025-04-18 10:00:00,25.403250712798894,22.840854037141273,0.0,2.22,21.2,56,52,2.9,3,18.9,15.9,16.6,0.0,0.0,0.41,13.909090909090908,85.27272727272727,7516.30303030303,0.6363636363636364,0.0,167.27272727272728,0.0,100489.39393939394
2025-04-18 11:00:00,25.38127682399532,22.824693707424426,0.0,2.22,22.6,54,61,5.8,16,20.7,16.2,16.6,0.0,0.0,0.51,14.181818181818182,84.45454545454545,8590.060606060606,0.7272727272727273,0.0,165.45454545454547,0.0,100477.87878787878
2025-04-18 12:00:00,25.359302935191753,22.80853337770758,0.0,2.22,23.2,54,51,8.8,24,22.0,16.6,16.6,0.0,0.0,0.55,14.454545454545455,83.63636363636364,9663.818181818182,0.8181818181818182,0.0,163.63636363636363,0.0,100466.36363636363
2025-04-18 13:00:00,25.33732904638818,22.792373047990733,0.0,2.22,23.1,56,45,13.0,30,22.7,16.9,16.6,0.0,0.0,0.55,14.727272727272727,82.81818181818181,10737.575757575758,0.9090909090909092,0.0,161.8181818181818,0.0,100454.84848484848
2025-04-18 14:00:00,25.31535515758461,22.776212718273886,0.0,2.22,22.4,57,10,14.6,39,23.2,17.3,16.6,0.0,0.0,0.51,15.0,82.0,11811.333333333334,1.0,0.0,160.0,0.0,100443.33333333333
2025-04-18 15:00:00,25.293381268781037,22.76005238855704,0.0,2.22,21.7,60,8,15.0,31,23.2,17.7,16.6,0.0,0.0,0.44,15.272727272727273,81.18181818181819,12885.090909090908,1.0909090909090908,0.0,158.1818181818182,0.0,100431.81818181818
2025-04-18 16:00:00,25.271407379977465,22.743892058840192,0.0,2.22,20.7,64,36,14.0,32,22.8,18.0,16.6,0.0,0.0,0.33,15.545454545454545,80.36363636363636,13958.848484848484,1.1818181818181819,0.0,156.36363636363637,0.0,100420.30303030302
2025-04-18 17:00:00,25.249433491173892,22.727731729123345,0.0,2.22,19.2,69,57,9.8,28,22.0,18.2,16.6,0.0,0.0,0.21,15.818181818181818,79.54545454545455,15032.60606060606,1.2727272727272727,0.0,154.54545454545453,0.0,100408.78787878787
2025-04-18 18:00:00,25.22745960237032,22.7115713994065,0.0,2.22,18.2,74,89,4.8,48,20.8,18.4,16.6,0.0,0.0,0.09,16.09090909090909,78.72727272727272,16106.363636363636,1.3636363636363638,0.0,152.72727272727272,0.0,100397.27272727272
2025-04-18 19:00:00,25.20548571356675,22.69541106968965,0.0,2.22,16.2,84,86,1.0,59,19.4,18.5,16.6,0.0,0.0,0.01,16.363636363636363,77.9090909090909,17180.121212121212,1.4545454545454546,0.0,150.9090909090909,0.0,100385.75757575757
2025-04-18 20:00:00,25.183511824763176,22.679250739972804,0.0,2.22,15.8,85,96,0.9,104,18.1,18.5,16.6,0.0,0.0,0.0,16.636363636363637,77.0909090909091,18253.878787878788,1.5454545454545454,0.0,149.0909090909091,0.0,100374.24242424243
2025-04-18 21:00:00,25.161537935959604,22.663090410255958,0.0,2.22,15.8,85,100,0.7,120,17.2,18.4,16.6,0.0,0.0,0.0,16.90909090909091,76.27272727272727,19327.636363636364,1.6363636363636365,0.0,147.27272727272728,0.0,100362.72727272728
2025-04-18 22:00:00,25.139564047156032,22.64693008053911,0.0,2.22,15.4,88,99,2.5,198,16.7,18.2,16.6,0.0,0.0,0.0,17.18181818181818,75.45454545454545,20401.39393939394,1.7272727272727273,0.0,145.45454545454547,0.0,100351.21212121213
2025-04-18 23:00:00,25.11759015835246,22.630769750822264,0.0,2.22,14.8,91,98,4.9,236,16.2,18.1,16.6,0.0,0.0,0.0,17.454545454545453,74.63636363636364,21475.151515151516,1.8181818181818183,0.0,143.63636363636363,0.0,100339.69696969698
2025-04-19 00:00:00,25.095616269548888,22.614609421105417,0.0,2.22,14.2,91,1,4.0,240,15.8,17.9,16.7,0.0,0.0,0.0,17.727272727272727,73.81818181818181,22548.909090909092,1.9090909090909092,0.0,141.8181818181818,0.0,100328.18181818182
2025-04-19 01:00:00,25.073642380745316,22.59844909138857,0.0,2.22,14.8,89,8,4.2,231,16.5,17.9,16.7,0.0,0.0,0.0,18.0,73.0,23622.666666666668,2.0,0.0,140.0,0.0,100316.66666666667
2025-04-19 02:00:00,25.051668491941744,22.582288761671723,0.0,2.22,15.2,84,26,1.0,311,15.9,17.7,16.7,0.0,0.0,0.0,18.272727272727273,72.18181818181819,24696.424242424244,2.090909090909091,0.0,138.1818181818182,0.0,100305.15151515152
2025-04-19 03:00:00,25.029694603138175,22.566128431954876,0.0,2.22,14.6,87,23,1.5,339,15.4,17.6,16.7,0.0,0.0,0.0,18.545454545454547,71.36363636363636,25770.181818181816,2.1818181818181817,0.0,136.36363636363637,0.0,100293.63636363637
2025-04-19 04:00:00,25.007720714334603,22.54996810223803,0.0,2.22,14.3,87,13,1.0,285,14.9,17.4,16.7,0.0,0.0,0.0,18.818181818181817,70.54545454545455,26843.939393939392,2.272727272727273,0.0,134.54545454545456,0.0,100282.12121212122
2025-04-19 05:00:00,24.98574682553103,22.533807772521182,0.0,2.22,13.6,87,14,3.6,231,14.5,17.2,16.7,0.0,0.0,0.0,19.09090909090909,69.72727272727272,27917.696969696968,2.3636363636363638,0.0,132.72727272727272,0.0,100270.60606060606
2025-04-19 06:00:00,24.96377293672746,22.517647442804336,0.0,2.22,13.5,89,21,3.3,216,14.2,17.0,16.7,0.0,0.0,0.01,19.363636363636363,68.9090909090909,28991.454545454544,2.4545454545454546,0.0,130.9090909090909,0.0,100259.09090909091
2025-04-19 07:00:00,24.941799047923887,22.50148711308749,0.0,2.22,15.9,82,20,1.7,276,15.0,16.9,16.7,0.0,0.0,0.05,19.636363636363637,68.0909090909091,30065.21212121212,2.5454545454545454,0.0,129.0909090909091,0.0,100247.57575757576
2025-04-19 08:00:00,24.919825159120315,22.485326783370642,0.0,2.22,18.0,75,16,2.1,315,16.4,16.8,16.7,0.0,0.0,0.16,19.90909090909091,67.27272727272727,31138.969696969696,2.6363636363636362,0.0,127.27272727272728,0.0,100236.06060606061
2025-04-19 09:00:00,24.897851270316743,22.469166453653795,0.0,2.22,19.8,67,90,8.0,299,18.1,16.8,16.7,0.0,0.0,0.29,20.18181818181818,66.45454545454545,32212.727272727272,2.7272727272727275,0.0,125.45454545454545,0.0,100224.54545454546
2025-04-19 10:00:00,24.87587738151317,22.453006123936948,0.0,2.22,20.0,67,36,14.4,310,19.5,17.0,16.7,0.1,0.1,0.35,20.454545454545453,65.63636363636364,33286.48484848485,2.8181818181818183,0.0,123.63636363636364,0.0,100213.0303030303
2025-04-19 11:00:00,24.8539034927096,22.4368457942201,0.0,2.22,19.7,67,93,16.7,317,20.2,17.1,16.7,0.2,0.2,0.34,20.727272727272727,64.81818181818181,34360.242424242424,2.909090909090909,0.0,121.81818181818181,0.0,100201.51515151515
2025-04-19 12:00:00,24.7794273459212,22.415408253949,0.0,2.22,19.6,65,84,17.2,321,20.7,17.3,16.7,0.1,0.1,0.36,21.0,64.0,35434.0,3.0,0.0,120.0,0.0,100190.0
2025-04-19 13:00:00,24.7927751369702,22.4268848361482,0.0,2.22,20.0,63,96,19.3,314,21.2,17.6,16.7,0.1,0.1,0.39,21.0,64.0,101505.0,7.0,5.0,341.0,0.0,100140.0
2025-04-19 14:00:00,24.8051787531638,22.3796447182207,0.0,2.22,19.5,58,100,19.9,311,21.4,17.8,16.7,0.0,0.0,0.37,20.0,60.0,80442.0,7.0,7.0,352.0,0.0,100120.0
2025-04-19 15:00:00,24.6465715111932,22.3766103149669,0.0,2.22,19.6,51,89,15.5,309,21.2,18.0,16.7,0.0,0.0,0.3,19.0,66.0,44147.0,4.0,5.0,345.0,0.0,100130.0
2025-04-19 16:00:00,24.7773771955654,22.2118370566191,0.0,2.22,18.7,53,72,11.5,324,21.0,18.2,16.7,0.0,0.0,0.27,17.0,66.0,11745.0,1.0,9.0,343.0,0.0,100140.0
2025-04-19 17:00:00,24.7607081540091,22.3652427052567,0.0,2.22,18.2,56,97,10.3,309,20.4,18.3,16.7,0.0,0.0,0.19,17.0,64.0,20657.0,1.0,4.0,351.0,0.0,100120.0
2025-04-19 18:00:00,24.6366678754164,22.2789187022969,0.0,2.22,17.3,57,100,6.7,286,19.5,18.4,16.7,0.0,0.0,0.09,17.0,65.0,7423.0,0.0,4.0,342.0,0.0,100130.0
2025-04-19 19:00:00,24.7772554546983,22.2198865785977,0.0,2.22,17.2,50,100,9.4,253,18.8,18.4,16.7,0.0,0.0,0.08,17.0,59.0,1512.0,0.0,5.0,342.0,0.0,100140.0
2025-04-19 20:00:00,24.673664617575,22.4853563380794,0.0,2.22,16.7,45,100,10.2,243,18.2,18.3,16.7,0.0,0.0,0.07,17.0,58.0,630.0,0.0,4.0,349.0,0.0,100180.0
2025-04-19 21:00:00,24.5824332240542,22.2180685277976,0.0,2.22,16.2,45,100,10.3,234,17.6,18.3,16.7,0.0,0.0,0.07,17.0,55.0,0.0,0.0,3.0,312.0,0.0,100280.0
2025-04-19 22:00:00,24.6613401850136,22.272544136403,0.0,2.22,15.8,48,100,11.0,231,17.2,18.2,16.7,0.0,0.0,0.06,16.0,52.0,0.0,0.0,2.0,282.0,0.0,100340.0
2025-04-19 23:00:00,24.6036234593269,22.2968965582529,0.0,2.22,15.4,56,100,8.6,240,16.9,18.1,16.7,0.0,0.0,0.04,16.0,58.0,0.0,0.0,2.0,252.0,0.0,100340.0
2025-04-20 00:00:00,24.4347579546035,22.212961542684,0.0,2.22,14.8,62,100,9.9,232,16.5,18.0,16.8,0.1,0.1,0.04,16.0,57.0,0.0,0.0,2.0,237.0,0.0,100335.0
2025-04-20 01:00:00,24.6742526431366,22.0427037951527,0.0,2.22,15.0,61,100,9.3,226,16.6,17.9,16.8,0.0,0.0,0.04,16.0,56.0,0.0,0.0,2.0,222.0,0.0,100330.0
2025-04-20 02:00:00,24.71953867795,22.2601705861541,0.0,2.22,14.7,60,95,10.7,214,16.2,17.8,16.8,0.0,0.0,0.04,15.0,59.0,0.0,0.0,2.0,234.0,0.0,100370.0
2025-04-20 03:00:00,24.5654887802789,22.13273071949,0.0,2.22,13.9,61,63,10.9,218,15.8,17.6,16.8,0.0,0.0,0.04,15.0,61.0,0.0,0.0,0.0,228.0,0.0,100360.0
2025-04-20 04:00:00,24.3912861478873,22.2403076975829,0.0,2.22,12.9,64,81,11.1,222,15.3,17.5,16.8,0.0,0.0,0.04,15.0,63.0,0.0,0.0,1.0,264.0,0.0,100340.0
2025-04-20 05:00:00,24.4416851225854,22.0822847604099,0.0,2.22,12.8,65,9,9.3,247,15.0,17.3,16.8,0.0,0.0,0.03,14.0,64.0,0.0,0.0,0.0,234.0,0.0,100290.0
2025-04-20 06:00:00,24.6539942297096,22.1077095789387,0.0,2.22,11.7,72,1,6.2,249,14.4,17.1,16.8,0.0,0.0,0.03,14.0,65.0,0.0,0.0,0.0,252.0,0.0,100290.0
2025-04-20 07:00:00,24.4796278623108,22.000520381626,0.0,2.22,13.7,68,0,6.7,246,14.6,17.0,16.8,0.0,0.0,0.07,13.0,68.0,0.0,0.0,0.0,210.0,0.0,100280.0
2025-04-20 08:00:00,24.5059542922585,22.0803196361412,0.0,2.22,15.5,59,11,8.9,250,15.6,16.8,16.8,0.0,0.0,0.18,12.0,71.0,423.0,0.0,1.0,204.0,0.0,100280.0
2025-04-20 09:00:00,24.1525616470952,22.0428413225652,0.0,2.22,16.9,52,10,13.2,245,16.9,16.8,16.8,0.0,0.0,0.29,13.0,66.0,7794.0,0.0,2.0,240.0,0.0,100350.0
2025-04-20 10:00:00,24.3475291551332,22.1006447093941,0.0,2.22,18.2,44,14,18.5,260,18.3,16.9,16.8,0.0,0.0,0.41,16.0,52.0,35123.0,2.0,4.0,282.0,0.0,100400.0
2025-04-20 11:00:00,24.3620878759746,21.8806470671518,0.0,2.22,19.6,36,81,21.4,271,19.5,17.0,16.8,0.0,0.0,0.5,17.0,38.0,24345.0,2.0,4.0,291.0,0.0,100430.0
2025-04-20 12:00:00,24.1232398200868,22.0151586244451,0.0,2.22,20.1,33,90,21.1,284,20.2,17.2,16.8,0.0,0.0,0.48,18.0,35.0,84434.0,6.0,4.0,258.0,0.0,100420.0
2025-04-20 13:00:00,24.3016216813785,22.035453484415,0.0,2.22,19.8,35,20,25.8,300,20.6,17.2,16.8,0.0,0.0,0.47,19.0,36.0,107369.0,9.0,4.0,304.0,0.0,100420.0
2025-04-20 14:00:00,24.2945419012969,21.8058723072295,0.0,2.22,20.6,35,16,22.6,302,21.3,17.4,16.8,0.0,0.0,0.54,19.0,34.0,33878.0,3.0,4.0,349.0,0.0,100400.0
2025-04-20 15:00:00,24.2573928192861,21.919645498065,0.0,2.22,19.8,43,8,21.9,305,21.3,17.6,16.8,0.1,0.1,0.44,20.0,35.0,119180.0,10.0,7.0,352.0,0.0,100370.0
2025-04-20 16:00:00,24.0443789311083,21.8025350446926,0.0,2.22,19.3,46,17,18.7,305,21.1,17.8,16.8,0.0,0.0,0.35,20.0,40.0,100065.0,7.0,7.0,336.0,0.0,100350.0
2025-04-20 17:00:00,24.3402678684243,21.6466125419053,0.0,2.22,18.6,49,8,17.6,309,20.5,18.0,16.8,0.0,0.0,0.25,20.0,43.0,60098.0,5.0,8.0,348.0,0.0,100330.0
2025-04-20 18:00:00,24.2794360445202,21.5486688642447,0.0,2.22,17.4,56,1,8.1,306,19.5,18.1,16.8,0.0,0.0,0.11,20.0,46.0,63753.0,4.0,6.0,328.0,0.0,100320.0
2025-04-20 19:00:00,24.1451325893239,21.6185574517103,0.0,2.22,15.3,62,0,7.4,290,18.1,18.1,16.8,0.0,0.0,0.05,19.0,48.0,41424.0,2.0,4.0,1.0,0.0,100340.0
2025-04-20 20:00:00,24.1029445368572,21.6248153381953,0.0,2.22,14.8,65,10,7.7,279,17.0,18.1,16.8,0.0,0.0,0.02,19.0,50.0,9728.0,0.0,5.0,340.0,0.0,100340.0
2025-04-20 21:00:00,24.1900463855432,21.6722379685998,0.0,2.22,14.4,69,26,7.4,259,16.2,17.9,16.8,0.0,0.0,0.02,18.0,50.0,932.0,0.0,2.0,251.0,0.0,100400.0
2025-04-20 22:00:00,23.9944175910099,21.5152674403832,0.0,2.22,13.9,73,99,10.3,229,15.7,17.8,16.8,0.0,0.0,0.02,17.0,54.0,0.0,0.0,2.0,270.0,0.0,100510.0
2025-04-20 23:00:00,24.1546079485905,21.6902399039586,0.0,2.22,13.5,76,96,10.7,231,15.3,17.6,16.8,0.0,0.0,0.02,15.0,61.0,0.0,0.0,2.0,223.0,0.0,100570.0
2025-04-21 00:00:00,23.9480273780861,21.4139522013576,0.0,2.22,13.0,78,33,9.7,230,14.9,17.5,16.8,0.0,0.0,0.01,16.0,56.0,0.0,0.0,0.0,218.0,0.0,100600.0
2025-04-21 01:00:00,24.0022077393461,21.5635049410622,0.0,2.22,13.4,75,15,7.3,233,15.4,17.3,16.8,0.0,0.0,0.01,15.0,60.0,0.0,0.0,1.0,246.0,0.0,100600.0
2025-04-21 02:00:00,24.0815434474007,21.6737065848533,0.0,2.22,12.8,77,25,6.4,239,14.8,17.2,16.8,0.0,0.0,0.0,15.0,62.0,0.0,0.0,0.0,261.0,0.0,100610.0
2025-04-21 03:00:00,24.0231696277025,21.6772145947886,0.0,2.22,12.7,78,24,6.3,231,14.4,17.0,16.8,0.0,0.0,0.0,14.0,65.0,0.0,0.0,0.0,234.0,0.0,100590.0
2025-04-21 04:00:00,23.9464342198425,21.6032274316849,0.0,2.22,12.3,79,12,6.8,217,14.0,16.8,16.8,0.0,0.0,0.0,14.0,64.0,0.0,0.0,0.0,258.0,0.0,100580.0
2025-04-21 05:00:00,23.8548819170429,21.4961771497262,0.0,2.22,12.1,79,12,7.2,214,13.7,16.7,16.8,0.0,0.0,0.0,13.0,67.0,0.0,0.0,1.0,216.0,0.0,100600.0
2025-04-21 06:00:00,23.8092000747437,21.5613430397026,0.0,2.22,12.4,76,16,8.3,216,13.5,16.5,16.8,0.0,0.0,0.03,12.0,75.0,0.0,0.0,2.0,192.0,0.0,100590.0
2025-04-21 07:00:00,23.8330325709836,21.373824605607,0.0,2.22,14.7,69,11,9.7,215,14.1,16.3,16.8,0.0,0.0,0.08,13.0,70.0,0.0,0.0,1.0,228.0,0.0,100630.0
2025-04-21 08:00:00,23.9472374063565,21.4409289498405,0.0,2.22,17.0,58,3,10.7,225,15.4,16.2,16.8,0.0,0.0,0.19,11.0,76.0,1194.0,0.0,0.0,264.0,0.0,100670.0
2025-04-21 09:00:00,23.8324389857354,21.5777774368782,0.0,2.22,18.5,52,1,11.4,244,17.0,16.3,16.8,0.0,0.0,0.31,13.0,75.0,10376.0,1.0,0.0,264.0,0.0,100720.0
2025-04-21 10:00:00,23.7274863537384,21.4737763976356,0.0,2.22,19.7,50,0,7.8,250,18.8,16.4,16.8,0.0,0.0,0.42,16.0,59.0,35060.0,2.0,4.0,308.0,0.0,100770.0
2025-04-21 11:00:00,23.8271427871931,21.433506481702,0.0,2.22,20.9,47,39,4.2,264,20.6,16.6,16.8,0.0,0.0,0.52,18.0,50.0,65768.0,5.0,2.0,334.0,0.0,100770.0
2025-04-21 12:00:00,23.7617087266482,21.1287448420944,18.487467430986957,2.22,22.0,42,51,1.8,315,22.2,16.9,16.8,0.0,0.0,0.54,20.0,46.0,87093.0,6.0,3.0,254.0,0.0,100760.0
2025-04-21 13:00:00,23.8179339700074,22.274792289106,0.0,2.22,22.0,42,1,9.6,25,22.9,17.2,16.8,0.0,0.0,0.48,20.0,43.0,102313.0,9.0,1.0,307.0,0.0,100720.0
2025-04-21 14:00:00,23.941001448432,22.6606640743482,0.0,2.22,21.4,49,1,15.1,15,23.4,17.5,16.8,0.0,0.0,0.53,21.0,40.0,67394.0,7.0,2.0,54.0,0.0,100660.0
2025-04-21 15:00:00,23.7793317694502,22.7109490580404,0.0,2.22,20.4,54,0,14.9,16,23.3,17.9,16.8,0.0,0.0,0.44,22.0,36.0,111316.0,9.0,1.0,259.0,0.0,100600.0
2025-04-21 16:00:00,23.8282740425241,22.6706549216151,0.0,2.22,19.8,57,0,12.8,29,22.9,18.2,16.8,0.0,0.0,0.34,21.0,51.0,92299.0,8.0,4.0,42.0,0.0,100580.0
2025-04-21 17:00:00,23.6741598324777,22.7282653988547,0.0,2.22,18.9,59,0,12.5,36,22.1,18.4,16.8,0.0,0.0,0.23,20.0,56.0,78136.0,6.0,5.0,54.0,0.0,100540.0
2025-04-21 18:00:00,23.8036331081133,22.8261379868225,0.0,2.22,17.4,66,0,10.6,41,20.8,18.5,16.8,0.0,0.0,0.12,20.0,53.0,54188.0,3.0,3.0,54.0,0.0,100520.0
2025-04-21 19:00:00,23.8087272182045,22.8821513777584,0.0,2.22,15.0,81,0,5.7,50,19.3,18.6,16.8,0.0,0.0,0.02,19.0,61.0,7648.0,0.0,1.0,44.0,0.0,100530.0
2025-04-21 20:00:00,23.7425229806006,22.7046308507255,0.0,2.22,14.0,88,0,1.9,43,17.8,18.5,16.8,0.0,0.0,0.0,18.0,66.0,7034.0,0.0,2.0,43.0,0.0,100530.0
2025-04-21 21:00:00,23.7022375163462,22.8181264945765,0.0,2.22,13.3,91,0,2.3,317,16.7,18.4,16.8,0.0,0.0,0.0,16.0,75.0,328.0,0.0,2.0,60.0,0.0,100550.0
2025-04-21 22:00:00,23.8399219320468,22.7272739748207,0.0,2.22,12.8,91,0,1.9,286,15.8,18.3,16.8,0.0,0.0,0.0,14.0,79.0,0.0,0.0,0.0,48.0,0.0,100640.0
2025-04-21 23:00:00,23.9215066697665,22.7857220648616,0.0,2.22,12.4,90,0,1.3,274,15.0,18.1,16.8,0.0,0.0,0.0,13.0,86.0,0.0,0.0,0.0,114.0,0.0,100680.0
2025-04-22 00:00:00,23.8887682390142,22.9398138610079,0.0,2.22,12.0,86,0,3.1,172,14.5,17.8,16.9,0.0,0.0,0.0,12.0,87.0,0.0,0.0,0.0,166.0,0.0,100700.0
2025-04-22 01:00:00,23.9795909766868,22.6634785419933,0.0,2.22,12.0,86,0,1.5,280,14.2,17.6,16.9,0.0,0.0,0.0,12.0,90.0,0.0,0.0,0.0,176.0,0.0,100700.0
2025-04-22 02:00:00,23.7961138752907,22.7074514895117,0.0,2.22,11.7,86,0,2.4,268,13.7,17.4,16.9,0.0,0.0,0.0,11.0,91.0,0.0,0.0,1.0,169.0,0.0,100660.0
2025-04-22 03:00:00,23.9542899646794,22.6118769735985,0.0,2.22,11.2,85,0,3.8,220,13.3,17.1,16.9,0.0,0.0,0.0,11.0,93.0,0.0,0.0,0.0,178.0,0.0,100620.0
2025-04-22 04:00:00,23.8863698201142,22.7924343310436,0.0,2.22,10.7,84,0,4.8,216,12.9,16.9,16.9,0.0,0.0,0.0,9.0,94.0,0.0,0.0,0.0,179.0,0.0,100600.0
2025-04-22 05:00:00,23.9762621778696,22.8861675721997,0.0,2.22,10.5,84,5,5.7,242,12.6,16.6,16.9,0.0,0.0,0.0,10.0,95.0,0.0,0.0,0.0,173.0,0.0,100560.0
2025-04-22 06:00:00,23.8051771805606,22.8651972755,0.0,2.22,11.1,82,3,6.3,239,12.5,16.4,16.8,0.0,0.0,0.02,11.0,95.0,0.0,0.0,0.0,204.0,0.0,100580.0
2025-04-22 07:00:00,23.9941029136035,22.5945597890657,0.0,2.22,14.1,74,3,8.8,241,13.3,16.2,16.8,0.0,0.0,0.07,9.0,95.0,0.0,0.0,0.0,178.0,0.0,100590.0
2025-04-22 08:00:00,23.8204745782647,22.6267945984038,0.0,2.22,17.2,64,0,7.8,243,14.9,16.1,16.8,0.0,0.0,0.18,9.0,95.0,2705.0,0.0,0.0,192.0,0.0,100620.0
2025-04-22 09:00:00,23.9343979057281,22.6217693373337,0.0,2.22,19.4,54,0,8.2,260,16.8,16.1,16.8,0.0,0.0,0.31,13.0,86.0,10876.0,1.0,0.0,204.0,0.0,100700.0
2025-04-22 10:00:00,23.9331553499675,22.6888162344614,0.0,2.22,21.1,49,0,7.2,273,18.9,16.2,16.8,0.0,0.0,0.43,17.0,65.0,40861.0,2.0,3.0,244.0,0.0,100730.0
2025-04-22 11:00:00,23.9266329408777,22.7876955663313,0.0,2.22,22.4,46,0,5.2,306,20.8,16.4,16.8,0.0,0.0,0.53,19.0,53.0,70044.0,5.0,4.0,288.0,0.0,100770.0
2025-04-22 12:00:00,24.1327403198736,22.6885257352184,0.0,2.22,22.9,46,11,9.9,3,22.4,16.8,16.8,0.0,0.0,0.58,21.0,52.0,91265.0,8.0,2.0,269.0,0.0,100740.0
2025-04-22 13:00:00,24.1180302607324,22.5893030776982,0.0,2.22,22.7,43,100,14.5,12,23.2,17.1,16.8,0.0,0.0,0.57,22.0,44.0,106490.0,8.0,4.0,348.0,0.0,100710.0
2025-04-22 14:00:00,24.175359473004,22.453321064742,0.0,2.22,22.6,45,93,11.6,14,23.6,17.5,16.8,0.0,0.0,0.52,22.0,48.0,105547.0,9.0,4.0,39.0,0.0,100690.0
2025-04-22 15:00:00,24.0171484451485,22.2849717922621,0.0,2.22,22.4,46,43,11.3,20,23.7,17.8,16.8,0.0,0.0,0.46,21.0,52.0,117230.0,10.0,4.0,42.0,0.0,100690.0
2025-04-22 16:00:00,23.938469656905,22.3486451383487,0.0,2.22,21.8,48,3,10.9,17,23.4,18.1,16.8,0.0,0.0,0.37,22.0,52.0,95548.0,8.0,4.0,54.0,0.0,100670.0
2025-04-22 17:00:00,23.8415115179955,22.2986038972879,0.0,2.22,21.0,51,1,8.3,20,22.6,18.4,16.8,0.0,0.0,0.25,22.0,52.0,74957.0,4.0,2.0,48.0,0.0,100640.0
2025-04-22 18:00:00,23.918117146755,21.8996825615004,0.0,2.22,19.4,61,0,5.3,55,21.5,18.6,16.8,0.0,0.0,0.11,22.0,51.0,49519.0,3.0,3.0,80.0,0.0,100640.0
2025-04-22 19:00:00,23.9589617753131,22.2150486843754,0.0,2.22,16.6,73,0,5.4,82,19.9,18.7,16.9,0.0,0.0,0.03,21.0,54.0,8102.0,1.0,4.0,20.0,0.0,100670.0
2025-04-22 20:00:00,23.7734872538391,22.1381027196267,0.0,2.22,15.5,75,0,4.7,107,18.5,18.7,16.9,0.0,0.0,0.0,19.0,60.0,5197.0,0.0,2.0,48.0,0.0,100710.0
2025-04-22 21:00:00,23.986230239135,21.8700809074991,0.0,2.22,15.0,71,0,3.1,137,17.4,18.6,16.9,0.0,0.0,0.0,18.0,65.0,97.0,0.0,0.0,93.0,0.0,100730.0
2025-04-22 22:00:00,23.9624968501514,21.8921592226414,0.0,2.22,14.9,65,5,1.7,152,16.4,18.4,16.9,0.0,0.0,0.0,16.0,70.0,0.0,0.0,0.0,97.0,0.0,100790.0
2025-04-22 23:00:00,23.9913564968264,21.7999016021416,0.0,2.22,14.7,64,5,0.6,112,15.7,18.3,16.9,0.0,0.0,0.0,15.0,71.0,0.0,0.0,0.0,168.0,0.0,100840.0
2025-04-23 00:00:00,23.8426602841379,22.2123723449247,0.0,2.22,14.3,64,0,0.7,90,15.1,18.1,16.9,0.0,0.0,0.0,14.0,76.0,0.0,0.0,0.0,66.0,0.0,100890.0
2025-04-23 01:00:00,23.922066759912,21.9509823579486,0.0,2.22,13.8,72,0,0.8,78,15.1,17.9,16.9,0.0,0.0,0.0,14.0,74.0,0.0,0.0,2.0,101.0,0.0,100890.0
2025-04-23 02:00:00,23.8262822129703,21.8423833801541,0.0,2.22,13.4,69,0,2.2,150,14.5,17.7,16.9,0.0,0.0,0.0,14.0,70.0,0.0,0.0,2.0,138.0,0.0,100880.0
2025-04-23 03:00:00,23.8626254836706,21.7463696482715,0.0,2.22,13.3,66,0,2.0,118,14.0,17.5,16.9,0.0,0.0,0.0,12.0,77.0,0.0,0.0,0.0,139.0,0.0,100860.0
2025-04-23 04:00:00,23.762352298851,21.8776496627566,0.0,2.22,13.0,64,0,1.8,126,13.5,17.2,16.9,0.0,0.0,0.0,11.0,83.0,0.0,0.0,0.0,139.0,0.0,100880.0
2025-04-23 05:00:00,23.9078695463836,21.7818490182887,0.0,2.22,12.9,63,0,0.5,60,13.1,17.0,16.9,0.0,0.0,0.0,12.0,80.0,0.0,0.0,2.0,170.0,0.0,100830.0
2025-04-23 06:00:00,24.0240287781427,21.8439503015852,0.0,2.22,13.2,64,0,1.3,70,12.9,16.8,16.9,0.0,0.0,0.01,10.0,87.0,0.0,0.0,0.0,330.0,0.0,100820.0
2025-04-23 07:00:00,23.8581084051595,21.7860364651266,0.0,2.22,15.9,58,0,2.1,46,13.8,16.6,16.9,0.0,0.0,0.06,9.0,87.0,0.0,0.0,1.0,171.0,0.0,100850.0
2025-04-23 08:00:00,23.9322610782513,21.9701472761818,0.0,2.22,18.3,56,0,6.0,30,15.5,16.5,16.9,0.0,0.0,0.19,10.0,87.0,3840.0,0.0,0.0,192.0,0.0,100900.0
2025-04-23 09:00:00,23.6277637493508,21.8284645976417,0.0,2.22,20.5,48,0,11.8,35,17.4,16.5,16.9,0.0,0.0,0.34,15.0,72.0,18760.0,1.0,1.0,239.0,0.0,100920.0
2025-04-23 10:00:00,23.7808457555741,21.6492106387766,0.0,2.22,22.0,44,0,15.9,36,19.3,16.6,16.9,0.0,0.0,0.47,19.0,61.0,48448.0,3.0,1.0,24.0,0.0,100920.0
2025-04-23 11:00:00,23.7005519593993,21.7170721288435,0.0,2.22,22.6,41,0,18.6,37,20.9,16.8,16.9,0.0,0.0,0.55,21.0,52.0,75551.0,6.0,2.0,75.0,0.0,100930.0
2025-04-23 12:00:00,23.7076313921549,21.5425202820773,0.0,2.22,22.9,41,0,20.7,40,22.2,17.1,16.9,0.0,0.0,0.6,22.0,48.0,94660.0,8.0,4.0,66.0,0.0,100910.0
2025-04-23 13:00:00,23.5514181670908,21.6777562206404,0.0,2.22,22.5,47,0,21.0,44,22.8,17.3,16.9,0.0,0.0,0.58,22.0,53.0,106150.0,7.0,5.0,48.0,0.0,100880.0
2025-04-23 14:00:00,23.5999107853396,21.2886690365597,0.0,2.22,22.3,49,0,21.4,49,23.3,17.6,16.9,0.0,0.0,0.54,22.0,53.0,108870.0,9.0,5.0,48.0,0.0,100810.0
2025-04-23 15:00:00,23.9389702774678,21.207362922113,0.0,2.22,22.3,50,0,20.3,53,23.4,18.0,16.9,0.0,0.0,0.48,23.0,53.0,103305.0,8.0,5.0,60.0,0.0,100740.0
2025-04-23 16:00:00,23.531815224481,21.159305031508,0.0,2.22,21.7,53,0,19.2,54,23.1,18.2,16.9,0.0,0.0,0.38,23.0,53.0,89454.0,7.0,6.0,36.0,0.0,100690.0
2025-04-23 17:00:00,23.6585256993173,20.7913238277315,0.0,2.22,20.4,61,0,17.4,52,22.4,18.5,16.9,0.0,0.0,0.25,23.0,55.0,70461.0,5.0,6.0,19.0,0.0,100640.0
2025-04-23 18:00:00,23.4367068854212,20.7149805798478,0.0,2.22,18.8,67,0,15.5,47,21.3,18.6,16.9,0.0,0.0,0.13,22.0,52.0,43904.0,3.0,4.0,64.0,0.0,100640.0
2025-04-23 19:00:00,23.4738170868124,20.6974988343181,0.0,2.22,16.9,72,0,10.1,51,19.9,18.7,16.9,0.0,0.0,0.05,21.0,58.0,18086.0,1.0,4.0,24.0,0.0,100650.0
2025-04-23 20:00:00,23.5784787348625,20.5491863853227,0.0,2.22,15.6,79,0,6.0,36,18.7,18.7,16.9,0.0,0.0,0.0,19.0,65.0,4414.0,0.0,3.0,60.0,0.0,100650.0
2025-04-23 21:00:00,23.4393060049506,20.591861430719,0.0,2.22,14.7,86,0,3.5,359,17.6,18.6,16.9,0.0,0.0,0.0,18.0,68.0,0.0,0.0,2.0,88.0,0.0,100690.0
2025-04-23 22:00:00,23.3553542392915,20.5469645560562,0.0,2.22,14.5,87,0,4.0,313,16.8,18.5,16.9,0.0,0.0,0.0,17.0,75.0,0.0,0.0,2.0,30.0,0.0,100750.0
2025-04-23 23:00:00,23.3519508625679,20.5686347142185,0.0,2.22,14.2,87,0,7.9,277,16.3,18.4,16.9,0.0,0.0,0.0,15.0,80.0,0.0,0.0,0.0,26.0,0.0,100790.0
2025-04-24 00:00:00,23.4721471794365,20.3557372301397,0.0,2.22,13.7,89,0,8.0,260,15.9,18.2,16.9,0.0,0.0,0.0,14.0,85.0,0.0,0.0,0.0,192.0,0.0,100790.0
2025-04-24 01:00:00,23.5014096557232,20.6983218571347,0.0,2.22,13.6,89,0,6.9,252,15.7,18.0,17.0,0.0,0.0,0.0,13.0,87.0,0.0,0.0,0.0,180.0,0.0,100780.0
2025-04-24 02:00:00,23.3975842612723,20.468834582947,0.0,2.22,13.2,90,0,7.4,253,15.3,17.9,17.0,0.0,0.0,0.0,12.0,90.0,0.0,0.0,0.0,170.0,0.0,100740.0
2025-04-24 03:00:00,23.2024107280412,20.4981645489456,0.0,2.22,12.9,92,0,12.0,260,15.0,17.7,17.0,0.0,0.0,0.0,13.0,91.0,0.0,0.0,0.0,164.0,0.0,100670.0
2025-04-24 04:00:00,23.2517732942582,20.6138379445569,0.0,2.22,12.7,91,0,11.7,255,14.8,17.5,17.0,0.0,0.0,0.0,12.0,93.0,0.0,0.0,0.0,294.0,0.0,100630.0
2025-04-24 05:00:00,23.2277261721408,20.6114318625157,0.0,2.22,12.7,87,0,10.5,261,14.5,17.3,17.0,0.0,0.0,0.0,11.0,94.0,0.0,0.0,0.0,186.0,0.0,100620.0
2025-04-24 06:00:00,23.2603000482433,20.5462276207198,0.0,2.22,13.0,84,0,10.2,262,14.4,17.2,17.0,0.0,0.0,0.03,11.0,94.0,0.0,0.0,1.0,192.0,0.0,100600.0
2025-04-24 07:00:00,23.2676726663445,20.5625284400134,0.0,2.22,15.5,76,0,9.2,255,15.0,17.0,17.0,0.0,0.0,0.07,11.0,95.0,74.0,0.0,0.0,186.0,0.0,100610.0
2025-04-24 08:00:00,23.2654138156761,20.6517821715835,0.0,2.22,18.3,65,0,7.2,263,16.4,16.9,17.0,0.0,0.0,0.19,11.0,95.0,6360.0,0.0,0.0,186.0,0.0,100650.0
2025-04-24 09:00:00,23.4328367570819,20.5484225368596,0.0,2.22,20.3,58,0,5.8,288,18.3,17.0,17.0,0.0,0.0,0.31,16.0,83.0,22512.0,1.0,2.0,224.0,0.0,100680.0
2025-04-24 10:00:00,23.2030817786392,20.3247308554296,0.0,2.22,22.1,55,0,5.1,322,20.3,17.1,17.0,0.0,0.0,0.44,18.0,73.0,48814.0,3.0,0.0,330.0,0.0,100690.0
2025-04-24 11:00:00,23.2368374837366,20.5474995740547,0.0,2.22,23.3,56,0,7.0,5,22.2,17.4,17.0,0.0,0.0,0.53,20.0,61.0,74607.0,5.0,0.0,357.0,0.0,100670.0
2025-04-24 12:00:00,23.0569961937917,20.022956290884,0.0,2.22,23.5,59,0,11.4,23,23.6,17.7,17.0,0.0,0.0,0.57,22.0,58.0,93050.0,9.0,2.0,60.0,0.0,100640.0
2025-04-24 13:00:00,23.0633123319446,19.9676442127838,0.0,2.22,23.1,57,76,13.7,21,24.3,18.1,17.0,0.0,0.0,0.56,23.0,57.0,103424.0,7.0,2.0,356.0,0.0,100570.0
2025-04-24 14:00:00,23.0610672069819,19.9535533081117,0.0,2.22,23.0,57,90,12.0,22,24.8,18.4,17.0,0.0,0.0,0.53,23.0,58.0,104099.0,9.0,4.0,30.0,0.0,100560.0
2025-04-24 15:00:00,23.0769004322036,19.9249720972796,0.0,2.22,22.8,56,100,11.8,25,24.8,18.8,17.0,0.0,0.0,0.45,23.0,53.0,96501.0,8.0,5.0,36.0,0.0,100490.0
2025-04-24 16:00:00,23.1307785721813,19.6869067528435,0.0,2.22,21.5,60,100,13.0,23,24.1,19.1,17.0,0.0,0.0,0.31,23.0,54.0,85449.0,7.0,5.0,36.0,0.0,100430.0
2025-04-24 17:00:00,22.9203484175418,19.6678314444393,0.0,2.22,20.1,65,98,11.2,26,23.2,19.3,17.0,0.0,0.0,0.21,22.0,54.0,67396.0,4.0,3.0,39.0,0.0,100370.0
2025-04-24 18:00:00,22.7925067992504,19.5738415537273,0.0,2.22,18.7,73,100,7.2,19,22.0,19.5,17.0,0.0,0.0,0.1,21.0,66.0,28608.0,1.0,3.0,38.0,0.0,100350.0
2025-04-24 19:00:00,22.9192098957678,19.4773403180802,0.0,2.22,16.7,85,100,3.4,356,20.6,19.5,17.0,0.0,0.0,0.02,20.0,74.0,10252.0,0.0,3.0,54.0,0.0,100360.0
2025-04-24 20:00:00,22.9016862826753,19.4854598324003,0.0,2.22,16.4,87,100,0.7,294,19.4,19.5,17.0,0.0,0.0,0.0,18.0,82.0,3374.0,0.0,2.0,18.0,0.0,100380.0
2025-04-24 21:00:00,22.815212832768,19.5480254644831,0.0,2.22,16.2,86,100,5.3,242,18.5,19.4,17.0,0.0,0.0,0.0,17.0,87.0,0.0,0.0,0.0,66.0,0.0,100410.0
2025-04-24 22:00:00,22.9892522738517,19.4148521722054,0.0,2.22,16.8,80,100,6.7,255,18.1,19.3,17.1,0.0,0.0,0.0,17.0,89.0,0.0,0.0,0.0,81.0,0.0,100450.0
2025-04-24 23:00:00,22.8144023267613,19.4449137353394,0.0,2.22,17.0,81,100,0.9,236,17.7,19.2,17.1,0.0,0.0,0.0,16.0,90.0,0.0,0.0,0.0,174.0,0.0,100480.0
2025-04-25 00:00:00,22.8269164107416,19.4716004833525,0.0,2.22,16.8,82,100,7.9,41,17.6,19.0,17.1,0.1,0.1,0.01,16.0,92.0,0.0,0.0,0.0,144.0,0.0,100460.0
2025-04-25 01:00:00,22.9538025385403,19.3862296246971,0.0,2.22,16.2,84,100,4.2,212,17.0,18.9,17.1,0.0,0.0,0.0,16.0,91.0,0.0,0.0,0.0,168.0,0.0,100500.0
2025-04-25 02:00:00,22.8300781478339,19.4333347715732,0.0,2.22,16.3,84,100,0.7,264,16.8,18.7,17.1,0.0,0.0,0.0,16.0,93.0,0.0,0.0,2.0,138.0,0.0,100480.0
2025-04-25 03:00:00,22.7860657443585,19.6421737163036,0.0,2.22,16.0,84,100,3.1,105,16.6,18.6,17.1,0.0,0.0,0.0,16.0,93.0,0.0,0.0,2.0,98.0,0.0,100410.0
2025-04-25 04:00:00,22.7364643228812,19.4498114736723,0.0,2.22,16.1,84,100,4.5,65,16.5,18.4,17.1,0.0,0.0,0.0,16.0,92.0,0.0,0.0,0.0,288.0,0.0,100390.0
2025-04-25 05:00:00,22.717822335111,19.5555391408338,0.0,2.22,16.1,83,97,1.1,128,16.4,18.3,17.1,0.1,0.1,0.0,16.0,92.0,0.0,0.0,1.0,206.0,0.0,100370.0
2025-04-25 06:00:00,22.6585009331479,19.3211736187184,0.0,2.22,16.1,86,100,1.5,345,16.2,18.1,17.1,0.0,0.0,0.02,16.0,90.0,0.0,0.0,2.0,54.0,0.0,100340.0
2025-04-25 07:00:00,22.6126787219371,19.4654295560128,0.0,2.22,17.2,83,100,1.8,169,16.7,18.0,17.1,0.1,0.1,0.04,16.0,90.0,84.0,0.0,2.0,323.0,0.0,100350.0
2025-04-25 08:00:00,22.8086499511723,19.5505540624988,0.0,2.22,17.9,81,100,7.4,187,17.0,17.9,17.1,0.1,0.1,0.06,16.0,94.0,1522.0,0.0,4.0,158.0,0.0,100380.0
2025-04-25 09:00:00,22.682693834853,19.6554228927237,0.0,2.22,18.7,88,100,5.8,198,17.5,17.9,17.1,0.8,0.8,0.08,17.0,93.0,6352.0,0.0,2.0,54.0,0.0,100430.0
2025-04-25 10:00:00,22.652909754486,19.5338932567222,0.0,2.22,20.5,79,100,10.1,212,18.3,17.9,17.1,0.5,0.5,0.15,18.0,85.0,20336.0,1.0,0.0,276.0,0.0,100470.0
2025-04-25 11:00:00,22.5695108003478,19.676108198166,0.0,2.22,22.3,61,100,9.8,217,19.2,17.9,17.1,0.0,0.0,0.23,19.0,79.0,21393.0,1.0,0.0,211.0,0.0,100510.0
2025-04-25 12:00:00,22.5804397466253,19.5591956995366,0.0,2.22,23.7,53,100,7.8,224,20.3,18.0,17.1,0.0,0.0,0.3,20.0,76.0,18292.0,1.0,1.0,66.0,0.0,100500.0
2025-04-25 13:00:00,22.4050965925005,19.4655234225132,0.0,2.22,24.8,50,99,8.8,300,22.6,18.6,17.1,0.0,0.0,0.44,20.0,72.0,17747.0,1.0,1.0,336.0,0.0,100490.0
2025-04-25 14:00:00,22.5990974532589,19.5467573283044,0.0,2.22,23.5,58,100,3.4,331,22.7,18.8,17.2,0.0,0.0,0.26,20.0,72.0,14328.0,1.0,2.0,228.0,0.0,100450.0
2025-04-25 15:00:00,22.7177722940204,19.4636890474896,0.0,2.22,24.9,55,98,2.6,295,23.8,19.0,17.2,0.0,0.0,0.41,20.0,78.0,16436.0,1.0,2.0,245.0,0.0,100420.0
2025-04-25 16:00:00,22.4843002081902,19.4082469728191,0.0,2.22,24.0,60,88,1.7,68,23.4,19.3,17.2,0.2,0.2,0.18,21.0,78.0,15943.0,1.0,0.0,259.0,0.0,100370.0
2025-04-25 17:00:00,22.5923631453125,19.4675145412428,0.0,2.22,24.0,61,99,3.5,33,23.4,19.5,17.2,0.0,0.0,0.2,19.0,86.0,13760.0,1.0,2.0,48.0,0.0,100370.0
2025-04-25 18:00:00,22.7082619841339,19.1679099658748,0.0,2.22,22.1,71,100,4.6,61,22.7,19.6,17.2,0.0,0.0,0.1,19.0,88.0,12526.0,0.0,3.0,168.0,0.0,100320.0
2025-04-25 19:00:00,22.5875307103557,19.4086740509998,0.0,2.22,18.8,85,100,4.6,132,21.3,19.7,17.2,0.0,0.0,0.02,20.0,83.0,9096.0,1.0,0.0,174.0,0.0,100300.0
2025-04-25 20:00:00,22.4464724014297,19.3962184301709,0.0,2.22,18.3,82,100,2.7,157,20.2,19.7,17.2,0.0,0.0,0.0,21.0,83.0,2947.0,0.0,0.0,92.0,0.0,100300.0
2025-04-25 21:00:00,22.6102864858838,19.5309262202274,0.0,2.22,18.5,77,33,0.9,171,19.3,19.7,17.2,0.0,0.0,0.0,19.5,87.0,1473.5,0.0,0.0,106.0,0.0,100325.0
2025-04-25 22:00:00,22.4245393556084,19.4902479755553,0.0,2.22,18.2,76,16,0.7,195,18.6,19.6,17.2,0.0,0.0,0.0,18.0,91.0,0.0,0.0,0.0,120.0,0.0,100350.0
2025-04-25 23:00:00,22.1495638986165,19.425727138243,0.0,2.22,17.6,74,86,0.9,240,17.9,19.5,17.3,0.0,0.0,0.0,16.0,92.0,0.0,0.0,0.0,12.0,0.0,100430.0
2025-04-26 00:00:00,22.5525922667932,19.3616065935781,0.0,2.22,17.3,70,1,2.3,193,17.4,19.3,17.3,0.0,0.0,0.0,17.0,94.0,0.0,0.0,0.0,179.0,0.0,100470.0
2025-04-26 01:00:00,22.6025731948341,19.4041935918548,0.0,2.22,16.5,73,0,3.4,211,16.5,18.9,17.3,0.0,0.0,0.0,16.0,92.0,0.0,0.0,0.0,170.0,0.0,100420.0
2025-04-26 02:00:00,22.5727897049399,19.4297800292822,0.0,2.22,16.0,76,0,1.9,254,16.1,18.7,17.3,0.0,0.0,0.0,15.0,92.0,0.0,0.0,0.0,42.0,0.0,100390.0
2025-04-26 03:00:00,22.6492545955544,19.2379986281191,0.0,2.22,15.7,78,0,0.5,333,15.7,18.5,17.3,0.0,0.0,0.0,14.0,94.0,0.0,0.0,0.0,185.0,0.0,100360.0
2025-04-26 04:00:00,22.4590271032228,19.4751209571092,0.0,2.22,15.1,81,0,3.5,188,15.4,18.3,17.3,0.0,0.0,0.0,14.0,91.0,0.0,0.0,0.0,182.0,0.0,100340.0
2025-04-26 05:00:00,22.5726551963476,19.4428365395926,0.0,2.22,15.1,82,0,8.5,211,15.2,18.1,17.3,0.0,0.0,0.01,13.0,93.0,0.0,0.0,0.0,170.0,0.0,100380.0
2025-04-26 06:00:00,22.4902517947846,19.4165471882911,0.0,2.22,16.2,78,0,9.7,206,15.4,17.9,17.3,0.0,0.0,0.04,15.0,88.0,0.0,0.0,1.0,192.0,0.0,100380.0
2025-04-26 07:00:00,22.3673156751909,19.4137951563432,0.0,2.22,19.2,72,0,9.4,218,16.3,17.8,17.3,0.0,0.0,0.09,13.0,91.0,0.0,0.0,0.0,210.0,0.0,100380.0
2025-04-26 08:00:00,22.5073413110152,19.3227938969608,0.0,2.22,22.6,58,0,7.9,220,17.9,17.7,17.3,0.0,0.0,0.22,14.0,90.0,984.0,0.0,2.0,228.0,0.0,100410.0
2025-04-26 09:00:00,22.3921590516009,19.3708410201522,0.0,2.22,24.3,52,0,10.6,243,19.8,17.8,17.3,0.0,0.0,0.37,16.0,85.0,8892.0,0.0,0.0,198.0,0.0,100450.0
2025-04-26 10:00:00,22.3571982895047,19.4962744212096,0.0,2.22,25.7,51,0,12.1,263,21.7,18.0,17.3,0.0,0.0,0.49,20.0,71.0,31638.0,2.0,2.0,222.0,0.0,100480.0
2025-04-26 11:00:00,22.4941720119312,19.2057503255874,0.0,2.22,26.9,48,0,11.8,280,23.4,18.2,17.3,0.0,0.0,0.59,23.0,55.0,60910.0,4.0,3.0,281.0,0.0,100490.0
2025-04-26 12:00:00,22.3321209915953,19.1801497400846,0.0,2.22,27.0,46,0,14.0,320,24.8,18.6,17.3,0.0,0.0,0.64,25.0,53.0,82830.0,5.0,2.0,211.0,0.0,100500.0
2025-04-26 13:00:00,22.2423987925756,19.0127987047237,0.0,2.22,26.9,45,0,15.6,332,25.8,19.0,17.3,0.0,0.0,0.64,26.0,45.0,99703.0,7.0,4.0,269.0,0.0,100490.0
2025-04-26 14:00:00,22.3220473405126,18.8976039440475,0.0,2.22,26.3,46,1,16.2,329,26.2,19.4,17.3,0.0,0.0,0.6,26.0,49.0,107101.0,10.0,6.0,36.0,0.0,100450.0
2025-04-26 15:00:00,22.213395751576,18.8227507009147,0.0,2.22,25.8,46,1,13.4,329,26.3,19.8,17.3,0.0,0.0,0.52,26.0,49.0,106536.0,9.0,5.0,28.0,0.0,100420.0
2025-04-26 16:00:00,22.2631920278765,18.7343849047911,0.0,2.22,25.2,46,0,10.2,326,25.9,20.1,17.3,0.0,0.0,0.41,26.0,47.0,95504.0,8.0,4.0,356.0,0.0,100430.0
2025-04-26 17:00:00,22.2478261197762,18.7664815651342,0.0,2.22,24.8,43,0,6.3,336,25.2,20.4,17.3,0.0,0.0,0.27,26.0,42.0,81326.0,7.0,4.0,350.0,0.0,100390.0
2025-04-26 18:00:00,21.9723176298387,18.8433208718781,0.0,2.22,22.9,57,0,3.1,88,24.0,20.6,17.4,0.0,0.0,0.11,26.0,40.0,59063.0,4.0,4.0,30.0,0.0,100370.0
2025-04-26 19:00:00,22.1791299373339,18.738647234169,0.0,2.22,19.9,66,0,3.7,111,22.3,20.6,17.4,0.0,0.0,0.03,24.0,44.0,20402.0,2.0,5.0,30.0,0.0,100390.0
2025-04-26 20:00:00,22.0332689686856,18.7027368469427,0.0,2.22,18.4,72,0,3.0,112,20.9,20.6,17.4,0.0,0.0,0.0,23.0,47.0,10073.0,0.0,3.0,69.0,0.0,100400.0
2025-04-26 21:00:00,22.0559592131423,19.0857686140555,0.0,2.22,17.7,72,0,2.3,124,19.6,20.5,17.4,0.0,0.0,0.0,20.0,56.0,1081.0,0.0,1.0,48.0,0.0,100450.0
2025-04-26 22:00:00,21.7622342213035,18.7276960470316,0.0,2.22,17.4,68,0,1.7,112,18.6,20.4,17.4,0.0,0.0,0.0,19.0,61.0,0.0,0.0,2.0,70.0,0.0,100500.0
2025-04-26 23:00:00,21.9070261512115,18.8031810886083,0.0,2.22,17.0,63,5,1.6,117,17.8,20.2,17.4,0.0,0.0,0.0,17.0,67.0,0.0,0.0,2.0,113.0,0.0,100560.0
2025-04-27 00:00:00,21.8694483135101,18.7333303321588,0.0,2.22,16.9,57,13,0.9,102,17.1,20.0,17.5,0.0,0.0,0.0,16.0,67.0,0.0,0.0,2.0,144.0,0.0,100570.0
2025-04-27 01:00:00,21.7901474064708,18.7711008989846,0.0,2.22,16.8,60,11,1.6,67,16.8,19.8,17.5,0.0,0.0,0.0,15.0,73.0,0.0,0.0,0.0,60.0,0.0,100580.0
2025-04-27 02:00:00,21.8402441597659,18.8997667570147,0.0,2.22,16.3,63,7,1.8,69,16.3,19.6,17.5,0.0,0.0,0.0,14.0,75.0,0.0,0.0,0.0,180.0,0.0,100590.0
2025-04-27 03:00:00,21.831045613089,18.767305622011,0.0,2.22,16.1,63,0,1.1,75,15.8,19.3,17.5,0.0,0.0,0.0,14.0,71.0,0.0,0.0,0.0,144.0,0.0,100560.0
2025-04-27 04:00:00,21.7660793338332,18.622495585786,0.0,2.22,15.5,64,0,1.4,52,15.3,19.1,17.5,0.0,0.0,0.0,13.0,77.0,0.0,0.0,0.0,181.0,0.0,100540.0
2025-04-27 05:00:00,21.7181111029983,18.8703925043335,0.0,2.22,14.7,71,0,2.4,44,14.9,18.8,17.5,0.0,0.0,0.0,12.0,84.0,0.0,0.0,0.0,162.0,0.0,100530.0
2025-04-27 06:00:00,21.6551989547055,18.8760959757159,0.0,2.22,14.9,74,0,2.3,54,14.7,18.6,17.5,0.0,0.0,0.02,11.0,83.0,0.0,0.0,0.0,178.0,0.0,100520.0
2025-04-27 07:00:00,21.6062639570092,18.6225371756531,0.0,2.22,16.9,67,0,5.0,63,15.6,18.4,17.5,0.0,0.0,0.08,11.0,85.0,0.0,0.0,0.0,137.0,0.0,100570.0
2025-04-27 08:00:00,21.7952446635628,18.7115835235905,0.0,2.22,19.2,62,0,5.6,41,17.3,18.3,17.5,0.0,0.0,0.2,10.0,87.0,2195.0,0.0,0.0,96.0,0.0,100620.0
2025-04-27 09:00:00,21.7226184402356,18.7522886914748,0.0,2.22,21.2,57,0,8.0,30,19.2,18.2,17.5,0.0,0.0,0.33,15.0,76.0,12991.0,1.0,0.0,179.0,0.0,100630.0
2025-04-27 10:00:00,21.695484669076095,18.738067950276285,0.0,2.22,23.1,48,0,9.8,29,21.1,18.3,17.5,0.0,0.0,0.47,20.0,65.0,38317.0,2.0,1.0,48.0,0.0,100610.0
2025-04-27 11:00:00,21.668350897916593,18.72384720907777,0.0,2.22,23.5,49,0,14.7,24,22.8,18.5,17.5,0.0,0.0,0.55,19.88888888888889,65.62962962962963,36897.851851851854,1.925925925925926,0.962962962962963,47.111111111111114,0.0,100610.37037037036
2025-04-27 12:00:00,21.641217126757088,18.709626467879254,0.0,2.22,22.9,54,0,16.0,29,24.0,18.8,17.5,0.0,0.0,0.57,19.77777777777778,66.25925925925925,35478.7037037037,1.8518518518518519,0.9259259259259259,46.22222222222222,0.0,100610.74074074074
2025-04-27 13:00:00,21.614083355597586,18.69540572668074,0.0,2.22,22.8,58,0,15.3,33,24.7,19.0,17.5,0.0,0.0,0.57,19.666666666666668,66.88888888888889,34059.555555555555,1.7777777777777777,0.8888888888888888,45.333333333333336,0.0,100611.11111111111
2025-04-27 14:00:00,21.58694958443808,18.681184985482226,0.0,2.22,22.9,56,0,16.1,38,25.2,19.3,17.5,0.0,0.0,0.54,19.555555555555557,67.51851851851852,32640.40740740741,1.7037037037037037,0.8518518518518519,44.44444444444444,0.0,100611.48148148147
2025-04-27 15:00:00,21.55981581327858,18.66696424428371,0.0,2.22,22.6,56,0,17.2,41,25.2,19.6,17.5,0.0,0.0,0.47,19.444444444444443,68.14814814814815,31221.25925925926,1.6296296296296298,0.8148148148148149,43.55555555555556,0.0,100611.85185185185
2025-04-27 16:00:00,21.532682042119074,18.652743503085194,0.0,2.22,21.9,60,0,17.5,46,24.8,19.9,17.5,0.0,0.0,0.37,19.333333333333332,68.77777777777777,29802.111111111113,1.5555555555555556,0.7777777777777778,42.666666666666664,0.0,100612.22222222222
2025-04-27 17:00:00,21.505548270959572,18.63852276188668,0.0,2.22,20.8,64,0,16.9,48,23.9,20.1,17.6,0.0,0.0,0.25,19.22222222222222,69.4074074074074,28382.962962962964,1.4814814814814814,0.7407407407407407,41.77777777777778,0.0,100612.5925925926
2025-04-27 18:00:00,21.478414499800067,18.624302020688166,0.0,2.22,19.2,72,0,10.8,42,22.7,20.2,17.6,0.0,0.0,0.12,19.11111111111111,70.03703703703704,26963.814814814818,1.4074074074074074,0.7037037037037037,40.888888888888886,0.0,100612.96296296296
2025-04-27 19:00:00,21.451280728640562,18.610081279489652,0.0,2.22,17.0,82,1,4.5,38,21.1,20.3,17.6,0.0,0.0,0.02,19.0,70.66666666666667,25544.666666666668,1.3333333333333335,0.6666666666666667,40.0,0.0,100613.33333333333
2025-04-27 20:00:00,21.42414695748106,18.595860538291138,0.0,2.22,16.2,84,0,2.5,23,19.7,20.2,17.6,0.0,0.0,0.0,18.88888888888889,71.29629629629629,24125.51851851852,1.2592592592592593,0.6296296296296297,39.111111111111114,0.0,100613.70370370371
2025-04-27 21:00:00,21.397013186321555,18.58163979709262,0.0,2.22,15.9,84,0,2.0,15,18.5,20.1,17.6,0.0,0.0,0.0,18.77777777777778,71.92592592592592,22706.370370370372,1.1851851851851851,0.5925925925925926,38.22222222222222,0.0,100614.07407407407
2025-04-27 22:00:00,21.369879415162053,18.567419055894106,0.0,2.22,15.6,83,0,1.6,17,17.6,19.9,17.6,0.0,0.0,0.0,18.666666666666668,72.55555555555556,21287.222222222223,1.1111111111111112,0.5555555555555556,37.333333333333336,0.0,100614.44444444444
2025-04-27 23:00:00,21.342745644002548,18.553198314695592,0.0,2.22,15.2,82,0,0.9,27,16.8,19.7,17.6,0.0,0.0,0.0,18.555555555555557,73.18518518518519,19868.074074074077,1.0370370370370372,0.5185185185185186,36.44444444444444,0.0,100614.81481481482
2025-04-28 00:00:00,21.315611872843046,18.53897757349708,0.0,2.22,14.7,82,0,1.0,26,16.2,19.5,17.6,0.0,0.0,0.0,18.444444444444443,73.81481481481481,18448.925925925927,0.962962962962963,0.4814814814814815,35.55555555555556,0.0,100615.18518518518
2025-04-28 01:00:00,21.28847810168354,18.52475683229856,0.0,2.22,14.5,81,0,1.3,37,16.0,19.3,17.6,0.0,0.0,0.0,18.333333333333332,74.44444444444444,17029.77777777778,0.888888888888889,0.4444444444444445,34.666666666666664,0.0,100615.55555555556
2025-04-28 02:00:00,21.26134433052404,18.510536091100047,0.0,2.22,13.8,82,0,2.2,5,15.4,19.1,17.6,0.0,0.0,0.0,18.22222222222222,75.07407407407408,15610.629629629631,0.8148148148148149,0.40740740740740744,33.77777777777778,0.0,100615.92592592593
2025-04-28 03:00:00,21.234210559364534,18.496315349901533,0.0,2.22,13.5,83,0,1.2,16,14.9,18.8,17.6,0.0,0.0,0.0,18.11111111111111,75.70370370370371,14191.481481481484,0.7407407407407408,0.3703703703703704,32.88888888888889,0.0,100616.29629629629
2025-04-28 04:00:00,21.20707678820503,18.48209460870302,0.0,2.22,13.2,84,0,1.0,19,14.4,18.6,17.6,0.0,0.0,0.0,18.0,76.33333333333333,12772.333333333336,0.6666666666666667,0.33333333333333337,32.0,0.0,100616.66666666667
2025-04-28 05:00:00,21.179943017045527,18.467873867504505,0.0,2.22,12.7,87,0,0.6,38,14.0,18.3,17.7,0.0,0.0,0.0,17.88888888888889,76.96296296296296,11353.185185185188,0.5925925925925927,0.29629629629629634,31.11111111111111,0.0,100617.03703703704
2025-04-28 06:00:00,21.152809245886022,18.453653126305987,0.0,2.22,13.1,89,0,0.4,46,13.8,18.0,17.7,0.0,0.0,0.01,17.77777777777778,77.5925925925926,9934.03703703704,0.5185185185185186,0.2592592592592593,30.22222222222222,0.0,100617.4074074074
2025-04-28 07:00:00,21.12567547472652,18.439432385107473,0.0,2.22,15.3,83,0,2.3,49,14.8,17.8,17.6,0.0,0.0,0.06,17.666666666666668,78.22222222222223,8514.88888888889,0.44444444444444453,0.22222222222222227,29.333333333333336,0.0,100617.77777777778
2025-04-28 08:00:00,21.098541703567015,18.42521164390896,0.0,2.22,17.4,72,0,8.2,34,16.4,17.7,17.6,0.0,0.0,0.19,17.555555555555557,78.85185185185185,7095.740740740743,0.37037037037037046,0.18518518518518523,28.444444444444446,0.0,100618.14814814815
2025-04-28 09:00:00,21.071407932407514,18.410990902710445,0.0,2.22,19.1,62,0,12.9,39,18.2,17.7,17.6,0.0,0.0,0.31,17.444444444444443,79.48148148148148,5676.592592592595,0.2962962962962964,0.1481481481481482,27.555555555555557,0.0,100618.51851851853
2025-04-28 10:00:00,21.04427416124801,18.396770161511927,0.0,2.22,20.4,57,0,16.9,43,19.9,17.7,17.6,0.0,0.0,0.42,17.333333333333332,80.11111111111111,4257.444444444447,0.22222222222222232,0.11111111111111116,26.666666666666668,0.0,100618.88888888889
2025-04-28 11:00:00,21.017140390088507,18.382549420313413,0.0,2.22,21.2,57,0,21.1,48,21.4,17.9,17.6,0.0,0.0,0.49,17.22222222222222,80.74074074074075,2838.2962962962993,0.14814814814814825,0.07407407407407413,25.77777777777778,0.0,100619.25925925926
2025-04-28 12:00:00,20.990006618929,18.3683286791149,0.0,2.22,21.6,57,0,23.2,50,22.6,18.1,17.6,0.0,0.0,0.53,17.11111111111111,81.37037037037037,1419.148148148151,0.07407407407407418,0.03703703703703709,24.88888888888889,0.0,100619.62962962964
2025-04-28 13:00:00,21.1119538859314,18.4634560646708,0.0,2.22,21.9,57,0,24.4,52,23.5,18.5,17.6,0.0,0.0,0.53,17.0,82.0,0.0,0.0,0.0,24.0,0.0,100620.0
2025-04-28 14:00:00,20.7553350362155,18.2300195402354,0.0,2.22,21.9,56,0,25.7,55,23.9,18.7,17.6,0.0,0.0,0.51,21.0,61.0,107372.0,9.0,5.0,48.0,0.0,100520.0
2025-04-28 15:00:00,20.993509365746,18.3300505670873,0.0,2.22,21.4,60,0,25.8,54,24.0,19.0,17.6,0.0,0.0,0.44,22.0,60.0,105436.0,8.0,5.0,94.0,0.0,100460.0
2025-04-28 16:00:00,20.9027161521644,18.3623989315588,0.0,2.22,20.4,63,0,24.4,56,23.6,19.3,17.7,0.0,0.0,0.34,22.0,58.0,93333.0,8.0,7.0,53.0,0.0,100430.0
2025-04-28 17:00:00,20.8491395151946,18.4099619916101,0.0,2.22,19.3,69,1,21.1,56,22.8,19.5,17.7,0.0,0.0,0.23,22.0,56.0,78430.0,6.0,6.0,96.0,0.0,100400.0
2025-04-28 18:00:00,20.9284560538669,18.0920814670064,0.0,2.22,17.9,77,7,17.7,53,21.7,19.6,17.7,0.0,0.0,0.11,21.0,62.0,54844.0,3.0,6.0,58.0,0.0,100370.0
2025-04-28 19:00:00,20.8181254121231,18.3303401885971,0.0,2.22,16.7,85,2,14.4,55,20.4,19.6,17.7,0.0,0.0,0.04,20.0,65.0,9543.0,1.0,7.0,66.0,0.0,100380.0
2025-04-28 20:00:00,20.6788164353006,18.1482329398519,0.0,2.22,16.0,91,9,12.2,52,19.3,19.6,17.7,0.0,0.0,0.0,19.0,69.0,8539.0,0.0,6.0,86.0,0.0,100390.0
2025-04-28 21:00:00,20.5928925762367,18.4096219936301,0.0,2.22,15.6,94,11,8.8,48,18.4,19.5,17.7,0.0,0.0,0.0,18.0,75.0,646.0,0.0,2.0,59.0,0.0,100420.0
2025-04-28 22:00:00,20.6809061335775,18.4761378044624,0.0,2.22,15.5,94,19,7.7,45,17.8,19.4,17.7,0.0,0.0,0.0,16.0,83.0,0.0,0.0,0.0,66.0,0.0,100460.0
2025-04-28 23:00:00,20.5432503886871,18.2278428950607,0.0,2.22,15.0,93,13,7.2,42,17.2,19.3,17.7,0.0,0.0,0.0,16.0,86.0,0.0,0.0,1.0,60.0,0.0,100500.0
2025-04-29 00:00:00,20.7275736799105,18.458819110176,0.0,2.22,15.0,93,15,9.8,50,16.8,19.1,17.7,0.0,0.0,0.0,15.0,88.0,0.0,0.0,0.0,328.0,0.0,100520.0
2025-04-29 01:00:00,20.5019529131468,18.114535477577,0.0,2.22,14.6,93,15,4.5,47,17.3,19.0,17.7,0.0,0.0,0.0,14.0,90.0,0.0,0.0,0.0,262.0,0.0,100520.0
2025-04-29 02:00:00,20.518485517944,18.2964119160077,0.0,2.22,14.3,95,15,1.7,24,16.8,18.9,17.7,0.0,0.0,0.0,13.0,92.0,0.0,0.0,0.0,180.0,0.0,100470.0
2025-04-29 03:00:00,20.6216433848053,18.2606559204731,0.0,2.22,13.7,97,31,1.9,360,16.3,18.7,17.7,0.0,0.0,0.0,12.0,93.0,0.0,0.0,0.0,172.0,0.0,100370.0
2025-04-29 04:00:00,20.6280126181101,18.1613808050056,0.0,2.22,13.7,98,69,4.8,261,16.0,18.6,17.7,0.0,0.0,0.0,12.0,94.0,0.0,0.0,0.0,72.0,0.0,100290.0
2025-04-29 05:00:00,20.4234342724901,18.1964569010513,0.0,2.22,13.7,99,100,4.5,276,15.9,18.4,17.7,0.0,0.0,0.0,11.0,95.0,0.0,0.0,0.0,192.0,0.0,100250.0
2025-04-29 06:00:00,20.4643277129258,18.0804957796822,0.0,2.22,13.7,99,100,5.0,282,15.9,18.2,17.7,0.0,0.0,0.01,12.0,95.0,0.0,0.0,0.0,228.0,0.0,100230.0
2025-04-29 07:00:00,20.3449644060274,18.2813822778969,0.0,2.22,14.8,91,72,4.1,10,16.4,18.1,17.7,0.0,0.0,0.05,12.0,96.0,0.0,0.0,0.0,188.0,0.0,100210.0
2025-04-29 08:00:00,20.2889648102996,18.2253061602084,0.0,2.22,16.3,81,92,10.3,35,17.2,18.0,17.7,0.0,0.0,0.13,11.0,96.0,3892.0,0.0,0.0,180.0,0.0,100170.0
2025-04-29 09:00:00,20.2575179658288,18.1986145288827,0.0,2.22,17.7,74,100,11.6,27,18.5,18.0,17.7,0.0,0.0,0.24,14.0,96.0,18833.0,1.0,0.0,78.0,0.0,100190.0
2025-04-29 10:00:00,20.354863411407,18.1500956478269,0.0,2.22,19.2,68,98,14.6,31,20.0,18.1,17.7,0.0,0.0,0.37,17.0,84.0,26999.0,1.0,2.0,48.0,0.0,100170.0
2025-04-29 11:00:00,20.1795840712715,18.2665833731712,0.0,2.22,20.1,65,100,15.8,31,21.5,18.2,17.7,0.0,0.0,0.44,19.0,73.0,65386.0,4.0,4.0,72.0,0.0,100100.0
2025-04-29 12:00:00,20.2830104174686,18.1139008052538,0.0,2.22,20.5,66,100,14.7,31,22.6,18.4,17.7,0.0,0.0,0.47,20.0,74.0,87216.0,7.0,3.0,24.0,0.0,100080.0
2025-04-29 13:00:00,20.1984223304516,18.1711149268044,0.0,2.22,20.8,64,100,15.7,31,23.3,18.7,17.7,0.0,0.0,0.4,20.0,75.0,98120.0,7.0,4.0,54.0,0.0,100050.0
2025-04-29 14:00:00,20.191737863106,18.3301161303472,0.0,2.22,20.8,65,100,16.0,24,23.6,19.0,17.7,0.0,0.0,0.4,20.0,72.0,40056.0,4.0,4.0,348.0,0.0,99990.0
2025-04-29 15:00:00,20.2905207788838,18.1724315897888,0.0,2.22,20.2,66,100,12.1,35,23.2,19.2,17.7,0.0,0.0,0.28,19.0,76.0,23287.0,2.0,3.0,330.0,0.0,99990.0
2025-04-29 16:00:00,20.2787879503338,18.3005102940963,0.0,2.22,20.1,67,98,12.3,35,22.6,19.4,17.7,0.0,0.0,0.21,19.0,78.0,19688.0,1.0,3.0,48.0,0.0,100060.0
2025-04-29 17:00:00,20.2642608747606,18.1477970327779,0.0,2.22,19.5,70,58,16.1,36,22.1,19.5,17.7,0.0,0.0,0.18,19.0,80.0,13140.0,0.0,3.0,36.0,0.0,100010.0
2025-04-29 18:00:00,20.1695610408211,18.309066782758,0.0,2.22,18.3,78,85,14.5,35,21.3,19.6,17.7,0.0,0.0,0.1,19.0,80.0,17417.0,1.0,5.0,24.0,0.0,99980.0
2025-04-29 19:00:00,20.2376446228224,18.1407806847732,0.0,2.22,16.9,87,93,12.5,25,20.3,19.6,17.8,0.0,0.0,0.03,18.0,81.0,8934.0,0.0,4.0,42.0,0.0,100030.0
2025-04-29 20:00:00,20.1780797528787,18.0684953761909,0.0,2.22,16.5,91,98,9.2,30,19.5,19.6,17.8,0.0,0.0,0.0,18.0,82.0,4520.0,0.0,3.0,54.0,0.0,100080.0
2025-04-29 21:00:00,20.1566134008733,18.0829927257765,0.0,2.22,16.4,91,100,11.8,41,18.9,19.6,17.8,0.0,0.0,0.0,17.0,86.0,252.0,0.0,4.0,36.0,0.0,100140.0
2025-04-29 22:00:00,19.9911983787338,18.0133963417558,0.0,2.22,16.7,89,95,10.6,47,18.5,19.5,17.8,0.0,0.0,0.0,17.0,87.0,0.0,0.0,1.0,48.0,0.0,100190.0
2025-04-29 23:00:00,19.9398521543664,18.1896950735679,0.0,2.22,17.0,87,100,9.6,55,18.3,19.4,17.8,0.0,0.0,0.0,17.0,88.0,0.0,0.0,3.0,48.0,0.0,100200.0
2025-04-30 00:00:00,20.0032044307363,18.2763784709023,0.0,2.22,16.6,88,100,7.0,61,18.0,19.3,17.8,0.0,0.0,0.0,17.0,90.0,0.0,0.0,2.0,54.0,0.0,100190.0
2025-04-30 01:00:00,20.1939005961007,18.2445630011103,0.0,2.22,16.8,91,100,11.2,46,18.6,19.3,17.8,0.2,0.2,0.0,17.0,92.0,0.0,0.0,0.0,48.0,0.0,100200.0
2025-04-30 02:00:00,19.7048775583882,18.1813958337232,0.0,2.22,16.7,91,100,7.8,57,18.1,19.3,17.8,0.1,0.1,0.0,17.0,94.0,0.0,0.0,0.0,60.0,0.0,100130.0
2025-04-30 03:00:00,19.8247828771375,18.3185740926386,0.0,2.22,16.6,91,100,9.1,67,17.8,19.2,17.8,0.1,0.1,0.0,16.0,94.0,0.0,0.0,2.0,42.0,0.0,100090.0
2025-04-30 04:00:00,19.7771868808794,18.1022954627911,0.0,2.22,16.2,90,100,7.1,87,17.5,19.0,17.8,0.0,0.0,0.0,16.0,96.0,0.0,0.0,0.0,72.0,0.0,100080.0
2025-04-30 05:00:00,19.8041478537961,17.9824113796037,0.0,2.22,15.6,92,99,6.1,78,17.2,18.9,17.8,0.0,0.0,0.0,16.0,96.0,0.0,0.0,0.0,96.0,0.0,100020.0
2025-04-30 06:00:00,19.9494146908258,18.069415632781,0.0,2.22,15.1,95,100,4.6,70,17.0,18.8,17.8,0.0,0.0,0.02,16.0,97.0,0.0,0.0,2.0,70.0,0.0,99930.0
2025-04-30 07:00:00,19.8228813287702,18.0478860016896,0.0,2.22,14.9,97,100,2.6,47,17.1,18.7,17.8,0.0,0.0,0.03,16.0,97.0,0.0,0.0,0.0,60.0,0.0,99920.0
2025-04-30 08:00:00,19.866371758958,18.3108734897478,0.0,2.22,15.2,97,100,3.3,338,17.4,18.6,17.8,0.0,0.0,0.06,16.0,97.0,2568.0,0.0,0.0,24.0,0.0,99970.0
2025-04-30 09:00:00,19.7574690200075,18.3395539820203,0.0,2.22,16.4,91,100,7.7,318,18.2,18.5,17.8,0.0,0.0,0.13,17.0,96.0,10665.0,0.0,0.0,249.0,0.0,100020.0
2025-04-30 10:00:00,19.7997377041052,18.0855781950082,0.0,2.22,18.1,81,100,7.6,289,19.4,18.5,17.8,0.0,0.0,0.24,18.0,92.0,16644.0,1.0,0.0,285.0,0.0,100040.0
2025-04-30 11:00:00,19.8247139233291,18.0279732225379,0.0,2.22,19.4,77,100,7.7,278,20.3,18.6,17.8,0.0,0.0,0.24,19.0,80.0,53364.0,4.0,2.0,341.0,0.0,100040.0
2025-04-30 12:00:00,19.7468525578261,18.1167345792913,0.0,2.22,21.1,71,100,8.5,331,21.7,18.7,17.8,0.0,0.0,0.35,20.0,73.0,57592.0,5.0,1.0,288.0,0.0,100040.0
2025-04-30 13:00:00,19.648686473364,18.2714034516234,0.0,2.22,19.9,73,100,6.9,347,21.7,19.0,17.8,0.1,0.1,0.23,21.0,74.0,47775.0,4.0,3.0,20.0,0.0,99990.0
2025-04-30 14:00:00,19.8692124687196,18.1559289597616,0.0,2.22,20.2,73,100,9.4,25,21.8,19.1,17.8,0.0,0.0,0.22,21.0,75.0,56883.0,5.0,4.0,352.0,0.0,99990.0
2025-04-30 15:00:00,19.8427161492313,18.0706188000127,0.0,2.22,19.9,76,100,11.4,36,21.8,19.2,17.8,0.2,0.2,0.22,21.0,76.0,49256.0,3.0,5.0,20.0,0.0,100000.0
2025-04-30 16:00:00,19.7722216961161,18.1476601741602,0.0,2.22,20.4,74,99,10.0,65,21.9,19.4,17.8,0.0,0.0,0.24,21.0,73.0,43196.0,3.0,4.0,12.0,0.0,100000.0
2025-04-30 17:00:00,19.7615540779756,18.0633089263627,0.0,2.22,20.6,73,98,5.8,88,21.9,19.5,17.9,0.0,0.0,0.19,21.0,74.0,38096.0,2.0,4.0,32.0,0.0,99990.0
2025-04-30 18:00:00,19.8313420201242,18.1824702190415,0.0,2.22,19.9,77,100,5.5,44,21.4,19.6,17.9,0.0,0.0,0.1,20.0,78.0,25942.0,2.0,2.0,26.0,0.0,100010.0
2025-04-30 19:00:00,19.5824619555728,18.023086550375,0.0,2.22,17.4,91,100,4.0,18,20.3,19.6,17.9,0.0,0.0,0.02,19.0,82.0,12178.0,1.0,2.0,44.0,0.0,100040.0
2025-04-30 20:00:00,19.7934867940824,18.1236745807333,0.0,2.22,16.4,94,74,1.8,16,19.2,19.6,17.9,0.0,0.0,0.0,19.0,84.0,4150.0,0.0,2.0,20.0,0.0,100050.0
2025-04-30 21:00:00,19.7039322874512,18.2402223852511,0.0,2.22,15.9,94,94,1.3,354,18.3,19.5,17.9,0.0,0.0,0.0,18.0,87.0,52.0,0.0,2.0,30.0,0.0,100090.0
2025-04-30 22:00:00,19.6086005970065,18.1144925240581,0.0,2.22,15.7,96,96,2.4,114,17.8,19.4,17.9,0.0,0.0,0.0,17.0,92.0,0.0,0.0,0.0,78.0,0.0,100200.0
2025-04-30 23:00:00,19.643096865362,17.9037106463771,0.0,2.22,15.7,94,100,4.9,156,17.6,19.3,17.9,0.0,0.0,0.0,17.0,91.0,0.0,0.0,0.0,145.0,0.0,100280.0
2025-05-01 00:00:00,19.7059390152604,18.1805595416611,0.0,2.22,15.9,93,100,5.5,198,17.6,19.1,17.9,0.0,0.0,0.0,18.0,91.0,0.0,0.0,0.0,90.0,0.0,100270.0
2025-05-01 01:00:00,19.6905993269241,18.1964561597275,0.0,2.22,16.9,92,100,4.4,171,18.6,19.1,17.9,0.1,0.1,0.0,17.0,92.0,0.0,0.0,0.0,66.0,0.0,100250.0
2025-05-01 02:00:00,19.6057632315903,18.2573373850293,0.0,2.22,17.0,91,100,3.2,177,18.3,19.1,17.9,0.1,0.1,0.0,17.0,92.0,0.0,0.0,0.0,72.0,0.0,100230.0
2025-05-01 03:00:00,19.5035952923111,18.0120406029306,0.0,2.22,17.0,92,100,2.7,166,18.1,19.0,17.9,0.1,0.1,0.0,17.0,93.0,0.0,0.0,0.0,54.0,0.0,100200.0
2025-05-01 04:00:00,19.5742952673909,18.2406979107686,0.0,2.22,17.0,92,100,1.1,135,17.9,18.9,17.9,0.0,0.0,0.0,17.0,93.0,0.0,0.0,0.0,48.0,0.0,100160.0
2025-05-01 05:00:00,19.395786551728,18.2138431047294,0.0,2.22,16.7,93,100,1.0,45,17.8,18.8,17.9,0.1,0.1,0.0,17.0,93.0,0.0,0.0,0.0,36.0,0.0,100160.0
2025-05-01 06:00:00,19.5503665066128,18.2032621630098,0.0,2.22,16.6,93,100,2.6,72,17.7,18.8,17.9,0.1,0.1,0.02,17.0,93.0,0.0,0.0,0.0,66.0,0.0,100150.0
2025-05-01 07:00:00,19.5596364363621,18.3731663446671,0.0,2.22,16.6,94,100,3.0,51,17.8,18.7,17.9,0.0,0.0,0.04,17.0,94.0,124.0,0.0,0.0,112.0,0.0,100170.0
2025-05-01 08:00:00,19.6073828413924,18.1592544201818,0.0,2.22,17.0,91,100,4.7,22,18.3,18.6,17.9,0.0,0.0,0.1,17.0,93.0,6940.0,0.0,0.0,72.0,0.0,100210.0
2025-05-01 09:00:00,19.5032976271791,18.2476513673014,0.0,2.22,18.5,83,100,8.5,6,19.5,18.6,17.9,0.0,0.0,0.22,18.0,88.0,14104.0,1.0,0.0,117.0,0.0,100220.0
2025-05-01 10:00:00,19.4336028894814,18.1197792441687,0.0,2.22,19.7,78,68,9.5,8,20.8,18.7,17.9,0.0,0.0,0.32,20.0,79.0,57752.0,3.0,2.0,30.0,0.0,100200.0
2025-05-01 11:00:00,19.5083885750322,18.2909918478615,0.0,2.22,21.3,73,52,11.1,24,22.6,18.9,17.9,0.0,0.0,0.47,21.0,75.0,89091.0,6.0,2.0,10.0,0.0,100160.0
2025-05-01 12:00:00,19.3727916879539,18.1002632223508,0.0,2.22,21.8,71,21,12.5,34,24.0,19.1,17.9,0.0,0.0,0.52,22.0,72.0,97670.0,7.0,4.0,24.0,0.0,100150.0
2025-05-01 13:00:00,19.3730193033718,17.9489045442912,0.0,2.22,21.7,70,17,14.2,41,24.8,19.4,17.9,0.0,0.0,0.51,22.0,70.0,105077.0,9.0,3.0,63.0,0.0,100080.0
2025-05-01 14:00:00,19.4191869663986,18.1337064586441,0.0,2.22,21.8,69,33,16.2,51,25.1,19.7,17.9,0.0,0.0,0.47,22.0,68.0,89047.0,8.0,4.0,29.0,0.0,100030.0
2025-05-01 15:00:00,19.4809319816604,17.9797990143229,0.0,2.22,21.7,70,64,13.9,54,25.1,20.0,17.9,0.0,0.0,0.4,22.0,69.0,95159.0,9.0,6.0,45.0,0.0,100020.0
2025-05-01 16:00:00,19.5390958917233,17.9472302324569,0.0,2.22,20.9,73,99,14.6,46,24.5,20.2,17.9,0.0,0.0,0.27,22.0,68.0,88032.0,6.0,4.0,59.0,0.0,99990.0
2025-05-01 17:00:00,19.3242798802799,17.9897872937289,0.0,2.22,20.3,76,97,14.9,38,23.6,20.4,18.0,0.0,0.0,0.16,22.0,71.0,71480.0,5.0,2.0,48.0,0.0,99920.0
2025-05-01 18:00:00,19.414667226833,17.8815549145102,0.0,2.22,18.7,84,100,12.9,33,22.5,20.5,18.0,0.0,0.0,0.08,22.0,73.0,34756.0,1.0,4.0,60.0,0.0,99880.0
2025-05-01 19:00:00,19.5279597992248,18.1250237994673,0.0,2.22,17.2,90,100,9.9,44,21.3,20.5,18.0,0.0,0.0,0.03,20.0,74.0,5027.0,0.0,4.0,42.0,0.0,99830.0
2025-05-01 20:00:00,19.4513893680221,17.9270519435701,0.0,2.22,16.3,93,98,7.1,23,20.2,20.5,18.0,0.0,0.0,0.0,19.0,82.0,243.0,0.0,4.0,336.0,0.0,99970.0
2025-05-01 21:00:00,19.2699874598348,17.9005367355767,0.0,2.22,16.9,89,100,5.3,28,19.5,20.4,18.0,0.0,0.0,0.0,18.0,94.0,0.0,0.0,3.0,114.0,76.0,99940.0
2025-05-01 22:00:00,19.2003112828957,18.0329682173112,0.0,2.22,18.3,82,100,1.7,175,19.0,20.3,18.0,0.0,0.0,0.0,17.0,95.0,0.0,0.0,3.0,117.0,15.0,99930.0
2025-05-01 23:00:00,19.2173281052171,17.9612380918955,0.0,2.22,20.5,68,94,6.7,184,18.9,20.2,18.0,0.0,0.0,0.02,18.0,94.0,0.0,0.0,0.0,54.0,0.0,99850.0
2025-05-02 00:00:00,19.1597817722496,17.9159632146495,0.0,2.22,25.5,39,63,22.4,185,19.3,20.1,18.0,0.0,0.0,0.2,18.0,91.0,0.0,0.0,4.0,297.0,0.0,99910.0
2025-05-02 01:00:00,19.2955666100146,17.9486309679067,0.0,2.22,20.7,58,96,8.6,172,18.7,19.9,18.0,0.0,0.0,0.04,26.0,42.0,0.0,0.0,7.0,210.0,0.0,99710.0
2025-05-02 02:00:00,19.3362617682539,17.8131998085094,0.0,2.22,25.2,42,100,31.2,179,19.2,19.8,18.0,0.0,0.0,0.23,26.0,41.0,0.0,0.0,4.0,186.0,0.0,99660.0
2025-05-02 03:00:00,19.1433879285665,18.0232704302753,0.0,2.22,24.9,45,100,26.4,182,19.9,19.7,18.0,0.0,0.0,0.2,27.0,39.0,0.0,0.0,10.0,216.0,0.0,99590.0
2025-05-02 04:00:00,19.1607510712468,17.935535894077,0.0,2.22,24.9,45,100,15.0,201,20.3,19.7,18.0,0.0,0.0,0.12,27.0,39.0,0.0,0.0,7.0,197.0,0.0,99500.0
2025-05-02 05:00:00,19.2696335780629,18.0259429585104,0.0,2.22,20.1,64,100,6.1,269,19.8,19.7,18.1,0.0,0.0,0.02,28.0,34.0,0.0,0.0,4.0,214.0,0.0,99530.0
2025-05-02 06:00:00,19.2536226259104,17.8664590578188,0.0,2.22,18.7,79,100,3.6,303,19.3,19.7,18.1,0.0,0.0,0.02,27.0,39.0,0.0,0.0,4.0,188.0,0.0,99710.0
2025-05-02 07:00:00,19.3482241889349,17.8752730722961,0.0,2.22,19.7,76,100,7.9,327,19.4,19.6,18.1,0.0,0.0,0.08,19.0,79.0,304.0,0.0,4.0,157.0,0.0,99850.0
2025-05-02 08:00:00,19.1508960821265,17.7774796732167,0.0,2.22,20.7,71,100,9.4,325,20.2,19.6,18.1,0.0,0.0,0.17,18.0,90.0,6417.0,0.0,4.0,120.0,0.0,100010.0
2025-05-02 09:00:00,19.0680222887176,18.0511202784155,0.0,2.22,22.5,64,100,11.8,330,21.3,19.6,18.1,0.0,0.0,0.29,19.0,86.0,18179.0,1.0,2.0,95.0,0.0,100040.0
2025-05-02 10:00:00,19.217730185801,17.7612513934368,0.0,2.22,23.7,59,100,14.0,337,22.6,19.8,18.1,0.0,0.0,0.41,20.0,78.0,36444.0,2.0,2.0,99.0,0.0,100100.0
2025-05-02 11:00:00,19.0460276111626,17.942662287632,0.0,2.22,23.9,59,92,15.9,355,23.8,19.9,18.1,0.0,0.0,0.48,22.0,69.0,67779.0,5.0,1.0,54.0,0.0,100130.0
2025-05-02 12:00:00,19.100055567628,17.7726050229896,0.0,2.22,23.9,57,100,12.5,9,24.7,20.1,18.1,0.0,0.0,0.5,23.0,62.0,61372.0,5.0,3.0,330.0,0.0,100130.0
2025-05-02 13:00:00,19.1115823645531,17.9455804591112,0.0,2.22,24.6,53,14,13.7,355,26.0,20.4,18.1,0.0,0.0,0.57,23.0,62.0,97288.0,8.0,3.0,32.0,0.0,100110.0
2025-05-02 14:00:00,19.48009558309,17.8128762725318,0.0,2.22,24.1,55,6,15.3,359,26.3,20.7,18.1,0.0,0.0,0.53,25.0,53.0,108336.0,9.0,3.0,6.0,0.0,100060.0
2025-05-02 15:00:00,19.0243391589381,17.6754782869151,0.0,2.22,23.4,57,22,13.6,4,26.3,20.9,18.1,0.0,0.0,0.45,23.0,60.0,99154.0,7.0,7.0,17.0,0.0,100080.0
2025-05-02 16:00:00,19.2384391364901,17.7775657916409,0.0,2.22,22.4,61,26,12.0,19,25.8,21.2,18.1,0.0,0.0,0.34,23.0,62.0,84892.0,6.0,4.0,48.0,0.0,100070.0
2025-05-02 17:00:00,19.1433002666117,17.8623404226887,0.0,2.22,22.1,65,10,9.2,12,25.1,21.4,18.1,0.0,0.0,0.24,22.0,68.0,62990.0,4.0,5.0,5.0,0.0,100090.0
2025-05-02 18:00:00,19.084176870387,17.7368715809045,0.0,2.22,20.5,71,10,9.4,3,24.0,21.5,18.2,0.0,0.0,0.12,21.0,74.0,22725.0,1.0,3.0,59.0,0.0,100150.0
2025-05-02 19:00:00,19.2957633763569,17.8821549135217,0.0,2.22,18.4,82,18,3.6,21,22.6,21.5,18.2,0.0,0.0,0.02,21.0,68.0,11385.0,1.0,3.0,6.0,0.0,100200.0
2025-05-02 20:00:00,19.3734500828635,17.7482287358097,0.0,2.22,17.4,88,24,3.0,74,21.2,21.5,18.2,0.0,0.0,0.0,20.0,67.0,2637.0,0.0,3.0,48.0,0.0,100260.0
2025-05-02 21:00:00,19.1991014161845,17.8434733837441,0.0,2.22,16.9,91,5,3.3,115,20.2,21.4,18.2,0.0,0.0,0.0,18.0,73.0,0.0,0.0,0.0,91.0,0.0,100320.0
2025-05-02 22:00:00,19.0486188802275,17.6627070490076,0.0,2.22,16.7,90,0,2.2,100,19.4,21.2,18.2,0.0,0.0,0.0,17.5,75.5,0.0,0.0,0.0,86.5,0.0,100365.0
2025-05-02 23:00:00,18.9415848487549,17.8213928535659,0.0,2.22,16.5,87,0,2.2,99,18.7,21.0,18.2,0.0,0.0,0.0,17.0,78.0,0.0,0.0,0.0,82.0,0.0,100410.0
2025-05-03 00:00:00,19.0180059833256,17.7049362660686,0.0,2.22,16.3,85,0,1.7,70,18.1,20.8,18.2,0.0,0.0,0.0,17.0,75.0,0.0,0.0,0.0,152.0,0.0,100460.0
2025-05-03 01:00:00,19.256052457828,17.7941802209475,0.0,2.22,16.5,76,1,1.5,72,17.9,20.6,18.2,0.0,0.0,0.0,17.0,79.0,0.0,0.0,2.0,114.0,0.0,100490.0
2025-05-03 02:00:00,19.0242278750351,17.6602093999285,0.0,2.22,16.3,75,0,2.7,67,17.5,20.4,18.3,0.0,0.0,0.0,16.0,82.0,0.0,0.0,0.0,119.0,0.0,100490.0
2025-05-03 03:00:00,19.2001363168507,17.8561061790535,0.0,2.22,15.8,76,1,2.9,68,17.1,20.2,18.3,0.0,0.0,0.0,17.0,76.0,0.0,0.0,1.0,150.0,0.0,100500.0
2025-05-03 04:00:00,18.9187513116186,17.8968277317968,0.0,2.22,15.7,77,0,1.2,45,16.6,19.9,18.3,0.0,0.0,0.0,16.0,78.0,0.0,0.0,1.0,120.0,0.0,100440.0
2025-05-03 05:00:00,18.9599577576377,17.6977021082069,0.0,2.22,15.4,78,0,0.7,43,16.2,19.7,18.3,0.0,0.0,0.0,15.0,82.0,0.0,0.0,1.0,119.0,0.0,100420.0
2025-05-03 06:00:00,18.8249423130602,17.9065044265295,0.0,2.22,15.8,80,0,1.3,69,16.1,19.5,18.3,0.0,0.0,0.01,15.0,85.0,0.0,0.0,2.0,144.0,0.0,100400.0
2025-05-03 07:00:00,19.0215033071011,17.8759951631335,0.0,2.22,18.4,70,0,1.1,22,17.1,19.3,18.3,0.0,0.0,0.07,15.0,85.0,0.0,0.0,1.0,119.0,0.0,100390.0
2025-05-03 08:00:00,18.873620835914,17.7075258139094,0.0,2.22,19.8,67,0,5.2,5,18.6,19.2,18.3,0.0,0.0,0.2,14.0,86.0,1778.0,0.0,1.0,98.0,0.0,100410.0
2025-05-03 09:00:00,18.9767199344049,17.9872317051701,0.0,2.22,21.1,62,0,7.3,16,20.4,19.2,18.3,0.0,0.0,0.33,16.0,84.0,11879.0,1.0,0.0,312.0,0.0,100470.0
2025-05-03 10:00:00,19.1115040339221,17.8377535647307,0.0,2.22,22.6,56,61,8.6,26,22.1,19.3,18.3,0.0,0.0,0.44,19.0,71.0,35404.0,2.0,0.0,342.0,0.0,100490.0
2025-05-03 11:00:00,19.0310920910407,17.7080826759529,0.0,2.22,22.6,58,100,10.6,22,23.1,19.5,18.3,0.0,0.0,0.41,20.0,68.0,66120.0,4.0,4.0,6.0,0.0,100510.0
2025-05-03 12:00:00,19.0716656571226,17.7682509949728,0.0,2.22,21.7,62,100,15.1,15,23.4,19.7,18.3,0.0,0.0,0.34,21.0,68.0,24105.0,3.0,1.0,17.0,0.0,100490.0
2025-05-03 13:00:00,19.0909263514443,17.8648433112204,0.0,2.22,22.5,58,100,14.2,12,23.9,19.9,18.3,0.0,0.0,0.38,22.0,59.0,99548.0,9.0,2.0,341.0,0.0,100470.0
2025-05-03 14:00:00,19.1322888809909,17.7865138892621,0.0,2.22,21.2,62,100,13.2,12,23.9,20.1,18.3,0.0,0.0,0.32,23.0,63.0,102124.0,8.0,3.0,28.0,0.0,100410.0
2025-05-03 15:00:00,19.0260651355163,17.7390018990314,0.0,2.22,21.6,61,100,10.3,3,24.1,20.3,18.3,0.0,0.0,0.36,22.0,63.0,73998.0,6.0,3.0,54.0,0.0,100400.0
2025-05-03 16:00:00,18.998300240292,17.8251486314099,0.0,2.22,20.9,61,100,7.9,3,23.8,20.4,18.3,0.0,0.0,0.26,22.0,62.0,49536.0,4.0,3.0,24.0,0.0,100400.0
2025-05-03 17:00:00,18.9508900125458,17.6305230711039,0.0,2.22,20.6,61,100,7.9,14,23.2,20.6,18.3,0.0,0.0,0.18,21.0,59.0,41309.0,3.0,5.0,18.0,0.0,100390.0
2025-05-03 18:00:00,19.0888042807009,17.7949605487607,0.0,2.22,19.9,63,12,6.7,71,22.4,20.6,18.3,0.0,0.0,0.11,20.0,63.0,31735.0,3.0,3.0,355.0,0.0,100390.0
2025-05-03 19:00:00,19.0281220667567,17.7168700026884,0.0,2.22,18.0,71,8,5.2,73,21.2,20.7,18.3,0.0,0.0,0.03,20.0,63.0,37476.0,2.0,3.0,7.0,0.0,100430.0
2025-05-03 20:00:00,18.9679946105316,17.5055072114572,0.0,2.22,16.8,77,10,4.7,101,20.0,20.6,18.4,0.0,0.0,0.0,20.0,63.0,7075.0,0.0,2.0,43.0,0.0,100430.0
2025-05-03 21:00:00,18.8734030255643,17.5818369014641,0.0,2.22,16.1,81,7,4.5,98,19.2,20.5,18.4,0.0,0.0,0.0,20.0,59.0,1768.0,0.0,1.0,138.0,0.0,100440.0
2025-05-03 22:00:00,18.720373674537,17.8623496576196,0.0,2.22,15.7,80,10,3.6,97,18.4,20.4,18.4,0.0,0.0,0.0,19.0,61.0,0.0,0.0,2.0,126.0,0.0,100470.0
2025-05-03 23:00:00,18.7836924717769,17.8710135832889,0.0,2.22,15.3,79,5,4.1,96,17.7,20.2,18.4,0.0,0.0,0.0,16.0,72.0,0.0,0.0,0.0,112.0,0.0,100540.0
2025-05-04 00:00:00,18.8601258888062,17.6297999577797,0.0,2.22,15.3,76,14,2.7,114,17.2,20.0,18.4,0.0,0.0,0.0,16.0,70.0,0.0,0.0,1.0,124.0,0.0,100570.0
2025-05-04 01:00:00,18.7576464458474,17.6698197754294,0.0,2.22,15.4,74,9,1.6,94,16.9,19.9,18.4,0.0,0.0,0.0,16.0,71.0,0.0,0.0,1.0,112.0,0.0,100560.0
2025-05-04 02:00:00,18.7480890207122,17.804536688068,0.0,2.22,15.3,74,9,1.2,74,16.5,19.7,18.4,0.0,0.0,0.0,15.0,77.0,0.0,0.0,1.0,113.0,0.0,100560.0
2025-05-04 03:00:00,18.7020880861365,17.8255715990971,0.0,2.22,14.8,76,12,0.9,83,16.1,19.4,18.4,0.0,0.0,0.0,15.0,80.0,0.0,0.0,1.0,120.0,0.0,100510.0
2025-05-04 04:00:00,18.9063278135433,17.8342318959761,0.0,2.22,14.2,80,3,2.1,142,15.7,19.2,18.4,0.0,0.0,0.0,14.0,83.0,0.0,0.0,1.0,120.0,0.0,100470.0
2025-05-04 05:00:00,18.7976418813763,17.6661281937132,0.0,2.22,13.6,83,2,3.4,231,15.3,19.0,18.4,0.0,0.0,0.0,14.0,85.0,0.0,0.0,1.0,131.0,0.0,100450.0
2025-05-04 06:00:00,18.6069836677434,17.8353317319189,0.0,2.22,14.4,81,1,4.6,218,15.3,18.8,18.4,0.0,0.0,0.02,14.0,84.0,0.0,0.0,1.0,144.0,0.0,100450.0
2025-05-04 07:00:00,18.6624744794038,17.6813504894666,0.0,2.22,17.2,73,1,3.6,235,16.2,18.6,18.4,0.0,0.0,0.08,12.0,89.0,0.0,0.0,0.0,282.0,0.0,100450.0
2025-05-04 08:00:00,18.599396801995,17.6231426695666,0.0,2.22,19.4,64,1,3.5,294,17.8,18.5,18.4,0.0,0.0,0.2,13.0,87.0,3126.0,0.0,1.0,233.0,0.0,100470.0
2025-05-04 09:00:00,18.7000624840505,17.8203546366215,0.0,2.22,21.1,59,1,5.0,264,19.8,18.5,18.4,0.0,0.0,0.33,15.0,84.0,15813.0,1.0,0.0,165.0,0.0,100460.0
2025-05-04 10:00:00,18.7045467885036,17.6325931565652,0.0,2.22,23.3,49,1,6.3,271,21.8,18.7,18.4,0.0,0.0,0.47,18.0,71.0,41084.0,2.0,1.0,278.0,0.0,100460.0
2025-05-04 11:00:00,18.7705179990396,17.5370179675026,0.0,2.22,24.6,44,38,8.4,309,23.7,18.9,18.4,0.0,0.0,0.57,20.0,63.0,69898.0,4.0,1.0,224.0,0.0,100440.0
2025-05-04 12:00:00,18.9065287757547,17.748075483489,0.0,2.22,22.9,60,41,16.6,357,24.6,19.2,18.4,0.1,0.1,0.5,22.0,56.0,91043.0,8.0,0.0,340.0,0.0,100400.0
2025-05-04 13:00:00,18.7551516036823,17.6360835568144,0.0,2.22,21.0,66,24,16.9,13,24.6,19.5,18.4,0.0,0.0,0.37,24.0,45.0,27108.0,3.0,1.0,336.0,0.0,100350.0
2025-05-04 14:00:00,18.9083140295694,17.8250225415804,0.0,2.22,22.0,61,17,11.6,15,25.1,19.8,18.4,0.0,0.0,0.46,23.0,60.0,114450.0,8.0,3.0,18.0,0.0,100310.0
2025-05-04 15:00:00,18.6951952620355,17.7204317366256,0.0,2.22,22.0,54,22,12.8,356,25.3,20.1,18.4,0.0,0.0,0.43,22.0,59.0,109377.0,9.0,5.0,359.0,0.0,100310.0
2025-05-04 16:00:00,18.8192265391131,17.8385485015521,0.0,2.22,20.8,59,7,11.9,2,24.8,20.3,18.4,0.0,0.0,0.31,22.0,64.0,96314.0,7.0,4.0,31.0,0.0,100320.0
2025-05-04 17:00:00,18.8240811292667,17.6630321991166,0.0,2.22,20.4,59,33,7.2,8,24.2,20.5,18.4,0.0,0.0,0.23,22.0,58.0,80855.0,6.0,2.0,359.0,0.0,100280.0
2025-05-04 18:00:00,19.109561900526,17.6797995037805,0.0,2.22,20.0,60,38,6.0,342,23.1,20.6,18.4,0.0,0.0,0.12,21.0,61.0,56271.0,4.0,4.0,42.0,0.0,100280.0
2025-05-04 19:00:00,18.7767712006829,17.5921408609919,0.0,2.22,18.0,69,39,1.9,354,21.6,20.7,18.4,0.0,0.0,0.02,20.0,63.0,9244.0,1.0,5.0,23.0,0.0,100300.0
2025-05-04 20:00:00,18.8688998879612,17.7444036983204,0.0,2.22,17.2,73,15,1.7,243,20.3,20.6,18.4,0.0,0.0,0.0,19.0,67.0,10091.0,0.0,3.0,39.0,0.0,100300.0
2025-05-04 21:00:00,18.6291447955306,17.680169246847,0.0,2.22,16.5,75,36,3.3,228,19.2,20.5,18.4,0.0,0.0,0.0,18.0,72.0,609.0,0.0,2.0,76.0,0.0,100310.0
2025-05-04 22:00:00,18.7724438926964,17.743514546436,0.0,2.22,16.1,75,44,5.4,222,18.4,20.4,18.4,0.0,0.0,0.0,17.0,76.0,0.0,0.0,2.0,85.0,0.0,100380.0
2025-05-04 23:00:00,18.7637707012044,17.684095691019,0.0,2.22,15.3,78,64,6.1,215,17.7,20.2,18.4,0.0,0.0,0.0,16.0,79.0,0.0,0.0,2.0,126.0,0.0,100430.0
2025-05-05 00:00:00,18.541231682153,17.6979790702063,0.0,2.22,14.9,79,79,7.1,214,17.2,20.1,18.5,0.0,0.0,0.01,15.0,80.0,0.0,0.0,1.0,138.0,0.0,100440.0
2025-05-05 01:00:00,18.8737434583352,17.6595511111525,0.0,2.22,15.0,79,51,2.0,253,17.2,19.9,18.5,0.0,0.0,0.0,15.0,78.0,0.0,0.0,1.0,144.0,0.0,100410.0
2025-05-05 02:00:00,18.7254415128999,17.7750440054244,0.0,2.22,14.2,82,57,3.8,219,16.6,19.7,18.5,0.0,0.0,0.0,14.0,83.0,0.0,0.0,1.0,282.0,0.0,100400.0
2025-05-05 03:00:00,18.6937130344065,17.8249469914961,0.0,2.22,13.6,85,56,4.0,232,16.2,19.5,18.5,0.0,0.0,0.0,13.0,87.0,0.0,0.0,1.0,198.0,0.0,100350.0
2025-05-05 04:00:00,18.7714932029106,17.8268705940208,0.0,2.22,13.4,86,46,3.7,259,15.8,19.3,18.5,0.0,0.0,0.0,13.0,87.0,0.0,0.0,0.0,189.0,0.0,100320.0
2025-05-05 05:00:00,18.6213597703005,17.7862889930425,0.0,2.22,13.5,86,50,4.4,257,15.5,19.1,18.5,0.0,0.0,0.0,12.0,89.0,0.0,0.0,0.0,186.0,0.0,100320.0
2025-05-05 06:00:00,18.492820130746,17.6294388810818,0.0,2.22,14.3,83,42,3.6,245,15.4,18.8,18.5,0.0,0.0,0.02,12.0,90.0,0.0,0.0,1.0,192.0,0.0,100300.0
2025-05-05 07:00:00,18.4528218040892,17.7734030039207,0.0,2.22,16.9,73,51,4.7,216,16.3,18.7,18.5,0.0,0.0,0.08,12.0,91.0,0.0,0.0,1.0,180.0,0.0,100300.0
2025-05-05 08:00:00,18.5378477557255,17.856774273073,0.0,2.22,18.7,65,96,6.5,258,17.7,18.6,18.5,0.0,0.0,0.19,12.0,91.0,4488.0,0.0,0.0,180.0,0.0,100320.0
2025-05-05 09:00:00,18.6866323092632,17.8110179525387,0.0,2.22,20.2,59,53,10.1,274,19.3,18.6,18.5,0.0,0.0,0.3,17.0,79.0,19575.0,1.0,1.0,228.0,0.0,100330.0
2025-05-05 10:00:00,18.516681278528,17.5743137371564,0.0,2.22,21.7,53,23,10.4,271,20.9,18.7,18.5,0.0,0.0,0.4,19.0,70.0,47788.0,3.0,2.0,223.0,0.0,100350.0
2025-05-05 11:00:00,18.3900652873208,17.5607996562647,0.0,2.22,23.3,46,8,10.8,293,22.7,18.8,18.5,0.0,0.0,0.54,20.0,63.0,78935.0,5.0,2.0,271.0,0.0,100350.0
2025-05-05 12:00:00,18.480864096889,17.6240289735099,0.0,2.22,23.3,45,33,14.7,327,24.0,19.1,18.5,0.0,0.0,0.57,21.0,54.0,38748.0,3.0,2.0,312.0,0.0,100350.0
2025-05-05 13:00:00,18.5520118707499,17.7956896469369,0.0,2.22,23.0,45,69,18.8,323,24.5,19.4,18.5,0.0,0.0,0.53,21.0,51.0,60560.0,5.0,8.0,338.0,0.0,100320.0
2025-05-05 14:00:00,18.6186083305135,17.5740975478042,0.0,2.22,22.8,46,49,18.2,327,24.7,19.7,18.5,0.0,0.0,0.48,22.0,45.0,111488.0,8.0,5.0,330.0,0.0,100270.0
2025-05-05 15:00:00,18.5975413991109,17.6651098592738,0.0,2.22,23.0,44,12,14.5,334,24.8,19.9,18.5,0.0,0.0,0.47,22.0,46.0,107861.0,9.0,9.0,338.0,0.0,100230.0
2025-05-05 16:00:00,18.6114064853196,17.6018340679216,0.0,2.22,22.0,50,1,12.4,338,24.7,20.2,18.5,0.0,0.0,0.38,23.0,46.0,94640.0,7.0,4.0,343.0,0.0,100200.0
2025-05-05 17:00:00,18.4797974630367,17.8710270558444,0.0,2.22,20.9,53,1,11.0,328,24.0,20.4,18.5,0.0,0.0,0.26,22.0,44.0,78100.0,6.0,5.0,353.0,0.0,100150.0
2025-05-05 18:00:00,18.7095137452084,17.6874378331756,0.0,2.22,20.1,55,0,5.4,304,22.9,20.5,18.5,0.0,0.0,0.13,22.0,46.0,54202.0,3.0,7.0,318.0,0.0,100140.0
2025-05-05 19:00:00,18.5119309852654,17.4666314643576,0.0,2.22,18.4,59,0,1.9,254,21.4,20.6,18.5,0.0,0.0,0.02,22.0,48.0,7581.0,0.0,7.0,334.0,0.0,100160.0
2025-05-05 20:00:00,18.5661242862788,17.5872612330643,0.0,2.22,17.4,62,16,4.5,223,20.0,20.5,18.5,0.0,0.0,0.01,20.0,58.0,6586.0,0.0,5.0,330.0,0.0,100150.0
2025-05-05 21:00:00,18.5506814692409,17.7888464616384,0.0,2.22,16.8,65,24,5.1,218,19.0,20.4,18.5,0.0,0.0,0.01,18.0,62.0,260.0,0.0,1.0,346.0,0.0,100200.0
2025-05-05 22:00:00,18.4874059359308,17.6976035168333,0.0,2.22,16.6,64,23,6.0,209,18.4,20.3,18.5,0.0,0.0,0.02,17.0,69.0,0.0,0.0,1.0,198.0,0.0,100270.0
2025-05-05 23:00:00,18.4393991222824,17.8557606536695,0.0,2.22,16.1,66,25,7.1,211,17.9,20.1,18.5,0.0,0.0,0.02,15.0,78.0,0.0,0.0,0.0,178.0,0.0,100340.0
2025-05-06 00:00:00,18.3825496882126,17.7463367456468,0.0,2.22,15.8,68,24,8.8,215,17.5,20.0,18.5,0.0,0.0,0.02,15.0,76.0,0.0,0.0,0.0,178.0,0.0,100340.0
2025-05-06 01:00:00,18.5202339170774,17.7466703268718,0.0,2.22,15.0,71,10,7.4,210,17.0,19.8,18.5,0.0,0.0,0.02,16.0,67.0,0.0,0.0,1.0,204.0,0.0,100340.0
2025-05-06 02:00:00,18.0897263287505,17.6542881154993,0.0,2.22,14.5,73,2,6.8,208,16.6,19.6,18.5,0.0,0.0,0.01,16.0,66.0,0.0,0.0,0.0,245.0,0.0,100320.0
2025-05-06 03:00:00,18.2948530914727,17.6760848103946,0.0,2.22,13.7,77,0,5.2,214,16.1,19.4,18.5,0.0,0.0,0.0,13.0,77.0,0.0,0.0,0.0,185.0,0.0,100270.0
2025-05-06 04:00:00,18.3382019017461,17.6161323472113,0.0,2.22,13.6,76,0,4.2,231,15.6,19.2,18.5,0.0,0.0,0.0,14.0,73.0,0.0,0.0,1.0,204.0,0.0,100240.0
2025-05-06 05:00:00,18.1954187489149,17.7024944051093,0.0,2.22,13.4,77,0,5.0,232,15.1,19.0,18.5,0.0,0.0,0.0,13.0,79.0,0.0,0.0,1.0,198.0,0.0,100240.0
2025-05-06 06:00:00,18.2604029225172,17.7551898320375,0.0,2.22,14.1,77,0,4.4,230,15.0,18.7,18.5,0.0,0.0,0.02,14.0,74.0,0.0,0.0,2.0,204.0,0.0,100240.0
2025-05-06 07:00:00,18.2212314220578,17.7053263434419,0.0,2.22,16.9,69,0,5.2,229,15.9,18.6,18.5,0.0,0.0,0.09,14.0,74.0,196.0,0.0,1.0,222.0,0.0,100240.0
2025-05-06 08:00:00,18.232603449599,17.6500242029595,0.0,2.22,19.4,58,0,4.4,239,17.6,18.5,18.5,0.0,0.0,0.21,15.0,73.0,5959.0,0.0,2.0,198.0,0.0,100270.0
2025-05-06 09:00:00,18.2779799243521,17.7250336663081,0.0,2.22,20.9,52,0,3.3,260,19.5,18.5,18.5,0.0,0.0,0.34,19.0,59.0,25844.0,2.0,1.0,245.0,0.0,100270.0
2025-05-06 10:00:00,18.278359345503,17.6902509644153,0.0,2.22,22.2,47,9,2.0,259,21.6,18.6,18.5,0.0,0.0,0.46,21.0,54.0,55418.0,4.0,2.0,251.0,0.0,100280.0
2025-05-06 11:00:00,18.2318851253708,17.5572718114288,0.0,2.22,23.6,43,35,2.1,298,23.5,18.8,18.5,0.0,0.0,0.56,22.0,45.0,81365.0,6.0,5.0,282.0,0.0,100270.0
2025-05-06 12:00:00,18.185493918372,17.6404889649771,0.0,2.22,24.6,40,24,6.1,357,25.0,19.1,18.5,0.0,0.0,0.62,23.0,43.0,100009.0,9.0,3.0,264.0,0.0,100240.0
2025-05-06 13:00:00,18.3195944397294,17.7553422207496,0.0,2.22,24.7,43,65,12.8,12,26.2,19.7,18.5,0.0,0.0,0.62,24.0,40.0,111925.0,8.0,1.0,240.0,0.0,100190.0
2025-05-06 14:00:00,18.2300337726265,17.7154837936944,0.0,2.22,23.7,50,100,16.0,13,26.5,20.0,18.5,0.0,0.0,0.56,23.0,50.0,116156.0,9.0,4.0,24.0,0.0,100110.0
2025-05-06 15:00:00,18.3360523383103,17.5359881057466,0.0,2.22,22.9,52,100,14.2,11,26.3,20.4,18.5,0.0,0.0,0.46,23.0,55.0,76828.0,7.0,6.0,31.0,0.0,100090.0
2025-05-06 16:00:00,18.3772107216044,17.6352271135089,0.0,2.22,21.6,56,99,13.2,23,25.4,20.6,18.5,0.0,0.0,0.3,22.0,57.0,104157.0,9.0,4.0,30.0,0.0,100070.0
2025-05-06 17:00:00,18.5291503591317,17.6716410971813,0.0,2.22,20.7,60,40,12.5,41,24.5,20.8,18.5,0.0,0.0,0.24,22.0,57.0,58260.0,4.0,5.0,54.0,0.0,100070.0
2025-05-06 18:00:00,18.504776788271307,17.666884074018267,0.0,2.22,19.6,65,62,10.2,36,23.3,20.9,18.5,0.0,0.0,0.13,21.954545454545453,57.31818181818182,62236.22727272727,4.318181818181818,5.0,52.68181818181818,0.0,100068.63636363637
2025-05-06 19:00:00,18.48040321741091,17.662127050855233,0.0,2.22,17.5,78,98,4.4,25,21.9,21.0,18.6,0.0,0.0,0.03,21.90909090909091,57.63636363636363,66212.45454545454,4.636363636363637,5.0,51.36363636363637,0.0,100067.27272727272
2025-05-06 20:00:00,18.456029646550515,17.6573700276922,0.0,2.22,16.9,82,98,1.0,30,20.5,20.9,18.6,0.0,0.0,0.0,21.863636363636363,57.95454545454545,70188.68181818182,4.954545454545454,5.0,50.04545454545455,0.0,100065.90909090909
2025-05-06 21:00:00,18.43165607569012,17.65261300452917,0.0,2.22,15.9,85,8,1.4,65,19.3,20.8,18.6,0.0,0.0,0.0,21.818181818181817,58.27272727272727,74164.90909090909,5.2727272727272725,5.0,48.72727272727273,0.0,100064.54545454546
2025-05-06 22:00:00,18.407282504829727,17.647855981366135,0.0,2.22,15.2,86,4,2.2,156,18.4,20.7,18.6,0.0,0.0,0.0,21.772727272727273,58.59090909090909,78141.13636363637,5.590909090909091,5.0,47.40909090909091,0.0,100063.18181818182
2025-05-06 23:00:00,18.38290893396933,17.6430989582031,0.0,2.22,15.1,84,39,1.1,151,17.6,20.5,18.6,0.0,0.0,0.0,21.727272727272727,58.90909090909091,82117.36363636363,5.909090909090909,5.0,46.09090909090909,0.0,100061.81818181818
2025-05-07 00:00:00,18.358535363108935,17.638341935040067,0.0,2.22,15.2,82,89,0.5,336,17.1,20.3,18.6,0.0,0.0,0.0,21.681818181818183,59.22727272727273,86093.59090909091,6.2272727272727275,5.0,44.77272727272727,0.0,100060.45454545454
2025-05-07 01:00:00,18.33416179224854,17.633584911877033,0.0,2.22,14.8,87,95,0.6,320,17.2,20.1,18.6,0.0,0.0,0.0,21.636363636363637,59.54545454545455,90069.81818181818,6.545454545454545,5.0,43.45454545454545,0.0,100059.09090909091
2025-05-07 02:00:00,18.309788221388143,17.628827888714,0.0,2.22,14.7,84,14,0.4,27,16.8,19.9,18.6,0.0,0.0,0.0,21.59090909090909,59.86363636363637,94046.04545454546,6.863636363636363,5.0,42.13636363636364,0.0,100057.72727272728
2025-05-07 03:00:00,18.28541465052775,17.624070865550966,0.0,2.22,14.3,83,5,0.5,56,16.2,19.7,18.6,0.0,0.0,0.0,21.545454545454547,60.18181818181818,98022.27272727272,7.181818181818182,5.0,40.81818181818182,0.0,100056.36363636363
2025-05-07 04:00:00,18.261041079667354,17.619313842387935,0.0,2.22,14.0,84,58,0.6,52,15.7,19.5,18.6,0.0,0.0,0.0,21.5,60.5,101998.5,7.5,5.0,39.5,0.0,100055.0
2025-05-07 05:00:00,18.23666750880696,17.6145568192249,0.0,2.22,14.1,85,39,0.5,52,15.4,19.2,18.6,0.0,0.0,0.0,21.454545454545453,60.81818181818182,105974.72727272726,7.818181818181818,5.0,38.18181818181818,0.0,100053.63636363637
2025-05-07 06:00:00,18.212293937946562,17.609799796061868,0.0,2.22,14.6,86,72,0.9,45,15.4,19.0,18.6,0.0,0.0,0.01,21.40909090909091,61.13636363636363,109950.95454545454,8.136363636363637,5.0,36.86363636363637,0.0,100052.27272727272
2025-05-07 07:00:00,18.187920367086168,17.605042772898834,0.0,2.22,16.5,77,50,1.3,54,16.3,18.8,18.6,0.0,0.0,0.06,21.363636363636363,61.45454545454545,113927.18181818181,8.454545454545455,5.0,35.54545454545455,0.0,100050.90909090909
2025-05-07 08:00:00,18.163546796225774,17.6002857497358,0.0,2.22,18.7,67,61,2.7,354,17.9,18.7,18.6,0.0,0.0,0.18,21.318181818181817,61.77272727272727,117903.40909090909,8.772727272727273,5.0,34.22727272727273,0.0,100049.54545454546
2025-05-07 09:00:00,18.139173225365376,17.595528726572766,0.0,2.22,20.4,60,5,9.3,27,19.5,18.7,18.6,0.0,0.0,0.3,21.272727272727273,62.09090909090909,121879.63636363635,9.09090909090909,5.0,32.90909090909091,0.0,100048.18181818182
2025-05-07 10:00:00,18.11479965450498,17.590771703409732,0.0,2.22,21.8,56,33,11.2,33,21.4,18.8,18.6,0.0,0.0,0.44,21.227272727272727,62.40909090909091,125855.86363636363,9.409090909090908,5.0,31.590909090909093,0.0,100046.81818181818
2025-05-07 11:00:00,18.090426083644587,17.586014680246702,0.0,2.22,22.5,55,13,12.3,32,22.9,19.0,18.6,0.0,0.0,0.48,21.181818181818183,62.72727272727273,129832.09090909091,9.727272727272727,5.0,30.272727272727273,0.0,100045.45454545454
2025-05-07 12:00:00,18.066052512784193,17.58125765708367,0.0,2.22,22.9,54,5,14.5,31,24.4,19.3,18.6,0.0,0.0,0.57,21.136363636363637,63.04545454545455,133808.31818181818,10.045454545454545,5.0,28.954545454545457,0.0,100044.09090909091
2025-05-07 13:00:00,18.041678941923795,17.576500633920634,0.0,2.22,22.3,59,1,14.9,32,24.9,19.4,18.6,0.0,0.0,0.53,21.09090909090909,63.36363636363637,137784.54545454544,10.363636363636363,5.0,27.636363636363637,0.0,100042.72727272728
2025-05-07 14:00:00,18.0173053710634,17.5717436107576,0.0,2.22,22.2,60,0,16.0,36,25.4,19.7,18.6,0.0,0.0,0.51,21.045454545454547,63.68181818181818,141760.77272727274,10.681818181818182,5.0,26.31818181818182,0.0,100041.36363636363
2025-05-07 15:00:00,18.0521073034261,17.5429630984966,0.0,2.22,22.0,59,7,15.6,35,25.5,20.0,18.6,0.0,0.0,0.46,21.0,64.0,145737.0,11.0,5.0,25.0,0.0,100040.0
2025-05-07 16:00:00,18.0861197542102,17.4735642055739,0.0,2.22,21.0,61,4,15.4,34,25.1,20.3,18.6,0.0,0.0,0.35,22.0,60.0,103460.0,8.0,4.0,59.0,0.0,99990.0
2025-05-07 17:00:00,18.0659403086142,17.630157080757,0.0,2.22,20.2,64,5,13.7,37,24.2,20.5,18.6,0.0,0.0,0.24,21.0,58.0,92629.0,7.0,4.0,4.0,0.0,99970.0
2025-05-07 18:00:00,18.0176182696743,17.61223694337,0.0,2.22,19.0,69,1,9.2,27,23.0,20.6,18.6,0.0,0.0,0.12,21.0,61.0,66346.0,5.0,4.0,31.0,0.0,99980.0
2025-05-07 19:00:00,18.0600294777631,17.6817235715419,0.0,2.22,17.0,84,0,4.3,34,21.6,20.7,18.6,0.0,0.0,0.02,20.0,69.0,8412.0,1.0,2.0,86.0,0.0,99980.0
2025-05-07 20:00:00,18.1964274837348,17.7989875375451,0.0,2.22,16.1,91,2,1.5,25,20.1,20.6,18.6,0.0,0.0,0.0,20.0,69.0,9196.0,1.0,3.0,33.0,0.0,100000.0
2025-05-07 21:00:00,17.9847959916922,17.7510868759864,0.0,2.22,15.6,93,0,0.6,360,19.0,20.5,18.6,0.0,0.0,0.0,18.0,79.0,2514.0,0.0,2.0,42.0,0.0,100050.0
2025-05-07 22:00:00,17.8259234337551,17.7949432152209,0.0,2.22,15.0,96,1,0.4,360,18.0,20.4,18.6,0.0,0.0,0.0,16.0,87.0,0.0,0.0,0.0,37.0,0.0,100060.0
2025-05-07 23:00:00,17.8779675671575,17.5886737325619,0.0,2.22,14.5,96,2,0.4,15,17.3,20.2,18.6,0.0,0.0,0.0,16.0,90.0,0.0,0.0,0.0,48.0,0.0,100110.0
2025-05-08 00:00:00,17.9815493880777,17.7483259592016,0.0,2.22,14.2,94,57,0.6,23,16.6,20.0,18.6,0.0,0.0,0.0,14.0,91.0,0.0,0.0,0.0,42.0,0.0,100130.0
2025-05-08 01:00:00,17.8536219692399,17.8088800338113,0.0,2.22,15.1,96,100,0.6,32,17.1,19.9,18.6,0.5,0.5,0.0,15.0,91.0,0.0,0.0,0.0,120.0,0.0,100090.0
2025-05-08 02:00:00,18.0325925621152,17.5455327920926,0.0,2.22,15.2,98,100,2.3,82,16.9,19.7,18.6,0.9,0.9,0.0,14.0,92.0,0.0,0.0,1.0,159.0,0.0,100080.0
2025-05-08 03:00:00,17.8163311295611,17.5065025519263,0.0,2.22,15.5,99,100,2.0,23,16.9,19.5,18.6,1.0,1.0,0.0,15.0,92.0,0.0,0.0,0.0,94.0,0.0,100050.0
2025-05-08 04:00:00,17.9079439925007,17.5088985206492,0.0,2.22,15.4,99,100,3.1,39,16.8,19.3,18.6,1.3,1.3,0.0,15.0,92.0,0.0,0.0,0.0,137.0,0.0,100020.0
2025-05-08 05:00:00,17.9462395422151,17.7293584156029,0.0,2.22,14.9,100,100,1.5,321,16.6,19.2,18.6,0.1,0.1,0.0,15.0,92.0,0.0,0.0,1.0,54.0,0.0,99950.0
2025-05-08 06:00:00,17.6928768561171,17.5139827511366,0.0,2.22,15.1,99,100,1.7,205,16.5,19.0,18.6,0.3,0.3,0.01,15.0,93.0,0.0,0.0,1.0,54.0,0.0,99910.0
2025-05-08 07:00:00,17.698179329703,17.7369110816554,0.0,2.22,15.7,98,98,4.2,288,16.8,18.9,18.6,1.6,1.6,0.05,15.0,94.0,0.0,0.0,0.0,6.0,0.0,99910.0
2025-05-08 08:00:00,17.8435861922044,17.5231885175057,0.0,2.22,17.1,86,73,4.6,304,17.6,18.8,18.6,0.0,0.0,0.14,15.0,94.0,712.0,0.0,0.0,188.0,0.0,99940.0
2025-05-08 09:00:00,17.7532902528262,17.6727465913803,0.0,2.22,18.8,75,43,3.9,301,18.9,18.7,18.6,0.0,0.0,0.25,15.0,94.0,815.0,0.0,1.0,250.0,0.0,100070.0
2025-05-08 10:00:00,17.6829906873998,17.5470449032063,0.0,2.22,20.9,64,29,8.4,283,20.6,18.8,18.6,0.0,0.0,0.39,15.0,95.0,7807.0,0.0,3.0,308.0,1.0,100090.0
2025-05-08 11:00:00,17.6517443282713,17.6496201315709,0.0,2.22,22.5,58,44,9.6,299,22.2,19.0,18.6,0.0,0.0,0.47,17.0,90.0,49132.0,2.0,2.0,262.0,0.0,100150.0
2025-05-08 12:00:00,17.7562126842154,17.6062855183747,0.0,2.22,21.0,65,30,13.0,352,22.9,19.2,18.6,0.1,0.1,0.41,18.0,88.0,4372.0,0.0,1.0,212.0,0.0,100180.0
2025-05-08 13:00:00,17.3843572183878,17.5006658411664,0.0,2.22,21.1,66,52,10.8,358,23.8,19.4,18.6,0.9,0.9,0.49,17.0,88.0,43900.0,4.0,2.0,314.0,3.0,100210.0
2025-05-08 14:00:00,17.7381541030114,17.6099768179926,0.0,2.22,21.7,64,80,8.8,1,24.0,19.6,18.6,0.1,0.1,0.4,19.0,74.0,41825.0,4.0,2.0,349.0,0.0,100180.0
2025-05-08 15:00:00,17.8910468784489,17.5028292671386,0.0,2.22,20.2,68,78,10.9,343,23.6,19.9,18.6,0.4,0.4,0.32,21.0,67.0,41412.0,4.0,3.0,27.0,0.0,100110.0
2025-05-08 16:00:00,17.7745013107251,17.5105120910977,0.0,2.22,20.3,67,69,8.7,12,23.3,20.0,18.6,0.1,0.1,0.27,22.0,66.0,79946.0,7.0,3.0,48.0,0.0,100060.0
2025-05-08 17:00:00,17.7325045312067,17.6193328586666,0.0,2.22,20.2,66,63,9.8,10,22.9,20.2,18.6,0.0,0.0,0.2,21.0,62.0,87860.0,6.0,4.0,13.0,0.0,100060.0
2025-05-08 18:00:00,18.0044024226735,17.4427011710433,0.0,2.22,19.2,65,62,7.8,28,22.1,20.3,18.6,0.0,0.0,0.11,20.0,73.0,68863.0,4.0,4.0,26.0,0.0,100070.0
2025-05-08 19:00:00,17.7679122940047,17.6217035292496,0.0,2.22,17.8,73,16,4.0,82,21.0,20.3,18.6,0.0,0.0,0.03,20.0,70.0,24592.0,2.0,5.0,6.0,0.0,100100.0
2025-05-08 20:00:00,17.9166512710659,17.5489843881145,0.0,2.22,16.5,80,20,3.5,80,19.7,20.3,18.7,0.0,0.0,0.0,20.0,62.0,12306.0,1.0,3.0,24.0,0.0,100110.0
2025-05-08 21:00:00,17.667265359335,17.5178429861729,0.0,2.22,15.8,83,11,3.6,113,18.8,20.2,18.7,0.0,0.0,0.0,18.0,67.0,1534.0,0.0,1.0,48.0,0.0,100140.0
2025-05-08 22:00:00,17.9050343133874,17.5916650560557,0.0,2.22,15.2,84,7,2.0,127,17.9,20.0,18.7,0.0,0.0,0.0,17.0,74.0,0.0,0.0,1.0,108.0,0.0,100170.0
2025-05-08 23:00:00,17.6521450408403,17.5488918849026,0.0,2.22,15.0,84,1,1.1,130,17.2,19.9,18.7,0.0,0.0,0.0,16.0,77.0,0.0,0.0,1.0,139.0,0.0,100220.0
2025-05-09 00:00:00,17.7303818621972,17.5458127683371,0.0,2.22,14.7,83,1,1.0,139,16.6,19.7,18.7,0.0,0.0,0.0,15.0,82.0,0.0,0.0,1.0,96.0,0.0,100260.0
2025-05-09 01:00:00,17.7543917843853,17.6425917868213,0.0,2.22,15.0,71,3,2.2,126,16.7,19.5,18.7,0.0,0.0,0.0,14.0,85.0,0.0,0.0,0.0,125.0,0.0,100240.0
2025-05-09 02:00:00,17.5834098772192,17.6580859979894,0.0,2.22,13.8,78,2,2.9,154,16.2,19.3,18.7,0.0,0.0,0.0,13.0,86.0,0.0,0.0,0.0,156.0,0.0,100190.0
2025-05-09 03:00:00,17.588572858501,17.7639119789553,0.0,2.22,12.9,87,7,4.1,192,15.7,19.1,18.7,0.0,0.0,0.0,13.0,82.0,0.0,0.0,0.0,174.0,0.0,100140.0
2025-05-09 04:00:00,17.6657841778499,17.6668781505907,0.0,2.22,12.4,93,7,3.5,180,15.4,18.9,18.7,0.0,0.0,0.0,12.0,88.0,0.0,0.0,0.0,138.0,0.0,100080.0
2025-05-09 05:00:00,17.7616364917511,17.5333908711358,0.0,2.22,12.2,94,7,3.9,196,15.1,18.7,18.7,0.0,0.0,0.0,13.0,87.0,0.0,0.0,0.0,204.0,0.0,100060.0
2025-05-09 06:00:00,17.5685597723992,17.5169933300066,0.0,2.22,13.5,88,0,6.2,224,15.1,18.5,18.7,0.0,0.0,0.02,12.0,91.0,0.0,0.0,0.0,172.0,0.0,100030.0
2025-05-09 07:00:00,17.7271771534968,17.627474412763,0.0,2.22,17.2,75,2,5.2,229,16.0,18.3,18.7,0.0,0.0,0.09,12.0,90.0,0.0,0.0,1.0,186.0,0.0,100020.0
2025-05-09 08:00:00,17.5911496253751,17.5970874325023,0.0,2.22,20.3,60,7,3.0,279,17.8,18.3,18.6,0.0,0.0,0.21,13.0,88.0,3856.0,0.0,1.0,95.0,0.0,100050.0
2025-05-09 09:00:00,17.5563087001722,17.5446366485522,0.0,2.22,22.2,54,0,4.5,320,19.8,18.3,18.6,0.0,0.0,0.35,16.0,79.0,18364.0,1.0,2.0,252.0,0.0,100090.0
2025-05-09 10:00:00,17.5397785248034,17.7184327477639,0.0,2.22,23.6,52,0,5.2,330,21.8,18.5,18.6,0.0,0.0,0.47,19.0,67.0,45858.0,3.0,2.0,288.0,0.0,100100.0
2025-05-09 11:00:00,17.5183799678089,17.7446009084922,0.0,2.22,24.6,49,0,7.6,4,23.6,18.7,18.6,0.0,0.0,0.57,21.0,60.0,73931.0,6.0,1.0,66.0,0.0,100090.0
2025-05-09 12:00:00,17.7311230576409,17.5646890519558,0.0,2.22,24.4,51,16,14.7,21,24.9,19.0,18.6,0.0,0.0,0.59,23.0,53.0,94192.0,8.0,3.0,343.0,0.0,100070.0
2025-05-09 13:00:00,17.6196499168896,17.1713387323704,0.0,2.22,23.4,54,14,20.9,32,25.2,19.3,18.6,0.0,0.0,0.54,25.0,48.0,108178.0,9.0,2.0,144.0,0.0,100030.0
2025-05-09 14:00:00,17.7016660244072,17.545722360758,0.0,2.22,23.4,53,2,17.8,45,25.6,19.6,18.6,0.0,0.0,0.54,24.0,51.0,107246.0,9.0,6.0,42.0,0.0,99970.0
2025-05-09 15:00:00,17.7197024396653,17.6268929901816,0.0,2.22,22.9,53,57,18.0,43,25.6,19.9,18.6,0.0,0.0,0.48,24.0,53.0,107936.0,9.0,4.0,23.0,0.0,99920.0
2025-05-09 16:00:00,17.7773181600322,17.5932239118851,0.0,2.22,22.7,54,88,15.4,43,25.3,20.2,18.6,0.0,0.0,0.39,23.0,57.0,92564.0,8.0,8.0,32.0,0.0,99890.0
2025-05-09 17:00:00,17.7440475801781,17.3893043557544,0.0,2.22,21.3,61,85,18.1,41,24.5,20.4,18.6,0.0,0.0,0.26,22.0,59.0,77306.0,6.0,6.0,31.0,0.0,99860.0
2025-05-09 18:00:00,17.7596375406469,17.6303332928825,0.0,2.22,19.4,69,77,11.7,37,23.2,20.6,18.6,0.0,0.0,0.13,21.0,66.0,50826.0,3.0,3.0,36.0,0.0,99870.0
2025-05-09 19:00:00,17.7744824868615,17.7439222441833,0.0,2.22,18.1,78,95,6.0,37,21.8,20.6,18.7,0.0,0.0,0.03,21.0,67.0,11366.0,1.0,3.0,31.0,0.0,99890.0
2025-05-09 20:00:00,17.796640716895,17.5103792230731,0.0,2.22,17.2,85,99,0.6,49,20.6,20.6,18.7,0.0,0.0,0.0,20.0,68.0,11879.0,1.0,4.0,48.0,0.0,99880.0
2025-05-09 21:00:00,17.7885026301407,17.5896836421396,0.0,2.22,17.0,85,100,5.7,68,19.8,20.6,18.7,0.0,0.0,0.0,19.0,76.0,1171.0,0.0,2.0,37.0,0.0,99960.0
2025-05-09 22:00:00,17.6060643961324,17.6198463229495,0.0,2.22,16.6,87,100,1.3,49,19.1,20.5,18.7,0.0,0.0,0.0,18.0,80.0,0.0,0.0,0.0,48.0,0.0,100070.0
2025-05-09 23:00:00,17.770494760745,17.6423166178504,0.0,2.22,15.5,92,59,3.5,360,18.3,20.3,18.7,0.0,0.0,0.0,17.0,83.0,0.0,0.0,1.0,94.0,0.0,100050.0
2025-05-10 00:00:00,17.8309501620037,17.5384051395485,0.0,2.22,14.9,92,100,3.2,289,17.6,20.2,18.7,0.0,0.0,0.0,17.0,84.0,0.0,0.0,0.0,120.0,0.0,100030.0
2025-05-10 01:00:00,17.4308028688428,17.6820152542324,0.0,2.22,16.3,89,99,3.2,140,17.7,19.9,18.7,0.1,0.1,0.0,15.0,87.0,0.0,0.0,0.0,181.0,0.0,99940.0
2025-05-10 02:00:00,17.5122208745837,17.5700198253997,0.0,2.22,15.8,93,100,3.6,248,17.3,19.8,18.7,0.4,0.4,0.0,15.0,89.0,0.0,0.0,1.0,258.0,0.0,99970.0
2025-05-10 03:00:00,17.4188363711242,17.6257450493017,0.0,2.22,15.9,91,84,0.6,333,17.0,19.6,18.7,0.0,0.0,0.0,15.0,90.0,0.0,0.0,2.0,270.0,0.0,100020.0
2025-05-10 04:00:00,17.5973262345349,17.726540980041,0.0,2.22,15.4,92,100,0.4,356,16.6,19.4,18.7,0.0,0.0,0.0,16.0,85.0,0.0,0.0,2.0,112.0,0.0,99810.0
2025-05-10 05:00:00,17.6149078434204,17.6283897701844,0.0,2.22,14.7,93,100,2.8,230,16.1,19.2,18.7,0.0,0.0,0.0,16.0,86.0,0.0,0.0,1.0,42.0,0.0,99950.0
2025-05-10 06:00:00,17.5281477187864,17.6193209345135,0.0,2.22,15.6,90,99,0.5,68,16.1,19.0,18.7,0.0,0.0,0.01,16.0,82.0,0.0,0.0,0.0,144.0,0.0,99880.0
2025-05-10 07:00:00,17.5185401979346,17.768614081144,0.0,2.22,17.2,87,100,1.9,325,16.8,18.9,18.7,0.0,0.0,0.07,14.0,91.0,76.0,0.0,2.0,186.0,0.0,99930.0
2025-05-10 08:00:00,17.4556073187338,17.6490956939366,0.0,2.22,18.6,81,100,1.8,5,18.0,18.8,18.7,0.0,0.0,0.16,14.0,91.0,5720.0,0.0,0.0,234.0,0.0,99990.0
2025-05-10 09:00:00,17.5259455038732,17.7162587711373,0.0,2.22,19.9,75,99,4.1,326,19.3,18.8,18.7,0.0,0.0,0.24,16.0,84.0,13472.0,1.0,2.0,204.0,0.0,100030.0
2025-05-10 10:00:00,17.3598016417099,17.3928011500991,0.0,2.22,21.7,64,100,3.8,320,21.1,18.9,18.7,0.0,0.0,0.36,19.0,76.0,23618.0,2.0,0.0,201.0,0.0,100020.0
2025-05-10 11:00:00,17.5657697758482,17.5096835021121,0.0,2.22,22.8,60,98,6.1,344,22.6,19.1,18.7,0.0,0.0,0.43,21.0,68.0,32204.0,3.0,1.0,33.0,0.0,100020.0
2025-05-10 12:00:00,17.4538179070771,17.4116637263555,0.0,2.22,23.6,60,95,8.0,7,24.1,19.3,18.7,0.0,0.0,0.51,22.0,62.0,101198.0,8.0,1.0,18.0,0.0,100010.0
2025-05-10 13:00:00,17.5012839692794,17.6829488517717,0.0,2.22,23.8,54,58,16.0,23,25.6,19.8,18.7,0.0,0.0,0.56,23.0,54.0,69428.0,5.0,4.0,0.0,0.0,99970.0
2025-05-10 14:00:00,17.5242531338887,17.537697718831,0.0,2.22,23.3,53,31,15.0,22,25.9,20.1,18.7,0.0,0.0,0.51,23.0,57.0,84188.0,6.0,4.0,34.0,0.0,99980.0
2025-05-10 15:00:00,17.5509945596258,17.5732080789121,0.0,2.22,22.6,55,48,12.6,24,25.6,20.4,18.7,0.0,0.0,0.41,24.0,54.0,106416.0,8.0,5.0,18.0,0.0,99960.0
2025-05-10 16:00:00,17.6383498026135,17.5528953248148,0.0,2.22,21.6,57,25,12.0,25,25.1,20.6,18.7,0.0,0.0,0.31,23.0,56.0,91639.0,6.0,6.0,13.0,0.0,99950.0
2025-05-10 17:00:00,17.5884649080388,17.566900284108,0.0,2.22,21.2,58,4,9.8,36,24.4,20.8,18.7,0.0,0.0,0.24,23.0,57.0,74988.0,4.0,5.0,42.0,0.0,99960.0
2025-05-10 18:00:00,17.5888486321678,17.5247970782451,0.0,2.22,19.9,64,1,10.6,29,23.3,20.9,18.7,0.0,0.0,0.14,22.0,63.0,49300.0,3.0,4.0,54.0,0.0,99970.0
2025-05-10 19:00:00,17.4559815462845,17.6371586151731,0.0,2.22,18.0,75,5,5.9,51,22.0,21.0,18.7,0.0,0.0,0.04,21.0,65.0,8854.0,1.0,3.0,15.0,0.0,100010.0
2025-05-10 20:00:00,17.6197537997423,17.4869292041653,0.0,2.22,16.8,84,2,1.6,48,20.6,20.9,18.7,0.0,0.0,0.0,20.0,71.0,6658.0,0.0,3.0,36.0,0.0,100050.0
2025-05-10 21:00:00,17.5110657385511,17.5696990350598,0.0,2.22,16.0,87,1,2.4,113,19.5,20.8,18.7,0.0,0.0,0.0,18.0,80.0,267.0,0.0,1.0,60.0,0.0,100120.0
2025-05-10 22:00:00,17.533056721208,17.5447844851936,0.0,2.22,15.4,88,0,3.5,135,18.6,20.7,18.7,0.0,0.0,0.0,17.0,82.0,0.0,0.0,1.0,99.0,0.0,100180.0
2025-05-10 23:00:00,17.5695028492159,17.5101070810608,0.0,2.22,15.3,85,0,2.2,158,17.9,20.5,18.7,0.0,0.0,0.0,17.0,79.0,0.0,0.0,0.0,346.0,0.0,100250.0
2025-05-11 00:00:00,17.6269415632568,17.4474464600787,0.0,2.22,15.1,83,0,1.5,203,17.3,20.3,18.7,0.0,0.0,0.0,15.0,85.0,0.0,0.0,0.0,139.0,0.0,100310.0
2025-05-11 01:00:00,17.4871219440757,17.4906259793498,0.0,2.22,15.5,77,9,1.8,171,17.1,20.1,18.8,0.0,0.0,0.0,16.0,82.0,0.0,0.0,2.0,43.0,0.0,100300.0
2025-05-11 02:00:00,17.4135368143531,17.5100438781296,0.0,2.22,15.1,77,0,0.7,338,16.6,19.9,18.8,0.0,0.0,0.0,15.0,84.0,0.0,0.0,2.0,132.0,0.0,100280.0
2025-05-11 03:00:00,17.5141187366292,17.4017442929606,0.0,2.22,14.7,76,0,1.7,90,16.2,19.7,18.8,0.0,0.0,0.0,16.0,76.0,0.0,0.0,2.0,107.0,0.0,100210.0
2025-05-11 04:00:00,17.5467041078904,17.5152233703637,0.0,2.22,14.6,74,0,1.4,114,15.8,19.5,18.8,0.0,0.0,0.0,15.0,73.0,0.0,0.0,2.0,120.0,0.0,100170.0
2025-05-11 05:00:00,17.3479184901618,17.4436185370038,0.0,2.22,14.6,74,13,0.6,55,15.4,19.3,18.8,0.0,0.0,0.0,15.0,72.0,0.0,0.0,1.0,138.0,0.0,100120.0
2025-05-11 06:00:00,17.4535689177508,17.5411423508525,0.0,2.22,15.5,74,45,2.3,108,15.6,19.1,18.8,0.0,0.0,0.02,13.0,85.0,0.0,0.0,0.0,288.0,0.0,100100.0
2025-05-11 07:00:00,17.2443451177313,17.4532297755822,0.0,2.22,17.8,66,42,4.8,142,16.5,18.9,18.8,0.0,0.0,0.08,13.0,89.0,312.0,0.0,0.0,42.0,0.0,100120.0
2025-05-11 08:00:00,17.4189435212545,17.6621141710192,0.0,2.22,19.7,60,58,2.4,288,18.0,18.8,18.7,0.0,0.0,0.18,15.0,85.0,6295.0,0.0,1.0,216.0,0.0,100210.0
2025-05-11 09:00:00,17.4575347085505,17.6691267380422,0.0,2.22,21.1,57,58,4.3,10,19.8,18.8,18.7,0.0,0.0,0.29,16.0,82.0,18869.0,1.0,0.0,188.0,0.0,100210.0
2025-05-11 10:00:00,17.4639882957141,17.5333206176907,0.0,2.22,22.6,52,96,3.4,343,21.7,18.9,18.7,0.0,0.0,0.42,18.0,77.0,17942.0,1.0,1.0,234.0,0.0,100260.0
2025-05-11 11:00:00,17.3786079615941,17.4694509494867,0.0,2.22,22.8,51,39,7.8,337,22.6,19.1,18.7,0.0,0.0,0.35,19.0,68.0,41895.0,3.0,0.0,296.0,0.0,100270.0
2025-05-11 12:00:00,17.1623789559005,17.3664770784467,0.0,2.22,23.1,52,41,7.3,5,23.7,19.3,18.7,0.0,0.0,0.46,22.0,58.0,101237.0,8.0,1.0,96.0,0.0,100260.0
2025-05-11 13:00:00,17.4016289529213,17.4574202227906,0.0,2.22,22.6,56,58,10.0,351,25.1,19.6,18.7,0.5,0.5,0.55,22.0,52.0,112304.0,7.0,2.0,54.0,0.0,100240.0
2025-05-11 14:00:00,17.3213868630361,17.4752516899351,0.0,2.22,23.0,53,77,10.1,340,25.0,19.9,18.7,0.6,0.6,0.44,22.0,60.0,107524.0,9.0,5.0,30.0,0.0,100250.0
2025-05-11 15:00:00,17.3654912960873,17.604542658014,0.0,2.22,22.7,52,46,10.2,348,24.4,20.1,18.7,0.4,0.4,0.39,23.0,53.0,103764.0,9.0,4.0,21.0,0.0,100230.0
2025-05-11 16:00:00,17.6102923647437,17.4835303430739,0.0,2.22,22.3,50,51,8.9,341,24.4,20.3,18.7,0.0,0.0,0.36,23.0,46.0,92180.0,6.0,7.0,12.0,0.0,100220.0
2025-05-11 17:00:00,17.5528109405788,17.5208275578216,0.0,2.22,22.0,51,37,8.7,359,23.9,20.5,18.7,0.0,0.0,0.24,23.0,47.0,78500.0,5.0,4.0,1.0,0.0,100210.0
2025-05-11 18:00:00,17.4105983052742,17.6047009470566,0.0,2.22,21.1,56,18,6.9,359,23.0,20.6,18.8,0.0,0.0,0.14,22.0,54.0,31608.0,3.0,4.0,17.0,0.0,100210.0
2025-05-11 19:00:00,17.5708088181569,17.6634849108638,0.0,2.22,19.1,67,3,2.7,7,21.7,20.7,18.8,0.0,0.0,0.03,21.0,55.0,11382.0,1.0,3.0,58.0,0.0,100290.0
2025-05-11 20:00:00,17.5129526220374,17.2905524166841,0.0,2.22,17.7,70,1,3.6,129,20.4,20.7,18.8,0.0,0.0,0.0,21.0,58.0,4472.0,0.0,3.0,59.0,0.0,100280.0
2025-05-11 21:00:00,17.4071412531891,17.6713798689613,0.0,2.22,16.5,77,0,2.9,198,19.4,20.6,18.8,0.0,0.0,0.0,19.0,61.0,68.0,0.0,1.0,105.0,0.0,100330.0
2025-05-11 22:00:00,17.4607648257507,17.5508855152541,0.0,2.22,15.7,80,1,3.5,182,18.5,20.5,18.8,0.0,0.0,0.0,18.0,66.0,0.0,0.0,0.0,131.0,0.0,100380.0
2025-05-11 23:00:00,17.3766391313684,17.4514978383902,0.0,2.22,15.1,80,1,3.7,183,17.8,20.3,18.8,0.0,0.0,0.0,16.0,71.0,0.0,0.0,0.0,145.0,0.0,100430.0
2025-05-12 00:00:00,17.3532304437964,17.6869761420973,0.0,2.22,14.8,79,0,3.4,197,17.2,20.1,18.8,0.0,0.0,0.0,17.0,69.0,0.0,0.0,0.0,168.0,0.0,100430.0
2025-05-12 01:00:00,17.3793628218353,17.4699969472821,0.0,2.22,15.1,76,1,2.7,160,16.6,20.0,18.8,0.0,0.0,0.0,15.0,73.0,0.0,0.0,0.0,174.0,0.0,100410.0
2025-05-12 02:00:00,17.266859930585,17.5335434874854,0.0,2.22,14.8,75,7,1.0,270,16.1,19.7,18.8,0.0,0.0,0.0,14.0,80.0,0.0,0.0,0.0,66.0,0.0,100420.0
2025-05-12 03:00:00,17.293166050833,17.4220746578253,0.0,2.22,14.6,75,1,1.8,279,15.8,19.5,18.8,0.0,0.0,0.0,13.0,84.0,0.0,0.0,0.0,180.0,0.0,100390.0
2025-05-12 04:00:00,17.2646474714226,17.5331040228868,0.0,2.22,14.4,75,0,1.8,153,15.4,19.3,18.8,0.0,0.0,0.0,13.0,83.0,0.0,0.0,2.0,156.0,0.0,100360.0
2025-05-12 05:00:00,17.2995217548049,17.5620092031486,0.0,2.22,14.1,76,0,1.6,135,15.0,19.1,18.8,0.0,0.0,0.0,12.0,86.0,0.0,0.0,0.0,66.0,0.0,100380.0
2025-05-12 06:00:00,17.1216738490851,17.5157129728307,0.0,2.22,14.7,78,0,2.4,197,15.1,18.8,18.8,0.0,0.0,0.02,13.0,80.0,0.0,0.0,0.0,156.0,0.0,100370.0
2025-05-12 07:00:00,17.2324134362064,17.4819409103421,0.0,2.22,17.5,67,0,2.7,261,16.1,18.7,18.8,0.0,0.0,0.09,13.0,79.0,1124.0,0.0,0.0,204.0,0.0,100360.0
2025-05-12 08:00:00,17.1102076174706,17.4686098906454,0.0,2.22,19.6,57,0,2.3,300,17.8,18.6,18.8,0.0,0.0,0.21,14.0,81.0,11985.0,1.0,1.0,192.0,0.0,100390.0
2025-05-12 09:00:00,16.9651710059963,17.4530790017088,0.0,2.22,21.3,51,0,4.0,302,19.8,18.6,18.8,0.0,0.0,0.34,19.0,62.0,32225.0,2.0,1.0,132.0,0.0,100430.0
2025-05-12 10:00:00,17.2275330224964,17.4554321277681,0.0,2.22,22.9,46,0,4.8,308,21.8,18.7,18.8,0.0,0.0,0.47,21.0,51.0,63624.0,5.0,1.0,139.0,0.0,100450.0
2025-05-12 11:00:00,17.3106895872261,17.4226989764776,0.0,2.22,24.1,43,0,7.6,342,23.6,19.0,18.8,0.0,0.0,0.57,22.0,49.0,86625.0,8.0,3.0,314.0,0.0,100470.0
2025-05-12 12:00:00,17.262732682104,17.6054138980051,0.0,2.22,24.2,41,1,12.9,7,24.9,19.2,18.8,0.0,0.0,0.61,24.0,43.0,102933.0,7.0,4.0,354.0,0.0,100430.0
2025-05-12 13:00:00,17.1763084193506,17.5737252597707,0.0,2.22,24.0,40,8,13.9,4,25.8,19.7,18.8,0.0,0.0,0.6,23.0,49.0,110458.0,7.0,3.0,67.0,0.0,100400.0
2025-05-12 14:00:00,17.2421263353891,17.5983423069493,0.0,2.22,23.9,38,8,13.0,13,26.1,20.0,18.8,0.0,0.0,0.57,23.0,43.0,110542.0,10.0,4.0,354.0,0.0,100350.0
2025-05-12 15:00:00,17.343533152667,17.5096417601878,0.0,2.22,23.5,37,18,15.0,12,26.1,20.3,18.8,0.0,0.0,0.51,23.0,43.0,103164.0,10.0,6.0,30.0,0.0,100310.0
2025-05-12 16:00:00,17.1677021406011,17.5100717786069,0.0,2.22,22.3,38,9,13.8,10,25.5,20.6,18.8,0.0,0.0,0.41,23.0,41.0,88483.0,7.0,4.0,10.0,0.0,100280.0
2025-05-12 17:00:00,17.1516809161503,17.6523782554688,0.0,2.22,21.8,42,7,10.5,23,24.7,20.8,18.8,0.0,0.0,0.29,23.0,41.0,67983.0,4.0,4.0,42.0,0.0,100200.0
2025-05-12 18:00:00,17.2981645117922,17.6591676898529,0.0,2.22,20.5,48,4,6.6,27,23.5,20.9,18.8,0.0,0.0,0.15,22.0,40.0,40912.0,2.0,4.0,30.0,0.0,100200.0
2025-05-12 19:00:00,17.2099649238135,17.4373641400635,0.0,2.22,18.4,59,11,2.6,53,21.9,21.0,18.8,0.0,0.0,0.03,21.0,41.0,11825.0,1.0,5.0,30.0,0.0,100190.0
2025-05-12 20:00:00,17.2670932205649,17.3602714098375,0.0,2.22,17.2,62,4,2.3,122,20.4,20.9,18.8,0.0,0.0,0.0,20.0,51.0,3264.0,0.0,3.0,42.0,0.0,100230.0
2025-05-12 21:00:00,17.1245314665291,17.3522249505388,0.0,2.22,16.2,63,54,4.1,183,19.3,20.8,18.8,0.0,0.0,0.01,18.0,59.0,0.0,0.0,0.0,76.0,0.0,100260.0
2025-05-12 22:00:00,17.2008209071737,17.4552048025314,0.0,2.22,15.2,63,86,4.0,193,18.3,20.7,18.8,0.0,0.0,0.01,18.0,55.0,0.0,0.0,2.0,138.0,0.0,100290.0
