datetime,s_a,s_b,irr,LAI,temperature_2m,relative_humidity_2m,cloud_cover,wind_speed_10m,wind_direction_100m,soil_temperature_0_to_7cm,soil_temperature_7_to_28cm,soil_temperature_28_to_100cm,rain,precipitation,evapotranspiration,Temp,Hum,Int,UVI,WS,WD,RG,BP
2024-12-12 12:00:00,12.9065042009851,11.3977363865458,0.0,0.0,18.1,35,0,6.4,311,14.3,12.0,17.0,0.0,0.0,0.31,16.0,37.0,42135.0,3.0,2.0,316.0,0.0,100590.0
2024-12-12 13:00:00,12.9862326542486,11.2997808420306,0.0,0.0001827485380116959,18.9,34,0,7.1,334,15.1,12.2,17.0,0.0,0.0,0.32,18.0,34.0,45420.0,3.0,3.0,300.0,0.0,100500.0
2024-12-12 14:00:00,13.1433157146506,11.4198980830796,0.0,0.0003654970760233918,18.9,33,1,7.0,351,16.0,12.5,17.0,0.0,0.0,0.29,19.0,31.0,41185.0,3.0,3.0,324.0,0.0,100440.0
2024-12-12 15:00:00,12.9240088865941,11.2915055611273,0.0,0.0005482456140350877,17.8,41,1,9.6,40,16.2,12.8,17.0,0.0,0.0,0.23,19.0,38.0,28431.0,1.0,4.0,15.0,0.0,100380.0
2024-12-12 16:00:00,13.2404135325401,11.5503207002063,0.0,0.0007309941520467836,15.9,50,0,8.4,74,15.7,13.1,17.0,0.0,0.0,0.13,18.0,44.0,13915.0,1.0,2.0,54.0,0.0,100400.0
2024-12-12 17:00:00,13.1600410080575,11.5247029718574,0.0,0.0009137426900584795,12.4,57,0,6.9,91,14.4,13.3,17.0,0.0,0.0,0.04,18.0,48.0,4766.0,0.0,2.0,63.0,0.0,100410.0
2024-12-12 18:00:00,13.052344418791,11.5082015594346,0.0,0.0010964912280701754,11.4,60,0,3.0,101,12.9,13.4,16.9,0.0,0.0,0.0,14.0,58.0,156.0,0.0,2.0,110.0,0.0,100450.0
2024-12-12 19:00:00,13.1070927535583,11.4972311606235,0.0,0.0012792397660818713,10.5,63,0,0.7,78,11.8,13.4,16.9,0.0,0.0,0.0,12.0,60.0,0.0,0.0,1.0,337.0,0.0,100460.0
2024-12-12 20:00:00,13.2497461438982,11.642773932863,0.0,0.0014619883040935672,9.6,65,6,1.0,28,10.9,13.3,16.9,0.0,0.0,0.0,10.0,65.0,0.0,0.0,0.0,154.0,0.0,100520.0
2024-12-12 21:00:00,13.1382047438244,11.6444188349649,0.0,0.001644736842105263,8.6,67,21,4.1,282,10.2,13.2,16.9,0.0,0.0,0.0,8.0,69.0,0.0,0.0,1.0,180.0,0.0,100570.0
2024-12-12 22:00:00,12.9818486374199,11.6811887078378,0.0,0.001827485380116959,8.9,64,94,7.3,254,9.9,13.1,16.9,0.0,0.0,0.02,8.0,69.0,0.0,0.0,1.0,177.0,0.0,100620.0
2024-12-12 23:00:00,13.2358264054523,11.5537641772004,0.0,0.002010233918128655,10.1,60,72,6.6,242,10.1,13.0,16.9,0.0,0.0,0.02,9.0,68.0,0.0,0.0,1.0,216.0,0.0,100670.0
2024-12-13 00:00:00,13.2392088914782,11.5760917178705,0.0,0.0021929824561403508,10.4,57,49,7.8,226,10.1,12.9,16.9,0.0,0.0,0.03,6.0,76.0,0.0,0.0,1.0,180.0,0.0,100720.0
2024-12-13 01:00:00,12.9758381025743,11.4147333774306,0.0,0.0023757309941520467,9.2,52,26,8.4,222,9.9,13.0,16.9,0.0,0.0,0.03,7.0,76.0,0.0,0.0,0.0,148.0,0.0,100720.0
2024-12-13 02:00:00,12.858443590887,11.6260422656994,0.0,0.0025584795321637425,9.9,54,18,8.5,221,9.9,12.9,16.8,0.0,0.0,0.03,6.0,76.0,0.0,0.0,1.0,180.0,0.0,100730.0
2024-12-13 03:00:00,13.1495656644166,11.3243849664022,0.0,0.0027412280701754384,8.6,62,23,7.2,224,9.7,12.8,16.8,0.0,0.0,0.02,8.0,67.0,0.0,0.0,0.0,258.0,0.0,100740.0
2024-12-13 04:00:00,12.9098931695279,11.2416038871658,0.0,0.0029239766081871343,8.1,67,9,7.6,228,9.5,12.7,16.8,0.0,0.0,0.02,5.0,76.0,0.0,0.0,0.0,102.0,0.0,100770.0
2024-12-13 05:00:00,13.1836578638055,11.4480746054558,0.0,0.0031067251461988302,7.4,72,0,6.5,225,9.2,12.6,16.8,0.0,0.0,0.01,8.0,60.0,0.0,0.0,2.0,198.0,0.0,100750.0
2024-12-13 06:00:00,13.0803831307592,11.4802065187403,0.0,0.003289473684210526,6.9,76,0,5.5,230,8.9,12.5,16.8,0.0,0.0,0.0,9.0,58.0,0.0,0.0,2.0,192.0,0.0,100780.0
2024-12-13 07:00:00,13.228168018833,11.3013997118096,0.0,0.003472222222222222,6.8,79,3,5.2,231,8.6,12.3,16.8,0.0,0.0,0.0,9.0,60.0,0.0,0.0,2.0,204.0,0.0,100870.0
2024-12-13 08:00:00,12.871136654065,11.2725017928807,0.0,0.003654970760233918,8.7,75,1,4.5,238,8.7,12.2,16.8,0.0,0.0,0.02,8.0,63.0,694.0,0.0,1.0,204.0,0.0,100910.0
2024-12-13 09:00:00,12.8739441888164,11.3090062068732,0.0,0.003837719298245614,12.6,67,0,5.7,242,10.0,12.1,16.7,0.0,0.0,0.08,11.0,59.0,6332.0,0.0,1.0,179.0,0.0,100990.0
2024-12-13 10:00:00,12.9820011239112,11.213432370672,0.0,0.00402046783625731,15.6,58,0,5.6,259,11.8,12.2,16.7,0.0,0.0,0.18,13.0,55.0,17764.0,1.0,2.0,210.0,0.0,101080.0
2024-12-13 11:00:00,12.8582557990768,11.2263141481363,0.0,0.004203216374269006,17.4,51,0,6.4,271,13.7,12.3,16.7,0.0,0.0,0.25,15.0,50.0,32635.0,1.0,3.0,274.0,0.0,101120.0
2024-12-13 12:00:00,13.0336022636233,11.343294019408,0.0,0.0043859649122807015,18.7,47,0,6.0,275,15.3,12.5,16.7,0.0,0.0,0.3,16.0,47.0,42740.0,2.0,3.0,274.0,0.0,101090.0
2024-12-13 13:00:00,12.9277447828243,11.4747712443225,0.0,0.004568713450292397,20.1,40,0,5.7,287,16.9,12.8,16.7,0.0,0.0,0.32,18.0,43.0,45246.0,2.0,2.0,251.0,0.0,100990.0
2024-12-13 14:00:00,13.0554180866096,11.624513151109,0.0,0.004751461988304093,20.4,38,0,6.0,325,17.6,13.2,16.7,0.0,0.0,0.29,20.0,40.0,39358.0,2.0,3.0,246.0,0.0,100950.0
2024-12-13 15:00:00,12.9051166381575,11.5701777463619,0.0,0.004934210526315789,18.8,48,0,13.2,14,17.6,13.5,16.7,0.0,0.0,0.24,20.0,41.0,26992.0,1.0,4.0,354.0,0.0,100940.0
2024-12-13 16:00:00,13.0343393352349,11.5976741434443,0.0,0.005116959064327485,16.0,62,1,12.0,25,16.9,13.8,16.7,0.0,0.0,0.13,19.0,48.0,11847.0,1.0,4.0,36.0,0.0,100990.0
2024-12-13 17:00:00,13.1826686393667,11.3512710917706,0.0,0.005299707602339181,13.1,78,3,4.9,49,15.5,14.0,16.6,0.0,0.0,0.02,17.0,50.0,3858.0,0.0,3.0,33.0,0.0,101060.0
2024-12-13 18:00:00,12.9810061230418,11.5364182242827,0.0,0.005482456140350877,12.6,81,0,2.9,49,14.1,14.1,16.6,0.0,0.0,0.0,14.0,62.0,0.0,0.0,1.0,120.0,0.0,101160.0
2024-12-13 19:00:00,13.063807580027,11.7117688250877,0.0,0.005665204678362573,12.2,82,0,0.9,53,13.0,14.1,16.6,0.0,0.0,0.0,13.0,66.0,0.0,0.0,1.0,138.0,0.0,101230.0
2024-12-13 20:00:00,13.2162588681634,11.6217548357627,0.0,0.005847953216374269,11.2,82,0,1.1,98,12.1,14.1,16.6,0.0,0.0,0.0,11.0,69.0,0.0,0.0,0.0,186.0,0.0,101290.0
2024-12-13 21:00:00,13.1591025331085,11.6529805761747,0.0,0.006030701754385965,10.4,83,0,3.2,287,11.4,14.0,16.6,0.0,0.0,0.0,8.0,79.0,0.0,0.0,0.0,180.0,0.0,101350.0
2024-12-13 22:00:00,13.1557909263963,11.5947533112403,0.0,0.0062134502923976605,9.9,85,0,3.9,234,10.9,13.9,16.6,0.0,0.0,0.0,8.0,74.0,0.0,0.0,0.0,174.0,0.0,101400.0
2024-12-13 23:00:00,13.1246788429067,11.5437113894599,0.0,0.006396198830409356,9.7,80,0,2.7,205,10.4,13.7,16.6,0.0,0.0,0.0,8.0,69.0,0.0,0.0,1.0,180.0,0.0,101430.0
2024-12-14 00:00:00,13.1598624370284,11.5167457461299,0.0,0.006578947368421052,9.0,82,4,3.2,288,10.0,13.6,16.6,0.0,0.0,0.0,9.0,72.0,0.0,0.0,0.0,186.0,0.0,101470.0
2024-12-14 01:00:00,13.0199674513074,11.4487831733469,0.0,0.006761695906432748,8.2,80,0,4.4,254,9.6,13.5,16.6,0.0,0.0,0.0,7.0,73.0,0.0,0.0,1.0,174.0,0.0,101410.0
2024-12-14 02:00:00,12.9773340001418,11.4700181027358,0.0,0.006944444444444444,7.9,75,1,4.7,234,9.4,13.4,16.6,0.0,0.0,0.0,7.0,76.0,0.0,0.0,0.0,180.0,0.0,101420.0
2024-12-14 03:00:00,13.1589561913702,11.5712933941141,0.0,0.00712719298245614,7.5,75,99,3.1,293,9.1,13.2,16.6,0.0,0.0,0.0,6.0,75.0,0.0,0.0,1.0,174.0,0.0,101390.0
2024-12-14 04:00:00,12.9225146260626,11.4384862216956,0.0,0.007309941520467836,7.2,74,91,3.3,256,9.0,13.0,16.6,0.0,0.0,0.0,5.0,78.0,0.0,0.0,0.0,173.0,0.0,101430.0
2024-12-14 05:00:00,12.9610663957279,11.4563006130991,0.0,0.007492690058479532,6.4,74,99,4.6,223,9.0,12.9,16.6,0.0,0.0,0.0,5.0,77.0,0.0,0.0,1.0,180.0,0.0,101410.0
2024-12-14 06:00:00,12.8293437087029,11.4808951225109,0.0,0.007675438596491228,5.7,78,82,6.6,258,8.9,12.7,16.6,0.0,0.0,0.0,6.0,77.0,0.0,0.0,1.0,168.0,0.0,101470.0
2024-12-14 07:00:00,13.208027248818,11.3977012033416,0.0,0.007858187134502924,6.6,75,49,6.7,220,8.9,12.6,16.5,0.0,0.0,0.0,6.0,77.0,0.0,0.0,1.0,160.0,0.0,101540.0
2024-12-14 08:00:00,13.038746699504,11.2504851338676,0.0,0.00804093567251462,7.7,75,64,6.9,239,9.1,12.4,16.5,0.0,0.0,0.02,6.0,81.0,1049.0,0.0,0.0,353.0,0.0,101580.0
2024-12-14 09:00:00,13.1196091476256,11.273655699193,0.0,0.008223684210526315,10.4,75,99,6.2,278,10.0,12.4,16.5,0.0,0.0,0.07,9.0,77.0,7526.0,0.0,1.0,264.0,0.0,101620.0
2024-12-14 10:00:00,13.0996249765973,11.1414606284696,0.0,0.008406432748538011,13.5,72,57,6.0,277,11.5,12.4,16.5,0.0,0.0,0.14,12.0,69.0,20224.0,1.0,2.0,252.0,0.0,101680.0
2024-12-14 11:00:00,13.1021641616885,11.2668566840508,0.0,0.008589181286549707,15.6,61,57,2.7,322,13.4,12.5,16.5,0.0,0.0,0.23,14.0,71.0,33993.0,2.0,2.0,299.0,0.0,101690.0
2024-12-14 12:00:00,12.8339880251611,11.2663163794723,0.0,0.008771929824561403,16.7,55,60,5.5,9,15.1,12.6,16.5,0.0,0.0,0.28,16.0,70.0,42424.0,3.0,2.0,44.0,0.0,101640.0
2024-12-14 13:00:00,13.0159145120386,11.3341684550373,0.0,0.008954678362573099,17.3,57,68,8.8,24,16.2,13.1,16.5,0.0,0.0,0.29,17.0,62.0,41500.0,3.0,2.0,24.0,0.0,101560.0
2024-12-14 14:00:00,13.0797905915974,11.4045408145494,0.0,0.009137426900584795,17.2,61,85,10.2,33,16.8,13.4,16.5,0.0,0.0,0.26,17.0,63.0,39857.0,2.0,4.0,30.0,0.0,101540.0
2024-12-14 15:00:00,13.0332680818224,11.6207228505565,0.0,0.00932017543859649,16.8,64,98,11.2,45,16.9,13.6,16.5,0.0,0.0,0.19,17.0,63.0,23300.0,1.0,3.0,64.0,0.0,101520.0
2024-12-14 16:00:00,12.9952202997371,11.5128991263907,0.0,0.009502923976608187,15.8,67,0,10.6,52,16.4,13.9,16.5,0.0,0.0,0.11,17.0,64.0,9778.0,0.0,4.0,66.0,0.0,101530.0
2024-12-14 17:00:00,13.0951005504229,11.5192145636312,0.0,0.009685672514619883,13.0,83,19,6.3,51,15.2,14.0,16.4,0.0,0.0,0.02,15.0,73.0,2864.0,0.0,3.0,48.0,0.0,101600.0
2024-12-14 18:00:00,13.0405147178712,11.6052646618973,0.0,0.009868421052631578,12.1,86,21,3.6,64,13.9,14.1,16.4,0.0,0.0,0.0,13.0,80.0,0.0,0.0,0.0,72.0,0.0,101650.0
2024-12-14 19:00:00,13.1259514239382,11.4572884959542,0.0,0.010051169590643274,11.9,82,14,1.9,69,12.9,14.1,16.4,0.0,0.0,0.0,11.0,84.0,0.0,0.0,0.0,174.0,0.0,101760.0
2024-12-14 20:00:00,13.1132234491108,11.5796426563793,0.0,0.01023391812865497,11.0,82,60,2.7,99,12.0,14.0,16.4,0.0,0.0,0.0,9.0,82.0,0.0,0.0,0.0,174.0,0.0,101790.0
2024-12-14 21:00:00,13.1457634470163,11.5120784490605,0.0,0.010416666666666666,9.8,87,6,2.6,110,11.4,14.0,16.4,0.0,0.0,0.0,9.0,82.5,0.0,0.0,0.0,174.0,0.0,101795.0
2024-12-14 22:00:00,13.0903786277279,11.5296591858374,0.0,0.010599415204678362,9.0,91,62,2.1,37,10.8,13.8,16.4,0.0,0.0,0.0,9.0,83.0,0.0,0.0,0.0,174.0,0.0,101800.0
2024-12-14 23:00:00,13.0176487796535,11.4004767746287,0.0,0.010782163742690058,8.8,92,76,2.4,311,10.4,13.7,16.4,0.0,0.0,0.0,8.0,83.0,0.0,0.0,0.0,186.0,0.0,101840.0
2024-12-15 00:00:00,13.1853376635078,11.6351025031303,0.0,0.010964912280701754,8.7,90,19,4.7,235,10.0,13.5,16.4,0.0,0.0,0.0,9.0,85.0,0.0,0.0,1.0,180.0,0.0,101840.0
2024-12-15 01:00:00,13.3126951289922,11.7898528957574,0.0,0.01114766081871345,8.6,87,98,4.4,262,9.9,13.6,16.4,0.0,0.0,0.0,8.0,86.0,0.0,0.0,1.0,180.0,0.0,101810.0
2024-12-15 02:00:00,13.1591397694601,11.4093415567816,0.0,0.011330409356725146,8.4,86,100,5.0,234,9.7,13.4,16.4,0.0,0.0,0.0,7.0,86.0,0.0,0.0,1.0,180.0,0.0,101810.0
2024-12-15 03:00:00,13.0696297333315,11.6205579152627,0.0,0.011513157894736841,8.2,86,100,5.0,216,9.7,13.3,16.4,0.0,0.0,0.0,7.0,84.0,0.0,0.0,1.0,176.0,0.0,101790.0
2024-12-15 04:00:00,12.990458771767,11.4103227720569,0.0,0.011695906432748537,7.9,86,100,4.3,266,9.6,13.1,16.4,0.0,0.0,0.0,7.0,86.0,0.0,0.0,0.0,186.0,0.0,101750.0
2024-12-15 05:00:00,13.090857402807,11.4063370000857,0.0,0.011878654970760233,8.4,84,91,5.5,243,9.7,13.0,16.4,0.0,0.0,0.0,7.0,91.0,0.0,0.0,0.0,102.0,0.0,101760.0
2024-12-15 06:00:00,13.0997191292549,11.3028467473295,0.0,0.01206140350877193,8.4,82,34,4.8,197,9.7,12.9,16.4,0.0,0.0,0.0,6.0,90.0,0.0,0.0,1.0,171.0,0.0,101750.0
2024-12-15 07:00:00,13.1115107118119,11.371541013463,0.0,0.012244152046783625,7.9,84,97,4.3,199,9.6,12.8,16.4,0.0,0.0,0.0,8.0,90.0,0.0,0.0,1.0,186.0,0.0,101790.0
2024-12-15 08:00:00,12.965072408623,11.641223147566,0.0,0.012426900584795321,9.2,80,100,6.5,200,9.9,12.7,16.4,0.0,0.0,0.02,7.0,89.0,0.0,0.0,0.0,178.0,0.0,101880.0
2024-12-15 09:00:00,12.9789610498587,11.338394065882,0.0,0.012609649122807017,11.6,74,30,6.0,193,10.8,12.6,16.3,0.0,0.0,0.06,6.0,91.0,2175.0,0.0,0.0,170.0,0.0,101930.0
2024-12-15 10:00:00,13.0877503536842,11.4664707919444,0.0,0.012792397660818713,13.9,70,92,4.3,270,12.2,12.6,16.3,0.0,0.0,0.14,12.0,74.0,9088.0,1.0,0.0,178.0,0.0,102020.0
2024-12-15 11:00:00,12.9348098853335,11.4310506642449,0.0,0.012975146198830409,15.7,64,36,4.7,14,14.0,12.7,16.3,0.0,0.0,0.23,14.0,78.0,21608.0,1.0,1.0,324.0,0.0,102100.0
2024-12-15 12:00:00,13.084298530125,11.6592845849372,0.0,0.013157894736842105,16.9,60,100,10.2,30,15.4,12.9,16.3,0.0,0.0,0.28,16.0,70.0,29229.0,2.0,0.0,91.0,0.0,102100.0
2024-12-15 13:00:00,13.2701882475343,11.4581755176047,0.0,0.0133406432748538,17.1,60,60,14.9,44,15.7,13.1,16.3,0.0,0.0,0.27,17.0,63.0,46678.0,2.0,2.0,76.0,0.0,102080.0
2024-12-15 14:00:00,12.9484139785782,11.5063615424553,0.0,0.013523391812865496,17.1,58,10,14.1,49,16.3,13.3,16.3,0.0,0.0,0.26,17.0,60.0,25216.0,1.0,3.0,32.0,0.0,102040.0
2024-12-15 15:00:00,13.0689043271786,11.6250181765985,0.0,0.013706140350877192,16.5,62,4,14.5,48,16.5,13.5,16.3,0.0,0.0,0.2,18.0,58.0,39391.0,2.0,4.0,85.0,0.0,101980.0
2024-12-15 16:00:00,13.101932731848,11.5774804975934,0.0,0.013888888888888888,15.4,69,19,12.5,50,16.0,13.7,16.3,0.0,0.0,0.12,17.0,63.0,30256.0,1.0,5.0,16.0,0.0,101970.0
2024-12-15 17:00:00,13.0578236005469,11.6989038926798,0.0,0.014071637426900584,12.4,85,2,6.8,58,14.9,13.9,16.3,0.0,0.0,0.02,16.0,67.0,9291.0,0.0,4.0,30.0,0.0,102010.0
2024-12-15 18:00:00,13.0680642439627,11.3907277319348,0.0,0.01425438596491228,11.0,88,2,6.2,71,13.5,14.0,16.3,0.0,0.0,0.0,15.0,71.0,1857.0,0.0,3.0,30.0,0.0,102030.0
2024-12-15 19:00:00,13.4116353327698,11.6183239166746,0.0,0.014437134502923976,10.5,89,17,4.6,73,12.4,13.9,16.3,0.0,0.0,0.0,13.0,79.0,0.0,0.0,1.0,72.0,0.0,102050.0
2024-12-15 20:00:00,13.2345300779697,11.7091229419493,0.0,0.014619883040935672,10.3,88,0,3.5,75,11.5,13.9,16.3,0.0,0.0,0.0,11.0,84.0,0.0,0.0,1.0,99.0,0.0,102090.0
2024-12-15 21:00:00,13.0927311450883,11.6021194942024,0.0,0.014802631578947368,10.1,89,2,2.6,84,10.8,13.8,16.3,0.0,0.0,0.0,10.0,88.0,0.0,0.0,1.0,105.0,0.0,102160.0
2024-12-15 22:00:00,13.0520400564819,11.4568828919957,0.0,0.014985380116959063,9.6,89,2,1.5,75,10.2,13.6,16.3,0.0,0.0,0.0,8.0,90.0,0.0,0.0,0.0,186.0,0.0,102210.0
2024-12-15 23:00:00,13.2603210010792,11.5565701091777,0.0,0.01516812865497076,9.4,88,37,1.4,63,9.6,13.5,16.3,0.0,0.0,0.0,7.0,93.0,0.0,0.0,0.0,126.0,0.0,102220.0
2024-12-16 00:00:00,13.0398132344048,11.5644364851248,0.0,0.015350877192982455,9.1,86,0,0.4,59,9.2,13.3,16.2,0.0,0.0,0.0,6.0,92.0,0.0,0.0,0.0,204.0,0.0,102240.0
2024-12-16 01:00:00,13.1667274172873,11.4777258824687,0.0,0.015533625730994151,8.5,83,5,0.7,60,8.7,13.3,16.2,0.0,0.0,0.0,6.0,90.0,0.0,0.0,0.0,180.0,0.0,102260.0
2024-12-16 02:00:00,13.0056781537716,11.4759675587957,0.0,0.015716374269005847,7.8,83,24,0.4,50,8.3,13.1,16.2,0.0,0.0,0.0,6.0,90.0,0.0,0.0,1.0,198.0,0.0,102260.0
2024-12-16 03:00:00,12.8919825127301,11.5018938706042,0.0,0.015899122807017545,7.1,84,5,0.3,39,8.0,12.9,16.2,0.0,0.0,0.0,4.0,88.0,0.0,0.0,0.0,192.0,0.0,102260.0
2024-12-16 04:00:00,13.2164727217182,11.3901476507539,0.0,0.01608187134502924,6.6,83,0,0.4,35,7.6,12.6,16.2,0.0,0.0,0.0,4.0,92.0,0.0,0.0,1.0,160.0,0.0,102280.0
2024-12-16 05:00:00,12.9446710277806,11.499477283402,0.0,0.016264619883040933,5.8,85,9,1.2,33,7.3,12.4,16.2,0.0,0.0,0.0,3.0,90.0,0.0,0.0,0.0,186.0,0.0,102300.0
2024-12-16 06:00:00,13.1370813926251,11.4715703743945,0.0,0.01644736842105263,5.1,88,0,3.3,310,7.1,12.2,16.2,0.0,0.0,0.0,3.0,92.0,0.0,0.0,0.0,198.0,0.0,102270.0
2024-12-16 07:00:00,13.037680741505,11.5296248311446,0.0,0.01663011695906433,4.9,89,0,3.8,297,7.0,12.0,16.2,0.0,0.0,0.0,2.0,89.0,0.0,0.0,0.0,168.0,0.0,102340.0
2024-12-16 08:00:00,12.8089413499609,11.3969294876936,0.0,0.016812865497076022,5.6,86,16,3.9,318,7.2,11.8,16.2,0.0,0.0,0.01,2.0,89.0,0.0,0.0,1.0,84.0,0.0,102380.0
2024-12-16 09:00:00,13.023817354883,11.2919536666591,0.0,0.016995614035087717,10.3,78,15,4.5,324,8.4,11.6,16.2,0.0,0.0,0.07,4.0,89.0,3636.0,0.0,0.0,198.0,0.0,102430.0
2024-12-16 10:00:00,13.0059020210191,11.0786392308093,0.0,0.017178362573099414,13.9,59,0,6.1,310,10.4,11.6,16.1,0.0,0.0,0.17,8.0,80.0,8052.0,1.0,1.0,108.0,0.0,102450.0
2024-12-16 11:00:00,12.9859495976098,11.2593731635019,0.0,0.017361111111111112,16.0,48,0,5.4,333,12.4,11.7,16.1,0.0,0.0,0.25,10.0,78.0,24529.0,1.0,2.0,282.0,0.0,102470.0
2024-12-16 12:00:00,13.0178261042355,11.4754090685381,0.0,0.017543859649122806,17.2,43,0,6.8,8,14.1,11.9,16.1,0.0,0.0,0.3,16.0,56.0,38842.0,2.0,0.0,168.0,0.0,102430.0
2024-12-16 13:00:00,13.3250864249428,11.5284658350298,0.0,0.0177266081871345,18.1,42,0,9.3,25,15.7,12.2,16.1,0.0,0.0,0.32,16.0,52.0,44479.0,1.0,1.0,19.0,0.0,102340.0
2024-12-16 14:00:00,13.2906650069333,11.5243873709484,0.0,0.017909356725146198,17.1,46,0,16.6,31,16.2,12.5,16.1,0.0,0.0,0.29,17.0,43.0,42758.0,2.0,2.0,42.0,0.0,102250.0
2024-12-16 15:00:00,13.0900573978363,11.6427441048814,0.0,0.018092105263157895,16.1,47,0,17.1,35,16.0,12.8,16.1,0.0,0.0,0.23,18.0,50.0,32830.0,2.0,4.0,23.0,0.0,102170.0
2024-12-16 16:00:00,13.1590944093498,11.5509840988841,0.0,0.01827485380116959,15.1,53,0,14.8,39,15.5,13.0,16.1,0.0,0.0,0.15,17.0,47.0,18492.0,1.0,3.0,78.0,0.0,102130.0
2024-12-16 17:00:00,13.2864042244646,11.6786736794235,0.0,0.018457602339181284,13.3,59,0,11.3,54,14.4,13.2,16.1,0.0,0.0,0.06,17.0,46.0,6448.0,0.0,2.0,95.0,0.0,102140.0
2024-12-16 18:00:00,13.1098350705375,11.7417197488795,0.0,0.01864035087719298,12.2,64,0,8.8,65,13.3,13.3,16.1,0.0,0.0,0.03,15.0,54.0,1048.0,0.0,3.0,72.0,0.0,102150.0
2024-12-16 19:00:00,13.1823903409252,11.7973248062892,0.0,0.01882309941520468,10.9,65,2,4.8,68,12.1,13.3,16.1,0.0,0.0,0.01,13.0,66.0,0.0,0.0,0.0,105.0,0.0,102180.0
2024-12-16 20:00:00,13.4529844399956,11.5882716512963,0.0,0.019005847953216373,9.5,60,6,0.4,44,10.9,13.3,16.0,0.0,0.0,0.0,11.0,74.0,0.0,0.0,0.0,192.0,0.0,102210.0
2024-12-16 21:00:00,13.1447166634479,11.5055914785189,0.0,0.019188596491228067,7.9,60,0,6.7,273,10.1,13.2,16.0,0.0,0.0,0.02,9.0,78.0,0.0,0.0,0.0,252.0,0.0,102220.0
2024-12-16 22:00:00,13.1564555250615,11.6494292070984,0.0,0.019371345029239765,6.2,64,0,6.2,263,9.6,13.0,16.0,0.0,0.0,0.01,9.0,74.0,0.0,0.0,2.0,246.0,0.0,102210.0
2024-12-16 23:00:00,13.2875152606122,11.6340003375944,0.0,0.019554093567251463,5.4,61,0,4.4,285,9.0,12.9,16.0,0.0,0.0,0.01,7.0,72.0,0.0,0.0,2.0,174.0,0.0,102200.0
2024-12-17 00:00:00,13.1133853735675,11.5297566161271,0.0,0.019736842105263157,5.4,57,0,4.8,267,8.5,12.7,16.0,0.0,0.0,0.01,7.0,74.0,0.0,0.0,2.0,160.0,0.0,102210.0
2024-12-17 01:00:00,13.2652841482231,11.509582646733,0.0,0.01991959064327485,5.3,57,0,4.1,268,8.4,12.6,16.0,0.0,0.0,0.01,5.0,78.0,0.0,0.0,0.0,186.0,0.0,102190.0
2024-12-17 02:00:00,13.2253600259649,11.6403007075664,0.0,0.02010233918128655,4.9,54,0,2.9,279,7.8,12.4,16.0,0.0,0.0,0.0,4.0,75.0,0.0,0.0,0.0,178.0,0.0,102150.0
2024-12-17 03:00:00,13.2011503746383,11.7808745077034,0.0,0.020285087719298246,4.4,55,0,3.8,270,7.3,12.2,16.0,0.0,0.0,0.01,4.0,73.0,0.0,0.0,1.0,180.0,0.0,102120.0
2024-12-17 04:00:00,13.1742386759873,11.6294091139305,0.0,0.02046783625730994,4.1,58,13,4.0,274,6.9,12.0,16.0,0.0,0.0,0.01,4.0,76.0,0.0,0.0,1.0,180.0,0.0,102090.0
2024-12-17 05:00:00,13.1444457267211,11.6483984003955,0.0,0.020650584795321635,4.1,59,1,4.8,272,6.7,11.8,16.0,0.0,0.0,0.01,4.0,79.0,0.0,0.0,1.0,198.0,0.0,102070.0
2024-12-17 06:00:00,13.2013655932009,11.3678159287214,0.0,0.020833333333333332,4.3,58,5,5.2,265,6.5,11.5,16.0,0.0,0.0,0.01,4.0,84.0,0.0,0.0,2.0,186.0,0.0,102080.0
2024-12-17 07:00:00,13.1074629474604,11.3510381552175,0.0,0.02101608187134503,3.8,60,64,4.7,264,6.2,11.3,15.9,0.0,0.0,0.01,4.0,85.0,0.0,0.0,0.0,168.0,0.0,102090.0
2024-12-17 08:00:00,13.0863116970997,11.5581819658724,0.0,0.021198830409356724,5.4,60,39,5.5,264,6.3,11.1,15.9,0.0,0.0,0.02,2.0,82.0,53.0,0.0,0.0,180.0,0.0,102140.0
2024-12-17 09:00:00,13.4056031939164,11.6883587042229,0.0,0.021381578947368418,10.2,57,2,5.2,255,7.7,11.0,15.9,0.0,0.0,0.08,3.0,83.0,3755.0,0.0,0.0,126.0,0.0,102160.0
2024-12-17 10:00:00,13.4521003917374,11.5225711955448,0.0,0.021564327485380116,13.9,45,6,5.4,284,9.7,11.0,15.9,0.0,0.0,0.18,10.0,57.0,12178.0,1.0,2.0,240.0,0.0,102210.0
2024-12-17 11:00:00,13.5554402688848,11.7171488355127,0.0,0.021747076023391813,16.0,38,9,5.4,314,11.8,11.0,15.9,0.0,0.0,0.26,12.0,47.0,26818.0,2.0,2.0,245.0,0.0,102220.0
2024-12-17 12:00:00,13.5883602577128,12.3902496417184,0.0,0.021929824561403508,17.1,35,95,7.6,327,13.5,11.2,15.8,0.0,0.0,0.31,15.0,38.0,40435.0,2.0,2.0,279.0,0.0,102130.0
2024-12-17 13:00:00,13.4718935830846,13.1230791507114,0.0,0.0221125730994152,17.3,42,100,8.0,342,14.6,11.4,15.8,0.0,0.0,0.3,17.0,31.0,46226.0,2.0,2.0,252.0,0.0,102050.0
2024-12-17 14:00:00,13.5349734940347,13.6507271503493,0.0,0.0222953216374269,16.9,46,68,7.5,10,15.3,11.7,15.8,0.0,0.0,0.26,18.0,28.0,41018.0,3.0,2.0,306.0,0.0,101960.0
2024-12-17 15:00:00,13.8295327491205,13.8228115323658,0.0,0.022478070175438597,16.1,51,84,8.0,33,15.5,12.0,15.8,0.0,0.0,0.2,19.0,25.0,32844.0,2.0,1.0,319.0,0.0,101900.0
2024-12-17 16:00:00,13.7040751215111,14.0794632775151,0.0,0.02266081871345029,14.5,61,98,5.5,44,14.9,12.3,15.8,0.0,0.0,0.1,18.0,35.0,17129.0,1.0,3.0,343.0,0.0,101930.0
2024-12-17 17:00:00,13.7789046771517,14.3619841307769,0.0,0.022843567251461985,11.6,71,100,2.9,66,13.6,12.4,15.8,0.0,0.0,0.02,17.0,41.0,5944.0,0.0,2.0,26.0,0.0,101940.0
2024-12-17 18:00:00,13.634005341917,14.5149726026463,0.0,0.023026315789473683,11.2,73,100,1.2,54,12.2,12.5,15.8,0.0,0.0,0.0,14.0,61.0,386.0,0.0,1.0,72.0,0.0,101980.0
2024-12-17 19:00:00,13.5941104675895,14.4094412120376,0.0,0.02320906432748538,11.2,73,99,1.6,123,11.4,12.5,15.8,0.0,0.0,0.0,12.0,67.0,0.0,0.0,2.0,110.0,0.0,102020.0
2024-12-17 20:00:00,13.6318732699542,14.5147968655789,0.0,0.023391812865497075,10.7,73,90,2.3,187,10.7,12.5,15.8,0.0,0.0,0.0,12.0,65.0,0.0,0.0,2.0,130.0,0.0,102050.0
2024-12-17 21:00:00,13.8546066666496,14.5549649166292,0.0,0.02357456140350877,9.9,72,19,2.1,246,10.1,12.5,15.7,0.0,0.0,0.0,11.0,65.0,0.0,0.0,0.0,124.0,0.0,102070.0
2024-12-17 22:00:00,13.6805400767551,14.5367226937482,0.0,0.023757309941520467,8.8,73,2,3.9,238,9.4,12.4,15.7,0.0,0.0,0.0,9.0,62.0,0.0,0.0,0.0,180.0,0.0,102090.0
2024-12-17 23:00:00,13.6492398103065,14.767566548665,0.0,0.023940058479532164,8.3,71,7,4.6,224,9.0,12.2,15.7,0.0,0.0,0.0,9.0,62.0,0.0,0.0,1.0,222.0,0.0,102070.0
2024-12-18 00:00:00,13.7184108130442,14.9574033355071,0.0,0.02412280701754386,8.0,68,0,4.1,236,8.5,12.1,15.7,0.0,0.0,0.0,9.0,69.0,0.0,0.0,0.0,228.0,0.0,102070.0
2024-12-18 01:00:00,13.8085919563612,14.9412828515286,0.0,0.024305555555555552,7.3,70,0,4.7,236,7.8,12.1,15.7,0.0,0.0,0.0,6.0,69.0,0.0,0.0,1.0,178.0,0.0,102010.0
2024-12-18 02:00:00,13.7338849425737,15.0097567165721,0.0,0.02448830409356725,7.1,60,0,4.9,218,7.7,11.9,15.7,0.0,0.0,0.01,5.0,74.0,0.0,0.0,1.0,240.0,0.0,102000.0
2024-12-18 03:00:00,13.4494583591147,15.0166418839091,0.0,0.024671052631578948,7.1,55,0,4.6,203,7.5,11.7,15.7,0.0,0.0,0.01,5.0,70.0,0.0,0.0,1.0,180.0,0.0,102010.0
2024-12-18 04:00:00,13.8156921317435,15.1209807270049,0.0,0.024853801169590642,7.4,53,0,3.3,224,7.3,11.6,15.7,0.0,0.0,0.01,6.0,71.0,0.0,0.0,1.0,180.0,0.0,102020.0
2024-12-18 05:00:00,13.625100445113,14.9661426019523,0.0,0.025036549707602336,6.8,58,0,4.8,251,7.1,11.4,15.7,0.0,0.0,0.01,5.0,70.0,0.0,0.0,0.0,192.0,0.0,101960.0
2024-12-18 06:00:00,13.6457546763844,15.0005130243771,0.0,0.025219298245614034,6.6,57,0,6.2,228,7.0,11.2,15.7,0.0,0.0,0.02,4.0,68.0,0.0,0.0,2.0,174.0,0.0,101970.0
2024-12-18 07:00:00,13.5349520149354,15.0025727561379,0.0,0.02540204678362573,6.4,56,0,5.1,231,6.9,11.1,15.6,0.0,0.0,0.01,6.0,66.0,0.0,0.0,1.0,186.0,0.0,101970.0
2024-12-18 08:00:00,13.6245031252922,15.2647414830723,0.0,0.025584795321637425,8.0,56,4,6.1,240,7.0,10.9,15.6,0.0,0.0,0.03,7.0,61.0,224.0,0.0,2.0,198.0,0.0,102010.0
2024-12-18 09:00:00,13.5849625824561,15.12705939857,0.0,0.02576754385964912,12.1,53,0,7.9,243,8.4,10.8,15.6,0.0,0.0,0.1,8.0,56.0,5217.0,0.0,1.0,198.0,0.0,102040.0
2024-12-18 10:00:00,13.8430661348722,15.138370573651,0.0,0.025950292397660817,15.0,50,0,5.5,262,10.4,10.8,15.6,0.0,0.0,0.17,12.0,46.0,14401.0,1.0,2.0,276.0,0.0,102070.0
2024-12-18 11:00:00,13.7479112487751,15.1716971678813,0.0,0.026133040935672515,17.1,39,0,4.2,277,12.4,11.0,15.6,0.0,0.0,0.25,14.0,38.0,28797.0,1.0,2.0,233.0,0.0,102110.0
2024-12-18 12:00:00,13.6348414941604,15.2963501397675,0.0,0.02631578947368421,18.7,36,0,3.8,262,14.2,11.2,15.6,0.0,0.0,0.3,17.0,35.0,40151.0,3.0,2.0,270.0,0.0,102030.0
2024-12-18 13:00:00,13.5093510034455,15.1706065582377,0.0,0.026498538011695903,19.9,35,1,5.2,273,14.6,11.4,15.5,0.0,0.0,0.31,18.0,32.0,43666.0,2.0,2.0,228.0,0.0,101920.0
2024-12-18 14:00:00,13.5941038703667,15.3096579199903,0.0,0.0266812865497076,20.6,33,0,4.7,287,15.8,11.7,15.5,0.0,0.0,0.28,20.0,29.0,39799.0,3.0,2.0,258.0,0.0,101810.0
2024-12-18 15:00:00,13.5714534126885,15.6272784800425,0.0,0.0268640350877193,20.6,34,0,2.2,322,16.4,12.1,15.5,0.0,0.0,0.2,21.0,26.0,28016.0,1.0,2.0,304.0,0.0,101740.0
2024-12-18 16:00:00,13.6004269885918,15.2985975796525,0.0,0.027046783625730993,18.3,60,0,3.4,46,16.2,12.4,15.5,0.0,0.0,0.11,20.0,38.0,13674.0,1.0,4.0,43.0,0.0,101760.0
2024-12-18 17:00:00,13.6234521286459,15.3805172874134,0.0,0.027229532163742687,14.4,60,0,4.2,74,14.9,12.6,15.5,0.0,0.0,0.03,19.0,42.0,4865.0,0.0,2.0,48.0,0.0,101750.0
2024-12-18 18:00:00,13.6873025270515,15.3857250388906,0.0,0.027412280701754384,13.7,62,0,0.8,90,13.4,12.8,15.5,0.0,0.0,0.0,15.0,53.0,162.0,0.0,0.0,54.0,0.0,101750.0
2024-12-18 19:00:00,13.6299733310527,15.2276812052038,0.0,0.027595029239766082,12.7,62,0,1.3,184,12.3,12.8,15.5,0.0,0.0,0.0,12.0,55.0,0.0,0.0,0.0,179.0,0.0,101770.0
2024-12-18 20:00:00,13.8638573511501,15.7058934895919,0.0,0.027777777777777776,12.2,57,2,2.4,222,11.5,12.8,15.5,0.0,0.0,0.0,11.0,65.0,0.0,0.0,1.0,180.0,0.0,101780.0
2024-12-18 21:00:00,13.7017339576377,15.5868809025138,0.0,0.02796052631578947,12.1,49,7,3.0,221,10.8,12.8,15.5,0.0,0.0,0.01,11.0,56.0,0.0,0.0,1.0,176.0,0.0,101790.0
2024-12-18 22:00:00,13.8765949567223,15.3060588247844,0.0,0.028143274853801168,12.3,43,0,2.6,232,10.3,12.7,15.5,0.0,0.0,0.01,10.0,48.0,0.0,0.0,1.0,178.0,0.0,101760.0
2024-12-18 23:00:00,13.8828088906312,15.4522832087534,0.0,0.028326023391812866,11.8,43,0,3.9,235,9.9,12.6,15.5,0.0,0.0,0.02,11.0,47.0,0.0,0.0,1.0,184.0,0.0,101760.0
2024-12-19 00:00:00,13.6899470167762,15.4348955996098,0.0,0.02850877192982456,11.3,40,0,5.6,233,9.6,12.5,15.5,0.0,0.0,0.03,11.0,44.0,0.0,0.0,2.0,178.0,0.0,101720.0
2024-12-19 01:00:00,13.7392792799539,15.6848365082619,0.0,0.028691520467836254,10.5,37,6,4.4,222,8.4,12.4,15.5,0.0,0.0,0.02,11.0,40.0,0.0,0.0,2.0,186.0,0.0,101640.0
2024-12-19 02:00:00,13.5370860365195,15.4415051091049,0.0,0.02887426900584795,9.3,35,0,6.4,240,8.4,12.3,15.5,0.0,0.0,0.04,13.0,36.0,0.0,0.0,1.0,194.0,0.0,101590.0
2024-12-19 03:00:00,13.92287032559,15.5012854368209,0.0,0.02905701754385965,8.8,36,9,6.0,253,8.4,12.1,15.5,0.0,0.0,0.03,12.0,38.0,0.0,0.0,2.0,180.0,0.0,101560.0
2024-12-19 04:00:00,13.7283734759843,15.6347187214416,0.0,0.029239766081871343,9.0,35,23,6.1,243,8.3,12.0,15.5,0.0,0.0,0.04,12.0,39.0,0.0,0.0,2.0,180.0,0.0,101540.0
2024-12-19 05:00:00,13.8385481067222,15.6011862664764,0.0,0.029422514619883038,9.2,34,20,7.1,234,8.3,11.8,15.4,0.0,0.0,0.04,13.0,37.0,0.0,0.0,4.0,258.0,0.0,101530.0
2024-12-19 06:00:00,13.4899163399017,15.5615188214483,0.0,0.029605263157894735,9.0,36,2,6.7,257,8.2,11.7,15.4,0.0,0.0,0.04,12.0,37.0,0.0,0.0,2.0,198.0,0.0,101520.0
2024-12-19 07:00:00,13.8244111622012,15.5755077802295,0.0,0.029788011695906433,10.6,30,3,11.4,238,8.3,11.6,15.4,0.0,0.0,0.08,13.0,36.0,0.0,0.0,3.0,233.0,0.0,101530.0
2024-12-19 08:00:00,13.8474503406685,15.6798853048716,0.0,0.029970760233918127,12.8,30,12,13.8,225,9.0,11.5,15.4,0.0,0.0,0.11,12.0,37.0,546.0,0.0,3.0,234.0,0.0,101560.0
2024-12-19 09:00:00,13.8118787354344,15.5968984090399,0.0,0.03015350877192982,16.2,32,65,13.0,228,10.3,11.5,15.4,0.0,0.0,0.16,14.0,30.0,6241.0,0.0,4.0,185.0,0.0,101600.0
2024-12-19 10:00:00,13.6367940907889,15.9795724080248,0.0,0.03033625730994152,19.6,31,43,10.2,235,12.2,11.5,15.4,0.0,0.0,0.24,16.0,30.0,16820.0,1.0,2.0,258.0,0.0,101620.0
2024-12-19 11:00:00,13.7003976333253,18.4500701300991,0.0,0.030519005847953216,21.5,31,32,9.6,242,14.1,11.7,15.4,0.0,0.0,0.31,19.0,27.0,30815.0,1.5,3.0,268.5,0.0,101600.0
2024-12-19 12:00:00,13.7525453825303,20.1797470190049,0.0,0.03070175438596491,22.4,28,35,12.3,250,15.8,12.0,15.4,0.0,0.0,0.37,22.0,24.0,44810.0,2.0,4.0,279.0,0.0,101580.0
2024-12-19 13:00:00,13.7838384799263,21.5484828736196,0.0,0.030884502923976605,23.1,28,88,9.0,262,16.7,12.3,15.4,0.0,0.0,0.36,22.0,25.0,22680.0,1.0,4.0,279.0,0.0,101480.0
2024-12-19 14:00:00,13.6835835939945,21.7440314799718,0.0,0.031067251461988302,22.7,33,99,6.3,273,17.3,12.6,15.4,0.0,0.0,0.26,23.0,26.0,44211.0,2.0,2.0,220.0,0.0,101400.0
2024-12-19 15:00:00,13.7587416092398,21.7558715618375,0.0,0.03125,21.4,41,100,4.2,283,17.3,13.0,15.4,0.0,0.0,0.14,23.0,26.0,18441.0,1.0,0.0,306.0,0.0,101350.0
2024-12-19 16:00:00,13.7060337253085,21.890512496643,0.0,0.031432748538011694,19.6,49,90,3.1,305,16.6,13.2,15.4,0.0,0.0,0.07,22.0,29.0,12148.0,1.0,2.0,258.0,0.0,101340.0
2024-12-19 17:00:00,13.9895752430568,21.7686634218074,0.0,0.03161549707602339,18.2,45,100,2.2,290,15.7,13.4,15.4,0.0,0.0,0.03,21.0,32.0,1889.0,0.0,0.0,206.0,0.0,101320.0
2024-12-19 18:00:00,13.7674530012284,21.5530719549359,0.0,0.03179824561403509,16.2,57,100,1.6,270,14.7,13.6,15.4,0.1,0.1,0.0,19.0,37.0,0.0,0.0,0.0,288.0,0.0,101360.0
2024-12-19 19:00:00,14.0130818857862,21.872432901587,0.0,0.031980994152046784,14.5,58,37,6.0,201,13.7,13.6,15.4,0.0,0.0,0.02,18.0,39.0,0.0,0.0,2.0,211.0,0.0,101410.0
2024-12-19 20:00:00,13.8133940884254,21.782166296808,0.0,0.03216374269005848,13.0,59,12,6.9,211,12.9,13.7,15.4,0.0,0.0,0.02,17.0,42.0,0.0,0.0,1.0,216.0,0.0,101460.0
2024-12-19 21:00:00,13.9434249190472,21.6619950861649,0.0,0.03234649122807017,13.1,61,24,7.6,219,12.4,13.6,15.4,0.0,0.0,0.02,16.0,47.0,0.0,0.0,0.0,192.0,0.0,101470.0
2024-12-19 22:00:00,13.9863864322939,21.4150763309032,0.0,0.032529239766081866,12.9,66,62,6.8,218,12.1,13.6,15.4,0.0,0.0,0.02,15.0,47.0,0.0,0.0,1.0,182.0,0.0,101470.0
2024-12-19 23:00:00,13.8093408265225,21.6923310537541,0.0,0.03271198830409357,13.1,69,94,6.8,223,11.9,13.5,15.4,0.0,0.0,0.01,15.0,49.0,0.0,0.0,1.0,186.0,0.0,101470.0
2024-12-20 00:00:00,13.9779642900369,21.550731533258,0.0,0.03289473684210526,13.4,70,63,6.5,237,11.9,13.5,15.4,0.0,0.0,0.01,17.0,49.0,0.0,0.0,1.0,174.0,0.0,101440.0
2024-12-20 01:00:00,13.9191699042208,21.5361422524279,0.0,0.033077485380116955,14.5,62,98,6.6,262,13.8,13.9,15.4,0.0,0.0,0.02,15.0,57.0,0.0,0.0,1.0,6.0,0.0,101450.0
2024-12-20 02:00:00,13.8771993621033,21.4529163483092,0.0,0.03326023391812866,15.1,61,100,7.3,255,13.5,13.9,15.4,0.0,0.0,0.03,15.0,50.0,0.0,0.0,1.0,223.0,0.0,101460.0
2024-12-20 03:00:00,13.9580913131382,21.4659204857935,0.0,0.03344298245614035,14.4,59,100,7.9,243,13.1,13.9,15.4,0.0,0.0,0.03,16.0,46.0,0.0,0.0,3.0,239.0,0.0,101460.0
2024-12-20 04:00:00,14.067816747039,21.4189483304216,0.0,0.033625730994152045,13.9,60,100,11.4,219,12.9,13.9,15.4,0.0,0.0,0.04,16.0,55.0,0.0,0.0,1.0,228.0,0.0,101470.0
2024-12-20 05:00:00,13.8191878218678,21.340340304978,0.0,0.03380847953216374,13.7,68,99,11.3,219,12.8,13.8,15.4,0.0,0.0,0.03,15.0,65.0,0.0,0.0,1.0,233.0,0.0,101450.0
2024-12-20 06:00:00,13.9120922958884,21.2187820170609,0.0,0.03399122807017543,13.2,76,99,10.0,222,12.6,13.8,15.4,0.0,0.0,0.02,15.0,65.0,0.0,0.0,1.0,204.0,0.0,101430.0
2024-12-20 07:00:00,13.7899276042711,21.2327469871571,0.0,0.034173976608187134,12.7,80,96,7.7,232,12.4,13.8,15.4,0.0,0.0,0.0,15.0,66.0,0.0,0.0,1.0,198.0,0.0,101480.0
2024-12-20 08:00:00,13.7934622242506,21.3652807735854,0.0,0.03435672514619883,13.1,80,94,5.0,229,12.4,13.7,15.4,0.0,0.0,0.02,12.0,76.0,1548.0,0.0,0.0,108.0,0.0,101520.0
2024-12-20 09:00:00,13.8995907786206,21.3178592245432,0.0,0.03453947368421052,15.4,74,99,4.0,210,13.2,13.7,15.4,0.0,0.0,0.07,14.0,70.0,6583.0,0.0,0.0,200.0,0.0,101550.0
2024-12-20 10:00:00,14.0506075555809,21.2213965932172,0.0,0.034722222222222224,17.1,66,92,2.4,171,14.4,13.7,15.4,0.0,0.0,0.12,17.0,64.0,23649.0,1.0,2.0,261.0,0.0,101570.0
2024-12-20 11:00:00,14.0035351741669,21.2589763817435,0.0,0.03490497076023392,18.1,62,81,0.8,198,15.7,13.9,15.4,0.0,0.0,0.19,18.0,57.0,15164.0,1.0,2.0,270.0,0.0,101550.0
2024-12-20 12:00:00,13.9207338592808,21.2902498564906,0.0,0.03508771929824561,19.0,58,86,2.7,340,17.2,14.0,15.4,0.0,0.0,0.28,21.0,48.0,57259.0,3.0,1.0,312.0,0.0,101440.0
2024-12-20 13:00:00,13.8388121155898,21.2758201217529,0.0,0.035270467836257306,20.5,51,97,5.2,321,18.5,14.3,15.4,0.0,0.0,0.29,20.0,48.0,44619.0,2.0,3.0,325.0,0.0,101320.0
2024-12-20 14:00:00,13.9665549421006,21.3408346923068,0.0,0.035453216374269,20.5,51,98,8.0,342,18.8,14.5,15.4,0.0,0.0,0.25,19.0,55.0,18957.0,1.0,4.0,17.0,0.0,101250.0
2024-12-20 15:00:00,14.1202716876308,21.1557870630016,0.0,0.0356359649122807,18.7,61,34,12.5,6,18.4,14.8,15.4,0.0,0.0,0.17,19.0,57.0,24307.0,1.0,4.0,4.0,0.0,101240.0
2024-12-20 16:00:00,14.1064946968168,21.1938379520416,0.0,0.035818713450292396,17.5,68,38,8.5,22,17.9,15.0,15.4,0.0,0.0,0.11,18.0,63.0,10990.0,1.0,3.0,18.0,0.0,101280.0
2024-12-20 17:00:00,14.0660422274261,21.1650381667759,0.0,0.03600146198830409,15.0,83,66,4.7,37,16.8,15.1,15.4,0.0,0.0,0.02,17.5,64.5,6967.5,0.5,3.0,24.0,0.0,101300.0
2024-12-20 18:00:00,14.2623937677594,21.2906047465031,0.0,0.03618421052631579,14.7,84,54,5.6,77,15.9,15.2,15.4,0.0,0.0,0.0,17.0,66.0,2945.0,0.0,3.0,30.0,0.0,101320.0
2024-12-20 19:00:00,13.9208618399365,21.0581930704947,0.0,0.036366959064327485,14.4,84,100,4.2,102,15.3,15.2,15.5,0.0,0.0,0.0,15.0,78.0,0.0,0.0,1.0,85.0,0.0,101360.0
2024-12-20 20:00:00,13.9440837978518,21.2932454432188,0.0,0.03654970760233918,14.4,82,100,3.5,129,15.0,15.2,15.5,0.0,0.0,0.0,14.0,82.0,0.0,0.0,2.0,126.0,0.0,101380.0
2024-12-20 21:00:00,14.0716697824857,21.0943928761229,0.0,0.03673245614035087,14.1,82,100,2.2,165,14.7,15.2,15.5,0.0,0.0,0.0,13.0,87.0,0.0,0.0,1.0,110.0,0.0,101400.0
2024-12-20 22:00:00,13.8791096655441,21.0690835738052,0.0,0.03691520467836257,14.4,79,100,1.1,330,14.4,15.2,15.5,0.0,0.0,0.0,14.0,83.0,0.0,0.0,1.0,145.0,0.0,101420.0
2024-12-20 23:00:00,14.0315885903942,21.2175482031301,0.0,0.03709795321637427,14.4,81,100,1.0,352,14.3,15.1,15.5,0.0,0.0,0.0,13.0,84.0,0.0,0.0,0.0,66.0,0.0,101410.0
2024-12-21 00:00:00,14.0569601925385,21.1334893428039,0.0,0.03728070175438596,13.9,83,88,0.4,23,14.1,15.1,15.5,0.0,0.0,0.0,12.0,87.0,0.0,0.0,0.0,166.0,0.0,101430.0
2024-12-21 01:00:00,14.1477219057651,20.9933278351322,0.0,0.03746345029239766,12.2,81,88,0.2,29,12.9,15.0,15.5,0.0,0.0,0.0,10.0,87.0,0.0,0.0,0.0,174.0,0.0,101410.0
2024-12-21 02:00:00,14.1922980951367,20.9243399691009,0.0,0.03764619883040936,11.6,82,100,1.7,71,12.4,14.9,15.5,0.0,0.0,0.0,10.0,84.0,0.0,0.0,0.0,204.0,0.0,101400.0
2024-12-21 03:00:00,14.224288305395,20.9552197978608,0.0,0.03782894736842105,11.8,80,100,1.5,72,12.1,14.7,15.5,0.0,0.0,0.0,10.0,85.0,0.0,0.0,0.0,152.0,0.0,101370.0
2024-12-21 04:00:00,14.0603665475564,20.9035720634502,0.0,0.038011695906432746,12.3,81,100,0.7,56,12.2,14.6,15.5,0.0,0.0,0.0,12.0,82.0,0.0,0.0,0.0,138.0,0.0,101370.0
2024-12-21 05:00:00,14.1147930720863,21.0218910685153,0.0,0.03819444444444444,12.2,83,100,0.6,64,12.2,14.5,15.5,0.0,0.0,0.0,10.0,87.0,0.0,0.0,1.0,349.0,0.0,101360.0
2024-12-21 06:00:00,14.1695174333289,20.831136850623,0.0,0.038377192982456135,12.5,82,100,1.0,71,12.3,14.4,15.6,0.0,0.0,0.0,10.0,84.0,0.0,0.0,0.0,198.0,0.0,101390.0
2024-12-21 07:00:00,14.1808371230889,20.8543777444642,0.0,0.038559941520467836,12.8,81,100,1.8,68,12.3,14.3,15.6,0.0,0.0,0.0,11.0,83.0,0.0,0.0,0.0,180.0,0.0,101430.0
2024-12-21 08:00:00,13.8156499932893,20.6986618869431,0.0,0.03874269005847953,13.1,83,100,4.1,65,12.4,14.2,15.6,0.0,0.0,0.02,11.0,84.0,0.0,0.0,0.0,6.0,0.0,101460.0
2024-12-21 09:00:00,14.167087269182,21.5097329662663,0.0,0.038925438596491224,14.4,79,100,6.8,52,13.0,14.1,15.6,0.0,0.0,0.05,11.0,85.0,512.0,0.0,0.0,54.0,0.0,101480.0
2024-12-21 10:00:00,14.1804135900738,23.5255612358919,0.0,0.039108187134502925,15.3,74,100,12.5,46,13.8,14.1,15.6,0.0,0.0,0.1,12.0,83.0,6658.0,0.0,1.0,42.0,0.0,101540.0
2024-12-21 11:00:00,14.0625448385985,24.0540167463503,0.0,0.03929093567251462,16.4,67,100,13.7,45,14.8,14.2,15.6,0.0,0.0,0.18,15.0,82.0,13122.0,0.0,2.0,18.0,0.0,101630.0
2024-12-21 12:00:00,14.1087587810114,23.9380063248704,0.0,0.039473684210526314,16.9,65,100,13.9,42,15.7,14.3,15.6,0.0,0.0,0.21,16.0,77.0,17459.0,1.0,4.0,54.0,0.0,101660.0
2024-12-21 13:00:00,14.2178204983982,24.1497350831366,0.0,0.03965643274853801,17.1,66,93,15.7,44,16.2,14.4,15.6,0.0,0.0,0.25,16.0,72.0,24553.0,1.0,1.0,48.0,0.0,101610.0
2024-12-21 14:00:00,14.0236900596472,24.0016503766549,0.0,0.0398391812865497,16.9,67,100,18.0,46,16.9,14.6,15.6,0.0,0.0,0.24,17.0,68.0,18620.0,1.0,2.0,54.0,0.0,101560.0
2024-12-21 15:00:00,14.2907787332817,23.6851513954568,0.0,0.0400219298245614,16.3,67,100,17.7,52,16.8,14.7,15.6,0.0,0.0,0.17,16.0,70.0,18015.0,1.0,3.0,72.0,0.0,101530.0
2024-12-21 16:00:00,14.3002543664525,23.5683267792425,0.0,0.0402046783625731,15.5,69,100,14.8,53,16.3,14.8,15.6,0.0,0.0,0.1,16.0,71.0,12153.0,0.0,3.0,86.0,0.0,101500.0
2024-12-21 17:00:00,14.1570802786055,23.482548410144,0.0,0.04038742690058479,14.3,74,100,12.7,57,15.6,14.9,15.6,0.0,0.0,0.05,16.0,67.0,7078.0,0.0,2.0,48.0,0.0,101550.0
2024-12-21 18:00:00,14.1982864654115,23.270290785843,0.0,0.04057017543859649,13.6,78,100,10.3,68,14.9,14.9,15.6,0.0,0.0,0.01,15.0,71.0,1220.0,0.0,2.0,60.0,0.0,101610.0
2024-12-21 19:00:00,14.1834529042808,23.1072475686166,0.0,0.04075292397660819,13.2,80,99,8.7,67,14.3,14.9,15.6,0.0,0.0,0.01,14.0,74.0,0.0,0.0,2.0,83.0,0.0,101620.0
2024-12-21 20:00:00,14.3114946426602,23.1831582451432,0.0,0.04093567251461988,12.6,82,77,7.7,62,13.7,14.9,15.6,0.0,0.0,0.0,14.0,74.0,0.0,0.0,2.0,104.0,0.0,101640.0
2024-12-21 21:00:00,14.2093331703612,22.9666037530665,0.0,0.041118421052631575,11.9,82,1,7.9,62,13.1,14.8,15.6,0.0,0.0,0.0,12.0,81.0,0.0,0.0,0.0,138.0,0.0,101670.0
2024-12-21 22:00:00,14.3621909238957,23.0238506700195,0.0,0.04130116959064327,11.0,82,1,5.2,65,12.4,14.7,15.6,0.0,0.0,0.0,11.0,84.0,0.0,0.0,2.0,72.0,0.0,101660.0
2024-12-21 23:00:00,14.4211565402114,22.9222562928019,0.0,0.04148391812865497,10.8,81,0,2.6,48,11.7,14.6,15.6,0.0,0.0,0.0,10.0,84.0,0.0,0.0,1.0,116.0,0.0,101680.0
2024-12-22 00:00:00,14.3822714158277,22.55885843919,0.0,0.041666666666666664,10.5,81,0,2.2,48,11.2,14.4,15.6,0.0,0.0,0.0,11.0,77.0,0.0,0.0,0.0,86.0,0.0,101700.0
2024-12-22 01:00:00,14.1276842743281,22.8826005198167,0.0,0.04184941520467836,10.5,76,3,1.3,36,11.6,14.4,15.7,0.0,0.0,0.0,8.0,84.0,0.0,0.0,0.0,186.0,0.0,101720.0
2024-12-22 02:00:00,14.2774209277797,22.6803419156192,0.0,0.04203216374269006,9.8,79,18,1.2,7,11.0,14.3,15.7,0.0,0.0,0.0,8.0,87.0,0.0,0.0,0.0,186.0,0.0,101710.0
2024-12-22 03:00:00,14.435490483625,22.9170028855352,0.0,0.042214912280701754,9.1,82,19,2.7,295,10.5,14.1,15.7,0.0,0.0,0.0,7.0,86.0,0.0,0.0,1.0,165.0,0.0,101710.0
2024-12-22 04:00:00,14.516637574689,22.5926631826037,0.0,0.04239766081871345,8.4,85,1,3.7,295,10.1,13.9,15.7,0.0,0.0,0.0,7.0,88.0,0.0,0.0,1.0,186.0,0.0,101690.0
2024-12-22 05:00:00,14.6306004779465,22.4003869121252,0.0,0.04258040935672514,8.3,87,0,5.2,288,10.0,13.7,15.7,0.0,0.0,0.0,7.0,85.0,0.0,0.0,0.0,228.0,0.0,101690.0
2024-12-22 06:00:00,14.5341135036095,22.5508326764378,0.0,0.042763157894736836,7.3,92,0,7.2,256,9.8,13.5,15.7,0.0,0.0,0.0,6.0,88.0,0.0,0.0,1.0,159.0,0.0,101670.0
2024-12-22 07:00:00,14.5638378570388,22.4375629136472,0.0,0.04294590643274854,6.9,92,0,5.2,273,9.6,13.3,15.7,0.0,0.0,0.0,5.0,88.0,0.0,0.0,0.0,168.0,0.0,101690.0
2024-12-22 08:00:00,14.3929723008818,22.3978494940331,0.0,0.04312865497076023,8.0,87,0,1.9,311,9.6,13.2,15.7,0.0,0.0,0.01,5.0,89.0,0.0,0.0,0.0,180.0,0.0,101730.0
2024-12-22 09:00:00,14.4532101337927,22.2037164649354,0.0,0.043311403508771926,11.6,76,0,2.4,292,10.6,13.0,15.6,0.0,0.0,0.06,5.0,89.0,2816.0,0.0,0.0,180.0,0.0,101780.0
2024-12-22 10:00:00,14.420294960529,22.4114885160868,0.0,0.04349415204678363,14.2,63,0,4.2,315,12.2,13.0,15.6,0.0,0.0,0.16,11.0,75.0,9883.0,1.0,0.0,204.0,0.0,101800.0
2024-12-22 11:00:00,14.5906369460268,22.2692697008383,0.0,0.04367690058479532,16.1,57,0,6.1,310,13.9,13.1,15.6,0.0,0.0,0.24,13.0,73.0,23247.0,1.0,2.0,258.0,0.0,101780.0
2024-12-22 12:00:00,14.6789918432566,22.4755625764424,0.0,0.043859649122807015,17.0,53,0,9.3,342,15.3,13.2,15.6,0.0,0.0,0.28,15.0,63.0,36932.0,2.0,1.0,282.0,0.0,101750.0
2024-12-22 13:00:00,14.532876378454,22.2801992746946,0.0,0.04404239766081871,16.9,55,0,9.3,22,15.8,13.3,15.6,0.0,0.0,0.29,18.0,53.0,42565.0,2.0,1.0,59.0,0.0,101630.0
2024-12-22 14:00:00,14.6856738617355,22.2566974827902,0.0,0.0442251461988304,16.9,57,0,7.7,38,16.6,13.5,15.6,0.0,0.0,0.26,17.0,52.0,40712.0,2.0,0.0,310.0,0.0,101550.0
2024-12-22 15:00:00,15.1007944987557,22.2879781786819,0.0,0.044407894736842105,16.7,58,0,8.8,42,16.8,13.8,15.6,0.0,0.0,0.2,17.0,55.0,31720.0,2.0,2.0,8.0,0.0,101500.0
2024-12-22 16:00:00,14.9252727808369,22.2811084211853,0.0,0.0445906432748538,16.1,62,0,4.5,77,16.4,14.0,15.6,0.0,0.0,0.11,17.0,61.0,18082.0,1.0,4.0,24.0,0.0,101520.0
2024-12-22 17:00:00,15.0301378226477,22.2243514898472,0.0,0.04477339181286549,14.0,69,0,0.7,114,15.2,14.1,15.6,0.0,0.0,0.01,17.0,59.0,6696.0,0.0,2.0,130.0,0.0,101450.0
2024-12-22 18:00:00,15.2006867204628,22.2997727610763,0.0,0.044956140350877194,12.7,74,0,1.3,184,13.8,14.1,15.6,0.0,0.0,0.0,16.0,65.0,1020.0,0.0,0.0,222.0,0.0,101450.0
2024-12-22 19:00:00,15.1453207178289,22.1189362177162,0.0,0.04513888888888889,12.3,75,0,0.8,338,12.8,14.1,15.6,0.0,0.0,0.0,13.0,75.0,0.0,0.0,1.0,48.0,0.0,101440.0
2024-12-22 20:00:00,15.3555953556102,22.2906441840861,0.0,0.04532163742690058,11.6,77,0,1.9,288,11.9,14.0,15.6,0.0,0.0,0.0,11.0,79.0,0.0,0.0,0.0,162.0,0.0,101470.0
2024-12-22 21:00:00,15.1207793009955,22.3117040129425,0.0,0.045504385964912276,10.9,79,0,2.3,300,11.3,13.9,15.6,0.0,0.0,0.0,10.0,82.0,0.0,0.0,2.0,157.0,0.0,101470.0
2024-12-22 22:00:00,15.3438812994236,22.0693530675606,0.0,0.04568713450292397,9.8,82,0,4.6,194,10.7,13.8,15.6,0.0,0.0,0.0,11.0,83.0,0.0,0.0,2.0,152.0,0.0,101450.0
2024-12-22 23:00:00,15.4133134325263,22.0641278099815,0.0,0.04586988304093567,9.4,83,0,5.1,222,10.4,13.6,15.6,0.0,0.0,0.0,9.0,85.0,0.0,0.0,0.0,186.0,0.0,101400.0
2024-12-23 00:00:00,15.4813989672256,22.0303267068249,0.0,0.046052631578947366,9.1,84,0,5.8,250,10.1,13.5,15.6,0.0,0.0,0.0,7.0,87.0,0.0,0.0,0.0,111.0,0.0,101410.0
2024-12-23 01:00:00,15.3861051576193,22.0228277579983,0.0,0.04623538011695906,9.1,78,0,6.2,224,9.8,13.4,15.6,0.0,0.0,0.0,7.0,88.0,0.0,0.0,0.0,264.0,0.0,101320.0
2024-12-23 02:00:00,15.2796047799825,21.8725483302955,0.0,0.04641812865497076,9.7,73,0,9.8,221,9.8,13.3,15.6,0.0,0.0,0.02,7.0,85.0,0.0,0.0,1.0,186.0,0.0,101220.0
2024-12-23 03:00:00,15.5147657654907,21.8473105073976,0.0,0.046600877192982455,9.7,74,0,9.2,231,9.8,13.1,15.6,0.0,0.0,0.01,7.0,87.0,0.0,0.0,2.0,228.0,0.0,101160.0
2024-12-23 04:00:00,15.500145956601,21.7688733271488,0.0,0.04678362573099415,8.9,77,0,6.0,229,9.6,13.0,15.6,0.0,0.0,0.0,10.0,79.0,0.0,0.0,3.0,258.0,0.0,101090.0
2024-12-23 05:00:00,15.4869778785717,21.8004245149182,0.0,0.046966374269005844,9.0,73,0,1.3,220,9.1,12.8,15.6,0.0,0.0,0.0,10.0,79.0,0.0,0.0,1.0,288.0,0.0,101090.0
2024-12-23 06:00:00,15.3931376249211,21.6333318697095,0.0,0.04714912280701754,8.6,73,0,3.4,208,8.8,12.6,15.6,0.0,0.0,0.0,8.0,83.0,0.0,0.0,1.0,180.0,0.0,101100.0
2024-12-23 07:00:00,15.412460039851,21.5587182045272,0.0,0.04733187134502924,8.7,70,0,6.4,225,8.5,12.5,15.6,0.0,0.0,0.01,10.0,73.0,0.0,0.0,2.0,228.0,0.0,101090.0
2024-12-23 08:00:00,15.7256029554798,21.8953077062267,0.0,0.04751461988304093,9.9,69,0,2.2,247,8.6,12.3,15.6,0.0,0.0,0.01,11.0,70.0,0.0,0.0,3.0,222.0,0.0,101090.0
2024-12-23 09:00:00,15.7355347124726,21.6181599219557,0.0,0.04769736842105263,11.9,66,0,2.3,90,9.9,12.2,15.6,0.0,0.0,0.07,10.0,70.0,4137.0,0.0,2.0,216.0,0.0,101110.0
2024-12-23 10:00:00,15.6041661321593,21.7003249189741,0.0,0.04788011695906433,14.8,57,0,2.4,90,11.7,12.2,15.6,0.0,0.0,0.16,14.0,62.0,11628.0,1.0,2.0,276.0,0.0,101170.0
2024-12-23 11:00:00,15.5809163138681,21.6227075530769,0.0,0.04806286549707602,17.1,51,0,5.1,63,13.5,12.3,15.6,0.0,0.0,0.25,15.0,54.0,27073.0,1.0,3.0,204.0,0.0,101200.0
2024-12-23 12:00:00,15.6089906224534,21.6229168240339,0.0,0.04824561403508772,18.4,51,0,10.9,60,15.1,12.5,15.6,0.0,0.0,0.3,17.0,47.0,40338.0,2.0,3.0,228.0,0.0,101180.0
2024-12-23 13:00:00,15.8676090811466,21.6985795601049,0.0,0.04842836257309941,19.3,48,0,7.3,52,16.6,12.8,15.6,0.0,0.0,0.31,19.0,43.0,44965.0,2.0,1.0,305.0,0.0,101050.0
2024-12-23 14:00:00,16.1559182813871,21.6210969739352,0.0,0.048611111111111105,19.1,52,0,11.2,48,17.2,13.1,15.6,0.0,0.0,0.29,21.0,38.0,42326.0,3.0,2.0,336.0,0.0,100950.0
2024-12-23 15:00:00,15.9328824767062,21.5576047374367,0.0,0.048793859649122806,17.7,57,0,15.5,50,17.2,13.4,15.6,0.0,0.0,0.22,20.0,49.0,30957.0,2.0,3.0,20.0,0.0,100910.0
2024-12-23 16:00:00,15.9772474506223,21.6991183353629,0.0,0.0489766081871345,16.3,63,0,15.7,56,16.6,13.7,15.6,0.0,0.0,0.14,19.0,47.0,16840.0,1.0,3.0,84.0,0.0,100910.0
2024-12-23 17:00:00,16.0902450546341,21.4306800680675,0.0,0.049159356725146194,13.9,73,0,8.5,69,15.5,13.8,15.6,0.0,0.0,0.04,18.0,57.0,5777.0,0.0,5.0,60.0,0.0,100980.0
2024-12-23 18:00:00,16.1245649766645,21.470157697535,0.0,0.049342105263157895,12.2,79,0,3.3,72,14.0,13.9,15.6,0.0,0.0,0.0,15.0,69.0,515.0,0.0,1.0,104.0,0.0,101010.0
2024-12-23 19:00:00,16.2832745711838,21.4074917874746,0.0,0.04952485380116959,11.4,80,0,4.8,54,12.7,13.9,15.6,0.0,0.0,0.0,13.0,74.0,0.0,0.0,0.0,126.0,0.0,101050.0
2024-12-23 20:00:00,16.2214884865365,21.5495345119728,0.0,0.049707602339181284,11.0,82,0,3.7,70,11.8,13.8,15.6,0.0,0.0,0.0,10.0,83.0,0.0,0.0,0.0,102.0,0.0,101110.0
2024-12-23 21:00:00,16.2946234295843,21.5547060961189,0.0,0.04989035087719298,10.7,81,0,2.2,63,10.9,13.7,15.6,0.0,0.0,0.0,9.0,84.0,0.0,0.0,0.0,180.0,0.0,101190.0
2024-12-23 22:00:00,16.3325847684696,21.5751073810608,0.0,0.05007309941520467,10.5,79,0,2.2,74,10.3,13.6,15.6,0.0,0.0,0.0,8.0,87.0,0.0,0.0,0.0,198.0,0.0,101210.0
2024-12-23 23:00:00,16.3194764226902,21.3419927510369,0.0,0.05025584795321637,10.2,73,0,2.1,78,9.7,13.4,15.6,0.0,0.0,0.0,8.0,87.0,0.0,0.0,0.0,178.0,0.0,101240.0
2024-12-24 00:00:00,16.4191790275896,21.3608430157105,0.0,0.05043859649122807,10.0,67,0,1.5,68,9.2,13.2,15.5,0.0,0.0,0.0,7.0,86.0,0.0,0.0,0.0,174.0,0.0,101280.0
2024-12-24 01:00:00,16.2750143657174,21.3649165541019,0.0,0.05062134502923976,8.9,73,0,0.4,56,8.4,13.0,15.5,0.0,0.0,0.0,5.0,84.0,0.0,0.0,0.0,78.0,0.0,101290.0
2024-12-24 02:00:00,16.4012925981748,21.2717662684343,0.0,0.05080409356725146,8.5,69,0,1.0,63,8.1,12.8,15.5,0.0,0.0,0.0,4.0,84.0,0.0,0.0,1.0,186.0,0.0,101270.0
2024-12-24 03:00:00,16.523780022196,21.3260503363686,0.0,0.05098684210526316,8.0,64,0,1.5,65,7.8,12.6,15.5,0.0,0.0,0.0,4.0,86.0,0.0,0.0,0.0,108.0,0.0,101280.0
2024-12-24 04:00:00,16.469014662408,21.1929329101031,0.0,0.05116959064327485,8.1,59,0,0.4,58,7.5,12.3,15.5,0.0,0.0,0.0,5.0,86.0,0.0,0.0,1.0,192.0,0.0,101320.0
2024-12-24 05:00:00,16.4700062200503,21.4690244988555,0.0,0.051352339181286545,8.3,57,0,0.4,58,7.2,12.1,15.5,0.0,0.0,0.0,4.0,89.0,0.0,0.0,0.0,186.0,0.0,101310.0
2024-12-24 06:00:00,16.355216991501,21.2333993602736,0.0,0.05153508771929824,8.1,56,0,0.2,54,6.9,11.9,15.5,0.0,0.0,0.0,3.0,85.0,0.0,0.0,0.0,142.0,0.0,101320.0
2024-12-24 07:00:00,16.3965445630564,21.2124476832089,0.0,0.05171783625730994,7.5,56,0,0.8,43,6.7,11.6,15.5,0.0,0.0,0.0,3.0,83.0,0.0,0.0,0.0,174.0,0.0,101340.0
2024-12-24 08:00:00,16.426844960589,21.126922748922,0.0,0.051900584795321635,7.5,62,0,3.4,309,6.8,11.4,15.5,0.0,0.0,0.02,3.0,81.0,191.0,0.0,0.0,174.0,0.0,101370.0
2024-12-24 09:00:00,16.2858790549947,21.3085562822056,0.0,0.05208333333333333,10.5,65,0,6.1,285,8.1,11.3,15.5,0.0,0.0,0.07,6.0,76.0,4152.0,0.0,0.0,198.0,0.0,101400.0
2024-12-24 10:00:00,16.5321844890074,21.165766185167598,0.0,0.05226608187134503,13.2,54,0,5.9,312,10.0,11.2,15.5,0.0,0.0,0.16,13.0,59.0,14355.0,1.0,0.0,132.0,0.0,101430.0
2024-12-24 11:00:00,16.4077482321697,21.21221127825,0.0,0.052448830409356724,14.9,49,0,5.3,345,11.9,11.3,15.4,0.0,0.0,0.24,14.0,57.0,29393.0,2.0,2.0,282.0,0.0,101450.0
2024-12-24 12:00:00,16.6682737881688,21.2277629203728,0.0,0.05263157894736842,15.9,46,0,7.4,8,13.5,11.5,15.4,0.0,0.0,0.29,16.0,43.0,41205.0,3.0,0.0,102.0,0.0,101410.0
2024-12-24 13:00:00,16.5952655371533,21.2751672806424,0.0,0.05281432748538011,16.6,42,0,5.8,10,14.7,11.6,15.4,0.0,0.0,0.3,19.0,36.0,44827.0,3.0,2.0,126.0,0.0,101330.0
2024-12-24 14:00:00,16.6715282911493,21.2176914229653,0.0,0.052997076023391806,16.7,43,0,7.2,22,15.4,11.9,15.4,0.0,0.0,0.27,18.0,35.0,40803.0,2.0,1.0,248.0,0.0,101250.0
2024-12-24 15:00:00,16.6547288672165,21.249602206804,0.0,0.05317982456140351,16.2,50,0,9.8,40,15.5,12.2,15.4,0.0,0.0,0.21,18.0,38.0,28380.0,2.0,3.0,52.0,0.0,101220.0
2024-12-24 16:00:00,16.8475799501081,21.234068701477,0.0,0.0533625730994152,15.2,59,0,8.6,47,15.1,12.5,15.4,0.0,0.0,0.12,17.0,45.0,14091.0,1.0,3.0,54.0,0.0,101220.0
2024-12-24 17:00:00,16.6801599588533,21.2675452338969,0.0,0.053545321637426896,12.0,72,0,5.9,58,13.8,12.6,15.4,0.0,0.0,0.03,17.0,46.0,4784.0,0.0,2.0,38.0,0.0,101230.0
2024-12-24 18:00:00,16.855768712576,21.1342167697934,0.0,0.0537280701754386,11.4,74,0,3.6,62,12.4,12.7,15.4,0.0,0.0,0.0,14.0,57.0,185.0,0.0,0.0,91.0,0.0,101250.0
2024-12-24 19:00:00,16.7797770977442,21.1509690765079,0.0,0.05391081871345029,11.2,75,0,2.4,53,11.3,12.7,15.4,0.0,0.0,0.0,11.0,71.0,0.0,0.0,0.0,180.0,0.0,101260.0
2024-12-24 20:00:00,16.9527126700441,21.2099597055267,0.0,0.054093567251461985,11.1,76,0,0.9,41,10.4,12.6,15.4,0.0,0.0,0.0,9.0,78.0,0.0,0.0,0.0,204.0,0.0,101310.0
2024-12-24 21:00:00,16.949221826852,21.2361738132455,0.0,0.05427631578947368,10.1,81,0,1.8,2,9.7,12.5,15.4,0.0,0.0,0.0,8.0,72.0,0.0,0.0,1.0,174.0,0.0,101350.0
2024-12-24 22:00:00,16.8933771087141,20.9337706126651,0.0,0.054459064327485374,9.3,85,0,4.6,289,9.3,12.4,15.4,0.0,0.0,0.0,8.0,73.0,0.0,0.0,0.0,173.0,0.0,101370.0
2024-12-24 23:00:00,16.910959192349,21.2060660460015,0.0,0.054641812865497075,8.5,87,0,5.0,276,9.2,12.3,15.3,0.0,0.0,0.0,7.0,74.0,0.0,0.0,1.0,186.0,0.0,101410.0
2024-12-25 00:00:00,16.9393854933909,21.1900016674236,0.0,0.05482456140350877,8.0,83,0,6.4,264,8.9,12.1,15.3,0.0,0.0,0.0,9.0,72.0,0.0,0.0,1.0,186.0,0.0,101410.0
2024-12-25 01:00:00,17.1406027961223,21.186347360919,0.0,0.05500730994152046,7.2,82,0,5.9,273,8.2,12.1,15.3,0.0,0.0,0.0,7.0,75.0,0.0,0.0,0.0,216.0,0.0,101360.0
2024-12-25 02:00:00,16.8049275502888,21.128394027645,0.0,0.055190058479532164,6.9,75,0,4.6,285,7.9,11.9,15.3,0.0,0.0,0.0,5.0,80.0,0.0,0.0,1.0,166.0,0.0,101340.0
2024-12-25 03:00:00,16.8807241990203,21.1898354097347,0.0,0.05537280701754386,7.0,67,0,2.3,307,7.5,11.7,15.3,0.0,0.0,0.0,4.0,81.0,0.0,0.0,0.0,174.0,0.0,101360.0
2024-12-25 04:00:00,16.9320574556663,21.0449998103409,0.0,0.05555555555555555,6.8,62,0,3.6,268,7.2,11.5,15.3,0.0,0.0,0.0,4.0,80.0,0.0,0.0,1.0,156.0,0.0,101340.0
2024-12-25 05:00:00,17.101516762026,20.971213678606,0.0,0.05573830409356725,6.4,62,0,5.9,258,7.0,11.3,15.3,0.0,0.0,0.01,4.0,80.0,0.0,0.0,1.0,180.0,0.0,101320.0
2024-12-25 06:00:00,16.847515140125,20.9885841575142,0.0,0.05592105263157894,6.0,62,0,5.8,257,6.9,11.1,15.3,0.0,0.0,0.01,6.0,84.0,0.0,0.0,0.0,204.0,0.0,101310.0
2024-12-25 07:00:00,17.1439288927429,20.8979964401464,0.0,0.05610380116959064,5.3,62,0,4.3,273,6.7,11.0,15.3,0.0,0.0,0.0,4.0,86.0,0.0,0.0,0.0,192.0,0.0,101330.0
2024-12-25 08:00:00,17.0830492350785,20.8786709408731,0.0,0.056286549707602336,6.7,60,0,3.6,268,6.8,10.8,15.2,0.0,0.0,0.02,4.0,85.0,482.0,0.0,0.0,216.0,0.0,101400.0
2024-12-25 09:00:00,17.1329774307578,20.8590838194669,0.0,0.05646929824561403,10.8,60,0,6.0,251,8.0,10.7,15.2,0.0,0.0,0.08,8.0,78.0,5282.0,0.0,0.0,184.0,0.0,101460.0
2024-12-25 10:00:00,17.133733581696,20.9119034259527,0.0,0.05665204678362573,14.3,57,0,4.3,347,10.0,10.7,15.2,0.0,0.0,0.16,13.0,64.0,17040.0,1.0,0.0,192.0,0.0,101470.0
2024-12-25 11:00:00,17.2147995683634,20.7905197077259,0.0,0.056834795321637425,16.1,48,0,5.9,6,12.0,10.8,15.2,0.0,0.0,0.24,17.0,53.0,31976.0,1.0,0.0,228.0,0.0,101460.0
2024-12-25 12:00:00,17.4351382261395,20.9710943149022,0.0,0.05701754385964912,17.1,47,0,7.4,360,13.6,11.0,15.2,0.0,0.0,0.29,16.0,53.0,41985.0,2.0,1.0,302.0,0.0,101400.0
2024-12-25 13:00:00,17.5044084907305,26.0269850540187,0.0,0.057200292397660814,17.0,49,0,9.6,12,14.2,11.2,15.2,0.0,0.0,0.3,17.0,53.0,43992.0,2.0,3.0,7.0,0.0,101330.0
2024-12-25 14:00:00,17.6468546754809,26.0800962075227,0.0,0.05738304093567251,17.0,54,0,10.6,27,15.0,11.5,15.2,0.0,0.0,0.27,18.0,53.0,38745.0,2.0,1.0,96.0,0.0,101310.0
2024-12-25 15:00:00,18.1630973527487,25.5682807212815,0.0,0.05756578947368421,16.9,55,0,9.9,34,15.3,11.8,15.1,0.0,0.0,0.21,18.0,52.0,26372.0,2.0,3.0,30.0,0.0,101270.0
2024-12-25 16:00:00,19.8299720081594,25.5365979004672,0.0,0.0577485380116959,15.6,62,0,6.7,43,14.9,12.1,15.1,0.0,0.0,0.12,18.0,52.0,12100.0,1.0,3.0,48.0,0.0,101260.0
2024-12-25 17:00:00,20.9071223316884,25.3558530146285,0.0,0.0579312865497076,12.5,70,0,4.6,55,13.7,12.3,15.1,0.0,0.0,0.03,17.0,59.0,3866.0,0.0,3.0,48.0,0.0,101260.0
2024-12-25 18:00:00,21.9486063469554,25.0543728223045,0.0,0.0581140350877193,12.1,72,0,2.3,54,12.2,12.3,15.1,0.0,0.0,0.0,14.0,78.0,0.0,0.0,2.0,48.0,0.0,101300.0
2024-12-25 19:00:00,23.105648676897,24.9933789609768,0.0,0.05829678362573099,12.2,72,0,1.2,56,11.2,12.4,15.1,0.0,0.0,0.0,12.0,82.0,0.0,0.0,0.0,30.0,0.0,101340.0
2024-12-25 20:00:00,23.4408999740425,24.795053245888,0.0,0.05847953216374269,12.4,72,0,1.5,54,10.4,12.3,15.1,0.0,0.0,0.0,10.0,84.0,0.0,0.0,1.0,138.0,0.0,101360.0
2024-12-25 21:00:00,24.1535161676534,24.8558520671671,0.0,0.05866228070175438,12.1,72,0,1.7,47,9.8,12.2,15.1,0.0,0.0,0.0,9.0,85.0,0.0,0.0,1.0,192.0,0.0,101350.0
2024-12-25 22:00:00,24.4871135834543,24.6350681134321,0.0,0.058845029239766075,11.7,73,0,1.9,46,9.3,12.1,15.1,0.0,0.0,0.0,8.0,82.0,0.0,0.0,0.0,164.0,0.0,101390.0
2024-12-25 23:00:00,24.7679836676536,24.6615478357724,0.0,0.059027777777777776,11.0,75,0,1.3,40,8.8,12.0,15.1,0.0,0.0,0.0,8.0,83.0,0.0,0.0,1.0,172.0,0.0,101390.0
2024-12-26 00:00:00,24.9087548045463,24.6513894662036,0.0,0.05921052631578947,10.4,78,0,1.5,37,8.4,11.8,15.1,0.0,0.0,0.0,7.0,83.0,0.0,0.0,1.0,171.0,0.0,101370.0
2024-12-26 01:00:00,24.9451335937061,24.1977378816378,0.0,0.059393274853801165,9.6,78,0,1.1,27,7.4,11.8,15.1,0.0,0.0,0.0,6.0,79.0,0.0,0.0,1.0,172.0,0.0,101330.0
2024-12-26 02:00:00,24.9373856227774,24.3456837613614,0.0,0.059576023391812866,9.1,78,0,2.5,357,7.3,11.6,15.1,0.0,0.0,0.0,7.0,88.0,0.0,0.0,0.0,210.0,0.0,101340.0
2024-12-26 03:00:00,25.013794188198,24.2249203693609,0.0,0.05975877192982456,8.3,80,0,4.8,319,7.3,11.4,15.1,0.0,0.0,0.0,6.0,88.0,0.0,0.0,0.0,198.0,0.0,101340.0
2024-12-26 04:00:00,25.1026201401738,24.0580263302353,0.0,0.059941520467836254,8.2,81,0,5.4,311,7.5,11.2,15.1,0.0,0.0,0.0,5.0,86.0,0.0,0.0,0.0,186.0,0.0,101360.0
2024-12-26 05:00:00,25.0718374475347,24.1422315297152,0.0,0.06012426900584795,7.6,83,0,4.1,334,7.6,11.1,15.0,0.0,0.0,0.0,5.0,86.0,0.0,0.0,0.0,180.0,0.0,101340.0
2024-12-26 06:00:00,25.024346438055,23.9829692968356,0.0,0.06030701754385964,7.4,79,0,3.0,14,7.4,10.9,15.0,0.0,0.0,0.0,5.0,85.0,0.0,0.0,0.0,174.0,0.0,101360.0
2024-12-26 07:00:00,25.1314782538768,23.9515108065361,0.0,0.06048976608187134,8.1,72,0,1.5,37,7.2,10.8,15.0,0.0,0.0,0.0,5.0,79.0,0.0,0.0,0.0,161.0,0.0,101390.0
2024-12-26 08:00:00,25.0404991314473,24.174723181056,0.0,0.06067251461988304,9.6,68,0,0.9,48,7.2,10.6,15.0,0.0,0.0,0.01,4.0,83.0,1020.0,0.0,0.0,180.0,0.0,101430.0
2024-12-26 09:00:00,25.3300704451342,23.9563315416055,0.0,0.06085526315789473,12.6,60,0,5.0,39,8.7,10.6,15.0,0.0,0.0,0.08,9.0,70.0,5976.0,0.0,0.0,198.0,0.0,101460.0
2024-12-26 10:00:00,25.4218648683327,23.787831700197,0.0,0.06103801169590643,15.0,58,0,10.6,34,10.5,10.6,15.0,0.0,0.0,0.18,11.0,77.0,19188.0,1.0,1.0,292.0,0.0,101520.0
2024-12-26 11:00:00,25.4030858011946,23.8928422690895,0.0,0.06122076023391813,15.9,56,0,16.3,45,12.1,10.7,15.0,0.0,0.0,0.25,13.0,68.5,26867.5,1.5,0.5,320.0,0.0,101515.0
2024-12-26 12:00:00,25.5990844164376,23.8799982861841,0.0,0.06140350877192982,16.3,53,0,16.3,47,13.5,11.0,14.9,0.0,0.0,0.29,15.0,60.0,34547.0,2.0,0.0,348.0,0.0,101510.0
2024-12-26 13:00:00,25.7781178281477,23.6978164524619,0.0,0.061586257309941515,16.6,54,0,16.6,49,14.5,11.1,14.9,0.0,0.0,0.29,18.0,47.0,43531.0,3.0,4.0,69.0,0.0,101440.0
2024-12-26 14:00:00,25.4803363063066,23.7308924137175,0.0,0.06176900584795321,16.5,56,0,17.0,53,15.1,11.4,14.9,0.0,0.0,0.27,18.0,44.0,44328.0,3.0,5.0,77.0,0.0,101370.0
2024-12-26 15:00:00,25.6381724836944,23.603697032515,0.0,0.06195175438596491,16.2,59,0,16.6,55,15.2,11.7,14.9,0.0,0.0,0.21,17.0,53.0,36595.0,2.0,5.0,42.0,0.0,101300.0
2024-12-26 16:00:00,25.659903243738,23.6939416693681,0.0,0.062134502923976605,15.3,65,0,14.5,55,14.8,12.0,14.9,0.0,0.0,0.13,17.0,52.0,23857.0,1.0,4.0,60.0,0.0,101280.0
2024-12-26 17:00:00,25.819597506186,23.631687810742,0.0,0.0623172514619883,12.9,79,0,8.8,54,13.9,12.2,14.9,0.0,0.0,0.03,17.0,58.0,10021.0,1.0,2.0,96.0,0.0,101300.0
2024-12-26 18:00:00,25.6983039168974,23.5305639456978,0.0,0.0625,11.0,87,0,6.3,62,12.6,12.3,14.9,0.0,0.0,0.0,15.0,63.0,2880.0,0.0,2.0,43.0,0.0,101320.0
2024-12-26 19:00:00,25.5783684402017,23.5992819434934,0.0,0.06268274853801169,11.0,86,0,2.7,65,11.5,12.3,14.9,0.0,0.0,0.0,13.0,75.0,0.0,0.0,1.0,72.0,0.0,101360.0
2024-12-26 20:00:00,25.6524158911785,23.2904494340064,0.0,0.06286549707602339,11.0,83,0,1.7,59,10.6,12.3,14.9,0.0,0.0,0.0,10.0,80.0,0.0,0.0,0.0,228.0,0.0,101410.0
2024-12-26 21:00:00,25.6350321940346,23.2850436667597,0.0,0.06304824561403509,10.7,81,0,1.7,49,9.8,12.2,14.9,0.0,0.0,0.0,9.0,86.0,0.0,0.0,0.0,174.0,0.0,101430.0
2024-12-26 22:00:00,25.5376131827647,23.0445075283937,0.0,0.06323099415204678,10.1,81,0,0.9,39,9.1,12.1,14.9,0.0,0.0,0.0,8.0,84.0,0.0,0.0,0.0,180.0,0.0,101440.0
2024-12-26 23:00:00,25.5573280565088,23.2145454418149,0.0,0.06341374269005848,9.2,85,0,1.0,22,8.6,12.0,14.9,0.0,0.0,0.0,7.0,84.0,0.0,0.0,2.0,192.0,0.0,101460.0
2024-12-27 00:00:00,25.733971856702,23.1620422236385,0.0,0.06359649122807018,8.6,87,0,1.2,22,8.2,11.8,14.9,0.0,0.0,0.0,7.0,86.0,0.0,0.0,0.0,166.0,0.0,101480.0
2024-12-27 01:00:00,25.5477145085203,23.076142620847,0.0,0.06377923976608187,7.9,82,0,2.1,5,7.7,11.8,14.9,0.0,0.0,0.0,6.0,86.0,0.0,0.0,1.0,174.0,0.0,101470.0
2024-12-27 02:00:00,25.6377855821573,23.0015006381201,0.0,0.06396198830409357,7.5,87,0,8.8,253,7.7,11.6,14.9,0.0,0.0,0.0,6.0,84.0,0.0,0.0,1.0,178.0,0.0,101440.0
2024-12-27 03:00:00,25.5165008079473,22.8562780679471,0.0,0.06414473684210525,6.0,94,0,11.0,263,7.7,11.4,14.9,0.0,0.0,0.0,5.0,86.0,0.0,0.0,1.0,180.0,0.0,101440.0
2024-12-27 04:00:00,25.4038989369467,23.0919685565885,0.0,0.06432748538011696,5.5,93,0,7.8,265,7.6,11.2,14.8,0.0,0.0,0.0,4.0,84.0,0.0,0.0,1.0,180.0,0.0,101450.0
2024-12-27 05:00:00,25.4212930133384,22.9140307745077,0.0,0.06451023391812866,5.0,91,11,5.9,261,7.4,11.1,14.8,0.0,0.0,0.0,4.0,85.0,0.0,0.0,0.0,180.0,0.0,101450.0
2024-12-27 06:00:00,25.3878918598256,22.87757339545,0.0,0.06469298245614034,4.2,90,24,4.4,265,7.1,10.9,14.8,0.0,0.0,0.0,3.0,86.0,0.0,0.0,1.0,168.0,0.0,101430.0
2024-12-27 07:00:00,25.4511860048881,22.7233581666055,0.0,0.06487573099415204,3.9,84,15,3.9,257,6.8,10.8,14.8,0.0,0.0,0.0,3.0,81.0,0.0,0.0,1.0,180.0,0.0,101450.0
2024-12-27 08:00:00,25.3686222971839,22.7984955871861,0.0,0.06505847953216373,5.0,75,13,3.8,275,6.8,10.6,14.8,0.0,0.0,0.01,3.0,83.0,0.0,0.0,2.0,166.0,0.0,101480.0
2024-12-27 09:00:00,25.5014803241779,23.0600545430898,0.0,0.06524122807017543,8.1,80,25,4.0,347,7.8,10.5,14.8,0.0,0.0,0.05,3.0,85.0,1905.0,0.0,0.0,180.0,0.0,101510.0
2024-12-27 10:00:00,25.4490464446027,22.6101682819935,0.0,0.06542397660818713,11.1,70,3,5.5,6,9.4,10.5,14.8,0.0,0.0,0.13,8.0,76.0,7203.0,0.0,0.0,192.0,0.0,101550.0
2024-12-27 11:00:00,25.4287288057639,22.7908299578531,0.0,0.06560672514619882,13.7,57,0,7.7,350,11.2,10.5,14.8,0.0,0.0,0.23,12.0,62.0,22139.0,1.0,0.0,270.0,0.0,101620.0
2024-12-27 12:00:00,25.3093452654048,22.7736666323815,0.0,0.06578947368421052,15.2,53,0,10.9,15,12.7,10.7,14.7,0.0,0.0,0.28,15.0,56.0,35749.0,1.0,0.0,318.0,0.0,101620.0
2024-12-27 13:00:00,25.4322279114426,22.5036203069918,0.0,0.06597222222222222,15.9,49,0,11.7,37,14.0,11.1,14.7,0.0,0.0,0.3,15.0,59.0,42866.0,2.0,3.0,24.0,0.0,101550.0
2024-12-27 14:00:00,25.2296143049017,22.6468087442876,0.0,0.06615497076023391,16.3,45,0,15.9,53,14.6,11.4,14.7,0.0,0.0,0.29,16.0,45.0,42986.0,3.0,2.0,348.0,0.0,101450.0
2024-12-27 15:00:00,25.5530960207725,22.7626738571567,0.0,0.06633771929824561,15.8,46,0,18.4,56,14.7,11.7,14.7,0.0,0.0,0.24,16.0,42.0,34410.0,2.0,4.0,31.0,0.0,101380.0
2024-12-27 16:00:00,25.5387231325606,22.8820584524534,0.0,0.06652046783625731,14.9,51,0,15.9,58,14.3,11.9,14.7,0.0,0.0,0.16,17.0,40.0,21302.0,1.0,4.0,84.0,0.0,101360.0
2024-12-27 17:00:00,25.3946605642285,22.645035040615,0.0,0.066703216374269,12.8,57,0,10.1,60,13.4,12.1,14.7,0.0,0.0,0.06,16.0,42.0,8253.0,0.0,4.0,90.0,0.0,101370.0
2024-12-27 18:00:00,25.6520701043654,22.6281456821024,0.0,0.0668859649122807,10.7,67,0,7.8,67,12.1,12.2,14.7,0.0,0.0,0.02,15.0,56.0,2016.0,0.0,4.0,92.0,0.0,101400.0
2024-12-27 19:00:00,25.5389036033161,22.5890613150619,0.0,0.06706871345029239,10.0,68,0,7.1,75,10.9,12.2,14.7,0.0,0.0,0.01,13.0,67.0,0.0,0.0,2.0,54.0,0.0,101450.0
2024-12-27 20:00:00,25.4160157232013,22.6942096749178,0.0,0.06725146198830409,9.5,71,0,7.7,76,10.0,12.1,14.7,0.0,0.0,0.01,11.0,74.0,0.0,0.0,1.0,94.0,0.0,101500.0
2024-12-27 21:00:00,25.4497065881304,22.4831995958035,0.0,0.06743421052631579,9.2,74,0,6.8,63,9.3,12.0,14.7,0.0,0.0,0.01,9.0,81.0,0.0,0.0,0.0,174.0,0.0,101540.0
2024-12-27 22:00:00,25.372627784069,22.4336574054142,0.0,0.06761695906432748,9.2,75,0,3.2,53,8.7,11.9,14.7,0.0,0.0,0.0,7.0,80.0,0.0,0.0,0.0,186.0,0.0,101560.0
2024-12-27 23:00:00,25.3445007654994,22.4670877261106,0.0,0.06779970760233918,8.4,78,0,1.5,46,8.1,11.7,14.7,0.0,0.0,0.0,6.0,80.0,0.0,0.0,1.0,172.0,0.0,101570.0
2024-12-28 00:00:00,25.2333031847006,22.5775457875658,0.0,0.06798245614035087,7.5,79,0,0.4,33,7.5,11.5,14.7,0.0,0.0,0.0,5.0,77.0,0.0,0.0,0.0,180.0,0.0,101580.0
2024-12-28 01:00:00,25.2266465499721,22.3911492146981,0.0,0.06816520467836257,6.4,78,0,3.2,300,7.0,11.5,14.7,0.0,0.0,0.0,4.0,73.0,0.0,0.0,0.0,176.0,0.0,101570.0
2024-12-28 02:00:00,25.2365357164728,22.4105489504992,0.0,0.06834795321637427,5.6,79,0,5.1,273,6.8,11.2,14.7,0.0,0.0,0.0,5.0,73.0,0.0,0.0,0.0,186.0,0.0,101530.0
2024-12-28 03:00:00,25.3115800874951,22.5089791974357,0.0,0.06853070175438596,4.7,78,0,5.1,267,6.7,11.0,14.7,0.0,0.0,0.0,3.0,78.0,0.0,0.0,1.0,171.0,0.0,101510.0
2024-12-28 04:00:00,25.2529792080664,22.4074252642144,0.0,0.06871345029239766,4.2,76,0,4.8,255,6.4,10.8,14.6,0.0,0.0,0.0,3.0,84.0,0.0,0.0,0.0,186.0,0.0,101520.0
2024-12-28 05:00:00,25.1515687574919,22.2994247204518,0.0,0.06889619883040936,3.8,73,0,4.6,240,6.1,10.6,14.6,0.0,0.0,0.0,4.0,75.0,0.0,0.0,2.0,180.0,0.0,101500.0
2024-12-28 06:00:00,25.3050312130931,22.2364885996971,0.0,0.06907894736842105,3.4,73,0,4.5,245,5.8,10.4,14.6,0.0,0.0,0.0,4.0,77.0,0.0,0.0,1.0,180.0,0.0,101480.0
2024-12-28 07:00:00,25.2442484943384,22.2089021398378,0.0,0.06926169590643275,3.0,76,0,4.3,257,5.6,10.2,14.6,0.0,0.0,0.0,2.0,78.0,0.0,0.0,0.0,166.0,0.0,101480.0
2024-12-28 08:00:00,25.0759845364891,22.2845467024605,0.0,0.06944444444444445,4.3,73,0,4.8,264,5.6,10.0,14.6,0.0,0.0,0.01,2.0,82.0,0.0,0.0,0.0,172.0,0.0,101520.0
2024-12-28 09:00:00,25.0528741103033,22.4052134812426,0.0,0.06962719298245613,8.6,69,0,6.2,266,6.8,9.9,14.6,0.0,0.0,0.07,2.0,79.0,2977.0,0.0,0.0,171.0,0.0,101550.0
2024-12-28 10:00:00,25.0350196696797,22.2364054539011,0.0,0.06980994152046784,12.1,56,0,7.2,285,8.7,9.8,14.6,0.0,0.0,0.16,9.0,57.0,9964.0,1.0,0.0,170.0,0.0,101600.0
2024-12-28 11:00:00,25.1901200595844,22.0615778012975,0.0,0.06999269005847952,13.9,46,0,6.2,304,10.6,9.9,14.5,0.0,0.0,0.23,13.0,54.0,25233.0,1.0,0.0,210.0,0.0,101640.0
2024-12-28 12:00:00,25.2300562618952,22.0915061565209,0.0,0.07017543859649122,15.1,41,0,6.5,337,12.2,10.1,14.5,0.0,0.0,0.28,14.0,58.0,38540.0,2.0,1.0,268.0,0.0,101610.0
2024-12-28 13:00:00,25.1473073367121,22.3096140810396,0.0,0.07035818713450293,15.9,38,0,8.3,13,13.6,10.6,14.5,0.0,0.0,0.3,16.0,44.0,44240.0,2.0,0.0,180.0,0.0,101500.0
2024-12-28 14:00:00,24.9911754887834,22.3032340391211,0.0,0.07054093567251461,15.8,40,0,10.1,21,14.3,10.9,14.5,0.0,0.0,0.28,17.0,41.0,41747.0,2.0,2.0,48.0,0.0,101400.0
2024-12-28 15:00:00,24.9773167364215,22.3286195336429,0.0,0.07072368421052631,15.1,47,0,10.4,30,14.4,11.1,14.5,0.0,0.0,0.22,16.0,43.0,32936.0,2.0,5.0,26.0,0.0,101320.0
2024-12-28 16:00:00,25.1581166534161,22.1688733152803,0.0,0.070906432748538,13.9,57,0,8.0,42,14.0,11.4,14.5,0.0,0.0,0.12,16.0,47.0,18992.0,1.0,4.0,43.0,0.0,101330.0
2024-12-28 17:00:00,25.1850503825139,22.1553160852893,0.0,0.0710891812865497,10.8,70,0,3.9,54,12.7,11.6,14.5,0.0,0.0,0.02,15.0,50.0,6722.0,0.0,4.0,66.0,0.0,101350.0
2024-12-28 18:00:00,25.1932859167498,22.1774392276334,0.0,0.0712719298245614,10.1,71,0,1.5,61,11.2,11.7,14.5,0.0,0.0,0.0,13.0,63.0,968.0,0.0,1.0,54.0,0.0,101360.0
2024-12-28 19:00:00,25.2724078393317,22.1830214226225,0.0,0.07145467836257309,9.4,72,0,0.7,72,10.0,11.6,14.5,0.0,0.0,0.0,10.0,76.0,0.0,0.0,0.0,188.0,0.0,101390.0
2024-12-28 20:00:00,25.3132140022357,22.1996852048321,0.0,0.07163742690058479,8.8,72,0,0.6,72,9.1,11.6,14.5,0.0,0.0,0.0,7.0,69.0,0.0,0.0,0.0,148.0,0.0,101440.0
2024-12-28 21:00:00,25.0904276933661,22.0748661126289,0.0,0.07182017543859649,8.5,70,0,0.9,58,8.4,11.4,14.5,0.0,0.0,0.0,7.0,73.0,0.0,0.0,0.0,186.0,0.0,101460.0
2024-12-28 22:00:00,25.2638216075829,22.4627453018915,0.0,0.07200292397660818,8.3,69,0,0.4,41,7.8,11.3,14.5,0.0,0.0,0.0,6.0,74.0,0.0,0.0,0.0,180.0,0.0,101470.0
2024-12-28 23:00:00,25.0662454268918,22.1817817387312,0.0,0.07218567251461988,8.0,70,2,1.0,18,7.4,11.1,14.5,0.0,0.0,0.0,6.0,73.0,0.0,0.0,1.0,180.0,0.0,101470.0
2024-12-29 00:00:00,25.0992099642455,22.1096515925587,0.0,0.07236842105263158,7.1,74,0,3.2,317,7.1,10.9,14.4,0.0,0.0,0.0,5.0,70.0,0.0,0.0,0.0,150.0,0.0,101480.0
2024-12-29 01:00:00,25.0182871329001,21.9895844852405,0.0,0.07255116959064327,6.2,71,0,5.0,261,6.9,11.0,14.4,0.0,0.0,0.0,4.0,75.0,0.0,0.0,1.0,180.0,0.0,101440.0
2024-12-29 02:00:00,25.1394016592578,21.9032435717412,0.0,0.07273391812865497,5.2,73,0,6.4,255,6.8,10.8,14.4,0.0,0.0,0.0,4.0,76.0,0.0,0.0,1.0,204.0,0.0,101390.0
2024-12-29 03:00:00,24.9548455931668,21.9327613209251,0.0,0.07291666666666666,5.0,72,3,7.1,249,6.7,10.6,14.4,0.0,0.0,0.01,3.0,74.0,0.0,0.0,1.0,174.0,0.0,101380.0
2024-12-29 04:00:00,25.0984586695966,21.960078246215,0.0,0.07309941520467836,4.8,70,0,7.6,244,6.5,10.4,14.4,0.0,0.0,0.01,3.0,84.0,0.0,0.0,1.0,186.0,0.0,101390.0
2024-12-29 05:00:00,25.2652298338178,21.8592420233815,0.0,0.07328216374269006,4.6,69,0,7.4,246,6.4,10.3,14.4,0.0,0.0,0.01,3.0,78.0,0.0,0.0,1.0,180.0,0.0,101360.0
2024-12-29 06:00:00,24.9456413396792,21.9541127670186,0.0,0.07346491228070175,4.1,69,0,7.0,246,6.2,10.1,14.4,0.0,0.0,0.01,5.0,72.0,0.0,0.0,0.0,228.0,0.0,101340.0
2024-12-29 07:00:00,24.9357831234048,21.8547311133888,0.0,0.07364766081871345,3.6,71,0,6.8,244,6.0,10.0,14.4,0.0,0.0,0.01,5.0,78.0,0.0,0.0,1.0,216.0,0.0,101360.0
2024-12-29 08:00:00,24.9237377691424,21.7394950923607,0.0,0.07383040935672514,4.5,71,1,7.0,237,6.0,9.8,14.4,0.0,0.0,0.02,5.0,80.0,0.0,0.0,0.0,210.0,0.0,101410.0
2024-12-29 09:00:00,25.0706400564054,21.9658840728759,0.0,0.07401315789473684,9.3,59,4,6.8,233,7.1,9.7,14.3,0.0,0.0,0.07,6.0,78.0,3638.0,0.0,1.0,204.0,0.0,101450.0
2024-12-29 10:00:00,24.8865599612419,21.985073972022,0.0,0.07419590643274854,13.2,55,24,4.9,282,8.9,9.7,14.3,0.0,0.0,0.16,9.0,67.0,11859.0,1.0,2.0,198.0,0.0,101490.0
2024-12-29 11:00:00,24.8819342788795,21.7984049563007,0.0,0.07437865497076022,15.3,42,60,4.2,353,10.9,9.8,14.3,0.0,0.0,0.24,11.0,57.0,26707.0,1.0,3.0,228.0,0.0,101540.0
2024-12-29 12:00:00,24.7820366180071,21.915961555384,0.0,0.07456140350877193,16.4,40,67,7.2,8,12.6,10.0,14.3,0.0,0.0,0.29,13.0,51.0,39538.0,2.0,2.0,222.0,0.0,101510.0
2024-12-29 13:00:00,24.9888316547704,21.6719495136242,0.0,0.07474415204678363,16.8,41,65,10.8,12,14.0,10.4,14.3,0.0,0.0,0.31,15.0,47.0,44164.0,2.0,2.0,306.0,0.0,101400.0
2024-12-29 14:00:00,25.0494747683059,21.7935368219765,0.0,0.07492690058479531,16.2,45,32,13.1,16,14.6,10.7,14.3,0.0,0.0,0.28,17.0,40.0,43844.0,3.0,2.0,178.0,0.0,101320.0
2024-12-29 15:00:00,24.9459356178915,21.9182679803247,0.0,0.07510964912280702,15.4,52,6,12.0,27,14.6,11.1,14.3,0.0,0.0,0.21,17.0,39.0,30768.0,1.0,1.0,48.0,0.0,101250.0
2024-12-29 16:00:00,25.2648481678151,21.7853908514517,0.0,0.07529239766081872,13.9,64,3,9.8,48,14.2,11.3,14.3,0.0,0.0,0.12,16.0,54.0,16624.0,1.0,4.0,5.0,0.0,101230.0
2024-12-29 17:00:00,24.9430136907739,21.9563435252272,0.0,0.0754751461988304,10.7,75,17,5.4,75,12.9,11.5,14.3,0.0,0.0,0.03,15.0,58.0,6122.0,0.0,3.0,42.0,0.0,101260.0
2024-12-29 18:00:00,25.0415303576347,21.8116030155061,0.0,0.0756578947368421,9.6,73,24,5.9,85,11.4,11.6,14.3,0.0,0.0,0.0,13.0,64.0,490.0,0.0,1.0,72.0,0.0,101300.0
2024-12-29 19:00:00,25.0867123094323,21.9346922688525,0.0,0.07584064327485379,9.5,71,30,5.1,76,10.2,11.6,14.3,0.0,0.0,0.0,10.0,69.0,0.0,0.0,0.0,143.0,0.0,101330.0
2024-12-29 20:00:00,24.9920729078914,21.70749110761,0.0,0.07602339181286549,9.7,69,5,2.6,64,9.4,11.5,14.2,0.0,0.0,0.0,8.0,78.0,0.0,0.0,0.0,142.0,0.0,101380.0
2024-12-29 21:00:00,25.0139944911011,21.8316456969589,0.0,0.0762061403508772,9.1,68,2,1.2,57,8.6,11.4,14.2,0.0,0.0,0.0,7.0,77.0,0.0,0.0,0.0,173.0,0.0,101410.0
2024-12-29 22:00:00,25.0706530154822,21.9276072248798,0.0,0.07638888888888888,7.5,68,5,0.9,54,8.0,11.3,14.2,0.0,0.0,0.0,6.0,77.0,0.0,0.0,1.0,186.0,0.0,101440.0
2024-12-29 23:00:00,24.9621025487773,21.7846313989469,0.0,0.07657163742690058,5.7,65,50,3.0,194,7.5,11.1,14.2,0.0,0.0,0.0,6.0,79.0,0.0,0.0,1.0,198.0,0.0,101450.0
2024-12-30 00:00:00,25.0887928574964,21.6071509402712,0.0,0.07675438596491227,5.0,67,90,6.6,243,7.3,11.0,14.2,0.0,0.0,0.01,7.0,76.0,0.0,0.0,0.0,210.0,0.0,101460.0
2024-12-30 01:00:00,24.9274655667664,21.8619504927411,0.0,0.07693713450292397,5.4,65,90,6.1,247,7.3,10.9,14.2,0.0,0.0,0.01,5.0,77.0,0.0,0.0,0.0,174.0,0.0,101440.0
2024-12-30 02:00:00,24.8833941926875,21.6164669605441,0.0,0.07711988304093567,5.0,65,29,7.1,247,7.1,10.8,14.2,0.0,0.0,0.01,5.0,77.0,0.0,0.0,1.0,171.0,0.0,101410.0
2024-12-30 03:00:00,24.9824816700784,21.7906825331113,0.0,0.07730263157894736,4.5,66,3,7.5,243,6.8,10.6,14.2,0.0,0.0,0.01,4.0,76.0,0.0,0.0,2.0,172.0,0.0,101410.0
2024-12-30 04:00:00,24.8589533644839,21.6406171509549,0.0,0.07748538011695906,4.0,67,2,6.7,244,6.6,10.4,14.2,0.0,0.0,0.01,3.0,81.0,0.0,0.0,0.0,180.0,0.0,101410.0
2024-12-30 05:00:00,24.8934638051006,21.6691486780208,0.0,0.07766812865497076,3.6,68,6,6.6,240,6.3,10.3,14.2,0.0,0.0,0.01,4.0,76.0,0.0,0.0,2.0,165.0,0.0,101380.0
2024-12-30 06:00:00,24.9202030715085,21.602934650963,0.0,0.07785087719298245,3.6,68,18,7.1,238,6.1,10.1,14.2,0.0,0.0,0.01,2.0,81.0,0.0,0.0,0.0,172.0,0.0,101400.0
2024-12-30 07:00:00,24.811702294038,21.6247110025467,0.0,0.07803362573099415,3.6,68,11,6.6,235,5.9,9.9,14.2,0.0,0.0,0.01,2.0,84.0,0.0,0.0,1.0,180.0,0.0,101430.0
2024-12-30 08:00:00,24.9738768376314,21.3791555972579,0.0,0.07821637426900585,4.6,68,4,8.0,229,5.9,9.8,14.1,0.0,0.0,0.03,2.0,85.0,174.0,0.0,0.0,198.0,0.0,101460.0
2024-12-30 09:00:00,24.8817586132111,21.5378541850547,0.0,0.07839912280701754,9.3,62,1,9.6,229,7.0,9.6,14.1,0.0,0.0,0.08,6.0,75.0,5133.0,0.0,1.0,204.0,0.0,101510.0
2024-12-30 10:00:00,24.8006950533897,21.6164674509904,0.0,0.07858187134502924,13.4,53,3,6.5,260,8.9,9.6,14.1,0.0,0.0,0.16,9.0,66.0,16260.0,1.0,2.0,234.0,0.0,101560.0
2024-12-30 11:00:00,24.6880430439218,28.2770734432528,0.0,0.07876461988304093,15.1,42,8,6.1,327,10.8,9.7,14.1,0.0,0.0,0.24,11.0,58.0,29798.0,1.0,2.0,264.0,0.0,101590.0
2024-12-30 12:00:00,25.0572887646457,28.0401636951508,0.0,0.07894736842105263,15.9,38,18,7.7,358,12.4,10.0,14.1,0.0,0.0,0.29,14.0,46.0,37989.0,2.0,1.0,234.0,0.0,101550.0
2024-12-30 13:00:00,26.2176013520679,27.3928058388331,0.0,0.07913011695906433,16.4,38,8,8.5,7,13.8,10.3,14.1,0.0,0.0,0.31,15.0,43.0,28905.0,2.0,2.0,256.0,0.0,101470.0
2024-12-30 14:00:00,26.829364191041,26.9506497533407,0.0,0.07931286549707602,16.2,40,12,10.0,12,14.4,10.6,14.1,0.0,0.0,0.28,19.0,35.0,41144.0,3.0,2.0,132.0,0.0,101370.0
2024-12-30 15:00:00,27.1867276526353,26.7198796835114,0.0,0.07949561403508772,15.4,48,24,10.1,35,14.5,10.9,14.1,0.0,0.0,0.2,17.0,38.0,25980.0,1.0,3.0,24.0,0.0,101320.0
2024-12-30 16:00:00,27.2769067194239,26.5037151605357,0.0,0.0796783625730994,14.2,57,23,7.4,65,14.0,11.2,14.1,0.0,0.0,0.12,16.0,45.0,15077.0,1.0,4.0,27.0,0.0,101330.0
2024-12-30 17:00:00,27.3551303145038,26.2469979377933,0.0,0.0798611111111111,11.4,68,20,3.8,66,12.8,11.4,14.1,0.0,0.0,0.03,15.0,47.0,5298.0,0.0,3.0,63.0,0.0,101350.0
2024-12-30 18:00:00,27.386367752419,25.8867766590268,0.0,0.0800438596491228,10.8,68,34,1.2,55,11.4,11.5,14.0,0.0,0.0,0.0,13.0,64.0,204.0,0.0,0.0,42.0,0.0,101370.0
2024-12-30 19:00:00,27.4639139959377,25.8643804264679,0.0,0.0802266081871345,10.0,66,3,1.1,66,10.3,11.5,14.0,0.0,0.0,0.0,9.0,75.0,0.0,0.0,0.0,144.0,0.0,101410.0
2024-12-30 20:00:00,27.5042564042383,25.6491193509712,0.0,0.0804093567251462,9.0,64,6,2.3,102,9.4,11.4,14.0,0.0,0.0,0.0,8.0,78.0,0.0,0.0,0.0,186.0,0.0,101450.0
2024-12-30 21:00:00,27.2405338458557,25.7854841168421,0.0,0.0805921052631579,8.1,68,3,2.2,95,8.7,11.3,14.0,0.0,0.0,0.0,7.0,76.0,0.0,0.0,1.0,186.0,0.0,101480.0
2024-12-30 22:00:00,27.3817447009254,25.4439060140831,0.0,0.08077485380116958,7.4,71,4,1.6,88,8.1,11.2,14.0,0.0,0.0,0.0,9.0,70.0,0.0,0.0,1.0,186.0,0.0,101500.0
2024-12-30 23:00:00,27.3402041843275,25.3114284936046,0.0,0.08095760233918128,6.6,74,4,1.8,132,7.6,11.1,14.0,0.0,0.0,0.0,5.0,78.0,0.0,0.0,0.0,180.0,0.0,101520.0
2024-12-31 00:00:00,27.1919055142462,25.348683819017,0.0,0.08114035087719298,6.6,73,3,1.7,313,7.2,10.9,14.0,0.0,0.0,0.0,7.0,73.0,0.0,0.0,0.0,186.0,0.0,101520.0
2024-12-31 01:00:00,27.3808964208448,25.2264768315121,0.0,0.08132309941520467,5.6,71,9,7.3,240,7.1,10.8,14.0,0.0,0.0,0.01,5.0,71.0,0.0,0.0,1.0,186.0,0.0,101480.0
2024-12-31 02:00:00,27.0984675214448,25.1273177038548,0.0,0.08150584795321637,5.0,69,9,6.7,246,6.9,10.6,14.0,0.0,0.0,0.01,6.0,75.0,0.0,0.0,0.0,222.0,0.0,101460.0
2024-12-31 03:00:00,27.2990103970357,25.1092855106259,0.0,0.08168859649122806,4.8,63,68,7.5,240,6.7,10.5,14.0,0.0,0.0,0.02,4.0,78.0,0.0,0.0,0.0,174.0,0.0,101470.0
2024-12-31 04:00:00,27.1077704484017,24.8430429170791,0.0,0.08187134502923976,4.4,61,5,6.0,236,6.5,10.3,14.0,0.0,0.0,0.01,4.0,73.0,0.0,0.0,1.0,186.0,0.0,101450.0
2024-12-31 05:00:00,27.189096501593,24.85595707241,0.0,0.08205409356725146,3.7,63,10,4.7,229,6.2,10.1,14.0,0.0,0.0,0.01,4.0,64.0,0.0,0.0,1.0,180.0,0.0,101410.0
2024-12-31 06:00:00,27.1940933740955,25.0098695853026,0.0,0.08223684210526315,3.9,62,3,6.9,222,6.0,10.0,14.0,0.0,0.0,0.01,7.0,73.0,0.0,0.0,2.0,222.0,0.0,101430.0
2024-12-31 07:00:00,27.2066145132805,24.6971847825623,0.0,0.08241959064327485,4.7,58,0,8.3,218,6.0,9.8,14.0,0.0,0.0,0.02,7.0,69.0,0.0,0.0,2.0,228.0,0.0,101460.0
2024-12-31 08:00:00,27.1898565936978,24.6955994406968,0.0,0.08260233918128654,6.0,59,1,8.1,224,6.1,9.7,13.9,0.0,0.0,0.03,6.0,74.0,327.0,0.0,0.0,234.0,0.0,101520.0
2024-12-31 09:00:00,27.0753461880697,24.6586590463709,0.0,0.08278508771929824,9.4,53,15,9.1,242,7.2,9.6,13.9,0.0,0.0,0.09,7.0,72.0,6841.0,0.0,2.0,222.0,0.0,101530.0
2024-12-31 10:00:00,27.0512560048258,24.5882793259739,0.0,0.08296783625730994,12.1,48,13,8.4,246,8.8,9.6,13.9,0.0,0.0,0.16,8.0,68.0,8588.0,1.0,2.0,222.0,0.0,101590.0
2024-12-31 11:00:00,27.1760135907967,24.6080816067667,0.0,0.08315058479532163,14.0,48,16,7.9,272,10.5,9.7,13.9,0.0,0.0,0.23,12.0,54.0,31890.0,2.0,3.0,246.0,0.0,101570.0
2024-12-31 12:00:00,26.9678722331195,24.6447564386358,0.0,0.08333333333333333,14.8,52,7,5.3,309,12.2,9.9,13.9,0.0,0.0,0.26,13.0,53.0,27908.0,1.0,2.0,306.0,0.0,101540.0
2024-12-31 13:00:00,27.1591950358561,24.5445717660077,0.0,0.08351608187134503,15.3,52,25,2.8,344,14.1,10.5,13.9,0.0,0.0,0.25,15.0,54.0,25688.0,1.0,0.0,10.0,0.0,101450.0
2024-12-31 14:00:00,27.0452790310139,24.6993794436297,0.0,0.08369883040935672,15.3,48,40,4.5,2,14.6,10.8,13.9,0.0,0.0,0.21,16.0,46.0,51388.0,3.0,2.0,141.0,0.0,101370.0
2024-12-31 15:00:00,26.9794371413204,24.5999544940026,0.0,0.08388157894736842,14.9,49,23,8.4,12,14.5,11.1,13.9,0.0,0.0,0.18,15.0,56.0,27421.0,1.0,3.0,52.0,0.0,101330.0
2024-12-31 16:00:00,26.9204857795036,24.512853225377,0.0,0.08406432748538012,14.1,54,25,8.7,35,14.0,11.3,13.9,0.0,0.0,0.12,15.0,52.0,9358.0,0.0,3.0,65.0,0.0,101340.0
2024-12-31 17:00:00,26.967463880698,24.2872416610722,0.0,0.0842470760233918,11.9,67,30,8.1,56,13.0,11.5,13.9,0.0,0.0,0.04,14.0,52.0,4544.0,0.0,2.0,36.0,0.0,101380.0
2024-12-31 18:00:00,27.0815498278636,24.2386008156896,0.0,0.08442982456140351,10.2,76,10,7.4,73,11.9,11.6,13.9,0.0,0.0,0.01,13.0,57.0,0.0,0.0,0.0,48.0,0.0,101410.0
2024-12-31 19:00:00,27.046618463351,24.1105116490249,0.0,0.0846125730994152,9.4,79,17,5.5,77,10.8,11.6,13.9,0.0,0.0,0.0,11.0,62.0,0.0,0.0,0.0,182.0,0.0,101450.0
2024-12-31 20:00:00,27.1352618057518,24.2000951114874,0.0,0.0847953216374269,8.7,80,9,4.6,109,9.9,11.6,13.9,0.0,0.0,0.0,9.0,68.0,0.0,0.0,0.0,186.0,0.0,101480.0
2024-12-31 21:00:00,26.9099195707933,24.0563594906667,0.0,0.0849780701754386,8.2,80,26,2.7,100,9.1,11.5,13.9,0.0,0.0,0.0,6.0,71.0,0.0,0.0,0.0,167.0,0.0,101500.0
2024-12-31 22:00:00,26.7670764520435,23.8860261631951,0.0,0.08516081871345028,8.5,79,5,1.3,72,8.6,11.4,13.9,0.0,0.0,0.0,6.0,75.0,0.0,0.0,0.0,186.0,0.0,101520.0
2024-12-31 23:00:00,26.9042768906011,23.9411607245944,0.0,0.08534356725146199,7.7,81,7,0.4,48,8.0,11.2,13.9,0.0,0.0,0.0,5.0,70.0,0.0,0.0,0.0,186.0,0.0,101510.0
2025-01-01 00:00:00,26.7744667009865,24.1023878922354,0.0,0.08552631578947367,7.1,83,11,1.1,12,7.6,11.1,13.9,0.0,0.0,0.0,4.0,80.0,0.0,0.0,0.0,204.0,0.0,101510.0
2025-01-01 01:00:00,27.0540159949262,23.9802851176098,0.0,0.08570906432748537,5.4,79,2,4.2,283,7.0,11.0,13.9,0.0,0.0,0.0,4.0,76.0,0.0,0.0,1.0,174.0,0.0,101490.0
2025-01-01 02:00:00,26.7134530829988,23.7517383288129,0.0,0.08589181286549707,4.9,80,10,6.1,257,6.8,10.8,13.9,0.0,0.0,0.0,4.0,72.0,0.0,0.0,1.0,174.0,0.0,101470.0
2025-01-01 03:00:00,26.6417661752596,23.8036702227727,0.0,0.08607456140350876,5.2,78,0,6.9,250,6.7,10.6,13.8,0.0,0.0,0.0,2.0,78.0,0.0,0.0,1.0,180.0,0.0,101460.0
2025-01-01 04:00:00,26.7171088197444,23.6639318092009,0.0,0.08625730994152046,4.7,78,0,6.2,249,6.4,10.4,13.8,0.0,0.0,0.0,2.0,80.0,0.0,0.0,0.0,192.0,0.0,101470.0
2025-01-01 05:00:00,26.6756942882812,23.5799652340991,0.0,0.08644005847953216,4.5,76,9,6.7,225,6.2,10.3,13.8,0.0,0.0,0.0,1.0,77.0,0.0,0.0,1.0,166.0,0.0,101460.0
2025-01-01 06:00:00,26.6882657967475,23.6460609246854,0.0,0.08662280701754385,4.3,76,3,6.4,218,5.9,10.1,13.8,0.0,0.0,0.0,4.0,69.0,0.0,0.0,2.0,174.0,0.0,101440.0
2025-01-01 07:00:00,26.5834896825826,23.6543865460147,0.0,0.08680555555555555,4.0,81,6,6.2,220,5.7,9.9,13.8,0.0,0.0,0.0,4.0,74.0,0.0,0.0,0.0,246.0,0.0,101470.0
2025-01-01 08:00:00,26.4255454746111,23.7636898921122,0.0,0.08698830409356725,5.6,77,42,7.5,219,5.8,9.7,13.8,0.0,0.0,0.02,3.5,75.5,445.5,0.0,1.0,225.0,0.0,101480.0
2025-01-01 09:00:00,26.5104419687158,23.5827091874335,0.0,0.08717105263157894,9.0,72,100,9.4,228,7.0,9.6,13.8,0.0,0.0,0.07,3.0,77.0,891.0,0.0,2.0,204.0,0.0,101490.0
2025-01-01 10:00:00,26.6180670331137,23.4996513015295,0.0,0.08735380116959064,11.9,65,79,7.7,239,8.7,9.6,13.8,0.0,0.0,0.14,6.0,71.0,6528.0,0.0,0.0,198.0,0.0,101520.0
2025-01-01 11:00:00,26.7154388030035,23.5475034825198,0.0,0.08753654970760233,13.7,59,1,4.0,265,10.6,9.7,13.8,0.0,0.0,0.21,8.0,72.0,11197.0,1.0,1.0,294.0,0.0,101570.0
2025-01-01 12:00:00,26.4701845272056,23.5042756977041,0.0,0.08771929824561403,14.8,56,1,6.1,27,12.3,9.9,13.8,0.0,0.0,0.26,11.0,63.0,17801.0,1.0,2.0,270.0,0.0,101550.0
2025-01-01 13:00:00,26.4973623282227,23.5178932395229,0.0,0.08790204678362573,15.3,56,10,11.3,47,13.1,10.4,13.8,0.0,0.0,0.27,13.0,62.0,42124.0,2.0,1.0,300.0,0.0,101520.0
2025-01-01 14:00:00,26.5185495580732,23.5224888118863,0.0,0.08808479532163742,15.0,57,75,13.1,43,13.7,10.6,13.8,0.0,0.0,0.23,15.0,61.0,46206.0,2.0,0.0,283.0,0.0,101430.0
2025-01-01 15:00:00,26.5456421324539,23.7374806093919,0.0,0.08826754385964912,14.7,58,100,13.0,43,13.9,10.9,13.7,0.0,0.0,0.19,15.0,62.0,21218.0,1.0,2.0,37.0,0.0,101360.0
2025-01-01 16:00:00,26.5842325977344,23.536382361626,0.0,0.0884502923976608,13.5,66,100,11.8,39,13.6,11.1,13.7,0.0,0.0,0.1,14.0,69.0,9489.0,1.0,5.0,24.0,0.0,101360.0
2025-01-01 17:00:00,26.5907467541185,23.4266569659133,0.0,0.08863304093567251,12.1,77,63,7.8,14,12.9,11.3,13.7,0.0,0.0,0.04,15.0,63.0,8732.0,0.0,3.0,60.0,0.0,101360.0
2025-01-01 18:00:00,26.3795592390728,23.602575319852,0.0,0.08881578947368421,10.6,88,63,2.1,5,11.9,11.4,13.7,0.0,0.0,0.01,14.0,69.0,2540.0,0.0,4.0,342.0,0.0,101370.0
2025-01-01 19:00:00,26.3897418420333,23.5539791159387,0.0,0.0889985380116959,10.2,87,67,0.6,350,11.0,11.5,13.7,0.1,0.1,0.0,12.0,75.0,0.0,0.0,1.0,6.0,0.0,101400.0
2025-01-01 20:00:00,26.51926841486,23.4553446165238,0.0,0.0891812865497076,9.9,86,71,1.1,50,10.5,11.5,13.7,0.2,0.2,0.0,11.0,89.0,0.0,0.0,2.0,6.0,3.0,101460.0
2025-01-01 21:00:00,26.4616445033736,23.4478805840308,0.0,0.0893640350877193,9.8,89,44,3.5,240,10.2,11.4,13.7,0.1,0.1,0.0,10.0,91.0,0.0,0.0,0.0,180.0,2.0,101500.0
2025-01-01 22:00:00,26.4990169477222,23.3527417919473,0.0,0.08954678362573099,8.7,90,34,3.7,232,9.6,11.4,13.7,0.1,0.1,0.0,11.0,92.0,0.0,0.0,2.0,216.0,0.0,101500.0
2025-01-01 23:00:00,26.4654562077232,23.3967343363797,0.0,0.08972953216374269,8.4,91,40,5.5,238,9.0,11.3,13.7,0.0,0.0,0.0,11.0,93.0,0.0,0.0,0.0,54.0,0.0,101520.0
2025-01-02 00:00:00,26.5317082593115,23.2034831357475,0.0,0.08991228070175439,8.1,93,22,6.4,234,8.7,11.2,13.7,0.0,0.0,0.0,11.0,93.0,0.0,0.0,2.0,240.0,13.0,101550.0
2025-01-02 01:00:00,26.4761148297991,23.5869418221597,0.0,0.09009502923976608,7.3,96,22,6.7,222,9.0,11.2,13.7,0.0,0.0,0.0,10.0,93.0,0.0,0.0,0.0,180.0,2.0,101560.0
2025-01-02 02:00:00,26.5653158754774,23.7950546792486,0.0,0.09027777777777778,6.8,96,54,7.1,223,8.4,11.1,13.7,0.0,0.0,0.0,9.0,94.0,0.0,0.0,0.0,240.0,0.0,101550.0
2025-01-02 03:00:00,26.6407399441956,23.7731880061089,0.0,0.09046052631578946,6.2,96,75,6.6,226,7.9,10.9,13.7,0.0,0.0,0.0,9.0,95.0,0.0,0.0,1.0,204.0,0.0,101530.0
2025-01-02 04:00:00,26.6155132024812,23.823101200817,0.0,0.09064327485380116,5.7,98,91,7.7,231,7.5,10.8,13.7,0.0,0.0,0.0,8.0,95.0,0.0,0.0,0.0,210.0,0.0,101520.0
2025-01-02 05:00:00,26.6578551079115,23.8174797057729,0.0,0.09082602339181287,5.3,100,100,8.7,222,7.3,10.6,13.7,0.0,0.0,0.0,6.0,95.0,0.0,0.0,0.0,188.0,0.0,101510.0
2025-01-02 06:00:00,26.6180588607475,23.852788919814,0.0,0.09100877192982455,5.2,100,99,9.0,219,7.2,10.5,13.7,0.0,0.0,0.0,6.0,95.0,0.0,0.0,1.0,180.0,0.0,101500.0
2025-01-02 07:00:00,26.4485394241116,23.7491070233828,0.0,0.09119152046783625,5.4,100,97,9.4,223,7.1,10.4,13.7,0.0,0.0,0.0,6.0,94.0,0.0,0.0,1.0,192.0,0.0,101520.0
2025-01-02 08:00:00,26.5861155260614,23.7730285951423,0.0,0.09137426900584794,6.0,97,24,9.4,225,7.1,10.2,13.7,0.0,0.0,0.01,6.0,94.0,0.0,0.0,1.0,186.0,0.0,101580.0
2025-01-02 09:00:00,26.6118235819099,23.8040928137586,0.0,0.09155701754385964,8.5,91,29,9.6,232,7.9,10.1,13.7,0.0,0.0,0.04,6.0,94.0,1955.0,0.0,0.0,186.0,0.0,101620.0
2025-01-02 10:00:00,26.6818821673475,23.8180583148689,0.0,0.09173976608187134,11.0,87,26,9.6,233,9.4,10.1,13.7,0.0,0.0,0.11,7.0,95.0,6003.0,0.0,0.0,239.0,0.0,101700.0
2025-01-02 11:00:00,26.6978208776261,23.8384352619652,0.0,0.09192251461988303,13.4,74,3,10.6,256,11.0,10.2,13.7,0.0,0.0,0.19,11.0,89.0,19511.0,1.0,2.0,239.0,0.0,101750.0
2025-01-02 12:00:00,26.938579781223,23.6460916431079,0.0,0.09210526315789473,14.8,63,4,6.8,270,12.6,10.4,13.7,0.0,0.0,0.26,12.0,82.0,19802.0,1.0,2.0,276.0,0.0,101770.0
2025-01-02 13:00:00,26.7222460968205,23.6884993528938,0.0,0.09228801169590643,15.9,59,1,3.7,299,14.5,10.7,13.6,0.0,0.0,0.26,14.0,72.0,44928.0,2.0,2.0,234.0,0.0,101680.0
2025-01-02 14:00:00,26.8585579501221,23.8888553059144,0.0,0.09247076023391812,16.4,56,2,4.4,335,15.2,11.0,13.6,0.0,0.0,0.26,15.0,61.0,44847.0,2.0,1.0,198.0,0.0,101570.0
2025-01-02 15:00:00,26.7808682378664,23.6318678354557,0.0,0.09265350877192982,16.2,55,1,5.8,1,15.4,11.3,13.6,0.0,0.0,0.2,17.0,55.0,30372.0,2.0,0.0,96.0,0.0,101490.0
2025-01-02 16:00:00,26.6906845087189,23.779924639488,0.0,0.09283625730994152,15.3,63,0,6.9,27,15.0,11.6,13.6,0.0,0.0,0.12,18.0,53.0,25339.0,1.0,0.0,184.0,0.0,101450.0
2025-01-02 17:00:00,26.8315828936896,23.8963355408425,0.0,0.09301900584795321,12.2,78,0,6.3,52,13.9,11.8,13.6,0.0,0.0,0.03,16.0,62.0,8890.0,1.0,3.0,24.0,0.0,101500.0
2025-01-02 18:00:00,26.7074042165574,23.6843227425946,0.0,0.09320175438596491,10.5,84,0,4.7,67,12.4,11.9,13.6,0.0,0.0,0.02,14.0,71.0,2540.0,0.0,2.0,48.0,0.0,101510.0
2025-01-02 19:00:00,26.66327922596,23.7586926653946,0.0,0.0933845029239766,10.0,83,0,3.1,91,11.2,11.9,13.6,0.0,0.0,0.0,12.0,81.0,0.0,0.0,0.0,91.0,0.0,101560.0
2025-01-02 20:00:00,26.5853684308792,23.5592312717332,0.0,0.0935672514619883,9.1,85,0,2.0,113,10.3,11.9,13.6,0.0,0.0,0.0,10.0,87.0,0.0,0.0,2.0,148.0,0.0,101600.0
2025-01-02 21:00:00,26.6762524868526,23.5780921356499,0.0,0.09375,8.4,86,0,1.2,50,9.5,11.8,13.6,0.0,0.0,0.0,10.0,83.0,0.0,0.0,0.0,156.0,0.0,101620.0
2025-01-02 22:00:00,26.487482202531,23.4833016844236,0.0,0.09393274853801169,8.1,87,0,1.9,27,8.9,11.7,13.6,0.0,0.0,0.0,8.0,87.0,0.0,0.0,0.0,198.0,0.0,101610.0
2025-01-02 23:00:00,26.6121661145277,23.5588504998978,0.0,0.09411549707602339,7.5,87,0,2.8,184,8.5,11.5,13.6,0.0,0.0,0.0,7.0,92.0,0.0,0.0,0.0,192.0,0.0,101630.0
2025-01-03 00:00:00,26.6874231030888,23.5180843657478,0.0,0.09429824561403508,6.9,88,0,4.0,222,8.1,11.4,13.6,0.0,0.0,0.0,6.0,92.0,0.0,0.0,0.0,168.0,0.0,101630.0
2025-01-03 01:00:00,26.4138467568136,23.3335107743657,0.0,0.09448099415204678,6.4,89,0,5.1,234,7.8,11.3,13.6,0.0,0.0,0.0,6.0,92.0,0.0,0.0,0.0,192.0,0.0,101610.0
2025-01-03 02:00:00,26.4695243597436,23.4784013621405,0.0,0.09466374269005848,6.0,90,0,5.6,229,7.5,11.2,13.6,0.0,0.0,0.0,7.0,93.0,0.0,0.0,0.0,198.0,0.0,101600.0
2025-01-03 03:00:00,26.6154490055499,23.5567617883687,0.0,0.09484649122807016,5.8,90,0,5.6,226,7.4,11.0,13.6,0.0,0.0,0.0,6.0,94.0,0.0,0.0,1.0,192.0,0.0,101580.0
2025-01-03 04:00:00,26.5621630843068,23.2750646107524,0.0,0.09502923976608187,5.9,87,0,6.3,219,7.2,10.8,13.6,0.0,0.0,0.0,5.0,94.0,0.0,0.0,1.0,176.0,0.0,101590.0
2025-01-03 05:00:00,26.4311824610006,23.3216091785523,0.0,0.09521198830409357,5.7,86,0,6.2,221,7.0,10.6,13.6,0.0,0.0,0.0,5.0,94.0,0.0,0.0,0.0,180.0,0.0,101540.0
2025-01-03 06:00:00,26.4213123969098,23.372849630448,0.0,0.09539473684210525,5.5,85,0,6.7,231,6.9,10.5,13.6,0.0,0.0,0.0,6.0,92.0,0.0,0.0,0.0,186.0,0.0,101490.0
2025-01-03 07:00:00,26.2178106819952,23.2393329279489,0.0,0.09557748538011696,5.6,83,0,7.7,237,6.7,10.3,13.6,0.0,0.0,0.0,6.0,91.0,0.0,0.0,1.0,228.0,0.0,101460.0
2025-01-03 08:00:00,26.2990502470058,23.3076041519788,0.0,0.09576023391812866,6.9,77,0,8.0,241,6.8,10.2,13.6,0.0,0.0,0.02,5.0,91.0,0.0,0.0,2.0,252.0,0.0,101460.0
2025-01-03 09:00:00,26.4806739596121,23.0551831603512,0.0,0.09594298245614034,10.7,67,0,10.0,244,7.9,10.1,13.6,0.0,0.0,0.08,7.0,85.0,3023.0,0.0,2.0,246.0,0.0,101510.0
2025-01-03 10:00:00,26.5624470193762,23.0723261720489,0.0,0.09612573099415204,13.7,58,4,10.5,252,9.6,10.1,13.6,0.0,0.0,0.17,9.0,81.0,8189.0,0.0,2.0,240.0,0.0,101560.0
2025-01-03 11:00:00,26.2391154564189,23.1468350228185,0.0,0.09630847953216373,15.9,49,0,11.6,258,11.4,10.2,13.6,0.0,0.0,0.26,11.0,66.0,25677.0,1.0,4.0,258.0,0.0,101630.0
2025-01-03 12:00:00,26.2372349333414,23.168053956404,0.0,0.09649122807017543,17.3,44,13,11.2,260,13.0,10.4,13.6,0.0,0.0,0.31,13.0,56.0,39736.0,3.0,5.0,282.0,0.0,101590.0
2025-01-03 13:00:00,26.4955931572191,23.2460850309417,0.0,0.09667397660818713,18.6,40,7,11.0,256,14.4,10.7,13.6,0.0,0.0,0.33,15.0,48.0,46343.0,1.0,5.0,287.0,0.0,101490.0
2025-01-03 14:00:00,26.3217470939886,23.1102601421502,0.0,0.09685672514619882,19.1,36,2,11.1,255,15.2,11.0,13.6,0.0,0.0,0.32,17.0,45.0,45229.0,3.0,2.0,265.0,0.0,101400.0
2025-01-03 15:00:00,26.414361602885,23.0772778764222,0.0,0.09703947368421052,19.3,37,5,8.7,265,15.5,11.3,13.6,0.0,0.0,0.25,18.0,40.0,35877.0,2.0,3.0,238.0,0.0,101300.0
2025-01-03 16:00:00,26.3444304508576,23.2121850783813,0.0,0.09722222222222221,17.5,52,7,4.3,294,15.2,11.6,13.6,0.0,0.0,0.13,19.0,38.0,20865.0,1.0,2.0,244.0,0.0,101280.0
2025-01-03 17:00:00,26.2163785789201,23.3819789364334,0.0,0.09740497076023391,14.7,51,6,0.9,309,13.9,11.8,13.6,0.0,0.0,0.02,19.0,36.0,7495.0,0.0,2.0,300.0,0.0,101300.0
2025-01-03 18:00:00,26.4159039010627,23.1372515758522,0.0,0.09758771929824561,12.7,58,0,0.6,180,12.3,11.9,13.6,0.0,0.0,0.02,15.0,57.0,1333.0,0.0,1.0,64.0,0.0,101310.0
2025-01-03 19:00:00,26.4028736710302,23.012149462921,0.0,0.0977704678362573,11.5,55,0,2.4,202,11.1,11.9,13.6,0.0,0.0,0.0,11.0,68.0,0.0,0.0,0.0,162.0,0.0,101360.0
2025-01-03 20:00:00,26.2672728341663,23.1768715844451,0.0,0.097953216374269,9.9,55,65,5.8,222,10.1,11.9,13.6,0.0,0.0,0.02,10.0,71.0,0.0,0.0,0.0,180.0,0.0,101400.0
2025-01-03 21:00:00,26.2573403137498,23.1002839491476,0.0,0.0981359649122807,9.2,57,64,6.6,227,9.5,11.8,13.6,0.0,0.0,0.02,9.0,67.0,0.0,0.0,1.0,180.0,0.0,101410.0
2025-01-03 22:00:00,26.120100722631,23.0749240077851,0.0,0.09831871345029239,9.0,58,76,6.6,230,9.1,11.7,13.6,0.0,0.0,0.02,9.0,66.0,0.0,0.0,1.0,176.0,0.0,101430.0
2025-01-03 23:00:00,26.2493122106577,23.1338303904928,0.0,0.09850146198830409,8.8,58,16,6.2,221,8.7,11.5,13.6,0.0,0.0,0.02,8.0,68.0,0.0,0.0,1.0,180.0,0.0,101440.0
2025-01-04 00:00:00,26.3549808574638,23.0899013030054,0.0,0.09868421052631579,9.1,56,29,4.7,225,8.2,11.4,13.6,0.0,0.0,0.01,9.0,65.0,0.0,0.0,1.0,186.0,0.0,101440.0
2025-01-04 01:00:00,26.3398472797765,23.0921137450905,0.0,0.09886695906432748,8.2,57,100,7.2,223,7.8,11.3,13.6,0.0,0.0,0.02,8.0,68.0,0.0,0.0,0.0,228.0,0.0,101390.0
2025-01-04 02:00:00,26.1115102464419,22.9861407459684,0.0,0.09904970760233918,7.4,58,100,7.9,221,7.7,11.1,13.6,0.0,0.0,0.02,8.0,68.0,0.0,0.0,2.0,258.0,0.0,101360.0
2025-01-04 03:00:00,26.0890320144084,23.0621035675573,0.0,0.09923245614035087,6.8,61,97,8.4,221,7.6,10.9,13.6,0.0,0.0,0.02,10.0,61.0,0.0,0.0,3.0,258.0,0.0,101340.0
2025-01-04 04:00:00,26.1605250152036,23.0476768461436,0.0,0.09941520467836257,7.0,61,81,9.2,225,7.6,10.8,13.6,0.0,0.0,0.03,8.0,64.0,0.0,0.0,2.0,210.0,0.0,101300.0
2025-01-04 05:00:00,26.0528253148424,23.0640706858164,0.0,0.09959795321637427,6.6,63,7,9.3,224,7.5,10.6,13.6,0.0,0.0,0.02,8.0,61.0,0.0,0.0,2.0,222.0,0.0,101270.0
2025-01-04 06:00:00,26.1002959814129,22.9005435809575,0.0,0.09978070175438596,6.5,63,12,10.1,226,7.3,10.5,13.6,0.0,0.0,0.03,8.0,61.0,0.0,0.0,2.0,222.0,0.0,101240.0
2025-01-04 07:00:00,26.113114050141,22.8196505111137,0.0,0.09996345029239766,6.6,62,31,10.5,227,7.2,10.4,13.6,0.0,0.0,0.03,7.0,64.0,0.0,0.0,2.0,222.0,0.0,101300.0
2025-01-04 08:00:00,26.1621885056128,22.9421648683295,0.0,0.10014619883040934,7.6,61,47,10.8,228,7.3,10.2,13.5,0.0,0.0,0.04,8.0,61.0,42.0,0.0,1.0,228.0,0.0,101310.0
2025-01-04 09:00:00,26.0791217504594,22.8145833319672,0.0,0.10032894736842105,11.8,56,97,10.9,233,8.3,10.1,13.5,0.0,0.0,0.1,9.0,55.0,6241.0,0.0,3.0,240.0,0.0,101330.0
2025-01-04 10:00:00,26.1814032580721,22.7597792747111,0.0,0.10051169590643275,15.4,48,97,10.6,243,10.0,10.2,13.5,0.0,0.0,0.18,12.0,46.0,13638.0,1.0,3.0,264.0,0.0,101380.0
2025-01-04 11:00:00,25.951401678796,22.6851252500138,0.0,0.10069444444444443,17.6,38,58,11.5,263,11.8,10.3,13.5,0.0,0.0,0.28,13.0,44.0,13569.0,1.0,3.0,252.0,0.0,101430.0
2025-01-04 12:00:00,26.1927167984567,22.7140628138098,0.0,0.10087719298245613,19.1,33,91,11.7,265,13.4,10.5,13.5,0.0,0.0,0.34,15.0,40.0,41929.0,1.0,2.0,245.0,0.0,101390.0
2025-01-04 13:00:00,26.0258608457803,22.6382763513916,0.0,0.10105994152046784,20.1,31,90,8.8,267,14.6,10.8,13.5,0.0,0.0,0.35,17.0,38.0,38086.0,2.0,3.0,258.0,0.0,101280.0
2025-01-04 14:00:00,26.136444832338,22.8243389549203,0.0,0.10124269005847952,20.5,30,99,7.7,286,15.5,11.1,13.5,0.0,0.0,0.32,19.0,31.0,45791.0,3.0,2.0,309.0,0.0,101170.0
2025-01-04 15:00:00,26.0700348334509,22.8622704403964,0.0,0.10142543859649122,19.5,34,99,8.1,341,15.8,11.4,13.5,0.0,0.0,0.24,19.0,30.0,43944.0,2.0,2.0,287.0,0.0,101090.0
2025-01-04 16:00:00,26.0506652001202,22.7674950391723,0.0,0.10160818713450293,16.7,49,98,8.0,24,15.3,11.7,13.5,0.0,0.0,0.14,20.0,28.0,21333.0,1.0,2.0,336.0,0.0,101060.0
2025-01-04 17:00:00,26.0679519596571,22.5733727564825,0.0,0.10179093567251461,12.8,67,84,4.6,57,14.0,11.9,13.5,0.0,0.0,0.04,17.0,42.0,6733.0,0.0,3.0,38.0,0.0,101070.0
2025-01-04 18:00:00,26.0336734843239,22.8622409348473,0.0,0.10197368421052631,10.9,70,100,5.1,78,12.4,12.0,13.5,0.0,0.0,0.02,14.0,65.0,648.0,0.0,1.0,65.0,0.0,101100.0
2025-01-04 19:00:00,26.2523729235319,22.9071368720419,0.0,0.102156432748538,10.0,68,17,4.4,102,11.2,12.0,13.5,0.0,0.0,0.0,12.0,74.0,0.0,0.0,1.0,132.0,0.0,101120.0
2025-01-04 20:00:00,26.0569812011088,22.7942599516586,0.0,0.1023391812865497,9.4,67,11,2.7,123,10.2,12.0,13.5,0.0,0.0,0.0,12.0,78.0,0.0,0.0,2.0,138.0,0.0,101130.0
2025-01-04 21:00:00,25.9707151177892,22.5394186022793,0.0,0.1025219298245614,9.1,67,97,1.6,120,9.4,11.9,13.5,0.0,0.0,0.0,9.0,81.0,0.0,0.0,1.0,166.0,0.0,101140.0
2025-01-04 22:00:00,25.9160369624973,22.653464499661,0.0,0.10270467836257309,9.0,67,95,1.5,132,8.8,11.7,13.5,0.0,0.0,0.0,10.0,71.0,0.0,0.0,2.0,173.0,0.0,101110.0
2025-01-04 23:00:00,26.0498215172376,22.6015172664589,0.0,0.10288742690058479,8.8,68,99,2.6,151,8.4,11.6,13.5,0.0,0.0,0.0,9.0,81.0,0.0,0.0,1.0,258.0,0.0,101110.0
2025-01-05 00:00:00,25.9997353566945,22.5743594924407,0.0,0.10307017543859648,8.2,70,100,4.2,187,8.0,11.4,13.5,0.0,0.0,0.0,9.0,75.0,0.0,0.0,0.0,228.0,0.0,101070.0
2025-01-05 01:00:00,25.9803277607551,22.660451276269,0.0,0.10325292397660818,7.6,65,100,5.3,201,7.2,11.3,13.5,0.0,0.0,0.01,8.0,76.0,0.0,0.0,1.0,168.0,0.0,101010.0
2025-01-05 02:00:00,25.9276122151493,22.4565198225675,0.0,0.10343567251461988,7.4,60,100,5.5,216,7.2,11.1,13.5,0.0,0.0,0.01,8.0,70.0,0.0,0.0,1.0,176.0,0.0,100960.0
2025-01-05 03:00:00,25.914089313903,22.4365867286388,0.0,0.10361842105263157,7.3,54,100,5.9,223,7.2,10.9,13.5,0.0,0.0,0.02,7.0,76.0,0.0,0.0,1.0,180.0,0.0,100920.0
2025-01-05 04:00:00,25.7919341721801,22.5424919125791,0.0,0.10380116959064327,6.9,50,100,6.2,235,7.1,10.7,13.5,0.0,0.0,0.02,7.0,75.0,0.0,0.0,1.0,180.0,0.0,100870.0
2025-01-05 05:00:00,25.8298692395732,22.4087594245436,0.0,0.10398391812865497,6.9,49,100,6.6,243,7.0,10.5,13.5,0.0,0.0,0.02,9.0,66.0,0.0,0.0,2.0,210.0,0.0,100810.0
2025-01-05 06:00:00,25.723103854293,22.4820706877562,0.0,0.10416666666666666,7.2,50,100,6.6,248,7.0,10.4,13.5,0.0,0.0,0.03,8.0,70.0,0.0,0.0,0.0,216.0,0.0,100800.0
2025-01-05 07:00:00,25.8144293603089,22.6677188585009,0.0,0.10434941520467836,7.1,52,100,6.6,252,7.0,10.2,13.5,0.0,0.0,0.02,9.0,66.0,0.0,0.0,1.0,234.0,0.0,100790.0
2025-01-05 08:00:00,25.752413156429,22.3254710503861,0.0,0.10453216374269006,7.7,57,100,6.1,247,7.1,10.1,13.5,0.0,0.0,0.04,9.0,62.0,134.0,0.0,1.0,222.0,0.0,100780.0
2025-01-05 09:00:00,25.8426744906447,22.4105080570307,0.0,0.10471491228070175,11.0,54,100,7.1,248,8.0,10.0,13.5,0.0,0.0,0.08,8.0,65.0,7060.0,0.0,2.0,228.0,0.0,100810.0
2025-01-05 10:00:00,25.8008084326352,22.5325150040881,0.0,0.10489766081871345,14.0,46,100,8.2,254,9.5,10.0,13.5,0.0,0.0,0.16,10.0,59.0,15611.0,1.0,3.0,198.0,0.0,100800.0
2025-01-05 11:00:00,25.6308344283101,22.3999686866662,0.0,0.10508040935672514,16.1,41,100,6.4,278,11.1,10.1,13.5,0.0,0.0,0.21,14.0,45.0,30219.0,2.0,2.0,233.0,0.0,100790.0
2025-01-05 12:00:00,25.6723169833246,22.2997227480963,0.0,0.10526315789473684,16.9,40,100,6.8,285,12.2,10.3,13.5,0.0,0.0,0.21,15.0,42.0,25082.0,1.0,3.0,256.0,0.0,100720.0
2025-01-05 13:00:00,25.9187674705718,22.4234858626985,0.0,0.10544590643274854,17.6,39,100,5.9,295,13.1,10.7,13.5,0.0,0.0,0.21,16.0,38.0,55106.0,2.0,3.0,250.0,0.0,100610.0
2025-01-05 14:00:00,25.8931682894266,22.5113126680221,0.0,0.10562865497076022,18.8,36,100,4.5,320,14.3,10.9,13.5,0.0,0.0,0.26,18.0,33.0,47806.0,3.0,2.0,228.0,0.0,100470.0
2025-01-05 15:00:00,25.9547412054679,22.438776690463,0.0,0.10581140350877193,18.5,42,100,2.8,322,14.7,11.2,13.5,0.0,0.0,0.17,20.0,31.0,35210.0,2.0,3.0,232.0,0.0,100380.0
2025-01-05 16:00:00,25.8095481827852,22.4254734123044,0.0,0.10599415204678361,17.2,59,99,2.8,40,14.6,11.4,13.5,0.0,0.0,0.1,20.0,29.0,17667.0,1.0,2.0,216.0,0.0,100330.0
2025-01-05 17:00:00,25.7992199510698,22.51957255642,0.0,0.10617690058479531,14.1,61,96,3.4,77,13.6,11.6,13.5,0.0,0.0,0.04,19.0,32.0,7456.0,0.0,1.0,138.0,0.0,100330.0
2025-01-05 18:00:00,25.7963241507822,22.4166201117194,0.0,0.10635964912280702,12.2,66,75,1.1,175,12.1,11.7,13.5,0.0,0.0,0.01,16.0,42.0,267.0,0.0,1.0,174.0,0.0,100320.0
2025-01-05 19:00:00,25.853427774354,22.3936355917403,0.0,0.1065423976608187,10.1,60,77,4.1,200,10.9,11.8,13.5,0.0,0.0,0.01,14.0,46.0,0.0,0.0,2.0,170.0,0.0,100360.0
2025-01-05 20:00:00,25.7966798763855,22.5177498353784,0.0,0.1067251461988304,9.6,47,9,8.7,209,10.1,11.7,13.5,0.0,0.0,0.04,10.0,55.0,0.0,0.0,1.0,192.0,0.0,100360.0
2025-01-05 21:00:00,25.6305041722071,22.4681958199902,0.0,0.1069078947368421,11.2,40,18,10.8,211,9.8,11.6,13.5,0.0,0.0,0.06,8.0,61.0,0.0,0.0,2.0,186.0,0.0,100370.0
2025-01-05 22:00:00,25.8749264088492,22.5927955274298,0.0,0.10709064327485379,11.2,42,90,10.4,212,9.6,11.6,13.5,0.0,0.0,0.06,9.0,56.0,0.0,0.0,1.0,186.0,0.0,100410.0
2025-01-05 23:00:00,25.6958229188374,22.3370922823655,0.0,0.10727339181286549,11.1,45,30,9.9,215,9.4,11.5,13.5,0.0,0.0,0.05,9.0,51.0,0.0,0.0,0.0,156.0,0.0,100400.0
2025-01-06 00:00:00,25.6199558395521,22.4042517019419,0.0,0.1074561403508772,12.4,43,19,12.4,213,9.4,11.4,13.5,0.0,0.0,0.07,12.0,43.0,0.0,0.0,1.0,222.0,0.0,100350.0
2025-01-06 01:00:00,25.7010691606983,22.177646951529,0.0,0.10763888888888888,10.4,50,10,9.4,203,9.6,11.5,13.5,0.0,0.0,0.04,11.0,48.0,0.0,0.0,2.0,198.0,0.0,100330.0
2025-01-06 02:00:00,25.6659010223194,22.3439582905,0.0,0.10782163742690058,12.0,46,59,11.4,211,9.5,11.4,13.5,0.0,0.0,0.06,12.0,44.0,0.0,0.0,1.0,192.0,0.0,100240.0
2025-01-06 03:00:00,25.4850425925452,22.4930648242169,0.0,0.10800438596491227,14.0,42,100,12.4,212,9.9,11.3,13.5,0.0,0.0,0.08,12.0,45.0,0.0,0.0,2.0,234.0,0.0,100170.0
2025-01-06 04:00:00,25.8195930145836,22.1195090764947,0.0,0.10818713450292397,15.3,36,63,14.9,213,10.5,11.3,13.5,0.0,0.0,0.11,12.0,48.0,0.0,0.0,2.0,168.0,0.0,100110.0
2025-01-06 05:00:00,25.5547151210853,22.1547473219601,0.0,0.10836988304093567,14.0,37,94,12.2,213,10.6,11.3,13.5,0.0,0.0,0.08,12.0,48.0,0.0,0.0,2.0,258.0,0.0,100050.0
2025-01-06 06:00:00,25.7220065743057,22.3049634739867,0.0,0.10855263157894736,13.8,35,97,13.9,221,10.6,11.3,13.5,0.0,0.0,0.1,14.0,43.0,0.0,0.0,3.0,294.0,0.0,100050.0
2025-01-06 07:00:00,25.6151267072486,22.3384110160427,0.0,0.10873538011695906,13.9,33,100,15.2,226,10.7,11.3,13.5,0.0,0.0,0.11,14.0,39.0,0.0,0.0,4.0,282.0,0.0,100110.0
2025-01-06 08:00:00,25.3267348092813,22.1787245441201,0.0,0.10891812865497075,13.5,36,100,20.3,230,10.9,11.3,13.5,0.0,0.0,0.14,14.0,39.0,264.0,0.0,2.0,276.0,0.0,100190.0
2025-01-06 09:00:00,25.4242199799064,22.1135705544071,0.0,0.10910087719298245,14.1,44,91,29.0,227,11.3,11.3,13.5,0.0,0.0,0.17,12.0,59.0,1603.0,0.0,2.0,210.0,0.0,100290.0
2025-01-06 10:00:00,25.5768991437085,22.2129678979669,0.0,0.10928362573099415,15.6,49,99,23.8,226,12.0,11.4,13.5,0.2,0.2,0.2,13.0,68.0,5126.0,0.0,3.0,246.0,0.0,100330.0
2025-01-06 11:00:00,25.684164386915,22.2447134853379,0.0,0.10946637426900584,17.3,44,75,29.7,224,13.1,11.5,13.5,0.0,0.0,0.28,11.0,84.0,11292.0,1.0,4.0,228.0,2.0,100400.0
2025-01-06 12:00:00,25.5064888930531,22.1441368979627,0.0,0.10964912280701754,18.2,44,92,30.3,223,14.3,11.7,13.5,0.0,0.0,0.34,14.0,69.0,11088.0,1.0,4.0,217.0,1.0,100210.0
2025-01-06 13:00:00,25.2972369819392,22.0008409959824,0.0,0.10983187134502924,17.2,50,99,28.6,226,13.8,12.1,13.5,0.0,0.0,0.26,14.0,77.0,25271.0,1.0,3.0,276.0,0.0,100220.0
2025-01-06 14:00:00,25.6587314091284,22.2349880824789,0.0,0.11001461988304093,17.7,50,94,27.1,230,14.5,12.2,13.5,0.0,0.0,0.26,16.0,64.0,38290.0,2.0,5.0,282.0,0.0,100190.0
2025-01-06 15:00:00,25.4984038606841,22.1188810357966,0.0,0.11019736842105263,18.0,50,96,25.5,236,14.8,12.4,13.5,0.0,0.0,0.23,17.0,57.0,26669.0,1.0,4.0,246.0,0.0,100180.0
2025-01-06 16:00:00,25.5005799975352,22.0953531302881,0.0,0.11038011695906433,14.6,67,82,14.4,264,14.6,12.6,13.5,0.9,0.9,0.11,16.0,64.0,13896.0,1.0,5.0,284.0,0.0,100250.0
2025-01-06 17:00:00,25.5281693784865,22.0021031298787,0.0,0.11056286549707602,12.1,81,52,3.3,265,13.7,12.7,13.5,0.0,0.0,0.03,15.0,68.0,3448.0,0.0,4.0,294.0,0.0,100280.0
2025-01-06 18:00:00,25.5553457332752,22.2250259540293,0.0,0.11074561403508772,11.1,86,2,9.7,188,12.6,12.7,13.5,0.0,0.0,0.02,14.0,78.0,78.0,0.0,3.0,258.0,0.0,100410.0
2025-01-06 19:00:00,25.5397545170254,22.177153603123,0.0,0.1109283625730994,10.5,87,21,7.3,227,11.7,12.7,13.5,0.0,0.0,0.0,12.0,84.0,0.0,0.0,2.0,228.0,0.0,100520.0
2025-01-06 20:00:00,25.5420782672825,22.0024206595901,0.0,0.1111111111111111,11.1,80,8,9.6,222,11.2,12.6,13.5,0.0,0.0,0.01,11.0,88.0,0.0,0.0,0.0,318.0,0.0,100630.0
2025-01-06 21:00:00,25.442527766779,22.1440888957265,0.0,0.1112938596491228,10.8,80,10,10.8,217,10.8,12.6,13.5,0.0,0.0,0.01,11.0,82.0,0.0,0.0,2.0,270.0,0.0,100680.0
2025-01-06 22:00:00,25.5882588787738,22.0881955097444,0.0,0.1114766081871345,10.6,80,13,10.8,221,10.5,12.4,13.5,0.0,0.0,0.01,10.0,89.0,0.0,0.0,2.0,198.0,0.0,100760.0
2025-01-06 23:00:00,25.4272613783181,21.9896445401786,0.0,0.1116593567251462,10.5,82,4,11.9,222,10.3,12.3,13.5,0.0,0.0,0.01,10.0,85.0,0.0,0.0,1.0,192.0,0.0,100820.0
2025-01-07 00:00:00,25.5987063826344,22.1334178729097,0.0,0.11184210526315788,10.3,84,10,12.9,220,10.2,12.2,13.5,0.0,0.0,0.01,10.0,81.0,0.0,0.0,2.0,216.0,0.0,100860.0
2025-01-07 01:00:00,25.3020492767993,22.0660557060664,0.0,0.11202485380116958,10.8,82,5,10.6,225,11.5,12.5,13.6,0.0,0.0,0.01,10.0,83.0,0.0,0.0,1.0,228.0,0.0,100890.0
2025-01-07 02:00:00,25.4845855183729,22.1491794118551,0.0,0.11220760233918128,10.5,82,15,8.6,229,11.0,12.5,13.6,0.0,0.0,0.0,10.0,81.0,0.0,0.0,0.0,288.0,0.0,100890.0
2025-01-07 03:00:00,25.3256254375024,22.0120242294659,0.0,0.11239035087719297,10.4,79,29,8.3,226,10.5,12.4,13.6,0.1,0.1,0.01,9.0,84.0,0.0,0.0,2.0,252.0,0.0,100950.0
2025-01-07 04:00:00,25.351403728645,22.2057469923325,0.0,0.11257309941520467,10.3,81,22,8.5,227,10.3,12.3,13.6,0.0,0.0,0.0,11.0,77.0,0.0,0.0,3.0,192.0,0.0,100960.0
2025-01-07 05:00:00,25.4209734811056,21.9697184427212,0.0,0.11275584795321637,10.2,81,21,8.6,235,10.1,12.2,13.6,0.0,0.0,0.0,11.0,77.0,0.0,0.0,2.5,204.0,0.0,100975.0
2025-01-07 06:00:00,25.4027857351749,22.2357072764032,0.0,0.11293859649122806,10.0,81,17,9.3,235,10.0,12.1,13.6,0.0,0.0,0.01,11.0,77.0,0.0,0.0,2.0,216.0,0.0,100990.0
2025-01-07 07:00:00,25.3449152806197,22.1359073050229,0.0,0.11312134502923976,9.5,83,18,9.4,231,9.7,11.9,13.6,0.0,0.0,0.0,12.0,73.0,0.0,0.0,3.0,256.0,0.0,101010.0
2025-01-07 08:00:00,25.3434507478469,22.0391840386961,0.0,0.11330409356725146,10.0,82,6,10.4,231,9.7,11.8,13.6,0.0,0.0,0.02,11.0,78.0,0.0,0.0,2.0,210.0,0.0,101080.0
2025-01-07 09:00:00,25.381001241794,22.0625029051383,0.0,0.11348684210526315,12.5,76,9,11.6,225,10.5,11.8,13.6,0.0,0.0,0.07,9.0,83.0,1343.0,0.0,1.0,204.0,0.0,101150.0
2025-01-07 10:00:00,25.4308368119428,22.1489225667346,0.0,0.11366959064327485,14.7,65,18,11.3,228,11.9,11.8,13.6,0.0,0.0,0.16,11.0,77.0,8613.0,1.0,2.0,264.0,0.0,101220.0
2025-01-07 11:00:00,25.3575170962391,21.9733632647675,0.0,0.11385233918128654,15.8,61,34,14.7,261,13.2,11.9,13.6,0.0,0.0,0.22,13.0,74.0,18031.0,1.0,2.0,304.0,0.0,101310.0
2025-01-07 12:00:00,25.4978062512847,22.1229964504924,0.0,0.11403508771929824,16.6,56,50,14.8,256,14.2,12.0,13.6,0.0,0.0,0.26,16.0,66.0,42868.0,2.0,4.0,282.0,0.0,101350.0
2025-01-07 13:00:00,25.4946949527456,22.1097275073133,0.0,0.11421783625730994,17.7,49,36,12.0,249,15.5,12.3,13.6,0.0,0.0,0.29,16.0,61.0,47502.0,3.0,5.0,298.0,0.0,101310.0
2025-01-07 14:00:00,25.5143541063634,22.111405691363,0.0,0.11440058479532163,18.0,45,23,11.3,251,16.1,12.5,13.6,0.0,0.0,0.28,18.0,51.0,49328.0,4.0,3.0,256.0,0.0,101240.0
2025-01-07 15:00:00,25.4956424492885,22.1361271352213,0.0,0.11458333333333333,18.0,44,6,10.7,257,16.2,12.8,13.6,0.0,0.0,0.24,18.0,45.0,42352.0,3.0,5.0,286.0,0.0,101170.0
2025-01-07 16:00:00,25.4792693788959,22.1670516458329,0.0,0.11476608187134502,17.2,51,1,4.9,275,15.9,13.0,13.6,0.0,0.0,0.14,18.0,43.0,28375.0,2.0,4.0,264.0,0.0,101120.0
2025-01-07 17:00:00,25.486491352934,22.1483355018256,0.0,0.11494883040935672,13.9,63,0,3.6,350,14.7,13.2,13.6,0.0,0.0,0.04,19.0,44.0,12185.0,1.0,5.0,290.0,0.0,101140.0
2025-01-07 18:00:00,25.3879499439083,22.0304756852177,0.0,0.11513157894736842,11.3,80,37,5.0,36,13.2,13.2,13.6,0.0,0.0,0.02,16.0,59.0,3481.0,0.0,3.0,18.0,0.0,101180.0
2025-01-07 19:00:00,25.5782285795751,22.0728310143629,0.0,0.1153143274853801,10.6,83,87,6.4,90,12.2,13.2,13.6,0.0,0.0,0.0,13.0,71.0,0.0,0.0,2.0,88.0,0.0,101200.0
2025-01-07 20:00:00,25.4972569445361,22.1642260490124,0.0,0.1154970760233918,9.6,84,99,4.6,88,11.4,13.1,13.6,0.0,0.0,0.0,11.0,78.0,0.0,0.0,2.0,126.0,0.0,101270.0
2025-01-07 21:00:00,25.4991969446818,22.1389802838819,0.0,0.11567982456140351,9.6,81,100,1.5,73,10.7,13.0,13.7,0.0,0.0,0.0,11.0,78.0,0.0,0.0,2.0,134.0,0.0,101280.0
2025-01-07 22:00:00,25.2970962386923,22.2103797436673,0.0,0.1158625730994152,9.3,81,83,0.2,49,10.1,12.8,13.7,0.0,0.0,0.0,9.0,83.0,0.0,0.0,1.0,180.0,0.0,101290.0
2025-01-07 23:00:00,25.3410204887836,22.2043858922065,0.0,0.1160453216374269,8.6,81,3,1.1,49,9.5,12.7,13.7,0.0,0.0,0.0,8.0,82.0,0.0,0.0,0.0,144.0,0.0,101300.0
2025-01-08 00:00:00,25.5447798828804,21.9775228546974,0.0,0.1162280701754386,8.1,81,1,1.3,14,9.0,12.5,13.7,0.0,0.0,0.0,8.0,86.0,0.0,0.0,0.0,198.0,0.0,101310.0
2025-01-08 01:00:00,25.3415280891379,21.9637421581599,0.0,0.11641081871345028,7.8,83,2,2.1,297,8.6,12.4,13.7,0.0,0.0,0.0,7.0,87.0,0.0,0.0,0.0,176.0,0.0,101260.0
2025-01-08 02:00:00,25.3654490579105,21.9340478517731,0.0,0.11659356725146199,6.7,84,42,3.2,254,8.3,12.1,13.7,0.0,0.0,0.0,7.0,91.0,0.0,0.0,0.0,186.0,0.0,101190.0
2025-01-08 03:00:00,25.4570536985041,22.1269397021435,0.0,0.11677631578947367,6.0,83,77,3.6,246,7.9,11.9,13.7,0.0,0.0,0.0,6.0,91.0,0.0,0.0,0.0,210.0,0.0,101130.0
2025-01-08 04:00:00,25.4000708341203,22.024870888677,0.0,0.11695906432748537,5.6,81,97,4.9,239,7.7,11.7,13.7,0.0,0.0,0.0,6.0,92.0,0.0,0.0,2.0,222.0,0.0,101110.0
2025-01-08 05:00:00,25.2225894353742,22.0039788411935,0.0,0.11714181286549707,5.7,78,40,5.9,246,7.4,11.5,13.7,0.0,0.0,0.0,4.0,91.0,0.0,0.0,1.0,180.0,0.0,101110.0
2025-01-08 06:00:00,25.107014995317,21.8727294032182,0.0,0.11732456140350876,5.8,75,28,6.0,252,7.2,11.3,13.7,0.0,0.0,0.0,7.0,86.0,0.0,0.0,1.0,192.0,0.0,101090.0
2025-01-08 07:00:00,25.4598774314448,21.8699196307794,0.0,0.11750730994152046,5.6,73,54,6.1,244,7.0,11.1,13.7,0.0,0.0,0.0,7.0,83.0,0.0,0.0,2.0,240.0,0.0,101110.0
2025-01-08 08:00:00,25.2785314144221,22.0463303106813,0.0,0.11769005847953215,7.0,70,63,5.1,241,7.0,10.8,13.7,0.0,0.0,0.02,7.0,82.0,0.0,0.0,2.0,234.0,0.0,101140.0
2025-01-08 09:00:00,25.3782783620945,21.9240455436575,0.0,0.11787280701754385,11.1,66,93,5.8,253,8.3,10.7,13.7,0.0,0.0,0.07,7.0,78.0,2401.0,0.0,2.0,210.0,0.0,101150.0
2025-01-08 10:00:00,25.2520270720977,21.9910233839407,0.0,0.11805555555555555,14.7,56,59,5.4,256,10.2,10.7,13.7,0.0,0.0,0.17,10.0,70.0,9115.0,0.0,2.0,222.0,0.0,101150.0
2025-01-08 11:00:00,25.0508635557681,24.9725111950125,0.0,0.11823830409356724,17.9,47,16,6.5,281,12.2,10.8,13.6,0.0,0.0,0.26,12.0,61.0,24305.0,1.0,4.0,216.0,0.0,101160.0
2025-01-08 12:00:00,25.1995232876554,26.6298836560022,0.0,0.11842105263157894,20.5,39,75,8.7,272,14.1,11.0,13.6,0.0,0.0,0.34,15.0,51.0,39675.0,2.0,5.0,256.0,0.0,101090.0
2025-01-08 13:00:00,25.5639803488061,26.1623839396133,0.0,0.11860380116959064,22.0,31,100,9.8,277,15.2,11.3,13.6,0.0,0.0,0.37,17.0,42.0,49708.0,3.0,6.0,252.0,0.0,101030.0
2025-01-08 14:00:00,26.1341410310462,25.9394524230668,0.0,0.11878654970760233,19.7,44,100,14.9,314,15.9,11.6,13.6,0.0,0.0,0.32,19.0,35.0,44480.0,3.0,4.0,263.0,0.0,101010.0
2025-01-08 15:00:00,26.2945992718495,25.484062345537,0.0,0.11896929824561403,18.5,54,86,3.3,331,16.2,11.9,13.6,0.0,0.0,0.21,20.0,31.0,40098.0,2.0,2.0,265.0,0.0,101040.0
2025-01-08 16:00:00,26.6854968194668,25.7465320457078,0.0,0.11915204678362573,18.0,66,0,1.8,107,16.0,12.2,13.6,0.0,0.0,0.13,19.0,48.0,24730.0,1.0,0.0,53.0,0.0,101050.0
2025-01-08 17:00:00,26.5628374120475,25.5248871382343,0.0,0.11933479532163742,14.7,72,0,3.4,20,14.8,12.5,13.6,0.0,0.0,0.04,18.0,59.0,10369.0,0.0,3.0,54.0,0.0,100990.0
2025-01-08 18:00:00,26.7971192942023,25.2898146576411,0.0,0.11951754385964912,13.4,74,0,1.3,4,13.2,12.6,13.6,0.0,0.0,0.02,17.0,64.0,3042.0,0.0,1.0,66.0,0.0,100910.0
2025-01-08 19:00:00,26.8282017275782,25.2768570825386,0.0,0.1197002923976608,12.6,80,0,1.4,339,12.0,12.6,13.7,0.0,0.0,0.0,13.0,83.0,0.0,0.0,0.0,38.0,0.0,100990.0
2025-01-08 20:00:00,27.066236314185,25.0629614930894,0.0,0.11988304093567251,11.5,78,33,2.9,210,11.0,12.5,13.7,0.0,0.0,0.0,11.0,88.0,0.0,0.0,2.0,143.0,0.0,101130.0
2025-01-08 21:00:00,26.8649107037942,24.9405813645451,0.0,0.12006578947368421,10.7,67,12,4.3,238,10.3,12.4,13.7,0.0,0.0,0.0,11.0,87.0,0.0,0.0,0.0,174.0,0.0,101110.0
2025-01-08 22:00:00,26.8564249141642,24.9720103281361,0.0,0.1202485380116959,10.3,68,0,0.9,274,9.6,12.3,13.7,0.0,0.0,0.0,9.0,93.0,0.0,0.0,0.0,162.0,0.0,101180.0
2025-01-08 23:00:00,26.7973637041624,24.9066659676803,0.0,0.1204312865497076,9.7,67,0,2.2,242,9.0,12.1,13.7,0.0,0.0,0.0,8.0,92.0,0.0,0.0,0.0,120.0,0.0,101260.0
2025-01-09 00:00:00,26.9080533571506,24.9375190934609,0.0,0.12061403508771928,8.9,74,0,5.5,231,8.6,12.0,13.7,0.0,0.0,0.0,9.0,87.0,0.0,0.0,2.0,143.0,0.0,101240.0
2025-01-09 01:00:00,26.9314269024636,24.8128493315994,0.0,0.12079678362573099,9.8,71,0,8.2,231,9.0,12.0,13.7,0.0,0.0,0.01,8.0,87.0,0.0,0.0,1.0,228.0,0.0,101190.0
2025-01-09 02:00:00,26.6124991119618,24.6584841553345,0.0,0.12097953216374269,9.9,68,7,2.0,252,8.5,11.8,13.7,0.0,0.0,0.0,6.0,92.0,0.0,0.0,0.0,42.0,0.0,101130.0
2025-01-09 03:00:00,26.9069751107625,24.5691206130462,0.0,0.12116228070175437,9.6,69,0,1.6,241,8.2,11.7,13.7,0.0,0.0,0.0,9.0,80.0,0.0,0.0,0.0,204.0,0.0,101140.0
2025-01-09 04:00:00,26.8813095556922,24.4428916070092,0.0,0.12134502923976608,8.8,73,12,7.8,226,7.9,11.5,13.7,0.0,0.0,0.01,10.0,72.0,0.0,0.0,2.0,180.0,0.0,101130.0
2025-01-09 05:00:00,26.8904696943665,24.5763789141038,0.0,0.12152777777777778,10.3,69,22,10.2,222,8.1,11.3,13.7,0.0,0.0,0.02,11.0,65.0,0.0,0.0,2.0,228.0,0.0,101120.0
2025-01-09 06:00:00,27.0316575631644,24.5555227790659,0.0,0.12171052631578946,11.0,66,35,10.2,222,8.4,11.1,13.7,0.0,0.0,0.03,11.0,66.0,0.0,0.0,2.0,234.0,0.0,101140.0
2025-01-09 07:00:00,26.7990312186022,24.4736080755403,0.0,0.12189327485380116,11.5,63,87,10.9,219,8.7,11.0,13.7,0.0,0.0,0.03,11.0,68.0,0.0,0.0,2.0,240.0,0.0,101150.0
2025-01-09 08:00:00,26.8637460679391,24.3310148056619,0.0,0.12207602339181287,12.3,61,16,10.6,219,9.1,10.9,13.7,0.0,0.0,0.05,10.0,70.0,0.0,0.0,2.0,210.0,0.0,101210.0
2025-01-09 09:00:00,26.8604589692755,24.4224451257383,0.0,0.12225877192982455,15.8,54,4,11.6,223,10.2,10.9,13.7,0.0,0.0,0.12,11.0,65.0,4410.0,0.0,1.0,233.0,0.0,101290.0
2025-01-09 10:00:00,26.7784432588904,24.5203050355768,0.0,0.12244152046783625,18.7,47,11,12.1,234,12.0,11.0,13.7,0.0,0.0,0.21,13.0,60.0,12156.0,1.0,3.0,246.0,0.0,101360.0
2025-01-09 11:00:00,26.6959547593008,24.1393352781703,0.0,0.12262426900584794,20.5,42,11,12.6,249,13.7,11.2,13.6,0.0,0.0,0.3,17.0,49.0,24696.0,2.0,4.0,264.0,0.0,101410.0
2025-01-09 12:00:00,26.7146328572636,24.472706640801,0.0,0.12280701754385964,21.7,39,5,11.8,258,15.2,11.4,13.6,0.0,0.0,0.35,19.0,44.0,42795.0,2.0,4.0,264.0,0.0,101410.0
2025-01-09 13:00:00,26.7899192992308,24.1510124588607,0.0,0.12298976608187134,23.0,34,9,11.5,258,16.5,11.8,13.6,0.0,0.0,0.38,21.0,40.0,60140.0,3.0,3.0,272.0,0.0,101350.0
2025-01-09 14:00:00,26.8228287762485,24.3627484734058,0.0,0.12317251461988303,23.4,34,10,8.9,276,17.3,12.1,13.6,0.0,0.0,0.34,22.0,36.0,40160.0,3.0,6.0,286.0,0.0,101230.0
2025-01-09 15:00:00,26.8367617185696,24.5122576804498,0.0,0.12335526315789473,22.6,39,8,7.7,319,17.7,12.5,13.6,0.0,0.0,0.27,23.0,35.0,32652.0,2.0,3.0,303.0,0.0,101170.0
2025-01-09 16:00:00,27.0367141444668,24.3944103497678,0.0,0.12353801169590642,20.1,53,6,4.1,5,17.4,12.8,13.7,0.0,0.0,0.14,24.0,31.0,24172.0,1.0,3.0,289.0,0.0,101170.0
2025-01-09 17:00:00,26.5944486397373,24.1524371181877,0.0,0.12372076023391812,16.7,61,4,2.8,63,16.2,13.1,13.7,0.0,0.0,0.04,21.0,36.0,8088.0,0.0,4.0,38.0,0.0,101210.0
2025-01-09 18:00:00,26.9312962878267,24.2670124701207,0.0,0.12390350877192982,14.2,68,2,5.1,121,14.6,13.2,13.7,0.0,0.0,0.04,20.0,43.0,1887.0,0.0,2.0,120.0,0.0,101230.0
2025-01-09 19:00:00,26.7138356759552,24.1730197049674,0.0,0.12408625730994151,13.5,68,2,3.7,158,13.4,13.3,13.7,0.0,0.0,0.0,16.0,50.0,0.0,0.0,2.0,108.0,0.0,101270.0
2025-01-09 20:00:00,26.6377746854195,24.0709411641122,0.0,0.12426900584795321,13.1,66,0,4.0,190,12.5,13.3,13.7,0.0,0.0,0.0,15.0,55.0,0.0,0.0,2.0,156.0,0.0,101320.0
2025-01-09 21:00:00,26.65765227962,23.9010779151307,0.0,0.12445175438596491,12.9,64,0,4.7,189,11.9,13.2,13.7,0.0,0.0,0.01,15.0,54.0,0.0,0.0,1.0,204.0,0.0,101340.0
2025-01-09 22:00:00,26.9068422969534,23.9997551850612,0.0,0.1246345029239766,12.6,63,0,5.4,196,11.4,13.1,13.7,0.0,0.0,0.01,11.0,65.0,0.0,0.0,0.0,186.0,0.0,101410.0
2025-01-09 23:00:00,26.6210519692885,23.78680831438,0.0,0.1248172514619883,12.1,68,5,6.6,202,11.1,13.0,13.7,0.0,0.0,0.01,14.0,54.0,0.0,0.0,1.0,162.0,0.0,101430.0
2025-01-10 00:00:00,26.6354273863259,23.9095194707922,0.0,0.125,12.0,78,6,6.9,201,11.0,12.9,13.7,0.0,0.0,0.0,9.0,73.0,0.0,0.0,0.0,322.0,0.0,101470.0
2025-01-10 01:00:00,26.703049941273,23.7376596122957,0.0,0.1251827485380117,11.8,78,0,6.4,200,11.3,13.0,13.7,0.0,0.0,0.0,10.0,67.0,0.0,0.0,2.0,164.0,0.0,101430.0
2025-01-10 02:00:00,26.4141521739035,23.6639965502087,0.0,0.12536549707602337,11.4,85,0,5.6,201,11.0,12.9,13.7,0.0,0.0,0.0,10.0,68.0,0.0,0.0,0.0,178.0,0.0,101400.0
2025-01-10 03:00:00,26.8375356047313,23.6554820316132,0.0,0.12554824561403508,11.3,85,0,4.8,211,10.7,12.8,13.7,0.0,0.0,0.0,9.0,73.0,0.0,0.0,0.0,168.0,0.0,101410.0
2025-01-10 04:00:00,26.4809890942841,23.6695948507241,0.0,0.12573099415204678,11.0,86,1,6.8,223,10.5,12.6,13.7,0.0,0.0,0.0,8.0,74.0,0.0,0.0,1.0,172.0,0.0,101410.0
2025-01-10 05:00:00,26.4306230449884,23.6300309647024,0.0,0.12591374269005848,10.8,86,0,7.4,227,10.4,12.5,13.7,0.0,0.0,0.0,10.0,73.0,0.0,0.0,2.0,186.0,0.0,101410.0
2025-01-10 06:00:00,26.4412918788353,23.6053891665124,0.0,0.12609649122807018,10.6,86,4,7.4,234,10.3,12.4,13.7,0.0,0.0,0.0,10.0,69.0,0.0,0.0,1.0,198.0,0.0,101440.0
2025-01-10 07:00:00,26.509050693985,23.4715345436627,0.0,0.12627923976608185,10.5,84,12,8.2,238,10.1,12.3,13.7,0.0,0.0,0.0,11.0,67.0,0.0,0.0,2.0,234.0,0.0,101440.0
2025-01-10 08:00:00,26.5486982170111,23.5436905009764,0.0,0.12646198830409355,11.2,80,2,9.1,237,10.2,12.2,13.7,0.0,0.0,0.02,10.0,71.0,52.0,0.0,0.0,204.0,0.0,101500.0
2025-01-10 09:00:00,26.4404781009916,23.5779389986596,0.0,0.12664473684210525,14.5,68,1,10.1,236,11.2,12.1,13.8,0.0,0.0,0.09,12.0,65.0,4832.0,0.0,2.0,234.0,0.0,101560.0
2025-01-10 10:00:00,26.4607770055656,23.4918497661978,0.0,0.12682748538011696,17.6,58,1,7.6,242,12.8,12.2,13.8,0.0,0.0,0.18,14.0,58.0,13603.0,1.0,3.0,222.0,0.0,101600.0
2025-01-10 11:00:00,26.4085658215901,23.5503272220179,0.0,0.12701023391812866,19.9,49,0,7.7,271,14.6,12.3,13.8,0.0,0.0,0.28,16.0,49.0,29703.0,1.0,3.0,234.0,0.0,101630.0
2025-01-10 12:00:00,26.3571288317001,23.4567824526731,0.0,0.12719298245614036,21.3,44,0,8.0,274,16.1,12.5,13.8,0.0,0.0,0.34,18.0,46.0,43631.0,2.0,2.0,234.0,0.0,101600.0
2025-01-10 13:00:00,26.4111870522331,23.4136541572837,0.0,0.12737573099415203,22.4,40,0,7.8,277,17.3,12.6,13.8,0.0,0.0,0.36,20.0,40.0,49472.0,3.0,2.0,259.0,0.0,101510.0
2025-01-10 14:00:00,26.5840249340652,23.5278977741099,0.0,0.12755847953216373,22.9,38,0,7.5,288,18.1,13.0,13.8,0.0,0.0,0.34,22.0,37.0,47227.0,3.0,3.0,204.0,0.0,101390.0
2025-01-10 15:00:00,26.3311199957647,23.4112180114766,0.0,0.12774122807017543,22.4,41,0,7.3,332,18.4,13.3,13.8,0.0,0.0,0.27,22.0,36.0,36030.0,2.0,3.0,306.0,0.0,101320.0
2025-01-10 16:00:00,26.4261700765525,23.4138084485476,0.0,0.12792397660818713,19.7,57,0,8.6,18,18.0,13.6,13.8,0.0,0.0,0.16,22.0,43.0,20105.0,1.0,3.0,23.0,0.0,101300.0
2025-01-10 17:00:00,26.4314526894861,23.4709154200941,0.0,0.12810672514619884,15.7,79,0,4.9,58,16.8,13.8,13.8,0.0,0.0,0.04,19.0,59.0,6421.0,0.0,4.0,12.0,0.0,101360.0
2025-01-10 18:00:00,26.6107908609881,23.3398448683139,0.0,0.1282894736842105,13.8,85,0,6.0,103,15.3,14.0,13.8,0.0,0.0,0.02,17.0,65.0,1091.0,0.0,2.0,108.0,0.0,101390.0
2025-01-10 19:00:00,26.4777183871698,23.2457692824916,0.0,0.1284722222222222,12.5,84,0,4.9,145,14.2,14.0,13.8,0.0,0.0,0.0,15.0,74.0,0.0,0.0,2.0,132.0,0.0,101450.0
2025-01-10 20:00:00,26.5652094038557,23.3123448331431,0.0,0.1286549707602339,12.0,81,0,4.5,184,13.2,14.0,13.8,0.0,0.0,0.0,14.0,74.0,0.0,0.0,2.0,144.0,0.0,101490.0
2025-01-10 21:00:00,26.5799982294554,23.5960114569309,0.0,0.1288377192982456,11.9,78,0,5.1,199,12.4,13.9,13.8,0.0,0.0,0.0,12.0,77.0,0.0,0.0,0.0,175.0,0.0,101530.0
2025-01-10 22:00:00,26.3256737698029,23.4616252269811,0.0,0.1290204678362573,12.1,76,0,4.6,206,11.8,13.8,13.8,0.0,0.0,0.0,12.0,75.0,0.0,0.0,0.0,198.0,0.0,101460.0
2025-01-10 23:00:00,26.3599272885446,23.3005825036102,0.0,0.129203216374269,12.2,74,0,4.2,209,11.3,13.7,13.8,0.0,0.0,0.0,12.0,80.0,0.0,0.0,1.0,300.0,0.0,101490.0
2025-01-11 00:00:00,26.416377507353,23.2108689170232,0.0,0.1293859649122807,12.1,74,0,4.0,215,10.9,13.5,13.9,0.0,0.0,0.0,11.0,79.0,0.0,0.0,1.0,180.0,0.0,101480.0
2025-01-11 01:00:00,26.349705057751,23.1539865320873,0.0,0.1295687134502924,10.8,79,0,6.3,243,10.4,13.5,13.9,0.0,0.0,0.0,12.0,76.0,0.0,0.0,1.0,228.0,0.0,101470.0
2025-01-11 02:00:00,26.3323720541705,23.0623437111916,0.0,0.1297514619883041,11.2,76,0,9.0,235,10.3,13.3,13.9,0.0,0.0,0.01,11.0,77.0,0.0,0.0,2.0,228.0,0.0,101460.0
2025-01-11 03:00:00,26.0922438475606,23.1063954905851,0.0,0.1299342105263158,10.9,76,0,8.8,222,10.4,13.1,13.9,0.0,0.0,0.01,11.0,76.0,0.0,0.0,2.0,186.0,0.0,101430.0
2025-01-11 04:00:00,26.3864425581445,22.9102545007426,0.0,0.13011695906432746,10.4,84,0,8.6,233,10.3,13.0,13.9,0.0,0.0,0.0,11.0,75.0,0.0,0.0,2.0,264.0,0.0,101370.0
2025-01-11 05:00:00,26.2899377072255,22.8786662634135,0.0,0.13029970760233917,10.6,89,1,9.8,236,10.3,12.8,13.9,0.0,0.0,0.0,11.0,76.0,0.0,0.0,2.0,210.0,0.0,101410.0
2025-01-11 06:00:00,26.1936446173394,23.0296285441511,0.0,0.13048245614035087,11.2,89,0,9.6,215,10.5,12.7,13.9,0.0,0.0,0.0,11.0,76.0,0.0,0.0,2.0,246.0,0.0,101420.0
2025-01-11 07:00:00,26.1647111232155,23.1414153960195,0.0,0.13066520467836257,10.5,91,0,7.2,216,10.4,12.6,13.9,0.0,0.0,0.0,11.0,77.0,0.0,0.0,1.0,228.0,0.0,101470.0
2025-01-11 08:00:00,25.9562537365368,22.9688788730575,0.0,0.13084795321637427,11.4,89,6,11.1,229,10.5,12.5,13.9,0.0,0.0,0.02,11.0,78.0,251.0,0.0,2.0,246.0,0.0,101500.0
2025-01-11 09:00:00,26.0736440411016,22.7916165975401,0.0,0.13103070175438597,15.3,75,94,12.3,212,11.6,12.4,13.9,0.0,0.0,0.09,13.0,75.0,6072.0,0.0,2.0,276.0,0.0,101560.0
2025-01-11 10:00:00,26.0625569711,22.9987473375484,0.0,0.13121345029239764,18.4,62,100,10.3,219,13.3,12.5,13.9,0.0,0.0,0.19,15.0,71.0,21640.0,1.0,4.0,270.0,0.0,101590.0
2025-01-11 11:00:00,26.1852183052456,22.8087439728047,0.0,0.13139619883040934,20.1,55,100,11.7,241,14.9,12.6,13.9,0.0,0.0,0.27,17.0,62.0,45091.0,3.0,3.0,290.0,0.0,101640.0
2025-01-11 12:00:00,26.0455668392835,22.9674852890702,0.0,0.13157894736842105,20.8,51,100,12.3,259,16.1,12.8,13.9,0.0,0.0,0.28,18.0,61.0,33440.0,2.0,3.0,324.0,0.0,101570.0
2025-01-11 13:00:00,26.2363350584782,23.0104058896539,0.0,0.13176169590643275,21.3,52,28,15.3,281,17.1,13.1,13.9,0.0,0.0,0.31,19.0,57.0,46572.0,3.0,1.0,342.0,0.0,101500.0
2025-01-11 14:00:00,26.151287402779,22.9642935929523,0.0,0.13194444444444445,21.7,52,7,14.9,277,17.9,13.4,13.9,0.0,0.0,0.32,20.0,54.0,44640.0,2.0,3.0,245.0,0.0,101380.0
2025-01-11 15:00:00,26.0452523982486,23.0186168922231,0.0,0.13212719298245612,21.1,56,0,14.5,277,18.2,13.7,13.9,0.0,0.0,0.27,21.0,52.0,34452.0,2.0,2.0,252.0,0.0,101330.0
2025-01-11 16:00:00,26.0833957955832,22.9359426839973,0.0,0.13230994152046782,20.2,60,6,9.3,284,18.0,14.0,13.9,0.0,0.0,0.17,21.0,51.0,17760.0,1.0,1.0,193.0,0.0,101310.0
2025-01-11 17:00:00,26.0249544785264,22.8100129403451,0.0,0.13249269005847952,17.6,68,3,4.0,293,17.0,14.2,14.0,0.0,0.0,0.05,21.0,53.0,5475.0,0.0,2.0,275.0,0.0,101350.0
2025-01-11 18:00:00,26.1499992321105,23.0422717175259,0.0,0.13267543859649122,16.1,72,10,3.2,250,15.5,14.3,14.0,0.0,0.0,0.03,18.0,67.0,460.0,0.0,0.0,42.0,0.0,101430.0
2025-01-11 19:00:00,26.0856384082274,22.9600142500563,0.0,0.13285818713450293,15.8,75,21,8.6,221,14.6,14.3,14.0,0.0,0.0,0.02,16.0,75.0,0.0,0.0,0.0,119.0,0.0,101420.0
2025-01-11 20:00:00,26.2834632109227,22.980306580923,0.0,0.13304093567251463,14.6,83,15,6.8,216,14.1,14.3,14.0,0.0,0.0,0.0,13.0,82.0,0.0,0.0,1.0,90.0,0.0,101470.0
2025-01-11 21:00:00,26.2026852387287,22.9118600468552,0.0,0.1332236842105263,13.4,85,23,4.9,193,13.5,14.3,14.0,0.0,0.0,0.0,13.0,80.0,0.0,0.0,0.0,180.0,0.0,101480.0
2025-01-11 22:00:00,26.0814836343103,22.8105404625771,0.0,0.133406432748538,12.8,87,34,5.0,175,12.9,14.2,14.0,0.0,0.0,0.0,11.0,82.0,0.0,0.0,1.0,291.0,0.0,101530.0
2025-01-11 23:00:00,26.0178245668771,22.8451495647777,0.0,0.1335891812865497,12.4,88,17,3.1,180,12.4,14.1,14.0,0.0,0.0,0.0,10.0,84.0,0.0,0.0,0.0,162.0,0.0,101530.0
2025-01-12 00:00:00,26.1021888758505,22.9025169684778,0.0,0.1337719298245614,12.4,87,18,1.0,180,11.8,14.0,14.0,0.0,0.0,0.0,13.0,78.0,0.0,0.0,0.0,258.0,0.0,101440.0
2025-01-12 01:00:00,26.0919514965684,22.9356536816174,0.0,0.1339546783625731,12.0,85,70,4.4,246,11.6,13.9,14.0,0.0,0.0,0.0,11.0,87.0,0.0,0.0,0.0,228.0,0.0,101390.0
2025-01-12 02:00:00,25.9714548801319,22.669731573747,0.0,0.13413742690058478,11.5,87,98,6.0,234,11.3,13.7,14.1,0.0,0.0,0.0,12.0,86.0,0.0,0.0,2.0,204.0,0.0,101360.0
2025-01-12 03:00:00,26.0250101793636,22.6996101094834,0.0,0.13432017543859648,11.0,87,81,6.1,239,11.0,13.6,14.1,0.0,0.0,0.0,11.0,87.0,0.0,0.0,2.0,184.0,0.0,101370.0
2025-01-12 04:00:00,25.922608873979,22.8474634140499,0.0,0.13450292397660818,11.6,85,78,7.7,227,11.0,13.4,14.1,0.0,0.0,0.0,11.0,85.0,0.0,0.0,1.0,204.0,0.0,101370.0
2025-01-12 05:00:00,25.846400344119,22.760934416401,0.0,0.13468567251461988,11.7,85,8,7.5,211,11.1,13.3,14.1,0.0,0.0,0.0,12.0,85.0,0.0,0.0,1.0,198.0,0.0,101300.0
2025-01-12 06:00:00,25.9672728934089,22.6359463217394,0.0,0.13486842105263158,10.9,86,2,6.5,208,10.9,13.2,14.1,0.0,0.0,0.0,10.0,89.0,0.0,0.0,2.0,270.0,0.0,101240.0
2025-01-12 07:00:00,25.7804054383339,22.7070429389496,0.0,0.13505116959064326,10.2,87,14,4.3,192,10.5,13.1,14.1,0.0,0.0,0.0,10.0,88.0,0.0,0.0,1.0,216.0,0.0,101290.0
2025-01-12 08:00:00,25.9574045702743,22.6381512234186,0.0,0.13523391812865496,10.9,90,12,4.2,190,10.5,12.9,14.1,0.0,0.0,0.01,11.0,88.0,584.0,0.0,1.0,222.0,0.0,101290.0
2025-01-12 09:00:00,25.9080793719319,22.6522242917724,0.0,0.13541666666666666,13.7,83,6,6.1,233,11.6,12.8,14.1,0.0,0.0,0.07,12.0,84.0,6296.0,0.0,1.0,228.0,0.0,101350.0
2025-01-12 10:00:00,25.8327709212789,22.749638951198,0.0,0.13559941520467836,16.0,77,31,2.8,256,13.2,12.8,14.1,0.0,0.0,0.16,14.0,78.0,19283.0,1.0,2.0,262.0,0.0,101440.0
2025-01-12 11:00:00,25.7387479544155,22.5804191277298,0.0,0.13578216374269006,17.4,73,62,2.1,151,14.9,12.9,14.1,0.0,0.0,0.22,15.0,74.0,19930.0,1.0,1.0,130.0,0.0,101460.0
2025-01-12 12:00:00,25.8610259279628,22.8074832629231,0.0,0.13596491228070173,18.5,67,36,2.6,257,16.4,13.1,14.1,0.0,0.0,0.26,17.0,67.0,29876.0,2.0,2.0,204.0,0.0,101370.0
2025-01-12 13:00:00,25.6597181760545,22.6351461645297,0.0,0.13614766081871343,20.0,57,41,9.7,273,17.4,13.4,14.1,0.0,0.0,0.29,19.0,62.0,49856.0,3.0,2.0,310.0,0.0,101280.0
2025-01-12 14:00:00,25.6770639747907,22.4731422928532,0.0,0.13633040935672514,20.4,54,84,9.6,287,18.0,13.7,14.1,0.0,0.0,0.29,19.0,58.0,36436.0,2.0,4.0,249.0,0.0,101140.0
2025-01-12 15:00:00,25.908811630031,22.5839916497704,0.0,0.13651315789473684,18.8,66,0,14.8,353,17.8,14.0,14.1,0.0,0.0,0.17,19.0,58.0,24262.0,1.0,1.0,243.0,0.0,101070.0
2025-01-12 16:00:00,25.9976445599929,22.6219724942495,0.0,0.13669590643274854,17.5,76,2,9.9,356,17.5,14.2,14.1,0.0,0.0,0.13,18.0,68.0,5108.0,0.0,6.0,12.0,0.0,101100.0
2025-01-12 17:00:00,25.9133747141838,22.570656792401,0.0,0.13687865497076024,15.1,88,5,4.8,11,16.5,14.4,14.1,0.0,0.0,0.04,18.0,70.0,4832.0,0.0,2.0,30.0,0.0,101030.0
2025-01-12 18:00:00,25.9947951679135,22.7138120650942,0.0,0.1370614035087719,13.3,96,99,12.9,34,15.4,14.4,14.1,0.4,0.4,0.01,16.0,75.0,174.0,0.0,2.0,88.0,0.0,101090.0
2025-01-12 19:00:00,26.0028284369954,22.5748479287289,0.0,0.1372441520467836,13.7,94,33,2.8,57,14.7,14.5,14.2,0.1,0.1,0.0,15.0,87.0,0.0,0.0,3.0,115.0,0.0,101180.0
2025-01-12 20:00:00,25.9814450471587,22.6541540467568,0.0,0.13742690058479531,12.2,93,30,3.6,88,13.5,14.4,14.2,0.0,0.0,0.0,13.0,88.0,0.0,0.0,1.0,113.0,0.0,101230.0
2025-01-12 21:00:00,25.9421224582888,22.3625539656592,0.0,0.13760964912280702,12.1,85,43,4.8,85,12.8,14.3,14.2,0.0,0.0,0.0,12.0,91.0,0.0,0.0,0.0,125.0,0.0,101260.0
2025-01-12 22:00:00,25.8760768897814,22.6260187739674,0.0,0.13779239766081872,12.5,76,76,6.8,88,12.5,14.2,14.2,0.0,0.0,0.01,12.0,88.0,0.0,0.0,1.0,54.0,0.0,101330.0
2025-01-12 23:00:00,25.7426622699648,22.5587058403385,0.0,0.1379751461988304,12.0,71,44,4.4,122,12.2,14.1,14.2,0.0,0.0,0.0,12.0,86.0,0.0,0.0,0.0,120.0,0.0,101340.0
2025-01-13 00:00:00,25.8223994902036,22.5553783553733,0.0,0.1381578947368421,11.1,72,89,2.6,121,11.8,14.0,14.2,0.0,0.0,0.0,12.0,88.0,0.0,0.0,0.0,182.0,0.0,101310.0
2025-01-13 01:00:00,25.8166194391787,22.3075305456948,0.0,0.1383406432748538,11.7,66,56,2.1,110,12.2,14.1,14.2,0.0,0.0,0.0,9.0,92.0,0.0,0.0,0.0,258.0,0.0,101230.0
2025-01-13 02:00:00,25.8555924943541,22.4573587103776,0.0,0.1385233918128655,10.3,64,4,0.2,56,11.1,14.0,14.2,0.0,0.0,0.0,8.0,93.0,0.0,0.0,0.0,155.0,0.0,101230.0
2025-01-13 03:00:00,25.664066281196,22.1989220405316,0.0,0.1387061403508772,9.9,64,6,1.8,26,10.2,13.8,14.2,0.0,0.0,0.0,7.0,93.0,0.0,0.0,0.0,176.5,0.0,101235.0
2025-01-13 04:00:00,25.8383650241267,22.4088135313185,0.0,0.1388888888888889,9.9,68,11,2.1,54,9.4,13.6,14.2,0.0,0.0,0.0,6.0,93.0,0.0,0.0,0.0,198.0,0.0,101240.0
2025-01-13 05:00:00,25.6260342825964,22.3891870229999,0.0,0.13907163742690057,9.6,66,6,3.6,62,8.9,13.3,14.2,0.0,0.0,0.0,6.0,81.0,0.0,0.0,1.0,126.0,0.0,101250.0
2025-01-13 06:00:00,25.5324522190104,22.197760103373,0.0,0.13925438596491227,8.9,66,7,4.6,72,8.4,13.1,14.2,0.0,0.0,0.0,5.0,84.0,0.0,0.0,0.0,174.0,0.0,101280.0
2025-01-13 07:00:00,25.7655376106288,22.1714579922379,0.0,0.13943713450292397,8.1,67,4,4.2,100,8.0,12.8,14.2,0.0,0.0,0.0,8.0,68.0,0.0,0.0,2.0,138.0,0.0,101300.0
2025-01-13 08:00:00,25.5924953647013,22.417156050674,0.0,0.13961988304093567,7.9,73,5,3.8,120,7.9,12.5,14.2,0.0,0.0,0.01,5.0,80.0,0.0,0.0,1.0,192.0,0.0,101330.0
2025-01-13 09:00:00,25.6674397323759,22.3054727624889,0.0,0.13980263157894737,11.3,72,28,4.0,115,9.1,12.3,14.2,0.0,0.0,0.07,5.0,89.0,1260.0,0.0,1.0,174.0,0.0,101350.0
2025-01-13 10:00:00,25.8551302303599,25.1842622695551,0.0,0.13998538011695905,14.0,56,23,4.2,63,11.0,12.2,14.2,0.0,0.0,0.15,9.0,74.0,6579.0,0.0,0.0,174.0,0.0,101400.0
2025-01-13 11:00:00,25.4621929989565,26.802381672867,0.0,0.14016812865497075,14.9,49,6,10.9,53,12.5,12.3,14.2,0.0,0.0,0.23,13.0,63.0,23237.0,2.0,0.0,274.0,0.0,101450.0
2025-01-13 12:00:00,25.9392692540874,26.6484377610358,0.0,0.14035087719298245,15.3,43,7,13.2,49,13.9,12.4,14.2,0.0,0.0,0.3,15.0,53.0,40240.0,2.0,4.0,21.0,0.0,101490.0
2025-01-13 13:00:00,26.7544790013172,26.7326172076096,0.0,0.14053362573099415,15.7,44,10,12.0,43,15.1,12.4,14.2,0.0,0.0,0.3,15.0,44.0,38084.0,2.0,3.0,60.0,0.0,101440.0
2025-01-13 14:00:00,27.0336817738211,26.3052221436588,0.0,0.14071637426900585,15.5,43,3,13.6,41,15.6,12.6,14.2,0.0,0.0,0.29,16.0,40.0,50510.0,4.0,4.0,72.0,0.0,101340.0
2025-01-13 15:00:00,27.3403491991727,26.1160676112271,0.0,0.14089912280701752,14.9,46,1,14.8,42,15.7,12.8,14.2,0.0,0.0,0.24,16.0,44.0,44604.0,3.0,5.0,54.0,0.0,101270.0
2025-01-13 16:00:00,27.4608475707685,25.751522367611,0.0,0.14108187134502922,13.7,52,0,14.0,45,15.2,13.0,14.2,0.0,0.0,0.16,15.0,45.0,29588.0,1.0,6.0,12.0,0.0,101270.0
2025-01-13 17:00:00,27.3565431135434,25.8008732728752,0.0,0.14126461988304093,11.9,61,0,9.3,46,14.2,13.1,14.2,0.0,0.0,0.06,15.0,46.0,13298.0,1.0,4.0,36.0,0.0,101280.0
2025-01-13 18:00:00,27.5474363708221,25.7270661667352,0.0,0.14144736842105263,9.7,71,0,7.5,55,12.8,13.2,14.2,0.0,0.0,0.03,14.0,54.0,4051.0,0.0,3.0,48.0,0.0,101290.0
2025-01-13 19:00:00,27.6162478397041,25.5036472907888,0.0,0.14163011695906433,8.5,76,0,6.7,67,11.5,13.1,14.2,0.0,0.0,0.0,12.0,60.0,45.0,0.0,3.0,48.0,0.0,101310.0
2025-01-13 20:00:00,27.4489509927491,25.4295230673505,0.0,0.141812865497076,8.0,77,0,6.1,82,10.5,13.0,14.2,0.0,0.0,0.0,10.0,66.0,0.0,0.0,2.0,138.0,0.0,101360.0
2025-01-13 21:00:00,27.456749365695,25.0327270911974,0.0,0.1419956140350877,7.3,79,8,5.4,102,9.7,12.8,14.2,0.0,0.0,0.0,10.0,69.0,0.0,0.0,2.0,128.0,0.0,101420.0
2025-01-13 22:00:00,27.3890431714721,25.1972195795757,0.0,0.1421783625730994,6.8,81,26,4.9,118,9.1,12.7,14.2,0.0,0.0,0.0,7.0,76.0,0.0,0.0,0.0,122.0,0.0,101450.0
2025-01-13 23:00:00,27.3940400929575,25.0812990347857,0.0,0.1423611111111111,6.4,82,11,4.2,124,8.8,12.5,14.2,0.0,0.0,0.0,6.0,77.0,0.0,0.0,0.0,180.0,0.0,101450.0
2025-01-14 00:00:00,27.4142712520286,24.9787420357576,0.0,0.1425438596491228,5.6,82,1,2.8,125,8.3,12.3,14.2,0.0,0.0,0.0,5.0,81.0,0.0,0.0,0.0,171.0,0.0,101450.0
2025-01-14 01:00:00,27.4174211316716,24.8949531870656,0.0,0.1427266081871345,4.9,81,0,2.2,103,7.9,12.2,14.2,0.0,0.0,0.0,5.0,78.0,0.0,0.0,0.0,306.0,0.0,101440.0
2025-01-14 02:00:00,27.3707314944174,24.8836718327305,0.0,0.14290935672514618,4.4,81,0,2.0,82,7.5,12.0,14.2,0.0,0.0,0.0,3.0,83.0,0.0,0.0,0.0,144.0,0.0,101430.0
2025-01-14 03:00:00,27.2800354669673,24.9108456501788,0.0,0.14309210526315788,4.3,79,2,1.1,51,7.1,11.7,14.2,0.0,0.0,0.0,2.0,85.0,0.0,0.0,0.0,186.0,0.0,101410.0
2025-01-14 04:00:00,27.3161176565121,24.8045629230114,0.0,0.14327485380116958,4.3,78,13,2.1,88,6.8,11.5,14.2,0.0,0.0,0.0,2.0,88.0,0.0,0.0,0.0,180.0,0.0,101470.0
2025-01-14 05:00:00,27.2615555809895,24.8643652958832,0.0,0.14345760233918128,4.1,77,24,1.9,87,6.4,11.3,14.2,0.0,0.0,0.0,3.0,89.0,0.0,0.0,1.0,192.0,0.0,101420.0
2025-01-14 06:00:00,27.4007567264121,24.8231356652821,0.0,0.14364035087719298,4.2,77,18,2.1,92,6.3,11.1,14.2,0.0,0.0,0.0,3.0,87.0,0.0,0.0,0.0,142.0,0.0,101440.0
2025-01-14 07:00:00,27.1675489304977,24.794518875873,0.0,0.14382309941520466,4.2,76,7,1.1,70,6.0,10.8,14.2,0.0,0.0,0.0,3.0,87.0,0.0,0.0,0.0,192.0,0.0,101440.0
2025-01-14 08:00:00,27.0766629728191,24.7847010435973,0.0,0.14400584795321636,4.9,77,23,1.5,80,6.0,10.6,14.2,0.0,0.0,0.01,1.0,85.0,0.0,0.0,0.0,168.0,0.0,101500.0
2025-01-14 09:00:00,27.1911580129762,24.6331252718654,0.0,0.14418859649122806,8.9,67,18,1.5,65,7.3,10.5,14.2,0.0,0.0,0.06,2.0,89.0,2415.0,0.0,0.0,174.0,0.0,101570.0
2025-01-14 10:00:00,27.2914113148206,24.5936194031618,0.0,0.14437134502923976,11.6,56,4,6.3,51,9.1,10.4,14.2,0.0,0.0,0.16,8.0,71.0,8682.0,0.0,0.0,198.0,0.0,101600.0
2025-01-14 11:00:00,27.3054856429892,24.5626691526067,0.0,0.14455409356725146,13.2,48,1,11.8,63,10.9,10.5,14.1,0.0,0.0,0.24,9.0,68.0,24380.0,1.0,1.0,299.0,0.0,101660.0
2025-01-14 12:00:00,27.171160328009,24.5026023429824,0.0,0.14473684210526316,13.8,45,16,14.4,56,12.3,10.6,14.1,0.0,0.0,0.29,12.0,55.0,40176.0,2.0,1.0,80.0,0.0,101670.0
2025-01-14 13:00:00,27.0507155726582,24.5381506396614,0.0,0.14491959064327484,13.9,46,28,16.7,46,13.2,10.8,14.1,0.0,0.0,0.29,14.0,41.0,49260.0,2.0,3.0,106.0,0.0,101580.0
2025-01-14 14:00:00,27.1909740308977,24.5973503175973,0.0,0.14510233918128654,13.0,52,17,20.5,52,13.6,11.0,14.1,0.0,0.0,0.24,14.0,44.0,55381.0,3.0,3.0,60.0,0.0,101490.0
2025-01-14 15:00:00,27.2733850237241,24.6685229121085,0.0,0.14528508771929824,12.5,54,40,20.5,53,13.6,11.2,14.1,0.0,0.0,0.21,14.0,50.0,41676.0,2.0,5.0,90.0,0.0,101440.0
2025-01-14 16:00:00,27.2375494812637,24.5503830426438,0.0,0.14546783625730994,11.8,57,38,19.5,58,13.1,11.4,14.1,0.0,0.0,0.14,13.0,42.0,29122.0,1.0,5.0,60.0,0.0,101460.0
2025-01-14 17:00:00,27.229636913138,24.452984912351,0.0,0.14565058479532164,11.0,61,43,16.7,61,12.4,11.5,14.1,0.0,0.0,0.08,13.0,57.0,18949.0,1.0,5.0,43.0,0.0,101470.0
2025-01-14 18:00:00,27.0791375542399,24.363970751353,0.0,0.14583333333333331,9.7,70,21,8.8,69,11.5,11.6,14.1,0.0,0.0,0.04,11.0,62.0,3775.0,0.0,4.0,54.0,0.0,101510.0
2025-01-14 19:00:00,27.0573195731346,24.4051477418898,0.0,0.14601608187134502,7.9,80,48,5.9,62,10.5,11.6,14.1,0.0,0.0,0.0,11.0,64.0,0.0,0.0,0.0,131.0,0.0,101530.0
2025-01-14 20:00:00,26.9189561081193,24.2557869416427,0.0,0.14619883040935672,8.2,81,43,1.5,59,9.7,11.5,14.1,0.0,0.0,0.0,10.0,69.0,0.0,0.0,0.0,101.0,0.0,101570.0
2025-01-14 21:00:00,27.0989683613111,24.4451488593011,0.0,0.14638157894736842,7.8,83,31,0.7,53,9.0,11.5,14.1,0.0,0.0,0.0,10.0,77.0,0.0,0.0,2.0,37.0,0.0,101610.0
2025-01-14 22:00:00,26.9263342928315,24.2658654262569,0.0,0.14656432748538012,6.9,85,52,2.3,103,8.4,11.4,14.1,0.0,0.0,0.0,9.0,86.0,0.0,0.0,0.0,210.0,0.0,101560.0
2025-01-14 23:00:00,27.0319685366979,24.2311835501607,0.0,0.1467470760233918,6.8,87,24,3.1,281,8.2,11.2,14.1,0.1,0.1,0.0,7.0,91.0,0.0,0.0,1.0,264.0,0.0,101570.0
2025-01-15 00:00:00,26.7909267454147,24.0952093860471,0.0,0.1469298245614035,5.7,92,51,3.0,302,7.8,11.1,14.0,0.1,0.1,0.0,8.0,91.0,0.0,0.0,0.0,180.0,3.0,101630.0
2025-01-15 01:00:00,26.7465460031469,24.0961868010499,0.0,0.1471125730994152,7.8,88,51,2.7,151,8.9,11.2,14.0,0.2,0.2,0.0,8.0,89.0,0.0,0.0,0.0,204.0,1.0,101590.0
2025-01-15 02:00:00,26.9239885107649,24.0138739066576,0.0,0.1472953216374269,6.8,87,10,3.4,219,8.1,11.1,14.0,0.5,0.5,0.0,8.0,89.0,0.0,0.0,0.0,210.0,0.0,101570.0
2025-01-15 03:00:00,26.9453288856669,24.1210765249268,0.0,0.1474780701754386,5.8,93,96,3.1,283,7.4,10.9,14.0,0.1,0.1,0.0,7.0,92.0,0.0,0.0,0.0,180.0,0.0,101590.0
2025-01-15 04:00:00,26.8605546554499,24.1331390701195,0.0,0.14766081871345027,6.3,96,27,6.8,213,7.4,10.8,14.0,0.2,0.2,0.0,8.0,91.0,0.0,0.0,1.0,180.0,0.0,101610.0
2025-01-15 05:00:00,27.0213410576547,23.9385573847219,0.0,0.14784356725146197,5.5,96,48,5.9,237,7.0,10.7,14.0,0.0,0.0,0.0,8.0,91.0,0.0,0.0,0.0,198.0,0.0,101580.0
2025-01-15 06:00:00,27.0453120541817,24.0924506604042,0.0,0.14802631578947367,5.6,95,24,5.9,237,6.8,10.5,14.0,0.0,0.0,0.0,7.0,91.0,0.0,0.0,0.0,222.0,0.0,101540.0
2025-01-15 07:00:00,27.0028245897956,24.0134149485495,0.0,0.14820906432748537,5.7,94,34,7.3,248,6.6,10.3,14.0,0.0,0.0,0.0,7.0,93.0,0.0,0.0,0.0,228.0,0.0,101560.0
2025-01-15 08:00:00,26.955267505781,24.1240533251639,0.0,0.14839181286549707,6.2,92,88,9.8,247,6.6,10.2,14.0,0.0,0.0,0.01,7.0,92.0,0.0,0.0,1.0,246.0,0.0,101590.0
2025-01-15 09:00:00,27.1530653591178,24.0284939709543,0.0,0.14857456140350878,8.1,91,95,11.7,240,7.5,10.1,14.0,0.0,0.0,0.04,7.0,92.0,3732.0,0.0,1.0,192.0,0.0,101600.0
2025-01-15 10:00:00,26.9595828156042,24.2278945525401,0.0,0.14875730994152045,10.2,81,10,10.1,237,8.8,10.0,13.9,0.0,0.0,0.1,9.0,85.0,11392.0,0.0,1.0,192.0,0.0,101620.0
2025-01-15 11:00:00,26.8540997751025,24.0357080976097,0.0,0.14894005847953215,12.2,71,46,7.9,258,10.5,10.1,13.9,0.0,0.0,0.21,11.0,76.0,29968.0,1.0,2.0,240.0,0.0,101660.0
2025-01-15 12:00:00,27.0872653314763,24.2780468826154,0.0,0.14912280701754385,13.1,66,42,4.6,265,12.1,10.3,13.9,0.0,0.0,0.23,13.0,69.0,58798.0,3.0,3.0,256.0,0.0,101610.0
2025-01-15 13:00:00,26.974592672054,24.1805209340701,0.0,0.14930555555555555,14.0,59,40,1.8,302,13.6,10.7,13.9,0.0,0.0,0.23,13.0,68.0,30333.0,2.0,2.0,300.0,0.0,101550.0
2025-01-15 14:00:00,26.9347454879214,23.9855388170224,0.0,0.14948830409356725,14.5,57,51,3.0,326,14.4,11.0,13.9,0.0,0.0,0.23,15.0,53.0,35673.0,3.0,1.0,180.0,0.0,101450.0
2025-01-15 15:00:00,27.1183620442327,24.0291660649597,0.0,0.14967105263157893,14.3,57,66,5.1,355,14.5,11.2,13.9,0.0,0.0,0.17,14.0,57.0,23190.0,1.0,2.0,291.0,0.0,101390.0
2025-01-15 16:00:00,26.8073421769848,24.368912691202,0.0,0.14985380116959063,13.5,63,42,8.1,13,14.1,11.5,13.9,0.0,0.0,0.11,14.0,62.0,14990.0,1.0,1.0,6.0,0.0,101370.0
2025-01-15 17:00:00,27.048986296035,24.0814161324746,0.0,0.15003654970760233,11.5,77,20,4.8,29,13.3,11.6,13.9,0.0,0.0,0.04,14.0,63.0,10052.0,0.0,2.0,0.0,0.0,101350.0
2025-01-15 18:00:00,26.9232081329161,23.961963984512,0.0,0.15021929824561403,9.7,84,12,2.9,41,11.9,11.7,13.9,0.0,0.0,0.02,13.0,68.0,2284.0,0.0,2.0,54.0,0.0,101360.0
2025-01-15 19:00:00,27.0129099770741,24.0840266120069,0.0,0.15040204678362573,8.7,86,4,2.8,117,10.7,11.7,13.9,0.0,0.0,0.0,10.0,78.0,0.0,0.0,0.0,114.0,0.0,101380.0
2025-01-15 20:00:00,26.8128238789174,23.9860181677758,0.0,0.15058479532163743,7.4,89,2,3.8,174,9.8,11.7,13.9,0.0,0.0,0.0,8.0,79.0,0.0,0.0,0.0,168.0,0.0,101410.0
2025-01-15 21:00:00,26.7828640115803,23.91716896142,0.0,0.1507675438596491,6.5,92,8,5.2,193,9.2,11.6,13.9,0.0,0.0,0.0,8.0,81.0,0.0,0.0,0.0,162.0,0.0,101430.0
2025-01-15 22:00:00,26.8388368687933,23.953847530658,0.0,0.1509502923976608,5.7,93,16,4.5,216,8.7,11.5,13.9,0.0,0.0,0.0,8.0,79.0,0.0,0.0,1.0,176.0,0.0,101380.0
2025-01-15 23:00:00,26.7789858383291,23.8421218670119,0.0,0.1511330409356725,5.7,90,7,5.8,231,8.1,11.3,13.9,0.0,0.0,0.0,6.0,87.0,0.0,0.0,0.0,210.0,0.0,101380.0
2025-01-16 00:00:00,26.6828061289447,23.7912654195481,0.0,0.1513157894736842,5.9,89,14,7.2,232,7.8,11.2,13.9,0.0,0.0,0.0,6.0,85.0,0.0,0.0,1.0,186.0,0.0,101310.0
2025-01-16 01:00:00,26.7447862356781,23.815200485853,0.0,0.1514985380116959,4.5,90,52,6.1,234,7.2,11.1,13.9,0.0,0.0,0.0,6.0,87.0,0.0,0.0,2.0,252.0,0.0,101230.0
2025-01-16 02:00:00,26.5144130837614,24.0049596494618,0.0,0.15168128654970758,4.5,89,98,6.6,231,6.9,10.9,13.8,0.0,0.0,0.0,5.0,89.0,0.0,0.0,1.0,198.0,0.0,101160.0
2025-01-16 03:00:00,26.7412879846355,23.7333758364512,0.0,0.15186403508771928,5.3,86,100,8.2,226,6.9,10.7,13.8,0.0,0.0,0.0,5.0,87.0,0.0,0.0,1.0,192.0,0.0,101120.0
2025-01-16 04:00:00,26.7177987655635,23.5774237574141,0.0,0.15204678362573099,6.3,81,91,8.6,225,7.0,10.6,13.8,0.0,0.0,0.0,5.0,86.0,0.0,0.0,2.0,192.0,0.0,101090.0
2025-01-16 05:00:00,26.525866085845,23.5957315543202,0.0,0.1522295321637427,5.8,83,53,7.4,224,6.9,10.4,13.8,0.0,0.0,0.0,6.0,84.0,0.0,0.0,1.0,198.0,0.0,101050.0
2025-01-16 06:00:00,26.7725515422416,23.7591061153039,0.0,0.1524122807017544,5.9,80,8,8.6,225,6.8,10.3,13.8,0.0,0.0,0.0,7.0,82.0,0.0,0.0,1.0,228.0,0.0,101020.0
2025-01-16 07:00:00,26.5902428310545,23.621728317918,0.0,0.15259502923976606,5.3,80,5,9.4,226,6.6,10.2,13.8,0.0,0.0,0.01,6.0,85.0,0.0,0.0,2.0,234.0,0.0,100990.0
2025-01-16 08:00:00,26.4586119740341,23.5910988883685,0.0,0.15277777777777776,6.0,75,7,10.2,225,6.6,10.0,13.8,0.0,0.0,0.03,6.0,81.0,67.0,0.0,2.0,240.0,0.0,101010.0
2025-01-16 09:00:00,26.7753162298449,23.443316065492,0.0,0.15296052631578946,9.9,64,0,10.4,225,7.6,9.9,13.8,0.0,0.0,0.08,5.0,80.0,3846.0,0.0,2.0,198.0,0.0,101040.0
2025-01-16 10:00:00,26.6217900769523,23.456247536147,0.0,0.15314327485380116,13.3,50,0,11.3,238,9.4,9.9,13.8,0.0,0.0,0.19,8.0,70.0,14607.0,1.0,3.0,240.0,0.0,101070.0
2025-01-16 11:00:00,26.6651797518093,23.7901069890367,0.0,0.15332602339181287,15.1,40,0,12.7,249,11.1,10.0,13.7,0.0,0.0,0.28,10.0,61.0,31595.0,2.0,4.0,234.0,0.0,101080.0
2025-01-16 12:00:00,26.5287173266278,23.4739632589174,0.0,0.15350877192982454,16.3,33,21,10.1,264,12.7,10.2,13.7,0.0,0.0,0.33,13.0,51.0,45564.0,3.0,3.0,270.0,0.0,101050.0
2025-01-16 13:00:00,26.5927102347156,23.3582903198564,0.0,0.15369152046783624,16.9,29,66,6.0,304,14.4,10.6,13.7,0.0,0.0,0.34,15.0,43.0,51421.0,3.0,5.0,294.0,0.0,100960.0
2025-01-16 14:00:00,26.7142070796017,23.5147953260661,0.0,0.15387426900584794,17.0,27,96,8.4,338,15.2,10.9,13.7,0.0,0.0,0.32,16.0,31.0,43759.0,3.0,2.0,282.0,0.0,100870.0
2025-01-16 15:00:00,26.4952664444443,23.5183871821851,0.0,0.15405701754385964,16.4,31,100,10.3,358,15.3,11.2,13.7,0.0,0.0,0.26,17.0,31.0,37844.0,2.0,2.0,269.0,0.0,100800.0
2025-01-16 16:00:00,26.6245519295009,23.4358580578274,0.0,0.15423976608187134,15.1,41,100,10.0,13,14.8,11.5,13.7,0.0,0.0,0.17,16.0,33.0,22452.0,1.0,4.0,5.0,0.0,100800.0
2025-01-16 17:00:00,26.6397984153456,23.6747338092744,0.0,0.15442251461988304,12.3,58,100,3.7,35,13.6,11.7,13.7,0.0,0.0,0.05,16.0,37.0,10655.0,0.0,4.0,8.0,0.0,100830.0
2025-01-16 18:00:00,26.5316740819542,23.4167233570729,0.0,0.15460526315789472,11.4,58,99,1.5,59,12.2,11.8,13.7,0.0,0.0,0.02,14.0,48.0,928.0,0.0,2.0,18.0,0.0,100840.0
2025-01-16 19:00:00,26.6260295704882,23.5545902515034,0.0,0.15478801169590642,10.8,60,100,1.8,106,11.3,11.8,13.7,0.0,0.0,0.0,13.0,55.0,0.0,0.0,0.0,26.0,0.0,100890.0
2025-01-16 20:00:00,26.5931926384252,23.3891374162738,0.0,0.15497076023391812,10.0,60,99,3.2,167,10.6,11.8,13.7,0.0,0.0,0.0,12.0,58.0,0.0,0.0,0.0,186.0,0.0,100940.0
2025-01-16 21:00:00,26.6125612941887,23.5385938044877,0.0,0.15515350877192982,9.4,62,100,4.0,178,10.2,11.8,13.7,0.0,0.0,0.0,11.0,60.0,0.0,0.0,0.0,188.0,0.0,100940.0
2025-01-16 22:00:00,26.5462728829002,23.335466412773,0.0,0.15533625730994152,8.7,68,100,2.9,198,9.8,11.7,13.7,0.0,0.0,0.0,10.0,64.0,0.0,0.0,0.0,180.0,0.0,100960.0
2025-01-16 23:00:00,26.5187196356447,23.3810014282828,0.0,0.1555190058479532,9.4,66,100,1.1,333,9.6,11.6,13.7,0.0,0.0,0.0,9.0,66.0,0.0,0.0,0.0,174.0,0.0,100990.0
2025-01-17 00:00:00,26.4277161168879,23.3569371122987,0.0,0.1557017543859649,9.6,66,100,1.9,311,9.5,11.5,13.7,0.0,0.0,0.0,9.0,64.0,0.0,0.0,1.0,161.0,0.0,100990.0
2025-01-17 01:00:00,26.4801515902852,23.2857070093408,0.0,0.1558845029239766,10.5,62,100,1.8,11,10.3,11.6,13.7,0.0,0.0,0.0,9.0,68.0,0.0,0.0,0.0,198.0,0.0,100960.0
2025-01-17 02:00:00,26.341058426833,23.3958452808863,0.0,0.1560672514619883,9.1,84,100,5.5,50,10.0,11.6,13.7,0.5,0.5,0.0,8.0,73.0,0.0,0.0,0.0,90.0,0.0,100920.0
2025-01-17 03:00:00,26.6686891168883,23.2921232703826,0.0,0.15625,9.3,89,95,3.0,167,9.8,11.5,13.7,1.3,1.3,0.0,10.0,70.0,0.0,0.0,2.0,354.0,0.0,100960.0
2025-01-17 04:00:00,26.5107712432765,23.240050494143,0.0,0.1564327485380117,9.0,96,100,2.4,6,9.7,11.5,13.7,1.3,1.3,0.0,9.0,85.0,0.0,0.0,0.0,168.0,8.0,101000.0
2025-01-17 05:00:00,26.4307966607893,23.3605442503876,0.0,0.15661549707602337,8.7,94,98,2.8,188,9.4,11.4,13.7,0.7,0.7,0.0,9.0,89.0,0.0,0.0,0.0,186.0,2.0,101000.0
2025-01-17 06:00:00,26.4373955979564,23.3033756361517,0.0,0.15679824561403508,8.2,93,100,0.5,13,8.8,11.3,13.7,0.2,0.2,0.0,8.0,92.0,0.0,0.0,0.0,294.0,0.0,101010.0
2025-01-17 07:00:00,26.3881755593211,23.198633802192,0.0,0.15698099415204678,8.4,94,100,1.9,329,8.7,11.2,13.7,0.3,0.3,0.0,8.0,93.0,0.0,0.0,0.0,303.0,0.0,101090.0
2025-01-17 08:00:00,26.5008207419992,23.2458044450523,0.0,0.15716374269005848,8.5,95,100,2.6,307,8.7,11.1,13.7,0.3,0.3,0.01,8.0,94.0,44.0,0.0,0.0,175.0,13.0,101170.0
2025-01-17 09:00:00,26.6071942151945,24.0180795416747,0.0,0.15734649122807018,9.6,89,81,2.2,352,9.4,11.0,13.7,0.1,0.1,0.04,8.0,94.0,1226.0,0.0,0.0,276.0,6.0,101230.0
2025-01-17 10:00:00,27.1133228525535,25.332456575028,0.0,0.15752923976608185,10.9,81,58,3.3,348,10.4,11.0,13.7,0.1,0.1,0.1,9.0,94.0,9615.0,1.0,1.0,264.0,5.0,101270.0
2025-01-17 11:00:00,27.3323441235471,25.4286675058852,0.0,0.15771198830409355,11.3,80,71,3.4,353,11.3,11.0,13.7,0.1,0.1,0.15,9.0,91.0,11308.0,1.0,2.0,256.0,0.0,101310.0
2025-01-17 12:00:00,27.8942207068258,25.6425061164312,0.0,0.15789473684210525,11.9,77,67,4.7,360,12.3,11.1,13.6,0.1,0.1,0.18,10.0,89.0,27926.0,1.0,3.0,264.0,0.0,101340.0
2025-01-17 13:00:00,27.9341078666695,25.7450692104913,0.0,0.15807748538011696,12.5,73,67,7.3,39,12.7,11.3,13.6,0.1,0.1,0.19,12.0,79.0,44295.0,3.0,2.0,251.0,0.0,101250.0
2025-01-17 14:00:00,28.0184903376987,26.2748360680641,0.0,0.15826023391812866,12.8,69,39,8.5,32,13.4,11.4,13.6,0.0,0.0,0.19,10.0,89.0,11284.0,1.0,0.0,334.0,10.0,101200.0
2025-01-17 15:00:00,28.5481950327101,26.3083936665473,0.0,0.15844298245614033,12.8,68,25,9.4,39,13.7,11.6,13.6,0.0,0.0,0.17,13.0,70.0,45236.0,2.0,1.0,324.0,1.0,101160.0
2025-01-17 16:00:00,28.5801274977598,26.2521574656686,0.0,0.15862573099415203,12.5,67,17,11.2,43,13.5,11.7,13.6,0.0,0.0,0.13,12.0,77.0,9182.0,0.0,1.0,0.0,0.0,101180.0
2025-01-17 17:00:00,28.7138180291859,26.2268321976205,0.0,0.15880847953216373,11.0,74,27,6.5,50,12.8,11.9,13.6,0.0,0.0,0.05,11.0,82.0,3819.0,0.0,1.0,30.0,0.0,101230.0
2025-01-17 18:00:00,28.6233165999004,26.1808164865208,0.0,0.15899122807017543,9.1,82,30,3.4,62,11.5,11.9,13.6,0.0,0.0,0.02,10.0,87.0,584.0,0.0,0.0,204.0,0.0,101270.0
2025-01-17 19:00:00,28.6735140833338,26.2350665033555,0.0,0.15917397660818713,8.7,84,54,2.5,84,10.6,11.9,13.6,0.0,0.0,0.0,9.0,91.0,0.0,0.0,0.0,174.0,0.0,101340.0
2025-01-17 20:00:00,28.6910894205633,26.0587173915893,0.0,0.1593567251461988,7.9,87,44,2.7,126,9.9,11.8,13.6,0.0,0.0,0.0,8.0,92.0,0.0,0.0,0.0,180.0,0.0,101360.0
2025-01-17 21:00:00,28.7231330790704,25.9835951765782,0.0,0.1595394736842105,7.5,89,64,1.0,61,9.4,11.7,13.6,0.0,0.0,0.0,8.0,93.0,0.0,0.0,0.0,186.0,0.0,101380.0
2025-01-17 22:00:00,28.5005342662329,25.8941259673363,0.0,0.1597222222222222,7.1,89,28,1.4,27,8.9,11.6,13.6,0.0,0.0,0.0,8.0,92.0,0.0,0.0,0.0,186.0,0.0,101400.0
2025-01-17 23:00:00,28.7068558431282,26.001484060638,0.0,0.1599049707602339,6.2,91,54,3.0,259,8.4,11.5,13.6,0.0,0.0,0.0,7.0,93.0,0.0,0.0,0.0,198.0,0.0,101390.0
2025-01-18 00:00:00,28.5231596169832,25.7987720595518,0.0,0.1600877192982456,6.7,92,46,5.5,241,8.3,11.3,13.6,0.0,0.0,0.0,6.0,95.0,0.0,0.0,0.0,186.0,0.0,101380.0
2025-01-18 01:00:00,28.7009007364332,25.8788291269732,0.0,0.1602704678362573,7.4,90,60,4.4,240,8.8,11.4,13.6,0.0,0.0,0.0,7.0,95.0,0.0,0.0,0.0,210.0,0.0,101360.0
2025-01-18 02:00:00,28.580940049294,25.7501557365271,0.0,0.160453216374269,7.6,91,48,6.5,233,8.7,11.3,13.6,0.0,0.0,0.0,7.0,94.0,0.0,0.0,0.0,234.0,0.0,101300.0
2025-01-18 03:00:00,28.6054499650553,25.6848096638877,0.0,0.1606359649122807,7.4,90,60,7.7,241,8.5,11.2,13.6,0.0,0.0,0.0,8.0,92.0,0.0,0.0,2.0,258.0,0.0,101270.0
2025-01-18 04:00:00,28.5771956309662,25.7547381553026,0.0,0.1608187134502924,6.9,92,81,7.1,243,8.2,11.0,13.6,0.0,0.0,0.0,8.0,90.0,0.0,0.0,2.0,228.0,0.0,101260.0
2025-01-18 05:00:00,28.624940874962,25.7166107630981,0.0,0.1610014619883041,6.7,92,100,6.7,233,8.0,10.9,13.6,0.0,0.0,0.0,8.0,89.0,0.0,0.0,0.0,258.0,0.0,101230.0
2025-01-18 06:00:00,28.4547598805318,25.5517563085278,0.0,0.1611842105263158,7.3,90,100,7.9,233,8.0,10.8,13.6,0.0,0.0,0.0,9.0,91.0,0.0,0.0,1.0,246.0,0.0,101230.0
2025-01-18 07:00:00,28.5654496918829,25.6307219608811,0.0,0.16136695906432746,7.2,90,100,8.5,231,8.0,10.7,13.6,0.0,0.0,0.0,8.0,92.0,0.0,0.0,0.0,171.0,0.0,101270.0
2025-01-18 08:00:00,28.2559875359953,25.5322259136631,0.0,0.16154970760233917,7.7,89,100,9.3,232,8.1,10.6,13.6,0.0,0.0,0.02,8.0,93.0,320.0,0.0,0.0,180.0,0.0,101290.0
2025-01-18 09:00:00,28.4896395048252,25.5660257340357,0.0,0.16173245614035087,8.8,87,100,10.1,221,8.6,10.5,13.6,0.3,0.3,0.04,8.0,93.0,6584.0,0.0,0.0,270.0,0.0,101330.0
2025-01-18 10:00:00,28.484606721818,25.6198903448035,0.0,0.16191520467836257,9.5,90,100,9.9,221,9.1,10.5,13.6,0.9,0.9,0.05,9.0,91.0,12210.0,1.0,0.0,276.0,0.0,101390.0
2025-01-18 11:00:00,28.4431188709821,25.6808961526753,0.0,0.16209795321637427,9.9,90,100,9.2,218,9.5,10.4,13.6,1.4,1.4,0.05,9.0,91.0,13395.0,0.5,0.5,285.0,0.5,101405.0
2025-01-18 12:00:00,28.5698267129731,25.8952774656621,0.0,0.16228070175438597,9.9,91,100,9.3,231,9.9,10.5,13.5,0.6,0.6,0.06,9.0,91.0,14580.0,0.0,1.0,294.0,1.0,101420.0
2025-01-18 13:00:00,28.5956683562192,26.1013977984953,0.0,0.16246345029239764,12.1,78,100,8.6,256,11.4,10.7,13.5,0.2,0.2,0.13,10.0,91.0,23126.0,1.0,2.0,270.0,1.0,101370.0
2025-01-18 14:00:00,28.9059209050737,26.0978511684518,0.0,0.16264619883040934,12.7,72,99,4.2,297,12.1,10.9,13.5,0.1,0.1,0.15,11.0,89.0,34004.0,2.0,3.0,258.0,0.0,101270.0
2025-01-18 15:00:00,28.6000714802865,25.9789721682682,0.0,0.16282894736842105,13.2,70,87,1.4,27,12.8,11.0,13.5,0.0,0.0,0.14,11.0,85.0,27023.0,2.0,2.0,264.0,0.0,101200.0
2025-01-18 16:00:00,28.7484658546903,26.0589274817572,0.0,0.16301169590643275,13.2,70,30,2.1,12,13.0,11.2,13.5,0.0,0.0,0.11,12.0,84.0,26096.0,1.0,2.0,223.0,0.0,101170.0
2025-01-18 17:00:00,28.5513342924319,25.8304177074014,0.0,0.16319444444444445,11.6,81,68,2.9,33,12.5,11.3,13.5,0.0,0.0,0.04,12.0,85.0,12668.0,1.0,0.0,198.0,0.0,101190.0
2025-01-18 18:00:00,28.7448552409272,25.9356155216576,0.0,0.16337719298245612,10.5,82,80,1.7,71,11.6,11.4,13.5,0.0,0.0,0.02,12.0,80.0,6357.0,0.0,0.0,258.0,0.0,101220.0
2025-01-18 19:00:00,28.5582131774041,25.8026745964183,0.0,0.16355994152046782,9.6,86,100,3.2,174,10.9,11.4,13.5,0.0,0.0,0.0,11.0,86.0,162.0,0.0,0.0,228.0,0.0,101250.0
2025-01-18 20:00:00,28.5609718750689,26.0358704220205,0.0,0.16374269005847952,9.0,89,4,3.7,210,10.4,11.4,13.5,0.0,0.0,0.0,10.0,89.0,0.0,0.0,0.0,192.0,0.0,101280.0
2025-01-18 21:00:00,28.7612897870109,25.8141560379441,0.0,0.16392543859649122,7.3,94,0,5.0,235,9.7,11.4,13.5,0.0,0.0,0.0,9.0,93.0,0.0,0.0,0.0,210.0,0.0,101300.0
2025-01-18 22:00:00,28.6102966468369,25.7549581597189,0.0,0.16410818713450293,6.6,94,0,6.1,237,9.1,11.3,13.5,0.0,0.0,0.0,9.0,94.0,0.0,0.0,0.0,210.0,0.0,101270.0
2025-01-18 23:00:00,28.4688335598367,25.7110054401272,0.0,0.1642909356725146,6.1,93,0,6.4,223,8.6,11.2,13.5,0.0,0.0,0.0,8.0,93.0,0.0,0.0,0.0,180.0,0.0,101250.0
2025-01-19 00:00:00,28.6247895119664,25.6417563752489,0.0,0.1644736842105263,5.6,94,0,7.0,218,8.1,11.0,13.5,0.0,0.0,0.0,7.0,94.0,0.0,0.0,1.0,186.0,0.0,101250.0
2025-01-19 01:00:00,28.6140971777066,25.5416208308213,0.0,0.164656432748538,5.1,95,0,5.3,224,8.2,10.8,13.5,0.0,0.0,0.0,7.0,94.0,0.0,0.0,1.0,186.0,0.0,101230.0
2025-01-19 02:00:00,28.6541306992571,25.7154122592339,0.0,0.1648391812865497,4.9,95,1,4.9,236,7.7,10.6,13.5,0.0,0.0,0.0,6.0,92.0,0.0,0.0,0.0,198.0,0.0,101190.0
2025-01-19 03:00:00,28.6201343788068,25.5395746852214,0.0,0.1650219298245614,4.7,94,1,4.6,240,7.3,10.5,13.5,0.0,0.0,0.0,5.0,92.0,0.0,0.0,1.0,192.0,0.0,101150.0
2025-01-19 04:00:00,28.4307287582084,25.3968811405439,0.0,0.16520467836257308,4.5,93,1,4.4,219,6.9,10.3,13.5,0.0,0.0,0.0,6.0,91.0,0.0,0.0,1.0,180.0,0.0,101130.0
2025-01-19 05:00:00,28.3385841676896,25.3842252377491,0.0,0.16538742690058478,4.3,93,2,5.4,219,6.6,10.2,13.4,0.0,0.0,0.0,6.0,92.0,0.0,0.0,1.0,198.0,0.0,101100.0
2025-01-19 06:00:00,28.4410114662984,25.5226292439484,0.0,0.16557017543859648,4.2,93,5,5.4,201,6.4,10.0,13.4,0.0,0.0,0.0,4.0,94.0,0.0,0.0,1.0,186.0,0.0,101050.0
2025-01-19 07:00:00,28.5203694229241,25.4055187586003,0.0,0.16575292397660818,4.0,92,5,4.8,194,6.1,9.9,13.4,0.0,0.0,0.0,4.0,92.0,0.0,0.0,0.0,192.0,0.0,101060.0
2025-01-19 08:00:00,28.4368264174217,25.1875097508846,0.0,0.16593567251461988,5.3,89,2,7.4,224,6.2,9.7,13.4,0.0,0.0,0.01,4.0,92.0,0.0,0.0,1.0,180.0,0.0,101030.0
2025-01-19 09:00:00,28.288736384667,25.3014802351862,0.0,0.16611842105263158,9.4,80,0,8.4,233,7.3,9.6,13.4,0.0,0.0,0.07,5.0,91.0,2306.0,0.0,0.0,186.0,0.0,101050.0
2025-01-19 10:00:00,28.3518157622196,25.2253245259775,0.0,0.16630116959064326,12.7,68,0,7.7,254,9.2,9.6,13.4,0.0,0.0,0.16,8.0,87.0,6658.0,0.0,1.0,216.0,0.0,101080.0
2025-01-19 11:00:00,28.3102162905127,25.3353107654896,0.0,0.16648391812865496,14.6,58,0,7.0,261,11.1,9.7,13.4,0.0,0.0,0.24,10.0,84.0,25020.0,2.0,2.0,256.0,0.0,101100.0
2025-01-19 12:00:00,28.1331513782459,25.1250886137087,0.0,0.16666666666666666,15.9,54,0,4.9,267,12.9,9.9,13.4,0.0,0.0,0.3,11.0,79.0,43013.0,3.0,2.0,258.0,0.0,101100.0
2025-01-19 13:00:00,28.1477686531014,25.1587057614022,0.0,0.16684941520467836,16.9,51,0,4.4,286,13.9,10.2,13.4,0.0,0.0,0.32,13.0,74.0,52012.0,3.0,2.0,288.0,0.0,101010.0
2025-01-19 14:00:00,28.226485435268,25.2524323716141,0.0,0.16703216374269006,17.3,46,0,6.0,298,14.9,10.5,13.3,0.0,0.0,0.3,14.0,67.0,52690.0,3.0,2.0,263.0,0.0,100910.0
2025-01-19 15:00:00,27.9956917020316,25.2287028685471,0.0,0.16721491228070173,17.3,44,0,5.2,310,15.3,10.9,13.3,0.0,0.0,0.24,16.0,60.0,46304.0,3.0,2.0,276.0,0.0,100830.0
2025-01-19 16:00:00,28.1173830462893,25.0682681187099,0.0,0.16739766081871343,16.3,53,77,6.4,10,15.1,11.2,13.3,0.0,0.0,0.16,16.0,56.0,31237.0,2.0,2.0,264.0,0.0,100790.0
2025-01-19 17:00:00,28.1253740354908,25.1975340648585,0.0,0.16758040935672514,13.0,74,66,5.9,59,14.0,11.5,13.3,0.0,0.0,0.05,17.0,49.0,13651.0,1.0,1.0,195.0,0.0,100790.0
2025-01-19 18:00:00,28.1281136412944,24.9951259758801,0.0,0.16776315789473684,10.9,79,92,2.2,78,12.4,11.6,13.3,0.0,0.0,0.01,16.0,53.0,4848.0,0.0,1.0,308.0,0.0,100820.0
2025-01-19 19:00:00,28.2221060526889,24.9496744743337,0.0,0.16794590643274854,10.3,80,100,0.9,90,11.1,11.6,13.3,0.0,0.0,0.0,12.0,79.0,0.0,0.0,0.0,54.0,0.0,100880.0
2025-01-19 20:00:00,28.0259120559151,24.9131705731221,0.0,0.16812865497076024,10.4,79,100,2.7,185,10.5,11.6,13.3,0.0,0.0,0.0,10.0,86.0,0.0,0.0,0.0,186.0,0.0,100970.0
2025-01-19 21:00:00,27.8419345378226,24.8551184921886,0.0,0.1683114035087719,10.9,74,82,2.0,189,10.3,11.6,13.3,0.0,0.0,0.0,10.0,87.0,0.0,0.0,2.0,167.0,0.0,100990.0
2025-01-19 22:00:00,27.8302325538434,24.8658558530864,0.0,0.1684941520467836,9.6,77,66,4.5,235,9.8,11.5,13.3,0.0,0.0,0.0,10.0,88.0,0.0,0.0,0.0,174.0,0.0,100970.0
2025-01-19 23:00:00,27.79140425047,24.775043913708,0.0,0.16867690058479531,8.6,78,4,5.7,233,9.3,11.4,13.3,0.0,0.0,0.0,9.0,89.0,0.0,0.0,0.0,276.0,0.0,100960.0
2025-01-20 00:00:00,28.0843657799294,24.5964693091712,0.0,0.16885964912280702,7.4,76,0,6.1,230,8.8,11.3,13.3,0.0,0.0,0.0,8.0,92.0,0.0,0.0,0.0,192.0,0.0,100990.0
2025-01-20 01:00:00,27.7073815764936,24.755016129972,0.0,0.16904239766081872,7.7,71,0,5.6,232,9.5,11.5,13.3,0.0,0.0,0.0,9.0,89.0,0.0,0.0,0.0,186.0,0.0,100950.0
2025-01-20 02:00:00,27.6514649991597,24.5318983338107,0.0,0.1692251461988304,6.9,73,0,5.5,231,8.9,11.4,13.3,0.0,0.0,0.0,7.0,89.0,0.0,0.0,1.0,186.0,0.0,100940.0
2025-01-20 03:00:00,27.7248226674061,24.4294011175908,0.0,0.1694078947368421,6.3,76,2,5.7,228,8.4,11.3,13.3,0.0,0.0,0.0,8.0,81.0,0.0,0.0,1.0,216.0,0.0,100910.0
2025-01-20 04:00:00,27.7537269502936,24.4897955730918,0.0,0.1695906432748538,5.7,79,0,5.7,213,8.0,11.1,13.3,0.0,0.0,0.0,7.0,85.0,0.0,0.0,1.0,180.0,0.0,100880.0
2025-01-20 05:00:00,27.5441172978616,24.6143197477917,0.0,0.1697733918128655,5.4,82,0,5.7,201,7.7,11.0,13.3,0.0,0.0,0.0,8.0,81.0,0.0,0.0,1.0,186.0,0.0,100880.0
2025-01-20 06:00:00,27.7808706514414,24.5891999230851,0.0,0.1699561403508772,5.4,83,0,5.9,206,7.4,10.8,13.3,0.0,0.0,0.0,8.0,79.0,0.0,0.0,2.0,188.0,0.0,100860.0
2025-01-20 07:00:00,27.3707763390613,24.5983038552098,0.0,0.17013888888888887,5.5,84,0,5.7,211,7.1,10.6,13.3,0.0,0.0,0.0,7.0,82.0,0.0,0.0,1.0,192.0,0.0,100850.0
2025-01-20 08:00:00,27.5533934029701,24.3181851352166,0.0,0.17032163742690057,7.2,80,0,5.6,204,7.2,10.5,13.3,0.0,0.0,0.02,7.0,83.0,0.0,0.0,1.0,192.0,0.0,100860.0
2025-01-20 09:00:00,27.6246837486175,24.4935152497879,0.0,0.17050438596491227,11.7,71,49,7.0,217,8.5,10.4,13.3,0.0,0.0,0.08,8.0,79.0,4937.0,0.0,1.0,210.0,0.0,100890.0
2025-01-20 10:00:00,27.6083076788342,24.2136496828279,0.0,0.17068713450292397,15.6,57,98,6.8,252,10.4,10.4,13.3,0.0,0.0,0.18,11.0,74.0,13523.0,1.0,2.0,222.0,0.0,100900.0
2025-01-20 11:00:00,27.4012892718019,24.4451286552278,0.0,0.17086988304093567,17.9,47,100,7.3,254,12.4,10.5,13.3,0.0,0.0,0.27,13.0,66.0,28732.0,2.0,4.0,288.0,0.0,100950.0
2025-01-20 12:00:00,27.6289171125246,24.38264937092,0.0,0.17105263157894735,19.3,39,100,8.7,243,13.8,10.7,13.3,0.0,0.0,0.3,15.0,60.0,34144.0,1.0,4.0,256.0,0.0,100920.0
2025-01-20 13:00:00,27.5628808437459,24.5144976756188,0.0,0.17123538011695905,20.7,33,81,10.1,245,14.9,11.0,13.3,0.0,0.0,0.37,15.0,58.0,30300.0,2.0,2.0,258.0,0.0,100830.0
2025-01-20 14:00:00,27.576574384599,24.2240137679949,0.0,0.17141812865497075,21.3,31,68,10.5,239,15.9,11.3,13.3,0.0,0.0,0.36,17.0,52.0,32988.0,2.0,3.0,252.0,0.0,100710.0
2025-01-20 15:00:00,27.4962842949317,24.298473654903,0.0,0.17160087719298245,21.5,35,98,8.2,243,16.4,11.7,13.3,0.0,0.0,0.29,19.0,45.0,47883.0,2.0,1.0,251.0,0.0,100590.0
2025-01-20 16:00:00,27.4289688087777,24.3304902935871,0.0,0.17178362573099415,20.1,47,100,3.8,294,16.4,12.0,13.3,0.0,0.0,0.17,19.0,43.0,28358.0,2.0,2.0,264.0,0.0,100560.0
2025-01-20 17:00:00,27.414552778939,24.4080685107767,0.0,0.17196637426900585,16.7,62,100,4.2,2,15.6,12.3,13.3,0.0,0.0,0.06,19.0,43.0,8248.0,1.0,1.0,258.0,0.0,100550.0
2025-01-20 18:00:00,27.5147109836121,24.1436477502943,0.0,0.17214912280701752,14.0,75,100,5.5,53,14.2,12.4,13.3,0.0,0.0,0.03,18.0,56.0,2487.0,0.0,0.0,198.0,0.0,100560.0
2025-01-20 19:00:00,27.4555593101846,24.2851772457737,0.0,0.17233187134502922,13.2,75,100,2.8,29,13.1,12.5,13.3,0.0,0.0,0.0,16.0,57.0,0.0,0.0,1.0,168.0,0.0,100580.0
2025-01-20 20:00:00,27.3298326129653,24.3730217802824,0.0,0.17251461988304093,13.6,73,100,0.9,62,12.7,12.6,13.3,0.0,0.0,0.0,14.0,73.0,0.0,0.0,0.0,126.0,0.0,100600.0
2025-01-20 21:00:00,27.4602317536266,24.0860931330897,0.0,0.17269736842105263,13.1,72,100,0.4,78,12.1,12.6,13.3,0.0,0.0,0.0,14.0,74.0,0.0,0.0,1.0,131.0,0.0,100600.0
2025-01-20 22:00:00,27.4389014165204,24.0706438530594,0.0,0.17288011695906433,11.8,76,99,2.2,343,11.4,12.5,13.3,0.0,0.0,0.0,13.0,81.0,0.0,0.0,0.0,178.0,0.0,100600.0
2025-01-20 23:00:00,27.435319861441,24.062312276712,0.0,0.173062865497076,10.6,75,100,3.0,227,10.8,12.4,13.3,0.0,0.0,0.0,12.0,83.0,0.0,0.0,0.0,184.0,0.0,100570.0
2025-01-21 00:00:00,27.4550427999686,23.8440034593103,0.0,0.1732456140350877,9.9,73,95,3.0,270,10.4,12.3,13.3,0.0,0.0,0.0,11.0,84.0,0.0,0.0,0.0,161.0,0.0,100620.0
2025-01-21 01:00:00,27.3109309896005,24.0843881143604,0.0,0.1734283625730994,10.1,77,100,1.7,170,10.7,12.6,13.3,0.0,0.0,0.0,9.0,86.0,0.0,0.0,0.0,160.0,0.0,100580.0
2025-01-21 02:00:00,27.1836739487551,23.9528058458979,0.0,0.1736111111111111,9.3,78,100,1.3,22,10.2,12.5,13.3,0.0,0.0,0.0,9.0,86.0,0.0,0.0,0.0,188.0,0.0,100540.0
2025-01-21 03:00:00,27.2089119756497,23.8219196661378,0.0,0.1737938596491228,9.0,79,99,1.1,9,9.8,12.3,13.3,0.0,0.0,0.0,8.0,89.0,0.0,0.0,0.0,60.0,0.0,100520.0
2025-01-21 04:00:00,27.1280378870378,23.9360876276127,0.0,0.1739766081871345,9.1,78,99,0.7,42,9.6,12.2,13.3,0.0,0.0,0.0,9.0,86.0,0.0,0.0,0.0,186.0,0.0,100510.0
2025-01-21 05:00:00,27.139127328416,24.0316791136847,0.0,0.17415935672514618,8.6,80,100,2.3,300,9.3,12.0,13.3,0.0,0.0,0.0,8.0,84.0,0.0,0.0,0.0,168.0,0.0,100470.0
2025-01-21 06:00:00,27.3022292094985,23.9353700271666,0.0,0.17434210526315788,8.3,80,100,3.5,221,9.1,11.9,13.3,0.0,0.0,0.0,9.0,80.0,0.0,0.0,2.0,173.0,0.0,100470.0
2025-01-21 07:00:00,27.014432588308,23.8758533876561,0.0,0.17452485380116958,8.5,77,100,4.5,213,9.0,11.7,13.3,0.0,0.0,0.0,11.0,69.0,0.0,0.0,1.0,192.0,0.0,100530.0
2025-01-21 08:00:00,27.1367873654165,23.8504073726512,0.0,0.17470760233918128,10.0,73,99,6.0,226,9.1,11.6,13.3,0.0,0.0,0.03,10.0,72.0,0.0,0.0,1.0,186.0,0.0,100570.0
2025-01-21 09:00:00,27.1585619556869,23.8179744687408,0.0,0.17489035087719298,13.9,68,100,7.8,234,10.2,11.5,13.3,0.0,0.0,0.08,11.0,72.0,5384.0,0.0,2.0,178.0,0.0,100580.0
2025-01-21 10:00:00,27.1501146725823,23.7915766711341,0.0,0.17507309941520466,18.1,57,100,7.2,242,12.0,11.5,13.3,0.0,0.0,0.17,15.0,57.0,21984.0,1.0,3.0,212.0,0.0,100610.0
2025-01-21 11:00:00,27.0170448346301,23.7999387550662,0.0,0.17525584795321636,20.5,45,99,6.3,270,13.8,11.7,13.3,0.0,0.0,0.26,17.0,50.0,27092.0,1.0,4.0,234.0,0.0,100630.0
2025-01-21 12:00:00,27.1108282262015,23.7797893150357,0.0,0.17543859649122806,21.8,41,100,4.1,305,15.5,11.9,13.3,0.0,0.0,0.31,18.0,49.0,38233.0,3.0,3.0,234.0,0.0,100590.0
2025-01-21 13:00:00,27.1640132864242,23.8593033380474,0.0,0.17562134502923976,22.7,42,99,5.3,328,16.2,12.0,13.3,0.0,0.0,0.35,19.0,47.0,48945.0,3.0,3.0,240.0,0.0,100490.0
2025-01-21 14:00:00,27.0959779393656,23.7558289365329,0.0,0.17580409356725146,22.9,41,93,4.2,337,17.3,12.4,13.3,0.0,0.0,0.32,22.0,39.0,45550.0,3.0,4.0,272.0,0.0,100390.0
2025-01-21 15:00:00,27.2263784621629,23.900186319591,0.0,0.17598684210526314,22.7,44,87,4.6,36,17.9,12.7,13.3,0.0,0.0,0.27,23.0,37.0,39221.0,3.0,1.0,227.0,0.0,100320.0
2025-01-21 16:00:00,27.1781117446024,23.8140094513006,0.0,0.17616959064327484,21.3,53,96,5.0,49,17.8,13.1,13.3,0.0,0.0,0.17,25.0,32.0,27560.0,2.0,0.0,124.0,0.0,100250.0
2025-01-21 17:00:00,26.8607405132948,23.7679837905601,0.0,0.17635233918128654,17.6,66,89,5.9,83,16.8,13.3,13.4,0.0,0.0,0.07,25.0,33.0,10305.0,0.0,1.0,131.0,0.0,100250.0
2025-01-21 18:00:00,27.2124156011864,23.5822217703551,0.0,0.17653508771929824,15.9,68,84,2.4,80,15.2,13.5,13.4,0.0,0.0,0.02,23.0,37.0,2384.0,0.0,0.0,152.0,0.0,100280.0
2025-01-21 19:00:00,26.916970607806,23.5290616147302,0.0,0.17671783625730994,15.4,69,100,1.1,74,14.0,13.6,13.4,0.0,0.0,0.0,18.0,62.0,0.0,0.0,0.0,7.0,0.0,100310.0
2025-01-21 20:00:00,26.9194033615141,23.4451962710583,0.0,0.1769005847953216,15.2,67,87,0.8,63,13.0,13.5,13.4,0.0,0.0,0.0,15.0,69.0,0.0,0.0,0.0,173.0,0.0,100340.0
2025-01-21 21:00:00,27.0879075209614,23.8514413376869,0.0,0.17708333333333331,13.5,71,83,0.4,63,12.2,13.5,13.4,0.0,0.0,0.0,13.0,75.0,0.0,0.0,0.0,192.0,0.0,100370.0
2025-01-21 22:00:00,26.9445044014661,23.4859111679701,0.0,0.17726608187134502,11.7,71,63,6.2,257,11.7,13.4,13.4,0.0,0.0,0.01,13.0,76.0,0.0,0.0,0.0,72.0,0.0,100340.0
2025-01-21 23:00:00,26.8364339280152,23.5384950863454,0.0,0.17744883040935672,11.5,67,0,7.9,255,11.4,13.3,13.4,0.0,0.0,0.02,12.0,74.0,0.0,0.0,0.0,222.0,0.0,100370.0
2025-01-22 00:00:00,26.6943869527387,23.699467064622,0.0,0.17763157894736842,10.7,68,0,7.2,240,11.1,13.1,13.4,0.0,0.0,0.01,13.0,72.0,0.0,0.0,2.0,162.0,0.0,100420.0
2025-01-22 01:00:00,26.9026462186827,23.5967237626856,0.0,0.17781432748538012,10.6,70,6,6.1,254,10.3,13.1,13.4,0.0,0.0,0.01,11.0,85.0,0.0,0.0,1.0,176.0,0.0,100390.0
2025-01-22 02:00:00,26.7296461280026,23.4662779431465,0.0,0.1779970760233918,10.1,70,39,6.4,248,10.1,13.0,13.4,0.0,0.0,0.01,10.0,82.0,0.0,0.0,0.0,180.0,0.0,100360.0
2025-01-22 03:00:00,26.827529954913,23.4616880590939,0.0,0.1781798245614035,9.8,70,64,6.6,233,9.8,12.8,13.5,0.0,0.0,0.01,10.0,82.0,0.0,0.0,0.0,216.0,0.0,100320.0
2025-01-22 04:00:00,26.9520774246525,23.3502728540089,0.0,0.1783625730994152,9.6,71,100,7.0,228,9.8,12.6,13.5,0.0,0.0,0.01,8.0,86.0,0.0,0.0,0.0,179.0,0.0,100300.0
2025-01-22 05:00:00,26.7391705921873,23.2279188885553,0.0,0.1785453216374269,9.1,72,100,7.1,222,9.7,12.4,13.5,0.0,0.0,0.01,9.0,80.0,0.0,0.0,0.0,192.0,0.0,100250.0
2025-01-22 06:00:00,26.808543422579,23.2515569579564,0.0,0.1787280701754386,8.8,71,100,6.9,216,9.5,12.3,13.5,0.0,0.0,0.01,11.0,71.0,0.0,0.0,1.0,198.0,0.0,100220.0
2025-01-22 07:00:00,26.7062704222427,23.2949349860388,0.0,0.17891081871345027,8.7,68,100,7.5,211,9.4,12.1,13.5,0.0,0.0,0.01,10.0,77.0,0.0,0.0,2.0,178.0,0.0,100240.0
2025-01-22 08:00:00,26.6018441158479,23.2468582558893,0.0,0.17909356725146197,9.9,65,100,8.2,208,9.5,12.0,13.5,0.0,0.0,0.04,12.0,64.0,273.0,0.0,4.0,228.0,0.0,100280.0
2025-01-22 09:00:00,26.6943649166251,23.1032076629918,0.0,0.17927631578947367,14.0,60,100,8.9,200,10.4,11.9,13.5,0.0,0.0,0.1,12.0,63.0,6308.0,0.0,2.0,240.0,0.0,100300.0
2025-01-22 10:00:00,26.6264775986471,23.1093966775258,0.0,0.17945906432748537,18.2,53,100,7.4,207,12.2,11.9,13.5,0.0,0.0,0.19,13.0,59.0,16112.0,1.0,3.0,233.0,0.0,100340.0
2025-01-22 11:00:00,26.6172263147888,23.1079248092932,0.0,0.17964181286549707,20.8,41,98,6.7,238,14.0,12.0,13.5,0.0,0.0,0.27,16.0,52.0,18232.0,1.0,2.0,238.0,0.0,100370.0
2025-01-22 12:00:00,26.4958445767439,23.1804436957132,0.0,0.17982456140350878,22.4,35,100,8.8,250,15.7,12.2,13.5,0.0,0.0,0.35,18.0,48.0,52985.0,3.0,3.0,268.0,0.0,100330.0
2025-01-22 13:00:00,26.7546803711462,23.297044403057,0.0,0.18000730994152045,23.3,31,100,10.6,243,17.0,12.7,13.5,0.0,0.0,0.38,20.0,40.0,40553.0,2.0,4.0,272.0,0.0,100240.0
2025-01-22 14:00:00,26.6129327078011,23.2299509841838,0.0,0.18019005847953215,23.4,32,100,8.2,255,17.8,13.0,13.5,0.0,0.0,0.34,21.0,38.0,37021.0,2.0,3.0,272.0,0.0,100140.0
2025-01-22 15:00:00,26.645842601567,23.1502100938328,0.0,0.18037280701754385,22.9,39,100,4.3,293,18.0,13.4,13.5,0.0,0.0,0.24,22.0,32.0,29544.0,1.0,3.0,272.0,0.0,100080.0
2025-01-22 16:00:00,26.5733460717498,23.074321880632,0.0,0.18055555555555555,21.6,57,99,2.7,339,18.0,13.7,13.5,0.0,0.0,0.14,22.0,33.0,25841.0,1.0,2.0,263.0,0.0,100060.0
2025-01-22 17:00:00,26.5542717316128,23.1797533683911,0.0,0.18073830409356725,19.5,50,97,1.0,32,17.1,13.9,13.5,0.0,0.0,0.05,22.0,32.0,8768.0,1.0,2.0,246.0,0.0,100060.0
2025-01-22 18:00:00,26.5187197678889,23.1780094216711,0.0,0.18092105263157893,17.5,53,96,1.7,44,15.6,14.0,13.5,0.0,0.0,0.02,21.0,37.0,2145.0,0.0,0.0,198.0,0.0,100060.0
2025-01-22 19:00:00,26.555953417592,22.9882146868591,0.0,0.18110380116959063,16.7,56,97,1.2,66,14.5,14.1,13.5,0.0,0.0,0.0,16.0,55.0,0.0,0.0,1.0,179.0,0.0,100080.0
2025-01-22 20:00:00,26.4858694537203,23.0402842545921,0.0,0.18128654970760233,16.4,58,100,1.0,53,13.7,14.1,13.5,0.0,0.0,0.0,15.0,60.0,0.0,0.0,0.0,174.0,0.0,100120.0
2025-01-22 21:00:00,26.61686052092,22.9444521003503,0.0,0.18146929824561403,15.8,57,99,0.5,33,13.1,14.0,13.6,0.0,0.0,0.0,14.0,61.0,0.0,0.0,0.0,170.0,0.0,100150.0
2025-01-22 22:00:00,26.4716033636197,23.0697819028609,0.0,0.18165204678362573,14.6,58,95,2.5,315,12.6,13.9,13.6,0.0,0.0,0.0,11.0,68.0,0.0,0.0,1.0,180.0,0.0,100170.0
2025-01-22 23:00:00,26.305215820202,22.9938499217835,0.0,0.1818347953216374,12.8,60,78,5.3,254,12.1,13.8,13.6,0.0,0.0,0.01,12.0,67.0,0.0,0.0,0.0,210.0,0.0,100210.0
2025-01-23 00:00:00,26.2792210896945,23.0140709408029,0.0,0.1820175438596491,11.1,64,33,6.7,241,11.7,13.7,13.6,0.0,0.0,0.02,11.0,67.0,0.0,0.0,1.0,188.0,0.0,100240.0
2025-01-23 01:00:00,26.5212429167621,22.7525919080807,0.0,0.1822002923976608,11.5,60,26,7.7,238,11.2,13.6,13.6,0.0,0.0,0.03,10.0,71.0,0.0,0.0,0.0,264.0,0.0,100260.0
2025-01-23 02:00:00,26.4893370755361,22.9671667262221,0.0,0.1823830409356725,9.8,64,15,9.6,232,10.9,13.4,13.6,0.0,0.0,0.03,10.0,67.0,0.0,0.0,2.0,192.0,0.0,100280.0
2025-01-23 03:00:00,26.4303328620677,22.7151400297382,0.0,0.1825657894736842,9.3,65,5,6.6,241,10.7,13.3,13.6,0.0,0.0,0.01,10.0,68.0,0.0,0.0,1.0,169.0,0.0,100300.0
2025-01-23 04:00:00,26.4199931648857,22.845802013844,0.0,0.18274853801169588,9.2,64,29,7.3,233,10.3,13.1,13.6,0.0,0.0,0.02,9.0,73.0,0.0,0.0,1.0,173.0,0.0,100320.0
2025-01-23 05:00:00,26.4348726786232,22.8619669253322,0.0,0.18293128654970758,9.9,61,58,7.6,234,10.1,12.9,13.6,0.0,0.0,0.02,9.0,66.0,0.0,0.0,0.0,192.0,0.0,100370.0
2025-01-23 06:00:00,26.4723371001193,22.8601840629975,0.0,0.18311403508771928,10.6,59,2,11.2,237,10.1,12.8,13.6,0.0,0.0,0.04,10.0,64.0,0.0,0.0,2.0,222.0,0.0,100410.0
2025-01-23 07:00:00,26.2606130954213,22.8063361038625,0.0,0.18329678362573099,11.0,55,0,10.7,230,10.2,12.6,13.6,0.0,0.0,0.04,8.0,69.0,0.0,0.0,0.0,177.0,0.0,100510.0
2025-01-23 08:00:00,26.2752410095071,22.8331469941957,0.0,0.1834795321637427,11.7,57,0,9.7,231,10.3,12.5,13.6,0.0,0.0,0.05,11.0,62.0,642.0,0.0,2.0,192.0,0.0,100570.0
2025-01-23 09:00:00,26.263911332121,22.6900945124811,0.0,0.1836622807017544,15.0,55,0,11.3,239,11.3,12.4,13.6,0.0,0.0,0.12,12.0,59.0,6816.0,0.0,1.0,198.0,0.0,100630.0
2025-01-23 10:00:00,26.2740330465128,22.6664799672712,0.0,0.18384502923976606,18.1,48,0,11.6,243,12.9,12.4,13.6,0.0,0.0,0.22,15.0,53.0,20971.0,1.0,3.0,276.0,0.0,100680.0
2025-01-23 11:00:00,26.132177509182,22.7277265364517,0.0,0.18402777777777776,20.6,40,0,12.4,243,14.6,12.5,13.6,0.0,0.0,0.33,17.0,45.0,39164.0,2.0,4.0,188.0,0.0,100730.0
2025-01-23 12:00:00,26.2423939075927,22.7028480256235,0.0,0.18421052631578946,22.0,37,0,12.0,250,16.2,12.7,13.6,0.0,0.0,0.39,19.0,43.0,49656.0,3.0,3.0,262.0,0.0,100700.0
2025-01-23 13:00:00,26.1176839297567,22.8174862610644,0.0,0.18439327485380116,22.8,36,0,7.9,282,17.1,12.9,13.6,0.0,0.0,0.39,21.0,39.0,53841.0,4.0,3.0,288.0,0.0,100600.0
2025-01-23 14:00:00,26.249095772363,22.8024852406038,0.0,0.18457602339181287,22.9,34,0,6.6,327,18.0,13.2,13.6,0.0,0.0,0.37,22.0,33.0,49264.0,4.0,4.0,282.0,0.0,100570.0
2025-01-23 15:00:00,26.1926792104306,22.5568321883753,0.0,0.18475877192982454,22.6,35,0,5.8,31,18.4,13.6,13.7,0.0,0.0,0.3,24.0,30.0,38840.0,2.0,2.0,234.0,0.0,100540.0
2025-01-23 16:00:00,26.295654663664,22.4214809014656,0.0,0.18494152046783624,21.3,50,0,4.8,43,18.2,13.9,13.7,0.0,0.0,0.19,21.0,51.0,20008.0,1.0,4.0,36.0,0.0,100550.0
2025-01-23 17:00:00,26.2676288565226,22.5597371063435,0.0,0.18512426900584794,17.9,66,0,4.4,60,17.2,14.1,13.7,0.0,0.0,0.07,20.0,45.0,6706.0,0.0,2.0,54.0,0.0,100590.0
2025-01-23 18:00:00,26.2142236256744,22.501195291698,0.0,0.18530701754385964,15.5,69,0,3.6,81,15.6,14.2,13.7,0.0,0.0,0.02,18.0,52.0,687.0,0.0,2.0,126.0,0.0,100630.0
2025-01-23 19:00:00,26.2449802934561,22.6449239423034,0.0,0.18548976608187134,14.9,65,0,1.8,75,14.2,14.3,13.7,0.0,0.0,0.0,15.0,60.0,0.0,0.0,1.0,156.0,0.0,100670.0
2025-01-23 20:00:00,26.3725046562895,22.6974911520576,0.0,0.18567251461988304,14.4,63,0,1.2,52,13.1,14.2,13.7,0.0,0.0,0.0,13.0,68.0,0.0,0.0,1.0,169.0,0.0,100720.0
2025-01-23 21:00:00,26.1616864419241,22.5866680685428,0.0,0.18585526315789472,13.8,65,0,0.6,54,12.2,14.1,13.7,0.0,0.0,0.0,11.0,74.0,0.0,0.0,1.0,178.0,0.0,100800.0
2025-01-23 22:00:00,26.095390385063,22.7132205500865,0.0,0.18603801169590642,12.8,72,0,1.8,354,11.6,13.9,13.7,0.0,0.0,0.0,10.0,78.0,0.0,0.0,0.0,122.0,0.0,100880.0
2025-01-23 23:00:00,26.1926893527976,22.6625723345619,0.0,0.18622076023391812,11.8,72,0,2.3,290,11.1,13.8,13.7,0.0,0.0,0.0,9.0,80.0,0.0,0.0,0.0,103.0,0.0,100940.0
2025-01-24 00:00:00,26.0617357871312,22.4339457466082,0.0,0.18640350877192982,11.0,70,0,2.6,292,10.6,13.6,13.7,0.0,0.0,0.0,9.0,80.0,0.0,0.0,0.0,180.0,0.0,100990.0
2025-01-24 01:00:00,26.0596564471,22.4519610961342,0.0,0.18658625730994152,9.7,71,0,2.4,302,9.8,13.5,13.8,0.0,0.0,0.0,8.0,82.0,0.0,0.0,0.0,210.0,0.0,101020.0
2025-01-24 02:00:00,26.0399279262959,22.5665293564257,0.0,0.1867690058479532,9.1,70,0,3.7,265,9.5,13.3,13.8,0.0,0.0,0.0,8.0,81.0,0.0,0.0,0.0,180.0,0.0,101010.0
2025-01-24 03:00:00,26.1733887148887,22.4872217945628,0.0,0.1869517543859649,9.1,68,0,4.1,245,9.2,13.0,13.8,0.0,0.0,0.0,8.0,80.0,0.0,0.0,0.0,234.0,0.0,100990.0
2025-01-24 04:00:00,25.936117500713,22.4360001414142,0.0,0.1871345029239766,8.8,69,0,3.2,267,8.9,12.8,13.8,0.0,0.0,0.0,7.0,82.0,0.0,0.0,0.0,174.0,0.0,100970.0
2025-01-24 05:00:00,25.8466027982348,22.4532216875939,0.0,0.1873172514619883,8.5,70,0,3.3,270,8.7,12.6,13.8,0.0,0.0,0.0,7.0,81.0,0.0,0.0,0.0,173.0,0.0,100940.0
2025-01-24 06:00:00,25.9196168900006,22.388960075924,0.0,0.1875,7.9,72,0,5.4,260,8.5,12.4,13.8,0.0,0.0,0.0,6.0,82.0,0.0,0.0,1.0,174.0,0.0,100950.0
2025-01-24 07:00:00,26.016268722804,22.4538188040787,0.0,0.18768274853801167,7.8,74,0,6.8,255,8.4,12.1,13.8,0.0,0.0,0.01,7.0,81.0,0.0,0.0,0.0,192.0,0.0,100980.0
2025-01-24 08:00:00,25.7812265286862,22.3127324239765,0.0,0.18786549707602337,9.4,70,0,7.6,256,8.6,11.9,13.8,0.0,0.0,0.03,8.0,79.0,1663.0,0.0,1.0,228.0,0.0,101050.0
2025-01-24 09:00:00,25.9203000495452,22.4321474823715,0.0,0.18804824561403508,13.3,61,0,8.6,257,9.9,11.8,13.8,0.0,0.0,0.1,9.5,75.0,4798.0,0.0,1.0,237.0,0.0,101060.0
2025-01-24 10:00:00,26.100241890897,22.3611074152762,0.0,0.18823099415204678,16.3,56,0,6.2,283,11.8,11.8,13.8,0.0,0.0,0.19,11.0,71.0,7933.0,0.0,1.0,246.0,0.0,101070.0
2025-01-24 11:00:00,25.938878249013,22.1385181571757,0.0,0.18841374269005848,18.3,45,0,5.9,308,13.7,11.9,13.8,0.0,0.0,0.29,13.0,59.0,24067.0,1.0,2.0,262.0,0.0,101130.0
2025-01-24 12:00:00,25.8574427128157,22.1125575660323,0.0,0.18859649122807015,19.6,41,0,6.3,319,15.4,12.1,13.8,0.0,0.0,0.35,16.0,47.0,42611.0,2.0,3.0,251.0,0.0,101140.0
2025-01-24 13:00:00,25.8058387057659,22.1889799633048,0.0,0.18877923976608185,20.4,43,0,7.4,355,16.2,12.4,13.8,0.0,0.0,0.37,19.0,39.0,52733.0,5.0,2.0,264.0,0.0,101080.0
2025-01-24 14:00:00,25.7932429171503,22.1504839714374,0.0,0.18896198830409355,20.6,43,0,9.0,7,17.1,12.7,13.8,0.0,0.0,0.36,20.0,35.0,55518.0,4.0,2.0,312.0,0.0,100960.0
2025-01-24 15:00:00,26.0054389410765,22.2660912359825,0.0,0.18914473684210525,19.9,47,0,10.3,17,17.5,13.0,13.8,0.0,0.0,0.29,22.0,32.0,50377.0,2.0,0.0,145.0,0.0,100830.0
2025-01-24 16:00:00,25.9167761139402,22.2810114418762,0.0,0.18932748538011696,18.1,53,0,8.6,32,17.2,13.3,13.8,0.0,0.0,0.19,23.0,31.0,36131.0,2.0,0.0,243.0,0.0,100750.0
2025-01-24 17:00:00,25.7567942626472,22.4146030390049,0.0,0.18951023391812866,14.9,67,0,5.1,45,16.2,13.5,13.8,0.0,0.0,0.07,21.0,48.0,17824.0,1.0,4.0,17.0,0.0,100710.0
2025-01-24 18:00:00,25.7517457937962,22.2194489822913,0.0,0.18969298245614033,13.2,66,0,2.2,38,14.5,13.7,13.8,0.0,0.0,0.02,19.0,51.0,5258.0,0.0,2.0,48.0,0.0,100710.0
2025-01-24 19:00:00,26.0203182612586,22.2047547821912,0.0,0.18987573099415203,12.6,66,0,1.8,8,13.2,13.7,13.8,0.0,0.0,0.0,16.0,55.0,293.0,0.0,0.0,18.0,0.0,100710.0
2025-01-24 20:00:00,25.8540810588512,22.1287117022159,0.0,0.19005847953216373,11.4,69,0,2.4,320,12.2,13.6,13.8,0.0,0.0,0.0,13.0,66.0,0.0,0.0,0.0,24.0,0.0,100750.0
2025-01-24 21:00:00,25.8793269502957,22.2600378320264,0.0,0.19024122807017543,10.9,73,0,1.9,294,11.4,13.5,13.8,0.0,0.0,0.0,11.0,78.0,0.0,0.0,0.0,198.0,0.0,100800.0
2025-01-24 22:00:00,26.0841953730233,21.9514056112705,0.0,0.19042397660818713,9.8,80,0,5.6,277,10.8,13.3,13.8,0.0,0.0,0.0,10.0,78.0,0.0,0.0,0.0,186.0,0.0,100810.0
2025-01-24 23:00:00,25.8426170058322,22.1101619490286,0.0,0.1906067251461988,9.5,83,0,6.0,263,10.4,13.2,13.8,0.0,0.0,0.0,9.0,84.0,0.0,0.0,0.0,180.0,0.0,100790.0
2025-01-25 00:00:00,25.8723145190591,21.9920658454993,0.0,0.1907894736842105,9.3,80,0,6.5,262,10.1,13.0,13.8,0.0,0.0,0.0,9.0,93.0,0.0,0.0,0.0,180.0,0.0,100840.0
2025-01-25 01:00:00,25.807716977287,22.0912660371515,0.0,0.1909722222222222,9.2,75,0,6.4,256,9.9,13.1,13.8,0.0,0.0,0.0,8.0,94.0,0.0,0.0,0.0,180.0,0.0,100840.0
2025-01-25 02:00:00,25.8055097245543,22.1416387797193,0.0,0.1911549707602339,8.6,70,0,4.8,265,9.6,12.9,13.8,0.0,0.0,0.0,9.0,88.0,0.0,0.0,0.0,186.0,0.0,100820.0
2025-01-25 03:00:00,25.8097804604796,22.0408743802283,0.0,0.1913377192982456,8.3,65,0,4.8,255,9.2,12.7,13.8,0.0,0.0,0.01,7.0,90.0,0.0,0.0,0.0,174.0,0.0,100820.0
2025-01-25 04:00:00,25.5730467764639,22.2138010168848,0.0,0.1915204678362573,8.1,63,0,4.3,231,8.9,12.5,13.8,0.0,0.0,0.01,7.0,90.0,0.0,0.0,0.0,180.0,0.0,100820.0
2025-01-25 05:00:00,25.6911796614775,22.1094555045392,0.0,0.191703216374269,7.6,65,0,4.5,267,8.5,12.3,13.8,0.0,0.0,0.0,7.0,82.0,0.0,0.0,1.0,174.0,0.0,100730.0
2025-01-25 06:00:00,25.7326232603273,21.9179948892494,0.0,0.1918859649122807,7.7,62,0,6.5,240,8.3,12.1,13.8,0.0,0.0,0.01,7.0,80.0,0.0,0.0,2.0,171.0,0.0,100730.0
2025-01-25 07:00:00,25.7174281804843,22.1549584139266,0.0,0.1920687134502924,8.0,56,0,7.4,219,8.2,11.9,13.8,0.0,0.0,0.02,11.0,67.0,0.0,0.0,2.0,240.0,0.0,100780.0
2025-01-25 08:00:00,25.6636066203633,21.9481543332202,0.0,0.1922514619883041,9.7,57,6,6.8,235,8.4,11.7,13.8,0.0,0.0,0.04,10.0,67.0,0.0,0.0,2.0,210.0,0.0,100830.0
2025-01-25 09:00:00,25.5611716849828,22.1064037732789,0.0,0.1924342105263158,14.2,52,5,7.3,246,9.8,11.5,13.8,0.0,0.0,0.11,10.0,65.0,2584.0,0.0,1.0,228.0,0.0,100870.0
2025-01-25 10:00:00,25.589867911524,21.9923762256624,0.0,0.19261695906432746,17.8,48,2,5.1,243,11.8,11.6,13.8,0.0,0.0,0.2,13.0,58.0,10282.0,0.0,2.0,240.0,0.0,100960.0
2025-01-25 11:00:00,25.7139087913312,21.6992548884177,0.0,0.19279970760233917,19.7,39,11,12.6,312,13.7,11.7,13.8,0.0,0.0,0.33,16.0,47.0,27768.0,2.0,2.0,258.0,0.0,101010.0
2025-01-25 12:00:00,25.7073615873499,21.8814361393168,0.0,0.19298245614035087,19.7,39,86,9.7,319,15.2,11.9,13.8,0.0,0.0,0.36,18.0,41.0,45342.0,3.0,3.0,264.0,0.0,101070.0
2025-01-25 13:00:00,25.6754974963068,22.0009913463228,0.0,0.19316520467836257,20.4,44,4,3.9,21,16.6,12.4,13.8,0.0,0.0,0.36,19.0,39.0,55181.0,4.0,2.0,206.0,0.0,100960.0
2025-01-25 14:00:00,25.8034726380683,21.8147922900315,0.0,0.19334795321637427,20.6,50,59,10.4,19,17.5,12.7,13.8,0.0,0.0,0.35,22.0,35.0,58328.0,4.0,1.0,265.0,0.0,100810.0
2025-01-25 15:00:00,25.4428290149894,21.8749588044199,0.0,0.19353070175438594,18.7,64,7,10.7,24,17.7,13.0,13.8,0.0,0.0,0.26,21.0,39.0,48296.0,3.0,5.0,12.0,0.0,100770.0
2025-01-25 16:00:00,25.5839122024122,22.0573719444259,0.0,0.19371345029239764,17.5,75,1,9.8,1,17.4,13.3,13.8,0.0,0.0,0.16,19.0,54.0,34173.0,1.0,4.0,36.0,0.0,100810.0
2025-01-25 17:00:00,25.7986651366235,21.9117997303273,0.0,0.19389619883040934,15.9,85,73,2.5,7,16.5,13.6,13.8,0.0,0.0,0.05,19.0,60.0,21632.0,1.0,4.0,4.0,0.0,100860.0
2025-01-25 18:00:00,25.3393594735578,21.8207488250342,0.0,0.19407894736842105,14.4,90,54,5.9,153,15.3,13.7,13.8,0.0,0.0,0.02,18.0,62.0,5017.0,0.0,3.0,0.0,0.0,100950.0
2025-01-25 19:00:00,25.6969996083402,22.1564579566941,0.0,0.19426169590643275,12.4,93,67,5.6,166,14.2,13.8,13.8,0.0,0.0,0.0,16.0,69.0,55.0,0.0,1.0,137.0,0.0,101000.0
2025-01-25 20:00:00,25.6412454647014,21.8069522299325,0.0,0.19444444444444442,11.4,94,89,5.1,198,13.4,13.8,13.9,0.0,0.0,0.0,15.0,72.0,0.0,0.0,0.0,174.0,0.0,101040.0
2025-01-25 21:00:00,25.5796010353099,21.8836967684191,0.0,0.19462719298245612,11.0,94,60,6.6,210,12.7,13.7,13.9,0.0,0.0,0.0,14.0,71.0,0.0,0.0,1.0,180.0,0.0,101050.0
2025-01-25 22:00:00,25.6119444780521,21.9073641421574,0.0,0.19480994152046782,10.6,93,99,5.7,202,12.2,13.6,13.9,0.0,0.0,0.0,12.0,80.0,0.0,0.0,0.0,347.0,0.0,101060.0
2025-01-25 23:00:00,25.695174407839,22.0857154223615,0.0,0.19499269005847952,10.9,93,100,5.0,213,11.9,13.5,13.9,0.0,0.0,0.0,12.0,78.0,0.0,0.0,0.0,152.0,0.0,101100.0
2025-01-26 00:00:00,25.6054568700262,21.9465179466578,0.0,0.19517543859649122,11.0,93,100,4.9,208,11.8,13.4,13.9,0.0,0.0,0.0,12.0,78.0,0.0,0.0,2.0,186.0,0.0,101120.0
2025-01-26 01:00:00,25.8453953727413,21.6843894266607,0.0,0.19535818713450293,11.1,83,92,2.2,90,12.5,13.6,13.9,0.0,0.0,0.0,14.0,74.0,0.0,0.0,0.0,211.0,0.0,101130.0
2025-01-26 02:00:00,25.6238940818545,21.7281066359918,0.0,0.1955409356725146,11.5,77,47,1.8,72,12.0,13.5,13.9,0.0,0.0,0.0,13.0,79.0,0.0,0.0,2.0,32.0,0.0,101140.0
2025-01-26 03:00:00,25.6763097999394,22.0904057785675,0.0,0.1957236842105263,10.9,74,0,1.1,133,11.3,13.4,13.9,0.0,0.0,0.0,12.0,78.0,0.0,0.0,2.0,170.0,0.0,101160.0
2025-01-26 04:00:00,25.6899610889824,21.8202747678674,0.0,0.195906432748538,10.2,76,0,2.2,140,10.7,13.3,13.9,0.0,0.0,0.0,12.0,80.0,0.0,0.0,1.0,192.0,0.0,101180.0
2025-01-26 05:00:00,25.6406954652425,21.7892374813041,0.0,0.1960891812865497,10.5,72,0,1.7,122,10.3,13.1,13.9,0.0,0.0,0.0,9.0,88.0,0.0,0.0,0.0,160.0,0.0,101120.0
2025-01-26 06:00:00,25.4719931530829,21.6592606953523,0.0,0.1962719298245614,9.6,77,2,4.6,263,9.9,13.0,13.9,0.0,0.0,0.0,8.0,87.0,0.0,0.0,0.0,192.0,0.0,101100.0
2025-01-26 07:00:00,25.5391648913614,21.9396314425572,0.0,0.19645467836257308,9.1,80,8,5.6,217,9.7,12.8,13.9,0.0,0.0,0.0,8.0,87.0,0.0,0.0,0.0,180.0,0.0,101090.0
2025-01-26 08:00:00,25.3795237965374,21.787693408015,0.0,0.19663742690058478,9.7,80,3,5.2,247,9.7,12.6,13.9,0.0,0.0,0.02,8.0,84.0,0.0,0.0,0.0,186.0,0.0,101130.0
2025-01-26 09:00:00,25.5718124131818,21.678785526939,0.0,0.19682017543859648,14.2,69,0,7.1,233,10.9,12.5,13.9,0.0,0.0,0.09,9.0,82.0,3835.0,0.0,0.0,182.0,0.0,101170.0
2025-01-26 10:00:00,25.4740265404248,21.8024067263165,0.0,0.19700292397660818,17.2,59,39,4.8,310,12.8,12.5,13.9,0.0,0.0,0.19,14.0,71.0,14096.0,1.0,2.0,251.0,0.0,101270.0
2025-01-26 11:00:00,25.4369314168935,21.810771949216,0.0,0.19718567251461988,19.1,52,55,3.7,331,14.7,12.6,13.9,0.0,0.0,0.28,16.0,58.0,32072.0,2.0,3.0,222.0,0.0,101260.0
2025-01-26 12:00:00,25.4009359582287,21.5666305717209,0.0,0.19736842105263158,20.9,47,57,5.9,317,16.4,12.8,13.9,0.0,0.0,0.36,18.0,48.0,48164.0,2.0,3.0,264.0,0.0,101280.0
2025-01-26 13:00:00,25.4511755383285,21.7352146350684,0.0,0.19755116959064326,22.2,44,98,4.4,309,17.5,13.1,13.9,0.0,0.0,0.36,20.0,43.0,57282.0,2.0,1.0,159.0,0.0,101160.0
2025-01-26 14:00:00,25.3274669012193,21.8277057650678,0.0,0.19773391812865496,23.5,37,86,5.9,294,18.5,13.4,13.9,0.0,0.0,0.35,21.0,40.0,53248.0,5.0,2.0,222.0,0.0,101010.0
2025-01-26 15:00:00,25.4042961046715,21.661303661516,0.0,0.19791666666666666,22.2,47,100,9.4,352,18.9,13.7,13.9,0.0,0.0,0.31,24.0,33.0,47156.0,3.0,3.0,275.0,0.0,100920.0
2025-01-26 16:00:00,25.5520880981231,21.8439280522002,0.0,0.19809941520467836,18.8,61,100,10.6,36,18.3,14.0,13.9,0.0,0.0,0.17,22.0,41.0,26132.0,1.0,3.0,10.0,0.0,100900.0
2025-01-26 17:00:00,25.5043681411903,21.6812897810924,0.0,0.19828216374269006,15.9,70,100,8.2,72,17.3,14.3,13.9,0.0,0.0,0.08,19.0,54.0,17628.0,1.0,5.0,7.0,0.0,100960.0
2025-01-26 18:00:00,25.3029720230714,21.5849729434043,0.0,0.19846491228070173,13.3,80,100,3.5,30,15.7,14.4,13.9,0.0,0.0,0.02,18.0,61.0,5344.0,0.0,2.0,30.0,0.0,100960.0
2025-01-26 19:00:00,25.3797716326132,21.6689494700066,0.0,0.19864766081871343,12.1,86,100,1.8,360,14.4,14.4,14.0,0.0,0.0,0.0,15.0,67.0,0.0,0.0,0.0,349.0,0.0,100940.0
2025-01-26 20:00:00,25.6375725707989,21.5903479754168,0.0,0.19883040935672514,11.7,87,100,1.1,114,13.4,14.4,14.0,0.0,0.0,0.0,15.0,78.0,0.0,0.0,1.0,36.0,0.0,101070.0
2025-01-26 21:00:00,25.6084473770529,21.738599919724,0.0,0.19901315789473684,12.0,82,100,2.1,204,12.7,14.3,14.0,0.0,0.0,0.0,13.0,79.0,0.0,0.0,0.0,150.0,0.0,101130.0
2025-01-26 22:00:00,25.4307172178074,21.5884454702233,0.0,0.19919590643274854,11.7,77,94,4.7,225,12.2,14.2,14.0,0.0,0.0,0.0,14.0,75.0,0.0,0.0,2.0,136.0,0.0,101180.0
2025-01-26 23:00:00,25.5485255811229,21.6111346879999,0.0,0.1993786549707602,11.0,70,57,5.3,227,11.6,14.0,14.0,0.0,0.0,0.01,12.0,79.0,0.0,0.0,1.0,186.0,0.0,101180.0
2025-01-27 00:00:00,25.3933903275716,21.5228231365591,0.0,0.1995614035087719,10.9,65,95,6.5,220,11.1,13.8,14.0,0.0,0.0,0.01,10.0,85.0,0.0,0.0,0.0,288.0,0.0,101160.0
2025-01-27 01:00:00,25.1375206481385,21.7321282114072,0.0,0.1997441520467836,11.1,70,99,6.6,221,10.6,13.7,14.0,0.0,0.0,0.01,10.0,85.0,0.0,0.0,1.0,188.0,0.0,101140.0
2025-01-27 02:00:00,25.4797813195231,21.6690923888605,0.0,0.19992690058479531,12.9,64,84,9.8,218,10.6,13.6,14.0,0.0,0.0,0.03,10.0,79.0,0.0,0.0,1.0,168.0,0.0,101100.0
2025-01-27 03:00:00,25.3801006922027,21.7120955399721,0.0,0.20010964912280702,16.3,56,99,17.6,217,11.2,13.4,14.0,0.0,0.0,0.08,12.0,71.0,0.0,0.0,2.0,192.0,0.0,101040.0
2025-01-27 04:00:00,25.2749387350183,21.4212693544505,0.0,0.2002923976608187,17.7,52,94,23.6,219,12.1,13.3,14.0,0.0,0.0,0.12,14.0,62.0,0.0,0.0,3.0,258.0,0.0,101010.0
2025-01-27 05:00:00,25.4217915344867,21.6218329881569,0.0,0.2004751461988304,18.0,49,97,23.8,220,12.9,13.3,14.0,0.0,0.0,0.13,14.0,63.0,0.0,0.0,3.0,264.0,0.0,100950.0
2025-01-27 06:00:00,25.2496563465791,21.6151229911208,0.0,0.2006578947368421,18.1,45,99,22.2,220,13.4,13.3,14.0,0.0,0.0,0.14,15.0,59.0,0.0,0.0,4.0,285.0,0.0,100910.0
2025-01-27 07:00:00,25.2870554218467,21.762323902141,0.0,0.2008406432748538,18.1,42,99,20.9,221,13.7,13.3,14.0,0.0,0.0,0.14,15.0,60.0,0.0,0.0,4.0,276.0,0.0,100910.0
2025-01-27 08:00:00,25.1537481734605,21.6864291331268,0.0,0.2010233918128655,18.1,43,86,20.9,222,14.0,13.4,14.0,0.0,0.0,0.15,15.0,57.0,78.0,0.0,4.0,252.0,0.0,100940.0
2025-01-27 09:00:00,25.3203358087765,21.5391541197909,0.0,0.2012061403508772,19.7,40,98,20.4,225,14.6,13.4,14.0,0.0,0.0,0.21,16.0,54.0,5064.0,0.0,4.0,258.0,0.0,100990.0
2025-01-27 10:00:00,25.1705452971405,21.437888833195,0.0,0.20138888888888887,21.5,35,74,23.3,227,15.6,13.6,14.0,0.0,0.0,0.32,18.0,48.0,10974.0,0.0,3.0,264.0,0.0,101030.0
2025-01-27 11:00:00,25.312571357338,21.5330295262837,0.0,0.20157163742690057,23.2,32,38,26.0,225,16.9,13.7,14.0,0.0,0.0,0.43,21.0,42.0,32289.0,2.0,4.0,263.0,0.0,101070.0
2025-01-27 12:00:00,25.3402642909092,21.5689795813551,0.0,0.20175438596491227,24.7,29,27,26.5,226,18.1,14.0,14.0,0.0,0.0,0.5,23.0,33.0,52599.0,3.0,6.0,277.0,0.0,100970.0
2025-01-27 13:00:00,25.2202906754316,21.5347640952806,0.0,0.20193713450292397,25.9,26,67,25.9,231,19.9,14.4,14.1,0.0,0.0,0.54,25.0,26.0,57155.0,3.0,7.0,278.0,0.0,100850.0
2025-01-27 14:00:00,25.503343601396,21.5037068732484,0.0,0.20211988304093567,27.0,22,87,29.7,228,20.5,14.8,14.1,0.0,0.0,0.57,26.0,24.0,49647.0,3.0,5.0,247.0,0.0,100740.0
2025-01-27 15:00:00,25.2719369520736,21.4999833232178,0.0,0.20230263157894735,26.5,24,88,21.6,246,20.7,15.1,14.1,0.0,0.0,0.46,27.0,23.0,40426.0,3.0,6.0,222.0,0.0,100660.0
2025-01-27 16:00:00,25.3534561201327,21.2857143189502,0.0,0.20248538011695905,24.4,30,67,10.3,262,20.4,15.4,14.1,0.0,0.0,0.26,27.0,24.0,29581.0,2.0,4.0,222.0,0.0,100680.0
2025-01-27 17:00:00,25.4670869471853,21.7226755941059,0.0,0.20266812865497075,20.9,44,17,6.6,264,19.3,15.6,14.1,0.0,0.0,0.11,22.0,49.0,14068.0,0.0,3.0,38.0,0.0,100690.0
2025-01-27 18:00:00,25.2560297371493,21.6789370502594,0.0,0.20285087719298245,18.9,39,41,4.5,254,17.6,15.8,14.1,0.0,0.0,0.05,21.0,56.0,3184.0,0.0,4.0,102.0,0.0,100700.0
2025-01-27 19:00:00,25.3088326649706,21.5282931560536,0.0,0.20303362573099415,17.8,40,47,8.6,244,16.4,15.8,14.2,0.0,0.0,0.06,19.0,60.0,0.0,0.0,1.0,88.0,0.0,100790.0
2025-01-27 20:00:00,25.302658296418,21.6228233832256,0.0,0.20321637426900585,19.6,42,19,15.1,225,16.1,15.8,14.2,0.0,0.0,0.11,17.0,62.0,0.0,0.0,0.0,152.0,0.0,100870.0
2025-01-27 21:00:00,25.322982944134,21.7481671407309,0.0,0.20339912280701752,19.5,55,37,19.1,222,16.2,15.8,14.2,0.0,0.0,0.1,21.0,40.0,0.0,0.0,2.0,288.0,0.0,100880.0
2025-01-27 22:00:00,25.4102905442884,21.5316541482522,0.0,0.20358187134502922,19.6,59,28,18.5,228,16.3,15.8,14.2,0.0,0.0,0.09,21.0,41.0,0.0,0.0,4.0,264.0,0.0,100930.0
2025-01-27 23:00:00,25.2901152351861,21.4588321927869,0.0,0.20376461988304093,17.1,73,100,10.6,294,16.1,15.8,14.2,0.1,0.1,0.03,20.0,53.0,0.0,0.0,2.0,282.0,0.0,100990.0
2025-01-28 00:00:00,25.4439618996797,21.4118376051461,0.0,0.20394736842105263,16.3,82,100,9.0,289,15.8,15.8,14.2,0.3,0.3,0.01,18.0,66.0,0.0,0.0,3.0,2.0,0.0,101080.0
2025-01-28 01:00:00,25.2213461512099,21.4022492061377,0.0,0.20413011695906433,16.9,77,100,11.4,274,16.9,16.0,14.2,0.1,0.1,0.02,16.0,76.0,0.0,0.0,1.0,210.0,0.0,101130.0
2025-01-28 02:00:00,25.2207871938791,21.4036513606887,0.0,0.204312865497076,16.9,72,100,11.8,263,16.5,16.0,14.3,0.0,0.0,0.03,17.0,77.0,0.0,0.0,2.0,279.0,0.0,101140.0
2025-01-28 03:00:00,25.1829471261936,21.3471031189492,0.0,0.2044956140350877,16.4,73,100,10.2,257,16.2,16.0,14.3,0.1,0.1,0.02,17.0,75.0,0.0,0.0,0.0,244.0,0.0,101150.0
2025-01-28 04:00:00,25.118901596291,21.4592438469883,0.0,0.2046783625730994,15.9,77,100,10.4,255,15.9,15.9,14.3,0.1,0.1,0.02,16.0,76.0,0.0,0.0,3.0,258.0,0.0,101140.0
2025-01-28 05:00:00,25.4856219895442,21.5605984767683,0.0,0.2048611111111111,15.6,78,100,10.7,257,15.6,15.9,14.3,0.2,0.2,0.02,14.0,90.0,0.0,0.0,2.0,186.0,0.0,101180.0
2025-01-28 06:00:00,25.1952323253512,21.3570048455864,0.0,0.2050438596491228,15.2,78,100,11.1,237,15.1,15.8,14.3,0.3,0.3,0.02,15.0,85.0,0.0,0.0,1.0,198.0,0.0,101190.0
2025-01-28 07:00:00,25.4285355679524,21.3960753132579,0.0,0.20522660818713448,14.8,76,83,12.4,220,14.7,15.7,14.3,0.1,0.1,0.02,15.0,84.0,0.0,0.0,0.0,258.0,0.0,101240.0
2025-01-28 08:00:00,25.2522689073375,21.3740738966046,0.0,0.20540935672514618,14.5,75,34,14.3,216,14.4,15.6,14.4,0.0,0.0,0.05,15.0,79.0,285.0,0.0,3.0,234.0,0.0,101280.0
2025-01-28 09:00:00,25.3839498020462,21.5875842685808,0.0,0.20559210526315788,15.6,65,59,11.4,227,14.7,15.5,14.4,0.0,0.0,0.11,15.0,75.0,5315.0,0.0,2.0,245.0,0.0,101330.0
2025-01-28 10:00:00,25.183300241844,21.3378169151092,0.0,0.20577485380116958,16.9,61,36,8.1,261,15.6,15.5,14.4,0.0,0.0,0.16,16.0,62.0,20156.0,1.0,3.0,276.0,0.0,101390.0
2025-01-28 11:00:00,25.054263633626,21.4586633440722,0.0,0.20595760233918128,18.1,59,1,8.6,274,16.8,15.5,14.4,0.1,0.1,0.25,17.0,58.0,40134.0,2.0,4.0,228.0,0.0,101430.0
2025-01-28 12:00:00,25.1706426460287,21.4913968674579,0.0,0.20614035087719296,19.8,52,2,11.8,259,18.1,15.6,14.4,0.0,0.0,0.35,19.0,57.0,52820.0,4.0,3.0,283.0,0.0,101400.0
2025-01-28 13:00:00,25.0285783624751,21.5832749758841,0.0,0.20632309941520466,21.4,41,4,13.0,281,19.6,15.7,14.4,0.0,0.0,0.4,20.0,52.0,58086.0,4.0,6.0,224.0,0.0,101290.0
2025-01-28 14:00:00,25.2665777999412,21.5278122039108,0.0,0.20650584795321636,20.9,39,48,22.7,312,19.9,15.9,14.4,0.0,0.0,0.39,21.0,38.0,18376.0,1.0,5.0,296.0,0.0,101270.0
2025-01-28 15:00:00,25.1792301830679,21.460934501585,0.0,0.20668859649122806,16.9,66,61,26.4,304,19.2,16.1,14.4,0.0,0.0,0.2,19.0,45.0,61607.0,4.0,6.0,7.0,0.0,101340.0
2025-01-28 16:00:00,25.2720798994266,21.334998009711,0.0,0.20687134502923976,16.8,66,9,20.2,299,18.6,16.2,14.5,0.0,0.0,0.16,18.0,53.0,12564.0,1.0,8.0,306.0,0.0,101450.0
2025-01-28 17:00:00,25.1112173470853,21.4331874926545,0.0,0.20705409356725146,16.1,62,15,15.6,292,17.8,16.3,14.5,0.0,0.0,0.11,16.0,59.0,7579.0,0.0,7.0,340.0,0.0,101540.0
2025-01-28 18:00:00,25.1482825865322,21.4767904040419,0.0,0.20723684210526314,15.1,63,9,11.5,266,16.8,16.3,14.5,0.0,0.0,0.06,17.0,56.0,1651.0,0.0,4.0,288.0,0.0,101590.0
2025-01-28 19:00:00,25.2581821548814,21.4302462883552,0.0,0.20741959064327484,14.6,64,5,13.0,248,16.0,16.3,14.5,0.0,0.0,0.04,16.0,51.0,0.0,0.0,6.0,294.0,0.0,101610.0
2025-01-28 20:00:00,25.3034873572201,21.4076599253389,0.0,0.20760233918128654,14.0,62,10,9.8,249,15.3,16.2,14.5,0.0,0.0,0.04,16.0,54.0,0.0,0.0,4.0,262.0,0.0,101650.0
2025-01-28 21:00:00,25.2834007044503,21.3888521499004,0.0,0.20778508771929824,13.0,64,23,7.9,259,14.5,16.1,14.5,0.0,0.0,0.02,14.0,61.0,0.0,0.0,2.0,264.0,0.0,101730.0
2025-01-28 22:00:00,25.3293408553234,21.3101598499622,0.0,0.20796783625730994,12.9,65,3,9.1,276,13.9,16.0,14.6,0.0,0.0,0.03,14.0,52.0,0.0,0.0,2.0,308.0,0.0,101760.0
2025-01-28 23:00:00,25.2677496218991,21.4311094191581,0.0,0.2081505847953216,11.7,73,4,7.2,282,13.2,15.8,14.6,0.0,0.0,0.01,14.0,59.0,0.0,0.0,2.0,210.0,0.0,101790.0
2025-01-29 00:00:00,25.1348466953126,21.5321437986953,0.0,0.20833333333333331,11.3,76,19,4.0,263,12.5,15.6,14.6,0.0,0.0,0.0,13.0,65.0,0.0,0.0,3.0,186.0,0.0,101790.0
2025-01-29 01:00:00,25.14043949903,21.217045419977,0.0,0.20851608187134502,12.1,69,32,7.4,222,13.0,15.5,14.6,0.0,0.0,0.01,12.0,67.0,0.0,0.0,1.0,198.0,0.0,101790.0
2025-01-29 02:00:00,25.1601634909598,21.4595893853272,0.0,0.20869883040935672,11.9,71,28,9.4,224,12.8,15.3,14.6,0.0,0.0,0.02,12.0,70.0,0.0,0.0,1.0,252.0,0.0,101690.0
2025-01-29 03:00:00,25.0557493579651,21.3002764611359,0.0,0.20888157894736842,11.8,72,51,9.6,235,12.6,15.1,14.6,0.0,0.0,0.02,12.0,73.0,0.0,0.0,2.0,246.0,0.0,101660.0
2025-01-29 04:00:00,25.1777106952164,21.2984843667597,0.0,0.20906432748538012,11.9,74,38,10.8,229,12.5,15.0,14.6,0.0,0.0,0.02,11.0,75.0,0.0,0.0,2.0,270.0,0.0,101670.0
2025-01-29 05:00:00,25.1364606037963,21.3281085145331,0.0,0.2092470760233918,11.0,79,99,11.1,229,12.2,14.8,14.6,0.0,0.0,0.01,11.0,75.0,0.0,0.0,1.0,216.0,0.0,101610.0
2025-01-29 06:00:00,24.9289996303027,21.200864708553,0.0,0.2094298245614035,10.6,81,67,10.4,227,12.0,14.7,14.6,0.0,0.0,0.01,10.0,77.0,0.0,0.0,1.0,240.0,0.0,101640.0
2025-01-29 07:00:00,25.2243115753043,21.4666460450246,0.0,0.2096125730994152,9.7,85,99,7.4,215,11.6,14.5,14.6,0.0,0.0,0.0,11.0,75.0,0.0,0.0,1.0,198.0,0.0,101590.0
2025-01-29 08:00:00,25.0389991364389,21.3720448334435,0.0,0.2097953216374269,10.4,83,63,6.1,212,11.4,14.3,14.6,0.0,0.0,0.02,9.0,79.0,946.0,0.0,1.0,264.0,0.0,101570.0
2025-01-29 09:00:00,25.245326105493,21.5550411441264,0.0,0.2099780701754386,13.6,72,69,4.9,225,12.4,14.2,14.6,0.0,0.0,0.08,10.0,79.0,8121.0,0.0,2.0,264.0,0.0,101530.0
2025-01-29 10:00:00,25.3039259964475,23.2362546094301,0.0,0.21016081871345027,15.6,62,78,7.2,241,13.8,14.1,14.7,0.0,0.0,0.18,13.0,70.0,30645.0,2.0,1.0,288.0,0.0,101540.0
2025-01-29 11:00:00,25.0546996316018,23.9085753056504,0.0,0.21034356725146197,17.6,53,3,10.2,237,15.4,14.2,14.7,0.0,0.0,0.29,16.0,62.0,40646.0,2.0,3.0,296.0,0.0,101500.0
2025-01-29 12:00:00,24.968318903557,24.4997376827376,0.0,0.21052631578947367,19.4,43,31,11.4,245,16.9,14.3,14.7,0.0,0.0,0.37,17.0,51.0,48221.0,4.0,4.0,294.0,0.0,101350.0
2025-01-29 13:00:00,25.0241007390096,24.427328775585,0.0,0.21070906432748537,20.5,39,99,11.0,275,17.9,14.5,14.7,0.0,0.0,0.4,19.0,47.0,54672.0,5.0,5.0,298.0,0.0,101170.0
2025-01-29 14:00:00,24.9232850376881,24.2869435290926,0.0,0.21089181286549707,19.0,50,100,11.8,342,18.5,14.7,14.7,0.0,0.0,0.33,20.0,38.0,44723.0,3.0,4.0,270.0,0.0,101070.0
2025-01-29 15:00:00,25.0298045729718,24.3529816517917,0.0,0.21107456140350875,16.4,66,100,12.6,18,18.2,14.9,14.7,0.0,0.0,0.2,16.0,59.0,22120.0,1.0,5.0,59.0,0.0,101000.0
2025-01-29 16:00:00,25.1970755209755,24.1381651274162,0.0,0.21125730994152045,15.1,71,100,9.8,31,17.6,15.1,14.7,0.0,0.0,0.13,16.0,66.0,16184.0,1.0,4.0,42.0,0.0,101010.0
2025-01-29 17:00:00,25.0882805276702,24.2431369294567,0.0,0.21144005847953215,14.2,77,100,3.9,27,16.7,15.2,14.7,0.0,0.0,0.05,15.0,73.0,6096.0,0.0,3.0,48.0,0.0,100940.0
2025-01-29 18:00:00,25.2459633082921,24.2283006488044,0.0,0.21162280701754385,13.0,84,100,2.8,34,15.6,15.2,14.7,0.0,0.0,0.02,14.0,75.0,640.0,0.0,1.0,72.0,0.0,100940.0
2025-01-29 19:00:00,25.0580367671597,23.8833974409145,0.0,0.21180555555555555,12.2,87,100,3.1,52,14.6,15.2,14.7,0.0,0.0,0.0,13.0,80.0,0.0,0.0,1.0,140.0,0.0,100860.0
2025-01-29 20:00:00,25.0097536137516,24.0352304496967,0.0,0.21198830409356723,11.8,90,100,4.9,130,14.1,15.2,14.7,0.0,0.0,0.0,12.0,81.0,0.0,0.0,0.0,178.0,0.0,100760.0
2025-01-29 21:00:00,25.3116519772639,23.8557014885805,0.0,0.21217105263157893,11.5,92,100,3.5,219,13.6,15.1,14.7,0.0,0.0,0.0,11.0,85.0,0.0,0.0,0.0,198.0,0.0,100690.0
2025-01-29 22:00:00,25.2241590757684,23.7708518888065,0.0,0.21235380116959063,13.8,68,100,14.1,232,13.4,15.0,14.7,0.0,0.0,0.04,11.0,87.0,0.0,0.0,0.0,114.0,0.0,100660.0
2025-01-29 23:00:00,25.2827034710945,23.7350018053918,0.0,0.21253654970760233,16.2,48,100,27.9,227,13.7,14.9,14.7,0.0,0.0,0.14,11.0,85.0,0.0,0.0,2.0,42.0,0.0,100680.0
2025-01-30 00:00:00,25.0849976175653,23.6826559051229,0.0,0.21271929824561403,14.6,62,99,28.1,224,14.0,14.8,14.7,0.4,0.4,0.09,14.0,65.0,0.0,0.0,0.0,342.0,0.0,100670.0
2025-01-30 01:00:00,25.2925713300931,23.7380710562345,0.0,0.21290204678362573,14.7,62,98,24.0,233,15.1,14.9,14.7,0.0,0.0,0.08,16.0,53.0,0.0,0.0,4.0,318.0,0.0,100630.0
2025-01-30 02:00:00,25.2392505560868,23.6863861885303,0.0,0.2130847953216374,13.3,76,96,13.3,261,14.5,14.9,14.8,0.5,0.5,0.02,14.0,70.0,0.0,0.0,2.0,328.0,0.0,100640.0
2025-01-30 03:00:00,25.30060503574,23.6838121221897,0.0,0.2132675438596491,12.0,87,100,4.2,283,13.7,14.8,14.8,0.3,0.3,0.0,13.0,75.0,0.0,0.0,1.0,270.0,0.0,100650.0
2025-01-30 04:00:00,25.1358843802064,23.5738053202836,0.0,0.2134502923976608,12.0,91,100,6.3,223,13.2,14.7,14.8,1.0,1.0,0.0,13.0,78.0,0.0,0.0,2.0,252.0,0.0,100620.0
2025-01-30 05:00:00,25.4516858533205,23.5577961411238,0.0,0.2136330409356725,12.1,89,100,3.4,227,12.9,14.6,14.8,0.5,0.5,0.0,12.0,85.0,0.0,0.0,3.0,282.0,0.0,100670.0
2025-01-30 06:00:00,25.3246109015208,23.5173353322018,0.0,0.2138157894736842,10.9,92,62,5.2,230,12.4,14.5,14.8,6.5,6.5,0.0,11.0,90.0,0.0,0.0,2.0,234.0,0.0,100710.0
2025-01-30 07:00:00,25.2305239905298,23.4776109658321,0.0,0.21399853801169588,10.5,89,99,3.0,276,12.1,14.4,14.8,5.1,5.1,0.0,10.5,89.0,0.0,0.0,2.0,222.0,0.0,100685.0
2025-01-30 08:00:00,25.2597120537937,23.5301753874969,0.0,0.21418128654970758,10.6,88,56,10.3,224,11.9,14.2,14.8,2.4,2.4,0.03,10.0,88.0,0.0,0.0,2.0,210.0,0.0,100660.0
2025-01-30 09:00:00,25.3999082474692,23.420457964182,0.0,0.21436403508771928,11.7,82,56,11.1,233,12.1,14.1,14.8,0.1,0.1,0.07,9.0,90.0,1960.0,0.0,2.0,228.0,0.0,100730.0
2025-01-30 10:00:00,25.4367664293614,23.4731744280338,0.0,0.21454678362573099,11.3,76,84,19.6,252,12.5,14.0,14.8,1.6,1.6,0.13,11.0,84.0,5467.0,0.0,4.0,210.0,0.0,100840.0
2025-01-30 11:00:00,25.4139112215598,23.3177180270105,0.0,0.2147295321637427,13.2,64,21,19.9,253,13.1,13.9,14.8,0.0,0.0,0.19,13.0,71.0,30068.0,1.0,4.0,240.0,0.0,100900.0
2025-01-30 12:00:00,25.3654180617964,23.3464992331264,0.0,0.2149122807017544,13.8,62,25,22.7,264,14.0,13.9,14.8,0.1,0.1,0.24,14.0,60.0,56258.0,3.0,7.0,267.0,0.0,100920.0
2025-01-30 13:00:00,25.3662898498015,23.2920365191633,0.0,0.21509502923976606,14.2,54,55,21.5,263,13.9,13.8,14.8,1.2,1.2,0.23,12.0,80.0,31088.0,2.0,3.0,264.0,0.0,100880.0
2025-01-30 14:00:00,25.2243753751406,23.4417930640694,0.0,0.21527777777777776,14.4,52,54,22.7,283,14.4,13.8,14.8,0.0,0.0,0.24,13.0,73.0,37020.0,2.0,4.0,264.0,0.0,100830.0
2025-01-30 15:00:00,25.6832639635644,23.3577562101137,0.0,0.21546052631578946,13.7,58,56,22.3,293,14.6,13.9,14.8,0.2,0.2,0.2,12.0,75.0,16529.0,0.0,7.0,276.0,0.0,100820.0
2025-01-30 16:00:00,25.49632367131,23.3309565040659,0.0,0.21564327485380116,13.5,64,32,17.7,289,14.1,13.9,14.8,0.2,0.2,0.14,14.0,67.0,12127.0,1.0,8.0,342.0,0.0,100820.0
2025-01-30 17:00:00,25.2864049716565,23.4622955395564,0.0,0.21582602339181287,13.0,63,29,12.6,284,13.7,13.9,14.8,0.1,0.1,0.09,13.0,71.0,8418.0,0.0,7.0,340.0,0.0,100860.0
2025-01-30 18:00:00,25.496379535436,23.3842717794645,0.0,0.21600877192982454,11.8,67,48,8.6,280,12.8,13.9,14.8,0.2,0.2,0.04,13.0,68.0,5770.0,0.0,5.0,285.0,0.0,100900.0
2025-01-30 19:00:00,25.4014696496291,23.3769942175372,0.0,0.21619152046783624,10.6,79,43,7.2,247,12.0,13.8,14.8,1.0,1.0,0.0,12.0,69.0,462.0,0.0,2.0,300.0,0.0,101000.0
2025-01-30 20:00:00,25.5842785998627,23.2331059273914,0.0,0.21637426900584794,9.9,86,25,9.1,208,11.3,13.7,14.8,1.0,1.0,0.0,12.0,69.0,0.0,0.0,3.0,270.0,0.0,101060.0
2025-01-30 21:00:00,25.3829400857985,23.4807060020681,0.0,0.21655701754385964,9.4,90,40,11.6,194,10.8,13.5,14.8,0.0,0.0,0.0,11.0,72.0,0.0,0.0,3.0,234.0,0.0,101160.0
2025-01-30 22:00:00,25.6126990114088,23.4575852853299,0.0,0.21673976608187134,9.4,84,22,12.3,216,10.5,13.3,14.8,0.0,0.0,0.01,11.0,70.0,0.0,0.0,2.0,240.0,0.0,101200.0
2025-01-30 23:00:00,25.5862889295745,23.1933437198795,0.0,0.21692251461988302,9.6,80,71,14.1,208,10.2,13.1,14.8,0.0,0.0,0.02,11.0,73.0,0.0,0.0,3.0,216.0,0.0,101240.0
2025-01-31 00:00:00,25.3058073126592,23.3591521402281,0.0,0.21710526315789472,9.3,78,83,7.2,211,10.1,13.0,14.7,0.0,0.0,0.0,11.0,72.0,0.0,0.0,2.0,222.0,0.0,101240.0
2025-01-31 01:00:00,25.4330938782548,23.1816483790293,0.0,0.21728801169590642,9.3,89,93,4.5,189,11.5,13.3,14.8,3.0,3.0,0.0,11.0,72.0,0.0,0.0,2.0,228.0,0.0,101260.0
2025-01-31 02:00:00,25.5018273772593,23.1525791843748,0.0,0.21747076023391812,8.6,96,97,7.7,144,10.9,13.2,14.8,1.2,1.2,0.0,11.0,69.0,0.0,0.0,2.0,234.0,0.0,101250.0
2025-01-31 03:00:00,25.4160473031384,23.4743296743595,0.0,0.21765350877192982,8.4,88,11,13.9,200,10.3,13.0,14.8,0.1,0.1,0.0,11.0,69.0,0.0,0.0,2.0,228.0,0.0,101240.0
2025-01-31 04:00:00,25.4843349749222,23.254199930036,0.0,0.2178362573099415,8.1,87,4,9.8,221,9.8,12.8,14.7,0.0,0.0,0.0,11.0,71.0,0.0,0.0,1.0,240.0,0.0,101210.0
2025-01-31 05:00:00,25.4462425862866,23.1519700631366,0.0,0.2180190058479532,7.8,82,22,12.2,220,9.3,12.6,14.7,0.0,0.0,0.01,10.0,72.0,0.0,0.0,1.0,198.0,0.0,101210.0
2025-01-31 06:00:00,25.4246618093556,23.1554842506913,0.0,0.2182017543859649,7.6,81,58,12.4,215,9.0,12.4,14.7,0.0,0.0,0.01,11.0,68.0,0.0,0.0,2.0,252.0,0.0,101210.0
2025-01-31 07:00:00,25.5390740512696,23.2217981662953,0.0,0.2183845029239766,7.8,79,93,9.4,209,8.8,12.2,14.7,0.1,0.1,0.01,11.0,66.0,0.0,0.0,2.0,222.0,0.0,101230.0
2025-01-31 08:00:00,25.5626028921292,23.10781890721,0.0,0.2185672514619883,7.7,91,100,10.6,101,8.9,12.0,14.7,4.8,4.8,0.02,11.0,64.0,0.0,0.0,3.0,252.0,0.0,101210.0
2025-01-31 09:00:00,25.6326758372997,23.1714164342325,0.0,0.21875,9.1,90,94,11.7,203,9.4,11.9,14.7,5.1,5.1,0.04,10.0,72.0,856.0,0.0,2.0,329.0,0.0,101310.0
2025-01-31 10:00:00,25.4976340091545,23.379833383428,0.0,0.21893274853801167,10.9,79,21,14.1,223,10.3,11.8,14.7,0.1,0.1,0.1,8.0,86.0,660.0,0.0,4.0,116.0,7.0,101460.0
2025-01-31 11:00:00,25.4176738094638,25.4936746410325,0.0,0.21911549707602337,11.9,72,63,12.3,239,11.2,11.8,14.7,0.0,0.0,0.15,8.0,91.0,3972.0,0.0,3.0,216.0,38.0,101490.0
2025-01-31 12:00:00,25.9952567072423,26.1211134069768,0.0,0.21929824561403508,13.1,63,63,11.8,260,12.4,11.8,14.7,0.0,0.0,0.22,9.0,89.0,9928.0,1.0,4.0,258.0,5.0,101520.0
2025-01-31 13:00:00,27.6259778890399,26.2866168764535,0.0,0.21948099415204678,14.7,57,6,6.0,300,13.5,12.0,14.6,0.0,0.0,0.32,10.0,82.0,22831.0,2.0,0.0,114.0,1.0,101500.0
2025-01-31 14:00:00,27.7569886064748,26.1241579313244,0.0,0.21966374269005848,15.0,55,5,6.8,340,14.7,12.2,14.6,0.0,0.0,0.3,12.0,76.0,52372.0,5.0,4.0,239.0,0.0,101400.0
2025-01-31 15:00:00,28.0093187758662,26.2521481061717,0.0,0.21984649122807015,14.7,56,10,10.0,349,15.1,12.5,14.6,0.0,0.0,0.24,12.0,75.0,29592.0,2.0,2.0,228.0,0.0,101390.0
2025-01-31 16:00:00,28.0553968249858,25.9390257691373,0.0,0.22002923976608185,13.7,62,25,11.3,357,14.7,12.7,14.6,0.0,0.0,0.15,13.0,70.0,20409.0,2.0,3.0,264.0,0.0,101380.0
2025-01-31 17:00:00,28.2650029840781,25.8685187453196,0.0,0.22021198830409355,12.4,71,29,5.8,24,14.0,12.9,14.6,0.0,0.0,0.07,13.0,72.0,15036.0,1.0,0.0,282.0,0.0,101410.0
2025-01-31 18:00:00,28.2950149818281,25.668295446528,0.0,0.22039473684210525,10.2,79,28,2.5,34,12.7,12.9,14.6,0.1,0.1,0.01,13.0,71.0,5997.0,0.0,0.0,228.0,0.0,101420.0
2025-01-31 19:00:00,28.0761724293827,25.730253900717,0.0,0.22057748538011696,9.2,84,43,2.5,225,11.6,12.9,14.6,0.0,0.0,0.0,12.0,77.0,176.0,0.0,0.0,204.0,0.0,101450.0
2025-01-31 20:00:00,28.1847298395221,25.6388651955324,0.0,0.22076023391812866,8.7,83,70,3.1,280,10.9,12.8,14.6,0.2,0.2,0.0,11.0,79.0,0.0,0.0,0.0,258.0,0.0,101510.0
2025-01-31 21:00:00,28.3161579377712,25.7923545217207,0.0,0.22094298245614033,9.0,88,59,6.2,235,10.6,12.7,14.6,0.1,0.1,0.0,10.0,88.0,0.0,0.0,1.0,188.0,0.0,101520.0
2025-01-31 22:00:00,28.2424291069102,25.9335983715476,0.0,0.22112573099415203,8.9,92,63,8.5,205,10.4,12.6,14.6,0.1,0.1,0.0,11.0,86.0,0.0,0.0,0.0,240.0,0.0,101560.0
2025-01-31 23:00:00,28.3868413807433,25.6873198624403,0.0,0.22130847953216373,8.5,92,96,6.5,207,10.1,12.4,14.6,0.2,0.2,0.0,10.0,89.0,0.0,0.0,0.0,173.0,3.0,101590.0
2025-02-01 00:00:00,28.4355962235015,25.8786939174608,0.0,0.22149122807017543,8.8,92,28,7.9,218,9.9,12.3,14.6,0.2,0.2,0.0,10.0,90.0,0.0,0.0,0.0,240.0,1.0,101610.0
2025-02-01 01:00:00,28.5518193667982,26.0027219202387,0.0,0.22167397660818713,9.5,93,43,8.2,225,10.9,12.4,14.6,0.0,0.0,0.0,10.0,92.0,0.0,0.0,2.0,240.0,0.0,101590.0
2025-02-01 02:00:00,28.4318433815714,25.7803696342728,0.0,0.2218567251461988,9.0,92,42,8.4,231,10.3,12.4,14.6,0.0,0.0,0.0,10.0,93.0,0.0,0.0,1.0,252.0,0.0,101550.0
2025-02-01 03:00:00,28.5595098672231,26.030931853935,0.0,0.2220394736842105,8.9,97,98,7.0,226,10.1,12.2,14.6,0.3,0.3,0.0,10.0,94.0,0.0,0.0,1.0,228.0,0.0,101530.0
2025-02-01 04:00:00,28.7440176391739,26.2527428846136,0.0,0.2222222222222222,9.2,93,97,8.9,218,10.0,12.1,14.5,0.1,0.1,0.0,10.0,95.0,0.0,0.0,0.0,228.0,1.0,101500.0
2025-02-01 05:00:00,28.9173713479157,26.2681287215693,0.0,0.2224049707602339,8.9,92,45,7.8,223,9.7,12.0,14.5,0.0,0.0,0.0,10.0,93.0,0.0,0.0,1.0,216.0,5.0,101450.0
2025-02-01 06:00:00,29.0851839402814,26.3578399210862,0.0,0.2225877192982456,8.5,92,39,8.7,217,9.4,11.9,14.5,0.1,0.1,0.0,10.0,93.0,0.0,0.0,1.0,210.0,1.0,101430.0
2025-02-01 07:00:00,29.1327483989039,26.4194101204005,0.0,0.22277046783625729,8.4,91,9,7.9,221,9.2,11.8,14.5,0.0,0.0,0.0,10.0,92.0,0.0,0.0,1.0,228.0,0.0,101420.0
2025-02-01 08:00:00,28.9641703636771,26.3689706274147,0.0,0.222953216374269,9.2,89,12,10.0,224,9.2,11.6,14.5,0.0,0.0,0.02,9.0,94.0,0.0,0.0,0.0,258.0,0.0,101410.0
2025-02-01 09:00:00,28.9067513851649,26.2011143294482,0.0,0.2231359649122807,11.5,86,11,11.1,224,10.2,11.6,14.5,0.0,0.0,0.07,9.0,94.0,2703.0,0.0,2.0,264.0,0.0,101420.0
2025-02-01 10:00:00,29.1433114501753,26.0852287956517,0.0,0.2233187134502924,13.6,69,2,11.2,230,11.5,11.6,14.5,0.0,0.0,0.18,9.0,89.0,10816.0,1.0,2.0,252.0,0.0,101400.0
2025-02-01 11:00:00,28.9524544573556,26.1625487571674,0.0,0.2235014619883041,15.2,55,0,11.9,238,13.0,11.7,14.5,0.0,0.0,0.27,12.0,83.0,35376.0,2.0,2.0,240.0,0.0,101400.0
2025-02-01 12:00:00,28.9708808942208,26.0475468130161,0.0,0.22368421052631576,16.1,48,0,12.3,245,14.3,11.9,14.5,0.0,0.0,0.33,14.0,74.0,53692.0,3.0,3.0,289.0,0.0,101370.0
2025-02-01 13:00:00,28.9409179483823,25.9681918853524,0.0,0.22386695906432746,16.9,45,0,11.4,246,15.5,12.0,14.4,0.0,0.0,0.36,15.0,64.0,60201.0,3.0,4.0,270.0,0.0,101250.0
2025-02-01 14:00:00,28.9214090552726,25.6114070069376,0.0,0.22404970760233917,17.4,42,43,13.6,264,16.1,12.4,14.4,0.0,0.0,0.35,16.0,54.0,60920.0,5.0,3.0,328.0,0.0,101090.0
2025-02-01 15:00:00,28.6650557563533,25.6161769011931,0.0,0.22423245614035087,16.9,43,3,12.9,295,16.2,12.7,14.4,0.0,0.0,0.29,17.0,46.0,52723.0,6.0,5.0,287.0,0.0,100960.0
2025-02-01 16:00:00,28.7306244213578,25.6754406949075,0.0,0.22441520467836257,15.6,50,0,12.1,327,15.8,12.9,14.4,0.0,0.0,0.2,17.0,45.0,36103.0,2.0,3.0,296.0,0.0,100900.0
2025-02-01 17:00:00,28.5448457472554,25.5587943098696,0.0,0.22459795321637427,13.6,68,0,4.3,324,14.9,13.1,14.4,0.0,0.0,0.07,16.0,49.0,15515.0,1.0,5.0,327.0,0.0,100870.0
2025-02-01 18:00:00,28.4431896983605,25.2678668232339,0.0,0.22478070175438594,11.6,66,0,1.9,241,13.3,13.2,14.4,0.0,0.0,0.01,15.0,58.0,4051.0,0.0,3.0,342.0,0.0,100870.0
2025-02-01 19:00:00,28.4736018961326,25.2617961727568,0.0,0.22496345029239764,10.4,70,1,6.4,213,12.2,13.2,14.4,0.0,0.0,0.01,12.0,71.0,0.0,0.0,0.0,343.0,0.0,100860.0
2025-02-01 20:00:00,28.320105724744,25.2382465542585,0.0,0.22514619883040934,9.9,73,6,8.8,226,11.6,13.1,14.4,0.0,0.0,0.01,11.0,75.0,0.0,0.0,1.0,188.0,0.0,100910.0
2025-02-01 21:00:00,28.4735411474073,25.167186863235,0.0,0.22532894736842105,10.1,77,36,10.3,224,11.2,13.0,14.4,0.0,0.0,0.01,11.0,74.0,0.0,0.0,1.0,204.0,0.0,100900.0
2025-02-01 22:00:00,28.3011106946549,25.1998542428897,0.0,0.22551169590643275,10.4,78,30,8.5,242,11.0,12.9,14.4,0.0,0.0,0.01,11.0,75.0,0.0,0.0,2.0,216.0,0.0,100950.0
2025-02-01 23:00:00,28.2021503962414,25.0365023079335,0.0,0.22569444444444442,10.3,78,10,9.2,237,10.8,12.8,14.4,0.0,0.0,0.01,11.0,74.0,0.0,0.0,0.0,234.0,0.0,100970.0
2025-02-02 00:00:00,28.0829443936706,25.1883600652712,0.0,0.22587719298245612,9.6,78,15,8.6,225,10.6,12.7,14.4,0.0,0.0,0.01,11.0,78.0,0.0,0.0,0.0,234.0,0.0,100940.0
2025-02-02 01:00:00,28.2485008221355,25.1278751724786,0.0,0.22605994152046782,10.2,76,31,9.7,230,11.4,12.7,14.4,0.3,0.3,0.01,11.0,83.0,0.0,0.0,2.0,228.0,0.0,100920.0
2025-02-02 02:00:00,28.2078901826994,25.2244588499314,0.0,0.22624269005847952,9.7,79,49,9.6,234,10.8,12.6,14.4,0.5,0.5,0.01,10.0,88.0,0.0,0.0,1.0,228.0,13.0,100880.0
2025-02-02 03:00:00,28.2619894008321,25.1680173044048,0.0,0.22642543859649122,9.5,80,62,6.0,222,10.3,12.5,14.4,0.4,0.4,0.0,10.0,82.0,0.0,0.0,0.0,258.0,0.0,100810.0
2025-02-02 04:00:00,28.4126012895629,25.4543562578793,0.0,0.22660818713450293,8.9,82,77,5.8,228,9.9,12.4,14.4,0.0,0.0,0.0,10.0,83.0,0.0,0.0,4.0,258.0,6.0,100760.0
2025-02-02 05:00:00,28.7822756755678,26.0181026039747,0.0,0.2267909356725146,9.7,79,48,10.2,231,9.8,12.2,14.4,0.0,0.0,0.01,9.0,89.0,0.0,0.0,1.0,246.0,4.0,100780.0
2025-02-02 06:00:00,29.0759846756738,26.5074524694985,0.0,0.2269736842105263,9.2,82,72,8.3,233,9.5,12.1,14.4,0.0,0.0,0.0,10.0,87.0,0.0,0.0,2.0,192.0,11.0,100780.0
2025-02-02 07:00:00,29.1424231600472,26.5744638714253,0.0,0.227156432748538,9.1,82,66,6.8,236,9.4,12.0,14.4,0.1,0.1,0.0,9.0,84.0,0.0,0.0,0.0,252.0,0.0,100790.0
2025-02-02 08:00:00,29.3294030641849,26.4814761236301,0.0,0.2273391812865497,10.0,84,67,9.2,232,9.6,11.8,14.3,0.1,0.1,0.02,9.0,86.0,172.0,0.0,1.0,228.0,0.0,100840.0
2025-02-02 09:00:00,29.3060887500068,26.5319748168184,0.0,0.2275219298245614,11.3,84,52,8.4,222,10.4,11.8,14.3,0.0,0.0,0.06,10.0,87.0,5864.0,0.0,1.0,240.0,0.0,100890.0
2025-02-02 10:00:00,29.3511851194672,26.3317543160176,0.0,0.22770467836257308,13.0,70,47,11.2,232,11.4,11.8,14.3,0.0,0.0,0.14,12.0,79.0,21115.0,1.0,2.0,204.0,0.0,100930.0
2025-02-02 11:00:00,29.3430516199179,26.2906512903144,0.0,0.22788742690058478,14.1,66,38,10.3,240,12.5,11.8,14.3,0.0,0.0,0.2,14.0,75.0,41918.0,2.0,3.0,238.0,0.0,100940.0
2025-02-02 12:00:00,29.1743503262352,26.1676249125308,0.0,0.22807017543859648,15.0,64,17,8.4,252,13.8,12.0,14.3,0.0,0.0,0.25,14.0,76.0,21452.0,2.0,3.0,258.0,0.0,100940.0
2025-02-02 13:00:00,29.2343370388525,26.2513966414852,0.0,0.22825292397660818,16.1,61,42,10.4,270,15.2,12.3,14.3,0.1,0.1,0.28,15.0,72.0,68043.0,3.0,3.0,299.0,0.0,100900.0
2025-02-02 14:00:00,29.2376296513315,26.2132769705932,0.0,0.22843567251461988,16.5,55,39,11.9,285,15.7,12.6,14.3,0.0,0.0,0.27,17.0,66.0,33924.0,3.0,3.0,252.0,0.0,100780.0
2025-02-02 15:00:00,29.1391634484814,26.0301030738078,0.0,0.22861842105263155,16.5,56,25,12.0,304,15.8,12.8,14.3,0.0,0.0,0.24,16.0,66.0,52816.0,5.0,3.0,349.0,0.0,100720.0
2025-02-02 16:00:00,28.9648999912547,26.0168714843609,0.0,0.22880116959064326,16.0,60,9,7.8,306,15.7,13.1,14.3,0.0,0.0,0.17,17.0,62.0,32429.0,2.0,5.0,359.0,0.0,100770.0
2025-02-02 17:00:00,28.9504586021637,25.8130871272799,0.0,0.22898391812865496,14.9,69,4,0.8,293,15.1,13.3,14.3,0.0,0.0,0.06,16.0,68.0,13080.0,1.0,4.0,20.0,0.0,100810.0
2025-02-02 18:00:00,28.8814299658707,25.8339060451669,0.0,0.22916666666666666,12.3,73,11,1.1,243,13.5,13.3,14.3,0.0,0.0,0.01,15.0,70.0,3036.0,0.0,1.0,348.0,0.0,100810.0
2025-02-02 19:00:00,28.6905297456793,25.6930963850226,0.0,0.22934941520467836,10.7,76,0,4.5,221,12.3,13.3,14.3,0.0,0.0,0.0,12.0,84.0,0.0,0.0,0.0,318.0,0.0,100860.0
2025-02-02 20:00:00,28.7437577935363,25.6013531732113,0.0,0.22953216374269003,9.8,78,4,5.6,202,11.6,13.2,14.3,0.0,0.0,0.0,11.0,86.0,0.0,0.0,1.0,174.0,0.0,100920.0
2025-02-02 21:00:00,28.7805289564855,25.500081705555,0.0,0.22971491228070173,8.6,83,13,4.3,200,10.9,13.1,14.3,0.0,0.0,0.0,11.0,86.0,0.0,0.0,1.0,167.0,0.0,100960.0
2025-02-02 22:00:00,28.4425041773027,25.393539204572,0.0,0.22989766081871343,8.5,81,14,5.4,203,10.5,13.0,14.3,0.0,0.0,0.0,9.0,89.0,0.0,0.0,0.0,178.0,0.0,100990.0
2025-02-02 23:00:00,28.5630265277541,25.4126038156495,0.0,0.23008040935672514,8.9,78,46,8.9,228,10.2,12.8,14.3,0.0,0.0,0.01,10.0,82.0,0.0,0.0,1.0,192.0,0.0,100980.0
2025-02-03 00:00:00,28.6429398963253,25.2877858404524,0.0,0.23026315789473684,9.9,83,42,12.1,228,10.3,12.7,14.3,0.0,0.0,0.01,10.0,83.0,0.0,0.0,1.0,188.0,0.0,100950.0
2025-02-03 01:00:00,28.5821134745451,25.4961644546227,0.0,0.23044590643274854,10.3,87,81,4.8,259,11.8,12.8,14.3,0.1,0.1,0.0,11.0,83.0,0.0,0.0,1.0,217.0,0.0,100920.0
2025-02-03 02:00:00,28.6805799703317,25.3138732593855,0.0,0.2306286549707602,10.0,89,100,2.4,256,11.4,12.8,14.3,0.3,0.3,0.0,10.0,93.0,0.0,0.0,1.0,177.0,6.0,100850.0
2025-02-03 03:00:00,28.6971964703408,25.6658042725095,0.0,0.2308114035087719,10.0,87,100,0.5,335,10.8,12.7,14.3,0.0,0.0,0.0,10.0,94.0,0.0,0.0,0.0,186.0,3.0,100830.0
2025-02-03 04:00:00,29.0508261821073,25.9044271545192,0.0,0.2309941520467836,9.6,90,100,1.0,58,10.5,12.6,14.3,0.6,0.6,0.0,10.0,94.0,0.0,0.0,1.0,308.0,0.0,100810.0
2025-02-03 05:00:00,28.7885608438609,25.867793703536,0.0,0.23117690058479531,9.4,92,97,2.9,182,10.3,12.5,14.3,0.0,0.0,0.0,10.0,94.0,0.0,0.0,0.0,217.0,0.0,100800.0
2025-02-03 06:00:00,29.0263814796702,25.7892359892931,0.0,0.23135964912280702,9.0,95,94,3.3,162,10.2,12.3,14.3,0.0,0.0,0.0,10.0,93.0,0.0,0.0,0.0,108.0,0.0,100730.0
2025-02-03 07:00:00,28.911030686237,25.5879476740155,0.0,0.2315423976608187,8.8,97,100,3.1,185,10.0,12.2,14.2,0.0,0.0,0.0,11.0,90.0,0.0,0.0,1.0,180.0,0.0,100700.0
2025-02-03 08:00:00,28.9302336365867,25.6779871849385,0.0,0.2317251461988304,9.8,95,100,0.2,28,10.2,12.1,14.2,0.4,0.4,0.01,11.0,89.0,314.0,0.0,0.0,228.0,0.0,100700.0
2025-02-03 09:00:00,28.8950860204789,25.8718939191625,0.0,0.2319078947368421,10.4,96,100,0.5,22,10.5,12.0,14.2,0.9,0.9,0.03,11.0,92.0,2212.0,0.0,0.0,156.0,0.0,100670.0
2025-02-03 10:00:00,28.9458794469078,25.8648445711078,0.0,0.2320906432748538,11.4,93,100,3.4,105,11.1,12.0,14.2,1.6,1.6,0.05,12.0,90.0,11105.0,0.0,0.0,330.0,0.0,100730.0
2025-02-03 11:00:00,28.833679577024,25.8660474104302,0.0,0.2322733918128655,12.1,92,100,1.5,113,11.6,12.0,14.2,1.5,1.5,0.06,13.0,83.0,16928.0,1.0,0.0,6.0,0.0,100770.0
2025-02-03 12:00:00,29.1340262810484,26.0045167651816,0.0,0.2324561403508772,13.4,90,95,6.1,353,12.4,12.0,14.2,0.1,0.1,0.1,13.0,87.0,14970.0,1.0,2.0,88.0,3.0,100770.0
2025-02-03 13:00:00,29.0461438110155,26.1908486784254,0.0,0.23263888888888887,15.3,77,61,5.9,23,13.5,12.2,14.2,0.0,0.0,0.12,13.0,85.0,14974.0,1.0,3.0,60.0,3.0,100690.0
2025-02-03 14:00:00,29.0202564596163,26.0291330749795,0.0,0.23282163742690057,15.9,69,83,5.4,39,14.5,12.4,14.2,1.5,1.5,0.22,14.0,81.0,35418.0,2.0,2.0,36.0,0.0,100610.0
2025-02-03 15:00:00,29.1670403231508,26.2211812035218,0.0,0.23300438596491227,15.7,69,94,7.6,334,15.0,12.6,14.2,0.7,0.7,0.22,15.0,76.0,38525.0,2.0,2.0,328.0,0.0,100550.0
2025-02-03 16:00:00,29.0276781084854,25.9599813892053,0.0,0.23318713450292397,13.0,85,88,7.7,17,14.2,12.8,14.2,2.1,2.1,0.09,15.0,73.0,39923.0,2.0,2.0,300.0,0.0,100530.0
2025-02-03 17:00:00,29.2022823322746,25.9718439856484,0.0,0.23336988304093567,12.5,89,100,1.9,81,13.5,12.9,14.2,0.1,0.1,0.04,12.0,87.0,640.0,0.0,3.0,302.0,0.0,100680.0
2025-02-03 18:00:00,29.473861348199,26.9827658939926,0.0,0.23355263157894735,11.2,95,99,2.7,39,12.6,12.9,14.2,0.9,0.9,0.01,11.0,91.0,1156.0,0.0,2.0,139.0,11.0,100730.0
2025-02-03 19:00:00,29.6996924401774,27.0690157240967,0.0,0.23373538011695905,11.2,95,100,1.4,97,12.2,12.9,14.2,0.0,0.0,0.0,11.0,92.0,0.0,0.0,0.0,228.0,0.0,100810.0
2025-02-03 20:00:00,30.0125786768481,27.1495274743231,0.0,0.23391812865497075,10.7,98,99,6.3,261,11.9,12.9,14.2,1.8,1.8,0.0,11.0,92.0,0.0,0.0,0.0,246.0,0.0,100900.0
2025-02-03 21:00:00,29.7632505857091,26.9574566610981,0.0,0.23410087719298245,10.5,98,93,6.1,286,11.6,12.8,14.2,1.3,1.3,0.0,11.0,91.0,0.0,0.0,2.0,234.0,0.0,100970.0
2025-02-03 22:00:00,29.9455536508768,26.809722920255,0.0,0.23428362573099415,10.3,97,78,8.3,237,11.3,12.7,14.2,0.1,0.1,0.0,10.0,89.0,0.0,0.0,0.0,270.0,0.0,101010.0
2025-02-03 23:00:00,29.7059629814019,26.7362158349308,0.0,0.23446637426900582,10.1,94,99,10.6,219,11.0,12.6,14.2,0.0,0.0,0.0,9.0,89.0,0.0,0.0,2.0,264.0,0.0,101070.0
2025-02-04 00:00:00,29.8145450797287,26.7493878560636,0.0,0.23464912280701752,9.9,93,100,11.2,234,10.8,12.5,14.2,0.0,0.0,0.0,9.0,91.0,0.0,0.0,0.0,168.0,0.0,101100.0
2025-02-04 01:00:00,29.6850670878752,26.6645404516058,0.0,0.23483187134502922,9.0,90,23,5.0,228,11.0,12.5,14.2,0.0,0.0,0.0,8.0,92.0,0.0,0.0,0.0,318.0,0.0,101110.0
2025-02-04 02:00:00,29.6885571871057,26.5535995718716,0.0,0.23501461988304093,9.1,90,35,11.4,231,10.3,12.4,14.2,0.0,0.0,0.0,7.0,91.0,0.0,0.0,0.0,186.0,0.0,101100.0
2025-02-04 03:00:00,29.4299577863835,26.4121934705315,0.0,0.23519736842105263,8.5,92,38,10.0,223,9.8,12.3,14.1,0.0,0.0,0.0,8.0,91.0,0.0,0.0,0.0,204.0,0.0,101140.0
2025-02-04 04:00:00,29.6778524924369,26.3549217724682,0.0,0.2353801169590643,7.9,92,67,7.3,224,9.5,12.1,14.1,0.0,0.0,0.0,7.0,91.0,0.0,0.0,1.0,180.0,0.0,101130.0
2025-02-04 05:00:00,29.5647110770315,26.3376233775227,0.0,0.235562865497076,7.7,92,68,6.5,229,9.2,11.9,14.1,0.0,0.0,0.0,7.0,89.0,0.0,0.0,0.0,192.0,0.0,101180.0
2025-02-04 06:00:00,29.5065356446041,26.2516272035144,0.0,0.2357456140350877,7.2,93,81,5.1,220,8.9,11.8,14.1,0.0,0.0,0.0,8.0,89.0,0.0,0.0,0.0,186.0,0.0,101220.0
2025-02-04 07:00:00,29.5010539450689,26.224016655071,0.0,0.2359283625730994,7.1,95,87,5.2,216,8.8,11.6,14.1,0.0,0.0,0.0,8.0,88.0,0.0,0.0,1.0,186.0,0.0,101260.0
2025-02-04 08:00:00,29.4548760710568,26.1719063295553,0.0,0.2361111111111111,8.3,91,23,9.4,225,8.9,11.4,14.1,0.0,0.0,0.02,8.0,89.0,1936.0,0.0,0.0,198.0,0.0,101300.0
2025-02-04 09:00:00,29.3176494862732,26.2268483675675,0.0,0.2362938596491228,11.0,83,12,8.0,232,9.9,11.4,14.1,0.0,0.0,0.08,9.0,88.0,12364.0,1.0,1.0,240.0,0.0,101400.0
2025-02-04 10:00:00,29.2589590118523,26.0803099718947,0.0,0.23647660818713448,13.0,71,11,9.4,253,11.4,11.4,14.1,0.0,0.0,0.18,11.0,80.0,29656.0,1.0,2.0,239.0,0.0,101430.0
2025-02-04 11:00:00,29.3624257589432,26.0016827068976,0.0,0.23665935672514618,14.3,63,37,11.7,265,12.8,11.5,14.1,0.0,0.0,0.25,13.0,75.0,48140.0,3.0,2.0,264.0,0.0,101480.0
2025-02-04 12:00:00,29.2848614867661,25.9221181880049,0.0,0.23684210526315788,14.9,61,73,9.9,270,14.0,11.7,14.1,0.0,0.0,0.29,15.0,63.0,60234.0,3.0,0.0,212.0,0.0,101470.0
2025-02-04 13:00:00,29.1211854421566,25.9614241793366,0.0,0.23702485380116958,15.9,54,55,4.7,273,15.1,12.1,14.1,0.0,0.0,0.3,15.0,59.0,54316.0,5.0,2.0,337.0,0.0,101430.0
2025-02-04 14:00:00,29.1958693354748,26.013639252215,0.0,0.23720760233918128,15.9,53,51,4.1,312,15.5,12.3,14.1,0.0,0.0,0.22,16.0,57.0,74652.0,5.0,4.0,343.0,0.0,101380.0
2025-02-04 15:00:00,29.0860868264424,25.6244326535304,0.0,0.23739035087719296,15.5,56,90,6.3,360,15.5,12.6,14.0,0.0,0.0,0.19,15.0,61.0,32224.0,2.0,4.0,5.0,0.0,101380.0
2025-02-04 16:00:00,28.9812851988646,25.7098707229111,0.0,0.23757309941520466,14.7,65,18,9.2,26,15.3,12.8,14.0,0.0,0.0,0.15,14.0,68.0,14515.0,1.0,3.0,8.0,0.0,101420.0
2025-02-04 17:00:00,29.0347769552851,25.563679274206,0.0,0.23775584795321636,13.3,73,15,9.0,45,14.6,13.0,14.0,0.0,0.0,0.08,14.0,69.0,10580.0,0.0,2.0,18.0,0.0,101480.0
2025-02-04 18:00:00,28.9763194049775,25.4388258296992,0.0,0.23793859649122806,10.6,85,12,4.8,56,13.4,13.1,14.0,0.0,0.0,0.01,13.0,79.0,1478.0,0.0,1.0,42.0,0.0,101550.0
2025-02-04 19:00:00,28.9900667599055,25.3586282334303,0.0,0.23812134502923976,10.2,84,13,2.4,62,12.2,13.1,14.0,0.0,0.0,0.0,12.0,85.0,0.0,0.0,0.0,132.0,0.0,101640.0
2025-02-04 20:00:00,28.8195376206468,25.3625961005184,0.0,0.23830409356725146,9.3,87,14,3.1,108,11.3,13.0,14.0,0.0,0.0,0.0,12.0,83.0,0.0,0.0,0.0,155.0,0.0,101710.0
2025-02-04 21:00:00,28.7584851870966,25.6049879883036,0.0,0.23848684210526314,8.3,91,7,2.8,151,10.7,12.9,14.0,0.0,0.0,0.0,11.0,87.0,0.0,0.0,0.0,90.0,0.0,101750.0
2025-02-04 22:00:00,28.6301469518448,25.5128232930028,0.0,0.23866959064327484,7.6,92,3,4.0,275,10.2,12.7,14.0,0.0,0.0,0.0,9.0,91.0,0.0,0.0,0.0,124.0,0.0,101800.0
2025-02-04 23:00:00,28.6997449781023,25.2779546753107,0.0,0.23885233918128654,7.2,92,1,3.9,279,9.8,12.6,14.0,0.0,0.0,0.0,8.0,93.0,0.0,0.0,0.0,180.0,0.0,101820.0
2025-02-05 00:00:00,28.6199788945922,25.19090073037,0.0,0.23903508771929824,7.0,91,2,4.2,239,9.4,12.4,14.0,0.0,0.0,0.0,7.0,93.0,0.0,0.0,0.0,174.0,0.0,101860.0
2025-02-05 01:00:00,28.4190182176555,25.2430503986851,0.0,0.23921783625730994,7.6,91,5,4.5,236,10.1,12.4,14.0,0.0,0.0,0.0,9.0,90.0,0.0,0.0,0.0,198.0,0.0,101860.0
2025-02-05 02:00:00,28.5239008459691,25.0715161296641,0.0,0.2394005847953216,7.2,91,14,4.8,224,9.7,12.2,14.0,0.0,0.0,0.0,7.0,93.0,0.0,0.0,0.0,180.0,0.0,101870.0
2025-02-05 03:00:00,28.4825392686982,25.0068654635449,0.0,0.23958333333333331,6.8,94,16,5.6,218,9.4,12.1,14.0,0.0,0.0,0.0,7.0,92.5,0.0,0.0,0.0,192.0,0.0,101860.0
2025-02-05 04:00:00,28.3334566452823,25.0787715099538,0.0,0.23976608187134502,6.2,96,18,6.1,216,9.2,11.9,14.0,0.0,0.0,0.0,7.0,92.0,0.0,0.0,0.0,204.0,0.0,101850.0
2025-02-05 05:00:00,28.2218022183764,25.0346528830642,0.0,0.23994883040935672,5.7,99,9,6.4,219,9.0,11.8,14.0,0.0,0.0,0.0,5.0,93.0,0.0,0.0,0.0,176.0,0.0,101840.0
2025-02-05 06:00:00,28.6589186283825,24.8833622466703,0.0,0.24013157894736842,5.9,98,7,6.5,216,8.8,11.6,14.0,0.0,0.0,0.0,5.0,93.0,0.0,0.0,0.0,198.0,0.0,101860.0
2025-02-05 07:00:00,28.4286436285929,24.7840408572427,0.0,0.2403143274853801,6.3,95,4,5.6,213,8.7,11.4,14.0,0.0,0.0,0.0,4.0,94.0,0.0,0.0,0.0,6.0,0.0,101890.0
2025-02-05 08:00:00,28.3076592057327,24.9555690259761,0.0,0.2404970760233918,7.6,90,8,7.1,214,8.9,11.3,14.0,0.0,0.0,0.01,4.0,95.0,0.0,0.0,0.0,186.0,0.0,101930.0
2025-02-05 09:00:00,28.3857358103734,24.9604663257212,0.0,0.2406798245614035,10.2,85,22,5.7,225,9.9,11.2,14.0,0.0,0.0,0.07,5.0,95.0,2818.0,0.0,0.0,168.0,0.0,101960.0
2025-02-05 10:00:00,28.2092325940359,24.7763611373407,0.0,0.2408625730994152,12.8,76,1,5.0,279,11.4,11.2,14.0,0.0,0.0,0.16,10.0,83.0,10617.0,0.0,0.0,204.0,0.0,102000.0
2025-02-05 11:00:00,28.4501099435678,24.8001619076534,0.0,0.2410453216374269,14.4,70,14,3.6,7,13.1,11.4,14.0,0.0,0.0,0.27,12.0,85.0,28876.0,1.0,0.0,234.0,0.0,102030.0
2025-02-05 12:00:00,28.3690690897736,24.9937510300253,0.0,0.24122807017543857,15.4,66,16,8.2,35,14.5,11.6,13.9,0.0,0.0,0.31,14.0,74.0,49876.0,3.0,0.0,262.0,0.0,102050.0
2025-02-05 13:00:00,28.2862345851349,25.0910648865911,0.0,0.24141081871345027,15.6,64,28,12.1,36,15.3,11.8,13.9,0.0,0.0,0.29,15.0,71.0,46644.0,3.0,3.0,42.0,0.0,102000.0
2025-02-05 14:00:00,28.2995980774747,24.8032962716916,0.0,0.24159356725146197,15.4,65,15,14.2,39,15.7,12.2,13.9,0.0,0.0,0.27,14.0,73.0,15261.0,2.0,2.0,42.0,0.0,101930.0
2025-02-05 15:00:00,28.1861704753701,24.8332285481396,0.0,0.24177631578947367,15.2,65,11,14.4,45,15.8,12.5,13.9,0.0,0.0,0.25,15.0,69.0,17956.0,1.0,4.0,36.0,0.0,101830.0
2025-02-05 16:00:00,28.304581792881,24.8929946629768,0.0,0.24195906432748537,14.6,67,13,14.7,48,15.5,12.7,13.9,0.0,0.0,0.18,15.0,70.0,41546.0,3.0,5.0,72.0,0.0,101780.0
2025-02-05 17:00:00,28.2234275329985,24.7236199071813,0.0,0.24214181286549707,13.5,73,9,10.6,51,14.7,12.9,13.9,0.0,0.0,0.08,15.0,72.0,12794.0,1.0,4.0,37.0,0.0,101770.0
2025-02-05 18:00:00,28.3510532087446,24.6392337584212,0.0,0.24232456140350875,10.9,87,8,6.9,60,13.5,13.0,13.9,0.0,0.0,0.02,14.0,70.0,7014.0,0.0,4.0,72.0,0.0,101800.0
2025-02-05 19:00:00,28.0282046358905,24.7772826397286,0.0,0.24250730994152045,9.8,89,12,5.0,85,12.3,13.0,13.9,0.0,0.0,0.0,13.0,81.0,716.0,0.0,2.0,48.0,0.0,101830.0
2025-02-05 20:00:00,28.1553031335081,24.7084561725861,0.0,0.24269005847953215,9.3,89,13,4.0,110,11.4,12.9,13.9,0.0,0.0,0.0,11.0,84.0,0.0,0.0,2.0,72.0,0.0,101870.0
2025-02-05 21:00:00,28.0486975591316,24.6637426666566,0.0,0.24287280701754385,8.4,91,8,2.8,105,10.7,12.8,13.9,0.0,0.0,0.0,10.0,89.0,0.0,0.0,0.0,119.0,0.0,101900.0
2025-02-05 22:00:00,27.9345067121529,24.6669806607755,0.0,0.24305555555555555,8.0,93,6,2.6,103,10.3,12.7,13.9,0.0,0.0,0.0,9.0,91.0,0.0,0.0,0.0,180.0,0.0,101910.0
2025-02-05 23:00:00,27.768776274396,24.6573802077049,0.0,0.24323830409356723,7.3,95,4,3.3,315,10.0,12.5,13.9,0.0,0.0,0.0,9.0,92.0,0.0,0.0,0.0,180.0,0.0,101910.0
2025-02-06 00:00:00,27.7867207032681,24.3444898236566,0.0,0.24342105263157893,7.0,94,2,4.0,285,9.6,12.3,13.9,0.0,0.0,0.0,7.0,93.0,0.0,0.0,0.0,166.0,0.0,101900.0
2025-02-06 01:00:00,28.1226872279617,24.4309652017085,0.0,0.24360380116959063,8.0,92,1,3.7,292,10.3,12.3,13.9,0.0,0.0,0.0,7.0,94.0,0.0,0.0,0.0,155.0,0.0,101870.0
2025-02-06 02:00:00,27.9968383730483,24.3926561504083,0.0,0.24378654970760233,7.6,92,0,4.6,256,9.8,12.2,13.9,0.0,0.0,0.0,6.0,95.0,0.0,0.0,0.0,171.0,0.0,101860.0
2025-02-06 03:00:00,27.7629961817376,24.4586599260362,0.0,0.24396929824561403,6.8,93,0,5.2,244,9.3,12.1,13.9,0.0,0.0,0.0,6.0,95.0,0.0,0.0,0.0,192.0,0.0,101820.0
2025-02-06 04:00:00,27.7841441383095,24.3537374285408,0.0,0.24415204678362573,6.4,93,3,5.1,242,8.9,11.9,13.9,0.0,0.0,0.0,6.0,95.0,0.0,0.0,0.0,180.0,0.0,101770.0
2025-02-06 05:00:00,27.6011706357391,24.3101361400134,0.0,0.2443347953216374,6.1,93,8,5.0,230,8.6,11.7,13.9,0.0,0.0,0.0,5.0,94.0,0.0,0.0,0.0,180.0,0.0,101730.0
2025-02-06 06:00:00,27.7627336305967,24.3725714876634,0.0,0.2445175438596491,6.2,93,11,4.9,221,8.5,11.5,13.9,0.0,0.0,0.0,5.0,94.0,0.0,0.0,0.0,168.0,0.0,101730.0
2025-02-06 07:00:00,27.794074108431,24.1693412979164,0.0,0.2447002923976608,6.1,93,12,5.3,220,8.3,11.3,13.9,0.0,0.0,0.0,5.0,95.0,0.0,0.0,0.0,204.0,0.0,101720.0
2025-02-06 08:00:00,27.8519005799466,24.2485327262593,0.0,0.2448830409356725,7.5,88,23,7.7,228,8.6,11.2,13.9,0.0,0.0,0.02,4.0,95.0,0.0,0.0,0.0,156.0,0.0,101750.0
2025-02-06 09:00:00,27.804400640903,24.0764999814432,0.0,0.2450657894736842,9.8,84,30,7.0,226,9.6,11.1,13.8,0.0,0.0,0.07,4.0,96.0,4190.0,0.0,0.0,173.0,0.0,101770.0
2025-02-06 10:00:00,27.6721780184727,24.2784535038943,0.0,0.24524853801169588,12.3,80,10,6.3,260,11.1,11.1,13.8,0.0,0.0,0.15,8.0,88.0,9300.0,1.0,0.0,264.0,0.0,101770.0
2025-02-06 11:00:00,27.6911334479249,26.2802954653487,0.0,0.24543128654970758,14.1,70,0,5.1,322,12.8,11.2,13.8,0.0,0.0,0.27,12.0,82.0,33734.0,2.0,0.0,228.0,0.0,101770.0
2025-02-06 12:00:00,27.9304487611476,30.0250191807171,0.0,0.24561403508771928,15.0,65,1,6.8,358,14.3,11.5,13.8,0.0,0.0,0.32,13.0,76.0,52676.0,5.0,1.0,246.0,0.0,101730.0
2025-02-06 13:00:00,29.1968859034113,29.7619400156316,0.0,0.24579678362573099,15.2,67,8,8.3,17,15.3,11.8,13.8,0.0,0.0,0.31,15.0,69.0,60668.0,3.0,0.0,54.0,0.0,101690.0
2025-02-06 14:00:00,29.5148177937133,29.3609593637102,0.0,0.2459795321637427,15.6,65,8,6.0,47,16.0,12.1,13.8,0.0,0.0,0.31,16.0,64.0,66631.0,6.0,1.0,58.0,0.0,101610.0
2025-02-06 15:00:00,29.616894927886847,29.13007353951145,0.0,0.24616228070175436,15.4,65,15,10.2,38,16.1,12.4,13.8,0.0,0.0,0.25,15.666666666666666,66.0,51034.0,4.333333333333333,2.0,52.666666666666664,0.0,101566.66666666667
2025-02-06 16:00:00,29.7189720620604,28.8991877153127,0.0,0.24634502923976606,14.4,72,15,12.0,37,15.7,12.7,13.8,0.0,0.0,0.17,15.333333333333334,68.0,35437.0,2.6666666666666665,3.0,47.333333333333336,0.0,101523.33333333333
2025-02-06 17:00:00,29.8786749141745,28.4107649076678,0.0,0.24652777777777776,13.2,79,100,8.7,51,14.9,12.9,13.8,0.0,0.0,0.08,15.0,70.0,19840.0,1.0,4.0,42.0,0.0,101480.0
2025-02-06 18:00:00,29.7483509587267,28.2447087235139,0.0,0.24671052631578946,10.8,89,100,5.4,74,13.6,13.0,13.8,0.0,0.0,0.01,14.0,70.0,6792.0,0.0,2.0,38.0,0.0,101480.0
2025-02-06 19:00:00,29.7944419833271,28.2185135901917,0.0,0.24689327485380116,10.4,89,46,3.3,89,12.6,13.0,13.8,0.0,0.0,0.0,13.0,76.0,453.0,0.0,1.0,54.0,0.0,101470.0
2025-02-06 20:00:00,29.7481771410569,27.7943949667334,0.0,0.24707602339181284,8.9,90,57,2.2,101,11.4,13.0,13.8,0.0,0.0,0.0,11.0,81.0,0.0,0.0,0.0,54.0,0.0,101470.0
2025-02-06 21:00:00,29.7073348081577,27.8776841784831,0.0,0.24725877192982454,8.3,89,3,0.2,63,10.6,12.8,13.8,0.0,0.0,0.0,9.0,89.0,0.0,0.0,0.0,177.0,0.0,101480.0
2025-02-06 22:00:00,29.5619644270857,27.5609298730453,0.0,0.24744152046783624,7.4,89,0,2.6,349,9.9,12.7,13.8,0.0,0.0,0.0,9.0,89.0,0.0,0.0,0.0,182.0,0.0,101450.0
2025-02-06 23:00:00,29.4545118743788,27.4863030027679,0.0,0.24762426900584794,6.9,92,0,5.5,249,9.5,12.5,13.8,0.0,0.0,0.0,7.0,92.0,0.0,0.0,0.0,186.0,0.0,101460.0
2025-02-07 00:00:00,29.6048449116663,27.1390462166176,0.0,0.24780701754385964,6.5,92,1,5.2,259,9.1,12.3,13.8,0.0,0.0,0.0,8.0,91.0,0.0,0.0,0.0,186.0,0.0,101410.0
2025-02-07 01:00:00,29.662213303663,27.2136413332727,0.0,0.24798976608187134,6.9,92,5,5.3,244,9.6,12.3,13.8,0.0,0.0,0.0,6.0,91.0,0.0,0.0,0.0,156.0,0.0,101400.0
2025-02-07 02:00:00,29.514641163489,27.1896853338932,0.0,0.24817251461988302,6.1,94,15,6.1,232,9.2,12.1,13.8,0.0,0.0,0.0,6.0,94.0,0.0,0.0,0.0,246.0,0.0,101350.0
2025-02-07 03:00:00,29.3670529612696,27.0426330242947,0.0,0.24835526315789472,5.3,98,19,8.0,227,8.9,11.9,13.8,0.0,0.0,0.0,7.0,93.0,0.0,0.0,1.0,204.0,0.0,101310.0
2025-02-07 04:00:00,29.2138955342481,26.8501298191809,0.0,0.24853801169590642,4.9,99,5,9.5,221,8.7,11.8,13.8,0.0,0.0,0.0,7.0,93.0,0.0,0.0,2.0,198.0,0.0,101270.0
2025-02-07 05:00:00,29.4648087185048,26.996847787263,0.0,0.24872076023391812,5.1,100,4,9.1,219,8.5,11.6,13.8,0.0,0.0,0.0,6.0,93.0,0.0,0.0,1.0,204.0,0.0,101210.0
2025-02-07 06:00:00,29.4227162963028,26.7495683845134,0.0,0.24890350877192982,5.4,97,1,7.7,227,8.3,11.4,13.8,0.0,0.0,0.0,5.0,92.0,0.0,0.0,0.0,258.0,0.0,101180.0
2025-02-07 07:00:00,29.1504787097325,26.7827035671386,0.0,0.2490862573099415,5.2,95,7,8.4,238,8.1,11.2,13.8,0.0,0.0,0.0,5.0,95.0,0.0,0.0,0.0,186.0,0.0,101150.0
2025-02-07 08:00:00,29.3418043056848,26.8394505209222,0.0,0.2492690058479532,6.7,86,8,10.7,238,8.2,11.0,13.8,0.0,0.0,0.02,5.0,93.0,134.0,0.0,0.0,234.0,0.0,101170.0
2025-02-07 09:00:00,29.3673272839444,26.5878984519951,0.0,0.2494517543859649,10.6,76,6,8.2,237,9.3,10.9,13.7,0.0,0.0,0.09,7.0,91.0,5064.0,0.0,2.0,222.0,0.0,101190.0
2025-02-07 10:00:00,29.1696158659412,26.568990975548,0.0,0.2496345029239766,13.5,66,4,7.4,259,11.0,10.9,13.7,0.0,0.0,0.19,9.0,85.0,15643.0,1.0,3.0,264.0,0.0,101200.0
2025-02-07 11:00:00,29.1302484051037,26.4625952793888,0.0,0.2498172514619883,15.5,60,1,7.6,269,12.8,11.1,13.7,0.0,0.0,0.29,11.0,76.0,39850.0,2.0,3.0,258.0,0.0,101190.0
2025-02-07 12:00:00,29.2174929423366,26.4967265367822,0.0,0.25,16.8,54,0,8.9,278,14.3,11.3,13.7,0.0,0.0,0.35,13.0,66.0,57218.0,2.0,4.0,256.0,0.0,101160.0
2025-02-07 13:00:00,29.2099281655473,26.4109941645633,0.0,0.2517361111111111,17.8,45,0,7.7,274,15.4,11.6,13.7,0.0,0.0,0.38,15.0,57.0,63868.0,4.0,2.0,232.0,0.0,101090.0
2025-02-07 14:00:00,29.0871434865637,26.4055401855757,0.0,0.2534722222222222,18.2,41,4,6.9,298,16.2,12.0,13.7,0.0,0.0,0.36,17.0,51.0,63221.0,3.0,1.0,249.0,0.0,100970.0
2025-02-07 15:00:00,29.1288872214358,26.3322994304864,0.0,0.2552083333333333,17.7,48,1,7.1,339,16.5,12.3,13.7,0.0,0.0,0.3,18.0,46.0,55050.0,2.0,4.0,355.0,0.0,100890.0
2025-02-07 16:00:00,28.9424713014531,26.1570499320818,0.0,0.2569444444444444,16.2,68,4,8.6,24,16.3,12.6,13.7,0.0,0.0,0.19,17.0,56.0,37213.0,2.0,3.0,19.0,0.0,100880.0
2025-02-07 17:00:00,28.6668706562316,25.9981105346968,0.0,0.2586805555555556,14.1,79,0,5.9,44,15.4,12.9,13.7,0.0,0.0,0.08,17.0,57.0,17064.0,1.0,3.0,30.0,0.0,100870.0
2025-02-07 18:00:00,28.7441804834669,26.0939948476203,0.0,0.2604166666666667,11.5,85,0,1.4,101,13.8,13.0,13.7,0.0,0.0,0.01,16.0,62.0,4544.0,0.0,3.0,24.0,0.0,100890.0
2025-02-07 19:00:00,28.9535737010624,25.741636293707,0.0,0.2621527777777778,10.6,86,9,2.4,158,12.4,13.0,13.7,0.0,0.0,0.0,13.0,73.0,67.0,0.0,1.0,66.0,0.0,100930.0
2025-02-07 20:00:00,28.7379814389545,25.8006086190993,0.0,0.2638888888888889,9.3,84,84,3.9,191,11.4,12.9,13.7,0.0,0.0,0.0,11.0,76.0,0.0,0.0,2.0,162.0,0.0,100960.0
2025-02-07 21:00:00,28.5838529972639,25.7889133102393,0.0,0.265625,8.8,78,54,4.5,220,10.7,12.8,13.7,0.0,0.0,0.0,11.0,78.0,0.0,0.0,2.0,165.0,0.0,100950.0
2025-02-07 22:00:00,28.7056759399317,25.6266360241777,0.0,0.2673611111111111,8.8,72,16,5.3,225,10.1,12.7,13.7,0.0,0.0,0.0,8.0,85.0,0.0,0.0,0.0,141.0,0.0,100990.0
2025-02-07 23:00:00,28.8316289606604,25.7490258207462,0.0,0.2690972222222222,8.5,70,0,6.1,232,9.7,12.5,13.7,0.0,0.0,0.01,8.0,86.0,0.0,0.0,1.0,186.0,0.0,101030.0
2025-02-08 00:00:00,28.5270142284909,25.4171898378916,0.0,0.2708333333333333,8.2,69,0,6.5,235,9.3,12.3,13.7,0.0,0.0,0.01,8.0,84.0,0.0,0.0,0.0,198.0,0.0,101050.0
2025-02-08 01:00:00,28.5152401132729,25.5561738164581,0.0,0.2725694444444444,8.0,68,2,7.8,207,9.6,12.3,13.7,0.0,0.0,0.01,8.0,77.0,0.0,0.0,1.0,184.0,0.0,101060.0
2025-02-08 02:00:00,28.5103658022601,25.5934133928804,0.0,0.2743055555555556,7.4,73,0,7.8,214,9.3,12.2,13.7,0.0,0.0,0.01,8.0,77.0,0.0,0.0,0.0,222.0,0.0,101050.0
2025-02-08 03:00:00,28.5881834712364,25.4331189691948,0.0,0.2760416666666667,7.4,76,0,8.0,221,9.0,12.0,13.7,0.0,0.0,0.01,7.0,77.0,0.0,0.0,1.0,234.0,0.0,101000.0
2025-02-08 04:00:00,28.3476250069619,25.2899104977149,0.0,0.2777777777777778,7.4,80,1,7.6,221,8.8,11.8,13.7,0.0,0.0,0.0,9.0,72.0,0.0,0.0,2.0,210.0,0.0,100990.0
2025-02-08 05:00:00,28.4198360284207,25.40060288536,0.0,0.2795138888888889,7.5,84,2,8.0,214,8.6,11.6,13.7,0.0,0.0,0.0,8.0,71.0,0.0,0.0,2.0,228.0,0.0,101010.0
2025-02-08 06:00:00,28.4260267058918,25.2722086170534,0.0,0.28125,7.6,85,19,8.7,211,8.6,11.4,13.7,0.0,0.0,0.0,9.0,71.0,0.0,0.0,2.0,210.0,0.0,101040.0
2025-02-08 07:00:00,28.288002735934,25.4883866343815,0.0,0.2829861111111111,8.1,83,9,9.4,215,8.6,11.3,13.7,0.0,0.0,0.0,9.0,72.0,0.0,0.0,3.0,234.0,0.0,101070.0
2025-02-08 08:00:00,28.3540191248836,25.3374601099917,0.0,0.2847222222222222,10.1,77,2,11.2,218,9.0,11.2,13.7,0.0,0.0,0.03,10.0,73.0,339.0,0.0,2.0,228.0,0.0,101120.0
2025-02-08 09:00:00,28.3260393089614,25.2291572442928,0.0,0.2864583333333333,13.9,70,1,11.7,215,10.3,11.1,13.7,0.0,0.0,0.11,11.0,73.0,7184.0,0.0,3.0,258.0,0.0,101160.0
2025-02-08 10:00:00,28.3329868634967,25.3591093589307,0.0,0.2881944444444444,16.7,60,0,12.2,234,12.0,11.2,13.6,0.0,0.0,0.22,13.0,68.0,18564.0,1.0,3.0,264.0,0.0,101200.0
2025-02-08 11:00:00,28.4821005284658,25.3985141714609,0.0,0.2899305555555556,18.4,50,15,14.1,241,13.7,11.4,13.6,0.0,0.0,0.32,15.0,64.0,25222.0,2.0,3.0,276.0,0.0,101230.0
2025-02-08 12:00:00,28.4108993641119,25.162912167435,0.0,0.2916666666666667,19.6,42,1,13.3,241,15.1,11.6,13.6,0.0,0.0,0.38,18.0,54.0,61486.0,5.0,4.0,310.0,0.0,101220.0
2025-02-08 13:00:00,28.1207878368795,25.0905099629734,0.0,0.2934027777777778,20.5,38,0,12.8,247,16.5,12.1,13.6,0.0,0.0,0.42,19.0,43.0,43812.0,3.0,5.0,270.0,0.0,101170.0
2025-02-08 14:00:00,28.1417110326203,25.067594187646,0.0,0.2951388888888889,20.9,37,0,14.3,251,17.2,12.5,13.6,0.0,0.0,0.41,20.0,36.0,67903.0,6.0,5.0,298.0,0.0,101100.0
2025-02-08 15:00:00,28.0852956715742,25.3232474582594,0.0,0.296875,20.8,39,1,11.4,279,17.5,12.8,13.6,0.0,0.0,0.34,21.0,40.0,53379.0,3.0,3.0,274.0,0.0,101040.0
2025-02-08 16:00:00,28.1629155830958,24.9466439412705,0.0,0.2986111111111111,18.6,63,3,11.9,331,17.3,13.2,13.6,0.0,0.0,0.22,21.0,41.0,34895.0,2.0,2.0,234.0,0.0,101020.0
2025-02-08 17:00:00,28.0204543551917,25.1336414734967,0.0,0.3003472222222222,16.6,80,14,4.0,334,16.6,13.4,13.6,0.0,0.0,0.09,18.0,68.0,14850.0,1.0,4.0,358.0,0.0,101060.0
2025-02-08 18:00:00,28.0780056758732,25.0499145031123,0.0,0.3020833333333333,14.4,83,25,1.1,337,15.1,13.6,13.6,0.0,0.0,0.01,17.0,73.0,3681.0,0.0,1.0,15.0,0.0,101100.0
2025-02-08 19:00:00,28.1406058867779,24.9741438018749,0.0,0.3038194444444444,13.4,86,32,3.7,105,14.0,13.7,13.6,0.0,0.0,0.0,15.0,82.0,0.0,0.0,2.0,112.0,0.0,101180.0
2025-02-08 20:00:00,28.0231696406576,24.9096725266237,0.0,0.3055555555555556,12.6,88,29,4.2,101,13.3,13.7,13.7,0.0,0.0,0.0,14.0,87.0,0.0,0.0,2.0,124.0,0.0,101250.0
2025-02-08 21:00:00,27.9549257958138,24.7703724606753,0.0,0.3072916666666667,12.3,87,20,3.5,85,12.6,13.6,13.7,0.0,0.0,0.0,13.0,88.0,0.0,0.0,3.0,112.0,0.0,101320.0
2025-02-08 22:00:00,28.1206988200911,24.7846005095245,0.0,0.3090277777777778,11.5,88,17,4.6,99,12.0,13.5,13.7,0.0,0.0,0.0,13.0,90.0,0.0,0.0,1.0,91.0,0.0,101380.0
2025-02-08 23:00:00,27.822148324722,24.5478313150238,0.0,0.3107638888888889,10.9,91,29,3.7,114,11.6,13.4,13.7,0.0,0.0,0.0,13.0,90.0,0.0,0.0,1.0,137.0,0.0,101390.0
2025-02-09 00:00:00,28.061325448965,24.649960960691,0.0,0.3125,10.7,93,34,2.1,97,11.2,13.3,13.7,0.0,0.0,0.0,14.0,87.0,0.0,0.0,2.0,126.0,0.0,101370.0
2025-02-09 01:00:00,27.7835395981996,24.6991173858741,0.0,0.3142361111111111,12.1,92,92,3.6,89,12.9,13.4,13.7,0.0,0.0,0.0,14.0,87.0,0.0,0.0,2.0,144.0,0.0,101380.0
2025-02-09 02:00:00,27.8018586935654,24.7047504011433,0.0,0.3159722222222222,12.6,92,100,4.2,102,12.7,13.4,13.7,0.0,0.0,0.0,14.0,87.0,0.0,0.0,2.0,138.0,0.0,101370.0
2025-02-09 03:00:00,27.7264049375837,24.4959564460152,0.0,0.3177083333333333,13.1,90,100,3.6,101,12.6,13.3,13.7,0.0,0.0,0.0,14.0,88.0,0.0,0.0,0.0,130.0,0.0,101350.0
2025-02-09 04:00:00,27.8451149844813,24.6425355799538,0.0,0.3194444444444444,13.6,87,100,2.6,98,12.6,13.3,13.7,0.0,0.0,0.0,13.0,92.0,0.0,0.0,0.0,344.0,0.0,101350.0
2025-02-09 05:00:00,27.7600640329701,24.6570250402266,0.0,0.3211805555555555,13.6,86,97,2.0,100,12.6,13.2,13.7,0.0,0.0,0.0,13.0,93.0,0.0,0.0,0.0,114.0,0.0,101340.0
2025-02-09 06:00:00,27.7112316312835,24.6015591586705,0.0,0.3229166666666667,12.6,90,65,3.5,116,12.4,13.2,13.7,0.0,0.0,0.0,12.0,93.0,0.0,0.0,0.0,166.0,0.0,101340.0
2025-02-09 07:00:00,27.9218962397594,24.5142744184884,0.0,0.3246527777777778,11.6,94,27,3.4,133,12.1,13.1,13.7,0.0,0.0,0.0,10.0,91.0,0.0,0.0,0.0,184.0,0.0,101350.0
2025-02-09 08:00:00,27.769985697791,24.491469318352,0.0,0.3263888888888889,11.6,93,24,5.2,150,12.0,13.1,13.7,0.0,0.0,0.01,9.0,93.0,1107.0,0.0,0.0,210.0,0.0,101370.0
2025-02-09 09:00:00,27.7212752229744,24.4460461618819,0.0,0.328125,14.3,83,3,3.9,246,12.9,13.0,13.7,0.0,0.0,0.09,12.0,91.0,7937.0,0.0,1.0,270.0,0.0,101410.0
2025-02-09 10:00:00,27.8569007917384,24.3626185153796,0.0,0.3298611111111111,15.9,77,0,4.3,333,14.3,13.1,13.7,0.0,0.0,0.2,14.0,82.0,26735.0,2.0,0.0,210.0,0.0,101440.0
2025-02-09 11:00:00,27.6468737429479,24.5466658707889,0.0,0.3315972222222222,17.1,71,14,5.2,18,15.8,13.2,13.7,0.0,0.0,0.29,16.0,72.0,48670.0,4.0,1.0,228.0,0.0,101440.0
2025-02-09 12:00:00,27.6803600144254,24.4163476842964,0.0,0.3333333333333333,18.1,68,45,6.4,25,17.1,13.5,13.7,0.0,0.0,0.35,18.0,66.0,62488.0,3.0,2.0,42.0,0.0,101400.0
2025-02-09 13:00:00,27.6505187026418,24.4443319830005,0.0,0.3350694444444444,18.6,66,29,11.5,27,17.7,13.4,13.7,0.0,0.0,0.34,19.0,64.0,77085.0,6.0,3.0,13.0,0.0,101300.0
2025-02-09 14:00:00,27.525563811682,24.5002987775752,0.0,0.3368055555555555,17.4,70,0,12.6,30,18.0,13.7,13.7,0.0,0.0,0.29,18.0,69.0,64300.0,6.0,4.0,16.0,0.0,101210.0
2025-02-09 15:00:00,27.590356546179,24.4243076417642,0.0,0.3385416666666667,17.5,71,0,10.9,51,18.1,14.0,13.7,0.0,0.0,0.27,18.0,68.0,49960.0,2.0,3.0,60.0,0.0,101150.0
2025-02-09 16:00:00,27.5552319880761,24.4254047427921,0.0,0.3402777777777778,16.8,74,10,12.1,45,17.7,14.3,13.7,0.0,0.0,0.19,18.0,66.0,31826.0,2.0,4.0,39.0,0.0,101150.0
2025-02-09 17:00:00,27.6612929489053,24.336643205739,0.0,0.3420138888888889,15.4,80,2,10.5,40,16.9,14.5,13.7,0.0,0.0,0.09,17.0,69.0,12200.0,0.0,3.0,59.0,0.0,101120.0
2025-02-09 18:00:00,27.6594079245799,24.5176688264402,0.0,0.34375,12.8,93,0,6.1,42,15.6,14.6,13.7,0.0,0.0,0.01,16.0,76.0,2916.0,0.0,2.0,52.0,0.0,101150.0
2025-02-09 19:00:00,27.6612822465513,24.2888557718066,0.0,0.3454861111111111,11.7,96,14,4.3,45,14.4,14.6,13.8,0.0,0.0,0.0,13.0,87.0,0.0,0.0,0.0,60.0,0.0,101190.0
2025-02-09 20:00:00,27.464189738938,24.3498906444097,0.0,0.3472222222222222,11.5,97,23,1.8,51,13.3,14.5,13.8,0.0,0.0,0.0,12.0,88.0,0.0,0.0,0.0,162.0,0.0,101220.0
2025-02-09 21:00:00,27.4746358730685,24.2668033141582,0.0,0.3489583333333333,11.3,97,18,0.5,59,12.5,14.4,13.8,0.0,0.0,0.0,11.0,91.0,0.0,0.0,0.0,162.0,0.0,101250.0
2025-02-09 22:00:00,27.4691157081408,23.9765358782575,0.0,0.3506944444444444,10.3,100,30,1.2,42,12.0,14.2,13.8,0.0,0.0,0.0,10.0,92.0,0.0,0.0,0.0,176.0,0.0,101250.0
2025-02-09 23:00:00,27.4016525287429,24.0820966255388,0.0,0.3524305555555555,10.3,99,45,4.1,241,12.0,14.1,13.8,0.0,0.0,0.0,9.0,94.0,0.0,0.0,0.0,174.0,0.0,101220.0
2025-02-10 00:00:00,27.317889666189,24.2784369200996,0.0,0.3541666666666667,10.3,97,52,5.0,227,11.9,13.9,13.8,0.0,0.0,0.0,9.0,95.0,0.0,0.0,0.0,178.0,0.0,101210.0
2025-02-10 01:00:00,27.48402770266,24.2104302955749,0.0,0.3559027777777778,10.4,97,94,4.7,272,12.3,13.9,13.8,0.0,0.0,0.0,9.0,95.0,0.0,0.0,0.0,180.0,0.0,101150.0
2025-02-10 02:00:00,27.3612387308242,24.1395390993863,0.0,0.3576388888888889,10.4,95,92,5.7,243,12.1,13.8,13.8,0.0,0.0,0.0,8.0,96.0,0.0,0.0,0.0,180.0,0.0,101100.0
2025-02-10 03:00:00,27.3186685413461,24.3186839420975,0.0,0.359375,10.0,94,72,6.1,240,11.8,13.7,13.8,0.0,0.0,0.0,8.0,96.0,0.0,0.0,0.0,180.0,0.0,101060.0
2025-02-10 04:00:00,27.3763465318116,23.9423263434061,0.0,0.3611111111111111,9.9,94,95,5.9,240,11.6,13.5,13.8,0.0,0.0,0.0,8.0,96.0,0.0,0.0,0.0,204.0,0.0,101010.0
2025-02-10 05:00:00,27.359456617878,23.8815550684708,0.0,0.3628472222222222,9.9,94,100,5.4,241,11.4,13.4,13.8,0.0,0.0,0.0,10.0,96.0,0.0,0.0,0.0,204.0,0.0,100960.0
2025-02-10 06:00:00,27.1962092680825,23.9642946664037,0.0,0.3645833333333333,9.8,93,100,5.9,240,11.2,13.3,13.8,0.0,0.0,0.0,10.0,97.0,0.0,0.0,0.0,192.0,0.0,101000.0
2025-02-10 07:00:00,27.3105634238961,23.8859436304526,0.0,0.3663194444444444,9.9,93,100,6.7,242,11.2,13.1,13.8,0.0,0.0,0.0,10.0,97.0,0.0,0.0,0.0,159.0,0.0,101010.0
2025-02-10 08:00:00,27.1374259498097,23.9802967458149,0.0,0.3680555555555555,10.8,91,100,7.9,258,11.5,13.0,13.8,0.0,0.0,0.02,10.0,97.0,2228.0,0.0,0.0,192.0,0.0,101030.0
2025-02-10 09:00:00,27.1538512568597,23.7061900700455,0.0,0.3697916666666667,11.9,92,100,7.6,272,12.0,13.0,13.8,0.0,0.0,0.05,10.0,97.0,9814.0,1.0,0.0,246.0,0.0,101060.0
2025-02-10 10:00:00,27.1087473820932,23.8002711488525,0.0,0.3715277777777778,13.3,87,71,7.5,286,13.0,12.9,13.8,0.0,0.0,0.1,12.0,91.0,29300.0,1.0,2.0,258.0,0.0,101080.0
2025-02-10 11:00:00,27.1589183242943,23.9112509926772,0.0,0.3732638888888889,15.2,77,55,6.1,297,14.4,13.0,13.8,0.0,0.0,0.23,14.0,83.0,50744.0,3.0,2.0,288.0,0.0,101060.0
2025-02-10 12:00:00,27.0488184676396,24.1762515382059,0.0,0.375,16.5,74,4,6.3,327,15.9,13.2,13.8,0.0,0.0,0.33,17.0,71.0,62990.0,5.0,2.0,338.0,0.0,101010.0
2025-02-10 13:00:00,27.1077039416767,29.2692907927128,0.0,0.3767361111111111,17.7,71,39,4.9,351,17.5,13.6,13.9,0.0,0.0,0.37,18.0,64.0,67380.0,5.0,0.0,209.0,0.0,100930.0
2025-02-10 14:00:00,28.2958264204778,29.1861655081664,0.0,0.3784722222222222,17.6,73,37,7.2,16,18.2,13.9,13.9,0.0,0.0,0.33,19.0,63.0,61796.0,5.0,1.0,320.0,0.0,100830.0
2025-02-10 15:00:00,29.2407349882058,28.9202407102947,0.0,0.3802083333333333,17.0,76,55,10.2,30,18.3,14.2,13.9,0.0,0.0,0.27,18.0,66.0,46685.0,1.0,3.0,26.0,0.0,100750.0
2025-02-10 16:00:00,29.5323823429155,28.6975831122767,0.0,0.3819444444444444,16.0,78,69,10.7,34,17.9,14.5,13.9,0.0,0.0,0.18,17.0,74.0,25408.0,1.0,4.0,38.0,0.0,100750.0
2025-02-10 17:00:00,29.5327804616662,28.194657043641,0.0,0.3836805555555555,14.7,83,76,8.9,33,17.0,14.7,13.9,0.0,0.0,0.09,16.0,79.0,8205.0,1.0,4.0,58.0,0.0,100750.0
2025-02-10 18:00:00,29.5450410972055,28.0920069005155,0.0,0.3854166666666667,12.2,94,6,4.8,32,15.6,14.8,13.9,0.0,0.0,0.01,15.0,85.0,2683.0,0.0,3.0,26.0,0.0,100780.0
2025-02-10 19:00:00,29.5381810257064,27.904876897193,0.0,0.3871527777777778,11.4,96,0,1.0,21,14.2,14.8,13.9,0.0,0.0,0.0,13.0,90.0,0.0,0.0,0.0,60.0,0.0,100830.0
2025-02-10 20:00:00,29.4389915567395,28.0528652191776,0.0,0.3888888888888889,10.5,99,2,1.7,319,13.1,14.7,13.9,0.0,0.0,0.0,11.0,92.0,0.0,0.0,0.0,122.0,0.0,100870.0
2025-02-10 21:00:00,29.3195906495332,27.6505413792553,0.0,0.390625,9.8,99,19,3.6,270,12.3,14.5,13.9,0.0,0.0,0.0,11.0,93.0,0.0,0.0,0.0,115.0,0.0,100890.0
2025-02-10 22:00:00,29.2235996837944,27.5923637456803,0.0,0.3923611111111111,9.1,100,95,3.3,257,11.9,14.3,13.9,0.0,0.0,0.0,11.0,92.0,0.0,0.0,0.0,174.0,0.0,100910.0
2025-02-10 23:00:00,29.4950247006691,27.566002728832,0.0,0.3940972222222222,9.0,100,92,3.7,276,11.6,14.1,13.9,0.0,0.0,0.0,12.0,91.5,0.0,0.0,0.0,166.0,0.0,100900.0
2025-02-11 00:00:00,29.246868278334,27.5655590365946,0.0,0.3958333333333333,9.7,96,77,4.6,265,11.5,14.0,14.0,0.0,0.0,0.0,13.0,91.0,0.0,0.0,0.0,158.0,0.0,100890.0
2025-02-11 01:00:00,29.4218511120966,27.2377395922516,0.0,0.3975694444444444,9.3,98,94,4.9,255,12.6,14.1,14.0,0.0,0.0,0.0,13.0,90.0,0.0,0.0,0.0,184.0,0.0,100860.0
2025-02-11 02:00:00,29.1955943799882,27.1810752098313,0.0,0.3993055555555555,9.6,96,67,4.8,248,12.1,13.9,14.0,0.0,0.0,0.0,11.0,94.0,0.0,0.0,0.0,179.0,0.0,100840.0
2025-02-11 03:00:00,29.1672574548857,27.1666112703127,0.0,0.4010416666666667,9.6,96,73,4.8,247,11.8,13.8,14.0,0.0,0.0,0.0,9.0,95.0,0.0,0.0,0.0,158.0,0.0,100830.0
2025-02-11 04:00:00,29.2444484558485,27.0935312192229,0.0,0.4027777777777778,9.5,94,88,4.0,250,11.6,13.7,14.0,0.0,0.0,0.0,8.0,96.0,0.0,0.0,0.0,138.0,0.0,100810.0
2025-02-11 05:00:00,29.1112547717136,27.128452195317,0.0,0.4045138888888889,9.3,94,92,2.4,234,11.4,13.5,14.0,0.0,0.0,0.0,11.0,96.0,0.0,0.0,0.0,173.0,0.0,100780.0
2025-02-11 06:00:00,29.1044112190449,26.9715692493189,0.0,0.40625,9.3,94,100,3.9,240,11.2,13.4,14.0,0.0,0.0,0.0,11.0,95.0,0.0,0.0,0.0,192.0,0.0,100750.0
2025-02-11 07:00:00,29.0531419202165,26.9172432734984,0.0,0.4079861111111111,9.2,96,100,4.8,253,11.0,13.2,14.0,0.0,0.0,0.0,11.0,95.0,0.0,0.0,0.0,72.0,0.0,100740.0
2025-02-11 08:00:00,29.129388827303,26.8075950389999,0.0,0.4097222222222222,10.0,94,100,5.6,256,11.2,13.1,14.0,0.0,0.0,0.01,12.0,95.0,0.0,0.0,0.0,234.0,0.0,100760.0
2025-02-11 09:00:00,29.0968477931359,26.9038226263957,0.0,0.4114583333333333,11.5,92,100,5.8,275,11.9,13.0,14.0,0.0,0.0,0.07,12.0,94.0,3445.0,0.0,0.0,228.0,0.0,100790.0
2025-02-11 10:00:00,29.0034334346549,26.6417947142821,0.0,0.4131944444444444,14.3,77,91,5.6,308,13.2,13.0,14.0,0.0,0.0,0.17,12.0,92.0,10316.0,1.0,1.0,222.0,0.0,100830.0
2025-02-11 11:00:00,29.1466460888157,26.7478508869198,0.0,0.4149305555555555,16.7,65,98,5.2,327,14.8,13.1,14.0,0.0,0.0,0.27,12.0,88.0,9871.0,1.0,1.0,234.0,0.0,100850.0
2025-02-11 12:00:00,28.9994856171544,26.8026137118631,0.0,0.41666666666666663,18.3,61,92,5.6,352,16.3,13.3,14.0,0.0,0.0,0.33,14.0,76.0,62049.0,4.0,1.0,174.0,0.0,100840.0
2025-02-11 13:00:00,29.1958825722155,26.6207032805161,0.0,0.4184027777777778,17.5,69,81,9.7,11,16.3,13.3,14.0,0.0,0.0,0.31,16.0,72.0,78228.0,6.0,0.0,187.0,0.0,100780.0
2025-02-11 14:00:00,29.043240955977,26.6396399705276,0.0,0.4201388888888889,17.1,72,78,9.9,26,17.1,13.6,14.0,0.0,0.0,0.3,18.0,66.0,46826.0,3.0,0.0,120.0,0.0,100700.0
2025-02-11 15:00:00,28.9154627774849,26.5352631895108,0.0,0.421875,17.0,72,64,9.1,44,17.5,13.9,14.0,0.0,0.0,0.26,19.0,61.0,69477.0,6.0,1.0,192.0,0.0,100610.0
2025-02-11 16:00:00,28.8100703733402,26.4784825111695,0.0,0.4236111111111111,16.7,72,7,8.9,37,17.3,14.1,14.0,0.0,0.0,0.19,19.0,66.0,58264.0,3.0,4.0,30.0,0.0,100540.0
2025-02-11 17:00:00,28.7628191009394,26.2557684445297,0.0,0.4253472222222222,15.5,76,0,5.6,42,16.6,14.3,14.0,0.0,0.0,0.09,18.0,71.0,25776.0,2.0,4.0,348.0,0.0,100510.0
2025-02-11 18:00:00,28.8979958723129,26.2452361657161,0.0,0.4270833333333333,12.7,84,0,2.2,52,15.2,14.4,14.0,0.0,0.0,0.01,16.0,75.0,8112.0,1.0,2.0,42.0,0.0,100540.0
2025-02-11 19:00:00,28.6545690218812,25.9891760877151,0.0,0.4288194444444444,12.0,85,0,1.8,74,13.8,14.4,14.0,0.0,0.0,0.0,15.0,79.0,1067.0,0.0,2.0,26.0,0.0,100570.0
2025-02-11 20:00:00,28.7194582415067,26.2189706026403,0.0,0.4305555555555555,11.8,84,0,0.5,72,12.7,14.3,14.0,0.0,0.0,0.0,13.0,85.0,0.0,0.0,0.0,125.0,0.0,100640.0
2025-02-11 21:00:00,28.5893222249241,26.131183441038,0.0,0.43229166666666663,10.7,85,3,3.6,207,12.0,14.2,14.0,0.0,0.0,0.0,11.0,89.0,0.0,0.0,0.0,276.0,0.0,100660.0
2025-02-11 22:00:00,28.5310704518161,26.0617699201735,0.0,0.4340277777777778,10.4,77,3,6.1,202,11.4,14.0,14.0,0.0,0.0,0.0,10.0,92.0,0.0,0.0,0.0,306.0,0.0,100700.0
2025-02-11 23:00:00,28.625612707079,26.2023819928861,0.0,0.4357638888888889,10.4,68,21,7.7,222,11.1,13.8,14.0,0.0,0.0,0.02,9.0,93.0,0.0,0.0,2.0,168.0,0.0,100750.0
2025-02-12 00:00:00,28.4715575773291,25.9138395672743,0.0,0.4375,10.9,63,21,9.9,226,10.9,13.6,14.0,0.0,0.0,0.03,10.0,94.0,0.0,0.0,2.0,168.0,0.0,100740.0
2025-02-12 01:00:00,28.3779753999248,25.9656456152464,0.0,0.4392361111111111,10.6,65,35,8.2,225,10.0,13.6,14.1,0.0,0.0,0.02,9.0,94.0,0.0,0.0,0.0,192.0,0.0,100730.0
2025-02-12 02:00:00,28.4126252175851,25.7087186773486,0.0,0.4409722222222222,10.8,57,36,9.0,214,9.9,13.3,14.1,0.0,0.0,0.03,9.0,92.0,0.0,0.0,0.0,163.0,0.0,100700.0
2025-02-12 03:00:00,28.5729106458459,25.7255741464146,0.0,0.4427083333333333,11.0,52,86,11.2,214,10.0,13.1,14.1,0.0,0.0,0.05,9.0,92.0,0.0,0.0,1.0,198.0,0.0,100710.0
2025-02-12 04:00:00,28.1924226572114,25.5508445222962,0.0,0.4444444444444444,11.2,51,82,11.3,212,10.2,12.9,14.1,0.0,0.0,0.05,11.0,81.0,0.0,0.0,1.0,222.0,0.0,100670.0
2025-02-12 05:00:00,28.3989032181449,25.5587098971918,0.0,0.4461805555555555,9.6,59,100,7.2,222,10.0,12.8,14.1,0.0,0.0,0.02,11.0,73.0,0.0,0.0,3.0,216.0,0.0,100630.0
2025-02-12 06:00:00,28.3794782839748,25.6921516500336,0.0,0.44791666666666663,9.0,64,100,5.2,234,9.6,12.6,14.1,0.0,0.0,0.01,10.0,68.0,0.0,0.0,2.0,176.0,0.0,100680.0
2025-02-12 07:00:00,28.5035677904164,25.7074733771347,0.0,0.4496527777777778,8.1,69,66,6.4,249,9.1,12.4,14.0,0.0,0.0,0.01,10.0,62.0,0.0,0.0,2.0,210.0,0.0,100700.0
2025-02-12 08:00:00,28.3218911334288,25.6516448282561,0.0,0.4513888888888889,10.9,66,17,8.2,258,9.5,12.2,14.0,0.0,0.0,0.04,10.0,66.0,0.0,0.0,1.0,222.0,0.0,100760.0
2025-02-12 09:00:00,28.0811122249549,25.5314347920408,0.0,0.453125,14.4,65,23,10.3,239,11.0,12.1,14.0,0.0,0.0,0.13,9.0,66.0,4652.0,0.0,0.0,204.0,0.0,100820.0
2025-02-12 10:00:00,28.1923788773544,25.5243647673763,0.0,0.4548611111111111,16.8,56,1,11.1,232,12.7,12.1,14.0,0.0,0.0,0.23,15.0,58.0,19050.0,1.0,2.0,264.0,0.0,100910.0
2025-02-12 11:00:00,28.3079319902655,25.6071653711125,0.0,0.4565972222222222,18.2,57,3,8.8,255,14.4,12.3,14.0,0.0,0.0,0.31,16.0,53.0,32232.0,2.0,4.0,240.0,0.0,100930.0
2025-02-12 12:00:00,28.3149879959677,25.5535062588257,0.0,0.4583333333333333,19.2,53,5,8.8,265,16.0,12.5,14.0,0.0,0.0,0.38,18.0,51.0,50344.0,4.0,3.0,211.0,0.0,100920.0
2025-02-12 13:00:00,28.157736865513,25.3458303950855,0.0,0.4600694444444444,20.4,50,14,9.7,290,17.6,13.1,14.0,0.0,0.0,0.41,19.0,51.0,66330.0,3.0,4.0,292.0,0.0,100870.0
2025-02-12 14:00:00,28.2123867470155,25.480767213943,0.0,0.4618055555555555,19.8,59,14,11.5,328,18.2,13.4,14.0,0.0,0.0,0.36,21.0,45.0,66949.0,6.0,4.0,270.0,0.0,100740.0
2025-02-12 15:00:00,28.1499739575617,25.2098002127147,0.0,0.46354166666666663,18.1,69,9,15.2,337,18.3,13.8,14.0,0.0,0.0,0.28,19.0,58.0,68225.0,6.0,4.0,36.0,0.0,100620.0
2025-02-12 16:00:00,28.2519388697249,25.4197872747965,0.0,0.4652777777777778,17.5,70,11,9.4,319,17.9,14.1,14.0,0.0,0.0,0.19,18.0,67.0,41976.0,3.0,6.0,19.0,0.0,100600.0
2025-02-12 17:00:00,28.1043157373153,25.4912417767001,0.0,0.4670138888888889,16.4,74,41,5.0,322,17.1,14.3,14.0,0.0,0.0,0.09,17.0,69.0,23010.0,1.0,5.0,0.0,0.0,100600.0
2025-02-12 18:00:00,27.9779552795339,25.2657936872677,0.0,0.46875,14.7,77,36,2.8,291,15.9,14.4,14.1,0.0,0.0,0.02,16.0,71.0,6335.0,0.0,4.0,4.0,0.0,100640.0
2025-02-12 19:00:00,27.9547745172888,25.2415881281284,0.0,0.4704861111111111,13.6,75,47,6.0,254,14.7,14.5,14.1,0.0,0.0,0.01,16.0,74.0,407.0,0.0,2.0,330.0,0.0,100690.0
2025-02-12 20:00:00,27.9054458205752,25.4225252256449,0.0,0.4722222222222222,14.1,72,35,9.0,219,14.2,14.5,14.1,0.0,0.0,0.02,16.0,75.0,0.0,0.0,0.0,282.0,0.0,100770.0
2025-02-12 21:00:00,28.0310706168643,25.3234633407475,0.0,0.4739583333333333,13.3,70,39,9.2,212,13.8,14.4,14.1,0.0,0.0,0.02,16.0,69.0,0.0,0.0,1.0,276.0,0.0,100880.0
2025-02-12 22:00:00,28.0773864535956,25.1893306784863,0.0,0.4756944444444444,12.7,67,22,9.2,220,13.3,14.4,14.1,0.0,0.0,0.02,15.0,69.0,0.0,0.0,1.0,246.0,0.0,100950.0
2025-02-12 23:00:00,27.9427904234903,25.2980942049912,0.0,0.4774305555555555,12.2,66,0,9.9,221,12.9,14.3,14.1,0.0,0.0,0.03,14.0,73.0,0.0,0.0,1.0,246.0,0.0,100970.0
2025-02-13 00:00:00,27.8172466313911,25.2080486107761,0.0,0.47916666666666663,11.4,67,0,11.0,219,12.4,14.1,14.1,0.0,0.0,0.03,13.0,74.0,0.0,0.0,0.0,228.0,0.0,100980.0
2025-02-13 01:00:00,27.9338589266402,25.1969674880498,0.0,0.4809027777777778,11.5,67,0,9.9,212,13.1,14.1,14.1,0.0,0.0,0.03,12.0,73.0,0.0,0.0,1.0,210.0,0.0,100970.0
2025-02-13 02:00:00,27.8209864700411,25.0413511738258,0.0,0.4826388888888889,10.9,68,0,8.5,214,12.4,14.0,14.1,0.0,0.0,0.02,12.0,69.0,0.0,0.0,2.0,204.0,0.0,100940.0
2025-02-13 03:00:00,27.7597625840711,25.0123960706167,0.0,0.484375,10.1,70,0,7.0,215,11.8,13.9,14.1,0.0,0.0,0.01,12.0,68.0,0.0,0.0,2.0,270.0,0.0,100910.0
2025-02-13 04:00:00,27.6796412204216,24.9985022583306,0.0,0.4861111111111111,9.5,72,0,5.8,216,11.3,13.7,14.1,0.0,0.0,0.01,12.0,66.0,0.0,0.0,1.0,234.0,0.0,100880.0
2025-02-13 05:00:00,27.7771826629523,25.0691609898017,0.0,0.4878472222222222,9.1,72,0,4.4,203,10.7,13.6,14.1,0.0,0.0,0.0,10.0,77.0,0.0,0.0,0.0,192.0,0.0,100900.0
2025-02-13 06:00:00,27.7153786949439,25.0893716635503,0.0,0.4895833333333333,8.7,73,0,4.2,180,10.2,13.4,14.1,0.0,0.0,0.0,10.0,78.0,0.0,0.0,1.0,180.0,0.0,100900.0
2025-02-13 07:00:00,27.7644316731793,25.0384167315946,0.0,0.4913194444444444,8.3,74,0,4.1,166,9.8,13.1,14.1,0.0,0.0,0.0,9.0,79.0,0.0,0.0,0.0,240.0,0.0,100940.0
2025-02-13 08:00:00,27.5465413223277,24.9457572455839,0.0,0.4930555555555555,10.4,71,0,4.3,162,10.1,12.9,14.1,0.0,0.0,0.02,6.0,88.0,264.0,0.0,0.0,204.0,0.0,100960.0
2025-02-13 09:00:00,27.4363932853043,24.8945321933095,0.0,0.49479166666666663,14.1,66,0,5.4,181,11.5,12.8,14.1,0.0,0.0,0.12,9.0,82.0,5680.0,0.0,0.0,294.0,0.0,101010.0
2025-02-13 10:00:00,27.5485021854696,24.8666021244481,0.0,0.4965277777777778,16.3,52,0,1.9,208,13.3,12.8,14.1,0.0,0.0,0.22,14.0,67.0,22202.0,1.0,1.0,192.0,0.0,101040.0
2025-02-13 11:00:00,27.6032472233065,26.4796438867646,0.0,0.4982638888888889,17.2,49,0,0.5,323,15.1,12.9,14.1,0.0,0.0,0.31,16.0,59.0,45095.0,3.0,1.0,18.0,0.0,101080.0
2025-02-13 12:00:00,27.958900308582,29.1319891185803,0.0,0.5,17.8,48,0,3.1,33,16.6,13.2,14.1,0.0,0.0,0.37,18.0,49.0,62772.0,4.0,1.0,292.0,0.0,101080.0
2025-02-13 13:00:00,28.7420375682919,29.1212251139713,0.0,0.5044642857142857,18.6,49,0,4.4,25,17.9,13.5,14.1,0.0,0.0,0.39,18.0,49.0,15976.0,2.0,2.0,153.0,0.0,101010.0
2025-02-13 14:00:00,29.3952278515524,28.7897247312644,0.0,0.5089285714285714,18.6,50,0,6.6,35,18.5,13.9,14.1,0.0,0.0,0.37,18.0,53.0,72072.0,5.0,2.0,20.0,0.0,100930.0
2025-02-13 15:00:00,29.3513333221601,28.569571701232,0.0,0.5133928571428571,18.3,52,1,9.1,39,18.6,14.2,14.1,0.0,0.0,0.31,19.0,54.0,57895.0,5.0,4.0,4.0,0.0,100860.0
2025-02-13 16:00:00,29.4498504948582,28.3356782010968,0.0,0.5178571428571429,17.1,57,3,11.1,42,18.1,14.5,14.1,0.0,0.0,0.22,18.0,59.0,40754.0,2.0,4.0,358.0,0.0,100860.0
2025-02-13 17:00:00,29.2833172754733,27.9185458872824,0.0,0.5223214285714286,15.6,65,3,8.4,54,17.1,14.7,14.1,0.0,0.0,0.11,17.0,65.0,19648.0,1.0,4.0,54.0,0.0,100850.0
2025-02-13 18:00:00,29.2856400994337,27.6975527680425,0.0,0.5267857142857143,12.6,77,2,5.6,63,15.7,14.8,14.1,0.0,0.0,0.02,16.0,69.0,5845.0,0.0,2.0,54.0,0.0,100860.0
2025-02-13 19:00:00,29.2763698648513,27.6164079240045,0.0,0.53125,12.1,77,1,2.0,73,14.2,14.8,14.1,0.0,0.0,0.0,14.0,76.0,177.0,0.0,1.0,82.0,0.0,100880.0
2025-02-13 20:00:00,28.9960539070652,27.471228725795,0.0,0.5357142857142857,11.7,76,0,0.9,78,13.1,14.7,14.2,0.0,0.0,0.0,12.0,79.0,0.0,0.0,0.0,54.0,0.0,100900.0
2025-02-13 21:00:00,29.1553386325622,27.4142463995819,0.0,0.5401785714285714,11.3,76,0,0.9,83,12.2,14.5,14.2,0.0,0.0,0.0,11.0,85.0,0.0,0.0,0.0,111.0,0.0,100970.0
2025-02-13 22:00:00,29.1807456793178,27.4496252500439,0.0,0.5446428571428571,10.5,79,0,3.3,189,11.6,14.3,14.2,0.0,0.0,0.0,9.0,83.0,0.0,0.0,0.0,175.0,0.0,100980.0
2025-02-13 23:00:00,29.0639105589299,27.1512892138858,0.0,0.5491071428571429,9.9,80,0,3.3,200,11.0,14.1,14.2,0.0,0.0,0.0,9.0,87.0,0.0,0.0,0.0,184.0,0.0,100950.0
2025-02-14 00:00:00,28.9026948855082,27.3193059842624,0.0,0.5535714285714286,9.5,80,0,2.3,190,10.6,13.9,14.2,0.0,0.0,0.0,8.0,88.0,0.0,0.0,0.0,149.0,0.0,100960.0
2025-02-14 01:00:00,29.1651971728593,27.1272386583534,0.0,0.5580357142857143,9.6,78,0,3.1,204,10.5,13.8,14.2,0.0,0.0,0.0,9.0,87.0,0.0,0.0,0.0,216.0,0.0,100940.0
2025-02-14 02:00:00,29.0092652809821,27.0535264537439,0.0,0.5625,9.1,78,0,3.9,225,10.1,13.6,14.2,0.0,0.0,0.0,8.0,90.0,0.0,0.0,0.0,222.0,0.0,100900.0
2025-02-14 03:00:00,28.9439030725459,27.0144661479463,0.0,0.5669642857142857,8.4,79,0,4.2,243,9.7,13.3,14.2,0.0,0.0,0.0,7.0,90.0,0.0,0.0,0.0,180.0,0.0,100840.0
2025-02-14 04:00:00,28.8621528692942,27.1239150706744,0.0,0.5714285714285714,7.8,80,0,3.8,239,9.4,13.1,14.2,0.0,0.0,0.0,7.0,88.0,0.0,0.0,0.0,180.0,0.0,100800.0
2025-02-14 05:00:00,28.8175715722377,27.0009679975688,0.0,0.5758928571428571,7.7,78,0,2.9,225,9.1,12.9,14.2,0.0,0.0,0.0,6.0,89.0,0.0,0.0,0.0,186.0,0.0,100780.0
2025-02-14 06:00:00,28.7105513917916,26.9711942161123,0.0,0.5803571428571429,7.8,75,0,3.4,228,8.8,12.6,14.2,0.0,0.0,0.0,6.0,89.0,0.0,0.0,0.0,186.0,0.0,100780.0
2025-02-14 07:00:00,28.7145510885453,26.7817790818137,0.0,0.5848214285714286,7.5,76,0,5.2,236,8.6,12.4,14.2,0.0,0.0,0.0,6.0,89.0,0.0,0.0,0.0,186.0,0.0,100790.0
2025-02-14 08:00:00,28.9326910975464,26.6893195297688,0.0,0.5892857142857143,10.3,71,0,5.1,238,9.0,12.2,14.2,0.0,0.0,0.03,6.0,89.0,784.0,0.0,1.0,192.0,0.0,100810.0
2025-02-14 09:00:00,28.9969422684244,26.9219410764642,0.0,0.59375,13.9,67,0,5.1,247,10.6,12.1,14.2,0.0,0.0,0.12,9.0,79.0,7800.0,0.0,0.0,186.0,0.0,100790.0
2025-02-14 10:00:00,28.7580695836542,26.8715136833879,0.0,0.5982142857142857,16.5,60,0,5.3,292,12.6,12.1,14.1,0.0,0.0,0.23,13.0,68.0,26263.0,2.0,2.0,228.0,0.0,100800.0
2025-02-14 11:00:00,28.8337919907447,26.8025593333171,0.0,0.6026785714285714,18.0,53,0,5.2,333,14.5,12.2,14.1,0.0,0.0,0.33,16.0,54.0,49510.0,4.0,0.0,193.0,0.0,100780.0
2025-02-14 12:00:00,28.8366810471973,26.8748330222059,0.0,0.6071428571428571,19.0,52,0,6.3,1,16.2,12.5,14.1,0.0,0.0,0.39,19.0,45.0,66068.0,4.0,1.0,192.0,0.0,100740.0
2025-02-14 13:00:00,28.6323255169978,26.6984306312063,0.0,0.6116071428571429,19.8,52,0,7.5,18,17.1,12.8,14.1,0.0,0.0,0.41,21.0,38.0,70824.0,4.0,0.0,35.0,0.0,100670.0
2025-02-14 14:00:00,28.6292511144629,26.6374315452093,0.0,0.6160714285714286,19.6,53,0,9.4,30,17.9,13.1,14.1,0.0,0.0,0.39,22.0,34.0,67300.0,3.0,2.0,355.0,0.0,100550.0
2025-02-14 15:00:00,28.6452621639782,26.6699106062044,0.0,0.6205357142857143,19.0,53,0,10.1,37,18.2,13.5,14.1,0.0,0.0,0.32,22.0,40.0,56650.0,3.0,3.0,43.0,0.0,100480.0
2025-02-14 16:00:00,28.5940004466258,26.5875856146865,0.0,0.625,18.3,56,0,9.1,37,17.9,13.8,14.1,0.0,0.0,0.23,21.0,36.0,38068.0,2.0,4.0,66.0,0.0,100480.0
2025-02-14 17:00:00,28.6913851678324,26.4583158258116,0.0,0.6294642857142857,16.6,69,0,5.3,35,17.1,14.0,14.1,0.0,0.0,0.11,20.0,38.0,17041.0,1.0,3.0,48.0,0.0,100470.0
2025-02-14 18:00:00,28.6376651842203,26.1248960764414,0.0,0.6339285714285714,13.6,77,0,1.7,32,15.4,14.2,14.1,0.0,0.0,0.01,19.0,48.0,4170.0,0.0,3.0,24.0,0.0,100450.0
2025-02-14 19:00:00,28.3537412280062,26.0550530254997,0.0,0.6383928571428571,12.6,79,0,1.6,339,14.0,14.2,14.1,0.0,0.0,0.0,15.0,74.0,0.0,0.0,2.0,12.0,0.0,100490.0
2025-02-14 20:00:00,28.3652850242969,26.1780274399329,0.0,0.6428571428571428,11.5,83,0,2.5,307,12.8,14.1,14.1,0.0,0.0,0.0,13.0,84.0,0.0,0.0,0.0,54.0,0.0,100530.0
2025-02-14 21:00:00,28.2403968452509,26.0376729117054,0.0,0.6473214285714286,10.7,86,0,1.9,286,12.0,14.0,14.1,0.0,0.0,0.0,11.0,84.0,0.0,0.0,0.0,175.0,0.0,100560.0
2025-02-14 22:00:00,28.1939037742475,26.1843039579645,0.0,0.6517857142857143,10.1,87,0,3.3,256,11.3,13.9,14.2,0.0,0.0,0.0,10.0,88.0,0.0,0.0,0.0,174.0,0.0,100590.0
2025-02-14 23:00:00,28.4063152328534,25.8988174748785,0.0,0.65625,9.5,89,0,3.8,263,10.8,13.7,14.2,0.0,0.0,0.0,10.0,89.0,0.0,0.0,2.0,180.0,0.0,100570.0
2025-02-15 00:00:00,28.1817743077789,25.920242333902,0.0,0.6607142857142857,9.3,87,0,3.2,273,10.3,13.5,14.2,0.0,0.0,0.0,9.0,92.0,0.0,0.0,0.0,198.0,0.0,100550.0
2025-02-15 01:00:00,28.0856424999935,25.826324761812,0.0,0.6651785714285714,8.5,84,0,3.8,263,9.6,13.4,14.2,0.0,0.0,0.0,7.0,92.0,0.0,0.0,0.0,186.0,0.0,100520.0
2025-02-15 02:00:00,28.2907408930718,25.7541514125657,0.0,0.6696428571428571,8.0,85,0,4.4,269,9.4,13.2,14.2,0.0,0.0,0.0,7.0,93.0,0.0,0.0,0.0,198.0,0.0,100500.0
2025-02-15 03:00:00,28.2266788487544,26.0007961643614,0.0,0.6741071428571428,8.3,79,0,2.7,264,9.1,12.9,14.2,0.0,0.0,0.0,7.0,92.0,0.0,0.0,1.0,192.0,0.0,100430.0
2025-02-15 04:00:00,28.0659652266619,25.6419351550537,0.0,0.6785714285714286,8.6,74,0,1.8,265,8.8,12.7,14.2,0.0,0.0,0.0,7.0,93.0,0.0,0.0,0.0,174.0,0.0,100370.0
2025-02-15 05:00:00,28.1484722483317,25.5842191512418,0.0,0.6830357142857143,8.6,71,0,1.4,279,8.6,12.4,14.2,0.0,0.0,0.0,6.0,87.0,0.0,0.0,1.0,172.0,0.0,100340.0
2025-02-15 06:00:00,28.1331056559276,25.7337288805302,0.0,0.6875,8.6,69,0,1.7,264,8.4,12.2,14.1,0.0,0.0,0.0,6.0,90.0,0.0,0.0,0.0,216.0,0.0,100380.0
2025-02-15 07:00:00,28.1033537942489,25.6130300512034,0.0,0.6919642857142857,8.5,67,0,1.7,248,8.1,12.0,14.1,0.0,0.0,0.0,5.0,92.0,0.0,0.0,0.0,173.0,0.0,100370.0
2025-02-15 08:00:00,28.0548181139921,25.6215462332523,0.0,0.6964285714285714,10.8,69,0,1.8,188,8.7,11.8,14.1,0.0,0.0,0.02,6.0,87.0,1849.0,0.0,1.0,180.0,0.0,100400.0
2025-02-15 09:00:00,28.0071995932703,25.6636578466617,0.0,0.7008928571428571,14.1,62,99,4.2,225,10.4,11.7,14.1,0.0,0.0,0.12,11.0,75.0,10544.0,1.0,0.0,204.0,0.0,100410.0
2025-02-15 10:00:00,28.1781796516449,25.5793647202941,0.0,0.7053571428571428,16.7,56,100,4.7,274,12.4,11.7,14.1,0.0,0.0,0.23,15.0,58.0,28269.0,1.0,3.0,240.0,0.0,100420.0
2025-02-15 11:00:00,28.0215203946642,25.7143778895955,0.0,0.7098214285714286,18.9,50,99,3.3,307,14.5,11.9,14.1,0.0,0.0,0.33,17.0,53.0,50749.0,2.0,1.0,252.0,0.0,100380.0
2025-02-15 12:00:00,28.0027859025316,25.8875209835592,0.0,0.7142857142857143,20.3,48,80,4.2,358,16.3,12.2,14.1,0.0,0.0,0.4,20.0,39.0,66089.0,5.0,2.0,269.0,0.0,100310.0
2025-02-15 13:00:00,27.9141811685995,25.7615449375156,0.0,0.71875,21.0,51,100,6.1,14,17.2,12.5,14.1,0.0,0.0,0.43,23.0,34.0,71438.0,5.0,1.0,40.0,0.0,100200.0
2025-02-15 14:00:00,27.9552467856247,25.7671223268255,0.0,0.7232142857142857,20.7,52,100,9.0,26,18.2,12.9,14.1,0.0,0.0,0.4,23.0,33.0,71684.0,6.0,2.0,30.0,0.0,100080.0
2025-02-15 15:00:00,27.9417303683164,25.8176912611451,0.0,0.7276785714285714,19.5,53,100,10.2,36,18.2,13.2,14.1,0.0,0.0,0.3,23.0,47.0,49931.0,3.0,2.0,44.0,0.0,99970.0
2025-02-15 16:00:00,27.9772531562351,25.8165477471839,0.0,0.7321428571428571,17.8,61,100,8.4,26,17.6,13.6,14.1,0.0,0.0,0.16,21.0,40.0,20442.0,1.0,4.0,26.0,0.0,99920.0
2025-02-15 17:00:00,27.8012934277665,25.726702615806,0.0,0.7366071428571428,16.2,73,100,6.3,26,16.8,13.8,14.1,0.0,0.0,0.09,19.0,55.0,16212.0,1.0,3.0,13.0,0.0,99950.0
2025-02-15 18:00:00,27.8020504754248,25.5101912662877,0.0,0.7410714285714286,12.8,88,100,4.4,26,15.4,14.0,14.1,0.0,0.0,0.01,16.0,58.0,3568.0,0.0,3.0,42.0,0.0,100030.0
2025-02-15 19:00:00,27.9018125150499,25.6851367108407,0.0,0.7455357142857143,12.4,91,100,2.5,350,14.3,14.0,14.1,0.0,0.0,0.0,15.0,70.0,0.0,0.0,0.0,90.0,0.0,100070.0
2025-02-15 20:00:00,27.826788185573,25.4815151831668,0.0,0.75,11.9,91,100,2.0,98,13.5,14.0,14.1,0.0,0.0,0.0,13.0,79.0,0.0,0.0,0.0,114.0,0.0,100060.0
2025-02-15 21:00:00,27.8971824480445,25.6827258263697,0.0,0.7544642857142857,12.2,89,100,1.5,108,13.0,13.9,14.1,0.0,0.0,0.0,13.0,78.0,0.0,0.0,2.0,127.0,0.0,100020.0
2025-02-15 22:00:00,27.6258567728797,25.4564285081054,0.0,0.7589285714285714,12.2,87,100,2.0,340,12.6,13.9,14.1,0.0,0.0,0.0,12.0,84.0,0.0,0.0,2.0,6.0,0.0,100050.0
2025-02-15 23:00:00,27.6882907488024,25.565638871678,0.0,0.7633928571428571,11.3,91,100,4.1,297,12.3,13.8,14.1,0.0,0.0,0.0,12.0,86.0,0.0,0.0,0.0,169.0,0.0,100060.0
2025-02-16 00:00:00,27.5655113811783,25.5699508523649,0.0,0.7678571428571428,10.7,92,82,3.1,307,12.0,13.7,14.1,0.0,0.0,0.0,12.0,89.0,0.0,0.0,2.0,133.0,0.0,100000.0
2025-02-16 01:00:00,27.4483763778946,25.4817738054227,0.0,0.7723214285714286,9.8,99,73,3.0,302,11.8,13.7,14.1,0.0,0.0,0.0,12.0,92.0,0.0,0.0,0.0,228.0,0.0,100010.0
2025-02-16 02:00:00,27.4924761900987,25.3411640386945,0.0,0.7767857142857143,10.0,97,100,6.1,278,11.5,13.6,14.1,0.0,0.0,0.0,12.0,92.0,0.0,0.0,2.0,137.0,0.0,99950.0
2025-02-16 03:00:00,27.4315139118001,25.3008922962704,0.0,0.78125,10.1,97,80,9.3,260,11.4,13.5,14.1,0.0,0.0,0.0,12.0,92.0,0.0,0.0,0.0,143.0,0.0,99880.0
2025-02-16 04:00:00,27.2865580165194,25.3350275072542,0.0,0.7857142857142857,10.5,94,100,8.2,267,11.4,13.4,14.1,0.0,0.0,0.0,12.0,93.0,0.0,0.0,0.0,300.0,0.0,99850.0
2025-02-16 05:00:00,27.6765892531447,25.3785110597975,0.0,0.7901785714285714,10.9,91,100,7.4,249,11.4,13.2,14.1,0.0,0.0,0.0,12.0,93.0,0.0,0.0,0.0,240.0,0.0,99860.0
2025-02-16 06:00:00,27.6162558309205,25.1958147083845,0.0,0.7946428571428571,10.7,88,100,5.3,236,11.3,13.1,14.1,0.0,0.0,0.0,13.0,90.0,0.0,0.0,0.0,180.0,0.0,99860.0
2025-02-16 07:00:00,27.5797759878326,25.1424741902512,0.0,0.7991071428571428,10.3,87,100,7.9,250,11.2,13.0,14.1,0.0,0.0,0.0,11.0,90.0,0.0,0.0,2.0,251.0,0.0,99980.0
2025-02-16 08:00:00,27.6361053533171,25.1668432577883,0.0,0.8035714285714286,11.1,89,100,12.0,259,11.5,12.9,14.1,0.0,0.0,0.03,11.0,92.0,1377.0,0.0,1.0,252.0,0.0,100100.0
2025-02-16 09:00:00,27.519855015192,25.1428041159353,0.0,0.8080357142857143,14.2,75,100,11.1,252,12.3,12.9,14.1,0.0,0.0,0.1,12.0,87.0,12471.0,1.0,2.0,240.0,0.0,100210.0
2025-02-16 10:00:00,27.5120112748818,25.1338677802313,0.0,0.8125,16.6,63,100,16.8,245,13.6,12.9,14.1,0.1,0.1,0.21,15.0,80.0,23649.0,1.0,2.0,262.0,0.0,100280.0
2025-02-16 11:00:00,27.6475832318337,25.0151682782901,0.0,0.8169642857142857,17.3,68,100,17.7,261,14.6,13.0,14.1,0.1,0.1,0.21,16.0,76.0,23181.0,1.0,3.0,228.0,0.0,100320.0
2025-02-16 12:00:00,27.3880569549086,24.8548325807978,0.0,0.8214285714285714,18.1,65,100,17.0,280,15.3,13.2,14.1,0.3,0.3,0.22,17.0,74.0,2175.0,0.0,3.0,346.0,0.0,100360.0
2025-02-16 13:00:00,27.5479161634549,24.8952756875193,0.0,0.8258928571428571,17.5,73,98,16.8,308,15.4,13.2,14.1,0.9,0.9,0.26,16.0,80.0,13314.0,1.0,4.0,318.0,0.0,100330.0
2025-02-16 14:00:00,27.279414891335,24.8225465973604,0.0,0.8303571428571428,17.3,75,100,14.2,320,15.7,13.4,14.1,1.5,1.5,0.22,16.0,81.0,11286.0,1.0,4.0,5.0,0.0,100310.0
2025-02-16 15:00:00,27.7092637309216,24.8430844540106,0.0,0.8348214285714286,17.6,67,100,10.5,331,16.0,13.6,14.1,0.1,0.1,0.23,16.0,84.0,12430.0,1.0,3.0,350.0,0.0,100280.0
2025-02-16 16:00:00,27.4220977569877,24.9223082998478,0.0,0.8392857142857143,17.3,67,100,8.5,318,16.3,13.8,14.1,0.0,0.0,0.19,17.0,72.0,40376.0,3.0,5.0,347.0,0.0,100260.0
2025-02-16 17:00:00,27.3704947385213,24.9960621557375,0.0,0.84375,16.6,72,28,3.9,309,16.1,14.0,14.1,0.0,0.0,0.09,17.0,67.0,8784.0,1.0,4.0,336.0,0.0,100300.0
2025-02-16 18:00:00,27.2581326016596,25.2126047674935,0.0,0.8482142857142857,14.3,78,4,0.2,288,14.9,14.1,14.1,0.0,0.0,0.01,17.0,66.0,2657.0,0.0,2.0,338.0,0.0,100380.0
2025-02-16 19:00:00,27.4730586734399,25.1041550316076,0.0,0.8526785714285714,13.0,82,0,2.0,178,13.7,14.1,14.1,0.0,0.0,0.0,13.0,82.0,0.0,0.0,1.0,109.0,0.0,100420.0
2025-02-16 20:00:00,27.4046742771207,24.9390743966144,0.0,0.8571428571428571,11.5,86,0,4.7,181,12.8,14.0,14.1,0.0,0.0,0.0,12.5,81.5,0.0,0.0,0.5,136.5,0.0,100445.0
2025-02-16 21:00:00,27.1418737532392,24.9349262810609,0.0,0.8616071428571428,10.7,89,0,5.9,187,12.2,13.9,14.1,0.0,0.0,0.0,12.0,81.0,0.0,0.0,0.0,164.0,0.0,100470.0
2025-02-16 22:00:00,27.1944994239811,25.0780791077143,0.0,0.8660714285714286,10.1,89,0,7.2,198,11.7,13.8,14.1,0.0,0.0,0.0,10.0,87.0,0.0,0.0,0.0,176.0,0.0,100500.0
2025-02-16 23:00:00,27.1971681395909,25.2311526172154,0.0,0.8705357142857143,9.8,86,0,6.8,196,11.4,13.6,14.1,0.0,0.0,0.0,9.0,87.0,0.0,0.0,0.0,176.0,0.0,100580.0
2025-02-17 00:00:00,27.1854005955565,25.1498501256322,0.0,0.875,9.5,86,0,6.2,202,11.0,13.5,14.1,0.0,0.0,0.0,11.0,82.0,0.0,0.0,0.0,198.0,0.0,100580.0
2025-02-17 01:00:00,27.2770825036214,24.9571111249596,0.0,0.8794642857142857,9.5,83,0,5.2,201,11.3,13.4,14.1,0.0,0.0,0.0,10.0,83.0,0.0,0.0,1.0,168.0,0.0,100570.0
2025-02-17 02:00:00,27.2672001892316,25.0546314330708,0.0,0.8839285714285714,9.4,82,0,5.9,214,10.8,13.3,14.1,0.0,0.0,0.0,9.0,84.0,0.0,0.0,2.0,162.0,0.0,100560.0
2025-02-17 03:00:00,27.2021415276488,24.9694036876792,0.0,0.8883928571428571,9.5,80,0,6.6,227,10.4,13.1,14.1,0.0,0.0,0.0,9.0,86.0,0.0,0.0,0.0,188.0,0.0,100530.0
2025-02-17 04:00:00,27.3168375328099,25.0255673667419,0.0,0.8928571428571428,9.3,79,0,6.6,229,10.1,13.0,14.1,0.0,0.0,0.0,8.0,87.0,0.0,0.0,1.0,192.0,0.0,100490.0
2025-02-17 05:00:00,27.2491024873607,24.9657779491301,0.0,0.8973214285714286,9.1,79,0,7.3,231,9.9,12.8,14.1,0.0,0.0,0.0,9.0,84.0,0.0,0.0,1.0,192.0,0.0,100450.0
2025-02-17 06:00:00,27.1347476594057,24.8994162493296,0.0,0.9017857142857143,9.1,79,0,7.7,225,9.8,12.6,14.1,0.0,0.0,0.0,8.0,85.0,0.0,0.0,0.0,228.0,0.0,100440.0
2025-02-17 07:00:00,27.1402545635463,24.8771188304653,0.0,0.90625,8.9,80,0,6.8,227,9.6,12.5,14.1,0.0,0.0,0.0,8.0,87.0,0.0,0.0,2.0,204.0,0.0,100450.0
2025-02-17 08:00:00,27.0875139548689,24.831861659838,0.0,0.9107142857142857,11.9,71,0,7.1,232,10.1,12.3,14.1,0.0,0.0,0.04,9.0,84.0,0.0,0.0,1.0,222.0,0.0,100470.0
2025-02-17 09:00:00,27.1902446636675,24.7794809618138,0.0,0.9151785714285714,15.1,66,0,7.1,236,11.5,12.3,14.1,0.0,0.0,0.13,10.0,80.0,4520.0,0.0,1.0,216.0,0.0,100520.0
2025-02-17 10:00:00,26.9976402281484,24.7250915092661,0.0,0.9196428571428571,17.4,59,0,7.4,256,13.4,12.3,14.1,0.0,0.0,0.24,13.0,73.0,16981.0,1.0,2.0,223.0,0.0,100560.0
2025-02-17 11:00:00,27.1883053478961,24.7699253205943,0.0,0.9241071428571428,18.9,52,0,6.5,273,15.2,12.5,14.1,0.0,0.0,0.34,15.0,64.0,39236.0,2.0,3.0,270.0,0.0,100550.0
2025-02-17 12:00:00,27.1012808153298,24.814206356712,0.0,0.9285714285714286,19.8,48,0,4.7,300,16.8,12.8,14.1,0.0,0.0,0.4,17.0,55.0,58476.0,4.0,3.0,289.0,0.0,100570.0
2025-02-17 13:00:00,27.0360674505318,24.7835455425942,0.0,0.9330357142857143,20.5,48,0,5.2,360,17.9,13.0,14.1,0.0,0.0,0.42,19.0,49.0,68404.0,5.0,4.0,251.0,0.0,100540.0
2025-02-17 14:00:00,27.1004684099787,24.756719864168,0.0,0.9375,20.3,51,0,9.6,20,18.6,13.4,14.1,0.0,0.0,0.4,21.0,44.0,71568.0,7.0,1.0,288.0,0.0,100450.0
2025-02-17 15:00:00,27.2399580151069,24.6367104714581,0.0,0.9419642857142857,19.3,54,0,12.7,28,18.8,13.8,14.1,0.0,0.0,0.33,21.0,42.0,62720.0,4.0,3.0,90.0,0.0,100340.0
2025-02-17 16:00:00,27.1454093928421,24.7648012512655,0.0,0.9464285714285714,18.3,55,7,12.1,44,18.4,14.1,14.1,0.0,0.0,0.24,20.0,48.0,48637.0,2.0,4.0,37.0,0.0,100310.0
2025-02-17 17:00:00,27.0212740118641,24.6420947490351,0.0,0.9508928571428571,17.0,62,98,8.7,52,17.5,14.3,14.1,0.0,0.0,0.13,19.0,48.0,28145.0,2.0,4.0,73.0,0.0,100280.0
2025-02-17 18:00:00,27.1736232233351,24.4812554806296,0.0,0.9553571428571428,14.1,73,100,7.1,65,16.1,14.5,14.1,0.0,0.0,0.03,19.0,50.0,9477.0,1.0,3.0,72.0,0.0,100230.0
2025-02-17 19:00:00,27.0673784620964,24.661448171835,0.0,0.9598214285714285,13.0,77,100,2.9,64,14.8,14.5,14.1,0.0,0.0,0.0,16.0,58.0,1734.0,0.0,1.0,42.0,0.0,100240.0
2025-02-17 20:00:00,27.1885307925308,24.7039527335862,0.0,0.9642857142857143,12.7,78,100,0.8,50,13.7,14.5,14.1,0.0,0.0,0.0,14.0,64.0,0.0,0.0,0.0,101.0,0.0,100270.0
2025-02-17 21:00:00,27.1965465729256,24.6184340721575,0.0,0.96875,11.8,82,100,0.4,53,12.9,14.4,14.1,0.0,0.0,0.0,12.0,68.0,0.0,0.0,0.0,150.0,0.0,100280.0
2025-02-17 22:00:00,26.9911659691854,24.7177119303542,0.0,0.9732142857142857,10.7,86,95,0.7,36,12.3,14.3,14.1,0.0,0.0,0.0,12.0,74.0,0.0,0.0,0.0,103.0,0.0,100280.0
2025-02-17 23:00:00,27.023871196903,24.6362484881988,0.0,0.9776785714285714,9.6,90,91,1.7,11,11.7,14.1,14.1,0.0,0.0,0.0,11.0,77.0,0.0,0.0,0.0,258.0,0.0,100230.0
2025-02-18 00:00:00,26.9072095041647,24.5632370882403,0.0,0.9821428571428571,9.1,91,99,2.3,340,11.2,14.0,14.2,0.0,0.0,0.0,10.0,78.0,0.0,0.0,0.0,180.0,0.0,100210.0
2025-02-18 01:00:00,26.9275033024792,24.606370493248,0.0,0.9866071428571428,9.0,87,93,3.1,321,11.1,13.9,14.2,0.0,0.0,0.0,10.0,79.0,0.0,0.0,1.0,143.0,0.0,100160.0
2025-02-18 02:00:00,26.636510083904,24.5525528546941,0.0,0.9910714285714285,8.8,84,60,2.7,284,10.7,13.7,14.2,0.0,0.0,0.0,9.0,81.0,0.0,0.0,1.0,198.0,0.0,100110.0
2025-02-18 03:00:00,26.7506993584112,24.7059858865929,0.0,0.9955357142857143,8.9,80,60,3.5,188,10.2,13.5,14.2,0.0,0.0,0.0,8.0,83.0,0.0,0.0,0.0,174.0,0.0,100050.0
2025-02-18 04:00:00,26.6457532657431,24.5070975024616,0.0,1.0,9.1,78,31,4.1,198,9.9,13.3,14.2,0.0,0.0,0.0,9.0,82.0,0.0,0.0,2.0,138.0,0.0,100050.0
2025-02-18 05:00:00,26.8580887595956,24.6464401521858,0.0,1.0044642857142856,9.4,78,45,4.6,188,9.6,13.1,14.2,0.0,0.0,0.0,8.0,84.0,0.0,0.0,1.0,6.0,0.0,99980.0
2025-02-18 06:00:00,26.6337044534898,24.510371796368,0.0,1.0089285714285714,9.2,80,0,4.9,192,9.5,12.9,14.2,0.0,0.0,0.0,7.0,85.0,0.0,0.0,1.0,258.0,0.0,99960.0
2025-02-18 07:00:00,26.8832638769248,24.5028046186271,0.0,1.0133928571428572,9.0,80,0,5.6,188,9.3,12.7,14.2,0.0,0.0,0.0,8.0,82.0,0.0,0.0,1.0,132.0,0.0,99950.0
2025-02-18 08:00:00,26.7963602143686,24.3945009182994,0.0,1.0178571428571428,12.3,71,16,6.5,192,9.9,12.5,14.2,0.0,0.0,0.04,10.0,76.0,193.0,0.0,2.0,336.0,0.0,100000.0
2025-02-18 09:00:00,26.8254368317704,24.4683334674471,0.0,1.0223214285714286,17.0,63,0,7.3,209,11.6,12.4,14.1,0.0,0.0,0.15,12.0,67.0,5658.0,0.0,1.0,246.0,0.0,100050.0
2025-02-18 10:00:00,26.6907512842137,24.5039758490419,0.0,1.0267857142857142,20.8,52,19,5.0,230,13.8,12.5,14.1,0.0,0.0,0.27,17.0,51.0,21603.0,1.0,2.0,264.0,0.0,100050.0
2025-02-18 11:00:00,26.5874611246751,24.4044865837816,0.0,1.03125,23.5,34,94,12.6,200,15.9,12.7,14.1,0.0,0.0,0.42,19.0,44.0,45596.0,3.0,5.0,288.0,0.0,100080.0
2025-02-18 12:00:00,26.6029608335758,24.3846240157523,0.0,1.0357142857142856,25.2,30,100,12.1,216,17.6,13.0,14.1,0.0,0.0,0.5,21.0,40.0,62822.0,5.0,3.0,281.0,0.0,100080.0
2025-02-18 13:00:00,26.5404293473787,24.2650540662648,0.0,1.0401785714285714,25.0,32,100,11.3,265,18.7,13.4,14.1,0.0,0.0,0.48,24.0,34.0,56012.0,3.0,2.0,309.0,0.0,100020.0
2025-02-18 14:00:00,26.6108845257719,24.4222985817444,0.0,1.0446428571428572,23.4,44,100,12.1,335,19.4,13.8,14.1,0.0,0.0,0.42,26.0,28.0,56205.0,5.0,5.0,246.0,0.0,99920.0
2025-02-18 15:00:00,26.5136236205144,24.2820473432265,0.0,1.0491071428571428,20.6,63,100,9.3,15,19.4,14.1,14.1,0.0,0.0,0.28,21.0,58.0,66250.0,6.0,4.0,48.0,0.0,99900.0
2025-02-18 16:00:00,26.4188064507795,24.3447297507134,0.0,1.0535714285714286,19.3,65,100,12.1,69,19.0,14.5,14.1,0.0,0.0,0.21,20.0,60.0,52912.0,3.0,2.0,52.0,0.0,99890.0
2025-02-18 17:00:00,26.6627369563604,24.3161807833269,0.0,1.0580357142857142,17.6,71,100,9.9,41,18.1,14.7,14.2,0.0,0.0,0.11,20.0,61.0,12604.0,1.0,4.0,30.0,0.0,99890.0
2025-02-18 18:00:00,26.699056583747,24.339006269642,0.0,1.0625,14.7,83,78,5.6,67,16.8,14.9,14.2,0.0,0.0,0.02,18.0,56.0,6308.0,0.0,3.0,30.0,0.0,99920.0
2025-02-18 19:00:00,26.5628378063812,24.1899974726196,0.0,1.0669642857142856,15.3,81,92,1.5,79,16.0,15.0,14.2,0.0,0.0,0.0,17.0,64.0,448.0,0.0,2.0,108.0,0.0,99980.0
2025-02-18 20:00:00,26.4119409708211,24.1061338094465,0.0,1.0714285714285714,15.4,80,93,0.5,77,15.4,15.0,14.2,0.0,0.0,0.0,17.0,61.0,0.0,0.0,1.0,137.0,0.0,100050.0
2025-02-18 21:00:00,26.5913272090589,24.1509484437748,0.0,1.0758928571428572,15.0,81,100,0.6,6,14.9,15.0,14.2,0.0,0.0,0.0,16.0,64.0,0.0,0.0,2.0,48.0,0.0,100100.0
2025-02-18 22:00:00,26.4680871604347,24.2018720795847,0.0,1.0803571428571428,15.2,80,71,0.7,351,14.6,15.0,14.2,0.0,0.0,0.0,13.0,77.0,0.0,0.0,2.0,186.0,0.0,100170.0
2025-02-18 23:00:00,26.3754101145136,23.9076201558323,0.0,1.0848214285714286,13.8,81,60,8.7,264,14.2,14.9,14.2,0.0,0.0,0.01,12.0,78.0,0.0,0.0,2.0,151.0,0.0,100190.0
2025-02-19 00:00:00,26.38196799065,24.1319954851316,0.0,1.0892857142857142,13.1,81,58,1.1,288,13.7,14.8,14.2,0.0,0.0,0.0,14.0,86.0,0.0,0.0,3.0,113.0,0.0,100180.0
2025-02-19 01:00:00,26.3886048341213,24.1133296829797,0.0,1.09375,13.4,82,74,3.8,276,13.8,14.7,14.2,0.0,0.0,0.0,13.0,93.0,0.0,0.0,1.0,104.0,0.0,100220.0
2025-02-19 02:00:00,26.2474435683967,23.9953263787851,0.0,1.0982142857142856,13.0,83,94,4.3,288,13.3,14.6,14.2,0.0,0.0,0.0,14.0,93.0,0.0,0.0,3.0,120.0,0.0,100280.0
2025-02-19 03:00:00,26.5991365596776,24.0995095520005,0.0,1.1026785714285714,12.2,93,93,2.7,311,12.9,14.5,14.2,0.0,0.0,0.0,14.0,93.0,0.0,0.0,1.0,78.0,0.0,100310.0
2025-02-19 04:00:00,26.3114280188707,24.1052380955325,0.0,1.1071428571428572,11.3,89,84,5.4,247,12.4,14.4,14.2,0.0,0.0,0.0,14.0,95.0,0.0,0.0,3.0,111.0,0.0,100330.0
2025-02-19 05:00:00,26.5733493429691,24.029435877568,0.0,1.1116071428571428,11.7,87,90,4.9,257,12.3,14.3,14.2,0.0,0.0,0.0,14.0,94.0,0.0,0.0,0.0,54.0,0.0,100370.0
2025-02-19 06:00:00,26.2638889749273,24.0978886704035,0.0,1.1160714285714286,11.9,84,100,4.6,251,12.3,14.1,14.3,0.0,0.0,0.0,13.0,94.0,0.0,0.0,0.0,228.0,0.0,100460.0
2025-02-19 07:00:00,26.3163611482936,24.0586762326401,0.0,1.1205357142857142,11.8,84,99,5.2,230,12.1,14.0,14.3,0.0,0.0,0.02,13.0,94.0,0.0,0.0,0.0,163.0,0.0,100520.0
2025-02-19 08:00:00,26.2523659110836,23.998587840752,0.0,1.125,13.5,83,91,8.1,241,12.5,13.9,14.3,0.0,0.0,0.04,12.0,95.0,751.0,0.0,0.0,216.0,0.0,100590.0
2025-02-19 09:00:00,26.3321022244573,24.1481736587883,0.0,1.1294642857142856,15.8,80,92,6.0,239,13.6,13.9,14.3,0.0,0.0,0.11,14.0,91.0,8251.0,0.0,2.0,270.0,0.0,100680.0
2025-02-19 10:00:00,26.2388476455657,23.9644920001494,0.0,1.1339285714285714,17.2,73,85,6.4,256,15.0,13.9,14.3,0.0,0.0,0.2,16.0,75.0,28302.0,1.0,2.0,264.0,0.0,100750.0
2025-02-19 11:00:00,26.2931796094073,24.033095498657,0.0,1.1383928571428572,18.7,64,10,7.6,289,16.7,14.0,14.3,0.0,0.0,0.33,18.0,60.0,31427.0,2.0,3.0,279.0,0.0,100760.0
2025-02-19 12:00:00,26.2862278320052,23.8824369644997,0.0,1.1428571428571428,19.3,59,24,6.5,322,18.0,14.3,14.3,0.0,0.0,0.36,19.0,54.0,35451.0,3.0,4.0,293.0,0.0,100800.0
2025-02-19 13:00:00,26.2126154277104,23.9070798953643,0.0,1.1473214285714286,19.6,56,55,10.0,319,18.4,14.3,14.3,0.0,0.0,0.36,20.0,57.0,74729.0,4.0,1.0,90.0,0.0,100790.0
2025-02-19 14:00:00,26.3600653128363,23.9007821402588,0.0,1.1517857142857142,17.4,77,89,11.2,43,18.5,14.6,14.3,0.7,0.7,0.27,19.0,67.0,78523.0,6.0,4.0,17.0,0.0,100750.0
2025-02-19 15:00:00,26.0732132520347,23.8945926348636,0.0,1.15625,17.2,79,79,3.4,83,18.1,14.8,14.3,0.1,0.1,0.2,19.0,70.0,62384.0,3.0,3.0,20.0,0.0,100730.0
2025-02-19 16:00:00,26.0911961467125,23.8565278400315,0.0,1.1607142857142856,17.3,80,35,9.6,25,17.8,15.0,14.3,0.1,0.1,0.14,19.0,68.0,47144.0,3.0,3.0,73.0,0.0,100760.0
2025-02-19 17:00:00,26.017882066714,23.9032812036756,0.0,1.1651785714285714,16.2,85,41,8.3,6,17.2,15.2,14.3,0.0,0.0,0.09,18.0,67.0,16834.0,1.0,3.0,18.0,0.0,100820.0
2025-02-19 18:00:00,26.1781933688362,23.711710798065,0.0,1.1696428571428572,13.9,94,30,3.1,19,16.2,15.3,14.3,0.0,0.0,0.01,17.0,71.0,7617.0,0.0,3.0,48.0,0.0,100880.0
2025-02-19 19:00:00,26.1855040352154,23.7548680084637,0.0,1.1741071428571428,13.2,96,37,1.0,22,15.1,15.3,14.3,0.0,0.0,0.0,15.0,76.0,263.0,0.0,1.0,38.0,0.0,100960.0
2025-02-19 20:00:00,26.1734721954784,23.7391465647555,0.0,1.1785714285714286,13.1,97,29,1.7,58,14.4,15.2,14.3,0.0,0.0,0.0,14.0,81.0,0.0,0.0,0.0,54.0,0.0,101060.0
2025-02-19 21:00:00,26.1087163219102,23.7444052594038,0.0,1.1830357142857142,12.8,98,47,1.4,90,13.9,15.1,14.3,0.0,0.0,0.0,12.0,83.0,0.0,0.0,0.0,145.0,0.0,101100.0
2025-02-19 22:00:00,26.2040065295553,23.6025255529063,0.0,1.1875,12.3,99,34,0.2,66,13.3,15.0,14.3,0.0,0.0,0.0,11.0,89.0,0.0,0.0,0.0,166.0,0.0,101160.0
2025-02-19 23:00:00,25.9969576561533,23.5869630428274,0.0,1.1919642857142856,11.3,100,99,2.4,225,13.0,14.9,14.3,0.0,0.0,0.0,11.0,85.0,0.0,0.0,0.0,168.0,0.0,101180.0
2025-02-20 00:00:00,26.1645008889495,23.6797146841516,0.0,1.1964285714285714,11.3,100,95,6.2,214,13.0,14.7,14.3,0.0,0.0,0.0,10.0,89.0,0.0,0.0,0.0,163.0,0.0,101230.0
2025-02-20 01:00:00,25.9836869282636,23.6837712199614,0.0,1.2008928571428572,11.0,98,72,4.7,244,12.6,14.6,14.4,0.0,0.0,0.0,10.0,90.0,0.0,0.0,0.0,174.0,0.0,101240.0
2025-02-20 02:00:00,25.9725669080325,23.5128503792107,0.0,1.2053571428571428,11.4,95,63,3.7,221,12.5,14.5,14.4,0.0,0.0,0.0,9.0,93.0,0.0,0.0,0.0,186.0,0.0,101290.0
2025-02-20 03:00:00,25.9195115377689,23.5252731927762,0.0,1.2098214285714286,11.4,92,67,3.5,210,12.4,14.3,14.4,0.0,0.0,0.0,9.0,91.0,0.0,0.0,0.0,174.0,0.0,101280.0
2025-02-20 04:00:00,25.8523794357487,23.5853941891567,0.0,1.2142857142857142,11.1,93,60,3.0,217,12.3,14.2,14.4,0.0,0.0,0.0,8.0,92.0,0.0,0.0,0.0,138.0,0.0,101260.0
2025-02-20 05:00:00,25.9232136481146,23.5503631668712,0.0,1.21875,10.8,95,62,3.1,219,12.0,14.1,14.4,0.0,0.0,0.0,8.0,94.0,0.0,0.0,0.0,175.0,0.0,101300.0
2025-02-20 06:00:00,25.955545505173,23.6196668692409,0.0,1.2232142857142856,10.9,94,100,3.8,209,11.9,13.9,14.4,0.0,0.0,0.0,8.0,94.0,0.0,0.0,0.0,198.0,0.0,101330.0
2025-02-20 07:00:00,26.0269709312891,23.7584164216239,0.0,1.2276785714285714,10.6,93,100,4.2,215,11.7,13.8,14.4,0.0,0.0,0.01,7.0,94.0,0.0,0.0,1.0,174.0,0.0,101390.0
2025-02-20 08:00:00,25.9467257720862,23.4963303474383,0.0,1.2321428571428572,12.0,90,100,5.9,217,12.0,13.7,14.4,0.0,0.0,0.03,7.0,94.0,1502.0,0.0,0.0,174.0,0.0,101440.0
2025-02-20 09:00:00,25.8772691630778,23.5665902008765,0.0,1.2366071428571428,13.6,86,72,5.6,229,12.9,13.6,14.4,0.0,0.0,0.09,11.0,90.0,8508.0,1.0,0.0,184.0,0.0,101510.0
2025-02-20 10:00:00,25.6621105567859,23.4491390896911,0.0,1.2410714285714286,15.6,80,10,4.7,256,14.3,13.6,14.4,0.0,0.0,0.19,14.0,82.0,27846.0,1.0,2.0,276.0,0.0,101550.0
2025-02-20 11:00:00,25.8374696952559,23.6031013320965,0.0,1.2455357142857142,17.3,74,1,4.8,333,16.1,13.8,14.4,0.0,0.0,0.31,17.0,69.0,49991.0,3.0,0.0,119.0,0.0,101540.0
2025-02-20 12:00:00,25.849557252287,23.5404624065195,0.0,1.25,18.4,69,0,6.9,5,17.6,14.0,14.4,0.0,0.0,0.38,19.0,63.0,63050.0,3.0,2.0,67.0,0.0,101540.0
2025-02-20 13:00:00,25.5655851633756,23.3641869193382,0.0,1.2517857142857143,18.8,66,26,7.7,27,18.5,14.3,14.4,0.0,0.0,0.39,20.0,63.0,79394.0,5.0,3.0,108.0,0.0,101480.0
2025-02-20 14:00:00,25.9348425048075,23.4335506093241,0.0,1.2535714285714286,18.9,66,31,8.4,34,19.2,14.6,14.4,0.0,0.0,0.36,19.0,65.0,69741.0,7.0,3.0,18.0,0.0,101430.0
2025-02-20 15:00:00,25.9175925294183,23.3318901426891,0.0,1.2553571428571428,18.1,70,14,12.5,37,19.3,14.9,14.4,0.0,0.0,0.29,19.0,62.0,56690.0,5.0,3.0,39.0,0.0,101380.0
2025-02-20 16:00:00,25.79526939498,23.4322700036173,0.0,1.2571428571428571,17.0,75,6,12.8,41,18.9,15.2,14.4,0.0,0.0,0.21,19.0,62.0,39050.0,2.0,4.0,54.0,0.0,101370.0
2025-02-20 17:00:00,25.808831151762,23.2348240299788,0.0,1.2589285714285714,15.9,80,7,10.2,43,18.1,15.4,14.4,0.0,0.0,0.11,18.0,69.0,18480.0,1.0,3.0,24.0,0.0,101400.0
2025-02-20 18:00:00,25.8368655913241,23.4520224562083,0.0,1.2607142857142857,13.4,93,10,5.3,49,16.7,15.5,14.4,0.0,0.0,0.01,16.0,76.0,5515.0,0.0,3.0,33.0,0.0,101420.0
2025-02-20 19:00:00,25.8382185435099,23.2754043057595,0.0,1.2625,12.3,95,10,4.3,58,15.3,15.5,14.4,0.0,0.0,0.0,14.0,82.0,44.0,0.0,2.0,48.0,0.0,101440.0
2025-02-20 20:00:00,25.8165255053787,23.1972565391595,0.0,1.2642857142857142,11.9,96,2,1.9,60,14.2,15.4,14.4,0.0,0.0,0.0,13.0,87.0,0.0,0.0,0.0,156.0,0.0,101470.0
2025-02-20 21:00:00,25.7029063986934,23.1562681078069,0.0,1.2660714285714285,11.6,96,0,1.0,51,13.3,15.3,14.4,0.0,0.0,0.0,11.0,89.0,0.0,0.0,0.0,174.0,0.0,101500.0
2025-02-20 22:00:00,25.5253991248426,23.2933969792496,0.0,1.2678571428571428,11.2,97,0,0.8,40,12.4,15.1,14.5,0.0,0.0,0.0,10.0,85.0,0.0,0.0,0.0,169.0,0.0,101500.0
2025-02-20 23:00:00,25.7283098301998,23.2169164929205,0.0,1.269642857142857,10.6,99,20,1.3,5,12.0,14.9,14.5,0.0,0.0,0.0,9.0,91.0,0.0,0.0,0.0,174.0,0.0,101490.0
2025-02-21 00:00:00,25.7254183645255,23.2256012230376,0.0,1.2714285714285714,11.0,98,100,6.0,259,12.0,14.7,14.5,0.0,0.0,0.0,10.0,93.0,0.0,0.0,0.0,180.0,0.0,101490.0
2025-02-21 01:00:00,25.6589815764404,23.1141452084788,0.0,1.2732142857142856,11.1,99,100,5.9,247,12.5,14.7,14.5,0.0,0.0,0.0,10.0,95.0,0.0,0.0,1.0,198.0,0.0,101460.0
2025-02-21 02:00:00,25.6593495303844,23.2354094676532,0.0,1.275,10.5,98,96,3.5,241,12.4,14.5,14.5,0.0,0.0,0.0,9.0,95.0,0.0,0.0,0.0,204.0,0.0,101430.0
2025-02-21 03:00:00,25.8302779276742,23.2017628920149,0.0,1.2767857142857142,10.6,97,98,3.2,250,12.3,14.4,14.5,0.0,0.0,0.0,8.0,95.0,0.0,0.0,0.0,177.0,0.0,101370.0
2025-02-21 04:00:00,25.5532856456708,22.9642983297467,0.0,1.2785714285714285,10.7,98,100,3.1,259,12.2,14.3,14.5,0.0,0.0,0.0,7.0,95.0,0.0,0.0,0.0,186.0,0.0,101310.0
2025-02-21 05:00:00,25.504705075055,23.0191879781114,0.0,1.2803571428571427,10.3,97,100,1.9,228,11.9,14.1,14.5,0.0,0.0,0.0,6.0,95.0,0.0,0.0,0.0,142.0,0.0,101290.0
2025-02-21 06:00:00,25.3379244705271,23.1651897075964,0.0,1.2821428571428573,10.5,95,96,1.9,233,11.8,14.0,14.5,0.0,0.0,0.0,9.0,96.0,0.0,0.0,0.0,246.0,0.0,101310.0
2025-02-21 07:00:00,25.7381472212848,23.2812900253802,0.0,1.2839285714285715,10.5,94,90,2.5,273,11.7,13.8,14.5,0.0,0.0,0.01,8.0,96.0,0.0,0.0,0.0,204.0,0.0,101300.0
2025-02-21 08:00:00,25.427706583348,22.9637930576827,0.0,1.2857142857142858,11.6,92,86,4.0,313,12.1,13.7,14.5,0.0,0.0,0.02,10.0,97.0,2423.0,0.0,0.0,204.0,0.0,101290.0
2025-02-21 09:00:00,25.4094437696395,23.1211763781415,0.0,1.2875,14.1,86,59,6.1,324,13.2,13.7,14.5,0.0,0.0,0.1,11.0,97.0,9287.0,0.0,0.0,318.0,0.0,101320.0
2025-02-21 10:00:00,25.4008398544191,23.003838067708,0.0,1.2892857142857144,16.1,79,57,5.4,352,14.5,13.7,14.5,0.0,0.0,0.18,11.0,97.0,21683.0,1.0,1.0,234.0,0.0,101350.0
2025-02-21 11:00:00,25.5350507371119,23.1485473426097,0.0,1.2910714285714286,18.2,74,25,6.7,14,16.1,13.8,14.5,0.0,0.0,0.29,13.0,97.0,55336.0,4.0,0.0,212.0,0.0,101340.0
2025-02-21 12:00:00,25.6336637734368,22.8418337142277,0.0,1.292857142857143,20.3,71,97,5.4,20,17.8,14.1,14.5,0.0,0.0,0.38,19.0,62.0,70096.0,5.0,1.0,48.0,0.0,101220.0
2025-02-21 13:00:00,25.6027644429781,23.1294870925003,0.0,1.2946428571428572,20.5,70,100,13.2,21,18.9,14.3,14.5,0.0,0.0,0.38,22.0,48.0,69568.0,5.0,4.0,8.0,0.0,101070.0
2025-02-21 14:00:00,25.3967494127631,22.9661663343898,0.0,1.2964285714285715,19.8,68,100,14.9,27,19.5,14.6,14.5,0.0,0.0,0.36,21.0,58.0,47649.0,3.0,3.0,350.0,0.0,100970.0
2025-02-21 15:00:00,25.3479603596491,23.0084546157134,0.0,1.2982142857142858,18.6,67,100,12.6,25,19.3,14.9,14.5,0.0,0.0,0.26,21.0,55.0,50888.0,4.0,4.0,353.0,0.0,100900.0
2025-02-21 16:00:00,25.5568391417928,23.0823201367254,0.0,1.3,17.9,70,100,8.1,70,18.8,15.2,14.5,0.0,0.0,0.17,20.0,57.0,23232.0,2.0,3.0,14.0,0.0,100880.0
2025-02-21 17:00:00,25.5931041241127,22.9433640346081,0.0,1.3017857142857143,17.7,74,100,5.6,61,18.2,15.4,14.5,0.0,0.0,0.1,19.0,64.0,14855.0,1.0,4.0,26.0,0.0,100860.0
2025-02-21 18:00:00,25.423534949373,22.6953454392758,0.0,1.3035714285714286,15.2,84,88,3.4,55,17.0,15.5,14.5,0.0,0.0,0.02,17.0,72.0,6221.0,0.0,4.0,358.0,0.0,100850.0
2025-02-21 19:00:00,25.5586562520394,22.7785752801929,0.0,1.3053571428571429,15.0,84,38,0.5,94,15.8,15.5,14.5,0.0,0.0,0.0,15.0,85.0,0.0,0.0,3.0,352.0,0.0,100890.0
2025-02-21 20:00:00,25.4155599544991,22.7437706168088,0.0,1.3071428571428572,13.4,90,14,3.3,309,14.7,15.5,14.5,0.0,0.0,0.0,14.0,88.0,0.0,0.0,0.0,130.0,0.0,100960.0
2025-02-21 21:00:00,25.463298943458,22.6858092231367,0.0,1.3089285714285714,12.5,93,4,1.0,290,13.8,15.4,14.6,0.0,0.0,0.0,13.0,91.0,0.0,0.0,3.0,150.0,0.0,101030.0
2025-02-21 22:00:00,25.3097801995598,22.8240375336822,0.0,1.3107142857142857,11.6,91,3,3.1,273,13.1,15.2,14.6,0.0,0.0,0.0,13.0,92.0,0.0,0.0,2.0,124.0,0.0,101100.0
2025-02-21 23:00:00,25.4210019172333,22.8405997969126,0.0,1.3125,11.4,89,25,2.3,295,12.5,15.1,14.6,0.0,0.0,0.0,13.0,92.0,0.0,0.0,2.0,116.0,0.0,101110.0
2025-02-22 00:00:00,25.3945506192996,22.6664048951821,0.0,1.3142857142857143,11.7,86,4,1.5,236,12.2,14.9,14.6,0.0,0.0,0.0,11.0,94.0,0.0,0.0,0.0,180.0,0.0,101140.0
2025-02-22 01:00:00,25.1181857146591,22.5419645185785,0.0,1.3160714285714286,11.3,91,24,2.4,324,11.8,14.9,14.6,0.0,0.0,0.0,10.0,94.0,0.0,0.0,0.0,180.0,0.0,101100.0
2025-02-22 02:00:00,25.2285932408756,22.7371636128338,0.0,1.3178571428571428,10.7,91,42,4.0,274,11.6,14.7,14.6,0.0,0.0,0.0,10.0,95.0,0.0,0.0,0.0,246.0,0.0,101030.0
2025-02-22 03:00:00,25.2277720162946,22.6478394007838,0.0,1.3196428571428571,10.5,88,100,5.3,253,11.5,14.5,14.6,0.0,0.0,0.0,10.0,96.0,0.0,0.0,1.0,180.0,0.0,100990.0
2025-02-22 04:00:00,25.2457535690691,22.8248705395416,0.0,1.3214285714285714,10.4,80,100,5.2,230,11.4,14.3,14.6,0.0,0.0,0.0,9.0,95.0,0.0,0.0,0.0,173.0,0.0,100970.0
2025-02-22 05:00:00,25.1358701060282,22.9295280630886,0.0,1.3232142857142857,10.6,73,100,4.7,202,11.4,14.1,14.6,0.0,0.0,0.0,9.0,95.0,0.0,0.0,0.0,147.0,0.0,100980.0
2025-02-22 06:00:00,25.2402285935937,22.5948530469225,0.0,1.325,11.0,76,100,3.8,220,11.3,13.9,14.6,0.0,0.0,0.0,10.0,93.0,0.0,0.0,0.0,89.0,0.0,100950.0
2025-02-22 07:00:00,25.2598280933188,22.7198600932182,0.0,1.3267857142857142,11.6,75,100,0.7,241,11.2,13.8,14.6,0.0,0.0,0.01,9.0,95.0,0.0,0.0,0.0,26.0,0.0,101070.0
2025-02-22 08:00:00,25.1577069392637,22.6894956500096,0.0,1.3285714285714285,13.5,72,100,1.5,270,11.7,13.6,14.6,0.0,0.0,0.03,11.0,91.0,2955.0,0.0,2.0,133.0,0.0,101110.0
2025-02-22 09:00:00,25.2158774530729,22.774708727374,0.0,1.3303571428571428,15.5,66,100,2.8,9,12.9,13.6,14.6,0.0,0.0,0.1,14.0,89.0,15344.0,1.0,1.0,144.0,0.0,101060.0
2025-02-22 10:00:00,25.1155370759548,22.6213078780189,0.0,1.332142857142857,16.9,70,100,6.0,354,14.2,13.6,14.6,0.0,0.0,0.16,15.0,87.0,24912.0,1.0,0.0,24.0,0.0,101150.0
2025-02-22 11:00:00,25.2438692070364,22.7603028602749,0.0,1.3339285714285714,17.8,74,100,7.8,360,15.6,13.7,14.6,0.0,0.0,0.23,17.0,79.0,47820.0,3.0,1.0,174.0,0.0,101170.0
2025-02-22 12:00:00,25.0396202755052,22.5321631480313,0.0,1.3357142857142856,18.4,69,100,3.9,13,16.7,13.9,14.6,0.0,0.0,0.26,18.0,67.0,33574.0,3.0,1.0,150.0,0.0,101100.0
2025-02-22 13:00:00,25.2388894350809,22.5361534195931,0.0,1.3375,18.7,74,100,10.0,16,16.9,14.2,14.6,0.0,0.0,0.16,19.0,65.0,24619.0,2.0,2.0,139.0,0.0,101020.0
2025-02-22 14:00:00,25.1264376761189,22.5425372267367,0.0,1.3392857142857142,17.6,75,100,11.5,35,17.1,14.4,14.6,0.0,0.0,0.16,19.0,62.0,31301.0,2.0,2.0,266.0,0.0,100970.0
2025-02-22 15:00:00,25.1111493616327,22.553851424575,0.0,1.3410714285714285,18.0,71,100,10.1,46,17.5,14.6,14.6,0.0,0.0,0.22,19.0,60.0,21604.0,1.0,3.0,5.0,0.0,100940.0
2025-02-22 16:00:00,25.2573221466614,22.4309804879941,0.0,1.342857142857143,16.1,81,100,9.9,338,17.1,14.7,14.6,0.8,0.8,0.12,18.0,65.0,11426.0,1.0,2.0,32.0,0.0,100930.0
2025-02-22 17:00:00,25.2302283452534,22.2957499425291,0.0,1.3446428571428573,15.1,93,98,4.5,89,16.0,14.8,14.6,0.6,0.6,0.03,17.5,66.5,11129.0,0.5,2.5,26.5,0.0,100955.0
2025-02-22 18:00:00,25.2543841458612,22.4208652816425,0.0,1.3464285714285715,14.4,96,97,7.9,39,15.3,14.9,14.6,0.6,0.6,0.02,17.0,68.0,10832.0,0.0,3.0,21.0,0.0,100980.0
2025-02-22 19:00:00,25.0888631901513,22.3729207776583,0.0,1.3482142857142858,13.9,92,100,2.4,159,14.7,14.9,14.6,1.4,1.4,0.0,15.0,91.0,739.0,0.0,4.0,24.0,0.0,101070.0
2025-02-22 20:00:00,24.9964577309526,22.2566487008033,0.0,1.35,13.6,92,91,3.4,213,14.2,14.8,14.6,0.4,0.4,0.0,14.0,93.0,0.0,0.0,0.0,53.0,15.0,101110.0
2025-02-22 21:00:00,25.1080576629781,22.3661910849294,0.0,1.3517857142857144,12.8,92,2,9.9,212,13.5,14.8,14.6,0.0,0.0,0.0,14.0,95.0,0.0,0.0,0.0,54.0,8.0,101140.0
2025-02-22 22:00:00,25.229081962759,22.3811005162506,0.0,1.3535714285714286,11.9,87,10,10.1,213,12.8,14.7,14.6,0.0,0.0,0.0,14.0,95.0,0.0,0.0,1.0,170.0,0.0,101200.0
2025-02-22 23:00:00,25.1778247428462,22.3239433222164,0.0,1.355357142857143,11.5,83,17,10.1,223,12.2,14.5,14.6,0.2,0.2,0.01,13.0,87.0,0.0,0.0,2.0,258.0,0.0,101300.0
2025-02-23 00:00:00,25.0992069946274,22.3138524672023,0.0,1.3571428571428572,11.1,85,21,9.7,225,11.7,14.3,14.6,0.1,0.1,0.0,12.0,87.0,0.0,0.0,1.0,222.0,0.0,101340.0
2025-02-23 01:00:00,25.0030020930577,22.4243919233759,0.0,1.3589285714285715,11.8,79,24,9.7,238,12.1,14.3,14.6,0.0,0.0,0.01,11.0,87.0,0.0,0.0,2.0,204.0,0.0,101350.0
2025-02-23 02:00:00,25.1061258709979,22.3016025050009,0.0,1.3607142857142858,11.4,80,23,9.4,243,11.7,14.1,14.6,0.0,0.0,0.01,12.0,80.0,0.0,0.0,2.0,245.0,0.0,101350.0
2025-02-23 03:00:00,25.1167291060565,22.196027624757,0.0,1.3625,10.8,84,36,9.7,238,11.4,14.0,14.6,0.0,0.0,0.0,12.0,79.0,0.0,0.0,1.0,210.0,0.0,101340.0
2025-02-23 04:00:00,24.9547575027694,22.2349142605966,0.0,1.3642857142857143,10.9,85,25,11.0,237,11.2,13.8,14.6,0.0,0.0,0.01,12.0,79.0,0.0,0.0,1.0,210.0,0.0,101350.0
2025-02-23 05:00:00,25.1000545401987,22.4445032197889,0.0,1.3660714285714286,10.8,85,23,10.4,234,11.2,13.6,14.6,0.0,0.0,0.0,12.0,80.0,0.0,0.0,0.0,264.0,0.0,101370.0
2025-02-23 06:00:00,24.9064019645273,22.3185946081587,0.0,1.3678571428571429,10.1,92,80,6.8,185,11.0,13.5,14.6,2.5,2.5,0.0,12.0,80.0,0.0,0.0,2.0,246.0,0.0,101390.0
2025-02-23 07:00:00,24.9814547980222,22.2392294527972,0.0,1.3696428571428572,9.9,95,72,5.9,204,10.9,13.3,14.6,0.8,0.8,0.01,12.0,79.0,0.0,0.0,2.0,251.0,0.0,101430.0
2025-02-23 08:00:00,25.0410220822372,22.2607132502701,0.0,1.3714285714285714,11.0,88,64,12.4,237,11.0,13.2,14.6,0.0,0.0,0.03,12.0,79.0,78.0,0.0,2.0,246.0,0.0,101450.0
2025-02-23 09:00:00,25.0803204963653,22.4737942172167,0.0,1.3732142857142857,12.3,83,92,2.7,191,11.8,13.1,14.6,0.5,0.5,0.07,11.0,84.0,2089.0,0.0,0.0,276.0,0.0,101540.0
2025-02-23 10:00:00,25.0053817228166,22.2730266058411,0.0,1.375,13.5,78,12,6.0,191,12.8,13.1,14.6,0.9,0.9,0.15,11.0,87.0,8026.0,1.0,0.0,270.0,0.0,101640.0
2025-02-23 11:00:00,24.9169280185719,22.3806821900321,0.0,1.3767857142857143,15.5,69,14,6.3,274,14.5,13.1,14.6,0.0,0.0,0.3,15.0,71.0,45087.0,3.0,4.0,258.0,0.0,101660.0
2025-02-23 12:00:00,25.0985875008376,22.1207833605217,0.0,1.3785714285714286,16.4,65,5,5.7,311,15.9,13.3,14.6,0.0,0.0,0.33,16.0,69.0,89620.0,7.0,2.0,240.0,0.0,101690.0
2025-02-23 13:00:00,24.9412520097763,22.1414254185841,0.0,1.3803571428571428,17.3,61,18,10.6,352,17.5,13.7,14.6,0.0,0.0,0.38,16.0,70.0,3812.0,0.0,2.0,345.0,0.0,101660.0
2025-02-23 14:00:00,25.0736543823634,22.1965519999291,0.0,1.3821428571428571,17.0,63,32,10.6,6,17.8,14.0,14.6,0.5,0.5,0.34,16.0,68.0,78913.0,7.0,4.0,36.0,3.0,101650.0
2025-02-23 15:00:00,24.9850335916153,22.113395139158,0.0,1.3839285714285714,16.6,64,19,9.7,19,17.6,14.2,14.6,0.2,0.2,0.29,17.0,69.0,27090.0,2.0,2.0,307.0,0.0,101590.0
2025-02-23 16:00:00,24.9281627686778,22.0874634010362,0.0,1.3857142857142857,16.3,65,1,8.2,24,17.4,14.5,14.6,0.0,0.0,0.21,17.0,66.0,59174.0,4.0,3.0,48.0,0.0,101550.0
2025-02-23 17:00:00,24.9783271928083,22.0639706520958,0.0,1.3875,15.5,68,0,6.4,46,16.7,14.6,14.6,0.0,0.0,0.12,17.0,65.0,31948.0,2.0,3.0,48.0,0.0,101550.0
2025-02-23 18:00:00,24.6829342354754,22.252143201416,0.0,1.3892857142857142,12.6,83,0,5.2,46,15.4,14.7,14.6,0.0,0.0,0.02,17.0,64.0,10898.0,1.0,2.0,65.0,0.0,101580.0
2025-02-23 19:00:00,24.9731272032314,22.0686600416057,0.0,1.3910714285714285,11.5,88,0,3.9,61,14.1,14.7,14.6,0.0,0.0,0.0,15.0,73.0,1959.0,0.0,2.0,38.0,0.0,101680.0
2025-02-23 20:00:00,25.0850980667344,22.1852042110814,0.0,1.3928571428571428,11.0,87,0,1.5,81,13.0,14.6,14.6,0.0,0.0,0.0,13.0,82.0,0.0,0.0,1.0,152.0,0.0,101750.0
2025-02-23 21:00:00,24.9432402758371,22.2205464564701,0.0,1.394642857142857,10.5,88,8,1.1,8,12.2,14.5,14.6,0.0,0.0,0.0,12.0,89.0,0.0,0.0,0.0,102.0,0.0,101800.0
2025-02-23 22:00:00,24.985385112911,22.0495301417562,0.0,1.3964285714285714,10.1,90,1,1.4,3,11.7,14.3,14.6,0.0,0.0,0.0,11.0,91.0,0.0,0.0,1.0,20.0,0.0,101860.0
2025-02-23 23:00:00,25.0058502953519,22.1616855770598,0.0,1.3982142857142856,9.6,90,10,2.7,315,11.2,14.1,14.6,0.0,0.0,0.0,9.0,93.0,0.0,0.0,0.0,186.0,0.0,101900.0
2025-02-24 00:00:00,24.8717531329015,22.2231289492196,0.0,1.4,9.3,91,21,3.4,238,11.0,13.9,14.6,0.0,0.0,0.0,9.0,95.0,0.0,0.0,0.0,198.0,0.0,101960.0
2025-02-24 01:00:00,24.8539447060025,21.9186544314992,0.0,1.4017857142857142,10.0,92,18,3.5,167,11.9,13.9,14.6,0.0,0.0,0.0,10.0,95.0,0.0,0.0,0.0,210.0,0.0,102000.0
2025-02-24 02:00:00,25.1259476293502,22.1954205003274,0.0,1.4035714285714287,9.0,92,1,2.1,126,11.4,13.8,14.6,0.0,0.0,0.0,10.0,92.0,0.0,0.0,0.0,173.0,0.0,101950.0
2025-02-24 03:00:00,24.9578478323687,22.123220965248,0.0,1.405357142857143,8.4,92,0,1.4,79,10.9,13.6,14.6,0.0,0.0,0.0,9.0,93.0,0.0,0.0,0.0,174.0,0.0,101890.0
2025-02-24 04:00:00,24.8297562527724,22.0674593638801,0.0,1.4071428571428573,8.1,92,0,2.1,345,10.4,13.4,14.6,0.0,0.0,0.0,7.0,95.0,0.0,0.0,0.0,178.0,0.0,101880.0
2025-02-24 05:00:00,24.8360607357736,21.9025338120507,0.0,1.4089285714285715,8.2,92,9,5.1,254,10.1,13.2,14.6,0.0,0.0,0.0,8.0,95.0,0.0,0.0,0.0,204.0,0.0,101840.0
2025-02-24 06:00:00,24.9810479654587,22.0377665287982,0.0,1.4107142857142858,7.6,95,12,5.9,222,10.0,13.1,14.6,0.0,0.0,0.0,8.0,94.0,0.0,0.0,2.0,171.0,0.0,101820.0
2025-02-24 07:00:00,25.0212439102796,21.8938971203441,0.0,1.4125,6.9,97,1,4.1,226,9.7,12.9,14.6,0.0,0.0,0.01,8.0,92.0,0.0,0.0,0.0,222.0,0.0,101820.0
2025-02-24 08:00:00,24.989954934614,21.919477187642,0.0,1.4142857142857144,9.6,90,2,5.5,255,10.2,12.7,14.6,0.0,0.0,0.03,7.0,94.0,457.0,0.0,0.0,110.0,0.0,101840.0
2025-02-24 09:00:00,24.8790698722845,21.9948862808361,0.0,1.4160714285714286,14.0,78,2,5.8,261,11.7,12.6,14.6,0.0,0.0,0.13,9.0,93.0,5425.0,0.0,1.0,204.0,0.0,101900.0
2025-02-24 10:00:00,24.5818220363006,21.8848098443718,0.0,1.417857142857143,15.9,69,15,4.2,278,13.6,12.7,14.6,0.0,0.0,0.24,12.0,85.0,26377.0,1.0,2.0,262.0,0.0,101940.0
2025-02-24 11:00:00,24.5878396569816,21.8652273263464,0.0,1.4196428571428572,17.3,64,10,5.0,335,15.4,12.8,14.6,0.0,0.0,0.33,15.0,79.0,49410.0,4.0,2.0,312.0,0.0,101950.0
2025-02-24 12:00:00,24.8152545787294,22.2185419052153,21.931345109636194,1.4214285714285715,18.0,63,78,9.3,343,16.8,13.1,14.6,0.0,0.0,0.36,16.0,71.0,69188.0,3.0,1.0,27.0,0.0,101930.0
2025-02-24 13:00:00,24.9518487550443,26.1419219212723,0.0,1.4232142857142858,17.4,65,90,10.9,5,17.3,13.3,14.5,0.0,0.0,0.29,19.0,57.0,76679.0,4.0,1.0,269.0,0.0,101880.0
2025-02-24 14:00:00,24.7859372792156,26.6591496870886,0.0,1.425,17.4,67,100,10.4,50,17.9,13.6,14.5,0.0,0.0,0.32,20.0,53.0,77574.0,7.0,1.0,186.0,0.0,101780.0
2025-02-24 15:00:00,24.6961244082426,26.5962474372976,0.0,1.4267857142857143,17.5,66,100,9.6,40,18.1,14.0,14.5,0.0,0.0,0.28,19.0,61.0,63050.0,5.0,2.0,78.0,0.0,101680.0
2025-02-24 16:00:00,24.8594478207138,26.8681050759088,0.0,1.4285714285714286,17.1,68,100,10.7,40,17.9,14.2,14.5,0.0,0.0,0.21,19.0,63.0,48336.0,3.0,3.0,78.0,0.0,101630.0
2025-02-24 17:00:00,24.7259274719408,26.5857570861295,0.0,1.4303571428571429,15.7,72,100,9.1,42,17.0,14.5,14.5,0.0,0.0,0.1,18.0,63.0,19002.0,1.0,4.0,7.0,0.0,101590.0
2025-02-24 18:00:00,24.7673371811923,26.5987600870028,0.0,1.4321428571428572,13.5,84,100,4.4,44,15.9,14.6,14.6,0.0,0.0,0.02,17.0,67.0,8480.0,0.0,2.0,53.0,0.0,101530.0
2025-02-24 19:00:00,24.7332491818263,26.5240396575517,0.0,1.4339285714285714,12.7,87,46,1.9,55,14.5,14.6,14.6,0.0,0.0,0.0,16.0,75.0,1285.0,0.0,1.0,60.0,0.0,101530.0
2025-02-24 20:00:00,24.9200124938308,26.3155921340093,0.0,1.4357142857142857,12.2,88,0,1.5,80,13.4,14.6,14.6,0.0,0.0,0.0,14.0,82.0,0.0,0.0,0.0,123.0,0.0,101630.0
2025-02-24 21:00:00,24.8521543343673,26.1006816147201,0.0,1.4375,11.7,89,4,1.0,22,12.6,14.5,14.6,0.0,0.0,0.0,12.0,88.0,0.0,0.0,0.0,42.0,0.0,101610.0
2025-02-24 22:00:00,24.6518452509653,25.8972461401957,0.0,1.4392857142857143,10.9,90,0,2.2,328,11.9,14.3,14.6,0.0,0.0,0.0,11.0,89.0,0.0,0.0,0.0,144.0,0.0,101670.0
2025-02-24 23:00:00,24.8884255416802,25.9687013326117,0.0,1.4410714285714286,9.9,86,0,2.9,200,11.4,14.1,14.6,0.0,0.0,0.0,10.0,92.0,0.0,0.0,1.0,186.0,0.0,101710.0
2025-02-25 00:00:00,24.5941386093039,25.9239581632338,0.0,1.4428571428571428,9.0,86,0,4.4,242,11.0,14.0,14.6,0.0,0.0,0.0,10.0,92.0,0.0,0.0,1.0,175.0,0.0,101680.0
2025-02-25 01:00:00,24.657092220991,25.8065711013317,0.0,1.4446428571428571,9.2,88,2,4.9,236,11.2,13.9,14.6,0.0,0.0,0.0,10.0,90.0,0.0,0.0,1.0,210.0,0.0,101660.0
2025-02-25 02:00:00,24.8714551423429,25.6297985183372,0.0,1.4464285714285714,8.9,87,19,6.0,251,10.9,13.7,14.6,0.0,0.0,0.0,9.0,92.0,0.0,0.0,1.0,182.0,0.0,101640.0
2025-02-25 03:00:00,24.7738599201504,25.6964055950338,0.0,1.4482142857142857,9.2,84,21,8.1,246,10.7,13.5,14.6,0.0,0.0,0.0,9.0,93.0,0.0,0.0,1.0,186.0,0.0,101550.0
2025-02-25 04:00:00,24.7649733694261,25.8403702734486,0.0,1.45,9.6,81,37,9.0,236,10.6,13.4,14.6,0.0,0.0,0.0,10.0,90.0,0.0,0.0,0.0,198.0,0.0,101510.0
2025-02-25 05:00:00,24.8319250834527,25.6793881230424,0.0,1.4517857142857142,9.5,80,77,8.2,232,10.4,13.2,14.6,0.0,0.0,0.0,9.0,90.0,0.0,0.0,1.0,180.0,0.0,101490.0
2025-02-25 06:00:00,24.9470877540732,25.7166116258948,0.0,1.4535714285714285,9.3,81,99,8.3,237,10.3,13.0,14.6,0.0,0.0,0.0,9.0,88.0,0.0,0.0,0.0,198.0,0.0,101450.0
2025-02-25 07:00:00,24.5316405435021,25.4994039717063,0.0,1.4553571428571428,9.0,85,96,9.0,240,10.1,12.9,14.5,0.0,0.0,0.02,10.0,87.0,0.0,0.0,2.0,246.0,0.0,101450.0
2025-02-25 08:00:00,24.7971081882109,25.6383353441488,0.0,1.457142857142857,11.7,78,100,10.9,234,10.7,12.7,14.5,0.0,0.0,0.05,9.0,87.0,1328.0,0.0,1.0,210.0,0.0,101490.0
2025-02-25 09:00:00,24.8377951063749,25.5701507569832,0.0,1.4589285714285714,15.5,70,100,9.1,239,12.2,12.7,14.5,0.0,0.0,0.15,12.0,84.0,9244.0,0.0,2.0,246.0,0.0,101500.0
2025-02-25 10:00:00,24.6781768800925,25.4971739511262,0.0,1.4607142857142856,18.4,57,100,13.7,247,14.0,12.8,14.5,0.0,0.0,0.28,14.0,76.0,28404.0,2.0,4.0,246.0,0.0,101500.0
2025-02-25 11:00:00,24.7148921380593,25.4393208029938,0.0,1.4625,19.9,49,100,14.5,252,15.7,12.9,14.5,0.0,0.0,0.38,16.0,63.0,53630.0,3.0,4.0,282.0,0.0,101510.0
2025-02-25 12:00:00,24.9726968135849,25.2877134952801,0.0,1.4642857142857144,20.5,47,100,12.3,262,17.1,13.2,14.5,0.0,0.0,0.43,19.0,51.0,70560.0,5.0,5.0,300.0,0.0,101480.0
2025-02-25 13:00:00,24.7600564597246,25.329522220011,0.0,1.4660714285714287,21.6,44,100,10.1,260,18.3,13.5,14.5,0.0,0.0,0.43,21.0,43.0,69244.0,4.0,4.0,274.0,0.0,101400.0
2025-02-25 14:00:00,24.7402479019558,25.1258159406609,0.0,1.467857142857143,21.6,47,100,11.3,286,18.8,13.9,14.5,0.0,0.0,0.36,22.0,39.0,68420.0,7.0,3.0,318.0,0.0,101280.0
2025-02-25 15:00:00,24.8270066533423,25.1290038449715,0.0,1.4696428571428573,20.9,49,94,10.0,326,19.1,14.2,14.5,0.0,0.0,0.34,22.0,34.0,62108.0,5.0,4.0,348.0,0.0,101200.0
2025-02-25 16:00:00,24.9645887171279,25.0004927981052,0.0,1.4714285714285715,20.0,47,91,9.5,338,18.9,14.5,14.5,0.0,0.0,0.26,21.0,42.0,42975.0,3.0,4.0,25.0,0.0,101180.0
2025-02-25 17:00:00,24.8250363654584,24.9979824774952,0.0,1.4732142857142858,18.6,64,98,1.9,328,18.2,14.8,14.5,0.0,0.0,0.12,21.0,40.0,26826.0,1.0,7.0,354.0,0.0,101190.0
2025-02-25 18:00:00,24.9409593499355,24.904718805877,0.0,1.475,16.3,57,98,0.8,311,16.7,15.0,14.5,0.0,0.0,0.02,20.0,43.0,6920.0,0.0,2.0,358.0,0.0,101190.0
2025-02-25 19:00:00,24.9255897768113,24.8839215932936,0.0,1.4767857142857144,15.3,57,100,2.7,264,15.2,15.0,14.5,0.0,0.0,0.0,17.0,51.0,341.0,0.0,0.0,42.0,0.0,101240.0
2025-02-25 20:00:00,25.0738314815835,24.8435456767048,0.0,1.4785714285714286,14.6,60,100,8.2,229,14.3,15.0,14.5,0.0,0.0,0.03,15.0,63.0,0.0,0.0,0.0,186.0,0.0,101310.0
2025-02-25 21:00:00,24.9709777533735,24.6761701090851,0.0,1.480357142857143,14.1,61,21,11.4,203,13.9,14.9,14.5,0.0,0.0,0.04,15.0,54.0,0.0,0.0,0.0,312.0,0.0,101340.0
2025-02-25 22:00:00,24.8458585039139,24.7279104060573,0.0,1.4821428571428572,13.5,65,19,9.9,211,13.6,14.8,14.5,0.0,0.0,0.03,16.0,51.0,0.0,0.0,1.0,216.0,0.0,101380.0
2025-02-25 23:00:00,24.8691634857673,24.5283976630465,0.0,1.4839285714285715,12.8,71,27,6.0,237,13.2,14.7,14.5,0.0,0.0,0.01,15.0,57.0,0.0,0.0,0.0,270.0,0.0,101360.0
2025-02-26 00:00:00,25.0579244960718,24.6229069923619,0.0,1.4857142857142858,12.8,71,84,1.8,262,12.7,14.6,14.5,0.0,0.0,0.0,14.0,65.0,0.0,0.0,0.0,48.0,0.0,101380.0
2025-02-26 01:00:00,24.9252738304972,24.5072119953102,0.0,1.4875,14.2,71,95,1.2,272,14.6,14.7,14.6,0.0,0.0,0.0,14.0,69.0,0.0,0.0,0.0,204.0,0.0,101390.0
2025-02-26 02:00:00,24.82747782606,24.4726108634048,0.0,1.4892857142857143,13.6,76,99,4.0,236,14.1,14.6,14.6,0.2,0.2,0.0,15.0,66.0,0.0,0.0,0.0,288.0,0.0,101370.0
2025-02-26 03:00:00,24.8786152712284,24.410720245761,0.0,1.4910714285714286,13.2,81,100,6.6,193,13.6,14.6,14.6,0.2,0.2,0.0,15.0,70.0,0.0,0.0,0.0,156.0,0.0,101370.0
2025-02-26 04:00:00,24.7984841002565,24.5281050258864,0.0,1.4928571428571429,12.8,87,100,5.6,197,13.3,14.5,14.6,0.0,0.0,0.0,16.0,72.0,0.0,0.0,2.0,285.0,0.0,101340.0
2025-02-26 05:00:00,24.9330642143676,24.4992966246718,0.0,1.4946428571428572,12.3,94,92,6.3,191,13.0,14.4,14.6,0.1,0.1,0.0,15.0,77.0,0.0,0.0,0.0,240.0,0.0,101350.0
2025-02-26 06:00:00,24.8949626871458,24.758191831332,0.0,1.4964285714285714,11.5,96,100,5.9,173,12.7,14.3,14.6,0.1,0.1,0.0,13.0,83.0,0.0,0.0,1.0,60.0,0.0,101370.0
2025-02-26 07:00:00,25.0338029902966,24.3803085060735,0.0,1.4982142857142857,11.0,98,100,6.6,152,12.3,14.2,14.6,0.1,0.1,0.01,13.0,84.0,0.0,0.0,1.0,144.0,0.0,101400.0
2025-02-26 08:00:00,24.8172104606293,24.3280931666865,0.0,1.5,12.9,93,22,6.9,179,12.6,14.1,14.6,0.0,0.0,0.03,14.0,82.0,1345.0,0.0,2.0,164.0,0.0,101450.0
2025-02-26 09:00:00,24.9739138243537,24.3608843267466,0.0,1.5017857142857143,15.1,81,37,3.7,199,13.7,14.0,14.6,0.0,0.0,0.12,16.0,77.0,19808.0,1.0,0.0,118.0,0.0,101470.0
2025-02-26 10:00:00,25.0538715051792,24.2004318020585,0.0,1.5035714285714286,16.8,73,13,1.5,229,15.2,14.1,14.6,0.0,0.0,0.24,17.0,66.0,37915.0,2.0,0.0,258.0,0.0,101500.0
2025-02-26 11:00:00,24.8912448564682,24.2097220867519,0.0,1.5053571428571428,17.7,67,42,4.8,9,16.7,14.2,14.6,0.1,0.1,0.31,17.0,67.0,13810.0,2.0,2.0,42.0,0.0,101500.0
2025-02-26 12:00:00,24.8900443778238,24.1796154352068,0.0,1.5071428571428571,18.4,65,47,6.3,4,17.9,14.4,14.6,0.1,0.1,0.35,18.0,70.0,78849.0,5.0,3.0,65.0,0.0,101470.0
2025-02-26 13:00:00,24.6525026405025,24.3945159597594,0.0,1.5089285714285714,19.0,59,21,7.0,360,18.4,14.5,14.6,0.0,0.0,0.32,18.0,70.0,24466.0,3.0,2.0,42.0,0.0,101380.0
2025-02-26 14:00:00,25.0419871576888,23.9079369688682,0.0,1.5107142857142857,19.2,57,12,8.7,13,19.1,14.8,14.6,0.0,0.0,0.36,20.0,65.0,87669.0,6.0,3.0,44.0,0.0,101260.0
2025-02-26 15:00:00,24.9796775610499,24.0262452696176,0.0,1.5125,18.5,59,30,10.8,29,19.3,15.1,14.6,0.0,0.0,0.31,19.0,64.0,20850.0,2.0,4.0,39.0,0.0,101200.0
2025-02-26 16:00:00,25.0048612439381,23.9284500499273,0.0,1.5142857142857142,17.7,59,2,11.1,48,19.0,15.3,14.6,0.0,0.0,0.24,19.0,62.0,43338.0,2.0,5.0,38.0,0.0,101150.0
2025-02-26 17:00:00,24.8386844901841,23.9051436890628,0.0,1.5160714285714285,16.8,64,0,11.0,63,18.2,15.5,14.6,0.0,0.0,0.14,18.0,56.0,21459.0,1.0,3.0,36.0,0.0,101110.0
2025-02-26 18:00:00,24.8619764689726,24.0674751303376,0.0,1.5178571428571428,14.2,77,0,6.6,61,17.0,15.6,14.6,0.0,0.0,0.03,18.0,64.0,5137.0,0.0,4.0,59.0,0.0,101120.0
2025-02-26 19:00:00,24.7619599212924,23.8649473799875,0.0,1.519642857142857,12.2,85,0,5.4,87,15.5,15.6,14.6,0.0,0.0,0.0,15.0,77.0,113.0,0.0,2.0,66.0,0.0,101150.0
2025-02-26 20:00:00,24.8926859841255,23.7393186073842,0.0,1.5214285714285714,12.1,81,2,1.9,90,14.3,15.6,14.6,0.0,0.0,0.0,14.0,85.0,0.0,0.0,2.0,84.0,0.0,101150.0
2025-02-26 21:00:00,25.0903581484754,23.5723589708047,0.0,1.5232142857142856,11.6,80,89,0.3,76,13.3,15.4,14.6,0.0,0.0,0.0,12.0,89.0,0.0,0.0,0.0,118.0,0.0,101160.0
2025-02-26 22:00:00,24.8704672957246,23.7027647023007,0.0,1.5250000000000001,10.6,84,80,1.9,345,12.6,15.3,14.6,0.0,0.0,0.0,11.0,92.0,0.0,0.0,0.0,270.0,0.0,101140.0
2025-02-26 23:00:00,24.8198489080742,24.0946172284142,0.0,1.5267857142857144,9.8,88,98,4.8,261,12.1,15.1,14.6,0.0,0.0,0.0,10.0,92.0,0.0,0.0,0.0,252.0,0.0,101130.0
2025-02-27 00:00:00,24.9743715461069,23.7921904493201,0.0,1.5285714285714287,9.6,88,99,5.3,259,11.7,14.8,14.6,0.0,0.0,0.0,11.0,92.0,0.0,0.0,0.0,198.0,0.0,101080.0
2025-02-27 01:00:00,24.9116309831363,23.7147994182855,0.0,1.530357142857143,10.1,87,100,5.2,262,12.4,14.8,14.6,0.0,0.0,0.0,10.0,91.0,0.0,0.0,1.0,192.0,0.0,101070.0
2025-02-27 02:00:00,24.8830729756005,23.6066805817798,0.0,1.5321428571428573,10.0,86,100,3.8,256,12.0,14.6,14.6,0.0,0.0,0.0,9.0,90.0,0.0,0.0,0.0,188.0,0.0,100990.0
2025-02-27 03:00:00,24.9634653305355,23.7626226898397,0.0,1.5339285714285715,9.9,86,98,4.4,281,11.5,14.4,14.6,0.0,0.0,0.0,10.0,88.0,0.0,0.0,0.0,175.0,0.0,100890.0
2025-02-27 04:00:00,24.7565386450531,23.5527964580398,0.0,1.5357142857142858,9.6,88,78,4.8,283,11.2,14.2,14.7,0.0,0.0,0.0,10.0,90.0,0.0,0.0,1.0,216.0,0.0,100830.0
2025-02-27 05:00:00,25.1123128117875,23.5604683086171,0.0,1.5375,9.8,85,100,6.6,265,11.1,14.1,14.7,0.0,0.0,0.0,9.0,91.0,0.0,0.0,1.0,151.0,0.0,100800.0
2025-02-27 06:00:00,24.7912178793776,23.4899681879338,0.0,1.5392857142857144,9.8,83,100,6.0,263,11.0,13.9,14.7,0.0,0.0,0.0,8.0,93.0,0.0,0.0,2.0,165.0,0.0,100840.0
2025-02-27 07:00:00,24.7620536535116,23.3393637864868,0.0,1.5410714285714286,9.9,82,100,5.7,260,10.8,13.7,14.6,0.0,0.0,0.02,8.0,92.0,0.0,0.0,0.0,192.0,0.0,100830.0
2025-02-27 08:00:00,24.8822387954721,23.4206987826658,0.0,1.542857142857143,12.2,76,99,7.1,262,11.3,13.6,14.6,0.0,0.0,0.05,9.0,92.0,4152.0,0.0,0.0,168.0,0.0,100860.0
2025-02-27 09:00:00,24.8912453525606,23.3001819123271,0.0,1.5446428571428572,14.9,70,98,5.2,265,12.8,13.5,14.6,0.0,0.0,0.14,12.0,87.0,12132.0,1.0,1.0,246.0,0.0,100910.0
2025-02-27 10:00:00,24.7848962232205,23.4478082358456,0.0,1.5464285714285715,16.9,62,100,5.9,291,14.5,13.5,14.6,0.0,0.0,0.24,15.0,70.0,45175.0,3.0,2.0,288.0,0.0,100930.0
2025-02-27 11:00:00,24.8130124776336,23.3521735973828,0.0,1.5482142857142858,18.6,59,100,7.4,274,16.2,13.7,14.6,0.0,0.0,0.33,17.0,63.0,50676.0,3.0,3.0,330.0,0.0,100880.0
2025-02-27 12:00:00,24.6933325699474,23.1951576653356,0.0,1.55,20.0,54,100,8.0,288,17.6,13.9,14.6,0.0,0.0,0.38,18.0,59.0,69284.0,6.0,1.0,347.0,0.0,100860.0
2025-02-27 13:00:00,24.743602592841,23.1713488712284,0.0,1.5548809523809524,20.4,57,100,8.3,343,18.7,14.2,14.6,0.0,0.0,0.4,20.0,52.0,70283.0,6.0,1.0,54.0,0.0,100760.0
2025-02-27 14:00:00,24.686384007554,23.1848223636389,0.0,1.559761904761905,19.0,68,100,13.2,15,19.0,14.5,14.6,0.0,0.0,0.29,20.0,64.0,62173.0,5.0,4.0,42.0,0.0,100650.0
2025-02-27 15:00:00,24.7565443673783,23.003977987254,0.0,1.5646428571428572,17.4,72,100,12.2,32,18.9,14.8,14.6,0.0,0.0,0.23,19.0,68.0,46341.0,2.0,5.0,21.0,0.0,100600.0
2025-02-27 16:00:00,24.584503004825,23.0347398261602,0.0,1.5695238095238095,16.8,75,100,10.3,32,18.4,15.0,14.6,0.0,0.0,0.17,17.0,71.0,24127.0,1.0,3.0,18.0,0.0,100560.0
2025-02-27 17:00:00,24.7106150332625,22.7430393019173,0.0,1.5744047619047619,15.6,79,100,10.9,31,17.7,15.2,14.6,0.0,0.0,0.1,17.0,74.0,17007.0,1.0,3.0,54.0,0.0,100540.0
2025-02-27 18:00:00,24.7223369247521,22.8923511094912,0.0,1.5792857142857144,13.8,89,100,3.3,43,16.5,15.3,14.6,0.0,0.0,0.02,16.0,70.0,5256.0,0.0,3.0,48.0,0.0,100560.0
2025-02-27 19:00:00,24.7410944494913,22.7008909030608,0.0,1.5841666666666667,12.8,92,100,3.2,44,15.3,15.3,14.7,0.0,0.0,0.0,14.0,84.0,0.0,0.0,2.0,48.0,0.0,100600.0
2025-02-27 20:00:00,24.7575540953127,22.7812247649859,0.0,1.589047619047619,12.5,94,100,1.0,46,14.2,15.3,14.7,0.0,0.0,0.0,13.0,87.0,0.0,0.0,0.0,175.0,0.0,100650.0
2025-02-27 21:00:00,24.7199493786584,22.6641984871619,0.0,1.5939285714285716,12.2,94,100,1.1,46,13.4,15.2,14.7,0.0,0.0,0.0,12.0,89.0,0.0,0.0,0.0,170.0,0.0,100650.0
2025-02-27 22:00:00,24.7857745994737,22.861880064548,0.0,1.598809523809524,11.8,95,100,1.1,4,12.8,15.0,14.7,0.0,0.0,0.0,11.0,91.0,0.0,0.0,0.0,184.0,0.0,100650.0
2025-02-27 23:00:00,24.8117002500447,22.9413465107999,0.0,1.6036904761904762,11.0,97,100,1.8,342,12.3,14.9,14.7,0.0,0.0,0.0,10.0,93.0,0.0,0.0,0.0,176.0,0.0,100650.0
2025-02-28 00:00:00,24.6320368633106,22.7903882007284,0.0,1.6085714285714285,10.5,96,100,2.9,243,11.9,14.7,14.7,0.0,0.0,0.0,10.0,93.0,0.0,0.0,0.0,168.0,0.0,100580.0
2025-02-28 01:00:00,24.9236317651859,22.7516432569527,0.0,1.613452380952381,10.0,96,100,3.1,325,12.0,14.6,14.7,0.0,0.0,0.0,10.0,95.0,0.0,0.0,0.0,228.0,0.0,100520.0
2025-02-28 02:00:00,24.7891277347415,22.5526746344711,0.0,1.6183333333333334,9.8,96,100,2.6,257,11.7,14.5,14.7,0.0,0.0,0.0,10.0,96.0,0.0,0.0,0.0,204.0,0.0,100450.0
2025-02-28 03:00:00,24.6066870135417,22.9094675234524,0.0,1.6232142857142857,10.4,94,100,3.8,280,11.7,14.3,14.7,0.0,0.0,0.0,10.0,96.0,0.0,0.0,0.0,270.0,0.0,100340.0
2025-02-28 04:00:00,24.7613065785544,22.6086844771768,0.0,1.6280952380952383,10.0,97,99,3.2,287,11.7,14.2,14.7,0.0,0.0,0.0,11.0,96.0,0.0,0.0,2.0,161.0,0.0,100330.0
2025-02-28 05:00:00,24.714946783335,22.7223053990461,0.0,1.6329761904761906,9.0,98,14,2.0,68,11.5,14.0,14.7,0.0,0.0,0.0,11.0,97.0,0.0,0.0,0.0,222.0,0.0,100230.0
2025-02-28 06:00:00,24.7263306907182,22.7384027045157,0.0,1.637857142857143,8.6,99,13,2.8,70,11.0,13.8,14.7,0.0,0.0,0.0,10.0,96.0,0.0,0.0,0.0,307.0,0.0,100170.0
2025-02-28 07:00:00,24.7433608016993,22.6965053178677,0.0,1.6427380952380952,9.2,96,68,5.5,64,10.7,13.7,14.7,0.0,0.0,0.01,10.0,97.0,0.0,0.0,0.0,186.0,0.0,100190.0
2025-02-28 08:00:00,24.7251658973841,22.767882439512,0.0,1.6476190476190478,11.9,91,100,7.7,45,11.4,13.5,14.7,0.0,0.0,0.04,11.0,97.0,5722.0,0.0,0.0,204.0,0.0,100210.0
2025-02-28 09:00:00,24.6317338351952,22.7343168128418,0.0,1.6525,14.1,85,94,6.8,22,12.8,13.5,14.7,0.0,0.0,0.13,13.0,92.0,14181.0,1.0,2.0,264.0,0.0,100210.0
2025-02-28 10:00:00,24.857069753762,22.5404032589392,0.0,1.6573809523809524,16.1,76,89,9.5,19,14.5,13.5,14.7,0.0,0.0,0.24,14.0,86.0,43919.0,2.0,0.0,222.0,0.0,100170.0
2025-02-28 11:00:00,24.6994720900409,22.527603162272,0.0,1.6622619047619047,17.9,64,31,11.1,17,16.1,13.6,14.7,0.0,0.0,0.33,16.0,77.0,71615.0,5.0,2.0,48.0,0.0,100130.0
2025-02-28 12:00:00,24.6925834185604,22.6004789873965,0.0,1.6671428571428573,19.1,55,56,12.8,22,17.6,13.9,14.7,0.0,0.0,0.41,19.0,65.0,80835.0,5.0,0.0,180.0,0.0,100040.0
2025-02-28 13:00:00,24.5187509527126,22.4200023047339,0.0,1.6720238095238096,18.1,69,100,8.9,16,18.3,14.2,14.7,0.0,0.0,0.34,18.0,67.0,42621.0,3.0,3.0,356.0,0.0,99940.0
2025-02-28 14:00:00,24.5576552164529,22.4462795425149,0.0,1.676904761904762,17.8,71,100,8.1,341,18.5,14.5,14.7,0.0,0.0,0.25,17.5,69.0,38924.0,2.5,3.5,187.0,0.0,99890.0
2025-02-28 15:00:00,24.5792592337265,22.3702016993465,0.0,1.6817857142857144,18.1,69,100,8.8,288,18.2,14.7,14.7,0.0,0.0,0.17,17.0,71.0,35227.0,2.0,4.0,18.0,0.0,99840.0
2025-02-28 16:00:00,24.4133167739683,22.3044017558776,0.0,1.6866666666666668,18.1,70,99,7.7,303,17.8,14.9,14.7,0.0,0.0,0.12,17.0,74.0,32132.0,2.0,3.0,27.0,0.0,99790.0
2025-02-28 17:00:00,24.6182841840851,22.4253398977311,0.0,1.691547619047619,17.0,77,99,10.6,304,17.4,15.1,14.7,0.0,0.0,0.09,17.0,75.0,33681.0,2.0,4.0,42.0,0.0,99820.0
2025-02-28 18:00:00,24.5255354621862,22.5485586797514,0.0,1.6964285714285714,14.7,88,100,7.7,261,16.4,15.2,14.7,0.5,0.5,0.03,16.0,81.0,5634.0,0.0,2.0,0.0,0.0,99870.0
2025-02-28 19:00:00,24.3228969666034,22.2959022275679,0.0,1.701309523809524,14.4,87,100,8.0,223,15.4,15.2,14.7,0.2,0.2,0.0,16.0,80.0,1972.0,0.0,3.0,24.0,0.0,99880.0
2025-02-28 20:00:00,24.5796641131541,22.1260221263714,0.0,1.7061904761904763,13.6,89,100,7.0,230,14.6,15.2,14.7,0.1,0.1,0.0,16.0,83.0,0.0,0.0,3.0,341.0,0.0,99980.0
2025-02-28 21:00:00,24.4119470899387,22.209395896664,0.0,1.7110714285714286,13.4,88,98,8.5,229,14.0,15.1,14.7,0.0,0.0,0.0,13.0,92.0,0.0,0.0,0.0,228.0,38.0,100010.0
2025-02-28 22:00:00,24.498350914606,22.2019496490304,0.0,1.7159523809523811,11.8,90,84,4.5,230,13.3,15.0,14.7,0.0,0.0,0.0,14.0,91.0,0.0,0.0,4.0,264.0,0.0,99990.0
2025-02-28 23:00:00,24.4446297135015,22.0238191884374,0.0,1.7208333333333334,10.8,91,90,4.0,233,12.5,14.9,14.7,0.0,0.0,0.0,13.0,88.0,0.0,0.0,2.0,246.0,0.0,100050.0
2025-03-01 00:00:00,24.4971278751825,22.1459951368231,0.0,1.7257142857142858,10.2,93,98,3.9,252,11.8,14.7,14.7,0.0,0.0,0.0,13.0,85.0,0.0,0.0,2.0,239.0,0.0,100030.0
2025-03-01 01:00:00,24.4467759617553,22.2277944284215,0.0,1.730595238095238,11.7,89,98,4.1,212,13.0,14.9,14.7,0.0,0.0,0.0,13.0,86.0,0.0,0.0,3.0,282.0,0.0,100030.0
2025-03-01 02:00:00,24.4479381773666,22.1924030573868,0.0,1.7354761904761906,11.8,90,97,3.5,235,12.8,14.8,14.7,0.0,0.0,0.0,12.0,87.0,0.0,0.0,1.0,186.0,1.0,99980.0
2025-03-01 03:00:00,24.4326318371729,22.1373128103962,0.0,1.740357142857143,10.5,93,71,6.4,249,12.1,14.6,14.7,0.0,0.0,0.0,11.0,91.0,0.0,0.0,0.0,246.0,0.0,99950.0
2025-03-01 04:00:00,24.2720758592712,22.1367252443497,0.0,1.7452380952380953,9.4,94,36,6.2,249,11.5,14.4,14.7,0.0,0.0,0.0,10.0,91.0,0.0,0.0,0.0,198.0,0.0,99850.0
2025-03-01 05:00:00,24.4331978837333,22.2324824824016,0.0,1.7501190476190478,8.7,93,14,7.2,242,10.9,14.2,14.7,0.0,0.0,0.0,10.0,92.0,0.0,0.0,1.0,180.0,0.0,99790.0
2025-03-01 06:00:00,24.553925911513,22.2509204646832,0.0,1.7550000000000001,9.0,86,9,9.5,229,10.5,14.0,14.7,0.0,0.0,0.0,10.0,91.0,0.0,0.0,0.0,180.0,0.0,99810.0
2025-03-01 07:00:00,24.4648141632285,22.0945149948252,0.0,1.7598809523809524,9.2,81,0,11.9,232,10.1,13.8,14.7,0.0,0.0,0.03,10.0,90.0,0.0,0.0,2.0,240.0,0.0,99800.0
2025-03-01 08:00:00,24.3571652268849,22.2652227919059,0.0,1.7647619047619048,11.6,74,86,21.2,236,10.5,13.6,14.7,0.0,0.0,0.07,9.0,91.0,301.0,0.0,1.0,222.0,0.0,99830.0
2025-03-01 09:00:00,24.3673195321133,21.9900791991293,0.0,1.7696428571428573,13.0,79,96,16.8,244,11.6,13.4,14.7,0.2,0.2,0.1,10.0,90.0,6044.0,0.0,2.0,240.0,0.0,99900.0
2025-03-01 10:00:00,24.3002650969541,21.9550425602148,0.0,1.7745238095238096,13.3,79,100,15.4,245,12.4,13.4,14.7,0.5,0.5,0.12,12.0,85.0,9727.0,1.0,3.0,258.0,0.0,99990.0
2025-03-01 11:00:00,24.3578048378499,21.9896321877166,0.0,1.779404761904762,13.2,78,100,14.4,236,12.7,13.3,14.7,0.2,0.2,0.1,14.0,75.0,24828.0,1.0,3.0,244.0,0.0,100020.0
2025-03-01 12:00:00,24.3788317889665,21.9835207560103,0.0,1.7842857142857143,14.8,64,100,15.1,254,13.6,13.4,14.7,0.0,0.0,0.2,15.0,72.0,69162.0,4.0,4.0,258.0,0.0,100020.0
2025-03-01 13:00:00,24.4224112274508,21.9205922621771,0.0,1.7891666666666668,15.3,69,93,6.6,262,15.7,14.0,14.7,0.2,0.2,0.17,13.0,90.0,7102.0,0.0,3.0,343.0,0.0,100040.0
2025-03-01 14:00:00,24.4235004407461,21.9408656259922,0.0,1.7940476190476191,15.9,60,66,10.6,289,16.0,14.1,14.7,0.0,0.0,0.21,15.0,83.0,42868.0,3.0,3.0,330.0,2.0,100000.0
2025-03-01 15:00:00,24.3762522560697,21.9668110765415,0.0,1.7989285714285714,16.3,60,50,13.2,297,16.5,14.2,14.7,0.0,0.0,0.25,14.0,84.0,18796.0,1.0,0.0,264.0,2.0,99990.0
2025-03-01 16:00:00,24.481367952452,22.0389474415887,0.0,1.803809523809524,15.2,67,34,12.1,305,16.4,14.4,14.7,0.2,0.2,0.19,14.0,81.0,8925.0,0.0,1.0,326.0,1.0,99960.0
2025-03-01 17:00:00,24.0902891112552,21.8784492443066,0.0,1.8086904761904763,14.5,70,32,6.4,330,16.0,14.5,14.7,0.0,0.0,0.11,14.0,87.0,5115.0,0.0,2.0,89.0,0.0,99980.0
2025-03-01 18:00:00,24.3303308588437,21.7554319558394,0.0,1.8135714285714286,12.6,81,37,1.0,2,15.0,14.6,14.7,0.0,0.0,0.02,13.0,92.0,6172.0,0.0,0.0,103.0,8.0,100040.0
2025-03-01 19:00:00,24.3735525977308,21.8553024699231,0.0,1.818452380952381,11.8,85,84,2.6,140,14.1,14.6,14.7,0.0,0.0,0.0,13.0,87.0,2242.0,0.0,0.0,355.0,0.0,100130.0
2025-03-01 20:00:00,24.5178455513778,21.936652903071,0.0,1.8233333333333335,11.6,86,100,3.8,165,13.6,14.5,14.7,0.0,0.0,0.0,13.0,90.0,0.0,0.0,0.0,162.0,0.0,100210.0
2025-03-01 21:00:00,24.2998351140475,21.8663367269605,0.0,1.8282142857142858,10.9,89,100,4.5,202,13.1,14.5,14.7,0.0,0.0,0.0,12.0,93.0,0.0,0.0,0.0,139.0,0.0,100280.0
2025-03-01 22:00:00,24.3988825692094,21.8267006454648,0.0,1.833095238095238,10.9,87,97,3.6,230,12.8,14.4,14.7,0.0,0.0,0.0,12.0,94.0,0.0,0.0,0.0,186.0,0.0,100280.0
2025-03-01 23:00:00,24.554470233183,21.96581084425,0.0,1.8379761904761907,10.7,86,49,3.6,252,12.4,14.3,14.7,0.0,0.0,0.0,11.0,95.0,0.0,0.0,0.0,174.0,0.0,100330.0
2025-03-02 00:00:00,24.3935348520837,21.7166739728324,0.0,1.842857142857143,10.0,87,43,4.5,231,11.9,14.1,14.7,0.0,0.0,0.0,11.0,95.0,0.0,0.0,0.0,166.0,0.0,100310.0
2025-03-02 01:00:00,24.3879907745698,21.9340827104295,0.0,1.8477380952380953,10.5,79,3,0.9,261,11.9,14.2,14.7,0.0,0.0,0.0,9.0,96.0,0.0,0.0,0.0,172.0,0.0,100290.0
2025-03-02 02:00:00,24.3834299230493,21.7247706370691,0.0,1.8526190476190476,10.2,79,6,1.0,308,11.3,14.0,14.7,0.0,0.0,0.0,8.0,96.0,0.0,0.0,0.0,173.0,0.0,100280.0
2025-03-02 03:00:00,24.2164610727764,21.8835469554859,0.0,1.8575000000000002,9.4,83,5,3.1,256,10.8,13.8,14.7,0.0,0.0,0.0,8.0,96.0,0.0,0.0,0.0,171.0,0.0,100230.0
2025-03-02 04:00:00,24.4618270427962,21.8973431717404,0.0,1.8623809523809525,8.6,85,1,2.9,252,10.3,13.6,14.7,0.0,0.0,0.0,7.0,95.0,0.0,0.0,0.0,179.0,0.0,100230.0
2025-03-02 05:00:00,24.2099948446213,21.9106427369373,0.0,1.8672619047619048,7.8,87,0,2.2,270,9.9,13.4,14.7,0.0,0.0,0.0,7.0,95.0,0.0,0.0,0.0,210.0,0.0,100210.0
2025-03-02 06:00:00,24.4097393447657,22.0614012666961,0.0,1.8721428571428573,7.1,90,52,2.2,293,9.6,13.2,14.7,0.0,0.0,0.0,7.0,96.0,0.0,0.0,0.0,180.0,0.0,100190.0
2025-03-02 07:00:00,24.3887164733734,21.8886289100655,0.0,1.8770238095238096,7.3,90,100,1.7,53,9.3,13.0,14.7,0.0,0.0,0.01,6.0,94.0,0.0,0.0,0.0,84.0,0.0,100200.0
2025-03-02 08:00:00,24.3222735145427,22.0079316251072,0.0,1.881904761904762,11.1,80,100,1.5,59,10.1,12.8,14.7,0.0,0.0,0.04,5.0,96.0,986.0,0.0,0.0,176.0,0.0,100200.0
2025-03-02 09:00:00,24.4440244640467,21.8563609602635,0.0,1.8867857142857143,14.1,74,100,4.1,355,11.7,12.8,14.7,0.0,0.0,0.13,8.0,96.0,10472.0,1.0,0.0,186.0,0.0,100280.0
2025-03-02 10:00:00,24.1585267007188,21.860165333092,0.0,1.8916666666666668,16.2,65,100,5.9,354,13.5,12.8,14.7,0.0,0.0,0.23,11.0,92.0,34069.0,2.0,0.0,228.0,0.0,100320.0
2025-03-02 11:00:00,24.3770429614809,21.7469332162156,0.0,1.8965476190476191,17.8,56,99,8.1,5,15.1,12.9,14.7,0.0,0.0,0.3,13.0,82.0,46053.0,4.0,0.0,170.0,0.0,100310.0
2025-03-02 12:00:00,24.2899671817939,21.6380921078124,0.0,1.9014285714285715,19.3,52,100,7.0,5,16.5,13.1,14.7,0.0,0.0,0.36,17.0,63.0,37552.0,4.0,0.0,107.0,0.0,100260.0
2025-03-02 13:00:00,24.3240403866368,21.688764612113,0.0,1.906309523809524,18.9,55,100,13.9,25,17.2,13.5,14.7,0.0,0.0,0.34,17.0,65.0,45812.0,4.0,2.0,30.0,0.0,100220.0
2025-03-02 14:00:00,24.2252679356051,21.8488656182191,0.0,1.9111904761904763,17.9,56,99,19.1,34,17.6,13.8,14.7,0.0,0.0,0.32,17.0,69.0,50049.0,4.0,5.0,13.0,0.0,100100.0
2025-03-02 15:00:00,24.1701909899965,21.8040043139344,0.0,1.9160714285714286,17.8,59,87,18.1,45,17.9,14.1,14.7,0.0,0.0,0.3,18.0,63.0,66672.0,6.0,2.0,90.0,0.0,100020.0
2025-03-02 16:00:00,24.2675018155932,21.5934580276283,0.0,1.920952380952381,17.0,63,57,17.3,58,17.5,14.3,14.7,0.0,0.0,0.21,18.0,64.0,55123.0,4.0,4.0,32.0,0.0,99980.0
2025-03-02 17:00:00,24.1940650478733,21.553814143732,0.0,1.9258333333333335,16.3,68,2,15.9,67,17.0,14.5,14.7,0.0,0.0,0.13,18.0,65.0,23680.0,1.0,4.0,42.0,0.0,99960.0
2025-03-02 18:00:00,24.2034455430478,21.5865173920857,0.0,1.9307142857142858,14.7,79,23,8.1,69,16.1,14.6,14.7,0.0,0.0,0.04,17.0,67.0,6572.0,0.0,5.0,66.0,0.0,99950.0
2025-03-02 19:00:00,24.1714877415314,21.6391312711394,0.0,1.9355952380952381,13.0,89,83,5.3,40,14.9,14.7,14.7,0.0,0.0,0.0,15.0,79.0,1202.0,0.0,2.0,66.0,0.0,100020.0
2025-03-02 20:00:00,24.1572355600353,21.7415189775129,0.0,1.9404761904761907,13.0,95,100,3.2,24,14.0,14.7,14.7,0.0,0.0,0.0,14.0,88.0,0.0,0.0,2.0,18.0,0.0,100080.0
2025-03-02 21:00:00,24.200045595478,21.4469064791822,0.0,1.945357142857143,12.6,98,100,2.2,35,13.3,14.6,14.7,0.0,0.0,0.0,13.0,92.0,0.0,0.0,0.0,181.0,0.0,100110.0
2025-03-02 22:00:00,24.2607823275735,21.6187963596615,0.0,1.9502380952380953,13.0,97,97,0.8,17,13.0,14.5,14.7,0.0,0.0,0.0,13.0,93.0,0.0,0.0,0.0,240.0,0.0,100130.0
2025-03-02 23:00:00,24.4301407357904,21.5762385525962,0.0,1.9551190476190476,12.5,97,100,5.0,290,12.8,14.4,14.7,0.0,0.0,0.0,14.0,92.0,0.0,0.0,2.0,228.0,0.0,100130.0
2025-03-03 00:00:00,24.0275818161398,21.3313774729379,0.0,1.9600000000000002,12.6,96,100,10.5,266,12.9,14.3,14.7,0.0,0.0,0.0,14.0,91.0,0.0,0.0,0.0,264.0,0.0,100100.0
2025-03-03 01:00:00,24.1898084654574,21.5677079581139,0.0,1.9648809523809525,13.2,98,100,9.6,259,14.0,14.4,14.7,0.0,0.0,0.0,14.0,88.0,0.0,0.0,3.0,252.0,0.0,100080.0
2025-03-03 02:00:00,24.1158279929771,21.4172851467685,0.0,1.9697619047619048,13.0,96,100,10.2,257,13.7,14.4,14.7,0.0,0.0,0.0,14.0,92.0,0.0,0.0,2.0,246.0,0.0,100040.0
2025-03-03 03:00:00,24.144534774116,21.4270434075758,0.0,1.9746428571428571,13.1,96,100,8.7,252,13.6,14.4,14.7,0.0,0.0,0.0,13.0,95.0,0.0,0.0,0.0,258.0,0.0,100020.0
2025-03-03 04:00:00,23.9746717147708,21.5473278884496,0.0,1.9795238095238097,12.6,92,100,6.3,244,13.4,14.3,14.7,0.0,0.0,0.0,12.0,96.0,0.0,0.0,0.0,204.0,0.0,100010.0
2025-03-03 05:00:00,24.1779573644617,21.566834042904,0.0,1.984404761904762,11.9,85,100,5.9,242,13.1,14.3,14.7,0.0,0.0,0.0,11.0,96.0,0.0,0.0,0.0,252.0,0.0,100020.0
2025-03-03 06:00:00,24.1618496670164,21.4557304111012,0.0,1.9892857142857143,11.4,82,99,5.4,256,12.8,14.2,14.7,0.0,0.0,0.0,12.0,96.0,0.0,0.0,0.0,186.0,0.0,100030.0
2025-03-03 07:00:00,24.1978646094757,21.4453835550849,0.0,1.9941666666666669,11.6,82,95,5.2,261,12.6,14.1,14.7,0.0,0.0,0.02,11.0,96.0,0.0,0.0,0.0,186.0,0.0,100080.0
2025-03-03 08:00:00,24.1261844804319,21.4897418082838,0.0,1.9990476190476192,13.3,84,79,6.5,264,13.0,14.0,14.7,0.0,0.0,0.04,11.0,97.0,1931.0,0.0,0.0,282.0,0.0,100110.0
2025-03-03 09:00:00,24.1350619144535,21.5323369675049,0.0,2.0039285714285717,15.1,88,69,5.7,302,14.0,14.0,14.7,0.0,0.0,0.11,13.0,97.0,11311.0,1.0,0.0,353.0,0.0,100180.0
2025-03-03 10:00:00,24.0919053775591,21.6188838964216,0.0,2.008809523809524,17.4,77,37,7.1,333,15.7,14.1,14.7,0.0,0.0,0.26,16.0,85.0,33592.0,2.0,3.0,317.0,0.0,100220.0
2025-03-03 11:00:00,23.9963269200418,21.3635432683894,0.0,2.0136904761904764,19.6,66,22,8.0,345,17.3,14.2,14.7,0.0,0.0,0.36,18.0,76.0,57456.0,3.0,3.0,287.0,0.0,100210.0
2025-03-03 12:00:00,24.0667557420919,21.4746196843883,0.0,2.0185714285714287,20.4,64,20,12.1,352,18.8,14.5,14.7,0.0,0.0,0.42,19.0,65.0,73988.0,4.0,1.0,333.0,0.0,100160.0
2025-03-03 13:00:00,23.9554822457409,23.1825402526586,0.0,2.023452380952381,20.5,65,30,9.3,7,19.9,14.7,14.7,0.0,0.0,0.44,21.0,55.0,80560.0,6.0,2.0,345.0,0.0,100080.0
2025-03-03 14:00:00,24.0710034280315,27.2870954375334,0.0,2.0283333333333333,20.5,65,34,10.1,25,20.5,15.1,14.7,0.0,0.0,0.41,21.0,63.0,77118.0,6.0,3.0,56.0,0.0,99970.0
2025-03-03 15:00:00,23.9046571235745,27.3833385582045,0.0,2.0332142857142856,19.6,67,5,12.3,40,20.6,15.4,14.7,0.0,0.0,0.32,20.0,68.0,74604.0,5.0,4.0,19.0,0.0,99890.0
2025-03-03 16:00:00,23.9803566135775,27.0757784088148,0.0,2.0380952380952384,18.6,68,13,12.1,31,20.2,15.7,14.7,0.0,0.0,0.25,19.0,72.0,48329.0,3.0,4.0,48.0,0.0,99890.0
2025-03-03 17:00:00,23.8956409166583,26.8312710646976,0.0,2.0429761904761907,17.4,71,39,8.1,27,19.3,16.0,14.7,0.0,0.0,0.13,18.0,73.0,22521.0,1.0,4.0,30.0,0.0,99870.0
2025-03-03 18:00:00,23.9034735769127,26.7413182427488,0.0,2.047857142857143,15.5,81,51,1.9,43,18.0,16.1,14.7,0.0,0.0,0.03,18.0,75.0,9728.0,0.0,3.0,54.0,0.0,99900.0
2025-03-03 19:00:00,24.1084309142352,26.6332611847405,0.0,2.0527380952380954,14.4,85,100,3.1,63,16.6,16.1,14.7,0.0,0.0,0.0,16.0,79.0,614.0,0.0,1.0,42.0,0.0,99950.0
2025-03-03 20:00:00,23.8694656228054,26.5953062967589,0.0,2.0576190476190477,14.3,86,99,5.2,58,15.9,16.1,14.7,0.0,0.0,0.0,15.0,82.0,0.0,0.0,1.0,36.0,0.0,99960.0
2025-03-03 21:00:00,24.0272585248682,26.2848723569662,0.0,2.0625,14.8,75,90,5.8,66,15.4,16.1,14.8,0.0,0.0,0.0,15.0,89.0,0.0,0.0,1.0,352.0,0.0,100020.0
2025-03-03 22:00:00,24.1445229715836,26.1720673687329,0.0,2.0673809523809523,14.0,76,99,5.2,60,14.8,16.0,14.8,0.0,0.0,0.0,15.0,93.0,0.0,0.0,0.0,18.0,0.0,100060.0
2025-03-03 23:00:00,23.9805281808313,25.928854988074,0.0,2.072261904761905,13.8,78,51,5.4,48,14.5,15.9,14.8,0.0,0.0,0.0,15.0,95.0,0.0,0.0,1.0,60.0,0.0,100110.0
2025-03-04 00:00:00,24.0423076623017,25.8871942197149,0.0,2.0771428571428574,13.0,87,22,4.0,42,14.0,15.7,14.8,0.0,0.0,0.0,15.0,95.0,0.0,0.0,3.0,48.0,0.0,99960.0
2025-03-04 01:00:00,24.0421082774778,25.8860816867871,0.0,2.0820238095238097,13.4,91,100,5.2,56,15.1,15.8,14.8,0.0,0.0,0.0,15.0,95.0,0.0,0.0,0.0,318.0,0.0,100030.0
2025-03-04 02:00:00,24.0859443945248,25.8611098806472,0.0,2.086904761904762,13.3,90,100,3.6,48,14.3,15.7,14.8,0.0,0.0,0.0,15.0,94.0,0.0,0.0,0.0,96.0,0.0,100050.0
2025-03-04 03:00:00,24.2559876516554,25.8574418866753,0.0,2.0917857142857144,14.4,94,100,8.3,46,14.3,15.6,14.8,0.0,0.0,0.0,15.0,94.0,0.0,0.0,0.0,156.0,0.0,99980.0
2025-03-04 04:00:00,24.1219714126499,25.8518997314969,0.0,2.0966666666666667,14.3,94,100,5.6,45,14.4,15.5,14.8,0.0,0.0,0.0,14.0,95.0,0.0,0.0,1.0,353.0,0.0,99850.0
2025-03-04 05:00:00,24.1922587319501,25.7981506281766,0.0,2.101547619047619,13.9,97,100,4.3,34,14.2,15.4,14.8,0.0,0.0,0.0,14.0,95.0,0.0,0.0,1.0,36.0,0.0,99800.0
2025-03-04 06:00:00,23.9794890332223,25.7171718650164,0.0,2.1064285714285718,13.5,99,100,0.6,57,14.0,15.3,14.8,0.0,0.0,0.0,15.0,94.0,0.0,0.0,2.0,120.0,0.0,99790.0
2025-03-04 07:00:00,24.1101063173291,25.607101899453,0.0,2.111309523809524,13.9,96,100,0.4,32,14.0,15.2,14.8,0.1,0.1,0.01,14.0,94.0,0.0,0.0,0.0,64.0,0.0,99830.0
2025-03-04 08:00:00,24.2302728287609,25.4211601064442,0.0,2.1161904761904764,14.5,94,100,4.0,261,14.3,15.1,14.8,0.3,0.3,0.03,15.0,94.0,708.0,0.0,2.0,10.0,0.0,99870.0
2025-03-04 09:00:00,24.0954282085677,25.5094586578406,0.0,2.1210714285714287,15.1,97,100,7.4,272,14.8,15.1,14.8,0.5,0.5,0.06,15.0,94.0,6128.0,0.0,0.0,252.0,0.0,99960.0
2025-03-04 10:00:00,23.974648058602,25.3660684378385,0.0,2.125952380952381,15.8,92,99,5.6,265,15.4,15.1,14.8,0.8,0.8,0.12,16.0,93.0,16375.0,1.0,0.0,43.0,0.0,99960.0
2025-03-04 11:00:00,24.2710772579296,25.4244825803817,0.0,2.1308333333333334,17.5,75,72,4.0,266,16.7,15.2,14.8,0.4,0.4,0.29,16.0,92.0,12984.0,1.0,2.0,240.0,0.0,99940.0
2025-03-04 12:00:00,24.2790621372149,25.5121354098368,0.0,2.1357142857142857,19.2,59,100,7.1,274,18.3,15.3,14.9,0.1,0.1,0.41,17.0,86.0,23452.0,1.0,2.0,278.0,0.0,99910.0
2025-03-04 13:00:00,24.5514938222744,25.1801929659429,0.0,2.1405952380952384,17.1,79,100,6.0,345,18.2,15.4,14.8,0.4,0.4,0.2,17.0,78.0,29784.0,2.0,0.0,249.0,0.0,99890.0
2025-03-04 14:00:00,24.3201532368723,25.1942601292539,0.0,2.1454761904761908,17.9,73,99,6.1,346,18.2,15.6,14.9,0.5,0.5,0.26,18.0,72.0,27316.0,2.0,2.0,240.0,0.0,99830.0
2025-03-04 15:00:00,24.4710310473903,25.0949188813689,0.0,2.150357142857143,17.6,71,63,6.2,337,17.9,15.7,14.9,0.2,0.2,0.17,19.0,64.0,40945.0,3.0,1.0,191.0,0.0,99760.0
2025-03-04 16:00:00,24.2495405933474,24.9932577545681,0.0,2.1552380952380954,17.8,66,42,2.3,322,18.0,15.8,14.9,0.1,0.1,0.18,18.0,76.0,14547.0,1.0,2.0,48.0,0.0,99740.0
2025-03-04 17:00:00,24.2795281919612,24.9488378177422,0.0,2.1601190476190477,17.6,68,14,4.5,170,17.8,16.0,14.9,0.1,0.1,0.12,17.0,80.0,14981.0,1.0,2.0,117.0,0.0,99760.0
2025-03-04 18:00:00,24.4642237976688,24.9467533839439,0.0,2.165,15.5,82,10,2.7,171,16.9,16.0,14.9,0.0,0.0,0.03,17.0,75.0,5654.0,0.0,0.0,125.0,0.0,99790.0
2025-03-04 19:00:00,24.4134331211898,24.8003092710836,0.0,2.1698809523809524,14.0,87,3,0.7,270,15.7,16.0,14.9,0.0,0.0,0.0,16.0,81.0,181.0,0.0,1.0,12.0,0.0,99820.0
2025-03-04 20:00:00,24.3550534141777,24.8152804719535,0.0,2.1747619047619047,13.2,88,12,0.4,330,14.6,15.9,14.9,0.0,0.0,0.0,16.0,88.0,0.0,0.0,2.0,12.0,0.0,99870.0
2025-03-04 21:00:00,24.3357777018189,24.6719464012449,0.0,2.1796428571428574,12.8,88,6,1.2,304,13.9,15.8,14.9,0.0,0.0,0.0,15.0,89.0,0.0,0.0,0.0,355.0,0.0,99890.0
2025-03-04 22:00:00,24.6175473418905,24.6022775844523,0.0,2.1845238095238098,12.1,89,13,3.1,243,13.3,15.6,14.9,0.0,0.0,0.0,14.0,90.0,0.0,0.0,2.0,187.0,0.0,99890.0
2025-03-04 23:00:00,24.4936357871085,24.7216315583811,0.0,2.189404761904762,11.5,90,14,5.5,244,12.8,15.5,14.9,0.0,0.0,0.0,13.0,93.0,0.0,0.0,0.0,192.0,0.0,99910.0
2025-03-05 00:00:00,24.5966904169536,24.5700671112232,0.0,2.1942857142857144,11.2,93,19,5.9,248,12.5,15.3,14.9,0.0,0.0,0.0,13.0,93.0,0.0,0.0,0.0,182.0,0.0,99910.0
2025-03-05 01:00:00,24.6807776330009,24.5680296877627,0.0,2.1991666666666667,12.7,88,4,1.0,340,13.8,15.8,15.0,0.0,0.0,0.0,12.0,94.0,0.0,0.0,0.0,174.0,0.0,99890.0
2025-03-05 02:00:00,24.732919612257,24.5240372853474,0.0,2.204047619047619,12.0,91,1,1.8,279,13.1,15.6,15.0,0.0,0.0,0.0,10.0,94.0,0.0,0.0,0.0,192.0,0.0,99850.0
2025-03-05 03:00:00,24.5750207248478,24.5723702619315,0.0,2.2089285714285714,11.7,90,7,1.1,90,12.5,15.4,15.0,0.0,0.0,0.0,11.0,94.0,0.0,0.0,1.0,156.0,0.0,99770.0
2025-03-05 04:00:00,24.7346154576851,24.6178352820061,0.0,2.213809523809524,11.4,91,26,0.4,54,12.0,15.2,15.0,0.0,0.0,0.0,10.0,93.0,0.0,0.0,1.0,102.0,0.0,99780.0
2025-03-05 05:00:00,24.8059435687849,24.6084590671392,0.0,2.2186904761904764,11.1,93,35,1.3,77,11.6,15.0,15.0,0.0,0.0,0.0,11.0,91.0,0.0,0.0,0.0,173.0,0.0,99750.0
2025-03-05 06:00:00,24.5997209655437,24.7476043215351,0.0,2.2235714285714288,10.9,94,11,1.8,18,11.4,14.8,15.0,0.0,0.0,0.0,12.0,92.0,0.0,0.0,0.0,186.0,0.0,99770.0
2025-03-05 07:00:00,24.6290402707419,24.5385719552673,0.0,2.228452380952381,11.0,94,30,1.3,13,11.2,14.6,15.0,0.0,0.0,0.01,12.0,90.0,0.0,0.0,0.0,162.0,0.0,99800.0
2025-03-05 08:00:00,24.8003408763734,24.4655250727759,0.0,2.2333333333333334,13.2,89,36,3.3,346,12.1,14.4,15.0,0.0,0.0,0.05,12.0,93.0,6177.0,0.0,0.0,216.0,0.0,99830.0
2025-03-05 09:00:00,24.610235056614,24.6641681888178,0.0,2.2382142857142857,15.3,81,5,4.3,318,13.6,14.3,15.0,0.0,0.0,0.15,14.0,88.0,14594.0,1.0,0.0,252.0,0.0,99860.0
2025-03-05 10:00:00,24.836473707341298,24.3856089271739,0.0,2.243095238095238,17.5,75,3,5.1,356,15.5,14.4,15.0,0.0,0.0,0.27,16.0,82.0,24351.0,1.0,0.0,246.0,0.0,99910.0
2025-03-05 11:00:00,24.9473736148038,24.7206919179958,0.0,2.247976190476191,19.6,67,13,8.3,357,17.4,14.5,15.0,0.0,0.0,0.37,17.0,74.0,40938.0,3.0,2.0,240.0,0.0,99920.0
2025-03-05 12:00:00,24.7980239800016,24.5484166536529,0.0,2.252857142857143,19.6,67,32,9.5,2,18.8,14.8,15.0,0.0,0.0,0.39,18.0,69.0,31077.0,2.0,1.0,84.0,0.0,99880.0
2025-03-05 13:00:00,25.06093669397,24.4058542530816,0.0,2.2577380952380954,22.4,50,41,2.1,196,19.5,15.2,15.0,0.0,0.0,0.4,19.0,70.0,42477.0,3.0,3.0,48.0,0.0,99810.0
2025-03-05 14:00:00,24.9116115076865,24.2100212168652,0.0,2.2626190476190478,20.6,63,65,15.4,71,20.1,15.5,15.0,0.9,0.9,0.36,18.0,75.0,24602.0,1.0,4.0,21.0,0.0,99790.0
2025-03-05 15:00:00,24.8627411447363,24.2624396266089,0.0,2.2675,19.5,67,74,5.7,352,20.0,15.7,15.0,0.2,0.2,0.3,18.0,82.0,13728.0,1.0,3.0,96.0,0.0,99760.0
2025-03-05 16:00:00,24.8795845146872,24.374015377986,0.0,2.2723809523809524,19.0,70,78,11.4,30,19.4,16.0,15.0,0.0,0.0,0.18,17.0,78.0,17676.0,1.0,4.0,137.0,2.0,99670.0
2025-03-05 17:00:00,25.0737534364725,24.3066681052866,0.0,2.2772619047619047,18.4,73,88,1.1,108,19.0,16.2,15.0,0.3,0.3,0.1,17.0,82.0,5711.0,0.0,3.0,82.0,0.0,99680.0
2025-03-05 18:00:00,24.982504424825,24.3095323192271,0.0,2.2821428571428575,16.8,82,69,8.8,83,17.8,16.3,15.0,0.2,0.2,0.04,17.0,82.0,5627.0,0.0,0.0,200.0,0.0,99680.0
2025-03-05 19:00:00,24.9199514917639,24.3155747231478,0.0,2.28702380952381,15.3,89,45,2.6,67,16.7,16.3,15.0,0.0,0.0,0.01,17.0,68.0,0.0,0.0,6.0,120.0,0.0,99660.0
2025-03-05 20:00:00,24.9432765752363,24.3413785172873,0.0,2.291904761904762,14.6,91,79,9.9,275,15.7,16.3,15.0,0.0,0.0,0.0,17.0,71.0,0.0,0.0,2.0,91.0,0.0,99760.0
2025-03-05 21:00:00,24.9688103567066,24.1207979746607,0.0,2.2967857142857144,14.3,94,69,4.3,271,15.3,16.2,15.0,0.1,0.1,0.0,16.0,77.0,0.0,0.0,1.0,282.0,0.0,99860.0
2025-03-05 22:00:00,25.0085990438885,24.2329052375503,0.0,2.3016666666666667,13.2,94,94,5.8,250,14.6,16.1,15.1,0.0,0.0,0.0,16.0,84.0,0.0,0.0,3.0,258.0,0.0,99940.0
2025-03-05 23:00:00,24.8664577980004,24.2364878560934,0.0,2.306547619047619,13.0,93,3,8.4,259,14.1,16.0,15.1,0.0,0.0,0.0,15.0,89.0,0.0,0.0,0.0,314.0,0.0,99980.0
2025-03-06 00:00:00,24.8981389366416,24.1586206107697,0.0,2.3114285714285714,12.6,94,5,6.9,254,13.7,15.8,15.1,0.0,0.0,0.0,15.0,90.0,0.0,0.0,1.0,182.0,0.0,99930.0
2025-03-06 01:00:00,25.111160808772,24.2517868428876,0.0,2.316309523809524,12.0,95,19,3.3,177,14.4,15.6,15.1,0.0,0.0,0.0,14.0,93.0,0.0,0.0,0.0,167.0,0.0,99890.0
2025-03-06 02:00:00,25.0866101835218,24.2271128073984,0.0,2.3211904761904765,11.3,96,23,3.9,260,13.7,15.5,15.1,0.0,0.0,0.0,13.0,94.0,0.0,0.0,0.0,198.0,0.0,99890.0
2025-03-06 03:00:00,25.2281932851906,24.1858779741388,0.0,2.326071428571429,10.9,95,3,3.9,262,13.2,15.3,15.1,0.0,0.0,0.0,14.0,94.0,0.0,0.0,0.0,210.0,0.0,99850.0
2025-03-06 04:00:00,25.1318018677521,24.3107476056788,0.0,2.330952380952381,11.1,94,9,5.6,253,12.8,15.2,15.1,0.0,0.0,0.0,13.0,94.0,0.0,0.0,0.0,6.0,0.0,99790.0
2025-03-06 05:00:00,25.0584431692165,24.0702673706344,0.0,2.3358333333333334,10.8,93,14,4.1,255,12.5,15.0,15.1,0.0,0.0,0.0,12.0,95.0,0.0,0.0,0.0,171.0,0.0,99790.0
2025-03-06 06:00:00,25.1140851117381,24.2055447297702,0.0,2.3407142857142857,10.8,91,10,2.0,277,12.0,14.8,15.1,0.0,0.0,0.0,12.0,96.0,0.0,0.0,0.0,186.0,0.0,99800.0
2025-03-06 07:00:00,25.1366290274037,24.0848551707171,0.0,2.345595238095238,11.1,90,6,2.5,282,11.8,14.7,15.1,0.0,0.0,0.01,12.0,96.0,184.0,0.0,0.0,78.0,0.0,99800.0
2025-03-06 08:00:00,25.1594050942529,24.3314096299775,0.0,2.350476190476191,13.7,85,0,4.4,268,12.6,14.5,15.1,0.0,0.0,0.05,13.0,96.0,5003.0,0.0,0.0,144.0,0.0,99850.0
2025-03-06 09:00:00,25.4082880223273,24.2633646125734,0.0,2.355357142857143,16.2,78,11,4.7,293,14.2,14.5,15.1,0.0,0.0,0.16,14.0,92.0,11439.0,0.0,0.0,181.0,0.0,99900.0
2025-03-06 10:00:00,25.0990922872978,24.0932307653117,0.0,2.3602380952380955,18.0,72,25,7.9,312,15.9,14.5,15.1,0.0,0.0,0.27,16.0,87.0,17457.0,1.0,0.0,252.0,0.0,99910.0
2025-03-06 11:00:00,25.1383981442641,23.9388869501431,0.0,2.365119047619048,19.4,64,71,6.6,314,17.7,14.7,15.1,0.0,0.0,0.37,16.5,84.5,27627.5,2.0,1.0,158.0,0.0,99910.0
2025-03-06 12:00:00,25.1490560928045,23.8848470231541,0.0,2.37,19.0,68,95,8.2,307,18.7,14.9,15.1,0.2,0.2,0.33,17.0,82.0,37798.0,3.0,2.0,64.0,0.0,99910.0
2025-03-06 13:00:00,25.0477809667495,23.8992396076166,0.0,2.3693452380952382,19.4,68,72,7.0,10,19.3,15.2,15.1,0.3,0.3,0.3,19.0,73.0,82807.0,6.0,1.0,120.0,0.0,99890.0
2025-03-06 14:00:00,25.1428769156239,24.0234639342199,0.0,2.3686904761904763,17.5,76,92,4.9,282,18.8,15.4,15.1,3.0,3.0,0.28,19.0,75.0,44557.0,3.0,3.0,36.0,0.0,99810.0
2025-03-06 15:00:00,24.9681071712589,23.8704235466227,0.0,2.3680357142857145,18.0,70,99,2.5,180,18.8,15.6,15.1,0.0,0.0,0.24,19.0,73.0,39380.0,3.0,3.0,358.0,0.0,99740.0
2025-03-06 16:00:00,25.109250235536,23.9051953368996,0.0,2.3673809523809526,16.6,79,100,7.9,312,18.2,15.8,15.1,0.2,0.2,0.12,19.0,70.0,29092.0,3.0,4.0,358.0,0.0,99730.0
2025-03-06 17:00:00,25.1441658486289,23.8968126587856,0.0,2.3667261904761907,15.3,84,100,8.7,246,17.2,15.9,15.1,3.1,3.1,0.08,18.0,78.0,11139.0,0.0,3.0,11.0,0.0,99770.0
2025-03-06 18:00:00,25.0351591404127,23.7256362488841,0.0,2.366071428571429,14.7,92,100,6.4,245,16.1,15.9,15.1,2.4,2.4,0.02,17.0,82.0,1284.0,0.0,3.0,330.0,0.0,99890.0
2025-03-06 19:00:00,25.1201590019439,23.7553963467289,0.0,2.365416666666667,14.3,93,100,8.0,265,15.4,15.9,15.1,0.3,0.3,0.02,14.0,83.0,113.0,0.0,4.0,173.0,13.0,100000.0
2025-03-06 20:00:00,26.1754563026149,24.4268155811828,0.0,2.364761904761905,13.7,92,98,9.7,253,14.7,15.8,15.1,0.3,0.3,0.0,13.0,93.0,0.0,0.0,2.0,264.0,15.0,100120.0
2025-03-06 21:00:00,30.471300936811,27.9361973464315,0.0,2.3641071428571427,13.7,89,100,11.0,247,14.3,15.7,15.1,0.2,0.2,0.0,12.0,95.0,0.0,0.0,2.0,258.0,38.0,100200.0
2025-03-06 22:00:00,30.8502213741863,28.395648243507,0.0,2.363452380952381,13.4,93,100,11.5,250,14.1,15.6,15.1,0.5,0.5,0.0,13.0,96.0,0.0,0.0,2.0,173.0,5.0,100290.0
2025-03-06 23:00:00,31.004163623824,28.4458124027605,0.0,2.362797619047619,13.5,93,100,9.9,250,14.0,15.5,15.1,0.5,0.5,0.0,13.0,95.0,0.0,0.0,0.0,204.0,3.0,100320.0
2025-03-07 00:00:00,30.7018511721271,28.1879911058428,0.0,2.362142857142857,13.4,94,100,9.6,244,13.9,15.4,15.1,0.5,0.5,0.0,13.0,94.0,0.0,0.0,0.0,216.0,1.0,100300.0
2025-03-07 01:00:00,30.8226355025285,28.1949408227992,0.0,2.361488095238095,13.8,87,100,9.1,242,14.0,15.1,15.1,0.2,0.2,0.0,13.0,93.0,0.0,0.0,0.0,216.0,0.0,100280.0
2025-03-07 02:00:00,30.52406019807,27.877018491696,0.0,2.3608333333333333,13.6,91,99,7.5,240,13.9,15.0,15.1,0.5,0.5,0.0,13.0,91.0,0.0,0.0,2.0,246.0,0.0,100250.0
2025-03-07 03:00:00,30.3437036603821,27.9815124459965,0.0,2.3601785714285715,13.3,91,93,6.4,241,13.6,14.9,15.1,0.4,0.4,0.0,13.0,93.0,0.0,0.0,0.0,228.0,0.0,100220.0
2025-03-07 04:00:00,30.6064687457398,27.9227459414549,0.0,2.3595238095238096,13.3,84,100,6.4,232,13.4,14.8,15.1,0.1,0.1,0.0,13.0,93.0,0.0,0.0,2.0,282.0,0.0,100190.0
2025-03-07 05:00:00,30.3847058215218,27.6365992836828,0.0,2.3588690476190477,13.0,85,62,4.6,235,13.2,14.7,15.1,0.0,0.0,0.0,13.0,95.0,0.0,0.0,2.0,240.0,0.0,100180.0
2025-03-07 06:00:00,30.3906717991134,27.8217610485925,0.0,2.358214285714286,12.5,84,32,2.0,243,12.8,14.6,15.1,0.0,0.0,0.0,13.0,95.0,0.0,0.0,0.0,246.0,0.0,100180.0
2025-03-07 07:00:00,30.3729414989793,27.607937691725,0.0,2.357559523809524,12.3,85,42,1.3,264,12.4,14.5,15.1,0.0,0.0,0.01,13.0,94.0,0.0,0.0,0.0,198.0,0.0,100190.0
2025-03-07 08:00:00,30.3552111988452,27.5047541949266,0.0,2.356904761904762,14.0,84,62,3.5,252,13.1,14.4,15.1,0.0,0.0,0.05,13.0,93.0,356.0,0.0,0.0,205.0,0.0,100190.0
2025-03-07 09:00:00,30.2569744675137,27.391240417074,0.0,2.35625,15.8,77,100,2.7,247,14.3,14.4,15.1,0.0,0.0,0.14,13.0,92.0,6265.0,0.0,0.0,258.0,0.0,100230.0
2025-03-07 10:00:00,30.0606538286038,27.4513987720661,0.0,2.3555952380952383,17.4,68,99,2.2,298,15.9,14.4,15.1,0.0,0.0,0.27,14.0,86.0,20128.0,1.0,1.0,270.0,0.0,100260.0
2025-03-07 11:00:00,29.9135148696835,27.3344232129846,0.0,2.3549404761904764,18.8,61,100,3.5,284,17.6,14.6,15.1,0.0,0.0,0.38,16.0,81.0,30990.0,2.0,1.0,276.0,0.0,100230.0
2025-03-07 12:00:00,29.9779644349537,27.0936595222357,0.0,2.3542857142857145,20.2,54,100,4.5,287,19.0,14.9,15.1,0.0,0.0,0.43,18.0,66.0,71728.0,4.0,3.0,266.0,0.0,100200.0
2025-03-07 13:00:00,29.8541389390014,27.031433105045,0.0,2.3536309523809527,20.4,51,100,6.1,267,19.2,15.3,15.1,0.0,0.0,0.32,19.0,62.0,48856.0,4.0,1.0,270.0,0.0,100140.0
2025-03-07 14:00:00,29.7319939990481,27.0051849794305,0.0,2.3529761904761903,20.5,50,100,6.0,295,19.6,15.5,15.1,0.0,0.0,0.32,19.0,62.0,50036.0,4.0,1.0,21.0,0.0,100040.0
2025-03-07 15:00:00,29.67031056422,26.9592864703361,0.0,2.3523214285714285,19.5,63,97,8.8,20,19.6,15.8,15.1,0.0,0.0,0.26,19.0,64.0,28092.0,2.0,2.0,324.0,0.0,99980.0
2025-03-07 16:00:00,29.5986974505703,26.6108183030966,0.0,2.3516666666666666,18.4,72,7,10.6,42,19.4,16.0,15.1,0.0,0.0,0.21,18.0,80.0,66115.0,4.0,3.0,355.0,0.0,99910.0
2025-03-07 17:00:00,29.6482915041435,26.5701479202721,0.0,2.3510119047619047,17.6,73,0,10.1,54,18.8,16.2,15.1,0.0,0.0,0.15,19.0,77.0,51220.0,2.0,2.0,36.0,0.0,99840.0
2025-03-07 18:00:00,29.3566901027555,26.5271140914306,0.0,2.350357142857143,15.4,82,3,7.5,63,17.7,16.4,15.1,0.0,0.0,0.04,19.0,76.0,14009.0,1.0,2.0,38.0,0.0,99810.0
2025-03-07 19:00:00,29.3477831355669,26.6698312998649,0.0,2.349702380952381,13.4,90,0,4.7,81,16.4,16.4,15.2,0.0,0.0,0.02,18.0,80.0,2771.0,0.0,1.0,84.0,0.0,99830.0
2025-03-07 20:00:00,29.3005161514978,26.52914620949,0.0,2.349047619047619,12.6,92,2,0.6,35,15.2,16.3,15.2,0.0,0.0,0.0,15.0,92.0,0.0,0.0,2.0,36.0,0.0,99830.0
2025-03-07 21:00:00,29.3570376090596,26.2224162859401,0.0,2.348392857142857,11.5,94,2,2.7,310,14.3,16.2,15.2,0.0,0.0,0.0,14.0,95.0,0.0,0.0,0.0,38.0,0.0,99850.0
2025-03-07 22:00:00,29.2440625016401,26.3282452669015,0.0,2.3477380952380953,11.1,89,0,2.7,218,13.6,16.0,15.2,0.0,0.0,0.0,13.0,96.0,0.0,0.0,0.0,182.0,0.0,99840.0
2025-03-07 23:00:00,29.1410383804355,26.2974269006821,0.0,2.3470833333333334,10.6,86,4,4.1,227,13.0,15.8,15.2,0.0,0.0,0.0,12.0,96.0,0.0,0.0,0.0,240.0,0.0,99840.0
2025-03-08 00:00:00,29.3498419443372,26.5684689786386,0.0,2.3464285714285715,10.1,85,11,4.4,211,12.6,15.6,15.2,0.0,0.0,0.0,12.0,97.0,0.0,0.0,0.0,198.0,0.0,99860.0
2025-03-08 01:00:00,29.0030666020255,26.1828144651314,0.0,2.3457738095238096,10.3,87,7,5.4,186,13.7,15.5,15.2,0.0,0.0,0.0,12.0,97.0,0.0,0.0,0.0,186.0,0.0,99830.0
2025-03-08 02:00:00,29.0624274967324,26.338860518009,0.0,2.3451190476190478,9.4,90,2,5.8,165,13.2,15.3,15.2,0.0,0.0,0.0,11.0,97.0,0.0,0.0,0.0,165.0,0.0,99760.0
2025-03-08 03:00:00,28.9980540476224,26.0931632556749,0.0,2.344464285714286,8.7,94,0,7.0,191,12.8,15.2,15.2,0.0,0.0,0.0,12.0,98.0,0.0,0.0,0.0,204.0,0.0,99690.0
2025-03-08 04:00:00,29.1051758361113,26.0951795111943,0.0,2.343809523809524,9.5,89,88,7.4,204,12.5,15.0,15.2,0.0,0.0,0.0,10.0,98.0,0.0,0.0,0.0,174.0,0.0,99600.0
2025-03-08 05:00:00,29.0348972770262,26.0826310358738,0.0,2.343154761904762,9.7,87,68,7.6,181,12.3,14.8,15.2,0.0,0.0,0.0,10.0,98.0,0.0,0.0,0.0,176.0,0.0,99520.0
2025-03-08 06:00:00,28.8112575262588,26.0691800981191,0.0,2.3425,9.4,86,87,8.3,188,12.0,14.6,15.2,0.0,0.0,0.0,9.0,98.0,0.0,0.0,0.0,328.0,0.0,99480.0
2025-03-08 07:00:00,28.790145056335,26.1076998716277,0.0,2.341845238095238,10.1,78,36,8.6,195,11.8,14.5,15.2,0.0,0.0,0.03,8.0,98.0,0.0,0.0,0.0,174.0,0.0,99450.0
2025-03-08 08:00:00,28.9381124436971,26.0363533880228,0.0,2.341190476190476,14.6,65,47,9.5,195,12.5,14.3,15.2,0.0,0.0,0.08,8.0,98.0,1879.0,0.0,0.0,169.0,0.0,99400.0
2025-03-08 09:00:00,28.9318685717734,26.1519802741845,0.0,2.340535714285714,19.9,54,62,13.8,190,14.2,14.3,15.2,0.0,0.0,0.23,12.0,98.0,10266.0,1.0,0.0,101.0,0.0,99350.0
2025-03-08 10:00:00,28.733088206087,25.984262819241,0.0,2.3398809523809523,22.1,40,0,19.7,189,15.9,14.4,15.2,0.0,0.0,0.38,15.0,84.0,37296.0,2.0,3.0,284.0,0.0,99320.0
2025-03-08 11:00:00,28.9948974616681,25.888891823583,0.0,2.3392261904761904,23.9,36,14,22.2,194,17.6,14.5,15.2,0.0,0.0,0.5,19.0,55.0,60857.0,5.0,2.0,252.0,0.0,99240.0
2025-03-08 12:00:00,28.5920153003273,25.815843631365,0.0,2.3385714285714285,25.3,34,0,17.5,204,19.2,14.8,15.2,0.0,0.0,0.55,21.0,55.0,76653.0,6.0,4.0,282.0,0.0,99200.0
2025-03-08 13:00:00,28.8259921307712,25.6438057858595,0.0,2.3379166666666666,25.5,33,4,15.1,231,20.5,15.0,15.2,0.0,0.0,0.56,23.0,49.0,83868.0,6.0,4.0,300.0,0.0,99090.0
2025-03-08 14:00:00,28.6107928518538,25.5351767383323,0.0,2.3372619047619048,25.6,33,7,15.1,241,21.2,15.4,15.2,0.0,0.0,0.54,24.0,43.0,83721.0,6.0,1.0,294.0,0.0,98930.0
2025-03-08 15:00:00,28.5523396800598,25.5285572110909,0.0,2.336607142857143,24.0,40,54,17.7,277,21.3,15.7,15.2,0.0,0.0,0.44,25.0,35.0,77264.0,7.0,5.0,275.0,0.0,98810.0
2025-03-08 16:00:00,28.3569471289965,25.6352223022318,0.0,2.335952380952381,18.2,68,88,16.5,295,20.4,16.1,15.2,0.0,0.0,0.2,23.0,40.0,11008.0,0.0,4.0,255.0,0.0,98770.0
2025-03-08 17:00:00,28.3517452396168,25.3015778628704,0.0,2.335297619047619,16.2,79,99,10.5,320,19.0,16.3,15.2,0.9,0.9,0.1,17.0,73.0,14756.0,1.0,6.0,330.0,0.0,98980.0
2025-03-08 18:00:00,28.2063324247028,25.3496417402419,0.0,2.3346428571428572,15.1,85,100,3.5,308,17.5,16.4,15.2,0.2,0.2,0.03,17.0,76.0,7875.0,0.0,3.0,330.0,0.0,99110.0
2025-03-08 19:00:00,28.5626932251646,25.3926710505154,0.0,2.3339880952380954,14.5,93,86,6.9,48,16.5,16.4,15.2,0.2,0.2,0.02,15.0,81.0,751.0,0.0,2.0,12.0,0.0,99140.0
2025-03-08 20:00:00,28.2627417976547,25.4357433420242,0.0,2.3333333333333335,14.1,96,100,1.5,209,15.7,16.3,15.2,0.9,0.9,0.0,15.0,87.0,0.0,0.0,2.0,335.0,0.0,99280.0
2025-03-08 21:00:00,28.3797329563872,25.2575237770897,0.0,2.3326785714285716,13.9,95,100,3.9,210,15.2,16.3,15.2,0.8,0.8,0.0,13.0,87.0,0.0,0.0,2.0,246.0,5.0,99370.0
2025-03-08 22:00:00,29.556812822713,25.7809272626983,0.0,2.3320238095238097,13.6,91,96,4.2,180,14.7,16.1,15.2,0.5,0.5,0.0,12.0,93.0,0.0,0.0,0.0,228.0,10.0,99390.0
2025-03-08 23:00:00,30.3089999876668,27.1340743363491,0.0,2.3313690476190474,13.5,83,100,10.0,192,14.3,16.0,15.2,0.1,0.1,0.01,12.0,95.0,0.0,0.0,0.0,246.0,13.0,99420.0
2025-03-09 00:00:00,30.7824331773245,27.700782739473,0.0,2.3307142857142855,13.1,79,100,11.1,206,13.7,15.9,15.2,0.1,0.1,0.01,12.0,89.0,0.0,0.0,2.0,198.0,3.0,99400.0
2025-03-09 01:00:00,30.6509082551554,27.866979633102,0.0,2.3300595238095236,13.1,86,100,2.4,200,13.7,15.8,15.2,0.0,0.0,0.0,12.0,93.0,0.0,0.0,0.0,186.0,2.0,99410.0
2025-03-09 02:00:00,30.6452712611809,27.8026384723843,0.0,2.3294047619047618,12.5,91,99,4.3,198,13.5,15.6,15.2,0.4,0.4,0.0,12.0,94.0,0.0,0.0,2.0,192.0,0.0,99360.0
2025-03-09 03:00:00,30.5180244001537,27.7728001979705,0.0,2.32875,12.4,82,12,8.1,203,13.1,15.5,15.3,0.0,0.0,0.0,12.0,94.0,0.0,0.0,1.0,204.0,0.0,99350.0
2025-03-09 04:00:00,30.8698063183511,27.6029165822367,0.0,2.328095238095238,11.7,79,61,11.9,218,12.5,15.3,15.3,0.0,0.0,0.01,11.0,92.0,0.0,0.0,1.0,270.0,0.0,99350.0
2025-03-09 05:00:00,30.5232039592793,27.7542921051477,0.0,2.327440476190476,11.6,77,95,12.0,224,12.1,15.1,15.3,0.0,0.0,0.02,10.0,94.0,0.0,0.0,0.0,204.0,0.0,99320.0
2025-03-09 06:00:00,30.4650365934527,27.5512318541003,0.0,2.3267857142857142,11.8,72,83,17.0,223,11.9,14.9,15.3,0.0,0.0,0.04,10.0,94.0,0.0,0.0,0.0,344.0,0.0,99340.0
2025-03-09 07:00:00,30.3621806626415,27.4998756086134,0.0,2.3261309523809524,12.5,65,44,23.1,223,12.0,14.7,15.3,0.0,0.0,0.09,10.0,90.0,0.0,0.0,0.0,192.0,0.0,99380.0
2025-03-09 08:00:00,30.4351297299685,27.5239127644266,0.0,2.3254761904761905,13.6,60,17,26.9,221,12.5,14.6,15.3,0.0,0.0,0.13,11.0,83.0,5880.0,0.0,1.0,252.0,0.0,99400.0
2025-03-09 09:00:00,30.4438485000308,27.4398586607202,0.0,2.3248214285714286,15.4,55,7,27.9,215,13.6,14.5,15.3,0.0,0.0,0.22,14.0,73.0,22875.0,1.0,4.0,270.0,0.0,99430.0
2025-03-09 10:00:00,29.9502872913414,27.2007583674717,0.0,2.3241666666666667,16.6,50,15,29.2,218,14.8,14.5,15.2,0.0,0.0,0.31,15.0,62.0,49676.0,4.0,5.0,246.0,0.0,99460.0
2025-03-09 11:00:00,30.096077195143,27.0192833831406,0.0,2.323511904761905,17.5,47,30,28.6,225,16.1,14.6,15.2,0.0,0.0,0.38,16.0,56.0,67522.0,5.0,7.0,276.0,0.0,99430.0
2025-03-09 12:00:00,30.030886929141,26.9490318087301,0.0,2.322857142857143,17.9,46,18,30.0,228,16.9,14.7,15.2,0.3,0.3,0.41,17.0,52.0,80722.0,7.0,4.0,252.0,0.0,99390.0
2025-03-09 13:00:00,29.6929576699295,26.7875027321486,0.0,2.322202380952381,18.4,43,16,31.6,232,17.5,14.9,15.2,0.0,0.0,0.42,18.0,45.0,85473.0,7.0,8.0,270.0,0.0,99340.0
2025-03-09 14:00:00,30.0332349874834,26.5643389698183,0.0,2.321547619047619,19.1,41,15,29.6,236,18.1,15.1,15.2,0.0,0.0,0.43,19.0,45.0,81084.0,7.0,8.0,250.0,0.0,99270.0
2025-03-09 15:00:00,29.6041509295005,26.6485738060866,0.0,2.3208928571428573,18.8,41,36,18.5,261,18.5,15.3,15.2,0.0,0.0,0.38,19.0,37.0,68211.0,5.0,9.0,240.0,0.0,99230.0
2025-03-09 16:00:00,29.5998688829855,26.4931515158019,0.0,2.320238095238095,18.6,42,22,11.6,256,18.4,15.5,15.2,0.0,0.0,0.28,18.0,51.0,45683.0,2.0,10.0,355.0,0.0,99260.0
2025-03-09 17:00:00,29.3515728369414,26.3580805091371,0.0,2.319583333333333,17.6,49,100,6.5,237,17.9,15.7,15.2,0.0,0.0,0.15,17.0,62.0,25827.0,1.0,3.0,27.0,0.0,99260.0
2025-03-09 18:00:00,29.3190453430836,26.2905264135516,0.0,2.3189285714285712,15.3,57,98,4.8,233,16.8,15.8,15.3,0.0,0.0,0.05,15.0,66.0,5261.0,0.0,2.0,86.0,0.0,99300.0
2025-03-09 19:00:00,29.270650259978,26.358688100485,0.0,2.3182738095238093,14.5,57,98,7.4,240,15.8,15.8,15.3,0.0,0.0,0.06,13.0,78.0,404.0,0.0,2.0,81.0,0.0,99320.0
2025-03-09 20:00:00,29.4274067445032,26.3098330447479,0.0,2.3176190476190475,13.2,64,99,6.2,231,15.1,15.8,15.3,0.0,0.0,0.02,12.0,81.0,0.0,0.0,0.0,166.0,0.0,99300.0
2025-03-09 21:00:00,29.2911746273524,26.0565064290817,0.0,2.3169642857142856,12.7,70,92,3.3,225,14.5,15.7,15.3,0.0,0.0,0.0,11.0,88.0,0.0,0.0,0.0,258.0,0.0,99330.0
2025-03-09 22:00:00,29.1475136893258,26.2099441011471,0.0,2.3163095238095237,11.6,72,99,5.3,190,13.9,15.6,15.3,0.0,0.0,0.0,11.0,91.0,0.0,0.0,0.0,186.0,0.0,99320.0
2025-03-09 23:00:00,29.2984045957375,26.0116731801338,0.0,2.315654761904762,11.9,70,98,6.6,213,13.6,15.4,15.3,0.0,0.0,0.01,11.0,89.0,0.0,0.0,1.0,339.0,0.0,99290.0
2025-03-10 00:00:00,29.1943254568182,26.2893683674945,0.0,2.315,12.2,68,90,7.3,247,13.4,15.3,15.3,0.0,0.0,0.02,12.0,83.0,0.0,0.0,0.0,258.0,0.0,99270.0
2025-03-10 01:00:00,29.0253476813543,26.0899691195781,0.0,2.314345238095238,12.5,77,60,5.3,208,13.7,15.2,15.3,1.4,1.4,0.0,12.0,81.0,0.0,0.0,1.0,210.0,0.0,99290.0
2025-03-10 02:00:00,28.9546357021831,26.0653916042457,0.0,2.313690476190476,12.3,77,82,8.9,219,13.1,15.0,15.3,1.0,1.0,0.01,13.0,81.0,0.0,0.0,1.0,158.0,0.0,99250.0
2025-03-10 03:00:00,29.0177712431076,25.8972768443128,0.0,2.3130357142857143,12.6,77,99,14.6,195,12.7,14.9,15.3,1.8,1.8,0.02,12.0,87.0,0.0,0.0,0.0,186.0,0.0,99190.0
2025-03-10 04:00:00,28.9828102266343,25.965545725287,0.0,2.3123809523809524,13.5,69,100,17.1,212,12.6,14.8,15.3,0.0,0.0,0.05,13.0,76.0,0.0,0.0,1.0,252.0,0.0,99160.0
2025-03-10 05:00:00,29.0427370170734,26.0203623609694,0.0,2.3117261904761905,14.0,63,100,23.2,216,12.6,14.6,15.3,0.0,0.0,0.08,14.0,69.0,0.0,0.0,4.0,222.0,0.0,99140.0
2025-03-10 06:00:00,29.041229435061,26.0032322352808,0.0,2.3110714285714287,14.2,64,85,23.0,215,12.9,14.5,15.3,0.0,0.0,0.07,14.0,69.0,0.0,0.0,3.0,264.0,0.0,99230.0
2025-03-10 07:00:00,29.0972497423885,25.8953398730227,0.0,2.310416666666667,14.4,63,19,21.3,217,13.1,14.4,15.3,0.0,0.0,0.09,14.0,73.0,74.0,0.0,2.0,276.0,0.0,99280.0
2025-03-10 08:00:00,29.0709659234267,25.9865538607887,0.0,2.309761904761905,15.2,61,10,21.8,219,13.6,14.4,15.3,0.0,0.0,0.13,13.0,75.0,3914.0,0.0,4.0,264.0,0.0,99330.0
2025-03-10 09:00:00,28.8334134849417,25.787081419378,0.0,2.3091071428571426,16.9,57,9,24.5,222,14.6,14.4,15.3,0.0,0.0,0.22,17.0,63.0,31695.0,1.0,4.0,252.0,0.0,99380.0
2025-03-10 10:00:00,28.8909704551775,25.8464872848325,0.0,2.3084523809523807,17.9,53,5,27.7,222,15.7,14.4,15.3,0.0,0.0,0.31,18.0,56.0,51152.0,4.0,2.0,246.0,0.0,99420.0
2025-03-10 11:00:00,28.8039897931553,25.5909001786045,0.0,2.307797619047619,18.8,49,7,27.9,225,16.8,14.6,15.3,0.0,0.0,0.39,18.0,51.0,77136.0,6.0,4.0,240.0,0.0,99460.0
2025-03-10 12:00:00,28.7249408670527,25.6208521345077,0.0,2.307142857142857,19.8,46,6,26.8,228,17.9,14.8,15.3,0.0,0.0,0.45,20.0,45.0,84449.0,7.0,8.0,240.0,0.0,99470.0
2025-03-10 13:00:00,28.6426238908554,25.5176224162552,0.0,2.306488095238095,20.5,42,4,26.8,237,18.7,14.9,15.2,0.0,0.0,0.48,21.0,43.0,86316.0,8.0,7.0,252.0,0.0,99480.0
2025-03-10 14:00:00,28.5637482294899,25.6185865900114,0.0,2.305833333333333,21.0,41,14,23.6,236,19.4,15.2,15.2,0.0,0.0,0.47,21.0,41.0,81454.0,5.0,7.0,269.0,0.0,99440.0
2025-03-10 15:00:00,28.6919940026222,25.457587841912,0.0,2.3051785714285713,20.9,40,42,22.5,237,19.5,15.5,15.2,0.0,0.0,0.41,21.0,36.0,68958.0,3.0,6.0,276.0,0.0,99390.0
2025-03-10 16:00:00,28.6112139823894,25.2775256905753,0.0,2.3045238095238094,20.6,42,54,14.4,239,19.3,15.8,15.3,0.0,0.0,0.29,22.0,34.0,43769.0,2.0,5.0,258.0,0.0,99390.0
2025-03-10 17:00:00,28.4288494823545,25.4815340841165,0.0,2.3038690476190475,19.7,44,71,12.7,232,18.8,16.0,15.3,0.0,0.0,0.21,18.0,60.0,23968.0,1.0,4.0,36.0,0.0,99400.0
2025-03-10 18:00:00,28.3756484066569,25.4610045476464,0.0,2.3032142857142857,18.1,46,99,13.6,214,17.8,16.1,15.3,0.0,0.0,0.12,17.0,64.0,3288.0,0.0,2.0,72.0,0.0,99500.0
2025-03-10 19:00:00,28.4625774464852,25.2890493528293,0.0,2.302559523809524,18.3,46,46,21.6,220,17.3,16.2,15.3,0.0,0.0,0.15,15.0,74.0,132.0,0.0,2.0,54.0,0.0,99530.0
2025-03-10 20:00:00,28.361702489767,25.2234517710683,0.0,2.301904761904762,16.8,55,83,21.9,216,16.7,16.2,15.3,0.0,0.0,0.1,15.0,67.0,0.0,0.0,0.0,216.0,0.0,99580.0
2025-03-10 21:00:00,28.2892173489369,25.3904415690017,0.0,2.30125,16.2,58,98,21.2,218,16.2,16.2,15.3,0.0,0.0,0.09,15.0,66.0,0.0,0.0,2.0,270.0,0.0,99680.0
2025-03-10 22:00:00,28.342931288092,25.384902211544,0.0,2.300595238095238,16.2,59,83,21.5,213,15.9,16.2,15.3,0.0,0.0,0.09,16.0,66.0,0.0,0.0,0.0,262.0,0.0,99680.0
2025-03-10 23:00:00,28.166570848636,25.3302668790218,0.0,2.2999404761904763,15.8,62,89,20.2,215,15.6,16.1,15.3,0.0,0.0,0.08,15.0,73.0,0.0,0.0,0.0,282.0,0.0,99700.0
2025-03-11 00:00:00,28.2062062546114,24.9951622945103,0.0,2.2992857142857144,15.9,63,90,21.6,216,15.5,16.1,15.3,0.0,0.0,0.08,17.0,59.0,0.0,0.0,4.0,258.0,0.0,99680.0
2025-03-11 01:00:00,28.2937101185273,25.0523818309585,0.0,2.2986309523809525,15.5,66,44,19.4,216,15.8,16.1,15.3,0.0,0.0,0.06,14.0,72.0,0.0,0.0,3.0,288.0,0.0,99670.0
2025-03-11 02:00:00,27.9892380965669,25.0302665712791,0.0,2.29797619047619,15.5,65,80,22.2,217,15.5,16.1,15.3,0.0,0.0,0.07,14.0,76.0,0.0,0.0,1.0,258.0,0.0,99690.0
2025-03-11 03:00:00,27.9801036157523,25.0772114114384,0.0,2.2973214285714283,15.8,65,89,24.5,219,15.4,16.0,15.3,0.0,0.0,0.08,14.0,77.0,0.0,0.0,2.0,245.0,0.0,99640.0
2025-03-11 04:00:00,28.0600635445759,25.1911903708121,0.0,2.2966666666666664,15.8,63,65,25.2,224,15.2,15.9,15.3,0.0,0.0,0.09,14.0,81.0,0.0,0.0,3.0,282.0,0.0,99580.0
2025-03-11 05:00:00,27.8659029336115,25.0931518782145,0.0,2.2960119047619045,15.6,63,67,24.5,224,15.1,15.9,15.3,0.0,0.0,0.08,15.0,76.0,0.0,0.0,2.0,270.0,0.0,99570.0
2025-03-11 06:00:00,28.0125583587475,24.9068917290679,0.0,2.2953571428571427,15.9,62,72,24.1,224,15.1,15.8,15.3,0.0,0.0,0.09,16.0,58.0,0.0,0.0,4.0,240.0,0.0,99570.0
2025-03-11 07:00:00,28.1000525494709,25.0684573192116,0.0,2.2947023809523808,16.7,59,27,27.8,224,15.2,15.8,15.3,0.0,0.0,0.13,15.0,67.0,376.0,0.0,3.0,318.0,0.0,99610.0
2025-03-11 08:00:00,27.9404386330958,24.9273217841059,0.0,2.294047619047619,17.5,58,43,28.5,228,15.6,15.7,15.3,0.0,0.0,0.16,17.0,57.0,7092.0,0.0,7.0,239.0,0.0,99640.0
2025-03-11 09:00:00,28.1005405468513,24.7108408616854,0.0,2.293392857142857,18.4,57,25,27.4,225,16.3,15.7,15.3,0.0,0.0,0.23,17.0,59.0,14318.0,1.0,4.0,258.0,0.0,99690.0
2025-03-11 10:00:00,27.8988285676473,24.7831085011546,0.0,2.292738095238095,19.4,55,100,24.3,226,17.2,15.8,15.3,0.0,0.0,0.29,20.0,48.0,53335.0,2.0,8.0,264.0,0.0,99670.0
2025-03-11 11:00:00,27.8621216235012,24.9108689290279,0.0,2.2920833333333333,18.9,57,100,20.9,225,17.3,15.9,15.4,0.0,0.0,0.2,21.0,48.0,75688.0,5.0,5.0,212.0,0.0,99650.0
2025-03-11 12:00:00,28.0462853138901,24.8615479496936,0.0,2.2914285714285714,18.9,59,100,17.1,225,17.4,16.0,15.4,0.0,0.0,0.17,21.0,46.0,22259.0,2.0,5.0,228.0,0.0,99590.0
2025-03-11 13:00:00,27.8157947967657,24.7308819544689,0.0,2.2907738095238095,20.2,49,100,18.7,223,17.9,16.1,15.4,0.0,0.0,0.21,21.0,49.0,32398.0,2.0,6.0,218.0,0.0,99560.0
2025-03-11 14:00:00,27.7751922529308,24.817520788815,0.0,2.2901190476190476,18.7,61,98,15.9,234,17.7,16.2,15.4,0.4,0.4,0.18,22.0,48.0,70051.0,5.0,7.0,258.0,0.0,99490.0
2025-03-11 15:00:00,27.934977272763,24.5409261574333,0.0,2.2894642857142857,18.2,66,100,25.5,226,17.5,16.3,15.4,1.4,1.4,0.2,20.0,59.0,13080.0,1.0,4.0,245.0,0.0,99460.0
2025-03-11 16:00:00,27.5523854397603,24.4122843661164,0.0,2.288809523809524,16.7,75,100,17.9,221,16.5,16.3,15.4,2.7,2.7,0.09,18.5,68.5,12787.0,1.0,3.5,247.5,0.5,99455.0
2025-03-11 17:00:00,27.7751851213769,24.606871306138,0.0,2.288154761904762,17.0,72,100,18.1,228,16.1,16.3,15.4,1.9,1.9,0.1,17.0,78.0,12494.0,1.0,3.0,250.0,1.0,99450.0
2025-03-11 18:00:00,27.7968564363513,24.7119643563899,0.0,2.2874999999999996,15.6,85,100,24.4,237,15.5,16.3,15.4,1.5,1.5,0.05,17.0,78.0,5542.0,0.0,4.0,258.0,0.0,99480.0
2025-03-11 19:00:00,27.6239158195648,24.5017165004751,0.0,2.2868452380952378,15.1,86,100,19.0,230,15.1,16.2,15.4,2.3,2.3,0.04,14.0,89.0,1883.0,0.0,2.0,335.0,0.0,99570.0
2025-03-11 20:00:00,27.4537339700099,24.598434232298,0.0,2.286190476190476,15.8,78,99,20.9,217,14.9,16.1,15.4,0.2,0.2,0.04,15.0,92.0,0.0,0.0,0.0,198.0,1.0,99600.0
2025-03-11 21:00:00,27.5669053728449,24.4498072057406,0.0,2.285535714285714,15.7,78,100,16.7,225,14.8,16.0,15.4,0.0,0.0,0.03,15.0,93.0,0.0,0.0,1.0,6.0,1.0,99600.0
2025-03-11 22:00:00,27.5019618536257,24.6007914875053,0.0,2.284880952380952,15.6,76,0,16.4,227,14.7,15.9,15.4,0.0,0.0,0.03,14.0,93.0,0.0,0.0,0.0,222.0,0.0,99680.0
2025-03-11 23:00:00,27.4700288183115,24.4747802354404,0.0,2.2842261904761902,14.0,84,17,10.3,230,14.3,15.8,15.4,0.0,0.0,0.01,14.0,93.0,0.0,0.0,2.0,292.0,0.0,99680.0
2025-03-12 00:00:00,27.6384964574275,24.4313163396445,0.0,2.2835714285714284,13.5,85,15,11.3,230,14.0,15.6,15.4,0.0,0.0,0.01,15.0,92.0,0.0,0.0,2.0,312.0,0.0,99700.0
2025-03-12 01:00:00,27.450095174075,24.5534086448937,0.0,2.2829166666666665,12.9,90,18,6.5,249,14.2,15.9,15.4,0.0,0.0,0.0,14.0,94.0,0.0,0.0,1.0,276.0,0.0,99700.0
2025-03-12 02:00:00,27.6139235574159,24.4779485312418,0.0,2.2822619047619046,12.7,89,26,8.0,226,13.7,15.8,15.4,0.0,0.0,0.0,14.0,94.0,0.0,0.0,0.0,205.0,0.0,99700.0
2025-03-12 03:00:00,27.6309821963764,24.5494528876281,0.0,2.2816071428571427,12.4,86,25,9.3,227,13.3,15.6,15.4,0.0,0.0,0.0,13.0,94.0,0.0,0.0,0.0,210.0,0.0,99700.0
2025-03-12 04:00:00,27.4584996838625,24.5442978527078,0.0,2.280952380952381,12.1,84,34,8.7,225,13.0,15.4,15.5,0.0,0.0,0.0,13.0,95.0,0.0,0.0,0.0,252.0,0.0,99690.0
2025-03-12 05:00:00,27.5329094258811,24.452621105436,0.0,2.280297619047619,11.3,88,31,6.6,236,12.6,15.3,15.5,0.0,0.0,0.0,14.0,93.0,0.0,0.0,0.0,198.0,0.0,99690.0
2025-03-12 06:00:00,27.6320783383977,24.4370908477784,0.0,2.279642857142857,11.1,89,40,5.8,232,12.3,15.1,15.5,0.0,0.0,0.0,13.0,89.0,0.0,0.0,0.0,216.0,0.0,99700.0
2025-03-12 07:00:00,27.4140434581495,24.4595331628169,0.0,2.278988095238095,11.6,88,59,6.1,226,12.2,14.9,15.4,0.0,0.0,0.02,12.0,90.0,0.0,0.0,1.0,169.0,0.0,99740.0
2025-03-12 08:00:00,27.5093938994124,24.4347377981117,0.0,2.2783333333333333,14.0,83,78,6.7,226,13.0,14.8,15.4,0.1,0.1,0.06,12.0,86.0,1284.0,0.0,0.0,228.0,0.0,99770.0
2025-03-12 09:00:00,27.5225775162864,24.4976376066313,0.0,2.2776785714285714,16.1,73,98,6.7,222,14.3,14.7,15.4,0.0,0.0,0.16,14.0,84.0,10374.0,0.0,2.0,276.0,0.0,99840.0
2025-03-12 10:00:00,27.5906214192025,24.2416339490558,0.0,2.2770238095238096,17.8,64,100,11.0,219,15.8,14.7,15.4,0.0,0.0,0.27,16.0,77.0,39897.0,2.0,3.0,258.0,0.0,99880.0
2025-03-12 11:00:00,27.4582017305136,24.4593714795281,0.0,2.2763690476190472,18.9,55,100,16.0,238,16.8,14.9,15.4,0.0,0.0,0.3,17.0,70.0,81003.0,7.0,3.0,312.0,0.0,99880.0
2025-03-12 12:00:00,27.5122810483133,24.2404836612695,0.0,2.2757142857142854,19.9,53,99,14.0,237,17.6,15.0,15.4,0.0,0.0,0.32,18.0,65.0,54543.0,4.0,3.0,284.0,0.0,99880.0
2025-03-12 13:00:00,27.4120638398101,24.3013466015603,0.0,2.2750595238095235,21.3,46,100,11.5,268,18.6,15.3,15.4,0.0,0.0,0.28,19.0,62.0,75806.0,6.0,4.0,292.0,0.0,99800.0
2025-03-12 14:00:00,27.5723053634085,24.2423553516346,0.0,2.2744047619047616,20.1,50,99,9.3,249,18.7,15.5,15.4,0.0,0.0,0.23,20.0,60.0,65355.0,5.0,2.0,270.0,0.0,99680.0
2025-03-12 15:00:00,27.3503003748417,24.3602416719479,0.0,2.2737499999999997,20.5,54,100,9.9,239,19.2,15.7,15.4,0.0,0.0,0.29,20.0,61.0,55956.0,4.0,4.0,294.0,0.0,99580.0
2025-03-12 16:00:00,27.4072653100409,24.331118257745,0.0,2.273095238095238,20.2,57,100,9.6,263,19.0,15.9,15.4,0.0,0.0,0.19,20.0,57.0,11013.0,1.0,3.0,274.0,0.0,99520.0
2025-03-12 17:00:00,27.480923115302,24.2576001043171,0.0,2.272440476190476,17.9,76,99,3.2,288,18.2,16.1,15.4,0.4,0.4,0.08,17.0,68.0,17012.0,1.0,3.0,30.0,0.0,99510.0
2025-03-12 18:00:00,27.3745086986322,24.4076189107395,0.0,2.271785714285714,16.0,87,79,2.7,280,17.4,16.2,15.4,0.0,0.0,0.03,16.0,76.0,7647.0,0.0,2.0,48.0,0.0,99510.0
2025-03-12 19:00:00,27.2201046593229,24.2006176108216,0.0,2.271130952380952,14.8,89,57,1.3,234,16.2,16.2,15.5,0.0,0.0,0.02,16.0,79.0,3420.0,0.0,2.0,132.0,0.0,99500.0
2025-03-12 20:00:00,27.5029799724313,24.1285592738774,0.0,2.2704761904761903,14.2,88,29,3.6,232,15.3,16.2,15.5,0.0,0.0,0.0,15.0,86.0,0.0,0.0,0.0,349.0,0.0,99610.0
2025-03-12 21:00:00,27.4051118206477,24.3159862626831,0.0,2.2698214285714284,13.7,86,41,3.5,241,14.6,16.1,15.5,0.0,0.0,0.0,15.0,81.0,0.0,0.0,2.0,228.0,0.0,99480.0
2025-03-12 22:00:00,27.391891654317,24.317446563912,0.0,2.2691666666666666,13.4,87,63,0.5,226,14.0,15.9,15.5,0.0,0.0,0.0,16.0,80.0,0.0,0.0,2.0,290.0,0.0,99560.0
2025-03-12 23:00:00,27.3493202514686,24.06428570659,0.0,2.2685119047619047,13.6,83,31,8.1,217,13.5,15.8,15.5,0.0,0.0,0.0,15.0,81.0,0.0,0.0,2.0,252.0,0.0,99550.0
2025-03-13 00:00:00,27.5399513896189,24.2280083117667,0.0,2.267857142857143,15.3,72,37,13.5,228,13.6,15.6,15.5,0.0,0.0,0.03,15.0,84.0,0.0,0.0,0.0,222.0,0.0,99530.0
2025-03-13 01:00:00,27.331879461674,24.1670137774359,0.0,2.267202380952381,16.2,67,99,20.4,224,15.2,15.7,15.5,0.0,0.0,0.07,17.0,66.0,0.0,0.0,4.0,216.0,0.0,99430.0
2025-03-13 02:00:00,27.1240129581228,24.1449032315384,0.0,2.266547619047619,16.5,67,51,19.7,224,15.2,15.7,15.5,0.0,0.0,0.07,15.0,83.0,0.0,0.0,2.0,314.0,0.0,99400.0
2025-03-13 03:00:00,27.4006807730799,24.301021548247,0.0,2.265892857142857,16.5,66,93,22.8,220,15.1,15.7,15.5,0.0,0.0,0.08,14.0,85.0,0.0,0.0,1.0,192.0,0.0,99330.0
2025-03-13 04:00:00,27.3675655998255,24.2507861825997,0.0,2.265238095238095,16.1,67,91,14.7,205,15.1,15.6,15.5,0.0,0.0,0.05,14.0,85.0,0.0,0.0,2.0,222.0,0.0,99190.0
2025-03-13 05:00:00,27.3912322097956,24.1194538308797,0.0,2.264583333333333,16.1,66,60,13.2,210,15.1,15.6,15.5,0.0,0.0,0.05,14.0,86.0,0.0,0.0,3.0,245.0,0.0,99130.0
2025-03-13 06:00:00,27.3308242680355,24.3493950653674,0.0,2.263928571428571,15.4,71,26,11.2,227,14.9,15.5,15.5,0.0,0.0,0.03,13.0,90.0,0.0,0.0,2.0,303.0,3.0,99030.0
2025-03-13 07:00:00,27.2576401430955,24.2006377497024,0.0,2.263273809523809,14.3,78,30,8.7,222,14.5,15.5,15.5,0.0,0.0,0.03,13.0,91.0,0.0,0.0,2.0,185.0,0.0,99010.0
2025-03-13 08:00:00,27.1272640924221,24.2767387244699,0.0,2.2626190476190473,16.8,71,17,12.3,221,15.0,15.4,15.5,0.0,0.0,0.09,14.0,87.0,474.0,0.0,2.0,270.0,0.0,99000.0
2025-03-13 09:00:00,27.0194124701972,24.0729534212885,0.0,2.2619642857142854,19.5,58,37,17.0,225,16.1,15.5,15.5,0.0,0.0,0.23,14.0,86.0,7456.0,0.0,1.0,206.0,0.0,99080.0
2025-03-13 10:00:00,27.2394469501045,24.1924850202453,0.0,2.2613095238095235,20.8,53,18,21.2,220,17.4,15.5,15.5,0.0,0.0,0.33,16.0,81.0,25972.0,1.0,2.0,279.0,0.0,99070.0
2025-03-13 11:00:00,27.1714016989839,24.385665743343,0.0,2.2606547619047617,21.5,48,27,25.7,227,18.6,15.7,15.5,0.0,0.0,0.42,18.0,72.0,19183.0,1.0,1.0,240.0,0.0,99020.0
2025-03-13 12:00:00,27.1626707481896,23.9602105226452,0.0,2.26,21.3,44,43,35.6,237,19.3,15.9,15.5,0.1,0.1,0.46,21.0,54.0,64659.0,5.0,7.0,282.0,0.0,98960.0
2025-03-13 13:00:00,27.1684829463167,24.1207783289796,0.0,2.257738095238095,21.2,50,13,33.7,230,19.4,16.0,15.5,0.1,0.1,0.43,20.0,59.0,47113.0,3.0,4.0,246.0,0.0,98900.0
2025-03-13 14:00:00,27.1249662354008,24.0895056548817,0.0,2.25547619047619,22.3,41,26,34.2,236,20.0,16.3,15.5,0.0,0.0,0.49,21.0,50.0,34946.0,2.0,6.0,252.0,0.0,98850.0
2025-03-13 15:00:00,27.1145789133653,23.8520237789872,0.0,2.2532142857142854,22.0,42,43,28.8,243,20.2,16.5,15.5,0.1,0.1,0.43,21.0,52.0,64382.0,5.0,6.0,258.0,0.0,98820.0
2025-03-13 16:00:00,27.0625876621958,23.9311356635954,0.0,2.2509523809523806,20.5,45,1,19.1,244,19.9,16.7,15.5,0.2,0.2,0.31,21.0,46.0,22859.0,1.0,8.0,250.0,0.0,98830.0
2025-03-13 17:00:00,27.3509498738644,23.9508459551496,0.0,2.248690476190476,19.9,48,6,12.5,250,19.3,16.9,15.5,0.0,0.0,0.2,20.0,55.0,15344.0,1.0,2.0,256.0,0.0,98820.0
2025-03-13 18:00:00,27.1065195826569,23.7446507811487,0.0,2.246428571428571,16.8,62,5,5.8,239,18.2,17.0,15.5,0.0,0.0,0.06,21.0,47.0,14245.0,1.0,7.0,260.0,0.0,98890.0
2025-03-13 19:00:00,26.9250557905923,24.0515304374992,0.0,2.2441666666666666,15.4,63,7,1.4,235,16.8,17.0,15.5,0.0,0.0,0.02,19.0,49.0,2397.0,0.0,2.0,291.0,0.0,98880.0
2025-03-13 20:00:00,27.1266066737621,23.8550571823113,0.0,2.241904761904762,14.2,67,4,0.6,232,15.6,16.9,15.5,0.0,0.0,0.0,16.0,61.0,0.0,0.0,0.0,173.0,0.0,98950.0
2025-03-13 21:00:00,27.1581182749716,24.1483908977505,0.0,2.239642857142857,12.8,72,7,3.4,167,14.7,16.7,15.6,0.0,0.0,0.0,17.0,55.0,0.0,0.0,1.0,211.0,0.0,99000.0
2025-03-13 22:00:00,26.8669084083378,23.8052871557858,0.0,2.2373809523809522,11.6,77,5,3.1,180,14.0,16.6,15.6,0.0,0.0,0.0,15.0,64.0,0.0,0.0,0.0,151.0,0.0,98990.0
2025-03-13 23:00:00,27.2255480446365,23.7435333205622,0.0,2.2351190476190474,11.3,78,10,5.3,193,13.4,16.4,15.6,0.0,0.0,0.0,13.0,70.0,0.0,0.0,0.0,163.0,0.0,98980.0
2025-03-14 00:00:00,27.1052270008925,23.8069139129641,0.0,2.2328571428571427,10.8,81,13,7.9,202,13.1,16.1,15.6,0.0,0.0,0.0,11.0,80.0,0.0,0.0,2.0,162.0,0.0,98940.0
2025-03-14 01:00:00,27.0185577819026,23.7994222027297,0.0,2.230595238095238,11.4,84,42,6.4,187,13.7,16.1,15.6,0.0,0.0,0.0,11.0,81.0,0.0,0.0,0.0,169.0,0.0,98890.0
2025-03-14 02:00:00,26.9624159804989,23.7752945398515,0.0,2.228333333333333,10.6,89,94,8.3,212,13.3,16.0,15.6,0.0,0.0,0.0,11.0,82.0,0.0,0.0,0.0,192.0,0.0,98880.0
2025-03-14 03:00:00,26.9706606289167,23.8894163459347,0.0,2.2260714285714283,10.9,87,66,6.2,205,13.2,15.8,15.6,0.0,0.0,0.0,11.0,81.0,0.0,0.0,1.0,258.0,0.0,98850.0
2025-03-14 04:00:00,26.8937024007619,23.8217049770968,0.0,2.2238095238095235,11.3,85,97,3.6,255,13.0,15.6,15.6,0.0,0.0,0.0,11.0,83.0,0.0,0.0,0.0,228.0,0.0,98800.0
2025-03-14 05:00:00,26.8841536549653,23.7861422153213,0.0,2.2215476190476187,11.4,86,100,4.2,228,12.9,15.4,15.6,0.0,0.0,0.0,12.0,81.0,0.0,0.0,1.0,258.0,0.0,98850.0
2025-03-14 06:00:00,26.8578395945312,23.7702244670092,0.0,2.219285714285714,13.0,74,50,10.4,204,12.9,15.3,15.6,0.0,0.0,0.02,11.0,89.0,0.0,0.0,0.0,54.0,3.0,98810.0
2025-03-14 07:00:00,26.9601807121572,23.8244660592913,0.0,2.2170238095238095,13.7,67,39,27.4,225,12.9,15.1,15.6,0.5,0.5,0.09,14.0,70.0,0.0,0.0,4.0,246.0,0.0,98830.0
2025-03-14 08:00:00,26.927863715285,23.7850926855925,0.0,2.2147619047619047,15.0,60,19,33.8,223,13.3,15.0,15.6,0.0,0.0,0.15,14.0,58.0,2808.0,0.0,6.0,240.0,0.0,98860.0
2025-03-14 09:00:00,26.9088938404271,23.753173195873,0.0,2.2125,16.6,54,10,30.7,223,14.4,14.9,15.6,0.0,0.0,0.24,16.0,53.0,17808.0,1.0,8.0,252.0,0.0,98880.0
2025-03-14 10:00:00,26.8659107957009,23.7108720820742,0.0,2.210238095238095,17.9,48,46,33.2,229,15.6,15.0,15.6,0.0,0.0,0.34,17.0,52.0,44542.0,4.0,7.0,216.0,0.0,98960.0
2025-03-14 11:00:00,26.8231787112905,23.6216596502085,0.0,2.2079761904761903,18.8,44,21,35.8,230,16.9,15.1,15.6,0.0,0.0,0.42,18.0,43.0,68628.0,5.0,9.0,249.0,0.0,98950.0
2025-03-14 12:00:00,26.745894210985,23.5479447471568,0.0,2.2057142857142855,19.1,44,29,36.5,227,17.7,15.2,15.6,0.0,0.0,0.42,19.0,42.0,85757.0,7.0,10.0,256.0,0.0,98930.0
2025-03-14 13:00:00,26.8640924122871,23.5006167508514,0.0,2.2034523809523807,20.0,39,50,36.7,241,18.8,15.6,15.6,0.0,0.0,0.46,20.0,40.0,96149.0,6.0,8.0,259.0,0.0,98930.0
2025-03-14 14:00:00,26.5594027760762,23.3943457793122,0.0,2.201190476190476,20.3,41,80,33.6,245,19.2,15.8,15.6,0.1,0.1,0.45,20.0,42.0,44391.0,3.0,10.0,250.0,0.0,98920.0
2025-03-14 15:00:00,26.8033537959817,23.5353480124174,0.0,2.198928571428571,19.6,42,91,28.3,248,19.2,16.0,15.6,0.1,0.1,0.37,20.0,45.0,29102.0,2.0,5.0,232.0,0.0,98900.0
2025-03-14 16:00:00,26.6016239977967,23.417237220693,0.0,2.1966666666666663,18.5,47,70,19.2,258,18.8,16.2,15.6,0.0,0.0,0.25,19.0,44.0,32820.0,1.0,8.0,293.0,0.0,98990.0
2025-03-14 17:00:00,26.8306694514891,23.4568418808422,0.0,2.1944047619047615,17.7,50,87,15.7,249,18.3,16.3,15.6,0.0,0.0,0.19,19.0,45.0,42871.0,2.0,6.0,238.0,0.0,99060.0
2025-03-14 18:00:00,26.6815194881812,23.5135992881499,0.0,2.1921428571428567,16.2,55,99,10.1,245,17.4,16.4,15.6,0.0,0.0,0.09,16.0,64.0,9409.0,1.0,4.0,288.0,0.0,99190.0
2025-03-14 19:00:00,26.7468964927944,23.2345093678618,0.0,2.1898809523809524,15.1,58,100,13.5,237,16.5,16.4,15.6,0.0,0.0,0.08,17.0,53.0,863.0,0.0,3.0,258.0,0.0,99290.0
2025-03-14 20:00:00,26.7294368987285,23.472523915241,0.0,2.1876190476190476,14.4,60,93,16.6,233,15.8,16.4,15.6,0.0,0.0,0.06,15.0,59.0,0.0,0.0,2.0,264.0,0.0,99370.0
2025-03-14 21:00:00,26.7531113983084,23.3851413714438,0.0,2.1853571428571428,13.8,64,54,17.1,233,15.3,16.3,15.6,0.0,0.0,0.06,15.0,62.0,0.0,0.0,3.0,246.0,0.0,99500.0
2025-03-14 22:00:00,26.7224736731452,23.42609011536,0.0,2.183095238095238,12.7,69,5,11.3,243,14.7,16.2,15.6,0.0,0.0,0.03,14.0,79.0,0.0,0.0,0.0,324.0,0.0,99600.0
2025-03-14 23:00:00,26.4674649640541,23.2270247141594,0.0,2.180833333333333,12.3,72,2,14.2,231,14.1,16.1,15.6,0.0,0.0,0.03,13.0,84.0,0.0,0.0,0.0,152.0,0.0,99650.0
2025-03-15 00:00:00,26.599863586068,23.3357070567793,0.0,2.1785714285714284,12.6,68,3,20.6,220,13.8,15.9,15.6,0.0,0.0,0.05,12.0,83.0,0.0,0.0,2.0,329.0,0.0,99720.0
2025-03-15 01:00:00,26.5999217129227,23.2527740827019,0.0,2.1763095238095236,12.3,77,22,14.3,224,13.9,15.7,15.6,0.2,0.2,0.02,14.0,71.0,0.0,0.0,2.0,282.0,0.0,99750.0
2025-03-15 02:00:00,26.4306756471095,23.4406285384305,0.0,2.174047619047619,12.4,68,17,16.9,223,13.3,15.6,15.6,0.0,0.0,0.05,12.0,81.0,0.0,0.0,0.0,276.0,0.0,99820.0
2025-03-15 03:00:00,26.6495982988466,23.2424578925221,0.0,2.171785714285714,12.1,68,7,15.2,222,13.0,15.4,15.6,0.0,0.0,0.04,11.0,81.0,0.0,0.0,1.0,252.0,0.0,99840.0
2025-03-15 04:00:00,26.6596971615652,23.4445935690987,0.0,2.169523809523809,11.3,72,8,12.4,224,12.6,15.2,15.6,0.0,0.0,0.03,12.0,78.0,0.0,0.0,2.0,276.0,0.0,99890.0
2025-03-15 05:00:00,26.5200769499447,23.4822437787266,0.0,2.1672619047619044,11.2,74,8,11.7,223,12.3,15.1,15.6,0.0,0.0,0.02,12.0,79.0,0.0,0.0,2.0,288.0,0.0,99920.0
2025-03-15 06:00:00,26.4205193784778,23.4263757106503,0.0,2.1649999999999996,11.2,74,3,13.8,220,12.2,14.9,15.6,0.0,0.0,0.03,12.0,77.0,0.0,0.0,2.0,285.0,0.0,100000.0
2025-03-15 07:00:00,26.6099271946375,23.2236354467882,0.0,2.1627380952380952,11.7,73,4,13.8,220,12.1,14.8,15.6,0.0,0.0,0.05,12.0,76.0,0.0,0.0,2.0,270.0,0.0,100100.0
2025-03-15 08:00:00,26.4436968836561,23.3119062252169,0.0,2.1604761904761904,13.8,68,19,13.6,227,12.8,14.6,15.6,0.0,0.0,0.1,11.0,80.0,5357.0,0.0,0.0,264.0,0.0,100180.0
2025-03-15 09:00:00,26.7004140942285,23.2184791453901,0.0,2.1582142857142856,15.4,62,26,15.5,245,14.0,14.6,15.6,0.0,0.0,0.19,14.0,71.0,27427.0,1.0,4.0,312.0,0.0,100280.0
2025-03-15 10:00:00,26.4769831587643,23.1863249705653,0.0,2.155952380952381,16.7,56,34,16.0,254,15.4,14.6,15.6,0.2,0.2,0.29,15.0,59.0,63777.0,4.0,6.0,276.0,0.0,100370.0
2025-03-15 11:00:00,26.2821144069763,23.2587161176747,0.0,2.153690476190476,17.4,56,35,15.4,258,16.5,14.7,15.6,0.0,0.0,0.33,16.0,58.0,20804.0,1.0,2.0,288.0,0.0,100440.0
2025-03-15 12:00:00,26.4189456443682,23.170415505757,0.0,2.1514285714285712,18.5,52,89,12.2,266,17.9,14.9,15.6,0.1,0.1,0.42,17.0,54.0,22640.0,1.0,2.0,258.0,0.0,100450.0
2025-03-15 13:00:00,26.4087045616596,23.2759127087232,0.0,2.1491666666666664,16.5,66,60,10.6,327,18.4,15.3,15.6,1.8,1.8,0.37,15.0,68.0,15908.0,1.0,3.0,343.0,0.0,100460.0
2025-03-15 14:00:00,26.3536408002299,23.0505232525344,0.0,2.1469047619047616,16.1,65,94,10.0,336,17.9,15.4,15.6,4.7,4.7,0.31,16.0,64.0,76790.0,6.0,3.0,10.0,0.0,100410.0
2025-03-15 15:00:00,26.5865863374812,23.23959564583,0.0,2.144642857142857,15.5,68,35,9.9,18,17.5,15.6,15.6,0.1,0.1,0.22,16.0,65.0,65710.0,4.0,5.0,6.0,0.0,100400.0
2025-03-15 16:00:00,26.4181923061023,23.0911348196329,0.0,2.142380952380952,15.9,66,49,5.4,349,17.7,15.7,15.6,0.0,0.0,0.22,16.0,68.0,20723.0,1.0,4.0,10.0,0.0,100450.0
2025-03-15 17:00:00,26.3476504773629,23.1440977189989,0.0,2.1401190476190473,15.5,67,86,6.8,318,17.3,15.8,15.6,0.0,0.0,0.13,15.0,70.0,23595.0,1.0,3.0,1.0,0.0,100500.0
2025-03-15 18:00:00,26.3612220385622,23.057814094184,0.0,2.1378571428571425,14.3,77,86,1.2,320,16.5,15.9,15.6,0.0,0.0,0.03,15.0,68.0,6939.0,0.0,4.0,324.0,0.0,100540.0
2025-03-15 19:00:00,26.4369119813957,23.0281833630851,0.0,2.135595238095238,13.1,80,73,3.4,184,15.5,15.9,15.6,0.0,0.0,0.02,15.0,71.0,584.0,0.0,0.0,324.0,0.0,100600.0
2025-03-15 20:00:00,26.2321797673094,23.0355014041367,0.0,2.1333333333333333,12.8,86,43,5.8,191,14.9,15.8,15.6,0.0,0.0,0.0,13.0,77.0,0.0,0.0,0.0,172.0,0.0,100680.0
2025-03-15 21:00:00,26.5648804603687,22.9462661801751,0.0,2.1310714285714285,11.8,87,38,6.0,203,14.2,15.8,15.6,0.0,0.0,0.0,12.0,81.0,0.0,0.0,0.0,204.0,0.0,100740.0
2025-03-15 22:00:00,26.3676116896736,23.0722765345056,0.0,2.1288095238095237,11.2,80,22,7.3,212,13.6,15.6,15.6,0.0,0.0,0.0,10.0,84.0,0.0,0.0,0.0,174.0,0.0,100760.0
2025-03-15 23:00:00,26.2086091622904,23.196014518034,0.0,2.126547619047619,10.7,77,14,7.4,217,13.0,15.5,15.6,0.0,0.0,0.01,10.0,85.0,0.0,0.0,0.0,228.0,0.0,100840.0
2025-03-16 00:00:00,26.507687438372,22.9312765857679,0.0,2.124285714285714,10.0,79,7,5.8,226,12.5,15.3,15.6,0.0,0.0,0.0,9.0,86.0,0.0,0.0,0.0,192.0,0.0,100830.0
2025-03-16 01:00:00,26.345471732527,23.0325526055921,0.0,2.1220238095238093,9.5,86,27,3.1,244,12.4,15.1,15.6,0.0,0.0,0.0,8.0,88.0,0.0,0.0,1.0,186.0,0.0,100810.0
2025-03-16 02:00:00,26.4062629132044,23.1313831218264,0.0,2.1197619047619045,9.0,89,94,4.0,200,11.9,14.9,15.6,0.0,0.0,0.0,8.0,86.0,0.0,0.0,0.0,198.0,0.0,100830.0
2025-03-16 03:00:00,26.3350593147543,23.1236758174242,0.0,2.1174999999999997,8.3,92,7,4.5,183,11.5,14.7,15.6,0.0,0.0,0.0,7.0,91.0,0.0,0.0,0.0,198.0,0.0,100810.0
2025-03-16 04:00:00,26.1902717802823,23.1630687906518,0.0,2.115238095238095,8.0,93,87,6.5,201,11.1,14.5,15.6,0.0,0.0,0.0,6.0,90.0,0.0,0.0,1.0,174.0,0.0,100740.0
2025-03-16 05:00:00,26.2932937222981,23.0063596115593,0.0,2.11297619047619,8.2,89,54,7.3,216,10.8,14.3,15.6,0.0,0.0,0.0,7.0,93.0,0.0,0.0,0.0,186.0,0.0,100730.0
2025-03-16 06:00:00,26.1161896666225,22.9783516368506,0.0,2.1107142857142853,8.6,85,72,7.8,210,10.6,14.1,15.6,0.0,0.0,0.0,7.0,91.0,0.0,0.0,1.0,210.0,0.0,100750.0
2025-03-16 07:00:00,26.1922011185622,22.9235095899171,0.0,2.108452380952381,10.4,78,29,11.6,213,10.6,13.9,15.6,0.0,0.0,0.03,9.0,84.0,331.0,0.0,1.0,210.0,0.0,100770.0
2025-03-16 08:00:00,26.3385266875229,23.1218984815012,0.0,2.106190476190476,14.1,66,0,14.6,220,11.7,13.7,15.6,0.0,0.0,0.11,10.0,85.0,7197.0,0.0,1.0,216.0,0.0,100780.0
2025-03-16 09:00:00,26.2319390437044,23.0773966182949,0.0,2.1039285714285714,16.7,58,16,19.4,230,13.3,13.7,15.5,0.0,0.0,0.23,12.0,81.0,26018.0,1.0,3.0,270.0,0.0,100840.0
2025-03-16 10:00:00,26.1114315151618,23.0791642351069,0.0,2.1016666666666666,17.9,53,13,20.5,237,14.9,13.8,15.5,0.0,0.0,0.33,15.0,70.0,49975.0,4.0,4.0,294.0,0.0,100870.0
2025-03-16 11:00:00,26.1138733409535,22.8404706237786,0.0,2.0994047619047618,18.8,48,13,20.2,240,16.4,13.9,15.5,0.0,0.0,0.42,17.0,59.0,74541.0,7.0,3.0,278.0,0.0,100840.0
2025-03-16 12:00:00,26.1481793281698,22.7449140073088,0.0,2.097142857142857,19.7,45,58,20.2,244,17.6,14.2,15.5,0.0,0.0,0.46,19.0,44.0,88248.0,8.0,5.0,267.0,0.0,100790.0
2025-03-16 13:00:00,26.2616291672839,22.972240018659,0.0,2.094880952380952,20.5,43,44,18.2,250,18.5,14.3,15.5,0.0,0.0,0.43,20.0,40.0,92540.0,7.0,7.0,253.0,0.0,100730.0
2025-03-16 14:00:00,26.2656237747306,22.9341600097574,0.0,2.0926190476190474,20.7,41,74,12.6,270,19.1,14.6,15.5,0.0,0.0,0.42,20.0,40.0,90068.0,5.0,5.0,272.0,0.0,100670.0
2025-03-16 15:00:00,26.1761452023346,22.798344177426,0.0,2.0903571428571426,19.5,48,53,11.4,339,19.4,14.9,15.5,0.0,0.0,0.36,19.0,45.0,16604.0,2.0,5.0,24.0,0.0,100630.0
2025-03-16 16:00:00,25.9832018514004,22.8481570711109,0.0,2.088095238095238,17.8,52,4,14.8,13,19.0,15.2,15.5,0.0,0.0,0.27,18.0,49.0,49171.0,4.0,3.0,33.0,0.0,100630.0
2025-03-16 17:00:00,26.1557586009413,22.9705354357424,0.0,2.085833333333333,16.0,54,28,10.3,38,18.2,15.5,15.5,0.0,0.0,0.18,18.0,51.0,25561.0,1.0,4.0,43.0,0.0,100660.0
2025-03-16 18:00:00,26.1245309333682,22.8283311062406,0.0,2.083571428571428,14.2,68,1,4.6,75,16.9,15.6,15.5,0.0,0.0,0.05,17.0,54.0,5994.0,0.0,3.0,72.0,0.0,100730.0
2025-03-16 19:00:00,25.9588902207821,22.6478627924798,0.0,2.081309523809524,12.5,71,3,4.8,87,15.4,15.6,15.5,0.0,0.0,0.03,14.0,65.0,279.0,0.0,1.0,78.0,0.0,100720.0
2025-03-16 20:00:00,26.1702426960364,22.7217992648181,0.0,2.079047619047619,12.1,73,2,2.3,65,14.2,15.6,15.5,0.0,0.0,0.0,13.0,69.0,0.0,0.0,1.0,148.0,0.0,100730.0
2025-03-16 21:00:00,25.9753947676942,22.6086969600649,0.0,2.0767857142857142,12.1,72,3,1.0,52,13.3,15.4,15.5,0.0,0.0,0.0,12.0,71.0,0.0,0.0,2.0,104.0,0.0,100760.0
2025-03-16 22:00:00,25.8974090195591,22.6608790308404,0.0,2.0745238095238094,11.8,73,30,1.1,45,12.5,15.3,15.5,0.0,0.0,0.0,10.0,76.0,0.0,0.0,0.0,175.0,0.0,100740.0
2025-03-16 23:00:00,26.0716487696759,22.6272366191635,0.0,2.0722619047619046,11.1,75,32,1.9,81,11.9,15.1,15.5,0.0,0.0,0.0,9.0,78.0,0.0,0.0,1.0,174.0,0.0,100700.0
2025-03-17 00:00:00,26.0172781134,22.6685599475202,0.0,2.07,10.6,76,9,0.2,59,11.4,14.9,15.5,0.0,0.0,0.0,8.0,83.0,0.0,0.0,0.0,165.0,0.0,100670.0
2025-03-17 01:00:00,25.9027775160763,22.671376426766,0.0,2.067738095238095,9.8,80,20,3.5,205,12.2,14.7,15.5,0.0,0.0,0.0,9.0,83.0,0.0,0.0,0.0,192.0,0.0,100620.0
2025-03-17 02:00:00,26.004925332632,22.5946133510905,0.0,2.0654761904761902,9.0,85,83,4.3,224,11.7,14.6,15.5,0.0,0.0,0.0,10.0,83.0,0.0,0.0,1.0,246.0,0.0,100610.0
2025-03-17 03:00:00,26.0775483795548,22.6257279691009,0.0,2.0632142857142854,9.7,82,31,4.5,232,11.6,14.4,15.5,0.0,0.0,0.0,9.0,84.0,0.0,0.0,0.0,234.0,0.0,100520.0
2025-03-17 04:00:00,25.7604804202777,22.7405097038177,0.0,2.0609523809523806,9.1,85,70,3.2,207,11.3,14.2,15.5,0.0,0.0,0.0,10.0,81.0,0.0,0.0,0.0,192.0,0.0,100430.0
2025-03-17 05:00:00,25.9541337103764,22.6217436784137,0.0,2.058690476190476,9.5,83,83,3.2,228,11.2,14.1,15.5,0.0,0.0,0.0,11.0,78.0,0.0,0.0,2.0,179.0,0.0,100390.0
2025-03-17 06:00:00,25.9844638340729,22.5819962309386,0.0,2.056428571428571,9.4,84,12,1.5,297,11.0,13.9,15.5,0.0,0.0,0.0,11.0,76.0,0.0,0.0,1.0,192.0,0.0,100330.0
2025-03-17 07:00:00,25.9613446348151,22.6002107261749,0.0,2.0541666666666667,9.7,83,1,3.2,192,10.9,13.7,15.5,0.0,0.0,0.01,11.0,74.0,841.0,0.0,0.0,186.0,0.0,100290.0
2025-03-17 08:00:00,25.965590489968,22.6174930350204,0.0,2.051904761904762,13.7,78,0,4.9,220,11.9,13.6,15.4,0.0,0.0,0.08,13.0,70.0,8267.0,0.0,2.0,216.0,0.0,100300.0
2025-03-17 09:00:00,25.7660985062367,22.3520795241703,0.0,2.049642857142857,17.9,61,0,4.0,248,13.8,13.6,15.4,0.0,0.0,0.21,17.0,60.0,35272.0,2.0,4.0,329.0,0.0,100270.0
2025-03-17 10:00:00,25.8156798477083,22.4438066779722,0.0,2.0473809523809523,20.2,51,6,4.9,258,15.9,13.7,15.4,0.0,0.0,0.34,18.0,56.0,24048.0,2.0,3.0,273.0,0.0,100300.0
2025-03-17 11:00:00,25.8210727704421,22.5494815588098,0.0,2.0451190476190475,22.0,47,11,7.0,266,17.9,14.0,15.4,0.0,0.0,0.44,20.0,52.0,48258.0,4.0,2.0,264.0,0.0,100280.0
2025-03-17 12:00:00,25.7918724162306,22.5193886695965,0.0,2.0428571428571427,23.4,39,86,12.6,266,19.4,14.3,15.4,0.0,0.0,0.53,24.0,41.0,44606.0,4.0,3.0,271.0,0.0,100220.0
2025-03-17 13:00:00,25.8240704106131,22.6171675670771,0.0,2.040595238095238,24.7,35,9,11.1,260,20.7,14.7,15.4,0.0,0.0,0.56,23.0,33.0,39964.0,4.0,4.0,306.0,0.0,100140.0
2025-03-17 14:00:00,25.9775751220391,22.3508618167856,0.0,2.038333333333333,23.2,45,43,9.4,1,21.4,15.1,15.4,0.0,0.0,0.47,24.0,34.0,29140.0,3.0,3.0,289.0,0.0,100020.0
2025-03-17 15:00:00,25.6216634264146,22.062092442735,0.0,2.0360714285714283,21.3,54,46,16.0,40,21.3,15.5,15.4,0.0,0.0,0.37,24.0,34.0,21943.5,2.5,3.0,280.0,0.0,99975.0
2025-03-17 16:00:00,25.7864275602994,22.2210957918492,0.0,2.0338095238095235,19.8,55,41,12.6,31,20.7,15.8,15.4,0.0,0.0,0.26,24.0,34.0,14747.0,2.0,3.0,271.0,0.0,99930.0
2025-03-17 17:00:00,25.7007445670823,22.283148272421,0.0,2.0315476190476187,18.1,59,73,12.0,36,19.8,16.1,15.4,0.0,0.0,0.18,22.0,44.0,46853.0,3.0,5.0,30.0,0.0,99940.0
2025-03-17 18:00:00,25.7274652115966,22.4415627299711,0.0,2.029285714285714,16.5,67,75,7.3,70,18.5,16.3,15.4,0.0,0.0,0.06,20.0,46.0,14740.0,1.0,5.0,13.0,0.0,99980.0
2025-03-17 19:00:00,25.739210020735,22.2631383726521,0.0,2.0270238095238096,14.8,77,10,4.0,44,17.1,16.4,15.4,0.0,0.0,0.03,19.0,49.0,7678.0,0.0,2.0,96.0,0.0,100030.0
2025-03-17 20:00:00,25.9031888001102,22.2108401062405,0.0,2.0247619047619048,13.9,80,29,1.0,48,15.8,16.3,15.4,0.0,0.0,0.0,16.0,57.0,57.0,0.0,1.0,90.0,0.0,100080.0
2025-03-17 21:00:00,25.7219518216379,22.2751409477685,0.0,2.0225,13.2,81,1,1.5,53,14.8,16.2,15.4,0.0,0.0,0.0,15.0,65.0,0.0,0.0,0.0,42.0,0.0,100110.0
2025-03-17 22:00:00,25.9111054582392,22.2354656527965,0.0,2.020238095238095,12.6,82,5,3.6,229,14.0,16.1,15.4,0.0,0.0,0.0,13.0,74.0,0.0,0.0,0.0,86.0,0.0,100150.0
2025-03-17 23:00:00,25.6921079875766,22.2338409586118,0.0,2.0179761904761904,11.8,86,29,6.0,254,13.5,16.0,15.4,0.0,0.0,0.0,12.0,82.0,0.0,0.0,0.0,176.0,0.0,100150.0
2025-03-18 00:00:00,25.5720380090417,22.1988366683865,0.0,2.0157142857142856,11.3,87,29,5.0,259,13.1,15.8,15.4,0.0,0.0,0.0,11.0,86.0,0.0,0.0,0.0,188.0,0.0,100120.0
2025-03-18 01:00:00,25.6628413928609,22.1178406827554,0.0,2.0134523809523808,12.1,80,93,5.2,207,13.6,15.5,15.4,0.0,0.0,0.0,11.0,87.0,0.0,0.0,0.0,186.0,0.0,100110.0
2025-03-18 02:00:00,25.5642426846246,22.4050249035224,0.0,2.011190476190476,11.4,83,94,5.8,216,13.1,15.4,15.4,0.0,0.0,0.0,11.0,88.0,0.0,0.0,1.0,177.0,0.0,100080.0
2025-03-18 03:00:00,25.4655654337289,22.1014844007175,0.0,2.008928571428571,11.7,80,54,9.6,226,12.8,15.3,15.4,0.0,0.0,0.01,12.0,85.0,0.0,0.0,2.0,204.0,0.0,100020.0
2025-03-18 04:00:00,25.6444437258596,22.2283134103811,0.0,2.0066666666666664,14.5,67,53,16.0,222,13.0,15.1,15.4,0.0,0.0,0.05,11.0,90.0,0.0,0.0,1.0,167.0,0.0,100040.0
2025-03-18 05:00:00,25.6108290431879,22.1820053137498,0.0,2.0044047619047616,16.2,54,30,23.4,221,13.4,15.0,15.4,0.0,0.0,0.11,10.0,92.0,0.0,0.0,2.0,174.0,0.0,100050.0
2025-03-18 06:00:00,25.6740595963421,22.1522364115364,0.0,2.002142857142857,16.0,54,53,25.6,221,13.8,14.9,15.4,0.0,0.0,0.11,14.0,70.0,0.0,0.0,3.0,270.0,0.0,100000.0
2025-03-18 07:00:00,25.5949949486442,22.2122947612549,0.0,1.9998809523809522,15.9,57,92,30.4,218,14.1,14.9,15.4,0.0,0.0,0.13,16.0,57.0,0.0,0.0,4.0,264.0,0.0,100090.0
2025-03-18 08:00:00,25.2965512708709,22.1807445960877,0.0,1.9976190476190474,16.8,57,88,28.2,218,14.6,14.9,15.4,0.0,0.0,0.16,17.0,50.0,2876.0,0.0,5.0,232.0,0.0,100140.0
2025-03-18 09:00:00,25.3972088980011,22.2329342060761,0.0,1.9953571428571426,18.0,55,39,30.4,219,15.6,14.9,15.4,0.0,0.0,0.26,18.0,53.0,13548.0,0.0,4.0,245.0,0.0,100220.0
2025-03-18 10:00:00,25.6500612171143,22.0992148676597,0.0,1.993095238095238,19.3,49,2,26.9,225,16.8,15.0,15.4,0.0,0.0,0.36,19.0,50.0,19644.0,2.0,6.0,219.0,0.0,100310.0
2025-03-18 11:00:00,25.4292784381683,21.9672669621708,0.0,1.9908333333333332,20.3,47,13,23.8,237,18.1,15.1,15.4,0.0,0.0,0.44,20.0,48.0,65397.0,5.0,5.0,282.0,0.0,100380.0
2025-03-18 12:00:00,25.3113085318728,21.8979207472881,0.0,1.9885714285714284,21.5,44,27,23.3,245,19.2,15.4,15.4,0.0,0.0,0.48,21.0,44.0,80718.0,8.0,3.0,246.0,0.0,100400.0
2025-03-18 13:00:00,25.4782294842834,21.7343408385914,0.0,1.9863095238095236,22.2,42,27,14.6,263,20.3,15.7,15.4,0.0,0.0,0.47,22.0,39.0,87432.0,8.0,3.0,246.0,0.0,100350.0
2025-03-18 14:00:00,25.3764140923965,21.7263924103258,0.0,1.9840476190476188,21.6,44,39,10.3,308,20.7,16.0,15.4,0.0,0.0,0.4,23.0,37.0,104221.0,9.0,3.0,253.0,0.0,100340.0
2025-03-18 15:00:00,25.496877210645,21.8216304905714,0.0,1.981785714285714,20.0,60,37,14.2,354,20.8,16.3,15.4,0.0,0.0,0.31,19.0,67.0,81734.0,6.0,3.0,74.0,0.0,100310.0
2025-03-18 16:00:00,25.4105904766675,21.7840558823375,0.0,1.9795238095238095,18.9,63,5,13.5,44,20.5,16.5,15.4,0.0,0.0,0.26,20.0,61.0,64496.0,7.0,4.0,19.0,0.0,100300.0
2025-03-18 17:00:00,25.4061409438868,21.7947923121542,0.0,1.9772619047619047,18.2,65,1,11.0,63,19.8,16.7,15.4,0.0,0.0,0.17,20.0,61.0,42547.0,2.0,5.0,4.0,0.0,100300.0
2025-03-18 18:00:00,25.3814929275483,21.6040304247547,0.0,1.9749999999999999,16.4,75,1,8.5,33,18.7,16.8,15.5,0.0,0.0,0.06,19.0,61.0,18028.0,1.0,4.0,54.0,0.0,100390.0
2025-03-18 19:00:00,25.4545952538936,21.4394021707819,0.0,1.972738095238095,14.2,86,5,4.0,40,17.3,16.9,15.5,0.0,0.0,0.02,18.0,57.0,4240.0,0.0,3.0,30.0,0.0,100400.0
2025-03-18 20:00:00,25.4466205315006,21.512687173841,0.0,1.9704761904761903,13.3,88,2,5.2,76,16.1,16.8,15.5,0.0,0.0,0.0,15.0,71.0,0.0,0.0,1.0,66.0,0.0,100530.0
2025-03-18 21:00:00,25.2828261403766,21.6881784130808,0.0,1.9682142857142855,12.7,89,0,5.3,82,15.2,16.7,15.5,0.0,0.0,0.0,14.0,76.0,0.0,0.0,0.0,130.0,0.0,100620.0
2025-03-18 22:00:00,25.282966077949,21.7175133861157,0.0,1.965952380952381,12.7,86,0,2.3,63,14.4,16.6,15.5,0.0,0.0,0.0,14.0,77.0,0.0,0.0,1.0,132.0,0.0,100610.0
2025-03-18 23:00:00,25.5243029387481,21.7816414523725,0.0,1.963690476190476,12.7,84,2,1.5,58,13.7,16.4,15.5,0.0,0.0,0.0,12.0,82.0,0.0,0.0,1.0,108.0,0.0,100680.0
2025-03-19 00:00:00,25.0840336824131,21.5677526970457,0.0,1.9614285714285713,12.7,82,0,1.0,46,13.1,16.2,15.5,0.0,0.0,0.0,13.0,76.0,0.0,0.0,2.0,149.0,0.0,100670.0
2025-03-19 01:00:00,25.3807530201575,21.5993381564286,0.0,1.9591666666666665,11.8,81,0,1.4,59,13.1,16.0,15.5,0.0,0.0,0.0,12.0,79.0,0.0,0.0,0.0,124.0,0.0,100650.0
2025-03-19 02:00:00,25.2636618467989,21.5841045956691,0.0,1.9569047619047617,10.3,87,5,1.1,65,12.5,15.8,15.5,0.0,0.0,0.0,10.0,83.0,0.0,0.0,0.0,109.0,0.0,100620.0
2025-03-19 03:00:00,25.2047205749503,21.6852256529524,0.0,1.954642857142857,9.4,92,0,1.9,360,12.1,15.6,15.5,0.0,0.0,0.0,10.0,84.0,0.0,0.0,1.0,125.0,0.0,100600.0
2025-03-19 04:00:00,25.2421585881749,21.557042063582948,0.0,1.9523809523809523,9.3,93,0,3.2,315,11.9,15.4,15.5,0.0,0.0,0.0,9.0,87.0,0.0,0.0,1.0,178.0,0.0,100550.0
2025-03-19 05:00:00,25.0853013629135,21.4288584742135,0.0,1.9501190476190475,9.0,94,0,4.8,283,11.6,15.2,15.5,0.0,0.0,0.0,8.0,89.0,0.0,0.0,1.0,186.0,0.0,100530.0
2025-03-19 06:00:00,25.1595373293876,21.5150955884213,0.0,1.9478571428571427,8.9,92,4,4.0,283,11.4,14.9,15.5,0.0,0.0,0.0,8.0,90.0,0.0,0.0,0.0,162.0,0.0,100500.0
2025-03-19 07:00:00,25.2521764791397,21.6164767598467,0.0,1.945595238095238,9.9,88,8,4.8,283,11.4,14.7,15.5,0.0,0.0,0.01,8.0,91.0,0.0,0.0,0.0,198.0,0.0,100500.0
2025-03-19 08:00:00,25.230219069988,21.5715772668381,0.0,1.9433333333333331,14.3,77,1,4.2,305,12.5,14.6,15.5,0.0,0.0,0.08,9.0,90.0,3429.0,0.0,2.0,234.0,0.0,100540.0
2025-03-19 09:00:00,25.2292124261929,21.281848569673,0.0,1.9410714285714283,17.7,64,96,5.0,351,14.4,14.5,15.5,0.0,0.0,0.21,13.0,82.0,15953.0,1.0,0.0,270.0,0.0,100540.0
2025-03-19 10:00:00,25.1208543444509,21.3901945496336,0.0,1.9388095238095238,20.0,57,83,8.3,356,16.5,14.6,15.5,0.0,0.0,0.34,16.0,67.0,43084.0,3.0,0.0,251.0,0.0,100530.0
2025-03-19 11:00:00,25.2307128906261,21.2062191203973,0.0,1.936547619047619,21.5,52,93,11.9,3,18.3,14.8,15.5,0.0,0.0,0.44,19.0,58.0,66260.0,5.0,0.0,72.0,0.0,100470.0
2025-03-19 12:00:00,25.0921169524964,21.3714209335692,18.18300672658807,1.9342857142857142,22.1,53,100,14.6,11,19.7,15.1,15.5,0.0,0.0,0.48,21.0,51.0,63679.0,5.0,3.0,30.0,0.0,100390.0
2025-03-19 13:00:00,25.1734353444291,22.1635873956317,0.0,1.9320238095238094,20.7,53,100,19.2,18,20.1,15.3,15.5,0.0,0.0,0.45,21.0,56.0,71416.0,5.0,4.0,358.0,0.0,100350.0
2025-03-19 14:00:00,25.1408239748653,22.5627470541918,0.0,1.9297619047619046,19.7,58,100,17.6,32,20.3,15.6,15.5,0.0,0.0,0.37,21.0,53.0,79456.0,7.0,4.0,53.0,0.0,100240.0
2025-03-19 15:00:00,25.0997112700766,22.7620702739202,0.0,1.9274999999999998,19.5,62,100,17.6,40,20.3,15.8,15.5,0.0,0.0,0.3,21.0,59.0,38936.0,2.0,3.0,2.0,0.0,100130.0
2025-03-19 16:00:00,25.1451011760663,23.0524256807619,0.0,1.9252380952380952,19.1,66,100,14.0,39,20.0,16.1,15.5,0.0,0.0,0.22,20.0,58.0,28632.0,2.0,4.0,111.0,0.0,100050.0
2025-03-19 17:00:00,25.0765309944153,22.9299959480951,0.0,1.9229761904761904,18.1,72,100,11.4,29,19.4,16.3,15.5,0.0,0.0,0.14,19.0,67.0,22612.0,1.0,3.0,26.0,0.0,100020.0
2025-03-19 18:00:00,25.2635669560678,23.1149343475785,0.0,1.9207142857142856,16.4,81,83,7.2,8,18.4,16.4,15.5,0.0,0.0,0.05,19.0,69.0,14616.0,1.0,2.0,13.0,0.0,100000.0
2025-03-19 19:00:00,25.1377623823276,23.2384830299207,0.0,1.9184523809523808,14.5,90,35,4.4,333,17.1,16.5,15.5,0.0,0.0,0.02,18.0,77.0,3134.0,0.0,2.0,24.0,0.0,99990.0
2025-03-19 20:00:00,25.0999285524663,23.2531238499429,0.0,1.916190476190476,13.3,93,11,4.5,310,16.1,16.5,15.5,0.0,0.0,0.0,15.0,86.0,0.0,0.0,3.0,341.0,0.0,100010.0
2025-03-19 21:00:00,25.1980826481247,23.2108085164429,0.0,1.9139285714285712,12.9,90,91,3.5,288,15.0,16.4,15.5,0.0,0.0,0.0,14.0,90.0,0.0,0.0,1.0,24.0,0.0,100020.0
2025-03-19 22:00:00,25.1926072036027,23.3040161788079,0.0,1.9116666666666666,12.5,86,100,4.9,261,14.3,16.3,15.5,0.0,0.0,0.0,12.0,92.0,0.0,0.0,1.0,204.0,0.0,100060.0
2025-03-19 23:00:00,24.9402996151237,23.2041715236273,0.0,1.9094047619047618,12.7,82,99,2.6,203,13.8,16.1,15.5,0.0,0.0,0.0,12.0,93.0,0.0,0.0,0.0,217.0,0.0,100040.0
2025-03-20 00:00:00,25.1928394066497,23.1396304910496,0.0,1.907142857142857,13.2,78,99,1.3,187,13.3,16.0,15.5,0.0,0.0,0.0,11.0,94.0,0.0,0.0,1.0,163.0,0.0,100040.0
2025-03-20 01:00:00,25.1311617613764,23.0912111358779,0.0,1.9048809523809522,13.4,90,97,1.9,220,14.6,15.9,15.5,0.0,0.0,0.0,11.0,94.0,0.0,0.0,0.0,192.0,0.0,100000.0
2025-03-20 02:00:00,25.1079102823581,23.1221682416798,0.0,1.9026190476190474,14.0,83,93,4.3,186,14.1,15.8,15.5,0.0,0.0,0.0,11.0,95.0,0.0,0.0,0.0,108.0,0.0,99930.0
2025-03-20 03:00:00,25.1796322720471,23.1756258116655,0.0,1.9003571428571426,16.6,43,90,11.8,184,13.8,15.7,15.5,0.0,0.0,0.08,11.0,96.0,0.0,0.0,1.0,349.0,0.0,99870.0
2025-03-20 04:00:00,25.184965956614,23.0297886703246,0.0,1.898095238095238,21.6,22,97,25.2,186,14.4,15.6,15.5,0.0,0.0,0.25,14.0,70.0,0.0,0.0,4.0,312.0,0.0,99780.0
2025-03-20 05:00:00,25.1511675406594,23.017722392843,0.0,1.8958333333333333,22.3,20,100,27.3,186,15.3,15.5,15.5,0.0,0.0,0.27,18.0,43.0,0.0,0.0,3.0,288.0,0.0,99760.0
2025-03-20 06:00:00,25.0707645544283,23.1522288374675,0.0,1.8935714285714285,22.0,20,97,20.6,187,15.9,15.6,15.5,0.0,0.0,0.22,20.0,33.0,0.0,0.0,3.0,295.0,0.0,99870.0
2025-03-20 07:00:00,25.2417659769429,23.1598326122382,0.0,1.8913095238095237,18.5,41,99,4.6,212,15.6,15.6,15.5,0.0,0.0,0.05,22.0,26.0,0.0,0.0,3.0,249.0,0.0,100010.0
2025-03-20 08:00:00,25.061196486089,23.0651457515415,0.0,1.8890476190476189,19.6,47,88,5.8,276,16.1,15.6,15.5,0.0,0.0,0.12,15.0,88.0,6051.0,0.0,2.0,90.0,0.0,100150.0
2025-03-20 09:00:00,24.9354475865193,23.0442763250338,0.0,1.886785714285714,22.1,48,87,2.4,274,17.5,15.7,15.5,0.0,0.0,0.24,17.0,77.0,21446.0,1.0,2.0,70.0,0.0,100310.0
2025-03-20 10:00:00,25.0350293704357,22.8711155222762,0.0,1.8845238095238095,24.2,42,49,4.5,355,19.3,15.8,15.5,0.0,0.0,0.38,21.0,55.0,48703.0,3.0,2.0,150.0,0.0,100380.0
2025-03-20 11:00:00,25.0673739735743,22.9675571314504,0.0,1.8822619047619047,24.8,44,15,9.7,357,20.9,16.1,15.5,0.0,0.0,0.5,23.0,51.0,67431.0,5.0,1.0,56.0,0.0,100360.0
2025-03-20 12:00:00,24.9824045119622,22.8869510727845,0.0,1.88,24.5,49,11,13.0,357,22.1,16.4,15.5,0.0,0.0,0.54,24.0,45.0,83296.0,6.0,0.0,42.0,0.0,100320.0
2025-03-20 13:00:00,25.0047575097981,22.7709968856466,0.0,1.8801785714285713,23.0,48,0,14.9,25,22.3,16.6,15.5,0.0,0.0,0.53,24.0,48.0,90574.0,7.0,4.0,12.0,0.0,100250.0
2025-03-20 14:00:00,24.979089988786,22.7305978132022,0.0,1.8803571428571428,22.3,53,2,15.2,50,22.7,16.9,15.5,0.0,0.0,0.49,22.0,60.0,86741.0,6.0,4.0,42.0,0.0,100150.0
2025-03-20 15:00:00,25.0444580969259,22.57323157718,0.0,1.8805357142857142,21.8,55,0,13.4,52,22.7,17.2,15.6,0.0,0.0,0.42,22.0,60.0,74716.0,6.0,4.0,8.0,0.0,100050.0
2025-03-20 16:00:00,24.8113440637845,22.4525494044845,0.0,1.8807142857142856,21.5,55,1,14.6,61,22.3,17.5,15.6,0.0,0.0,0.33,22.0,54.0,55775.0,3.0,3.0,48.0,0.0,100000.0
2025-03-20 17:00:00,24.9858413926509,22.6621367497152,0.0,1.8808928571428571,20.5,59,32,13.0,56,21.5,17.8,15.6,0.0,0.0,0.21,22.0,53.0,32865.0,2.0,4.0,84.0,0.0,99890.0
2025-03-20 18:00:00,25.0252135452245,22.4755069723748,0.0,1.8810714285714285,17.9,71,82,11.5,51,20.3,17.9,15.6,0.0,0.0,0.08,22.0,44.0,13489.0,0.0,4.0,54.0,0.0,99830.0
2025-03-20 19:00:00,25.2385292134988,22.5283640171956,0.0,1.8812499999999999,15.6,80,88,10.6,53,18.8,17.9,15.6,0.0,0.0,0.04,21.0,47.0,2330.0,0.0,3.0,60.0,0.0,99780.0
2025-03-20 20:00:00,25.0679393624391,22.4768065721327,0.0,1.8814285714285712,14.3,85,54,5.2,15,17.6,17.9,15.6,0.0,0.0,0.0,16.0,87.0,0.0,0.0,4.0,0.0,0.0,99790.0
2025-03-20 21:00:00,25.0036394871501,22.4559250246909,0.0,1.8816071428571428,13.6,79,9,15.5,286,16.6,17.8,15.6,0.0,0.0,0.02,15.0,94.0,0.0,0.0,3.0,347.0,0.0,99870.0
2025-03-20 22:00:00,25.0413076791539,22.2829090206454,0.0,1.8817857142857142,13.8,79,7,12.7,228,16.0,17.7,15.6,0.0,0.0,0.02,15.0,92.0,0.0,0.0,1.0,222.0,0.0,100090.0
2025-03-20 23:00:00,25.1201342850067,22.4424220768504,0.0,1.8819642857142855,15.1,70,18,12.3,224,15.7,17.5,15.7,0.0,0.0,0.03,14.0,90.0,0.0,0.0,1.0,309.0,0.0,100180.0
2025-03-21 00:00:00,25.2589060954886,22.3885377332525,0.0,1.8821428571428571,13.8,75,1,6.3,261,15.2,17.4,15.7,0.0,0.0,0.01,15.0,78.0,0.0,0.0,0.0,198.0,0.0,100180.0
2025-03-21 01:00:00,25.0476186171458,22.5943049849221,0.0,1.8823214285714285,13.8,70,1,2.7,273,15.1,17.3,15.7,0.0,0.0,0.0,14.0,85.0,0.0,0.0,0.0,276.0,0.0,100170.0
2025-03-21 02:00:00,25.145808597926,22.3510061857708,0.0,1.8824999999999998,13.9,69,1,0.3,348,14.5,17.1,15.7,0.0,0.0,0.0,13.0,84.0,0.0,0.0,0.0,186.0,0.0,100180.0
2025-03-21 03:00:00,25.0362908596448,22.4976541015362,0.0,1.8826785714285714,13.9,64,12,0.7,105,14.0,16.9,15.7,0.0,0.0,0.0,13.0,80.0,0.0,0.0,0.0,216.0,0.0,100190.0
2025-03-21 04:00:00,25.3510240007504,22.4859261761999,0.0,1.8828571428571428,12.8,72,93,4.8,216,13.6,16.7,15.7,0.0,0.0,0.0,13.0,85.0,0.0,0.0,1.0,120.0,0.0,100230.0
2025-03-21 05:00:00,24.8321020143734,22.4043025514881,0.0,1.8830357142857141,14.2,79,92,1.2,267,13.9,16.5,15.7,0.9,0.9,0.0,14.0,91.0,0.0,0.0,0.0,114.0,0.0,100280.0
2025-03-21 06:00:00,25.0943171787758,22.461566049668,0.0,1.8832142857142855,14.4,81,100,1.3,336,14.0,16.3,15.7,0.1,0.1,0.0,14.0,92.0,0.0,0.0,2.0,115.0,0.0,100350.0
2025-03-21 07:00:00,25.0854460146499,22.5159758253003,0.0,1.883392857142857,14.5,89,93,1.7,9,14.3,16.2,15.7,0.0,0.0,0.02,14.0,92.0,0.0,0.0,1.0,97.0,0.0,100510.0
2025-03-21 08:00:00,25.0903084671291,22.3731521350893,0.0,1.8835714285714285,15.8,85,74,6.9,135,14.9,16.1,15.7,0.1,0.1,0.06,15.0,87.0,2764.0,0.0,0.0,170.0,0.0,100610.0
2025-03-21 09:00:00,25.0256893032765,22.3543490019448,0.0,1.8837499999999998,17.1,78,52,1.9,319,16.1,16.1,15.7,0.2,0.2,0.16,16.0,90.0,15455.0,1.0,2.0,192.0,0.0,100630.0
2025-03-21 10:00:00,24.9673700879637,22.4245844814629,0.0,1.8839285714285714,18.5,69,17,2.9,281,17.5,16.1,15.7,0.1,0.1,0.28,18.0,78.0,54040.0,4.0,3.0,305.0,0.0,100690.0
2025-03-21 11:00:00,25.0752735673347,22.1519548531979,0.0,1.8841071428571428,20.2,53,8,7.3,287,19.1,16.2,15.7,0.0,0.0,0.41,20.0,39.0,74876.0,5.0,3.0,305.0,0.0,100630.0
2025-03-21 12:00:00,24.8598514964905,22.1465168475933,0.0,1.8842857142857141,21.5,42,54,5.5,277,20.7,16.5,15.7,0.0,0.0,0.5,20.0,44.0,88904.0,8.0,4.0,6.0,0.0,100600.0
2025-03-21 13:00:00,25.0586517232611,22.1598078115783,0.0,1.8844642857142857,21.0,56,91,11.4,349,21.9,16.9,15.7,0.0,0.0,0.49,20.0,48.0,93569.0,7.0,4.0,336.0,0.0,100580.0
2025-03-21 14:00:00,25.0680841511554,21.9704514319968,0.0,1.884642857142857,20.0,62,95,15.3,21,22.0,17.2,15.8,0.2,0.2,0.43,19.0,55.0,82891.0,7.0,3.0,43.0,0.0,100560.0
2025-03-21 15:00:00,24.9318015726957,22.0021835653884,0.0,1.8848214285714284,18.4,64,80,18.3,37,21.7,17.5,15.8,0.0,0.0,0.34,19.0,54.0,67000.0,5.0,5.0,48.0,0.0,100480.0
2025-03-21 16:00:00,24.8518350825065,21.8932275328736,0.0,1.885,17.8,63,23,14.5,56,21.2,17.7,15.8,0.0,0.0,0.27,19.0,54.0,46193.0,3.0,4.0,33.0,0.0,100490.0
2025-03-21 17:00:00,25.1277566770096,21.9401274361698,0.0,1.8851785714285714,17.9,62,39,8.7,66,20.4,17.8,15.8,0.0,0.0,0.18,18.0,55.0,25072.0,1.0,3.0,58.0,0.0,100460.0
2025-03-21 18:00:00,24.8552552056927,21.7988107751707,0.0,1.8853571428571427,16.2,72,87,4.9,72,19.2,17.9,15.8,0.0,0.0,0.06,18.0,57.0,9320.0,1.0,2.0,64.0,0.0,100450.0
2025-03-21 19:00:00,24.9963032496814,21.9095813914252,0.0,1.885535714285714,14.8,75,74,1.5,68,17.7,17.9,15.8,0.0,0.0,0.02,16.0,65.0,589.0,0.0,1.0,24.0,0.0,100400.0
2025-03-21 20:00:00,24.9586056253101,21.7707650729182,0.0,1.8857142857142857,14.4,77,98,0.6,24,16.6,17.8,15.8,0.0,0.0,0.0,14.0,69.0,0.0,0.0,0.0,60.0,0.0,100460.0
2025-03-21 21:00:00,24.8811403160872,21.811008478819,0.0,1.885892857142857,14.4,77,83,0.4,8,15.9,17.7,15.8,0.0,0.0,0.0,13.0,74.0,0.0,0.0,0.0,140.0,0.0,100490.0
2025-03-21 22:00:00,24.8057041586621,21.8340888781629,0.0,1.8860714285714284,13.8,79,84,0.3,326,15.1,17.5,15.8,0.0,0.0,0.0,12.0,77.0,0.0,0.0,1.0,174.0,0.0,100510.0
2025-03-21 23:00:00,24.6948384059459,21.9418535901633,0.0,1.88625,13.3,79,99,3.0,223,14.7,17.3,15.8,0.0,0.0,0.0,12.0,76.0,0.0,0.0,0.0,167.0,0.0,100480.0
2025-03-22 00:00:00,24.8725629867628,21.6725377722539,0.0,1.8864285714285713,12.8,76,95,4.3,229,14.3,17.1,15.9,0.0,0.0,0.0,11.0,81.0,0.0,0.0,0.0,348.0,0.0,100470.0
2025-03-22 01:00:00,24.8501160470531,21.7446888873429,0.0,1.8866071428571427,12.4,77,40,3.5,194,13.9,16.9,15.9,0.0,0.0,0.0,10.0,83.0,0.0,0.0,2.0,162.0,0.0,100400.0
2025-03-22 02:00:00,24.7802394669257,21.858960321665,0.0,1.8867857142857143,11.9,75,9,5.8,215,13.4,16.7,15.9,0.0,0.0,0.0,10.0,82.0,0.0,0.0,0.0,178.0,0.0,100360.0
2025-03-22 03:00:00,24.5675800082696,21.7855053257263,0.0,1.8869642857142856,13.3,68,76,13.3,224,13.3,16.4,15.9,0.0,0.0,0.04,10.0,83.0,0.0,0.0,0.0,358.0,0.0,100290.0
2025-03-22 04:00:00,24.7053325167652,21.741692539581,0.0,1.887142857142857,14.3,65,79,15.9,224,13.5,16.3,15.9,0.0,0.0,0.05,8.0,86.0,0.0,0.0,1.0,186.0,0.0,100250.0
2025-03-22 05:00:00,24.8310497351424,21.6931770725177,0.0,1.8873214285714284,14.1,66,33,14.3,222,13.6,16.1,15.9,0.0,0.0,0.04,10.0,80.0,0.0,0.0,0.0,192.0,0.0,100250.0
2025-03-22 06:00:00,24.682326632786,21.8757429766538,0.0,1.8875,13.6,70,30,13.5,223,13.6,15.9,15.9,0.0,0.0,0.04,12.0,75.0,0.0,0.0,1.0,288.0,0.0,100260.0
2025-03-22 07:00:00,24.7254177687486,21.6612378770248,0.0,1.8876785714285713,14.6,66,44,17.4,221,13.7,15.8,15.9,0.0,0.0,0.07,13.0,68.0,667.0,0.0,2.0,246.0,0.0,100260.0
2025-03-22 08:00:00,24.7816226301064,21.6682991517869,0.0,1.8878571428571427,17.0,59,100,14.4,249,14.6,15.7,15.9,0.0,0.0,0.13,15.0,62.0,12125.0,0.0,3.0,246.0,0.0,100370.0
2025-03-22 09:00:00,24.6691852951427,21.6380016680098,0.0,1.8880357142857143,14.7,74,100,16.1,304,15.0,15.7,15.9,0.1,0.1,0.11,17.0,71.0,19702.0,1.0,5.0,318.0,0.0,100480.0
2025-03-22 10:00:00,24.5945734881868,21.7290847992537,0.0,1.8882142857142856,14.8,73,100,8.4,282,15.4,15.6,15.9,0.2,0.2,0.12,12.0,83.0,10509.0,1.0,9.0,347.0,0.0,100620.0
2025-03-22 11:00:00,24.747342386994,21.7480616174811,0.0,1.888392857142857,15.7,67,100,9.4,267,16.1,15.7,15.9,0.1,0.1,0.2,13.0,76.0,10140.0,1.0,4.0,228.0,0.0,100680.0
2025-03-22 12:00:00,24.759336820661,21.7544637904579,0.0,1.8885714285714286,15.9,64,100,9.9,281,16.4,15.7,15.9,0.0,0.0,0.16,14.0,74.0,34244.0,3.0,3.0,204.0,0.0,100620.0
2025-03-22 13:00:00,24.7210472902357,21.5359381708724,0.0,1.88875,16.3,63,100,9.4,292,16.6,15.7,15.9,0.1,0.1,0.2,16.0,65.0,62186.0,5.0,1.0,243.0,0.0,100550.0
2025-03-22 14:00:00,24.8262605756828,21.3914587848028,0.0,1.8889285714285713,16.6,62,100,7.5,289,16.8,15.7,15.9,0.1,0.1,0.17,16.0,65.0,22296.0,1.0,2.0,1.0,0.0,100440.0
2025-03-22 15:00:00,24.7134829692235,21.6220337182424,0.0,1.8891071428571427,17.5,56,100,9.5,297,17.6,15.8,15.9,0.0,0.0,0.25,16.0,66.0,15047.0,1.0,2.0,8.0,0.0,100340.0
2025-03-22 16:00:00,24.8115880909011,21.5122886806023,0.0,1.8892857142857142,15.7,64,100,11.3,331,17.1,15.9,15.9,0.2,0.2,0.12,16.0,64.0,11197.0,1.0,3.0,338.0,0.0,100330.0
2025-03-22 17:00:00,24.7311093368545,21.614845216694,0.0,1.8894642857142856,15.9,62,100,7.0,312,16.6,16.0,15.9,0.0,0.0,0.09,15.0,65.0,8712.0,0.0,4.0,323.0,0.0,100300.0
2025-03-22 18:00:00,24.5190300443067,21.3097879620926,0.0,1.889642857142857,15.3,73,81,2.0,301,16.2,16.0,15.9,0.0,0.0,0.04,15.0,66.0,6665.0,0.0,2.0,349.0,0.0,100310.0
2025-03-22 19:00:00,24.5782819591651,21.414279255128,0.0,1.8898214285714285,14.3,69,44,1.1,269,15.4,16.0,15.9,0.0,0.0,0.02,15.0,67.0,119.0,0.0,0.0,348.0,0.0,100370.0
2025-03-22 20:00:00,24.6202426227412,21.3705839789152,0.0,1.89,13.0,72,100,3.1,256,14.6,15.9,15.9,0.0,0.0,0.0,14.0,69.0,0.0,0.0,1.0,346.0,0.0,100410.0
2025-03-22 21:00:00,24.482334438828,21.4595597986907,0.0,1.8901785714285713,13.6,71,98,7.4,216,14.4,15.8,15.9,0.0,0.0,0.01,14.0,69.0,0.0,0.0,1.0,198.0,0.0,100480.0
2025-03-22 22:00:00,24.5461542889172,21.5317616547294,0.0,1.8903571428571428,13.1,76,88,9.6,219,14.1,15.7,15.9,0.1,0.1,0.01,14.0,70.0,0.0,0.0,1.0,204.0,0.0,100470.0
2025-03-22 23:00:00,24.4031322194146,21.3885362534907,0.0,1.8905357142857142,12.7,78,48,12.8,217,13.8,15.6,15.9,0.0,0.0,0.02,14.0,73.0,0.0,0.0,1.0,290.0,0.0,100490.0
2025-03-23 00:00:00,24.5327926995253,21.4603307162793,0.0,1.8907142857142856,11.8,80,42,10.6,219,13.4,15.5,15.9,0.0,0.0,0.01,13.0,75.0,0.0,0.0,0.0,198.0,0.0,100430.0
2025-03-23 01:00:00,24.5436378021343,21.5807085401528,0.0,1.8908928571428572,11.6,79,29,6.1,217,13.6,15.4,15.9,0.0,0.0,0.0,12.0,77.0,0.0,0.0,1.0,347.0,0.0,100400.0
2025-03-23 02:00:00,24.5632057106965,21.6881467253081,0.0,1.8910714285714285,10.6,82,35,6.7,223,12.9,15.3,15.9,0.0,0.0,0.0,11.0,78.0,0.0,0.0,2.0,222.0,0.0,100320.0
2025-03-23 03:00:00,24.4901416170404,21.4189888843347,0.0,1.8912499999999999,11.0,74,33,11.8,223,12.4,15.1,15.9,0.0,0.0,0.02,10.0,82.0,0.0,0.0,0.0,228.0,0.0,100270.0
2025-03-23 04:00:00,24.3921235675138,21.6226267884494,0.0,1.8914285714285712,10.7,70,64,14.0,220,12.1,15.0,15.9,0.0,0.0,0.03,10.0,75.0,0.0,0.0,2.0,246.0,0.0,100210.0
2025-03-23 05:00:00,24.6453561902476,21.5840985032382,0.0,1.8916071428571428,10.5,71,83,13.8,217,11.8,14.8,15.8,0.0,0.0,0.03,9.0,78.0,0.0,0.0,2.0,264.0,0.0,100190.0
2025-03-23 06:00:00,24.3500494463534,21.3336444706753,0.0,1.8917857142857142,10.2,73,0,11.4,210,11.6,14.6,15.8,0.0,0.0,0.02,9.0,78.0,0.0,0.0,1.0,258.0,0.0,100160.0
2025-03-23 07:00:00,24.404607385679,21.3528285320325,0.0,1.8919642857142855,10.8,73,2,11.8,208,11.5,14.5,15.8,0.0,0.0,0.04,8.0,79.0,1879.0,0.0,0.0,204.0,0.0,100180.0
2025-03-23 08:00:00,24.5707201861069,21.4074354099359,0.0,1.8921428571428571,13.3,65,8,15.1,206,12.3,14.4,15.8,0.0,0.0,0.12,11.0,74.0,12784.0,1.0,2.0,270.0,0.0,100200.0
2025-03-23 09:00:00,24.4084514921445,21.3421146965117,0.0,1.8923214285714285,15.7,53,1,19.5,218,13.7,14.3,15.8,0.0,0.0,0.24,14.0,62.0,35334.0,2.0,2.0,264.0,0.0,100200.0
2025-03-23 10:00:00,24.4603810391224,21.41827376745,0.0,1.8924999999999998,17.1,47,1,21.3,228,15.3,14.4,15.8,0.0,0.0,0.35,16.0,48.0,61764.0,4.0,4.0,264.0,0.0,100190.0
2025-03-23 11:00:00,24.5059326139936,21.1814387629565,0.0,1.8926785714285714,18.5,42,48,23.1,233,16.9,14.5,15.8,0.0,0.0,0.44,18.0,42.0,82688.0,5.0,4.0,252.0,0.0,100130.0
2025-03-23 12:00:00,24.442502037693,21.217795845037,0.0,1.8928571428571428,19.8,39,23,22.5,229,18.2,14.7,15.8,0.0,0.0,0.48,18.0,41.0,58283.0,4.0,4.5,245.0,0.0,100090.0
2025-03-23 13:00:00,24.3119532757879,21.1292355640426,0.0,1.8930357142857142,20.0,37,91,29.1,238,19.0,15.0,15.8,0.0,0.0,0.5,18.0,40.0,33878.0,3.0,5.0,238.0,0.0,100050.0
2025-03-23 14:00:00,24.2991482855373,20.8921742707478,0.0,1.8932142857142855,19.3,39,56,20.0,247,19.0,15.2,15.8,0.0,0.0,0.35,20.0,37.0,95698.0,7.0,5.0,286.0,0.0,99940.0
2025-03-23 15:00:00,24.3251196645386,21.0022757131805,0.0,1.893392857142857,18.3,45,91,31.5,253,19.1,15.5,15.8,0.9,0.9,0.39,20.0,36.0,36784.0,3.0,7.0,238.0,0.0,99880.0
2025-03-23 16:00:00,24.4847477711336,20.9021066756318,0.0,1.8935714285714285,15.9,61,56,13.4,301,17.7,15.6,15.8,0.2,0.2,0.15,20.0,37.0,35507.0,3.0,8.0,282.0,0.0,99830.0
2025-03-23 17:00:00,24.3114597534835,20.9962067618711,0.0,1.8937499999999998,15.3,67,50,11.9,328,17.1,15.7,15.8,0.0,0.0,0.13,14.0,85.0,8159.0,1.0,3.0,24.0,0.0,99910.0
2025-03-23 18:00:00,24.245937438107,20.9606125100423,0.0,1.8939285714285714,12.3,83,72,7.5,297,16.2,15.8,15.8,0.1,0.1,0.04,14.0,82.0,7996.0,0.0,1.0,48.0,0.0,99910.0
2025-03-23 19:00:00,24.1321842159348,20.9361162640262,0.0,1.8941071428571428,11.7,85,81,12.2,261,15.1,15.8,15.8,0.8,0.8,0.03,14.0,79.0,2683.0,0.0,2.0,54.0,0.0,99980.0
2025-03-23 20:00:00,24.1925603143413,21.1886727670028,0.0,1.8942857142857141,11.4,88,51,14.2,224,14.0,15.7,15.8,0.1,0.1,0.01,13.0,87.0,0.0,0.0,3.0,18.0,2.0,100080.0
2025-03-23 21:00:00,24.2606423243571,21.0581679189416,0.0,1.8944642857142857,11.0,85,41,14.9,217,13.2,15.6,15.8,0.1,0.1,0.01,12.0,89.0,0.0,0.0,2.0,217.0,15.0,100210.0
2025-03-23 22:00:00,24.1204513236704,21.1133092173048,0.0,1.894642857142857,10.5,83,48,9.4,228,12.5,15.4,15.8,0.0,0.0,0.0,12.0,86.0,0.0,0.0,2.0,234.0,0.0,100330.0
2025-03-23 23:00:00,24.1762881996153,21.0131022676931,0.0,1.8948214285714284,10.4,82,45,9.5,236,12.0,15.2,15.8,0.0,0.0,0.01,12.0,85.0,0.0,0.0,1.0,234.0,0.0,100410.0
2025-03-24 00:00:00,24.2134861619591,20.8929276051479,0.0,1.895,10.0,82,17,9.6,236,11.7,15.0,15.8,0.0,0.0,0.01,11.0,85.0,0.0,0.0,2.0,240.0,0.0,100460.0
2025-03-24 01:00:00,24.0541459842614,21.0445148494749,0.0,1.8951785714285714,10.0,81,12,14.1,224,12.0,14.8,15.8,0.0,0.0,0.01,10.0,86.0,0.0,0.0,0.0,294.0,0.0,100470.0
2025-03-24 02:00:00,24.2784160080505,20.8275357485847,0.0,1.8953571428571427,9.7,80,3,14.0,216,11.4,14.6,15.8,0.0,0.0,0.02,9.0,86.0,0.0,0.0,0.0,264.0,0.0,100470.0
2025-03-24 03:00:00,24.1869931377361,21.0073158637603,0.0,1.895535714285714,9.6,78,1,15.1,219,11.1,14.4,15.8,0.0,0.0,0.02,9.0,84.0,0.0,0.0,2.0,246.0,0.0,100450.0
2025-03-24 04:00:00,24.2591786891948,20.9552321760628,0.0,1.8957142857142857,9.3,77,4,14.9,218,10.8,14.2,15.7,0.0,0.0,0.02,9.0,86.0,0.0,0.0,1.0,294.0,0.0,100430.0
2025-03-24 05:00:00,24.2237289775095,20.9973618669054,0.0,1.895892857142857,9.1,78,4,13.3,220,10.6,14.0,15.7,0.0,0.0,0.02,8.0,86.0,0.0,0.0,2.0,246.0,0.0,100430.0
2025-03-24 06:00:00,24.1678763515782,20.8272379761309,0.0,1.8960714285714284,9.0,79,2,12.1,216,10.4,13.9,15.7,0.0,0.0,0.01,8.0,83.0,0.0,0.0,2.0,234.0,0.0,100490.0
2025-03-24 07:00:00,24.0889305765074,20.9705743062127,0.0,1.89625,10.0,75,9,12.7,215,10.5,13.7,15.7,0.0,0.0,0.04,8.0,85.0,0.0,0.0,2.0,264.0,0.0,100570.0
2025-03-24 08:00:00,24.2189574817452,20.7886286065392,0.0,1.8964285714285714,12.2,68,15,13.1,215,11.4,13.5,15.7,0.0,0.0,0.11,8.0,86.0,3539.0,0.0,0.0,198.0,0.0,100620.0
2025-03-24 09:00:00,24.048973131944,20.9333344477155,0.0,1.8966071428571427,13.9,60,9,14.9,231,12.8,13.5,15.7,0.0,0.0,0.2,10.0,82.0,11870.0,0.0,2.0,276.0,0.0,100670.0
2025-03-24 10:00:00,24.1290563559425,20.875509933619,0.0,1.8967857142857143,15.4,51,16,15.1,243,14.3,13.6,15.7,0.0,0.0,0.31,13.0,73.0,45805.0,3.0,4.0,294.0,0.0,100720.0
2025-03-24 11:00:00,24.00792233522,20.835928279594,0.0,1.8969642857142857,16.5,46,2,14.5,264,15.8,13.7,15.7,0.0,0.0,0.39,16.0,60.0,69008.0,6.0,3.0,293.0,0.0,100720.0
2025-03-24 12:00:00,24.0353172758181,20.7624361191516,0.0,1.897142857142857,17.4,44,8,13.6,291,17.3,13.9,15.7,0.0,0.0,0.46,16.0,46.0,86808.0,6.0,4.0,250.0,0.0,100670.0
2025-03-24 13:00:00,23.8719388418124,20.6076629097184,0.0,1.8973214285714284,17.5,43,51,10.6,307,18.5,14.2,15.6,0.1,0.1,0.46,17.0,42.0,121272.0,8.0,2.0,8.0,0.0,100660.0
2025-03-24 14:00:00,23.9705447321943,20.6187718634805,0.0,1.8975,17.0,45,57,12.0,330,18.6,14.5,15.6,0.0,0.0,0.36,17.0,55.0,96908.0,8.0,4.0,11.0,0.0,100640.0
2025-03-24 15:00:00,23.759815162621,20.5755603253775,0.0,1.8976785714285713,16.2,50,55,12.0,328,18.4,14.8,15.6,0.0,0.0,0.29,17.0,58.0,85052.0,7.0,3.0,342.0,0.0,100620.0
2025-03-24 16:00:00,23.9086339036863,20.4583916771494,0.0,1.8978571428571427,16.0,51,47,8.5,329,18.1,15.0,15.6,0.0,0.0,0.23,17.0,52.0,68515.0,4.0,6.0,354.0,0.0,100600.0
2025-03-24 17:00:00,24.1226346242687,20.6662206855043,0.0,1.8980357142857143,15.5,52,29,5.4,347,17.5,15.2,15.6,0.0,0.0,0.15,16.0,57.0,44495.0,2.0,2.0,13.0,0.0,100610.0
2025-03-24 18:00:00,23.8887254023644,20.5078995963335,0.0,1.8982142857142856,14.0,68,4,2.2,2,16.5,15.3,15.6,0.0,0.0,0.05,16.0,52.0,9752.0,1.0,5.0,334.0,0.0,100650.0
2025-03-24 19:00:00,23.9356809805553,20.5610340833264,0.0,1.898392857142857,12.4,68,15,0.9,352,15.0,15.4,15.6,0.0,0.0,0.01,15.0,61.0,4020.0,0.0,1.0,37.0,0.0,100690.0
2025-03-24 20:00:00,24.1550915843135,20.6311505291556,0.0,1.8985714285714286,11.3,71,21,3.9,157,13.8,15.3,15.6,0.0,0.0,0.0,13.0,68.0,0.0,0.0,1.0,12.0,0.0,100760.0
2025-03-24 21:00:00,24.0186269603645,20.5356442971585,0.0,1.89875,10.6,74,35,4.9,192,13.1,15.2,15.6,0.0,0.0,0.0,12.0,73.0,0.0,0.0,2.0,144.0,0.0,100840.0
2025-03-24 22:00:00,23.9596773670956,20.5048230406859,0.0,1.8989285714285713,9.9,77,51,6.5,211,12.5,15.0,15.6,0.0,0.0,0.0,11.0,78.0,0.0,0.0,0.0,174.0,0.0,100900.0
2025-03-24 23:00:00,23.9519389239439,20.3656005830333,0.0,1.8991071428571427,10.0,74,32,7.0,230,12.1,14.9,15.6,0.0,0.0,0.01,11.0,77.0,0.0,0.0,2.0,164.0,0.0,100910.0
2025-03-25 00:00:00,24.0871557759398,20.4227807433342,0.0,1.8992857142857142,10.0,73,51,6.5,220,11.8,14.7,15.6,0.0,0.0,0.01,11.0,79.0,0.0,0.0,0.0,228.0,0.0,100920.0
2025-03-25 01:00:00,23.955771186333,20.5451048458431,0.0,1.8994642857142856,10.8,73,67,7.0,214,12.6,14.7,15.6,0.0,0.0,0.01,11.0,80.0,0.0,0.0,0.0,240.0,0.0,100900.0
2025-03-25 02:00:00,23.9002104843695,20.3402632428089,0.0,1.899642857142857,10.0,77,44,6.0,211,12.1,14.5,15.6,0.0,0.0,0.0,11.0,78.0,0.0,0.0,0.0,270.0,0.0,100860.0
2025-03-25 03:00:00,23.863941121489,20.4595651219037,0.0,1.8998214285714285,9.6,78,45,3.6,234,11.5,14.4,15.6,0.0,0.0,0.0,12.0,78.0,0.0,0.0,0.0,216.0,0.0,100820.0
2025-03-25 04:00:00,23.984851257231,20.5549113562412,0.0,1.9,9.7,77,43,2.9,242,11.1,14.2,15.6,0.0,0.0,0.0,11.0,82.0,0.0,0.0,0.0,192.0,0.0,100780.0
2025-03-25 05:00:00,23.8229132002765,20.6418428440506,0.0,1.9001785714285713,8.7,81,10,4.7,254,10.7,14.0,15.6,0.0,0.0,0.0,10.0,85.0,0.0,0.0,0.0,192.0,0.0,100770.0
2025-03-25 06:00:00,23.9844795788646,20.4597037049266,0.0,1.9003571428571429,8.2,84,4,7.2,241,10.4,13.9,15.6,0.0,0.0,0.0,11.0,76.0,0.0,0.0,0.0,228.0,0.0,100790.0
2025-03-25 07:00:00,23.6387123927614,20.4494058483205,0.0,1.9005357142857142,9.2,82,2,9.7,239,10.5,13.7,15.6,0.0,0.0,0.03,9.0,84.0,0.0,0.0,0.0,198.0,0.0,100820.0
2025-03-25 08:00:00,23.8782878515296,20.3322976788371,0.0,1.9007142857142856,12.5,73,1,9.0,234,11.5,13.5,15.6,0.0,0.0,0.1,9.0,84.0,4810.0,0.0,0.0,240.0,0.0,100870.0
2025-03-25 09:00:00,24.0118551761152,20.4381645771879,0.0,1.9008928571428572,14.7,63,1,11.1,239,13.1,13.5,15.5,0.0,0.0,0.21,12.0,73.0,21084.0,1.0,4.0,276.0,0.0,100910.0
2025-03-25 10:00:00,23.7846834105326,20.3759502420258,0.0,1.9010714285714285,16.1,57,30,9.0,260,14.9,13.6,15.5,0.0,0.0,0.32,14.0,65.0,49342.0,3.0,2.0,252.0,0.0,100940.0
2025-03-25 11:00:00,23.7112801279177,20.3408471294498,0.0,1.9012499999999999,17.1,52,13,7.0,282,16.5,13.8,15.5,0.0,0.0,0.38,16.0,55.0,72872.0,7.0,2.0,182.0,0.0,100960.0
2025-03-25 12:00:00,23.6850276294057,20.1465489071378,0.0,1.9014285714285712,18.1,46,37,6.7,297,18.0,14.0,15.5,0.0,0.0,0.45,16.0,50.0,98365.0,8.0,1.0,341.0,0.0,100950.0
2025-03-25 13:00:00,23.5930033733735,20.1480173310829,0.0,1.9016071428571428,18.8,40,99,7.8,343,18.9,14.2,15.5,0.0,0.0,0.4,17.0,51.0,30166.0,3.0,0.0,343.0,0.0,100910.0
2025-03-25 14:00:00,23.6770085296341,20.2585696427831,0.0,1.9017857142857142,17.4,52,24,14.0,7,18.7,14.5,15.5,0.0,0.0,0.28,19.0,46.0,94068.0,7.0,4.0,37.0,0.0,100850.0
2025-03-25 15:00:00,23.7991116405188,20.0715813053196,0.0,1.9019642857142856,17.2,54,23,13.5,7,19.0,14.8,15.5,0.0,0.0,0.36,17.0,54.0,21584.0,2.0,4.0,355.0,0.0,100820.0
2025-03-25 16:00:00,23.7193829352699,20.0932938314066,0.0,1.9021428571428571,16.9,54,10,9.8,4,18.8,15.1,15.5,0.0,0.0,0.27,17.0,59.0,73412.0,5.0,5.0,42.0,0.0,100820.0
2025-03-25 17:00:00,23.6005172711162,19.9642874601677,0.0,1.9023214285714285,16.4,55,8,9.4,9,18.1,15.3,15.5,0.0,0.0,0.18,16.0,63.0,15933.0,1.0,2.0,355.0,0.0,100830.0
2025-03-25 18:00:00,23.6609240271224,20.0295531186055,0.0,1.9024999999999999,14.4,72,1,4.5,51,17.0,15.4,15.5,0.0,0.0,0.06,17.0,62.0,19582.0,1.0,3.0,48.0,0.0,100850.0
2025-03-25 19:00:00,23.5748565464319,20.1253393788623,0.0,1.9026785714285714,12.7,76,0,1.8,63,15.4,15.5,15.5,0.0,0.0,0.02,15.0,66.0,2917.0,0.0,2.0,42.0,0.0,100900.0
2025-03-25 20:00:00,23.6026133357319,19.9878043556936,0.0,1.9028571428571428,11.9,77,4,1.6,105,14.2,15.4,15.5,0.0,0.0,0.0,13.0,75.0,0.0,0.0,0.0,126.0,0.0,100950.0
2025-03-25 21:00:00,23.4336749202425,19.990572628544,0.0,1.9030357142857142,10.9,79,13,3.6,178,13.2,15.3,15.5,0.0,0.0,0.0,11.0,83.0,0.0,0.0,0.0,180.0,0.0,101010.0
2025-03-25 22:00:00,23.5863269221447,19.9750772127969,0.0,1.9032142857142855,10.3,79,12,4.7,187,12.6,15.2,15.5,0.0,0.0,0.0,10.0,85.0,0.0,0.0,0.0,175.0,0.0,101060.0
2025-03-25 23:00:00,23.6900313798267,20.2414514337078,0.0,1.903392857142857,9.9,79,15,5.2,203,12.1,15.0,15.5,0.0,0.0,0.0,9.0,87.0,0.0,0.0,1.0,178.0,0.0,101070.0
2025-03-26 00:00:00,23.6380931166073,20.2543045520468,0.0,1.9035714285714285,9.9,79,29,5.9,209,11.8,14.8,15.5,0.0,0.0,0.0,9.0,86.0,0.0,0.0,2.0,168.0,0.0,101080.0
2025-03-26 01:00:00,23.5053533382833,20.215344292734,0.0,1.9037499999999998,10.5,77,17,5.9,227,12.2,14.6,15.5,0.0,0.0,0.0,10.0,82.0,0.0,0.0,1.0,178.0,0.0,101050.0
2025-03-26 02:00:00,23.4559538907486,20.0134713990673,0.0,1.9039285714285714,9.6,86,67,4.5,208,11.7,14.5,15.5,0.6,0.6,0.0,8.0,90.0,0.0,0.0,0.0,192.0,0.0,101050.0
2025-03-26 03:00:00,23.5187907887425,20.1256691170164,0.0,1.9041071428571428,9.4,89,31,5.0,164,11.2,14.3,15.5,0.6,0.6,0.0,7.0,92.0,0.0,0.0,0.0,168.0,0.0,101000.0
2025-03-26 04:00:00,23.6446430409294,20.0102722519619,0.0,1.9042857142857141,8.8,88,23,4.5,194,10.6,14.1,15.5,0.0,0.0,0.0,8.0,88.0,0.0,0.0,0.0,204.0,0.0,100960.0
2025-03-26 05:00:00,23.5209064239864,20.0803843121721,0.0,1.9044642857142857,9.1,90,21,6.9,209,10.4,13.9,15.5,0.0,0.0,0.0,8.0,88.0,0.0,0.0,0.0,210.0,0.0,100950.0
2025-03-26 06:00:00,23.4226809663986,20.0603639094544,0.0,1.904642857142857,8.8,91,14,8.5,219,10.1,13.7,15.4,0.0,0.0,0.0,7.0,90.0,0.0,0.0,1.0,168.0,0.0,100950.0
2025-03-26 07:00:00,23.2995178788857,20.0306337710716,0.0,1.9048214285714284,9.9,87,8,11.0,226,10.2,13.5,15.4,0.0,0.0,0.02,7.0,92.0,210.0,0.0,1.0,186.0,0.0,100970.0
2025-03-26 08:00:00,23.3467482588305,19.9184347574059,0.0,1.905,13.2,79,7,9.4,229,11.4,13.4,15.4,0.0,0.0,0.1,10.0,86.0,6157.0,0.0,2.0,210.0,0.0,100990.0
2025-03-26 09:00:00,23.4554473721001,20.054467944354,0.0,1.9051785714285714,15.8,64,6,10.1,240,13.1,13.4,15.4,0.0,0.0,0.22,13.0,80.0,25911.0,1.0,2.0,276.0,0.0,101010.0
2025-03-26 10:00:00,23.2991561969612,19.8038422551434,0.0,1.9053571428571427,17.3,55,5,8.6,260,15.0,13.5,15.4,0.0,0.0,0.33,16.0,66.0,54652.0,5.0,3.0,285.0,0.0,101040.0
2025-03-26 11:00:00,23.2771201476661,19.8264394889823,0.0,1.905535714285714,18.2,50,15,6.3,280,16.8,13.7,15.4,0.0,0.0,0.42,18.0,55.0,77136.0,5.0,1.0,266.0,0.0,101050.0
2025-03-26 12:00:00,23.1553415217099,19.8932522679583,24.940375545152722,1.9057142857142857,19.0,46,12,5.1,307,18.4,13.9,15.4,0.0,0.0,0.46,19.0,47.0,92006.0,7.0,2.0,342.0,0.0,100990.0
2025-03-26 13:00:00,23.164423951669,19.7292398519731,0.0,1.905892857142857,20.0,43,0,6.8,343,20.0,14.5,15.4,0.0,0.0,0.49,20.0,41.0,98612.0,6.0,2.0,84.0,0.0,100930.0
2025-03-26 14:00:00,23.3109861973717,19.6813564414163,0.0,1.9060714285714284,20.2,43,0,9.0,356,20.7,14.9,15.4,0.0,0.0,0.48,19.0,44.0,93592.0,8.0,5.0,30.0,0.0,100840.0
2025-03-26 15:00:00,23.272742129151,19.6289409372343,0.0,1.90625,19.6,45,4,12.0,11,20.8,15.3,15.4,0.0,0.0,0.42,20.0,45.0,80835.0,5.0,6.0,53.0,0.0,100750.0
2025-03-26 16:00:00,23.0095028041213,19.5986884050471,0.0,1.9064285714285714,18.4,51,2,12.2,27,20.4,15.6,15.4,0.0,0.0,0.31,19.0,48.0,61576.0,5.0,6.0,0.0,0.0,100730.0
2025-03-26 17:00:00,23.1432184108426,19.7780722251791,0.0,1.9066071428571427,17.3,54,0,8.4,44,19.5,15.8,15.4,0.0,0.0,0.19,19.0,52.0,37506.0,3.0,3.0,39.0,0.0,100730.0
2025-03-26 18:00:00,23.1233391002352,19.7881376012761,0.0,1.9067857142857143,15.3,69,0,4.6,82,18.2,16.0,15.4,0.0,0.0,0.06,18.0,57.0,13610.0,0.0,3.0,54.0,0.0,100730.0
2025-03-26 19:00:00,23.0304323622055,19.4936888887583,0.0,1.9069642857142857,13.4,72,0,3.0,103,16.4,16.1,15.4,0.0,0.0,0.02,16.0,65.0,2235.0,0.0,2.0,60.0,0.0,100720.0
2025-03-26 20:00:00,23.1604665517524,19.6018952033269,0.0,1.907142857142857,12.0,75,0,3.6,169,15.1,16.0,15.4,0.0,0.0,0.0,14.0,72.0,0.0,0.0,1.0,102.0,0.0,100740.0
2025-03-26 21:00:00,23.3968507872138,19.6064286578071,0.0,1.9073214285714284,11.1,77,0,4.6,197,14.1,15.9,15.4,0.0,0.0,0.0,13.0,71.0,0.0,0.0,1.0,138.0,0.0,100790.0
2025-03-26 22:00:00,23.0384634700946,19.3494431233957,0.0,1.9075,10.3,78,3,4.8,218,13.3,15.8,15.4,0.0,0.0,0.0,11.0,79.0,0.0,0.0,0.0,186.0,0.0,100800.0
2025-03-26 23:00:00,23.1971753678914,19.6029779943958,0.0,1.9076785714285713,10.3,75,18,5.1,230,12.6,15.6,15.4,0.0,0.0,0.0,11.0,70.0,0.0,0.0,1.0,178.0,0.0,100780.0
2025-03-27 00:00:00,23.0083286183712,19.5622543295585,0.0,1.9078571428571427,10.2,71,8,5.2,216,12.2,15.4,15.4,0.0,0.0,0.0,10.0,83.0,0.0,0.0,0.0,179.0,0.0,100780.0
2025-03-27 01:00:00,23.2989126948867,19.6118197597592,0.0,1.9080357142857143,11.1,67,1,6.4,211,12.3,15.2,15.4,0.0,0.0,0.01,9.0,81.0,0.0,0.0,2.0,179.0,0.0,100740.0
2025-03-27 02:00:00,23.03169075236,19.6202460358569,0.0,1.9082142857142856,10.8,65,0,7.5,217,12.0,15.1,15.4,0.0,0.0,0.02,10.0,77.0,0.0,0.0,1.0,180.0,0.0,100700.0
2025-03-27 03:00:00,23.0941075967247,19.6763577891257,0.0,1.908392857142857,10.5,65,0,7.1,215,11.7,14.9,15.4,0.0,0.0,0.02,10.0,73.0,0.0,0.0,1.0,172.0,0.0,100630.0
2025-03-27 04:00:00,22.9954382045969,19.5152365101364,0.0,1.9085714285714286,10.1,67,0,6.2,213,11.4,14.7,15.4,0.0,0.0,0.01,10.0,79.0,0.0,0.0,0.0,204.0,0.0,100580.0
2025-03-27 05:00:00,23.0031432173476,19.6156484290146,0.0,1.90875,9.6,70,0,6.4,217,11.2,14.5,15.4,0.0,0.0,0.01,8.0,85.0,0.0,0.0,0.0,180.0,0.0,100540.0
2025-03-27 06:00:00,23.0762159740855,19.630839011155,0.0,1.9089285714285713,9.3,71,0,6.4,228,10.9,14.3,15.4,0.0,0.0,0.01,10.0,79.0,0.0,0.0,1.0,222.0,0.0,100550.0
2025-03-27 07:00:00,23.0801387351783,19.3956847675365,0.0,1.9091071428571427,11.1,68,0,7.0,242,11.0,14.1,15.4,0.0,0.0,0.03,9.0,78.0,743.0,0.0,1.0,192.0,0.0,100550.0
2025-03-27 08:00:00,22.787055531049,19.6084090543332,0.0,1.9092857142857143,14.6,63,0,8.2,250,12.3,14.0,15.4,0.0,0.0,0.12,12.0,68.0,8294.0,0.0,1.0,246.0,0.0,100570.0
2025-03-27 09:00:00,22.9715634512011,19.3076208642955,0.0,1.9094642857142856,17.4,53,0,8.6,265,14.1,14.0,15.4,0.0,0.0,0.25,15.0,61.0,31772.0,2.0,3.0,276.0,0.0,100580.0
2025-03-27 10:00:00,22.9986489400978,19.4623727604926,0.0,1.909642857142857,19.5,46,0,8.6,263,16.2,14.1,15.4,0.0,0.0,0.37,17.0,51.0,60920.0,5.0,4.0,282.0,0.0,100620.0
2025-03-27 11:00:00,22.771183325529,19.3075880703229,0.0,1.9098214285714286,21.1,40,0,9.0,257,18.1,14.3,15.4,0.0,0.0,0.48,20.0,41.0,82484.0,7.0,3.0,222.0,0.0,100570.0
2025-03-27 12:00:00,22.9725571426404,22.4065340692551,0.0,1.91,22.3,36,49,7.6,269,19.9,14.6,15.4,0.0,0.0,0.54,21.0,40.0,94192.0,8.0,3.0,297.0,0.0,100500.0
2025-03-27 13:00:00,23.4742209007369,28.2506814650628,0.0,1.9092261904761905,22.8,35,36,9.5,334,21.2,15.0,15.4,0.0,0.0,0.57,22.0,36.0,97460.0,9.0,4.0,301.0,0.0,100430.0
2025-03-27 14:00:00,24.0181874535421,27.6599477732471,0.0,1.9084523809523808,21.8,41,2,15.3,1,21.8,15.4,15.4,0.0,0.0,0.52,22.0,39.0,92343.0,6.0,4.0,359.0,0.0,100370.0
2025-03-27 15:00:00,25.2668936397743,27.1035500531517,0.0,1.9076785714285713,20.9,40,38,13.9,355,21.8,15.7,15.4,0.0,0.0,0.45,21.0,43.0,78564.0,6.0,4.0,28.0,0.0,100350.0
2025-03-27 16:00:00,26.0306365128068,26.9907742208246,0.0,1.9069047619047619,20.4,40,18,10.7,353,21.4,16.1,15.4,0.0,0.0,0.34,21.0,45.0,58179.0,4.0,2.0,29.0,0.0,100340.0
2025-03-27 17:00:00,26.3972268257242,26.7016657597946,0.0,1.9061309523809522,19.3,45,7,7.6,12,20.6,16.3,15.4,0.0,0.0,0.21,20.0,41.0,33399.0,2.0,4.0,18.0,0.0,100350.0
2025-03-27 18:00:00,26.6128856579968,26.3165146225991,0.0,1.9053571428571427,16.7,62,9,4.8,59,19.2,16.5,15.4,0.0,0.0,0.07,19.0,45.0,10782.0,1.0,2.0,30.0,0.0,100360.0
2025-03-27 19:00:00,26.8127035476855,25.898609032193,0.0,1.9045833333333333,14.4,69,46,5.6,92,17.4,16.6,15.4,0.0,0.0,0.03,17.0,56.0,1083.0,0.0,2.0,48.0,0.0,100390.0
2025-03-27 20:00:00,26.8622419714339,25.9251653692108,0.0,1.9038095238095238,13.3,70,94,4.1,151,16.1,16.6,15.4,0.0,0.0,0.0,15.0,61.0,0.0,0.0,2.0,136.0,0.0,100430.0
2025-03-27 21:00:00,26.6067446699739,25.7575547257335,0.0,1.9030357142857142,12.3,68,43,4.0,169,14.9,16.5,15.4,0.0,0.0,0.0,15.0,60.0,0.0,0.0,1.0,156.0,0.0,100500.0
2025-03-27 22:00:00,26.8366593064334,25.5439765881187,0.0,1.9022619047619047,11.6,65,63,4.5,183,14.1,16.4,15.4,0.0,0.0,0.01,13.0,64.0,0.0,0.0,0.0,180.0,0.0,100490.0
2025-03-27 23:00:00,26.8279319103784,25.4485050929242,0.0,1.9014880952380953,11.0,64,34,4.8,204,13.4,16.2,15.4,0.0,0.0,0.01,12.0,67.0,0.0,0.0,0.0,210.0,0.0,100530.0
2025-03-28 00:00:00,26.9375773934803,25.4616686765908,0.0,1.9007142857142856,10.9,63,10,4.8,230,12.8,16.0,15.4,0.0,0.0,0.01,9.0,77.0,0.0,0.0,1.0,172.0,0.0,100500.0
2025-03-28 01:00:00,26.8888236088204,25.3528377276375,0.0,1.8999404761904761,11.4,59,14,4.4,237,12.4,15.8,15.4,0.0,0.0,0.01,10.0,73.0,0.0,0.0,0.0,30.0,0.0,100470.0
2025-03-28 02:00:00,26.9534125684156,25.3224023998228,0.0,1.8991666666666667,11.0,59,1,4.8,233,11.9,15.6,15.4,0.0,0.0,0.01,8.0,79.0,0.0,0.0,0.0,174.0,0.0,100450.0
2025-03-28 03:00:00,26.8499058697197,25.0449036399281,0.0,1.898392857142857,10.4,61,1,4.2,229,11.5,15.4,15.4,0.0,0.0,0.01,8.0,77.0,0.0,0.0,0.0,168.0,0.0,100380.0
2025-03-28 04:00:00,26.8079564844706,25.1117503266157,0.0,1.8976190476190475,9.8,64,0,4.1,218,11.2,15.1,15.4,0.0,0.0,0.0,7.0,84.0,0.0,0.0,0.0,186.0,0.0,100350.0
2025-03-28 05:00:00,26.9306751222177,25.0738487614392,0.0,1.896845238095238,9.5,66,0,4.6,214,10.9,14.9,15.4,0.0,0.0,0.0,8.0,81.0,0.0,0.0,0.0,180.0,0.0,100360.0
2025-03-28 06:00:00,26.6992022326773,25.0879170252927,0.0,1.8960714285714284,9.3,67,0,4.6,223,10.7,14.7,15.4,0.0,0.0,0.0,8.0,77.0,0.0,0.0,1.0,216.0,0.0,100370.0
2025-03-28 07:00:00,26.8705669374363,24.9178979057907,0.0,1.895297619047619,11.4,65,0,5.8,235,10.9,14.5,15.4,0.0,0.0,0.03,6.0,84.0,1935.0,0.0,0.0,180.0,0.0,100400.0
2025-03-28 08:00:00,26.8500498991073,24.6855721115342,0.0,1.8945238095238095,15.0,59,0,6.4,249,12.3,14.3,15.4,0.0,0.0,0.12,13.0,66.0,11848.0,0.0,0.0,228.0,0.0,100440.0
2025-03-28 09:00:00,26.7651657439071,24.8816896642241,0.0,1.8937499999999998,18.0,47,0,3.3,265,14.4,14.3,15.4,0.0,0.0,0.24,16.0,55.0,37503.0,2.0,2.0,317.0,0.0,100480.0
2025-03-28 10:00:00,26.7250049191814,24.6819831512615,0.0,1.8929761904761904,19.9,41,0,2.3,297,16.6,14.4,15.4,0.0,0.0,0.37,19.0,43.0,66408.0,7.0,2.0,348.0,0.0,100520.0
2025-03-28 11:00:00,26.7551008665666,24.7173619504344,0.0,1.892202380952381,21.3,40,0,3.5,299,18.8,14.6,15.4,0.0,0.0,0.47,20.0,40.0,86424.0,6.0,0.0,210.0,0.0,100550.0
2025-03-28 12:00:00,26.8255547447352,24.5267264541775,0.0,1.8914285714285715,22.4,38,0,6.4,344,20.6,14.9,15.4,0.0,0.0,0.54,21.0,38.0,96526.0,7.0,2.0,282.0,0.0,100510.0
2025-03-28 13:00:00,26.7123266023637,24.5605260897191,0.0,1.8906547619047618,22.8,39,0,12.8,358,21.7,15.3,15.4,0.0,0.0,0.56,22.0,37.0,98336.0,7.0,2.0,180.0,0.0,100490.0
2025-03-28 14:00:00,26.6273123925374,24.5047088762436,0.0,1.8898809523809523,21.9,41,0,14.9,359,22.1,15.7,15.4,0.0,0.0,0.52,21.0,51.0,90924.0,8.0,6.0,17.0,0.0,100460.0
2025-03-28 15:00:00,26.7299575975247,24.2596879976293,0.0,1.8891071428571429,22.1,37,0,10.7,351,22.3,16.1,15.4,0.0,0.0,0.46,21.0,46.0,75720.0,5.0,2.0,84.0,0.0,100430.0
2025-03-28 16:00:00,26.5198812644281,24.3819039834367,0.0,1.8883333333333332,21.3,38,0,11.2,3,21.9,16.4,15.4,0.0,0.0,0.36,21.0,43.0,54268.0,3.0,4.0,355.0,0.0,100420.0
2025-03-28 17:00:00,26.6007095299434,24.1227347381894,0.0,1.8875595238095237,19.9,44,0,7.8,22,21.0,16.7,15.4,0.0,0.0,0.22,21.0,34.0,29610.0,2.0,4.0,358.0,0.0,100410.0
2025-03-28 18:00:00,26.640376653567,24.1318462728799,0.0,1.8867857142857143,16.9,61,0,5.0,76,19.6,16.8,15.4,0.0,0.0,0.08,19.0,44.0,8003.0,0.0,4.0,7.0,0.0,100470.0
2025-03-28 19:00:00,26.617859120131,24.1016646023025,0.0,1.8860119047619046,14.4,67,0,6.3,115,17.7,16.9,15.4,0.0,0.0,0.04,17.0,45.0,507.0,0.0,2.0,354.0,0.0,100510.0
2025-03-28 20:00:00,26.4754604700434,23.9031032040315,0.0,1.8852380952380952,12.9,70,1,4.8,148,16.3,16.9,15.4,0.0,0.0,0.0,13.0,61.0,0.0,0.0,1.0,169.0,0.0,100540.0
2025-03-28 21:00:00,26.6426700102819,24.1206675125993,0.0,1.8844642857142857,11.9,71,0,4.5,176,15.2,16.8,15.4,0.0,0.0,0.0,13.0,60.0,0.0,0.0,2.0,140.0,0.0,100610.0
2025-03-28 22:00:00,26.5408879721693,23.9834184979226,0.0,1.883690476190476,11.9,65,0,5.5,194,14.3,16.6,15.5,0.0,0.0,0.01,12.0,67.0,0.0,0.0,0.0,173.0,0.0,100620.0
2025-03-28 23:00:00,26.6222065013572,23.8122684625226,0.0,1.8829166666666666,12.0,57,0,6.5,196,13.6,16.5,15.5,0.0,0.0,0.02,9.0,73.0,0.0,0.0,1.0,154.0,0.0,100660.0
2025-03-29 00:00:00,26.4071799670334,23.9132098725218,0.0,1.8821428571428571,11.9,55,0,6.7,200,13.1,16.3,15.5,0.0,0.0,0.03,10.0,71.0,0.0,0.0,0.0,184.0,0.0,100670.0
2025-03-29 01:00:00,26.5021246640098,23.8138956022689,0.0,1.8813690476190477,12.6,51,0,7.4,207,13.0,16.0,15.5,0.0,0.0,0.03,10.0,67.0,0.0,0.0,1.0,180.0,0.0,100670.0
2025-03-29 02:00:00,26.4391106156323,23.6228338045706,0.0,1.880595238095238,12.2,55,0,8.0,215,12.7,15.8,15.5,0.0,0.0,0.03,11.0,63.0,0.0,0.0,2.0,175.0,0.0,100660.0
2025-03-29 03:00:00,26.4754630946741,23.8131791904795,0.0,1.8798214285714285,11.9,58,0,9.3,217,12.5,15.6,15.5,0.0,0.0,0.03,12.0,57.0,0.0,0.0,1.0,210.0,0.0,100640.0
2025-03-29 04:00:00,26.4665783182567,23.7347058064931,0.0,1.879047619047619,11.5,61,0,9.2,213,12.3,15.5,15.5,0.0,0.0,0.03,12.0,58.0,0.0,0.0,0.5,222.0,0.0,100620.0
2025-03-29 05:00:00,26.2568720237687,23.4776895883218,0.0,1.8782738095238094,11.1,64,0,8.5,213,12.1,15.3,15.5,0.0,0.0,0.02,12.0,59.0,0.0,0.0,0.0,234.0,0.0,100600.0
2025-03-29 06:00:00,26.2229841127885,23.5303190354757,0.0,1.8775,10.8,65,0,9.2,206,11.9,15.1,15.5,0.0,0.0,0.03,10.0,67.0,0.0,0.0,2.0,186.0,0.0,100580.0
2025-03-29 07:00:00,26.2920994980868,23.546079010021,0.0,1.8767261904761905,12.4,63,0,10.9,207,12.1,14.9,15.5,0.0,0.0,0.06,9.0,68.0,0.0,0.0,1.0,172.0,0.0,100610.0
2025-03-29 08:00:00,26.185545678594,23.6553523297029,0.0,1.8759523809523808,16.5,55,0,10.3,224,13.3,14.8,15.5,0.0,0.0,0.15,12.0,60.0,3471.0,0.0,1.0,204.0,0.0,100660.0
2025-03-29 09:00:00,26.4023908365971,23.7860254783882,0.0,1.8751785714285714,20.2,43,0,8.3,222,15.3,14.8,15.5,0.0,0.0,0.29,14.0,54.0,16800.0,1.0,2.0,234.0,0.0,100670.0
2025-03-29 10:00:00,26.2837463513282,23.6928638515188,0.0,1.874404761904762,22.2,36,0,4.7,229,17.5,14.9,15.5,0.0,0.0,0.4,18.0,44.0,45332.0,2.0,2.0,218.0,0.0,100680.0
2025-03-29 11:00:00,26.1258974523057,23.4312175047925,0.0,1.8736309523809522,23.3,34,0,2.2,261,19.7,15.1,15.5,0.0,0.0,0.49,21.0,37.0,71343.0,6.0,2.0,332.0,0.0,100700.0
2025-03-29 12:00:00,26.27330644625,23.511532680034,0.0,1.8728571428571428,24.2,33,0,1.8,265,21.6,15.5,15.5,0.0,0.0,0.56,22.0,35.0,80981.0,7.0,2.0,240.0,0.0,100660.0
2025-03-29 13:00:00,26.1343792943725,23.3755182604854,0.0,1.8720833333333333,25.6,27,0,5.3,286,22.5,15.8,15.5,0.0,0.0,0.6,24.0,32.0,97897.0,6.0,3.0,268.0,0.0,100640.0
2025-03-29 14:00:00,26.1195917487717,23.2293127232798,0.0,1.8713095238095239,25.6,28,0,7.8,347,23.5,16.2,15.5,0.0,0.0,0.57,25.0,30.0,98020.0,7.0,2.0,27.0,0.0,100550.0
2025-03-29 15:00:00,26.1018100318685,23.3049281686108,0.0,1.8705357142857142,24.6,34,0,11.1,8,23.7,16.6,15.5,0.0,0.0,0.5,26.0,29.0,90561.0,6.0,4.0,294.0,0.0,100450.0
2025-03-29 16:00:00,26.1624155871169,23.1122882017464,0.0,1.8697619047619047,23.7,38,0,9.6,20,23.3,16.9,15.5,0.0,0.0,0.38,24.0,32.0,73710.0,6.0,4.0,8.0,0.0,100350.0
2025-03-29 17:00:00,25.904982347556,23.0575156945493,0.0,1.8689880952380953,22.0,44,0,9.5,34,22.4,17.2,15.5,0.0,0.0,0.24,24.0,32.0,50896.0,4.0,4.0,40.0,0.0,100250.0
2025-03-29 18:00:00,26.1534831031405,23.07026745438,0.0,1.8682142857142856,18.8,57,0,6.4,57,20.9,17.4,15.5,0.0,0.0,0.09,24.0,34.0,25309.0,2.0,3.0,13.0,0.0,100220.0
2025-03-29 19:00:00,26.1003152178881,23.2681445240105,0.0,1.8674404761904762,16.0,68,0,7.2,86,19.0,17.5,15.5,0.0,0.0,0.04,21.0,47.0,5326.0,0.0,3.0,36.0,0.0,100260.0
2025-03-29 20:00:00,26.0871488629354,22.934901725052,0.0,1.8666666666666667,14.5,69,0,6.5,103,17.5,17.5,15.5,0.0,0.0,0.01,17.0,59.0,172.0,0.0,2.0,94.0,0.0,100320.0
2025-03-29 21:00:00,25.9287295848202,22.8598105172177,0.0,1.865892857142857,14.5,59,0,2.0,112,16.1,17.5,15.5,0.0,0.0,0.0,15.0,65.0,0.0,0.0,3.0,84.0,0.0,100390.0
2025-03-29 22:00:00,25.9616081126765,22.8766473568264,0.0,1.8651190476190476,14.5,54,0,1.5,103,15.0,17.3,15.5,0.0,0.0,0.0,15.0,60.0,0.0,0.0,1.0,137.0,0.0,100400.0
2025-03-29 23:00:00,25.8792906460424,22.7462052610347,0.0,1.864345238095238,14.3,49,0,2.2,121,14.1,17.1,15.6,0.0,0.0,0.0,12.0,70.0,0.0,0.0,0.0,285.0,0.0,100410.0
2025-03-30 00:00:00,26.1427710064823,22.8694295270059,0.0,1.8635714285714284,13.9,46,0,1.9,109,13.4,16.9,15.6,0.0,0.0,0.0,10.0,79.0,0.0,0.0,0.0,167.0,0.0,100450.0
2025-03-30 01:00:00,25.8288753771652,23.0275008609833,0.0,1.862797619047619,13.3,43,0,2.3,110,12.6,16.7,15.6,0.0,0.0,0.0,10.0,78.0,0.0,0.0,0.0,198.0,0.0,100450.0
2025-03-30 02:00:00,25.83933036110775,23.052063397351297,0.0,1.8620238095238095,13.3,44,0,1.1,84,12.2,16.4,15.6,0.0,0.0,0.0,9.0,78.0,0.0,0.0,0.0,204.0,0.0,100410.0
2025-03-30 03:00:00,25.8497853450503,23.0766259337193,0.0,1.8612499999999998,12.1,50,0,5.2,68,11.8,16.1,15.6,0.0,0.0,0.02,8.5,80.0,0.0,0.0,0.0,158.5,0.0,100420.0
2025-03-30 04:00:00,25.7850640374853,22.9022671565131,0.0,1.8604761904761904,11.8,52,0,2.5,75,11.4,15.9,15.6,0.0,0.0,0.0,8.0,82.0,0.0,0.0,0.0,113.0,0.0,100430.0
2025-03-30 05:00:00,25.9160711692948,22.6442314787611,0.0,1.859702380952381,12.0,51,0,2.2,71,11.1,15.6,15.6,0.0,0.0,0.0,7.0,76.0,0.0,0.0,1.0,168.0,0.0,100360.0
2025-03-30 06:00:00,25.9783434856443,22.7127737299108,0.0,1.8589285714285715,11.8,52,0,2.3,64,10.7,15.3,15.6,0.0,0.0,0.0,7.0,79.0,0.0,0.0,0.0,126.0,0.0,100350.0
2025-03-30 07:00:00,25.8720758737819,22.6203753068092,0.0,1.8581547619047618,13.1,58,0,1.5,52,11.1,15.1,15.6,0.0,0.0,0.02,7.0,79.0,0.0,0.0,1.0,90.0,0.0,100380.0
2025-03-30 08:00:00,25.9745034934119,22.7332401245339,0.0,1.8573809523809524,16.1,53,0,4.6,38,12.8,14.9,15.6,0.0,0.0,0.13,8.0,81.0,0.0,0.0,0.0,176.0,0.0,100420.0
2025-03-30 09:00:00,25.7571214733357,22.8863671462783,0.0,1.856607142857143,18.3,54,0,8.7,28,14.8,14.9,15.6,0.0,0.0,0.26,8.0,81.0,4776.0,0.0,1.0,276.0,0.0,100490.0
2025-03-30 10:00:00,25.663402898902,22.6726385764668,0.0,1.8558333333333332,20.4,43,0,12.9,38,16.9,15.0,15.6,0.0,0.0,0.4,12.0,71.0,21072.0,1.0,1.0,300.0,0.0,100570.0
2025-03-30 11:00:00,25.9163677893326,22.7333376214628,0.0,1.8550595238095238,21.4,37,0,17.0,44,18.7,15.1,15.6,0.0,0.0,0.5,17.0,54.0,50768.0,4.0,0.0,114.0,0.0,100630.0
2025-03-30 12:00:00,25.7933162328212,22.6116173721284,0.0,1.8542857142857143,21.5,32,0,21.9,45,20.1,15.4,15.6,0.0,0.0,0.56,20.0,45.0,75427.0,6.0,2.0,32.0,0.0,100630.0
2025-03-30 13:00:00,25.5082982162273,22.6304273914381,0.0,1.8535119047619046,21.0,33,0,23.3,50,20.8,15.7,15.6,0.0,0.0,0.56,21.0,46.0,90377.0,7.0,5.0,12.0,0.0,100610.0
2025-03-30 14:00:00,25.6637114791845,22.5382946707947,0.0,1.8527380952380952,20.1,37,0,23.2,50,21.2,16.0,15.6,0.0,0.0,0.52,21.0,44.0,97065.0,7.0,4.0,33.0,0.0,100610.0
2025-03-30 15:00:00,25.710649612961,22.3942077972573,0.0,1.8519642857142857,19.5,38,0,22.9,53,21.2,16.3,15.6,0.0,0.0,0.45,21.0,44.0,94676.0,8.0,4.0,36.0,0.0,100650.0
2025-03-30 16:00:00,25.5561827036442,22.3479636167586,0.0,1.851190476190476,18.5,45,0,20.9,54,20.8,16.5,15.6,0.0,0.0,0.35,20.0,40.0,86022.0,4.0,6.0,48.0,0.0,100610.0
2025-03-30 17:00:00,25.5856713664394,22.3008041627297,0.0,1.8504166666666666,17.3,53,0,19.3,54,19.9,16.7,15.6,0.0,0.0,0.23,20.0,40.0,69151.0,3.0,4.0,60.0,0.0,100610.0
2025-03-30 18:00:00,25.6086778971904,22.2778993228725,0.0,1.8496428571428571,15.8,64,0,14.6,59,18.7,16.8,15.6,0.0,0.0,0.1,19.0,46.0,46498.0,3.0,5.0,67.0,0.0,100630.0
2025-03-30 19:00:00,25.6483831578564,22.1357318513473,0.0,1.8488690476190477,14.2,72,0,9.9,64,17.3,16.9,15.6,0.0,0.0,0.04,19.0,47.0,21269.0,1.0,6.0,90.0,0.0,100680.0
2025-03-30 20:00:00,25.3486512935522,22.1693763367442,0.0,1.848095238095238,12.6,82,0,5.7,67,16.0,16.8,15.6,0.0,0.0,0.0,17.0,55.0,4408.0,0.0,4.0,60.0,0.0,100740.0
2025-03-30 21:00:00,25.5611645070149,22.2980698392552,0.0,1.8473214285714286,12.5,82,0,1.8,55,14.8,16.7,15.6,0.0,0.0,0.0,14.0,64.0,0.0,0.0,3.0,92.0,0.0,100800.0
2025-03-30 22:00:00,25.6555516000171,22.1398286347368,0.0,1.846547619047619,12.0,84,0,0.8,37,13.7,16.6,15.6,0.0,0.0,0.0,14.0,74.0,0.0,0.0,3.0,60.0,0.0,100820.0
2025-03-30 23:00:00,25.6158080954645,22.3121727150793,0.0,1.8457738095238094,11.1,86,0,0.4,28,12.9,16.4,15.6,0.0,0.0,0.0,11.0,82.0,0.0,0.0,0.0,156.0,0.0,100830.0
2025-03-31 00:00:00,25.6939635301479,22.2505083736797,0.0,1.845,10.0,87,0,3.2,315,12.2,16.1,15.6,0.0,0.0,0.0,9.0,88.0,0.0,0.0,0.0,288.0,0.0,100830.0
2025-03-31 01:00:00,25.608372428351,22.0278719943768,0.0,1.8442261904761905,9.9,89,0,6.4,275,12.1,15.9,15.6,0.0,0.0,0.0,8.0,88.0,0.0,0.0,1.0,172.0,0.0,100810.0
2025-03-31 02:00:00,25.5796335214752,22.1824547689414,0.0,1.8434523809523808,9.1,93,0,8.7,265,11.8,15.7,15.6,0.0,0.0,0.0,10.0,81.0,0.0,0.0,1.0,204.0,0.0,100790.0
2025-03-31 03:00:00,25.4937871044154,22.2279930682101,0.0,1.8426785714285714,8.0,94,0,5.0,269,11.4,15.5,15.6,0.0,0.0,0.0,8.0,86.0,0.0,0.0,0.0,192.0,0.0,100770.0
2025-03-31 04:00:00,25.4828557329005,22.1470775618077,0.0,1.841904761904762,7.5,88,0,3.5,258,10.8,15.2,15.6,0.0,0.0,0.0,8.0,89.0,0.0,0.0,0.0,186.0,0.0,100700.0
2025-03-31 05:00:00,25.351130533448,22.1836696219576,0.0,1.8411309523809523,7.8,81,0,3.9,267,10.3,15.0,15.6,0.0,0.0,0.0,7.0,91.0,0.0,0.0,0.0,174.0,0.0,100660.0
2025-03-31 06:00:00,25.4815435310591,22.1086826605645,0.0,1.8403571428571428,7.9,77,0,1.7,285,9.9,14.7,15.6,0.0,0.0,0.0,8.0,92.0,0.0,0.0,0.0,198.0,0.0,100640.0
2025-03-31 07:00:00,25.480060141862,22.0575881090657,0.0,1.8395833333333333,10.3,67,0,0.7,16,10.2,14.5,15.6,0.0,0.0,0.01,6.0,92.0,0.0,0.0,0.0,142.0,0.0,100620.0
2025-03-31 08:00:00,25.289273614936,22.0171787646443,0.0,1.838809523809524,13.7,63,0,4.4,23,11.7,14.3,15.6,0.0,0.0,0.12,5.0,92.0,236.0,0.0,0.0,174.0,0.0,100590.0
2025-03-31 09:00:00,25.464467554414,22.1905749861591,0.0,1.8380357142857142,16.0,56,0,7.2,23,13.7,14.2,15.6,0.0,0.0,0.25,7.0,89.0,6084.0,0.0,0.0,168.0,0.0,100600.0
2025-03-31 10:00:00,25.3647342637337,22.2216359621618,0.0,1.8372619047619048,17.7,50,0,9.9,26,15.8,14.3,15.6,0.0,0.0,0.37,13.0,78.0,26784.0,2.0,1.0,258.0,0.0,100600.0
2025-03-31 11:00:00,25.4519145157671,21.9693199300574,0.0,1.8364880952380953,19.4,46,0,11.0,23,17.8,14.5,15.6,0.0,0.0,0.47,16.0,66.0,57000.0,5.0,1.0,65.0,0.0,100580.0
2025-03-31 12:00:00,25.1661186036322,21.9904417440509,0.0,1.8357142857142856,20.6,44,0,12.5,24,19.5,14.7,15.6,0.0,0.0,0.53,18.0,56.0,79480.0,6.0,0.0,58.0,0.0,100570.0
2025-03-31 13:00:00,25.229011560888,21.8764048463597,0.0,1.8349404761904762,20.8,45,0,12.2,30,20.4,15.0,15.6,0.0,0.0,0.54,21.0,48.0,94273.0,6.0,3.0,66.0,0.0,100490.0
2025-03-31 14:00:00,25.1019621081674,21.7320066569695,0.0,1.8341666666666667,20.8,43,0,13.4,36,21.2,15.4,15.6,0.0,0.0,0.51,21.0,53.0,99777.0,8.0,3.0,14.0,0.0,100410.0
2025-03-31 15:00:00,25.2154404620255,21.5333294239489,0.0,1.833392857142857,20.4,45,14,14.1,37,21.4,15.7,15.6,0.0,0.0,0.44,21.0,46.0,95389.0,9.0,4.0,23.0,0.0,100350.0
2025-03-31 16:00:00,25.0058960988023,21.6005916816629,0.0,1.8326190476190476,19.7,48,0,13.0,36,21.1,16.0,15.6,0.0,0.0,0.34,21.0,44.0,84276.0,6.0,4.0,71.0,0.0,100290.0
2025-03-31 17:00:00,25.1393077220453,21.6916681322236,0.0,1.8318452380952381,18.5,54,0,11.5,36,20.3,16.3,15.6,0.0,0.0,0.22,21.0,45.0,66122.0,5.0,4.0,42.0,0.0,100220.0
2025-03-31 18:00:00,25.1394984547129,21.5439069021549,0.0,1.8310714285714285,16.2,69,0,5.6,36,19.0,16.4,15.6,0.0,0.0,0.07,20.0,56.0,41929.0,2.0,4.0,32.0,0.0,100210.0
2025-03-31 19:00:00,25.0999119874,21.6470555815988,0.0,1.830297619047619,13.7,81,0,2.3,33,17.1,16.5,15.6,0.0,0.0,0.01,19.0,56.0,16920.0,1.0,4.0,27.0,0.0,100190.0
2025-03-31 20:00:00,25.0347489728425,21.5484288253877,0.0,1.8295238095238096,13.0,85,0,1.3,14,15.6,16.5,15.6,0.0,0.0,0.0,17.0,64.0,3271.0,0.0,3.0,42.0,0.0,100180.0
2025-03-31 21:00:00,25.1172629631406,21.5131384926554,0.0,1.8287499999999999,12.0,87,20,2.4,315,14.5,16.4,15.6,0.0,0.0,0.0,14.0,80.0,0.0,0.0,1.0,60.0,0.0,100180.0
2025-03-31 22:00:00,24.9581253697467,21.538540192728,0.0,1.8279761904761904,11.4,85,70,2.6,274,13.6,16.2,15.6,0.0,0.0,0.0,12.0,86.0,0.0,0.0,0.0,198.0,0.0,100210.0
2025-03-31 23:00:00,25.0146657561824,21.4329661463458,0.0,1.827202380952381,11.1,83,79,3.1,253,12.8,16.0,15.6,0.0,0.0,0.0,10.0,85.0,0.0,0.0,0.0,178.0,0.0,100230.0
2025-04-01 00:00:00,25.0612559414316,21.5359457396266,0.0,1.8264285714285715,11.0,81,98,3.2,236,12.2,15.8,15.6,0.0,0.0,0.0,10.0,87.0,0.0,0.0,0.0,168.0,0.0,100210.0
2025-04-01 01:00:00,24.9501445880394,21.4069574445514,0.0,1.8256547619047618,10.6,83,98,6.0,240,11.7,15.7,15.6,0.0,0.0,0.0,9.0,92.0,0.0,0.0,0.0,177.0,0.0,100170.0
2025-04-01 02:00:00,24.9183612107152,21.5444836575182,0.0,1.8248809523809524,10.4,85,99,6.1,251,11.6,15.4,15.6,0.0,0.0,0.0,8.0,94.0,0.0,0.0,0.0,192.0,0.0,100160.0
2025-04-01 03:00:00,25.0876713422179,21.7192678745139,0.0,1.824107142857143,10.4,81,98,3.6,245,11.3,15.2,15.6,0.0,0.0,0.0,8.0,95.0,0.0,0.0,0.0,167.0,0.0,100130.0
2025-04-01 04:00:00,24.8405400334388,21.4822870722955,0.0,1.8233333333333333,10.5,78,100,2.7,247,11.0,15.0,15.6,0.0,0.0,0.0,9.0,95.0,0.0,0.0,0.0,180.0,0.0,100110.0
2025-04-01 05:00:00,24.9565567868039,21.619393943075,0.0,1.8225595238095238,10.1,78,99,3.9,222,10.7,14.8,15.6,0.0,0.0,0.0,8.0,95.0,0.0,0.0,0.0,173.0,0.0,100070.0
2025-04-01 06:00:00,25.0206888266506,21.6621581520513,0.0,1.8217857142857143,10.0,78,100,3.0,236,10.5,14.5,15.6,0.0,0.0,0.0,8.0,94.0,0.0,0.0,0.0,174.0,0.0,100000.0
2025-04-01 07:00:00,25.0159644574614,21.5075210468659,0.0,1.8210119047619047,11.7,77,100,3.3,280,10.9,14.3,15.6,0.0,0.0,0.02,8.0,95.0,0.0,0.0,0.0,156.0,0.0,100000.0
2025-04-01 08:00:00,24.9212371847103,21.3492891428785,0.0,1.8202380952380952,14.6,69,100,3.6,255,12.3,14.2,15.6,0.0,0.0,0.1,8.0,95.0,640.0,0.0,0.0,198.0,0.0,99940.0
2025-04-01 09:00:00,24.9360635121932,21.5233746163302,0.0,1.8194642857142858,16.8,58,100,1.1,333,14.2,14.2,15.6,0.0,0.0,0.21,11.0,95.0,8727.0,0.0,0.0,180.0,0.0,99940.0
2025-04-01 10:00:00,24.8973493379199,21.5116605869161,0.0,1.818690476190476,18.6,52,20,4.3,356,16.3,14.3,15.6,0.0,0.0,0.34,14.0,83.0,34778.0,2.0,0.0,276.0,0.0,99970.0
2025-04-01 11:00:00,24.9745104053619,21.5419993623263,0.0,1.8179166666666666,20.2,49,40,7.0,355,18.4,14.5,15.6,0.0,0.0,0.47,17.0,62.0,44349.0,4.0,2.0,112.0,0.0,99970.0
2025-04-01 12:00:00,24.7270647293719,21.2504833230023,0.0,1.8171428571428572,21.0,44,22,11.1,339,20.0,14.8,15.6,0.0,0.0,0.53,19.0,59.0,73895.0,5.0,1.0,44.0,0.0,99970.0
2025-04-01 13:00:00,24.9334461578108,21.2796470911468,0.0,1.8163690476190477,21.2,42,39,13.3,339,20.9,15.2,15.6,0.0,0.0,0.54,19.0,51.0,67438.0,5.0,2.0,351.0,0.0,99930.0
2025-04-01 14:00:00,24.5557723342553,21.3565108209164,0.0,1.815595238095238,21.1,43,25,11.8,337,21.5,15.6,15.6,0.0,0.0,0.51,20.0,42.0,91157.0,7.0,5.0,6.0,0.0,99870.0
2025-04-01 15:00:00,24.5591187630037,21.2081832144431,0.0,1.8148214285714286,20.4,48,3,9.5,336,21.7,15.9,15.6,0.0,0.0,0.43,20.0,41.0,93520.0,6.0,2.0,1.0,0.0,99800.0
2025-04-01 16:00:00,24.793411303649,21.1305940350314,0.0,1.8140476190476191,19.9,50,6,7.1,344,21.5,16.3,15.6,0.0,0.0,0.32,20.0,52.0,79752.0,7.0,4.0,27.0,0.0,99770.0
2025-04-01 17:00:00,24.6968181786447,21.0537883732773,0.0,1.8132738095238095,19.6,54,10,3.4,321,20.8,16.5,15.6,0.0,0.0,0.19,20.0,56.0,59582.0,3.0,5.0,27.0,0.0,99700.0
2025-04-01 18:00:00,24.5287083623553,20.9562442765084,0.0,1.8125,17.4,73,30,2.8,43,19.6,16.7,15.6,0.0,0.0,0.07,19.0,59.0,35398.0,1.0,2.0,53.0,0.0,99660.0
2025-04-01 19:00:00,24.6729436870685,20.8042247400408,0.0,1.8117261904761905,15.2,77,70,3.6,132,17.9,16.8,15.6,0.0,0.0,0.02,19.0,65.0,13007.0,1.0,2.0,343.0,0.0,99650.0
2025-04-01 20:00:00,24.4677940134554,20.9461868949363,0.0,1.8109523809523809,14.5,74,100,3.8,169,16.7,16.8,15.6,0.0,0.0,0.0,16.0,81.0,1403.0,0.0,2.0,37.0,0.0,99660.0
2025-04-01 21:00:00,24.584826144911,21.014240336166,0.0,1.8101785714285714,14.2,71,98,4.0,202,15.9,16.8,15.6,0.0,0.0,0.0,15.0,86.0,0.0,0.0,0.0,102.0,0.0,99650.0
2025-04-01 22:00:00,24.8141316418492,20.9877977092039,0.0,1.809404761904762,13.9,70,21,4.9,207,15.2,16.7,15.6,0.0,0.0,0.01,15.0,86.0,0.0,0.0,2.0,144.0,0.0,99680.0
2025-04-01 23:00:00,24.5925377232988,21.108575851511,0.0,1.8086309523809523,13.5,72,1,6.0,214,14.6,16.5,15.6,0.0,0.0,0.01,14.0,85.0,0.0,0.0,1.0,186.0,0.0,99670.0
2025-04-02 00:00:00,24.5934648941594,21.1019737596607,0.0,1.8078571428571428,13.2,75,0,5.6,212,14.1,16.4,15.6,0.0,0.0,0.0,14.0,84.0,0.0,0.0,1.0,282.0,0.0,99610.0
2025-04-02 01:00:00,24.7091906428118,20.9963388067546,0.0,1.8070833333333334,13.4,75,6,2.0,212,13.9,16.2,15.6,0.0,0.0,0.0,11.0,89.0,0.0,0.0,1.0,174.0,0.0,99600.0
2025-04-02 02:00:00,24.361435089761,21.0025210057921,0.0,1.806309523809524,13.1,77,1,2.0,135,13.5,16.1,15.6,0.0,0.0,0.0,12.0,91.0,0.0,0.0,0.0,198.0,0.0,99560.0
2025-04-02 03:00:00,24.5481861713716,21.0726559715297,0.0,1.8055357142857142,12.1,82,0,3.6,137,13.1,15.9,15.6,0.0,0.0,0.0,12.0,87.0,0.0,0.0,0.0,168.0,0.0,99520.0
2025-04-02 04:00:00,24.6890598699667,21.2243688246656,0.0,1.8047619047619048,11.3,85,0,3.5,159,12.8,15.7,15.6,0.0,0.0,0.0,12.0,88.0,0.0,0.0,1.0,186.0,0.0,99440.0
2025-04-02 05:00:00,24.6124390329355,20.9759321603729,0.0,1.8039880952380953,10.8,87,0,3.5,191,12.5,15.6,15.6,0.0,0.0,0.0,13.0,84.0,0.0,0.0,0.0,178.0,0.0,99370.0
2025-04-02 06:00:00,24.5817619888472,21.0492154066232,0.0,1.8032142857142857,10.6,86,0,3.3,175,12.3,15.4,15.6,0.0,0.0,0.0,12.0,87.0,0.0,0.0,0.0,134.0,0.0,99340.0
2025-04-02 07:00:00,24.5864441084988,21.1462284646071,0.0,1.8024404761904762,12.8,79,1,6.9,247,12.6,15.2,15.6,0.0,0.0,0.03,12.0,84.0,0.0,0.0,1.0,186.0,0.0,99340.0
2025-04-02 08:00:00,24.5475670753427,20.9738674360755,0.0,1.8016666666666667,17.2,68,21,3.1,261,14.0,15.1,15.6,0.0,0.0,0.13,12.0,80.0,2125.0,0.0,1.0,204.0,0.0,99370.0
2025-04-02 09:00:00,24.5365174393567,20.9438370741932,0.0,1.800892857142857,19.9,57,39,3.1,14,16.1,15.1,15.6,0.0,0.0,0.26,16.0,73.0,12826.0,0.0,0.0,192.0,0.0,99400.0
2025-04-02 10:00:00,24.4921464521358,20.9046317618423,0.0,1.8001190476190476,21.7,53,7,3.6,21,18.3,15.3,15.6,0.0,0.0,0.39,19.0,60.0,37020.0,2.0,0.0,240.0,0.0,99430.0
2025-04-02 11:00:00,24.4190651402233,20.8756401786617,0.0,1.7993452380952382,23.0,50,7,5.7,22,20.3,15.5,15.6,0.0,0.0,0.49,21.0,52.0,66066.0,6.0,1.0,279.0,0.0,99450.0
2025-04-02 12:00:00,24.2655542588454,20.8329329311504,19.78098874652552,1.7985714285714285,23.1,52,18,13.1,39,21.7,15.8,15.6,0.0,0.0,0.52,22.0,44.0,86219.0,6.0,2.0,324.0,0.0,99460.0
2025-04-02 13:00:00,24.5164474293576,25.2949580418724,0.0,1.797797619047619,21.7,58,31,19.6,44,22.3,16.2,15.6,0.0,0.0,0.49,22.0,55.0,96736.0,6.0,7.0,44.0,0.0,99410.0
2025-04-02 14:00:00,24.5192921088949,26.4741304791442,0.0,1.7970238095238096,21.8,59,4,18.2,48,22.7,16.6,15.6,0.0,0.0,0.46,22.0,56.0,98240.0,8.0,4.0,42.0,0.0,99370.0
2025-04-02 15:00:00,24.4838960519437,26.0565598719738,0.0,1.79625,20.9,61,3,18.1,48,22.6,16.9,15.7,0.0,0.0,0.39,21.0,59.0,92361.0,5.0,5.0,10.0,0.0,99350.0
2025-04-02 16:00:00,24.8168809575141,25.5911289383174,0.0,1.7954761904761904,20.8,63,0,16.2,51,22.3,17.2,15.7,0.0,0.0,0.32,21.0,62.0,77952.0,6.0,5.0,38.0,0.0,99350.0
2025-04-02 17:00:00,24.9585364664932,25.3777966172224,0.0,1.794702380952381,19.1,68,2,16.0,40,21.5,17.4,15.7,0.0,0.0,0.2,21.0,63.0,57125.0,4.0,4.0,60.0,0.0,99330.0
2025-04-02 18:00:00,25.1623995551338,25.3179358113695,0.0,1.7939285714285715,17.9,76,0,13.2,24,20.3,17.6,15.7,0.0,0.0,0.09,20.0,61.0,32024.0,2.0,3.0,52.0,0.0,99340.0
2025-04-02 19:00:00,25.2614072580197,24.9045798318546,0.0,1.7931547619047619,15.9,86,15,8.8,43,18.9,17.7,15.7,0.0,0.0,0.03,20.0,62.0,10633.0,1.0,3.0,6.0,0.0,99400.0
2025-04-02 20:00:00,25.5267598309515,24.730609876929,0.0,1.7923809523809524,14.5,91,0,5.1,56,17.7,17.7,15.7,0.0,0.0,0.0,18.0,66.0,1214.0,0.0,3.0,60.0,0.0,99430.0
2025-04-02 21:00:00,25.5560327100833,24.875324309641,0.0,1.791607142857143,14.4,91,0,1.6,55,16.6,17.6,15.7,0.0,0.0,0.0,16.0,73.0,0.0,0.0,1.0,84.0,0.0,99480.0
2025-04-02 22:00:00,25.5182413719617,24.765656069868,0.0,1.7908333333333333,13.9,92,3,1.2,27,15.8,17.5,15.7,0.0,0.0,0.0,15.0,78.0,0.0,0.0,0.0,8.0,0.0,99550.0
2025-04-02 23:00:00,25.705032212094,24.5886326194338,0.0,1.7900595238095238,13.7,92,2,1.6,323,15.1,17.3,15.7,0.0,0.0,0.0,14.0,80.0,0.0,0.0,0.0,118.0,0.0,99590.0
2025-04-03 00:00:00,25.6721453714672,24.6531892172505,0.0,1.7892857142857144,13.3,92,0,1.3,308,14.6,17.1,15.7,0.0,0.0,0.0,14.0,81.0,0.0,0.0,0.0,161.0,0.0,99610.0
2025-04-03 01:00:00,25.6990515154594,24.5384463669072,0.0,1.7885119047619047,13.7,90,0,0.2,9,14.9,17.0,15.8,0.0,0.0,0.0,12.0,82.0,0.0,0.0,0.0,186.0,0.0,99620.0
2025-04-03 02:00:00,25.7270863297236,24.5235476785673,0.0,1.7877380952380952,13.2,90,0,0.6,330,14.3,16.9,15.8,0.0,0.0,0.0,11.0,85.0,0.0,0.0,1.0,167.0,0.0,99620.0
2025-04-03 03:00:00,25.8161744290202,24.3871829282437,0.0,1.7869642857142858,12.5,90,3,3.3,266,13.8,16.7,15.8,0.0,0.0,0.0,11.0,87.0,0.0,0.0,0.0,110.0,0.0,99600.0
2025-04-03 04:00:00,25.8999298540368,24.3464051489902,0.0,1.786190476190476,12.2,90,8,5.3,254,13.5,16.5,15.8,0.0,0.0,0.0,12.0,92.0,0.0,0.0,0.0,94.0,0.0,99590.0
2025-04-03 05:00:00,25.7985833604875,24.2086437613602,0.0,1.7854166666666667,12.6,92,70,8.4,237,13.5,16.3,15.8,0.0,0.0,0.0,13.0,94.0,0.0,0.0,0.0,192.0,0.0,99600.0
2025-04-03 06:00:00,25.5903307260214,24.3027982125541,0.0,1.7846428571428572,13.6,89,100,9.5,232,13.8,16.2,15.8,0.0,0.0,0.0,12.0,95.0,0.0,0.0,0.0,178.0,0.0,99620.0
2025-04-03 07:00:00,25.5945822926493,24.1304558188321,0.0,1.7838690476190477,15.1,84,100,10.7,231,14.3,16.0,15.8,0.0,0.0,0.04,12.0,92.0,0.0,0.0,2.0,204.0,0.0,99690.0
2025-04-03 08:00:00,25.9137870696904,24.0567211253822,0.0,1.783095238095238,16.4,81,100,11.4,245,15.1,16.0,15.8,0.0,0.0,0.09,14.0,86.0,2208.0,0.0,0.0,204.0,0.0,99720.0
2025-04-03 09:00:00,25.8998224674754,24.1358848577408,0.0,1.7823214285714286,17.6,75,85,9.7,255,16.2,15.9,15.8,0.0,0.0,0.17,15.0,82.0,12312.0,0.0,1.0,282.0,0.0,99770.0
2025-04-03 10:00:00,25.8957172946497,23.9187124655474,0.0,1.7815476190476192,18.8,69,100,7.6,270,17.5,16.0,15.8,0.0,0.0,0.22,17.0,76.0,23456.0,1.0,2.0,234.0,0.0,99820.0
2025-04-03 11:00:00,25.849889077051,23.8875968213357,0.0,1.7807738095238095,20.2,63,100,7.7,291,19.1,16.1,15.8,0.0,0.0,0.35,19.0,70.0,76592.0,5.0,1.0,1.0,0.0,99840.0
2025-04-03 12:00:00,25.6800554629964,24.0116985909084,0.0,1.78,21.3,58,84,9.7,314,20.4,16.3,15.8,0.0,0.0,0.39,20.0,65.0,90529.0,7.0,2.0,299.0,0.0,99840.0
2025-04-03 13:00:00,25.7743537934869,23.9490661167001,0.0,1.7798809523809525,21.7,59,98,14.1,8,22.1,16.7,15.8,0.0,0.0,0.49,20.0,69.0,116329.0,7.0,2.0,18.0,0.0,99780.0
2025-04-03 14:00:00,25.8343512762713,23.7535812171131,0.0,1.7797619047619049,20.0,69,66,15.9,31,22.4,17.0,15.8,0.0,0.0,0.38,20.0,71.0,44600.0,4.0,5.0,33.0,0.0,99750.0
2025-04-03 15:00:00,25.6726323841811,23.722777614379,0.0,1.779642857142857,19.7,69,97,14.4,47,22.4,17.3,15.8,0.0,0.0,0.33,20.0,66.0,75232.0,6.0,5.0,18.0,0.0,99700.0
2025-04-03 16:00:00,25.6309306210827,23.7177100681213,0.0,1.7795238095238095,19.5,68,98,13.2,56,22.0,17.5,15.8,0.0,0.0,0.27,19.0,72.0,65315.0,5.0,4.0,72.0,0.0,99710.0
2025-04-03 17:00:00,25.7360408304656,23.5173651417878,0.0,1.779404761904762,18.5,72,6,12.9,48,21.3,17.7,15.8,0.0,0.0,0.18,19.0,72.0,27724.0,2.0,3.0,45.0,0.0,99630.0
2025-04-03 18:00:00,25.8130318401189,23.6637717468271,0.0,1.7792857142857144,17.1,80,8,11.3,65,20.2,17.9,15.8,0.0,0.0,0.08,19.0,73.0,15048.0,1.0,4.0,42.0,0.0,99600.0
2025-04-03 19:00:00,25.7577475934705,23.2910037556111,0.0,1.7791666666666668,15.4,88,7,8.0,77,18.8,17.9,15.8,0.0,0.0,0.02,18.0,70.0,8960.0,0.0,4.0,48.0,0.0,99560.0
2025-04-03 20:00:00,25.8198103481204,23.5167138168423,0.0,1.779047619047619,14.3,85,0,7.4,84,17.7,17.9,15.9,0.0,0.0,0.0,17.0,74.0,483.0,0.0,2.0,53.0,0.0,99560.0
2025-04-03 21:00:00,25.7557548617255,23.4346509509367,0.0,1.7789285714285714,13.3,83,0,6.1,58,16.6,17.8,15.9,0.0,0.0,0.0,15.0,85.0,0.0,0.0,1.0,117.0,0.0,99550.0
2025-04-03 22:00:00,25.8899948437308,23.4282083262246,0.0,1.7788095238095238,12.8,84,20,2.7,23,15.6,17.7,15.9,0.0,0.0,0.0,14.5,87.0,0.0,0.0,0.5,85.0,0.0,99545.0
2025-04-03 23:00:00,25.7737445100289,23.1574962940013,0.0,1.7786904761904763,12.2,87,88,9.4,315,14.9,17.5,15.9,0.0,0.0,0.0,14.0,89.0,0.0,0.0,0.0,53.0,0.0,99540.0
2025-04-04 00:00:00,25.7633159510537,23.5102026050909,0.0,1.7785714285714287,12.6,93,37,18.1,245,14.6,17.3,15.9,0.0,0.0,0.0,13.0,92.0,0.0,0.0,0.0,291.0,0.0,99520.0
2025-04-04 01:00:00,25.9109191897765,23.2755246466323,0.0,1.778452380952381,14.0,87,38,9.2,203,15.0,17.2,15.9,0.0,0.0,0.0,12.0,93.0,0.0,0.0,0.0,204.0,0.0,99500.0
2025-04-04 02:00:00,25.6128519997542,23.3533045590422,0.0,1.7783333333333333,13.3,86,44,8.5,219,14.7,17.0,15.9,0.0,0.0,0.0,14.0,93.0,0.0,0.0,3.0,228.0,0.0,99790.0
2025-04-04 03:00:00,25.699170059243,23.1837208967478,0.0,1.7782142857142857,13.7,83,4,6.3,230,14.5,16.9,15.9,0.0,0.0,0.0,15.0,89.0,0.0,0.0,2.0,246.0,0.0,99910.0
2025-04-04 04:00:00,25.6415462082142,23.2168252843658,0.0,1.7780952380952382,12.7,87,0,3.2,236,14.1,16.7,15.9,0.0,0.0,0.0,13.0,91.0,0.0,0.0,0.0,146.0,0.0,99870.0
2025-04-04 05:00:00,25.6904146748314,23.1674203402575,0.0,1.7779761904761906,12.5,85,0,1.5,169,13.6,16.5,15.9,0.0,0.0,0.0,13.0,89.0,0.0,0.0,2.0,157.0,0.0,99930.0
2025-04-04 06:00:00,25.63893798908,23.2794356172186,0.0,1.7778571428571428,12.5,83,0,1.5,158,13.2,16.3,15.9,0.0,0.0,0.0,13.0,92.0,0.0,0.0,2.0,128.0,0.0,99910.0
2025-04-04 07:00:00,25.7294972150572,23.1243401141281,0.0,1.7777380952380952,14.6,78,0,3.6,212,13.6,16.2,15.9,0.0,0.0,0.03,13.0,90.0,0.0,0.0,0.0,145.0,0.0,99930.0
2025-04-04 08:00:00,25.7105177172732,23.2134895122234,0.0,1.7776190476190477,18.0,68,0,1.2,212,15.1,16.1,15.9,0.0,0.0,0.13,12.0,93.0,0.0,0.0,0.0,204.0,0.0,99930.0
2025-04-04 09:00:00,25.709863149996,23.2906682813613,0.0,1.7775,20.7,61,0,3.1,285,17.1,16.1,15.9,0.0,0.0,0.27,12.0,94.0,5440.0,0.0,0.0,204.0,0.0,100010.0
2025-04-04 10:00:00,25.665703155206,23.1344752166324,0.0,1.7773809523809525,23.5,51,0,5.6,263,19.4,16.2,15.9,0.0,0.0,0.41,16.0,83.0,19900.0,1.0,2.0,285.0,0.0,100030.0
2025-04-04 11:00:00,25.813841969759,22.9823802227946,0.0,1.7772619047619047,25.6,40,6,10.6,265,21.3,16.4,15.9,0.0,0.0,0.54,18.0,74.0,47093.0,2.0,2.0,264.0,0.0,100080.0
2025-04-04 12:00:00,25.5492732508329,23.125478890019,0.0,1.7771428571428571,26.5,38,26,11.9,268,22.8,16.7,15.9,0.0,0.0,0.58,21.0,61.0,70293.0,5.0,0.0,19.0,0.0,100100.0
2025-04-04 13:00:00,25.5692478415372,22.89456065106,0.0,1.7770238095238096,26.6,39,34,10.2,275,23.6,17.1,15.9,0.0,0.0,0.54,24.0,48.0,85388.0,7.0,3.0,228.0,0.0,100070.0
2025-04-04 14:00:00,25.6395397148187,22.932875395841,0.0,1.776904761904762,26.8,38,87,8.0,296,24.4,17.4,15.9,0.0,0.0,0.53,25.0,39.0,110519.0,9.0,6.0,317.0,0.0,100050.0
2025-04-04 15:00:00,25.5585942666717,22.8181414452041,0.0,1.7767857142857144,23.8,46,48,16.9,3,23.7,17.8,16.0,0.0,0.0,0.31,26.0,37.0,107084.0,8.0,3.0,257.0,0.0,100000.0
2025-04-04 16:00:00,25.3942558619232,22.7913742722281,0.0,1.7766666666666666,23.1,47,26,13.5,44,23.3,18.1,16.0,0.0,0.0,0.33,27.0,35.0,96425.0,6.0,2.0,318.0,0.0,99960.0
2025-04-04 17:00:00,25.4544020798447,22.6952155798359,0.0,1.776547619047619,22.4,51,30,8.9,72,22.7,18.3,16.0,0.0,0.0,0.22,23.0,47.0,31378.0,3.0,6.0,0.0,0.0,99990.0
2025-04-04 18:00:00,25.3271755724091,22.6746203503484,0.0,1.7764285714285715,20.4,62,15,5.1,358,21.6,18.5,16.0,0.0,0.0,0.09,23.0,48.0,26400.0,1.0,4.0,7.0,0.0,100020.0
2025-04-04 19:00:00,25.3920627184516,22.6889705314799,0.0,1.776309523809524,17.9,74,12,1.8,339,20.0,18.6,16.0,0.0,0.0,0.02,22.0,57.0,23679.0,1.0,3.0,37.0,0.0,100070.0
2025-04-04 20:00:00,25.5981171333492,22.609239667678,0.0,1.7761904761904763,16.9,78,9,1.0,22,18.7,18.5,16.0,0.0,0.0,0.0,21.0,55.0,6898.0,0.0,3.0,30.0,0.0,100090.0
2025-04-04 21:00:00,25.3104981371964,22.7516258147079,0.0,1.7760714285714285,16.4,76,0,1.9,104,17.6,18.5,16.0,0.0,0.0,0.0,19.0,58.0,187.0,0.0,1.0,120.0,0.0,100140.0
2025-04-04 22:00:00,25.4850582646929,22.5220479183261,0.0,1.775952380952381,15.7,76,1,1.7,18,16.7,18.3,16.0,0.0,0.0,0.0,17.0,66.0,0.0,0.0,0.0,54.0,0.0,100250.0
2025-04-04 23:00:00,25.4947360269295,22.400562171596,0.0,1.7758333333333334,14.8,81,1,1.8,27,16.0,18.2,16.1,0.0,0.0,0.0,17.0,66.0,0.0,0.0,1.0,154.0,0.0,100360.0
2025-04-05 00:00:00,25.6253393123763,22.6181096799626,0.0,1.7757142857142858,14.1,82,0,3.1,74,15.4,18.0,16.1,0.0,0.0,0.0,16.0,76.0,0.0,0.0,1.0,119.0,0.0,100410.0
2025-04-05 01:00:00,25.5877993637992,22.8769470359364,0.0,1.7755952380952382,14.3,78,0,2.6,90,15.2,17.9,16.1,0.0,0.0,0.0,14.0,82.0,0.0,0.0,0.0,161.0,0.0,100410.0
2025-04-05 02:00:00,25.5040297075191,22.6530118964671,0.0,1.7754761904761904,13.9,78,1,2.6,90,14.6,17.7,16.1,0.0,0.0,0.0,13.0,84.0,0.0,0.0,1.0,134.0,0.0,100410.0
2025-04-05 03:00:00,25.3675882512531,22.6345862938941,0.0,1.7753571428571429,13.3,81,24,4.9,79,14.2,17.5,16.1,0.0,0.0,0.0,13.0,80.0,0.0,0.0,1.0,120.0,0.0,100390.0
2025-04-05 04:00:00,25.3672354673856,22.6416810708808,0.0,1.7752380952380953,13.2,84,42,5.6,77,14.0,17.3,16.1,0.0,0.0,0.0,13.0,82.0,0.0,0.0,0.0,125.0,0.0,100410.0
2025-04-05 05:00:00,25.4501057975384,22.5190364581234,0.0,1.7751190476190477,13.4,85,99,3.9,70,13.9,17.1,16.1,0.0,0.0,0.0,13.0,82.0,0.0,0.0,1.0,138.0,0.0,100400.0
2025-04-05 06:00:00,25.3126777807745,22.5013584411389,0.0,1.775,13.6,87,100,3.8,70,13.9,16.9,16.1,0.1,0.1,0.02,12.0,86.0,0.0,0.0,0.0,92.0,0.0,100390.0
2025-04-05 07:00:00,25.1921304887346,22.5388454025259,0.0,1.7748809523809523,15.2,84,30,5.2,86,14.4,16.7,16.1,0.0,0.0,0.03,13.0,80.0,0.0,0.0,1.0,184.0,0.0,100440.0
2025-04-05 08:00:00,25.2723085092137,22.5689111773858,0.0,1.7747619047619048,16.8,79,36,3.8,73,15.5,16.6,16.1,0.0,0.0,0.09,13.0,86.0,149.0,0.0,0.0,103.0,0.0,100450.0
2025-04-05 09:00:00,25.2550991048255,22.5524725761979,0.0,1.7746428571428572,18.2,71,32,4.7,20,17.0,16.6,16.1,0.0,0.0,0.22,15.0,84.0,8036.0,0.0,0.0,109.0,0.0,100480.0
2025-04-05 10:00:00,25.133422089312,22.5178186284289,0.0,1.7745238095238096,19.4,66,29,4.8,19,18.6,16.7,16.1,0.1,0.1,0.31,17.0,77.0,30560.0,1.0,2.0,119.0,0.0,100480.0
2025-04-05 11:00:00,25.2270387032867,22.2831751236711,0.0,1.7744047619047618,20.8,61,51,7.2,10,20.3,16.8,16.1,0.1,0.1,0.42,19.0,70.0,32318.0,2.0,0.0,217.0,0.0,100490.0
2025-04-05 12:00:00,25.2596249583224,22.2372865046532,0.0,1.7742857142857142,20.3,62,90,12.7,13,20.8,17.0,16.1,0.0,0.0,0.32,19.0,68.0,47622.0,4.0,2.0,77.0,0.0,100540.0
2025-04-05 13:00:00,25.3221128395325,22.1536903791535,0.0,1.7741666666666667,20.1,63,99,13.1,13,21.8,17.3,16.1,0.1,0.1,0.42,20.0,65.0,44610.0,4.0,2.0,30.0,0.0,100490.0
2025-04-05 14:00:00,25.2149335377504,22.2452359731042,0.0,1.774047619047619,20.4,60,100,12.9,14,22.3,17.6,16.1,0.0,0.0,0.42,21.0,60.0,97685.0,7.0,5.0,1.0,0.0,100450.0
2025-04-05 15:00:00,25.1966261695765,22.2036583939579,0.0,1.7739285714285715,19.7,61,99,14.2,14,22.2,17.8,16.1,0.0,0.0,0.32,20.0,63.0,98499.0,8.0,5.0,42.0,0.0,100400.0
2025-04-05 16:00:00,25.1291418292959,21.9623169733386,0.0,1.7738095238095237,18.9,62,83,11.7,21,21.8,18.0,16.2,0.0,0.0,0.25,20.0,57.0,88264.0,6.0,4.0,48.0,0.0,100340.0
2025-04-05 17:00:00,24.9391405451095,21.9192748184386,0.0,1.7736904761904762,18.1,63,92,10.6,22,21.1,18.2,16.2,0.0,0.0,0.19,20.0,58.0,68260.0,3.0,4.0,354.0,0.0,100310.0
2025-04-05 18:00:00,25.1252102312183,22.0496525453877,0.0,1.7735714285714286,17.0,66,82,5.1,35,20.0,18.3,16.2,0.0,0.0,0.08,19.0,55.0,46700.0,3.0,4.0,14.0,0.0,100310.0
2025-04-05 19:00:00,25.0429805532898,22.0105164577812,0.0,1.773452380952381,15.1,75,95,3.4,91,18.6,18.3,16.2,0.0,0.0,0.02,19.0,56.0,15852.0,1.0,3.0,42.0,0.0,100310.0
2025-04-05 20:00:00,25.0500801169113,22.0339488655916,0.0,1.7733333333333334,13.9,80,4,4.3,142,17.4,18.2,16.2,0.0,0.0,0.0,18.0,60.0,6698.0,0.0,3.0,42.0,0.0,100310.0
2025-04-05 21:00:00,25.0691006912481,22.0542084359472,0.0,1.7732142857142856,13.1,84,1,4.1,173,16.3,18.1,16.2,0.0,0.0,0.0,16.0,70.0,0.0,0.0,1.0,48.0,0.0,100320.0
2025-04-05 22:00:00,25.1475300781103,22.0362902564272,0.0,1.773095238095238,12.7,83,3,4.6,197,15.6,17.9,16.2,0.0,0.0,0.0,15.0,68.0,0.0,0.0,2.0,132.0,0.0,100330.0
2025-04-05 23:00:00,25.2395587358661,21.9700308108825,0.0,1.7729761904761905,12.6,80,4,5.4,211,15.0,17.8,16.2,0.0,0.0,0.0,14.0,74.0,0.0,0.0,0.0,174.0,0.0,100370.0
2025-04-06 00:00:00,24.9976435040871,22.1600062781632,0.0,1.772857142857143,12.3,77,6,5.5,223,14.5,17.6,16.2,0.0,0.0,0.0,13.0,70.0,0.0,0.0,0.0,312.0,0.0,100380.0
2025-04-06 01:00:00,24.9536161316947,22.0176645064312,0.0,1.7727380952380953,12.3,75,2,4.8,228,14.3,17.5,16.2,0.0,0.0,0.0,14.0,75.0,0.0,0.0,0.0,270.0,0.0,100390.0
2025-04-06 02:00:00,24.9432619366927,21.9954082566634,0.0,1.7726190476190475,12.1,71,2,3.9,211,13.8,17.2,16.2,0.0,0.0,0.0,12.0,82.0,0.0,0.0,1.0,198.0,0.0,100390.0
2025-04-06 03:00:00,24.8631791769765,22.0097570298907,0.0,1.7725,11.8,69,5,3.6,207,13.3,17.0,16.3,0.0,0.0,0.0,12.0,75.0,0.0,0.0,0.0,182.0,0.0,100360.0
2025-04-06 04:00:00,24.9653130096599,22.0153871210308,0.0,1.7723809523809524,11.3,70,2,5.1,237,12.9,16.8,16.3,0.0,0.0,0.01,12.0,72.0,0.0,0.0,0.0,144.0,0.0,100300.0
2025-04-06 05:00:00,24.9066083184669,21.8968010070978,0.0,1.7722619047619048,11.1,70,2,6.4,239,12.6,16.5,16.3,0.0,0.0,0.01,9.0,83.0,0.0,0.0,0.0,234.0,0.0,100280.0
2025-04-06 06:00:00,24.9188575554651,21.8159016292821,0.0,1.7721428571428572,10.9,70,0,6.4,232,12.4,16.3,16.3,0.0,0.0,0.03,9.0,83.0,0.0,0.0,0.0,173.0,0.0,100290.0
2025-04-06 07:00:00,24.9588911257979,21.8303054240979,0.0,1.7720238095238094,13.5,65,17,7.1,227,12.8,16.1,16.3,0.0,0.0,0.05,10.0,78.0,0.0,0.0,0.0,180.0,0.0,100290.0
2025-04-06 08:00:00,24.9862305854467,21.957796321609,0.0,1.7719047619047619,17.2,55,98,4.7,233,14.3,16.0,16.3,0.0,0.0,0.15,9.0,79.0,632.0,0.0,1.0,161.0,0.0,100300.0
2025-04-06 09:00:00,24.9199450114627,21.8845433473729,0.0,1.7717857142857143,19.4,47,93,5.3,276,16.3,15.9,16.3,0.0,0.0,0.27,13.0,69.0,9094.0,0.0,1.0,204.0,0.0,100330.0
2025-04-06 10:00:00,24.8209907611225,21.8960155265532,0.0,1.7716666666666667,20.9,45,99,6.8,288,18.3,16.0,16.2,0.0,0.0,0.39,16.0,57.0,29741.0,1.0,4.0,262.0,0.0,100350.0
2025-04-06 11:00:00,24.7757756489573,21.7267946219044,0.0,1.7715476190476191,22.3,43,100,8.7,302,20.1,16.2,16.2,0.0,0.0,0.47,19.0,49.0,57517.0,5.0,3.0,300.0,0.0,100370.0
2025-04-06 12:00:00,24.6306714360269,21.8278585508465,0.0,1.7714285714285714,22.2,45,100,12.7,329,21.2,16.5,16.2,0.0,0.0,0.46,20.0,46.0,36736.0,3.0,3.0,348.0,0.0,100390.0
2025-04-06 13:00:00,24.7751440395757,21.6334334564703,0.0,1.7713095238095238,21.3,47,27,15.3,344,21.2,16.8,16.2,0.0,0.0,0.37,20.0,50.0,62016.0,4.0,5.0,2.0,0.0,100380.0
2025-04-06 14:00:00,24.7604471982171,21.8263899284202,0.0,1.7711904761904762,21.4,43,3,15.5,338,22.0,17.0,16.3,0.0,0.0,0.48,20.0,58.0,48047.0,4.0,4.0,354.0,0.0,100350.0
2025-04-06 15:00:00,24.6330654180102,21.6507351270956,0.0,1.7710714285714286,21.4,43,2,13.1,337,22.4,17.3,16.3,0.0,0.0,0.44,21.0,53.0,102807.0,7.0,4.0,343.0,0.0,100350.0
2025-04-06 16:00:00,24.790024987186,21.4740943220016,0.0,1.770952380952381,20.6,46,58,13.1,344,22.2,17.6,16.3,0.0,0.0,0.35,21.0,50.0,71412.0,6.0,5.0,33.0,0.0,100320.0
2025-04-06 17:00:00,24.6608831047969,21.5094896017336,0.0,1.7708333333333333,19.5,51,22,7.2,360,21.5,17.8,16.3,0.0,0.0,0.21,21.0,48.0,67019.0,5.0,5.0,58.0,0.0,100280.0
2025-04-06 18:00:00,24.5835900698397,21.3723375080167,0.0,1.7707142857142857,18.0,64,94,2.7,65,20.4,17.9,16.3,0.0,0.0,0.07,21.0,44.0,42846.0,2.0,5.0,344.0,0.0,100250.0
2025-04-06 19:00:00,24.5757379142664,21.3864850370842,0.0,1.770595238095238,15.7,68,12,4.4,117,18.7,18.0,16.3,0.0,0.0,0.03,20.0,48.0,10410.0,1.0,2.0,6.0,0.0,100290.0
2025-04-06 20:00:00,24.6087524089646,21.3234582321326,0.0,1.7704761904761905,14.3,74,9,4.0,163,17.3,17.9,16.3,0.0,0.0,0.0,19.0,51.0,3330.0,0.0,1.0,14.0,0.0,100330.0
2025-04-06 21:00:00,24.4948852821002,21.4476150585806,0.0,1.770357142857143,13.6,74,11,5.0,182,16.3,17.8,16.3,0.0,0.0,0.0,16.0,61.0,0.0,0.0,2.0,78.0,0.0,100410.0
2025-04-06 22:00:00,24.4376815535243,21.6961453581155,0.0,1.7702380952380952,13.4,67,7,6.5,203,15.6,17.7,16.3,0.0,0.0,0.01,15.0,63.0,0.0,0.0,0.0,58.0,0.0,100460.0
2025-04-06 23:00:00,24.5188397887637,21.5901166261171,0.0,1.7701190476190476,13.2,63,13,6.9,209,15.0,17.5,16.3,0.0,0.0,0.02,13.0,72.0,0.0,0.0,1.0,216.0,0.0,100500.0
2025-04-07 00:00:00,24.5323107403202,21.4123749550504,0.0,1.77,13.1,62,61,7.2,216,14.5,17.4,16.3,0.0,0.0,0.02,12.0,76.0,0.0,0.0,1.0,90.0,0.0,100500.0
2025-04-07 01:00:00,24.6056530911095,21.5599260555933,0.0,1.7698809523809524,12.8,64,0,6.9,213,14.3,17.2,16.3,0.0,0.0,0.02,14.0,62.0,0.0,0.0,1.0,282.0,0.0,100460.0
2025-04-07 02:00:00,24.5767443924801,21.4920790555788,0.0,1.7697619047619049,12.9,65,0,7.6,214,14.0,17.0,16.3,0.0,0.0,0.02,12.0,70.0,0.0,0.0,0.0,172.0,0.0,100450.0
2025-04-07 03:00:00,24.4628820098584,21.649515070997,0.0,1.769642857142857,12.6,68,31,6.4,214,13.8,16.8,16.3,0.0,0.0,0.01,11.0,74.0,0.0,0.0,0.0,174.0,0.0,100430.0
2025-04-07 04:00:00,24.5835814118091,21.3034414395049,0.0,1.7695238095238095,12.5,70,23,6.0,221,13.5,16.7,16.3,0.0,0.0,0.01,11.0,77.0,0.0,0.0,0.0,192.0,0.0,100430.0
2025-04-07 05:00:00,24.5089421625701,21.4257982976881,0.0,1.769404761904762,12.5,72,19,6.7,211,13.4,16.5,16.3,0.0,0.0,0.01,12.0,68.0,0.0,0.0,0.0,228.0,0.0,100400.0
2025-04-07 06:00:00,24.4792702890849,21.4048362401514,0.0,1.7692857142857144,12.0,76,11,5.6,200,13.2,16.3,16.3,0.0,0.0,0.03,9.0,78.0,0.0,0.0,0.0,148.0,0.0,100410.0
2025-04-07 07:00:00,24.6044466430696,21.5403746116098,0.0,1.7691666666666668,14.3,73,10,7.3,195,13.6,16.1,16.3,0.0,0.0,0.05,9.0,80.0,0.0,0.0,2.0,156.0,0.0,100450.0
2025-04-07 08:00:00,24.3305731670472,21.2808002144612,0.0,1.769047619047619,18.5,60,0,4.1,197,15.1,16.0,16.3,0.0,0.0,0.15,11.0,77.0,1790.0,0.0,0.0,192.0,0.0,100510.0
2025-04-07 09:00:00,24.5160834693908,21.3893073495828,0.0,1.7689285714285714,20.6,50,0,1.3,201,17.1,16.1,16.3,0.0,0.0,0.27,12.0,76.0,6111.0,0.0,0.0,300.0,0.0,100530.0
2025-04-07 10:00:00,24.3842832923016,21.1775225502914,0.0,1.7688095238095238,22.0,46,0,2.5,21,19.3,16.2,16.3,0.0,0.0,0.4,16.0,65.0,19280.0,1.0,0.0,264.0,0.0,100560.0
2025-04-07 11:00:00,24.6397617423626,21.4152794940543,0.0,1.7686904761904763,23.2,42,0,4.7,19,21.3,16.4,16.3,0.0,0.0,0.51,21.0,49.0,64874.0,6.0,0.0,191.0,0.0,100590.0
2025-04-07 12:00:00,24.5233883890077,23.1018044182614,18.476256343898587,1.7685714285714287,24.2,39,0,8.2,18,22.9,16.7,16.3,0.0,0.0,0.58,22.0,41.0,84707.0,7.0,3.0,288.0,0.0,100610.0
2025-04-07 13:00:00,24.528137414595,25.115218045409,0.0,1.7684523809523809,24.2,41,0,11.9,26,23.9,17.1,16.3,0.0,0.0,0.59,23.0,41.0,98144.0,8.0,1.0,49.0,0.0,100560.0
2025-04-07 14:00:00,24.3585179893374,25.0380078425821,0.0,1.7683333333333333,23.5,42,0,15.8,34,24.3,17.5,16.3,0.0,0.0,0.55,24.0,35.0,102141.0,5.0,2.0,227.0,0.0,100510.0
2025-04-07 15:00:00,24.3903490645939,25.0629323574793,0.0,1.7682142857142857,22.8,43,0,16.6,42,24.2,17.9,16.3,0.0,0.0,0.48,24.0,39.0,96460.0,9.0,3.0,35.0,0.0,100480.0
2025-04-07 16:00:00,24.3550427221662,24.7414417336369,0.0,1.7680952380952382,22.0,46,0,15.7,47,23.7,18.2,16.3,0.0,0.0,0.38,24.0,39.0,83922.0,6.0,4.0,49.0,0.0,100460.0
2025-04-07 17:00:00,24.5404248151358,24.6331260588398,0.0,1.7679761904761906,20.9,49,0,14.5,47,22.8,18.4,16.4,0.0,0.0,0.25,22.0,47.0,64028.0,5.0,4.0,40.0,0.0,100460.0
2025-04-07 18:00:00,24.6504238179771,24.5482738090133,0.0,1.7678571428571428,19.0,56,0,11.1,50,21.5,18.6,16.4,0.0,0.0,0.12,22.0,47.0,39023.0,3.0,3.0,36.0,0.0,100490.0
2025-04-07 19:00:00,24.8261530906461,24.5359641716538,0.0,1.7677380952380952,16.3,69,0,5.9,62,19.9,18.6,16.4,0.0,0.0,0.04,21.0,51.0,14744.0,1.0,3.0,38.0,0.0,100500.0
2025-04-07 20:00:00,24.6181018871283,24.5745030827843,0.0,1.7676190476190476,15.4,75,0,4.5,67,18.4,18.6,16.4,0.0,0.0,0.0,19.0,59.0,2703.0,0.0,2.0,66.0,0.0,100550.0
2025-04-07 21:00:00,24.5465543171386,24.2231652786965,0.0,1.7675,15.1,76,0,3.2,63,17.1,18.5,16.4,0.0,0.0,0.0,16.0,68.0,0.0,0.0,0.0,70.0,0.0,100560.0
2025-04-07 22:00:00,24.6033629291472,24.3282203415671,0.0,1.7673809523809525,14.7,78,0,2.1,54,16.1,18.4,16.4,0.0,0.0,0.0,14.0,74.0,0.0,0.0,0.0,192.0,0.0,100640.0
2025-04-07 23:00:00,24.6186570805075,23.9729415978588,0.0,1.7672619047619047,14.5,80,0,1.2,44,15.3,18.2,16.4,0.0,0.0,0.0,13.0,76.0,0.0,0.0,0.0,186.0,0.0,100640.0
2025-04-08 00:00:00,24.5271365243801,24.1561374283801,0.0,1.7671428571428571,13.9,82,0,1.3,15,14.6,18.0,16.4,0.0,0.0,0.0,13.0,79.0,0.0,0.0,0.0,192.0,0.0,100650.0
2025-04-08 01:00:00,24.7802861463935,24.0247459981336,0.0,1.7670238095238096,13.2,84,0,2.6,322,14.0,17.8,16.4,0.0,0.0,0.0,11.0,81.0,0.0,0.0,0.0,162.0,0.0,100670.0
2025-04-08 02:00:00,24.66913956961,24.0623360978329,0.0,1.766904761904762,12.5,83,0,4.1,291,13.6,17.5,16.4,0.0,0.0,0.0,11.0,83.0,0.0,0.0,0.0,175.0,0.0,100650.0
2025-04-08 03:00:00,24.434092432207,23.8978071939613,0.0,1.7667857142857144,12.4,81,0,2.9,294,13.2,17.3,16.4,0.0,0.0,0.0,10.0,81.0,0.0,0.0,0.0,178.0,0.0,100640.0
2025-04-08 04:00:00,24.4367506806314,23.956713545653,0.0,1.7666666666666666,12.4,78,0,2.9,299,12.9,17.0,16.4,0.0,0.0,0.0,10.0,84.0,0.0,0.0,0.0,167.0,0.0,100590.0
2025-04-08 05:00:00,24.5421154718104,23.7383874671381,0.0,1.766547619047619,12.1,77,0,1.8,343,12.6,16.8,16.4,0.0,0.0,0.0,10.0,85.0,0.0,0.0,0.0,165.0,0.0,100570.0
2025-04-08 06:00:00,24.4328623114157,23.7447031601496,0.0,1.7664285714285715,11.7,77,0,1.9,354,12.3,16.5,16.4,0.0,0.0,0.02,10.0,85.0,0.0,0.0,1.0,167.0,0.0,100560.0
2025-04-08 07:00:00,24.603517423356,23.601742909626,0.0,1.7663095238095239,14.0,70,0,3.2,355,12.9,16.3,16.4,0.0,0.0,0.04,9.0,87.0,0.0,0.0,0.0,192.0,0.0,100570.0
2025-04-08 08:00:00,24.4909049509237,23.6674649839642,0.0,1.7661904761904763,17.3,64,0,5.7,347,14.5,16.2,16.4,0.0,0.0,0.15,10.0,85.0,2999.0,0.0,0.0,174.0,0.0,100590.0
2025-04-08 09:00:00,24.5445243809016,23.5868689598802,0.0,1.7660714285714285,19.8,54,0,7.7,345,16.5,16.2,16.4,0.0,0.0,0.29,14.0,80.0,15233.0,1.0,0.0,288.0,0.0,100620.0
2025-04-08 10:00:00,24.5834875304034,23.4992993676639,0.0,1.765952380952381,22.5,45,0,10.7,356,18.6,16.3,16.4,0.0,0.0,0.43,17.0,77.0,41647.0,2.0,2.0,48.0,0.0,100620.0
2025-04-08 11:00:00,24.5362692117794,23.562303653073,0.0,1.7658333333333334,23.7,41,0,17.2,15,20.5,16.5,16.4,0.0,0.0,0.54,21.0,64.0,68910.0,6.0,2.0,44.0,0.0,100620.0
2025-04-08 12:00:00,24.7273553952546,23.5067047130522,0.0,1.7657142857142858,24.0,39,0,17.3,26,22.0,16.7,16.4,0.0,0.0,0.59,23.0,52.0,85190.0,6.0,1.0,357.0,0.0,100580.0
2025-04-08 13:00:00,24.5579551065327,23.4539977982491,0.0,1.7655952380952382,23.9,41,0,14.1,40,23.0,17.1,16.4,0.0,0.0,0.59,23.0,53.0,97230.0,8.0,4.0,42.0,0.0,100540.0
2025-04-08 14:00:00,24.5884898435036,23.4458559961944,0.0,1.7654761904761904,24.3,42,0,15.7,49,23.7,17.4,16.4,0.0,0.0,0.57,24.0,43.0,99979.0,8.0,4.0,26.0,0.0,100480.0
2025-04-08 15:00:00,24.7296416041502,23.1736822217213,0.0,1.7653571428571428,24.3,45,6,15.0,45,24.0,17.8,16.5,0.0,0.0,0.49,24.0,45.0,94086.0,7.0,5.0,28.0,0.0,100420.0
2025-04-08 16:00:00,24.6984643701056,23.3718097114981,0.0,1.7652380952380953,23.1,52,5,14.5,36,23.8,18.1,16.5,0.0,0.0,0.37,24.0,46.0,79712.0,8.0,4.0,38.0,0.0,100350.0
2025-04-08 17:00:00,24.7997448577393,23.2840025992254,0.0,1.7651190476190477,22.0,56,3,11.2,29,23.0,18.4,16.5,0.0,0.0,0.24,24.0,46.0,58886.0,3.0,5.0,18.0,0.0,100300.0
2025-04-08 18:00:00,24.6499596149486,23.2229589075592,0.0,1.765,20.0,65,5,7.9,360,21.8,18.6,16.5,0.0,0.0,0.1,24.0,53.0,32679.0,2.0,3.0,0.0,0.0,100290.0
2025-04-08 19:00:00,24.6127608538038,23.139521609831,0.0,1.7648809523809523,17.2,74,2,5.4,351,20.2,18.7,16.5,0.0,0.0,0.03,22.0,55.0,11616.0,1.0,3.0,36.0,0.0,100320.0
2025-04-08 20:00:00,24.655712325055,23.196033419955,0.0,1.7647619047619048,16.3,77,13,3.3,357,18.8,18.7,16.5,0.0,0.0,0.0,20.0,63.0,1573.0,0.0,4.0,16.0,0.0,100340.0
2025-04-08 21:00:00,24.8600915076927,22.9357271407395,0.0,1.7646428571428572,15.7,79,42,2.4,347,17.7,18.6,16.5,0.0,0.0,0.0,18.0,72.0,0.0,0.0,1.0,348.0,0.0,100450.0
2025-04-08 22:00:00,24.8401904735137,23.2110330514883,0.0,1.7645238095238096,15.3,82,76,6.9,286,17.0,18.5,16.5,0.0,0.0,0.0,16.0,80.0,0.0,0.0,0.0,53.0,0.0,100490.0
2025-04-08 23:00:00,24.6279092139695,23.1507694265067,0.0,1.7644047619047618,15.4,81,23,13.6,262,16.7,18.4,16.5,0.0,0.0,0.02,15.0,82.0,0.0,0.0,0.0,192.0,0.0,100530.0
2025-04-09 00:00:00,24.6849986547734,23.2119647365787,0.0,1.7642857142857142,15.2,82,91,10.1,261,16.4,18.2,16.5,0.0,0.0,0.01,15.0,83.0,0.0,0.0,0.0,210.0,0.0,100540.0
2025-04-09 01:00:00,24.7315361386029,23.0236972835645,0.0,1.7641666666666667,14.2,85,98,7.5,256,15.6,18.1,16.5,0.0,0.0,0.0,14.0,83.0,0.0,0.0,0.0,180.0,0.0,100530.0
2025-04-09 02:00:00,24.642858972326,23.0161122271608,0.0,1.764047619047619,13.8,90,100,11.9,254,15.3,17.9,16.6,0.0,0.0,0.0,15.0,85.0,0.0,0.0,0.0,78.0,0.0,100510.0
2025-04-09 03:00:00,24.6937234355966,22.9738647285748,0.0,1.7639285714285715,13.3,94,79,12.7,253,15.1,17.7,16.6,0.0,0.0,0.0,12.0,90.0,0.0,0.0,0.0,324.0,0.0,100470.0
2025-04-09 04:00:00,24.7805017332888,22.9794228079346,0.0,1.7638095238095237,13.1,94,8,11.0,261,14.9,17.6,16.6,0.0,0.0,0.0,12.0,89.0,0.0,0.0,0.0,188.0,0.0,100450.0
2025-04-09 05:00:00,24.7741304770037,22.8181987362141,0.0,1.7636904761904761,12.9,94,0,8.7,273,14.6,17.4,16.6,0.0,0.0,0.0,11.0,89.0,0.0,0.0,0.0,176.0,0.0,100440.0
2025-04-09 06:00:00,24.6980103611437,22.9770798595111,0.0,1.7635714285714286,12.6,94,0,6.4,278,14.4,17.2,16.6,0.0,0.0,0.02,11.0,91.0,0.0,0.0,0.0,173.0,0.0,100410.0
2025-04-09 07:00:00,24.3511126884378,22.7615879082345,0.0,1.763452380952381,14.7,87,0,7.0,292,14.7,17.1,16.6,0.0,0.0,0.04,11.0,92.0,0.0,0.0,0.0,173.0,0.0,100400.0
2025-04-09 08:00:00,24.6920737407575,22.7406426975038,0.0,1.7633333333333334,17.3,78,0,5.7,306,16.0,17.0,16.6,0.0,0.0,0.14,11.0,90.0,4728.0,0.0,0.0,154.0,0.0,100430.0
2025-04-09 09:00:00,24.6937609363261,22.8945264182869,0.0,1.7632142857142856,19.2,71,0,6.4,346,17.8,17.0,16.6,0.0,0.0,0.27,16.0,81.0,18089.0,1.0,0.0,179.0,0.0,100440.0
2025-04-09 10:00:00,24.6771264322165,22.911990795688,0.0,1.763095238095238,21.1,63,0,9.2,18,19.7,17.0,16.6,0.0,0.0,0.4,19.0,73.0,44385.0,3.0,0.0,118.0,0.0,100450.0
2025-04-09 11:00:00,24.6446200680474,22.6551937790476,0.0,1.7629761904761905,22.8,57,0,11.9,33,21.5,17.2,16.6,0.0,0.0,0.5,20.0,73.0,68756.0,5.0,1.0,42.0,0.0,100490.0
2025-04-09 12:00:00,24.4350606329181,22.9052975541561,0.0,1.762857142857143,23.4,55,3,14.6,37,23.0,17.5,16.6,0.0,0.0,0.55,21.0,66.0,86396.0,6.0,1.0,114.0,0.0,100470.0
2025-04-09 13:00:00,24.4283713209439,22.6798957612018,0.0,1.7627380952380953,22.6,63,2,15.4,33,23.5,17.8,16.6,0.0,0.0,0.53,22.0,67.0,99351.0,9.0,4.0,353.0,0.0,100380.0
2025-04-09 14:00:00,24.5498465522863,22.8348922756341,0.0,1.7626190476190475,22.1,63,17,15.4,36,24.0,18.2,16.6,0.0,0.0,0.49,21.0,72.0,94854.0,6.0,4.0,23.0,0.0,100320.0
2025-04-09 15:00:00,24.4622396840507,22.7776897553557,0.0,1.7625,21.5,66,95,15.6,42,24.1,18.5,16.6,0.0,0.0,0.42,21.0,71.0,90484.0,7.0,4.0,31.0,0.0,100260.0
2025-04-09 16:00:00,24.527904961932,22.4661486341029,0.0,1.7623809523809524,21.0,67,100,14.5,38,23.7,18.8,16.6,0.0,0.0,0.31,22.0,72.0,82578.0,7.0,5.0,44.0,0.0,100190.0
2025-04-09 17:00:00,24.5821892931893,22.4513074383738,0.0,1.7622619047619048,19.6,73,100,12.1,33,22.7,19.0,16.6,0.0,0.0,0.16,20.0,76.0,42173.0,2.0,2.0,18.0,0.0,100150.0
2025-04-09 18:00:00,24.647691639031,22.7147797712768,0.0,1.7621428571428572,18.1,81,100,12.3,44,21.4,19.1,16.6,0.0,0.0,0.07,19.0,80.0,10486.0,0.0,4.0,43.0,0.0,100130.0
2025-04-09 19:00:00,24.847093529687,22.3643279515449,0.0,1.7620238095238094,17.2,87,100,8.4,36,20.3,19.1,16.6,0.0,0.0,0.03,18.5,81.0,8218.0,0.0,3.5,37.5,0.0,100120.0
2025-04-09 20:00:00,24.6285167084351,22.2962709488135,0.0,1.7619047619047619,16.1,94,34,6.9,359,19.3,19.1,16.7,0.0,0.0,0.0,18.0,82.0,5950.0,0.0,3.0,32.0,0.0,100110.0
2025-04-09 21:00:00,24.694124858243,22.524224502336,0.0,1.7617857142857143,14.7,100,96,3.8,8,18.3,19.1,16.7,0.0,0.0,0.0,17.0,88.0,464.0,0.0,3.0,53.0,0.0,100090.0
2025-04-09 22:00:00,24.6924193652118,22.4822293474578,0.0,1.7616666666666667,14.0,100,100,2.2,15,17.4,18.9,16.7,0.0,0.0,0.0,17.0,90.0,0.0,0.0,2.0,43.0,0.0,100160.0
2025-04-09 23:00:00,24.6485149505665,22.6767561032841,0.0,1.7615476190476191,13.8,100,100,1.3,10,16.6,18.8,16.7,0.0,0.0,0.0,16.0,91.0,0.0,0.0,1.0,66.0,0.0,100220.0
2025-04-10 00:00:00,24.6542947521678,22.2812758826454,0.0,1.7614285714285713,13.5,98,100,1.9,359,15.9,18.6,16.7,0.0,0.0,0.0,16.0,92.0,0.0,0.0,0.0,14.0,0.0,100230.0
2025-04-10 01:00:00,24.6820116083281,22.5053908114609,0.0,1.7613095238095238,13.9,98,100,5.3,18,15.9,18.5,16.7,0.0,0.0,0.0,15.0,91.0,0.0,0.0,0.0,161.0,0.0,100210.0
2025-04-10 02:00:00,24.7035209387031,22.3898570318643,0.0,1.7611904761904762,13.5,99,100,7.0,1,15.8,18.3,16.7,0.0,0.0,0.0,16.0,92.0,0.0,0.0,0.0,150.0,0.0,100220.0
2025-04-10 03:00:00,24.8507192690557,22.2069624633525,0.0,1.7610714285714286,13.1,99,100,6.6,349,15.6,18.1,16.7,0.0,0.0,0.0,17.0,91.0,0.0,0.0,0.0,36.0,0.0,100130.0
2025-04-10 04:00:00,24.5134247065383,22.4050187220467,0.0,1.760952380952381,13.4,99,100,4.0,317,15.5,17.9,16.7,0.0,0.0,0.0,16.0,91.0,0.0,0.0,2.0,66.0,0.0,100090.0
2025-04-10 05:00:00,24.5454416105932,22.2616432479037,0.0,1.7608333333333333,14.0,93,100,3.0,346,15.5,17.8,16.7,0.0,0.0,0.0,16.0,91.0,0.0,0.0,0.0,66.0,0.0,100120.0
2025-04-10 06:00:00,24.6767989444957,22.162592183095,0.0,1.7607142857142857,15.1,93,100,9.6,71,15.5,17.6,16.7,0.0,0.0,0.02,17.0,90.0,0.0,0.0,0.0,222.0,0.0,100150.0
2025-04-10 07:00:00,24.8350457072227,22.1987547136522,0.0,1.760595238095238,16.7,92,71,9.3,30,15.9,17.5,16.7,0.0,0.0,0.03,16.0,91.0,0.0,0.0,0.0,113.0,0.0,100090.0
2025-04-10 08:00:00,24.6195264912884,22.2632002726119,0.0,1.7604761904761905,18.7,84,99,9.4,356,16.9,17.4,16.7,0.0,0.0,0.11,16.0,91.0,38.0,0.0,0.0,70.0,0.0,100100.0
2025-04-10 09:00:00,24.6155072673576,22.2377502273653,0.0,1.760357142857143,21.3,70,100,8.5,342,18.4,17.4,16.7,0.0,0.0,0.24,17.0,90.0,2506.0,0.0,0.0,179.0,0.0,100160.0
2025-04-10 10:00:00,24.5446113133626,22.0831388568669,0.0,1.7602380952380952,22.9,59,100,11.3,355,20.2,17.5,16.8,0.0,0.0,0.37,17.0,87.0,9176.0,0.0,0.0,126.0,0.0,100160.0
2025-04-10 11:00:00,24.5840862598096,22.1074604911726,0.0,1.7601190476190476,23.0,56,100,10.7,13,21.7,17.7,16.8,0.0,0.0,0.46,18.0,84.0,37620.0,2.0,1.0,124.0,0.0,100150.0
2025-04-10 12:00:00,24.5004270720581,22.3456227003061,0.0,1.76,23.7,56,94,12.1,33,23.1,18.0,16.8,0.0,0.0,0.51,20.0,78.0,36739.0,3.0,2.0,67.0,0.0,100210.0
2025-04-10 13:00:00,24.5440786299768,22.1073100845062,0.0,1.76,21.5,70,100,16.8,38,22.7,18.1,16.8,0.0,0.0,0.43,20.0,78.0,64737.0,5.0,3.0,31.0,0.0,100230.0
2025-04-10 14:00:00,24.5688985726094,22.0157804200896,0.0,1.76,20.4,74,100,14.6,41,22.8,18.4,16.8,0.0,0.0,0.34,20.0,78.0,79870.0,6.0,4.0,6.0,0.0,100230.0
2025-04-10 15:00:00,24.5914221230649,22.1915949410643,0.0,1.76,19.4,78,100,16.3,45,22.2,18.6,16.8,0.0,0.0,0.21,20.0,81.0,32985.0,2.0,5.0,32.0,0.0,100250.0
2025-04-10 16:00:00,24.555694481813,22.1333335061783,0.0,1.76,18.8,80,100,17.5,45,21.6,18.7,16.8,0.0,0.0,0.18,19.0,81.0,28404.0,2.0,5.0,42.0,0.0,100250.0
2025-04-10 17:00:00,24.5309102694323,22.1437034664155,0.0,1.76,18.1,84,100,16.4,47,20.9,18.9,16.8,0.0,0.0,0.12,19.0,84.0,13326.0,0.0,5.0,66.0,0.0,100230.0
2025-04-10 18:00:00,24.5907906583261,22.0401197750572,0.0,1.76,17.4,87,100,14.8,50,20.1,18.9,16.8,0.0,0.0,0.06,18.0,85.0,10087.0,0.0,4.0,54.0,0.0,100220.0
2025-04-10 19:00:00,24.5544079245759,21.849676647632,0.0,1.76,16.2,93,100,13.2,50,19.2,18.9,16.8,0.0,0.0,0.02,18.0,85.0,8056.0,0.0,4.0,90.0,0.0,100190.0
2025-04-10 20:00:00,24.4596400557863,21.9426762549242,0.0,1.76,16.1,94,100,15.7,49,18.6,18.9,16.8,0.0,0.0,0.0,18.0,86.0,2441.0,0.0,4.0,48.0,0.0,100200.0
2025-04-10 21:00:00,24.470750686989,21.8743169971043,0.0,1.76,16.0,95,100,17.2,52,18.2,18.8,16.8,0.0,0.0,0.0,17.0,88.0,61.0,0.0,3.0,77.0,0.0,100230.0
2025-04-10 22:00:00,24.5774952798146,22.0442383679686,0.0,1.76,16.1,95,100,15.9,52,17.9,18.7,16.8,0.0,0.0,0.0,17.0,88.0,0.0,0.0,2.0,48.0,0.0,100230.0
2025-04-10 23:00:00,24.5080343789613,21.9464548620362,0.0,1.76,15.6,97,100,15.8,50,17.6,18.6,16.9,0.0,0.0,0.0,17.0,88.0,0.0,0.0,2.0,64.0,0.0,100230.0
2025-04-11 00:00:00,24.5427108385138,21.9386406741976,0.0,1.76,15.5,97,100,15.3,50,17.4,18.5,16.9,0.0,0.0,0.0,17.0,89.0,0.0,0.0,3.0,65.0,0.0,100210.0
2025-04-11 01:00:00,24.4293537028269,22.0381179058571,0.0,1.76,15.7,95,100,17.7,49,17.6,18.5,16.9,0.0,0.0,0.0,17.0,90.0,0.0,0.0,3.0,48.0,0.0,100220.0
2025-04-11 02:00:00,24.4644728514398,22.0782454533676,0.0,1.76,15.3,99,100,13.3,42,17.3,18.4,16.9,0.0,0.0,0.0,17.0,91.0,0.0,0.0,2.0,60.0,0.0,100200.0
2025-04-11 03:00:00,24.6381333326475,21.8333393915599,0.0,1.76,14.9,100,100,10.4,27,17.1,18.3,16.9,0.0,0.0,0.0,17.0,92.0,0.0,0.0,1.0,88.0,0.0,100110.0
2025-04-11 04:00:00,24.398688391728,21.8310353682294,0.0,1.76,14.6,100,100,9.0,8,16.9,18.2,16.9,0.0,0.0,0.0,17.0,93.0,0.0,0.0,1.0,48.0,0.0,100040.0
2025-04-11 05:00:00,24.4465477399447,21.9578312284324,0.0,1.76,14.3,99,100,8.7,354,16.6,18.1,16.9,0.0,0.0,0.0,17.0,92.0,0.0,0.0,1.0,6.0,0.0,99940.0
2025-04-11 06:00:00,24.5426588191713,22.0665976520883,0.0,1.76,14.6,96,100,8.3,350,16.4,18.0,16.9,0.0,0.0,0.02,17.0,92.0,0.0,0.0,0.0,353.0,0.0,99940.0
2025-04-11 07:00:00,24.4737865898511,21.7324703218198,0.0,1.76,16.0,90,100,8.4,353,16.4,17.9,16.9,0.0,0.0,0.03,17.0,92.0,0.0,0.0,0.0,330.0,0.0,99970.0
2025-04-11 08:00:00,24.3615816945022,21.8503018871842,0.0,1.76,18.6,81,100,7.6,354,17.0,17.8,16.9,0.0,0.0,0.1,16.0,93.0,228.0,0.0,0.0,25.0,0.0,99950.0
2025-04-11 09:00:00,24.4882764219182,22.0002554456386,0.0,1.76,20.1,77,100,9.0,358,18.2,17.8,16.9,0.0,0.0,0.19,16.0,94.0,2991.0,0.0,2.0,282.0,0.0,100010.0
2025-04-11 10:00:00,24.4085802725692,21.8513045520874,0.0,1.76,23.8,68,100,7.5,1,19.9,17.8,16.9,0.0,0.0,0.33,17.0,92.0,7460.0,0.0,2.0,18.0,0.0,99960.0
2025-04-11 11:00:00,24.4250046357725,21.7168053147798,0.0,1.76,25.2,67,100,2.4,65,21.2,18.0,16.9,0.0,0.0,0.33,18.0,89.0,16476.0,1.0,2.0,33.0,0.0,100000.0
2025-04-11 12:00:00,24.4033459879965,24.3693555121702,17.058840696857885,1.76,27.0,56,100,5.4,177,22.5,18.2,16.9,0.0,0.0,0.34,18.0,88.0,32495.0,2.0,2.0,21.0,0.0,100040.0
2025-04-11 13:00:00,24.34439554547,25.4610620334703,0.0,1.76,22.2,75,100,19.0,14,22.0,18.3,16.9,0.0,0.0,0.4,19.0,85.0,36728.0,2.0,3.0,42.0,0.0,100070.0
2025-04-11 14:00:00,24.4317213961428,25.4201171657098,0.0,1.76,21.8,74,100,17.1,0,22.5,18.5,16.9,0.0,0.0,0.37,19.0,85.0,33390.0,2.0,4.0,21.0,0.0,100050.0
2025-04-11 15:00:00,24.3865728970384,25.0744827345468,0.0,1.76,19.6,77,100,19.2,348,22.2,18.7,16.9,0.0,0.0,0.25,18.0,87.0,20850.0,1.0,3.0,30.0,0.0,100060.0
2025-04-11 16:00:00,24.3786683819569,24.9626220933218,0.0,1.76,18.0,86,100,8.3,350,22.0,18.9,17.0,0.0,0.0,0.24,19.0,83.0,41574.0,2.0,3.0,20.0,0.0,99980.0
2025-04-11 17:00:00,24.4419645222895,24.9403066896371,0.0,1.76,18.0,85,94,7.3,41,21.6,19.0,17.0,0.0,0.0,0.15,19.0,84.0,29554.0,2.0,2.0,24.0,0.0,99960.0
2025-04-11 18:00:00,24.3683342713334,24.8315308685459,0.0,1.76,16.3,92,98,8.1,16,20.7,19.1,17.0,0.0,0.0,0.06,19.0,85.0,18212.0,1.0,4.0,39.0,0.0,99960.0
2025-04-11 19:00:00,24.3608319925717,24.8558354948497,0.0,1.76,15.3,96,100,3.3,191,19.6,19.1,17.0,0.0,0.0,0.01,18.0,88.0,6181.0,0.0,3.0,19.0,0.0,99990.0
2025-04-11 20:00:00,24.5440153498473,24.6015473426056,0.0,1.76,15.2,97,100,2.9,356,18.7,19.1,17.0,0.0,0.0,0.0,17.0,90.0,1474.0,0.0,1.0,59.0,0.0,100000.0
2025-04-11 21:00:00,24.341697363403,24.6820530558074,0.0,1.76,14.4,100,98,1.6,41,17.9,19.0,17.0,0.0,0.0,0.0,17.0,92.0,0.0,0.0,2.0,43.0,0.0,100060.0
2025-04-11 22:00:00,24.6151890190995,24.5529795971397,0.0,1.76,14.0,100,100,3.0,9,17.2,18.9,17.0,0.0,0.0,0.0,17.0,95.0,0.0,0.0,2.0,54.0,0.0,100060.0
2025-04-11 23:00:00,24.6638704757576,24.3160434412994,0.0,1.76,13.1,100,100,2.8,340,16.7,18.7,17.0,0.0,0.0,0.0,17.0,93.0,0.0,0.0,0.0,78.0,0.0,100090.0
2025-04-12 00:00:00,24.4211974127701,24.5043084447757,0.0,1.76,12.9,100,100,2.4,316,16.2,18.5,17.0,0.0,0.0,0.0,17.0,92.0,0.0,0.0,2.0,71.0,0.0,100120.0
2025-04-12 01:00:00,24.4143764571496,24.3808878456343,0.0,1.76,15.6,98,100,10.1,77,17.2,18.9,17.1,0.0,0.0,0.0,16.0,95.0,0.0,0.0,1.0,54.0,0.0,100170.0
2025-04-12 02:00:00,24.3044985796465,24.3664132781608,0.0,1.76,15.0,100,100,11.6,58,17.1,18.8,17.1,0.0,0.0,0.0,16.0,95.0,0.0,0.0,2.0,60.0,0.0,100160.0
2025-04-12 03:00:00,24.6107621863164,24.2459034035284,0.0,1.76,14.7,99,100,6.6,36,16.9,18.6,17.1,0.1,0.1,0.0,16.0,96.0,0.0,0.0,2.0,82.0,0.0,100130.0
2025-04-12 04:00:00,24.3987172244225,24.0861591495879,0.0,1.76,14.6,99,100,3.7,346,16.7,18.5,17.1,0.0,0.0,0.0,16.0,95.0,0.0,0.0,2.0,66.0,0.0,100030.0
2025-04-12 05:00:00,24.3760794415815,24.1950702497039,0.0,1.76,14.1,99,100,7.9,283,16.4,18.4,17.1,0.0,0.0,0.0,16.0,95.0,0.0,0.0,1.0,36.0,0.0,99990.0
2025-04-12 06:00:00,24.4652700509962,24.0804343498204,0.0,1.76,14.2,99,100,7.4,300,16.2,18.2,17.1,0.0,0.0,0.01,16.0,95.0,0.0,0.0,0.0,90.0,0.0,99930.0
2025-04-12 07:00:00,24.3551457021905,24.1893861283163,0.0,1.76,15.1,97,100,6.4,317,16.5,18.1,17.1,0.0,0.0,0.03,16.0,95.0,0.0,0.0,0.0,48.0,0.0,99880.0
2025-04-12 08:00:00,24.5419288254809,23.9924776719003,0.0,1.76,15.4,99,100,6.3,335,16.7,18.0,17.1,0.0,0.0,0.04,16.0,95.0,370.0,0.0,1.0,314.0,0.0,99970.0
2025-04-12 09:00:00,24.5356301242088,23.970009408098,0.0,1.76,15.6,97,100,8.3,344,17.0,17.9,17.1,0.0,0.0,0.05,16.0,94.0,1333.0,0.0,0.0,43.0,0.0,100090.0
2025-04-12 10:00:00,24.7716543674122,23.9383486069967,0.0,1.76,16.3,93,100,7.9,330,17.5,17.8,17.1,0.0,0.0,0.09,17.0,92.0,2369.0,0.0,2.0,42.0,0.0,100120.0
2025-04-12 11:00:00,24.5680634898582,23.9430898863863,0.0,1.76,17.8,86,100,10.1,341,18.2,17.8,17.1,0.3,0.3,0.15,17.0,90.0,8526.0,0.0,3.0,144.0,0.0,100150.0
2025-04-12 12:00:00,24.5188199763664,24.1230875569887,0.0,1.76,18.8,82,100,12.7,344,18.9,17.9,17.1,0.1,0.1,0.23,17.0,89.0,10330.0,0.0,0.0,53.0,0.0,100130.0
2025-04-12 13:00:00,24.4999279656557,23.8282812591178,0.0,1.76,19.1,87,100,9.1,57,18.4,17.8,17.1,0.3,0.3,0.17,17.0,92.0,7190.0,0.0,1.0,320.0,0.0,100220.0
2025-04-12 14:00:00,24.7045904729811,23.831731019321,0.0,1.76,19.0,85,100,11.0,14,18.9,17.8,17.1,0.0,0.0,0.17,17.0,90.0,3807.0,0.0,0.0,86.0,0.0,100230.0
2025-04-12 15:00:00,24.7019518194221,23.8981731133258,0.0,1.76,18.5,85,100,11.0,358,19.1,17.9,17.1,0.1,0.1,0.16,18.0,88.0,13549.0,1.0,4.0,96.0,0.0,100100.0
2025-04-12 16:00:00,24.8035904420198,23.9337461524737,0.0,1.76,18.7,82,100,8.7,32,19.5,18.0,17.1,0.0,0.0,0.19,18.0,87.0,15233.0,1.0,0.0,36.0,0.0,100050.0
2025-04-12 17:00:00,24.6142241425703,23.5743674974268,0.0,1.76,17.4,87,100,7.9,25,19.3,18.0,17.1,0.0,0.0,0.09,18.0,90.0,18226.0,1.0,3.0,45.0,0.0,99930.0
2025-04-12 18:00:00,24.7534296782745,23.8122094205564,0.0,1.76,16.8,89,100,0.0,104,18.8,18.1,17.1,0.0,0.0,0.04,17.0,93.0,3203.0,0.0,0.0,53.0,0.0,99940.0
2025-04-12 19:00:00,24.7720650012066,23.8189449367084,0.0,1.76,16.4,93,100,1.5,273,18.1,18.1,17.1,0.5,0.5,0.02,17.0,95.0,2262.0,0.0,2.0,169.0,2.0,99890.0
2025-04-12 20:00:00,24.8553732701958,23.7343493196973,0.0,1.76,16.1,97,100,4.4,343,17.5,18.0,17.1,0.7,0.7,0.0,17.0,96.0,378.0,0.0,2.0,274.0,0.0,99910.0
2025-04-12 21:00:00,24.6759774168129,23.7851993372175,0.0,1.76,15.8,98,100,2.7,323,17.0,18.0,17.1,0.4,0.4,0.0,17.0,97.0,0.0,0.0,2.0,294.0,3.0,99900.0
2025-04-12 22:00:00,24.7123955187769,23.5140048826888,0.0,1.76,15.8,98,99,1.3,327,16.7,17.9,17.1,0.1,0.1,0.0,16.0,97.0,0.0,0.0,4.0,103.0,6.0,99860.0
2025-04-12 23:00:00,24.6638861583131,23.6096500682058,0.0,1.76,15.5,98,76,3.8,335,16.4,17.8,17.1,0.0,0.0,0.0,16.0,96.0,0.0,0.0,0.0,144.0,1.0,99980.0
2025-04-13 00:00:00,24.7838596371165,23.6225148216818,0.0,1.76,15.0,99,34,0.5,315,16.0,17.7,17.1,0.0,0.0,0.0,17.0,93.0,0.0,0.0,0.0,124.0,1.0,99920.0
2025-04-13 01:00:00,24.5310143589661,23.6467598914189,0.0,1.76,15.5,99,93,2.9,46,16.4,17.6,17.1,0.0,0.0,0.0,18.0,81.0,0.0,0.0,5.0,329.0,1.0,99830.0
2025-04-13 02:00:00,24.5669000131519,23.7997806927297,0.0,1.76,15.2,100,100,1.9,353,16.0,17.5,17.1,0.0,0.0,0.0,16.0,94.0,0.0,0.0,0.0,118.0,0.0,99910.0
2025-04-13 03:00:00,24.7044458740291,23.9437111797519,0.0,1.76,14.9,100,100,3.9,20,15.8,17.4,17.1,0.0,0.0,0.0,16.0,95.0,0.0,0.0,0.0,102.0,0.0,99840.0
2025-04-13 04:00:00,24.786864067388,24.1940062779442,0.0,1.76,15.2,100,100,5.4,45,15.9,17.3,17.1,0.0,0.0,0.0,15.0,96.0,0.0,0.0,0.0,356.0,0.0,99800.0
2025-04-13 05:00:00,24.6860307660597,24.0159369334517,0.0,1.76,15.3,99,100,2.7,51,15.9,17.2,17.1,4.5,4.5,0.0,16.0,97.0,0.0,0.0,0.0,78.0,0.0,99740.0
2025-04-13 06:00:00,24.6022753187786,24.16238797638,0.0,1.76,15.4,99,100,2.2,56,16.0,17.1,17.1,7.6,7.6,0.01,16.0,97.0,0.0,0.0,0.0,48.0,0.0,99720.0
2025-04-13 07:00:00,24.5389713453477,24.2259921639486,0.0,1.76,15.6,96,97,2.4,153,16.1,17.0,17.1,6.3,6.3,0.02,16.0,97.0,0.0,0.0,0.0,169.0,2.0,99810.0
2025-04-13 08:00:00,24.7106944195651,24.3284191443776,0.0,1.76,16.3,93,100,5.2,256,16.4,17.0,17.1,1.4,1.4,0.06,16.0,97.0,683.0,0.0,2.0,0.0,4.0,99640.0
2025-04-13 09:00:00,24.6936724601927,24.3817391608553,0.0,1.76,17.3,86,100,7.4,274,17.0,17.0,17.1,0.3,0.3,0.13,16.0,97.0,6488.0,0.0,2.0,145.0,1.0,99810.0
2025-04-13 10:00:00,24.8440186781199,24.3682351284065,0.0,1.76,17.4,84,100,6.9,288,17.1,17.0,17.1,0.2,0.2,0.1,17.0,97.0,15293.0,1.0,1.0,354.0,0.0,99890.0
2025-04-13 11:00:00,24.8771753856123,24.5830059471566,0.0,1.76,17.5,84,100,8.1,317,17.4,17.0,17.1,0.4,0.4,0.12,17.0,95.0,30188.0,2.0,0.0,12.0,0.0,99840.0
2025-04-13 12:00:00,24.8813088290427,24.7326613659445,0.0,1.76,17.8,82,100,7.7,323,17.6,17.0,17.1,0.3,0.3,0.15,18.0,87.0,52633.0,4.0,2.0,295.0,0.0,99860.0
2025-04-13 13:00:00,24.9100920338272,24.692629468576,0.0,1.76,16.5,88,100,11.5,299,17.5,17.2,17.1,5.2,5.2,0.13,19.0,85.0,26545.0,3.0,4.0,351.0,0.0,99860.0
2025-04-13 14:00:00,25.0767867550101,24.7815732384108,0.0,1.76,17.5,85,96,7.9,250,17.7,17.2,17.1,0.6,0.6,0.15,17.0,90.0,5698.0,0.0,4.0,322.0,0.0,99890.0
2025-04-13 15:00:00,25.1859198103659,24.6645625507791,0.0,1.76,18.7,78,96,6.1,284,18.4,17.3,17.1,0.1,0.1,0.24,17.0,94.0,12931.0,1.0,2.0,44.0,0.0,99890.0
2025-04-13 16:00:00,25.1805990860898,24.5026795490935,0.0,1.76,18.2,76,40,3.8,262,18.6,17.4,17.1,0.0,0.0,0.15,17.0,95.0,14128.0,1.0,2.0,20.0,25.0,99890.0
2025-04-13 17:00:00,25.1651395964638,24.635239721388,0.0,1.76,18.8,70,27,2.8,227,19.0,17.5,17.1,0.0,0.0,0.2,18.0,92.0,7702.0,0.0,3.0,77.0,0.0,99900.0
2025-04-13 18:00:00,25.5377885347243,25.6041763543932,0.0,1.76,17.9,79,28,2.9,182,18.6,17.6,17.1,0.0,0.0,0.08,18.0,89.0,29036.0,2.0,2.0,162.0,76.0,99920.0
2025-04-13 19:00:00,27.1937694825587,25.9151214524499,0.0,1.76,15.6,80,38,5.2,193,17.4,17.6,17.1,0.0,0.0,0.02,18.0,84.0,10773.0,0.0,2.0,180.0,0.0,99970.0
2025-04-13 20:00:00,27.6396178513342,25.6846141875083,0.0,1.76,14.8,82,81,7.7,203,16.6,17.5,17.1,0.0,0.0,0.0,18.0,88.0,1696.0,0.0,2.0,126.0,0.0,99950.0
2025-04-13 21:00:00,27.7191810434917,25.6530347010847,0.0,1.76,14.5,83,14,7.6,210,16.1,17.4,17.1,0.0,0.0,0.0,16.0,94.0,0.0,0.0,0.0,48.0,0.0,99970.0
2025-04-13 22:00:00,27.794548940792,25.4481963437606,0.0,1.76,13.9,87,5,6.2,212,15.6,17.3,17.1,0.0,0.0,0.0,15.0,95.0,0.0,0.0,0.0,179.0,0.0,100010.0
2025-04-13 23:00:00,27.8637564740189,25.330786658947,0.0,1.76,13.3,90,10,5.4,208,15.2,17.2,17.1,0.0,0.0,0.0,15.0,94.0,0.0,0.0,0.0,198.0,0.0,100070.0
2025-04-14 00:00:00,27.8521114653575,25.9532787625442,0.0,1.76,12.8,92,18,5.6,222,14.9,17.0,17.1,0.0,0.0,0.0,16.0,88.0,0.0,0.0,0.0,198.0,0.0,100060.0
2025-04-14 01:00:00,27.784714932562,25.5716521445375,0.0,1.76,13.5,90,3,6.1,225,15.3,17.0,17.1,0.0,0.0,0.0,15.0,91.0,0.0,0.0,1.0,211.0,0.0,100050.0
2025-04-14 02:00:00,27.8000857506913,25.2861548883493,0.0,1.76,13.0,91,15,5.7,230,14.8,16.8,17.1,0.0,0.0,0.0,14.0,91.0,0.0,0.0,1.0,234.0,0.0,100020.0
2025-04-14 03:00:00,27.911860503895,25.3569764909386,0.0,1.76,12.5,91,68,4.8,254,14.4,16.7,17.1,0.4,0.4,0.0,14.0,92.0,0.0,0.0,2.0,270.0,0.0,99970.0
2025-04-14 04:00:00,27.605859890436,25.3466857919036,0.0,1.76,13.3,91,42,5.9,217,14.2,16.5,17.1,0.3,0.3,0.0,13.0,92.0,0.0,0.0,1.0,246.0,0.0,99950.0
2025-04-14 05:00:00,27.8529486457154,25.2809836598211,0.0,1.76,13.0,92,16,6.4,203,14.0,16.4,17.1,0.0,0.0,0.0,13.0,93.0,0.0,0.0,1.0,198.0,0.0,99950.0
2025-04-14 06:00:00,27.6163738634621,25.3241106435383,0.0,1.76,12.9,92,7,6.8,200,13.7,16.2,17.1,0.0,0.0,0.02,13.0,92.0,0.0,0.0,1.0,211.0,0.0,99940.0
2025-04-14 07:00:00,27.7104965739344,25.1239953294171,0.0,1.76,15.4,86,2,9.7,200,14.2,16.0,17.1,0.0,0.0,0.05,12.0,93.0,0.0,0.0,2.0,198.0,0.0,99960.0
2025-04-14 08:00:00,27.8517028557844,25.1355814566245,0.0,1.76,18.1,75,2,9.4,210,15.5,16.0,17.1,0.0,0.0,0.16,14.0,91.0,6252.0,0.0,1.0,211.0,0.0,100000.0
2025-04-14 09:00:00,27.8986496359755,25.0619003533213,0.0,1.76,20.2,65,1,10.7,223,17.2,16.0,17.0,0.0,0.0,0.29,16.0,85.0,19128.0,1.0,2.0,252.0,0.0,100020.0
2025-04-14 10:00:00,27.7609381624792,25.0585146422615,0.0,1.76,22.0,54,18,13.8,244,18.8,16.2,17.0,0.0,0.0,0.42,17.0,81.0,47820.0,3.0,3.0,246.0,0.0,100020.0
2025-04-14 11:00:00,27.7084890048434,25.0966365821725,0.0,1.76,22.8,50,36,15.3,258,20.1,16.5,17.0,0.1,0.1,0.48,20.0,70.0,75384.0,6.0,3.0,288.0,0.0,100020.0
2025-04-14 12:00:00,27.6874519307226,25.1789738468812,0.0,1.76,22.9,50,41,12.2,292,21.0,16.8,17.0,0.2,0.2,0.49,22.0,62.0,94121.0,9.0,2.0,255.0,0.0,100030.0
2025-04-14 13:00:00,27.6987241881966,25.1262365933424,0.0,1.76,22.7,52,94,12.0,311,21.8,17.0,17.0,0.2,0.2,0.52,21.0,66.0,74953.0,6.0,5.0,12.0,0.0,100030.0
2025-04-14 14:00:00,27.6477022143847,25.1243963303471,0.0,1.76,21.2,64,63,14.2,330,22.0,17.4,17.0,0.1,0.1,0.42,21.0,65.0,41636.0,4.0,4.0,17.0,0.0,99970.0
2025-04-14 15:00:00,27.7785824449664,25.0439685179317,0.0,1.76,20.5,67,31,11.8,343,22.0,17.7,17.0,0.0,0.0,0.35,21.0,67.0,102228.0,7.0,2.0,358.0,0.0,99920.0
2025-04-14 16:00:00,27.6369436604398,25.0348635926518,0.0,1.76,20.2,67,12,7.9,351,21.9,18.0,17.0,0.0,0.0,0.3,20.0,69.0,92948.0,8.0,6.0,355.0,0.0,99890.0
2025-04-14 17:00:00,27.5847591738291,25.0375081195125,0.0,1.76,19.5,69,35,8.6,358,21.3,18.2,17.0,0.0,0.0,0.19,21.0,65.0,40948.0,3.0,4.0,8.0,0.0,99870.0
2025-04-14 18:00:00,27.6721328006071,24.8039023187182,0.0,1.76,18.3,73,47,6.3,6,20.3,18.4,17.0,0.0,0.0,0.09,19.0,69.0,20840.0,1.0,6.0,330.0,0.0,99880.0
2025-04-14 19:00:00,27.4274075317872,24.8610196767865,0.0,1.76,16.5,82,52,3.4,14,19.1,18.4,17.0,0.0,0.0,0.02,19.0,71.0,12948.0,1.0,3.0,11.0,0.0,99890.0
2025-04-14 20:00:00,27.6233918010671,24.8061289728572,0.0,1.76,16.3,82,69,5.2,77,18.3,18.4,17.0,0.0,0.0,0.0,18.0,78.0,1415.0,0.0,0.0,30.0,0.0,99920.0
2025-04-14 21:00:00,27.4838012684702,24.8034914257398,0.0,1.76,15.3,88,62,3.1,84,17.6,18.4,17.1,0.0,0.0,0.0,16.0,86.0,0.0,0.0,2.0,95.0,0.0,99960.0
2025-04-14 22:00:00,27.5074023978669,24.7522191105092,0.0,1.76,14.7,90,99,3.0,150,16.9,18.3,17.1,0.0,0.0,0.0,15.0,87.0,0.0,0.0,3.0,130.0,0.0,100050.0
2025-04-14 23:00:00,27.5160432427418,24.6539117807638,0.0,1.76,15.2,88,91,3.1,175,16.7,18.1,17.1,0.0,0.0,0.0,15.0,88.0,0.0,0.0,2.0,103.0,0.0,100100.0
2025-04-15 00:00:00,27.2734633037304,24.6974062347732,0.0,1.76,14.2,91,86,2.1,243,16.2,18.0,17.1,0.0,0.0,0.0,15.0,88.0,0.0,0.0,0.0,138.0,0.0,100090.0
2025-04-15 01:00:00,27.2339072624299,24.6808969622635,0.0,1.76,14.3,90,26,1.3,310,16.3,17.9,17.1,0.0,0.0,0.0,14.0,91.0,0.0,0.0,0.0,97.0,0.0,100000.0
2025-04-15 02:00:00,27.304266547309,24.7007960402455,0.0,1.76,14.0,90,42,4.3,176,15.9,17.8,17.1,0.0,0.0,0.0,13.0,93.0,0.0,0.0,0.0,192.0,0.0,99990.0
2025-04-15 03:00:00,27.0843774057074,24.7311740686382,0.0,1.76,13.4,90,82,6.5,215,15.4,17.6,17.1,0.0,0.0,0.0,13.0,94.0,0.0,0.0,0.0,204.0,0.0,99920.0
2025-04-15 04:00:00,27.259162167643,24.6435425304972,0.0,1.76,15.1,75,50,14.7,210,15.3,17.4,17.1,0.0,0.0,0.03,13.0,95.0,0.0,0.0,0.0,228.0,0.0,99820.0
2025-04-15 05:00:00,27.1062404281817,24.4443752390604,0.0,1.76,15.9,68,77,18.0,211,15.4,17.3,17.1,0.0,0.0,0.06,13.0,95.0,0.0,0.0,0.0,240.0,0.0,99800.0
2025-04-15 06:00:00,27.1217727065713,24.4706730757902,0.0,1.76,16.1,65,67,21.4,217,15.5,17.2,17.1,0.0,0.0,0.09,13.0,95.0,0.0,0.0,0.0,262.0,0.0,99720.0
2025-04-15 07:00:00,27.1980675142239,24.4813171956254,0.0,1.76,16.8,64,8,21.9,224,15.8,17.1,17.1,0.0,0.0,0.12,14.0,86.0,45.0,0.0,0.0,270.0,0.0,99720.0
2025-04-15 08:00:00,27.2896315898182,24.4488796689144,0.0,1.76,17.3,66,56,20.9,262,16.5,17.0,17.1,0.4,0.4,0.18,14.0,82.0,4232.0,0.0,2.0,302.0,0.0,99790.0
2025-04-15 09:00:00,27.0438374956115,24.4203357954728,0.0,1.76,15.3,80,100,17.9,281,16.4,17.0,17.1,2.0,2.0,0.15,17.0,79.0,21276.0,1.0,3.0,336.0,0.0,99840.0
2025-04-15 10:00:00,27.2258023106548,24.3361784424172,0.0,1.76,14.1,89,97,10.4,248,15.7,16.9,17.1,1.3,1.3,0.07,15.0,81.0,37696.0,3.0,7.0,0.0,0.0,99890.0
2025-04-15 11:00:00,27.2144788567337,24.125637168713,0.0,1.76,15.7,77,100,9.2,242,16.6,16.9,17.1,0.4,0.4,0.25,13.0,84.0,7823.0,0.0,5.0,318.0,0.0,100000.0
2025-04-15 12:00:00,27.119199173675,24.2746498945638,0.0,1.76,15.4,77,100,8.5,245,16.5,16.8,17.1,0.4,0.4,0.14,13.0,88.0,20635.0,2.0,0.0,308.0,10.0,100120.0
2025-04-15 13:00:00,26.9109908283711,24.2542664402436,0.0,1.76,15.9,75,85,7.7,256,16.4,16.8,17.0,0.3,0.3,0.17,13.0,92.0,21182.0,1.0,2.0,240.0,7.0,100140.0
2025-04-15 14:00:00,27.2273722556919,24.3607759690206,0.0,1.76,15.6,68,98,10.5,281,16.8,16.8,17.0,0.3,0.3,0.21,14.0,87.0,8214.0,0.0,0.0,194.0,6.0,100130.0
2025-04-15 15:00:00,27.6840773907145,24.9679085155324,0.0,1.76,16.9,64,99,8.8,268,17.5,16.8,17.0,0.1,0.1,0.26,14.0,89.0,24865.0,2.0,3.0,198.0,15.0,100120.0
2025-04-15 16:00:00,27.9515558011497,25.225129308833,0.0,1.76,15.4,67,100,5.2,277,17.1,16.9,17.0,0.2,0.2,0.11,15.0,83.0,34904.0,2.0,1.0,276.0,0.0,100030.0
2025-04-15 17:00:00,28.1019511390317,25.4037636357797,0.0,1.76,15.6,67,92,9.3,230,16.9,16.9,17.0,0.1,0.1,0.1,15.5,81.0,31248.5,2.0,1.5,273.0,0.0,100015.0
2025-04-15 18:00:00,28.0464507929659,25.1412136608521,0.0,1.76,14.2,78,78,13.7,201,16.2,16.9,17.0,0.3,0.3,0.07,16.0,79.0,27593.0,2.0,2.0,270.0,0.0,100000.0
2025-04-15 19:00:00,28.162653141985,25.3675232922323,0.0,1.76,12.9,78,53,11.1,205,15.3,16.8,17.0,0.0,0.0,0.04,14.0,86.0,11914.0,1.0,1.0,246.0,0.0,100030.0
2025-04-15 20:00:00,28.1663890990529,25.3665830718833,0.0,1.76,11.9,81,23,11.1,197,14.5,16.7,17.0,0.9,0.9,0.01,14.0,85.0,6583.0,0.0,2.0,234.0,3.0,100070.0
2025-04-15 21:00:00,28.1574971411949,25.6046251084746,0.0,1.76,10.6,86,86,3.5,226,13.7,16.5,17.0,0.0,0.0,0.0,13.0,86.0,268.0,0.0,3.0,246.0,0.0,100140.0
2025-04-15 22:00:00,28.4006119299475,25.5173601319686,0.0,1.76,10.9,85,48,16.2,209,13.3,16.3,17.0,0.0,0.0,0.01,12.0,88.0,0.0,0.0,2.0,234.0,1.0,100200.0
2025-04-15 23:00:00,28.2335914883074,25.5324032772661,0.0,1.76,11.1,78,66,14.4,230,12.9,16.1,17.0,0.0,0.0,0.02,12.0,88.0,0.0,0.0,1.0,192.0,0.0,100280.0
2025-04-16 00:00:00,28.2597288028529,25.5485354173699,0.0,1.76,10.5,81,100,6.5,249,12.6,15.9,17.0,0.0,0.0,0.0,13.0,82.0,0.0,0.0,3.0,210.0,0.0,100350.0
2025-04-16 01:00:00,28.2698695344911,25.4603240707962,0.0,1.76,11.4,74,28,15.0,255,13.0,15.5,17.0,0.0,0.0,0.03,12.0,75.0,0.0,0.0,4.0,309.0,0.0,100380.0
2025-04-16 02:00:00,28.2785951832981,25.5470725699887,0.0,1.76,11.2,72,27,14.2,253,12.6,15.3,17.0,0.0,0.0,0.03,12.0,86.0,0.0,0.0,3.0,240.0,0.0,100420.0
2025-04-16 03:00:00,28.0503958994605,25.3683778154327,0.0,1.76,11.0,68,34,16.7,256,12.4,15.2,17.0,0.0,0.0,0.04,12.0,80.0,0.0,0.0,4.0,258.0,0.0,100460.0
2025-04-16 04:00:00,28.2232692111081,25.434617812283,0.0,1.76,10.7,68,28,17.8,250,12.2,15.0,16.9,0.0,0.0,0.05,11.0,76.0,0.0,0.0,3.0,223.0,0.0,100430.0
2025-04-16 05:00:00,27.9957086842986,25.5573873578446,0.0,1.76,10.6,68,18,19.6,243,12.1,14.8,16.9,0.0,0.0,0.05,10.0,77.0,0.0,0.0,3.0,246.0,0.0,100420.0
2025-04-16 06:00:00,28.0969911619325,25.3035590337257,0.0,1.76,10.5,69,25,20.0,245,12.0,14.7,16.9,0.0,0.0,0.07,11.0,72.0,0.0,0.0,4.0,300.0,0.0,100440.0
2025-04-16 07:00:00,28.1283525205962,25.2653657248217,0.0,1.76,11.9,64,24,22.6,247,12.3,14.5,16.9,0.0,0.0,0.1,11.0,70.0,0.0,0.0,3.0,264.0,0.0,100470.0
2025-04-16 08:00:00,27.9635356104584,25.3948913228504,0.0,1.76,13.3,59,24,25.0,244,13.1,14.5,16.9,0.0,0.0,0.17,11.0,73.0,184.0,0.0,5.0,294.0,0.0,100540.0
2025-04-16 09:00:00,28.1483593179186,25.0068340516281,0.0,1.76,14.8,52,16,28.9,263,14.2,14.5,16.9,0.0,0.0,0.26,11.0,72.0,10136.0,0.0,4.0,264.0,0.0,100620.0
2025-04-16 10:00:00,28.1132357444677,25.4678667886251,0.0,1.76,16.1,46,6,29.4,273,15.4,14.5,16.9,0.0,0.0,0.36,13.0,70.0,29504.0,1.0,3.0,252.0,0.0,100650.0
2025-04-16 11:00:00,27.9673027576458,25.3017013782385,0.0,1.76,17.1,41,5,30.1,278,16.6,14.7,16.8,0.0,0.0,0.45,14.0,63.0,26432.0,2.0,6.0,290.0,0.0,100690.0
2025-04-16 12:00:00,27.9617987081145,25.1374880153543,0.0,1.76,17.8,38,1,29.5,280,17.8,14.9,16.8,0.0,0.0,0.5,16.0,56.0,87083.0,6.0,9.0,282.0,0.0,100740.0
2025-04-16 13:00:00,28.0751296988872,25.0429079692002,0.0,1.76,17.9,41,1,27.3,282,18.7,15.2,16.8,0.0,0.0,0.51,16.0,58.0,106866.0,9.0,5.0,300.0,0.0,100750.0
2025-04-16 14:00:00,27.823171005888,24.9684711143566,0.0,1.76,18.1,39,0,24.7,284,19.2,15.5,16.8,0.0,0.0,0.49,17.0,44.0,113766.0,9.0,8.0,302.0,0.0,100760.0
2025-04-16 15:00:00,27.8558734328571,24.8904980794193,0.0,1.76,18.1,41,0,22.3,288,19.4,15.8,16.8,0.0,0.0,0.44,18.0,48.0,110177.0,9.0,5.0,324.0,0.0,100750.0
2025-04-16 16:00:00,27.9153158353612,25.1168960767063,0.0,1.76,17.7,41,0,19.1,295,19.2,16.1,16.8,0.0,0.0,0.36,18.0,44.0,95110.0,7.0,8.0,312.0,0.0,100740.0
2025-04-16 17:00:00,27.7323340596359,24.8772534438289,0.0,1.76,16.7,48,1,14.6,299,18.5,16.3,16.8,0.0,0.0,0.24,19.0,38.0,80422.0,7.0,4.0,317.0,0.0,100730.0
2025-04-16 18:00:00,27.7050499211913,24.8632663168358,0.0,1.76,15.3,64,24,4.4,288,17.6,16.4,16.8,0.0,0.0,0.09,19.0,33.0,57500.0,4.0,7.0,312.0,0.0,100720.0
2025-04-16 19:00:00,27.6517878531782,24.8801730614372,0.0,1.76,13.2,60,2,5.1,260,16.0,16.4,16.8,0.0,0.0,0.04,19.0,38.0,18749.0,1.0,4.0,306.0,0.0,100730.0
2025-04-16 20:00:00,27.7588183883803,24.7334377474905,0.0,1.76,12.9,60,0,8.9,227,15.0,16.4,16.8,0.0,0.0,0.03,18.0,40.0,8102.0,0.0,3.0,314.0,0.0,100790.0
2025-04-16 21:00:00,27.8707534126121,24.7889581815933,0.0,1.76,12.2,64,0,9.0,233,14.3,16.2,16.8,0.0,0.0,0.03,16.0,48.0,478.0,0.0,2.0,292.0,0.0,100820.0
2025-04-16 22:00:00,27.5549990231001,24.7876423345486,0.0,1.76,11.9,67,0,9.3,235,13.8,16.1,16.8,0.0,0.0,0.02,15.0,52.0,0.0,0.0,3.0,297.0,0.0,100860.0
2025-04-16 23:00:00,27.4821796479126,24.7184571744506,0.0,1.76,11.6,71,0,9.9,225,13.5,15.9,16.8,0.0,0.0,0.02,13.0,63.0,0.0,0.0,1.0,258.0,0.0,100920.0
2025-04-17 00:00:00,27.4666279596602,24.8281704099044,0.0,1.76,11.4,74,0,10.6,214,13.2,15.8,16.7,0.0,0.0,0.02,13.0,67.0,0.0,0.0,2.0,198.0,0.0,100990.0
2025-04-17 01:00:00,27.5165626122994,24.6605470391237,0.0,1.76,11.4,75,0,6.3,211,13.6,15.7,16.7,0.0,0.0,0.01,14.0,63.0,0.0,0.0,1.0,240.0,0.0,100980.0
2025-04-17 02:00:00,27.408098579475,24.5715183040095,0.0,1.76,10.2,81,3,4.4,215,13.0,15.5,16.7,0.0,0.0,0.0,12.0,73.0,0.0,0.0,0.0,198.0,0.0,100980.0
2025-04-17 03:00:00,27.6611488554931,24.6541727887254,0.0,1.76,9.6,84,7,6.7,209,12.5,15.3,16.7,0.0,0.0,0.0,12.0,72.0,0.0,0.0,1.0,216.0,0.0,100930.0
2025-04-17 04:00:00,27.4928475841352,24.4416566742897,0.0,1.76,9.2,86,3,5.6,216,12.1,15.2,16.7,0.0,0.0,0.0,11.0,77.0,0.0,0.0,1.0,192.0,0.0,100850.0
2025-04-17 05:00:00,27.3885286417886,24.5977326221198,0.0,1.76,9.2,85,2,6.4,223,11.7,15.0,16.7,0.0,0.0,0.0,11.0,80.0,0.0,0.0,0.0,246.0,0.0,100850.0
2025-04-17 06:00:00,27.2512048333301,24.4715676853385,0.0,1.76,9.9,82,1,7.9,221,11.5,14.8,16.7,0.0,0.0,0.02,11.0,81.0,0.0,0.0,1.0,252.0,0.0,100850.0
2025-04-17 07:00:00,27.3254244044213,24.6015697170022,0.0,1.76,13.0,72,0,10.6,215,12.2,14.6,16.7,0.0,0.0,0.07,11.0,80.0,0.0,0.0,1.0,222.0,0.0,100820.0
2025-04-17 08:00:00,27.1677346923169,24.3507147858746,0.0,1.76,16.4,62,0,12.1,222,13.6,14.5,16.7,0.0,0.0,0.18,11.0,81.0,1117.0,0.0,2.0,264.0,0.0,100840.0
2025-04-17 09:00:00,27.4408672242097,24.3390321953068,0.0,1.76,18.6,53,25,14.2,232,15.4,14.6,16.6,0.0,0.0,0.31,13.0,76.0,9912.0,1.0,1.0,246.0,0.0,100840.0
2025-04-17 10:00:00,27.2557796512336,24.3428885187162,0.0,1.76,20.0,47,100,16.3,235,17.1,14.7,16.6,0.0,0.0,0.42,15.0,66.0,35414.0,2.0,2.0,240.0,0.0,100860.0
2025-04-17 11:00:00,27.0940536786243,24.2163667966876,0.0,1.76,21.0,46,100,16.5,239,18.4,15.0,16.6,0.0,0.0,0.47,18.0,56.0,67039.0,4.0,3.0,288.0,0.0,100840.0
2025-04-17 12:00:00,27.2877058519341,24.2400754018208,0.0,1.76,22.0,45,100,16.2,246,19.7,15.3,16.6,0.0,0.0,0.53,21.0,48.0,87640.0,4.0,4.0,288.0,0.0,100870.0
2025-04-17 13:00:00,27.1122213587947,24.1523016430942,0.0,1.76,23.9,40,100,10.0,259,21.0,15.7,16.6,0.0,0.0,0.54,21.0,45.0,102140.0,8.0,4.0,295.0,0.0,100860.0
2025-04-17 14:00:00,27.3652196165713,24.0729154501552,0.0,1.76,22.4,50,100,11.6,324,21.3,16.1,16.6,0.0,0.0,0.4,22.0,43.0,91612.0,8.0,1.0,240.0,0.0,100790.0
2025-04-17 15:00:00,27.2074177352924,24.0160066997202,0.0,1.76,21.8,56,99,11.0,335,21.5,16.5,16.6,0.0,0.0,0.39,23.0,42.0,80000.0,7.0,3.0,286.0,0.0,100740.0
2025-04-17 16:00:00,27.2686702736877,24.1121735001135,0.0,1.76,21.4,58,63,7.6,357,21.4,16.8,16.6,0.0,0.0,0.3,22.0,52.0,59256.0,5.0,3.0,24.0,0.0,100740.0
2025-04-17 17:00:00,27.1722617154954,24.0122608458182,0.0,1.76,20.6,62,59,6.9,40,21.0,17.1,16.6,0.0,0.0,0.22,22.0,54.0,49024.0,4.0,3.0,6.0,0.0,100670.0
2025-04-17 18:00:00,27.2479923757545,23.9389793545412,0.0,1.76,18.8,72,94,5.0,68,20.0,17.3,16.6,0.0,0.0,0.09,22.0,57.0,58060.0,4.0,3.0,355.0,0.0,100680.0
2025-04-17 19:00:00,27.0595326878943,24.0601533083013,0.0,1.76,16.1,83,100,5.8,81,18.6,17.4,16.6,0.0,0.0,0.02,21.0,58.0,17049.0,1.0,3.0,37.0,0.0,100670.0
2025-04-17 20:00:00,27.1173372430493,23.9944964867066,0.0,1.76,15.2,86,100,5.8,86,17.5,17.4,16.6,0.0,0.0,0.0,19.0,64.0,5625.0,0.0,3.0,15.0,0.0,100680.0
2025-04-17 21:00:00,27.1263607080547,23.9916616357512,0.0,1.76,15.0,84,100,1.8,71,16.6,17.4,16.6,0.0,0.0,0.0,17.0,74.0,160.0,0.0,1.0,78.0,0.0,100700.0
2025-04-17 22:00:00,27.0594561339919,24.222057870558,0.0,1.76,14.8,84,96,0.3,51,15.8,17.3,16.6,0.0,0.0,0.0,16.0,80.0,0.0,0.0,1.0,126.0,0.0,100720.0
2025-04-17 23:00:00,26.9473926329036,23.7668145666235,0.0,1.76,14.1,85,100,2.7,171,15.1,17.2,16.6,0.0,0.0,0.0,16.0,79.0,0.0,0.0,2.0,131.0,0.0,100740.0
2025-04-18 00:00:00,27.0891498324529,23.9099599990489,0.0,1.76,13.7,84,100,3.4,180,14.6,17.0,16.6,0.0,0.0,0.0,15.0,83.0,0.0,0.0,0.0,184.0,0.0,100710.0
2025-04-18 01:00:00,26.9951723360713,23.7338112033923,0.0,1.76,14.0,84,100,3.1,184,14.7,16.9,16.6,0.0,0.0,0.0,13.0,88.0,0.0,0.0,0.0,240.0,0.0,100670.0
2025-04-18 02:00:00,26.9389815131668,23.9220516268593,0.0,1.76,13.7,83,100,1.7,126,14.3,16.7,16.6,0.0,0.0,0.0,12.0,90.0,0.0,0.0,0.0,186.0,0.0,100650.0
2025-04-18 03:00:00,26.9109950246984,23.7465069241065,0.0,1.76,13.8,82,99,0.5,49,14.0,16.5,16.6,0.0,0.0,0.0,12.0,91.0,0.0,0.0,0.0,180.0,0.0,100570.0
2025-04-18 04:00:00,26.8958696292072,23.722617690787207,0.0,1.76,13.3,83,87,0.9,25,13.6,16.3,16.6,0.0,0.0,0.0,12.272727272727273,90.18181818181819,1073.7575757575758,0.09090909090909091,0.0,178.1818181818182,0.0,100558.48484848485
2025-04-18 05:00:00,26.880744233716,23.698728457467915,0.0,1.76,12.9,81,26,1.4,67,13.2,16.2,16.6,0.0,0.0,0.0,12.545454545454545,89.36363636363636,2147.5151515151515,0.18181818181818182,0.0,176.36363636363637,0.0,100546.9696969697
2025-04-18 06:00:00,26.8656188382248,23.67483922414862,0.0,1.76,12.9,80,41,1.9,54,12.9,16.0,16.6,0.0,0.0,0.01,12.818181818181818,88.54545454545455,3221.272727272727,0.2727272727272727,0.0,174.54545454545453,0.0,100535.45454545454
2025-04-18 07:00:00,26.8504934427336,23.650949990829325,0.0,1.76,15.3,77,100,5.4,312,13.7,15.8,16.6,0.0,0.0,0.06,13.09090909090909,87.72727272727273,4295.030303030303,0.36363636363636365,0.0,172.72727272727272,0.0,100523.93939393939
2025-04-18 08:00:00,26.8353680472424,23.627060757510034,0.0,1.76,17.8,67,92,5.8,279,15.2,15.7,16.6,0.0,0.0,0.16,13.363636363636363,86.9090909090909,5368.787878787879,0.4545454545454546,0.0,170.9090909090909,0.0,100512.42424242424
2025-04-18 09:00:00,26.8202426517512,23.60317152419074,0.0,1.76,19.4,60,60,2.4,288,16.9,15.8,16.6,0.0,0.0,0.27,13.636363636363637,86.0909090909091,6442.545454545454,0.5454545454545454,0.0,169.0909090909091,0.0,100500.90909090909
2025-04-18 10:00:00,26.80511725626,23.579282290871443,0.0,1.76,21.2,56,52,2.9,3,18.9,15.9,16.6,0.0,0.0,0.41,13.909090909090908,85.27272727272727,7516.30303030303,0.6363636363636364,0.0,167.27272727272728,0.0,100489.39393939394
2025-04-18 11:00:00,26.7899918607688,23.555393057552152,0.0,1.76,22.6,54,61,5.8,16,20.7,16.2,16.6,0.0,0.0,0.51,14.181818181818182,84.45454545454545,8590.060606060606,0.7272727272727273,0.0,165.45454545454547,0.0,100477.87878787878
2025-04-18 12:00:00,26.7748664652776,23.531503824232857,0.0,1.76,23.2,54,51,8.8,24,22.0,16.6,16.6,0.0,0.0,0.55,14.454545454545455,83.63636363636364,9663.818181818182,0.8181818181818182,0.0,163.63636363636363,0.0,100466.36363636363
2025-04-18 13:00:00,26.7597410697864,23.507614590913562,0.0,1.76,23.1,56,45,13.0,30,22.7,16.9,16.6,0.0,0.0,0.55,14.727272727272727,82.81818181818181,10737.575757575758,0.9090909090909092,0.0,161.8181818181818,0.0,100454.84848484848
2025-04-18 14:00:00,26.7446156742952,23.48372535759427,0.0,1.76,22.4,57,10,14.6,39,23.2,17.3,16.6,0.0,0.0,0.51,15.0,82.0,11811.333333333334,1.0,0.0,160.0,0.0,100443.33333333333
2025-04-18 15:00:00,26.729490278804,23.459836124274975,0.0,1.76,21.7,60,8,15.0,31,23.2,17.7,16.6,0.0,0.0,0.44,15.272727272727273,81.18181818181819,12885.090909090908,1.0909090909090908,0.0,158.1818181818182,0.0,100431.81818181818
2025-04-18 16:00:00,26.7143648833128,23.43594689095568,0.0,1.76,20.7,64,36,14.0,32,22.8,18.0,16.6,0.0,0.0,0.33,15.545454545454545,80.36363636363636,13958.848484848484,1.1818181818181819,0.0,156.36363636363637,0.0,100420.30303030302
2025-04-18 17:00:00,26.6992394878216,23.41205765763639,0.0,1.76,19.2,69,57,9.8,28,22.0,18.2,16.6,0.0,0.0,0.21,15.818181818181818,79.54545454545455,15032.60606060606,1.2727272727272727,0.0,154.54545454545453,0.0,100408.78787878787
2025-04-18 18:00:00,26.6841140923304,23.388168424317094,0.0,1.76,18.2,74,89,4.8,48,20.8,18.4,16.6,0.0,0.0,0.09,16.09090909090909,78.72727272727272,16106.363636363636,1.3636363636363638,0.0,152.72727272727272,0.0,100397.27272727272
2025-04-18 19:00:00,26.6689886968392,23.3642791909978,0.0,1.76,16.2,84,86,1.0,59,19.4,18.5,16.6,0.0,0.0,0.01,16.363636363636363,77.9090909090909,17180.121212121212,1.4545454545454546,0.0,150.9090909090909,0.0,100385.75757575757
2025-04-18 20:00:00,26.653863301348,23.340389957678507,0.0,1.76,15.8,85,96,0.9,104,18.1,18.5,16.6,0.0,0.0,0.0,16.636363636363637,77.0909090909091,18253.878787878788,1.5454545454545454,0.0,149.0909090909091,0.0,100374.24242424243
2025-04-18 21:00:00,26.6387379058568,23.316500724359212,0.0,1.76,15.8,85,100,0.7,120,17.2,18.4,16.6,0.0,0.0,0.0,16.90909090909091,76.27272727272727,19327.636363636364,1.6363636363636365,0.0,147.27272727272728,0.0,100362.72727272728
2025-04-18 22:00:00,26.6236125103656,23.29261149103992,0.0,1.76,15.4,88,99,2.5,198,16.7,18.2,16.6,0.0,0.0,0.0,17.18181818181818,75.45454545454545,20401.39393939394,1.7272727272727273,0.0,145.45454545454547,0.0,100351.21212121213
2025-04-18 23:00:00,26.6084871148744,23.268722257720626,0.0,1.76,14.8,91,98,4.9,236,16.2,18.1,16.6,0.0,0.0,0.0,17.454545454545453,74.63636363636364,21475.151515151516,1.8181818181818183,0.0,143.63636363636363,0.0,100339.69696969698
2025-04-19 00:00:00,26.5933617193832,23.24483302440133,0.0,1.76,14.2,91,1,4.0,240,15.8,17.9,16.7,0.0,0.0,0.0,17.727272727272727,73.81818181818181,22548.909090909092,1.9090909090909092,0.0,141.8181818181818,0.0,100328.18181818182
2025-04-19 01:00:00,26.578236323892,23.22094379108204,0.0,1.76,14.8,89,8,4.2,231,16.5,17.9,16.7,0.0,0.0,0.0,18.0,73.0,23622.666666666668,2.0,0.0,140.0,0.0,100316.66666666667
2025-04-19 02:00:00,26.5631109284008,23.197054557762744,0.0,1.76,15.2,84,26,1.0,311,15.9,17.7,16.7,0.0,0.0,0.0,18.272727272727273,72.18181818181819,24696.424242424244,2.090909090909091,0.0,138.1818181818182,0.0,100305.15151515152
2025-04-19 03:00:00,26.5479855329096,23.17316532444345,0.0,1.76,14.6,87,23,1.5,339,15.4,17.6,16.7,0.0,0.0,0.0,18.545454545454547,71.36363636363636,25770.181818181816,2.1818181818181817,0.0,136.36363636363637,0.0,100293.63636363637
2025-04-19 04:00:00,26.5328601374184,23.149276091124158,0.0,1.76,14.3,87,13,1.0,285,14.9,17.4,16.7,0.0,0.0,0.0,18.818181818181817,70.54545454545455,26843.939393939392,2.272727272727273,0.0,134.54545454545456,0.0,100282.12121212122
2025-04-19 05:00:00,26.5177347419272,23.125386857804862,0.0,1.76,13.6,87,14,3.6,231,14.5,17.2,16.7,0.0,0.0,0.0,19.09090909090909,69.72727272727272,27917.696969696968,2.3636363636363638,0.0,132.72727272727272,0.0,100270.60606060606
2025-04-19 06:00:00,26.502609346436,23.101497624485567,0.0,1.76,13.5,89,21,3.3,216,14.2,17.0,16.7,0.0,0.0,0.01,19.363636363636363,68.9090909090909,28991.454545454544,2.4545454545454546,0.0,130.9090909090909,0.0,100259.09090909091
2025-04-19 07:00:00,26.4874839509448,23.077608391166276,0.0,1.76,15.9,82,20,1.7,276,15.0,16.9,16.7,0.0,0.0,0.05,19.636363636363637,68.0909090909091,30065.21212121212,2.5454545454545454,0.0,129.0909090909091,0.0,100247.57575757576
2025-04-19 08:00:00,26.4723585554536,23.05371915784698,0.0,1.76,18.0,75,16,2.1,315,16.4,16.8,16.7,0.0,0.0,0.16,19.90909090909091,67.27272727272727,31138.969696969696,2.6363636363636362,0.0,127.27272727272728,0.0,100236.06060606061
2025-04-19 09:00:00,26.4572331599624,23.029829924527686,0.0,1.76,19.8,67,90,8.0,299,18.1,16.8,16.7,0.0,0.0,0.29,20.18181818181818,66.45454545454545,32212.727272727272,2.7272727272727275,0.0,125.45454545454545,0.0,100224.54545454546
2025-04-19 10:00:00,26.4421077644712,23.005940691208394,0.0,1.76,20.0,67,36,14.4,310,19.5,17.0,16.7,0.1,0.1,0.35,20.454545454545453,65.63636363636364,33286.48484848485,2.8181818181818183,0.0,123.63636363636364,0.0,100213.0303030303
2025-04-19 11:00:00,26.42698236898,22.9820514578891,0.0,1.76,19.7,67,93,16.7,317,20.2,17.1,16.7,0.2,0.2,0.34,20.727272727272727,64.81818181818181,34360.242424242424,2.909090909090909,0.0,121.81818181818181,0.0,100201.51515151515
2025-04-19 12:00:00,26.1278193054752,23.1420131180096,0.0,1.76,19.6,65,84,17.2,321,20.7,17.3,16.7,0.1,0.1,0.36,21.0,64.0,35434.0,3.0,0.0,120.0,0.0,100190.0
2025-04-19 13:00:00,26.3178363134686,22.8943072477879,0.0,1.76,20.0,63,96,19.3,314,21.2,17.6,16.7,0.1,0.1,0.39,21.0,64.0,101505.0,7.0,5.0,341.0,0.0,100140.0
2025-04-19 14:00:00,26.1684937798546,23.020969939974,0.0,1.76,19.5,58,100,19.9,311,21.4,17.8,16.7,0.0,0.0,0.37,20.0,60.0,80442.0,7.0,7.0,352.0,0.0,100120.0
2025-04-19 15:00:00,26.3217550455359,22.7727752713867,0.0,1.76,19.6,51,89,15.5,309,21.2,18.0,16.7,0.0,0.0,0.3,19.0,66.0,44147.0,4.0,5.0,345.0,0.0,100130.0
2025-04-19 16:00:00,26.1891313712391,22.8384455888325,0.0,1.76,18.7,53,72,11.5,324,21.0,18.2,16.7,0.0,0.0,0.27,17.0,66.0,11745.0,1.0,9.0,343.0,0.0,100140.0
2025-04-19 17:00:00,26.3128309663467,23.058100757095,0.0,1.76,18.2,56,97,10.3,309,20.4,18.3,16.7,0.0,0.0,0.19,17.0,64.0,20657.0,1.0,4.0,351.0,0.0,100120.0
2025-04-19 18:00:00,26.2601635000677,22.9498832794058,0.0,1.76,17.3,57,100,6.7,286,19.5,18.4,16.7,0.0,0.0,0.09,17.0,65.0,7423.0,0.0,4.0,342.0,0.0,100130.0
2025-04-19 19:00:00,26.2811773714525,22.87991077249,0.0,1.76,17.2,50,100,9.4,253,18.8,18.4,16.7,0.0,0.0,0.08,17.0,59.0,1512.0,0.0,5.0,342.0,0.0,100140.0
2025-04-19 20:00:00,26.2888691450456,23.0917914617181,0.0,1.76,16.7,45,100,10.2,243,18.2,18.3,16.7,0.0,0.0,0.07,17.0,58.0,630.0,0.0,4.0,349.0,0.0,100180.0
2025-04-19 21:00:00,26.1349191186393,22.8100481740764,0.0,1.76,16.2,45,100,10.3,234,17.6,18.3,16.7,0.0,0.0,0.07,17.0,55.0,0.0,0.0,3.0,312.0,0.0,100280.0
2025-04-19 22:00:00,25.9981402593267,22.891196747179,0.0,1.76,15.8,48,100,11.0,231,17.2,18.2,16.7,0.0,0.0,0.06,16.0,52.0,0.0,0.0,2.0,282.0,0.0,100340.0
2025-04-19 23:00:00,26.0694702058065,22.630463433796,0.0,1.76,15.4,56,100,8.6,240,16.9,18.1,16.7,0.0,0.0,0.04,16.0,58.0,0.0,0.0,2.0,252.0,0.0,100340.0
2025-04-20 00:00:00,26.2071241152455,22.789994823188,0.0,1.76,14.8,62,100,9.9,232,16.5,18.0,16.8,0.1,0.1,0.04,16.0,57.0,0.0,0.0,2.0,237.0,0.0,100335.0
2025-04-20 01:00:00,26.2017976784311,22.8756254095666,0.0,1.76,15.0,61,100,9.3,226,16.6,17.9,16.8,0.0,0.0,0.04,16.0,56.0,0.0,0.0,2.0,222.0,0.0,100330.0
2025-04-20 02:00:00,26.056199294028,22.7897222371204,0.0,1.76,14.7,60,95,10.7,214,16.2,17.8,16.8,0.0,0.0,0.04,15.0,59.0,0.0,0.0,2.0,234.0,0.0,100370.0
2025-04-20 03:00:00,26.118089021132,22.8090454863819,0.0,1.76,13.9,61,63,10.9,218,15.8,17.6,16.8,0.0,0.0,0.04,15.0,61.0,0.0,0.0,0.0,228.0,0.0,100360.0
2025-04-20 04:00:00,26.0689849936357,22.7333274703527,0.0,1.76,12.9,64,81,11.1,222,15.3,17.5,16.8,0.0,0.0,0.04,15.0,63.0,0.0,0.0,1.0,264.0,0.0,100340.0
2025-04-20 05:00:00,26.0620621989845,22.7532668620671,0.0,1.76,12.8,65,9,9.3,247,15.0,17.3,16.8,0.0,0.0,0.03,14.0,64.0,0.0,0.0,0.0,234.0,0.0,100290.0
2025-04-20 06:00:00,25.9352895586391,22.6981368851917,0.0,1.76,11.7,72,1,6.2,249,14.4,17.1,16.8,0.0,0.0,0.03,14.0,65.0,0.0,0.0,0.0,252.0,0.0,100290.0
2025-04-20 07:00:00,26.0595106067902,22.6439202910101,0.0,1.76,13.7,68,0,6.7,246,14.6,17.0,16.8,0.0,0.0,0.07,13.0,68.0,0.0,0.0,0.0,210.0,0.0,100280.0
2025-04-20 08:00:00,25.9232559328364,22.6462943307618,0.0,1.76,15.5,59,11,8.9,250,15.6,16.8,16.8,0.0,0.0,0.18,12.0,71.0,423.0,0.0,1.0,204.0,0.0,100280.0
2025-04-20 09:00:00,26.0023584841629,22.7029736636719,0.0,1.76,16.9,52,10,13.2,245,16.9,16.8,16.8,0.0,0.0,0.29,13.0,66.0,7794.0,0.0,2.0,240.0,0.0,100350.0
2025-04-20 10:00:00,25.9544580723945,22.6430155352808,0.0,1.76,18.2,44,14,18.5,260,18.3,16.9,16.8,0.0,0.0,0.41,16.0,52.0,35123.0,2.0,4.0,282.0,0.0,100400.0
2025-04-20 11:00:00,25.9316577394575,22.4681281885327,0.0,1.76,19.6,36,81,21.4,271,19.5,17.0,16.8,0.0,0.0,0.5,17.0,38.0,24345.0,2.0,4.0,291.0,0.0,100430.0
2025-04-20 12:00:00,25.7174538081982,22.5944761949501,0.0,1.76,20.1,33,90,21.1,284,20.2,17.2,16.8,0.0,0.0,0.48,18.0,35.0,84434.0,6.0,4.0,258.0,0.0,100420.0
2025-04-20 13:00:00,25.7912940588285,22.525122782589,0.0,1.76,19.8,35,20,25.8,300,20.6,17.2,16.8,0.0,0.0,0.47,19.0,36.0,107369.0,9.0,4.0,304.0,0.0,100420.0
2025-04-20 14:00:00,25.8316784661816,22.2176253640695,0.0,1.76,20.6,35,16,22.6,302,21.3,17.4,16.8,0.0,0.0,0.54,19.0,34.0,33878.0,3.0,4.0,349.0,0.0,100400.0
2025-04-20 15:00:00,25.9872361191627,22.3611267365384,0.0,1.76,19.8,43,8,21.9,305,21.3,17.6,16.8,0.1,0.1,0.44,20.0,35.0,119180.0,10.0,7.0,352.0,0.0,100370.0
2025-04-20 16:00:00,25.9101348578592,22.3290139453513,0.0,1.76,19.3,46,17,18.7,305,21.1,17.8,16.8,0.0,0.0,0.35,20.0,40.0,100065.0,7.0,7.0,336.0,0.0,100350.0
2025-04-20 17:00:00,25.8742475559467,22.1080869775232,0.0,1.76,18.6,49,8,17.6,309,20.5,18.0,16.8,0.0,0.0,0.25,20.0,43.0,60098.0,5.0,8.0,348.0,0.0,100330.0
2025-04-20 18:00:00,25.7814310103588,22.2152641883882,0.0,1.76,17.4,56,1,8.1,306,19.5,18.1,16.8,0.0,0.0,0.11,20.0,46.0,63753.0,4.0,6.0,328.0,0.0,100320.0
2025-04-20 19:00:00,25.9268179449095,22.209669131194,0.0,1.76,15.3,62,0,7.4,290,18.1,18.1,16.8,0.0,0.0,0.05,19.0,48.0,41424.0,2.0,4.0,1.0,0.0,100340.0
2025-04-20 20:00:00,26.0117136364574,22.1795772984244,0.0,1.76,14.8,65,10,7.7,279,17.0,18.1,16.8,0.0,0.0,0.02,19.0,50.0,9728.0,0.0,5.0,340.0,0.0,100340.0
2025-04-20 21:00:00,26.0005564574709,22.2618681807183,0.0,1.76,14.4,69,26,7.4,259,16.2,17.9,16.8,0.0,0.0,0.02,18.0,50.0,932.0,0.0,2.0,251.0,0.0,100400.0
2025-04-20 22:00:00,25.8171117414125,22.0159485087077,0.0,1.76,13.9,73,99,10.3,229,15.7,17.8,16.8,0.0,0.0,0.02,17.0,54.0,0.0,0.0,2.0,270.0,0.0,100510.0
2025-04-20 23:00:00,26.0130953786471,21.9771918949367,0.0,1.76,13.5,76,96,10.7,231,15.3,17.6,16.8,0.0,0.0,0.02,15.0,61.0,0.0,0.0,2.0,223.0,0.0,100570.0
2025-04-21 00:00:00,25.8488442037359,22.2081634574895,0.0,1.76,13.0,78,33,9.7,230,14.9,17.5,16.8,0.0,0.0,0.01,16.0,56.0,0.0,0.0,0.0,218.0,0.0,100600.0
2025-04-21 01:00:00,25.8209763746014,21.9820459786034,0.0,1.76,13.4,75,15,7.3,233,15.4,17.3,16.8,0.0,0.0,0.01,15.0,60.0,0.0,0.0,1.0,246.0,0.0,100600.0
2025-04-21 02:00:00,25.7138855030265,22.2310492790702,0.0,1.76,12.8,77,25,6.4,239,14.8,17.2,16.8,0.0,0.0,0.0,15.0,62.0,0.0,0.0,0.0,261.0,0.0,100610.0
2025-04-21 03:00:00,25.5091613019449,22.2307967721929,0.0,1.76,12.7,78,24,6.3,231,14.4,17.0,16.8,0.0,0.0,0.0,14.0,65.0,0.0,0.0,0.0,234.0,0.0,100590.0
2025-04-21 04:00:00,25.977091172995,22.1144998942399,0.0,1.76,12.3,79,12,6.8,217,14.0,16.8,16.8,0.0,0.0,0.0,14.0,64.0,0.0,0.0,0.0,258.0,0.0,100580.0
2025-04-21 05:00:00,25.7735911747565,22.1651527310374,0.0,1.76,12.1,79,12,7.2,214,13.7,16.7,16.8,0.0,0.0,0.0,13.0,67.0,0.0,0.0,1.0,216.0,0.0,100600.0
2025-04-21 06:00:00,25.6370340466704,22.1513253798302,0.0,1.76,12.4,76,16,8.3,216,13.5,16.5,16.8,0.0,0.0,0.03,12.0,75.0,0.0,0.0,2.0,192.0,0.0,100590.0
2025-04-21 07:00:00,25.7188664079565,22.1490000337615,0.0,1.76,14.7,69,11,9.7,215,14.1,16.3,16.8,0.0,0.0,0.08,13.0,70.0,0.0,0.0,1.0,228.0,0.0,100630.0
2025-04-21 08:00:00,25.8589386547627,21.9920963809494,0.0,1.76,17.0,58,3,10.7,225,15.4,16.2,16.8,0.0,0.0,0.19,11.0,76.0,1194.0,0.0,0.0,264.0,0.0,100670.0
2025-04-21 09:00:00,25.844774161207,22.2448666424577,0.0,1.76,18.5,52,1,11.4,244,17.0,16.3,16.8,0.0,0.0,0.31,13.0,75.0,10376.0,1.0,0.0,264.0,0.0,100720.0
2025-04-21 10:00:00,25.6993212340959,22.0814471341173,0.0,1.76,19.7,50,0,7.8,250,18.8,16.4,16.8,0.0,0.0,0.42,16.0,59.0,35060.0,2.0,4.0,308.0,0.0,100770.0
2025-04-21 11:00:00,25.6454031483662,22.1680239492063,0.0,1.76,20.9,47,39,4.2,264,20.6,16.6,16.8,0.0,0.0,0.52,18.0,50.0,65768.0,5.0,2.0,334.0,0.0,100770.0
2025-04-21 12:00:00,25.6180600220407,22.4211229187065,18.661178498134305,1.76,22.0,42,51,1.8,315,22.2,16.9,16.8,0.0,0.0,0.54,20.0,46.0,87093.0,6.0,3.0,254.0,0.0,100760.0
2025-04-21 13:00:00,25.5899476740236,25.0677092982849,0.0,1.76,22.0,42,1,9.6,25,22.9,17.2,16.8,0.0,0.0,0.48,20.0,43.0,102313.0,9.0,1.0,307.0,0.0,100720.0
2025-04-21 14:00:00,25.6949300742653,25.3072435190785,0.0,1.76,21.4,49,1,15.1,15,23.4,17.5,16.8,0.0,0.0,0.53,21.0,40.0,67394.0,7.0,2.0,54.0,0.0,100660.0
2025-04-21 15:00:00,25.5723070803216,25.0538171108288,0.0,1.76,20.4,54,0,14.9,16,23.3,17.9,16.8,0.0,0.0,0.44,22.0,36.0,111316.0,9.0,1.0,259.0,0.0,100600.0
2025-04-21 16:00:00,25.6512230730479,24.7978483944327,0.0,1.76,19.8,57,0,12.8,29,22.9,18.2,16.8,0.0,0.0,0.34,21.0,51.0,92299.0,8.0,4.0,42.0,0.0,100580.0
2025-04-21 17:00:00,25.7965475154246,24.9932766401926,0.0,1.76,18.9,59,0,12.5,36,22.1,18.4,16.8,0.0,0.0,0.23,20.0,56.0,78136.0,6.0,5.0,54.0,0.0,100540.0
2025-04-21 18:00:00,25.6947009156812,24.6322199350492,0.0,1.76,17.4,66,0,10.6,41,20.8,18.5,16.8,0.0,0.0,0.12,20.0,53.0,54188.0,3.0,3.0,54.0,0.0,100520.0
2025-04-21 19:00:00,25.8442278479459,24.6836561746727,0.0,1.76,15.0,81,0,5.7,50,19.3,18.6,16.8,0.0,0.0,0.02,19.0,61.0,7648.0,0.0,1.0,44.0,0.0,100530.0
2025-04-21 20:00:00,25.6145173984924,24.4535676508949,0.0,1.76,14.0,88,0,1.9,43,17.8,18.5,16.8,0.0,0.0,0.0,18.0,66.0,7034.0,0.0,2.0,43.0,0.0,100530.0
2025-04-21 21:00:00,25.6847095408394,24.5869507366356,0.0,1.76,13.3,91,0,2.3,317,16.7,18.4,16.8,0.0,0.0,0.0,16.0,75.0,328.0,0.0,2.0,60.0,0.0,100550.0
2025-04-21 22:00:00,25.7829604905959,24.4456023771927,0.0,1.76,12.8,91,0,1.9,286,15.8,18.3,16.8,0.0,0.0,0.0,14.0,79.0,0.0,0.0,0.0,48.0,0.0,100640.0
2025-04-21 23:00:00,25.9405839032199,24.1889361392306,0.0,1.76,12.4,90,0,1.3,274,15.0,18.1,16.8,0.0,0.0,0.0,13.0,86.0,0.0,0.0,0.0,114.0,0.0,100680.0
2025-04-22 00:00:00,25.9287134889164,24.3091810318421,0.0,1.76,12.0,86,0,3.1,172,14.5,17.8,16.9,0.0,0.0,0.0,12.0,87.0,0.0,0.0,0.0,166.0,0.0,100700.0
2025-04-22 01:00:00,25.6121158680118,24.3236392307196,0.0,1.76,12.0,86,0,1.5,280,14.2,17.6,16.9,0.0,0.0,0.0,12.0,90.0,0.0,0.0,0.0,176.0,0.0,100700.0
2025-04-22 02:00:00,25.7576681777048,23.9338357651046,0.0,1.76,11.7,86,0,2.4,268,13.7,17.4,16.9,0.0,0.0,0.0,11.0,91.0,0.0,0.0,1.0,169.0,0.0,100660.0
2025-04-22 03:00:00,25.8229066818164,24.1228688165776,0.0,1.76,11.2,85,0,3.8,220,13.3,17.1,16.9,0.0,0.0,0.0,11.0,93.0,0.0,0.0,0.0,178.0,0.0,100620.0
2025-04-22 04:00:00,25.7686697566112,23.9485438644725,0.0,1.76,10.7,84,0,4.8,216,12.9,16.9,16.9,0.0,0.0,0.0,9.0,94.0,0.0,0.0,0.0,179.0,0.0,100600.0
2025-04-22 05:00:00,25.7160400623684,23.9720095849086,0.0,1.76,10.5,84,5,5.7,242,12.6,16.6,16.9,0.0,0.0,0.0,10.0,95.0,0.0,0.0,0.0,173.0,0.0,100560.0
2025-04-22 06:00:00,25.7673932193761,24.0734843402383,0.0,1.76,11.1,82,3,6.3,239,12.5,16.4,16.8,0.0,0.0,0.02,11.0,95.0,0.0,0.0,0.0,204.0,0.0,100580.0
2025-04-22 07:00:00,25.662066249526,24.0218179501105,0.0,1.76,14.1,74,3,8.8,241,13.3,16.2,16.8,0.0,0.0,0.07,9.0,95.0,0.0,0.0,0.0,178.0,0.0,100590.0
2025-04-22 08:00:00,25.930853882192,23.9389099835757,0.0,1.76,17.2,64,0,7.8,243,14.9,16.1,16.8,0.0,0.0,0.18,9.0,95.0,2705.0,0.0,0.0,192.0,0.0,100620.0
2025-04-22 09:00:00,25.7274383119393,23.8639968418575,0.0,1.76,19.4,54,0,8.2,260,16.8,16.1,16.8,0.0,0.0,0.31,13.0,86.0,10876.0,1.0,0.0,204.0,0.0,100700.0
2025-04-22 10:00:00,25.7274777099197,23.7342035062409,0.0,1.76,21.1,49,0,7.2,273,18.9,16.2,16.8,0.0,0.0,0.43,17.0,65.0,40861.0,2.0,3.0,244.0,0.0,100730.0
2025-04-22 11:00:00,25.6850120989029,23.8155421723546,0.0,1.76,22.4,46,0,5.2,306,20.8,16.4,16.8,0.0,0.0,0.53,19.0,53.0,70044.0,5.0,4.0,288.0,0.0,100770.0
2025-04-22 12:00:00,25.7350234490249,23.7177682835867,0.0,1.76,22.9,46,11,9.9,3,22.4,16.8,16.8,0.0,0.0,0.58,21.0,52.0,91265.0,8.0,2.0,269.0,0.0,100740.0
2025-04-22 13:00:00,25.7760280226728,23.3992393080657,0.0,1.76,22.7,43,100,14.5,12,23.2,17.1,16.8,0.0,0.0,0.57,22.0,44.0,106490.0,8.0,4.0,348.0,0.0,100710.0
2025-04-22 14:00:00,25.7969140944529,23.5407468161539,0.0,1.76,22.6,45,93,11.6,14,23.6,17.5,16.8,0.0,0.0,0.52,22.0,48.0,105547.0,9.0,4.0,39.0,0.0,100690.0
2025-04-22 15:00:00,25.76335382973,23.3369523111583,0.0,1.76,22.4,46,43,11.3,20,23.7,17.8,16.8,0.0,0.0,0.46,21.0,52.0,117230.0,10.0,4.0,42.0,0.0,100690.0
2025-04-22 16:00:00,25.7574234863431,23.1868438008911,0.0,1.76,21.8,48,3,10.9,17,23.4,18.1,16.8,0.0,0.0,0.37,22.0,52.0,95548.0,8.0,4.0,54.0,0.0,100670.0
2025-04-22 17:00:00,25.7929356427462,23.3007972386228,0.0,1.76,21.0,51,1,8.3,20,22.6,18.4,16.8,0.0,0.0,0.25,22.0,52.0,74957.0,4.0,2.0,48.0,0.0,100640.0
2025-04-22 18:00:00,25.7155798325855,23.2134968720258,0.0,1.76,19.4,61,0,5.3,55,21.5,18.6,16.8,0.0,0.0,0.11,22.0,51.0,49519.0,3.0,3.0,80.0,0.0,100640.0
2025-04-22 19:00:00,25.8556082160377,23.0037046773902,0.0,1.76,16.6,73,0,5.4,82,19.9,18.7,16.9,0.0,0.0,0.03,21.0,54.0,8102.0,1.0,4.0,20.0,0.0,100670.0
2025-04-22 20:00:00,25.8695622539968,23.0705585888472,0.0,1.76,15.5,75,0,4.7,107,18.5,18.7,16.9,0.0,0.0,0.0,19.0,60.0,5197.0,0.0,2.0,48.0,0.0,100710.0
2025-04-22 21:00:00,25.7881332668002,23.0260954078843,0.0,1.76,15.0,71,0,3.1,137,17.4,18.6,16.9,0.0,0.0,0.0,18.0,65.0,97.0,0.0,0.0,93.0,0.0,100730.0
2025-04-22 22:00:00,25.8587688260311,23.0595843419497,0.0,1.76,14.9,65,5,1.7,152,16.4,18.4,16.9,0.0,0.0,0.0,16.0,70.0,0.0,0.0,0.0,97.0,0.0,100790.0
2025-04-22 23:00:00,26.0055074178632,23.1615137732151,0.0,1.76,14.7,64,5,0.6,112,15.7,18.3,16.9,0.0,0.0,0.0,15.0,71.0,0.0,0.0,0.0,168.0,0.0,100840.0
2025-04-23 00:00:00,25.8156087253582,23.1418075868976,0.0,1.76,14.3,64,0,0.7,90,15.1,18.1,16.9,0.0,0.0,0.0,14.0,76.0,0.0,0.0,0.0,66.0,0.0,100890.0
2025-04-23 01:00:00,25.7685938780911,23.1614165596538,0.0,1.76,13.8,72,0,0.8,78,15.1,17.9,16.9,0.0,0.0,0.0,14.0,74.0,0.0,0.0,2.0,101.0,0.0,100890.0
2025-04-23 02:00:00,25.8130723171463,22.9572002728761,0.0,1.76,13.4,69,0,2.2,150,14.5,17.7,16.9,0.0,0.0,0.0,14.0,70.0,0.0,0.0,2.0,138.0,0.0,100880.0
2025-04-23 03:00:00,25.7120904146325,22.9183446854589,0.0,1.76,13.3,66,0,2.0,118,14.0,17.5,16.9,0.0,0.0,0.0,12.0,77.0,0.0,0.0,0.0,139.0,0.0,100860.0
2025-04-23 04:00:00,25.8271957560527,22.7542783998565,0.0,1.76,13.0,64,0,1.8,126,13.5,17.2,16.9,0.0,0.0,0.0,11.0,83.0,0.0,0.0,0.0,139.0,0.0,100880.0
2025-04-23 05:00:00,25.8110146957122,22.9417751094771,0.0,1.76,12.9,63,0,0.5,60,13.1,17.0,16.9,0.0,0.0,0.0,12.0,80.0,0.0,0.0,2.0,170.0,0.0,100830.0
2025-04-23 06:00:00,25.6934740169864,23.1578966000219,0.0,1.76,13.2,64,0,1.3,70,12.9,16.8,16.9,0.0,0.0,0.01,10.0,87.0,0.0,0.0,0.0,330.0,0.0,100820.0
2025-04-23 07:00:00,25.6342860643657,23.2484836893299,0.0,1.76,15.9,58,0,2.1,46,13.8,16.6,16.9,0.0,0.0,0.06,9.0,87.0,0.0,0.0,1.0,171.0,0.0,100850.0
2025-04-23 08:00:00,25.6832656897539,23.1160538191194,0.0,1.76,18.3,56,0,6.0,30,15.5,16.5,16.9,0.0,0.0,0.19,10.0,87.0,3840.0,0.0,0.0,192.0,0.0,100900.0
2025-04-23 09:00:00,25.7900691060821,23.1180969412993,0.0,1.76,20.5,48,0,11.8,35,17.4,16.5,16.9,0.0,0.0,0.34,15.0,72.0,18760.0,1.0,1.0,239.0,0.0,100920.0
2025-04-23 10:00:00,25.5755981028935,23.0038086056298,0.0,1.76,22.0,44,0,15.9,36,19.3,16.6,16.9,0.0,0.0,0.47,19.0,61.0,48448.0,3.0,1.0,24.0,0.0,100920.0
2025-04-23 11:00:00,25.6046465017066,22.6399746724235,0.0,1.76,22.6,41,0,18.6,37,20.9,16.8,16.9,0.0,0.0,0.55,21.0,52.0,75551.0,6.0,2.0,75.0,0.0,100930.0
2025-04-23 12:00:00,25.7660239889383,22.848389629993,0.0,1.76,22.9,41,0,20.7,40,22.2,17.1,16.9,0.0,0.0,0.6,22.0,48.0,94660.0,8.0,4.0,66.0,0.0,100910.0
2025-04-23 13:00:00,25.6266939729617,22.5568986654781,0.0,1.76,22.5,47,0,21.0,44,22.8,17.3,16.9,0.0,0.0,0.58,22.0,53.0,106150.0,7.0,5.0,48.0,0.0,100880.0
2025-04-23 14:00:00,25.6379827891721,22.5302640140396,0.0,1.76,22.3,49,0,21.4,49,23.3,17.6,16.9,0.0,0.0,0.54,22.0,53.0,108870.0,9.0,5.0,48.0,0.0,100810.0
2025-04-23 15:00:00,25.743605553766,22.328538965976,0.0,1.76,22.3,50,0,20.3,53,23.4,18.0,16.9,0.0,0.0,0.48,23.0,53.0,103305.0,8.0,5.0,60.0,0.0,100740.0
2025-04-23 16:00:00,25.6554074629235,22.2741023573545,0.0,1.76,21.7,53,0,19.2,54,23.1,18.2,16.9,0.0,0.0,0.38,23.0,53.0,89454.0,7.0,6.0,36.0,0.0,100690.0
2025-04-23 17:00:00,25.6316197855073,22.3293489785419,0.0,1.76,20.4,61,0,17.4,52,22.4,18.5,16.9,0.0,0.0,0.25,23.0,55.0,70461.0,5.0,6.0,19.0,0.0,100640.0
2025-04-23 18:00:00,25.7723992396361,22.3700595765034,0.0,1.76,18.8,67,0,15.5,47,21.3,18.6,16.9,0.0,0.0,0.13,22.0,52.0,43904.0,3.0,4.0,64.0,0.0,100640.0
2025-04-23 19:00:00,25.7028763657764,22.3101110465182,0.0,1.76,16.9,72,0,10.1,51,19.9,18.7,16.9,0.0,0.0,0.05,21.0,58.0,18086.0,1.0,4.0,24.0,0.0,100650.0
2025-04-23 20:00:00,25.6086102993152,22.3148873383403,0.0,1.76,15.6,79,0,6.0,36,18.7,18.7,16.9,0.0,0.0,0.0,19.0,65.0,4414.0,0.0,3.0,60.0,0.0,100650.0
2025-04-23 21:00:00,25.6417759373351,22.2808476580461,0.0,1.76,14.7,86,0,3.5,359,17.6,18.6,16.9,0.0,0.0,0.0,18.0,68.0,0.0,0.0,2.0,88.0,0.0,100690.0
2025-04-23 22:00:00,25.6777931425647,22.2719793772871,0.0,1.76,14.5,87,0,4.0,313,16.8,18.5,16.9,0.0,0.0,0.0,17.0,75.0,0.0,0.0,2.0,30.0,0.0,100750.0
2025-04-23 23:00:00,25.5417228115344,22.2306630495136,0.0,1.76,14.2,87,0,7.9,277,16.3,18.4,16.9,0.0,0.0,0.0,15.0,80.0,0.0,0.0,0.0,26.0,0.0,100790.0
2025-04-24 00:00:00,25.5701945246759,22.2945180534635,0.0,1.76,13.7,89,0,8.0,260,15.9,18.2,16.9,0.0,0.0,0.0,14.0,85.0,0.0,0.0,0.0,192.0,0.0,100790.0
2025-04-24 01:00:00,25.85952405762,22.2743940157463,0.0,1.76,13.6,89,0,6.9,252,15.7,18.0,17.0,0.0,0.0,0.0,13.0,87.0,0.0,0.0,0.0,180.0,0.0,100780.0
2025-04-24 02:00:00,25.7905430162437,22.1411196918236,0.0,1.76,13.2,90,0,7.4,253,15.3,17.9,17.0,0.0,0.0,0.0,12.0,90.0,0.0,0.0,0.0,170.0,0.0,100740.0
2025-04-24 03:00:00,25.7878842937371,22.2323416038068,0.0,1.76,12.9,92,0,12.0,260,15.0,17.7,17.0,0.0,0.0,0.0,13.0,91.0,0.0,0.0,0.0,164.0,0.0,100670.0
2025-04-24 04:00:00,25.600022849415,22.223375768134,0.0,1.76,12.7,91,0,11.7,255,14.8,17.5,17.0,0.0,0.0,0.0,12.0,93.0,0.0,0.0,0.0,294.0,0.0,100630.0
2025-04-24 05:00:00,25.5379843840786,22.0629702362282,0.0,1.76,12.7,87,0,10.5,261,14.5,17.3,17.0,0.0,0.0,0.0,11.0,94.0,0.0,0.0,0.0,186.0,0.0,100620.0
2025-04-24 06:00:00,25.6307131791809,21.9851628337276,0.0,1.76,13.0,84,0,10.2,262,14.4,17.2,17.0,0.0,0.0,0.03,11.0,94.0,0.0,0.0,1.0,192.0,0.0,100600.0
2025-04-24 07:00:00,25.5309643774263,21.8897142341242,0.0,1.76,15.5,76,0,9.2,255,15.0,17.0,17.0,0.0,0.0,0.07,11.0,95.0,74.0,0.0,0.0,186.0,0.0,100610.0
2025-04-24 08:00:00,25.49505999651,21.9972635584888,0.0,1.76,18.3,65,0,7.2,263,16.4,16.9,17.0,0.0,0.0,0.19,11.0,95.0,6360.0,0.0,0.0,186.0,0.0,100650.0
2025-04-24 09:00:00,25.3638844598842,22.116856014554,0.0,1.76,20.3,58,0,5.8,288,18.3,17.0,17.0,0.0,0.0,0.31,16.0,83.0,22512.0,1.0,2.0,224.0,0.0,100680.0
2025-04-24 10:00:00,25.4365908113583,22.0575261349015,0.0,1.76,22.1,55,0,5.1,322,20.3,17.1,17.0,0.0,0.0,0.44,18.0,73.0,48814.0,3.0,0.0,330.0,0.0,100690.0
2025-04-24 11:00:00,25.4816519933488,21.9874694424781,0.0,1.76,23.3,56,0,7.0,5,22.2,17.4,17.0,0.0,0.0,0.53,20.0,61.0,74607.0,5.0,0.0,357.0,0.0,100670.0
2025-04-24 12:00:00,25.4482967210027,21.9382135558041,0.0,1.76,23.5,59,0,11.4,23,23.6,17.7,17.0,0.0,0.0,0.57,22.0,58.0,93050.0,9.0,2.0,60.0,0.0,100640.0
2025-04-24 13:00:00,25.2533117777842,21.806043804755,0.0,1.76,23.1,57,76,13.7,21,24.3,18.1,17.0,0.0,0.0,0.56,23.0,57.0,103424.0,7.0,2.0,356.0,0.0,100570.0
2025-04-24 14:00:00,25.4602898829304,21.6724014126087,0.0,1.76,23.0,57,90,12.0,22,24.8,18.4,17.0,0.0,0.0,0.53,23.0,58.0,104099.0,9.0,4.0,30.0,0.0,100560.0
2025-04-24 15:00:00,25.3190751317569,21.6118721385515,0.0,1.76,22.8,56,100,11.8,25,24.8,18.8,17.0,0.0,0.0,0.45,23.0,53.0,96501.0,8.0,5.0,36.0,0.0,100490.0
2025-04-24 16:00:00,25.256745990551,21.5505020413978,0.0,1.76,21.5,60,100,13.0,23,24.1,19.1,17.0,0.0,0.0,0.31,23.0,54.0,85449.0,7.0,5.0,36.0,0.0,100430.0
2025-04-24 17:00:00,25.3773459728095,21.6055598825292,0.0,1.76,20.1,65,98,11.2,26,23.2,19.3,17.0,0.0,0.0,0.21,22.0,54.0,67396.0,4.0,3.0,39.0,0.0,100370.0
2025-04-24 18:00:00,25.2779277981256,21.3691902419745,0.0,1.76,18.7,73,100,7.2,19,22.0,19.5,17.0,0.0,0.0,0.1,21.0,66.0,28608.0,1.0,3.0,38.0,0.0,100350.0
2025-04-24 19:00:00,25.4313105646052,21.5687818114926,0.0,1.76,16.7,85,100,3.4,356,20.6,19.5,17.0,0.0,0.0,0.02,20.0,74.0,10252.0,0.0,3.0,54.0,0.0,100360.0
2025-04-24 20:00:00,25.4339528062067,21.3907662344977,0.0,1.76,16.4,87,100,0.7,294,19.4,19.5,17.0,0.0,0.0,0.0,18.0,82.0,3374.0,0.0,2.0,18.0,0.0,100380.0
2025-04-24 21:00:00,25.3859935039066,21.2804571713169,0.0,1.76,16.2,86,100,5.3,242,18.5,19.4,17.0,0.0,0.0,0.0,17.0,87.0,0.0,0.0,0.0,66.0,0.0,100410.0
2025-04-24 22:00:00,25.4140418242285,21.3758897382541,0.0,1.76,16.8,80,100,6.7,255,18.1,19.3,17.1,0.0,0.0,0.0,17.0,89.0,0.0,0.0,0.0,81.0,0.0,100450.0
2025-04-24 23:00:00,25.366203234981,21.3140334410978,0.0,1.76,17.0,81,100,0.9,236,17.7,19.2,17.1,0.0,0.0,0.0,16.0,90.0,0.0,0.0,0.0,174.0,0.0,100480.0
2025-04-25 00:00:00,25.2348664681529,21.3288232849717,0.0,1.76,16.8,82,100,7.9,41,17.6,19.0,17.1,0.1,0.1,0.01,16.0,92.0,0.0,0.0,0.0,144.0,0.0,100460.0
2025-04-25 01:00:00,25.3504679891204,21.254660648411,0.0,1.76,16.2,84,100,4.2,212,17.0,18.9,17.1,0.0,0.0,0.0,16.0,91.0,0.0,0.0,0.0,168.0,0.0,100500.0
2025-04-25 02:00:00,25.2274187205716,21.3046409176061,0.0,1.76,16.3,84,100,0.7,264,16.8,18.7,17.1,0.0,0.0,0.0,16.0,93.0,0.0,0.0,2.0,138.0,0.0,100480.0
2025-04-25 03:00:00,25.4302234945855,21.2570648217851,0.0,1.76,16.0,84,100,3.1,105,16.6,18.6,17.1,0.0,0.0,0.0,16.0,93.0,0.0,0.0,2.0,98.0,0.0,100410.0
2025-04-25 04:00:00,25.1545561314207,21.3327730240598,0.0,1.76,16.1,84,100,4.5,65,16.5,18.4,17.1,0.0,0.0,0.0,16.0,92.0,0.0,0.0,0.0,288.0,0.0,100390.0
2025-04-25 05:00:00,25.1321564121289,21.2344557937004,0.0,1.76,16.1,83,97,1.1,128,16.4,18.3,17.1,0.1,0.1,0.0,16.0,92.0,0.0,0.0,1.0,206.0,0.0,100370.0
2025-04-25 06:00:00,25.1438096979564,21.1885794373367,0.0,1.76,16.1,86,100,1.5,345,16.2,18.1,17.1,0.0,0.0,0.02,16.0,90.0,0.0,0.0,2.0,54.0,0.0,100340.0
2025-04-25 07:00:00,25.088943040457,21.1581103725301,0.0,1.76,17.2,83,100,1.8,169,16.7,18.0,17.1,0.1,0.1,0.04,16.0,90.0,84.0,0.0,2.0,323.0,0.0,100350.0
2025-04-25 08:00:00,25.1302164179239,21.3384098267328,0.0,1.76,17.9,81,100,7.4,187,17.0,17.9,17.1,0.1,0.1,0.06,16.0,94.0,1522.0,0.0,4.0,158.0,0.0,100380.0
2025-04-25 09:00:00,25.1301782995158,21.306517211177,0.0,1.76,18.7,88,100,5.8,198,17.5,17.9,17.1,0.8,0.8,0.08,17.0,93.0,6352.0,0.0,2.0,54.0,0.0,100430.0
2025-04-25 10:00:00,25.0163485603207,21.402915346142,0.0,1.76,20.5,79,100,10.1,212,18.3,17.9,17.1,0.5,0.5,0.15,18.0,85.0,20336.0,1.0,0.0,276.0,0.0,100470.0
2025-04-25 11:00:00,25.1647320688926,21.2856394283605,0.0,1.76,22.3,61,100,9.8,217,19.2,17.9,17.1,0.0,0.0,0.23,19.0,79.0,21393.0,1.0,0.0,211.0,0.0,100510.0
2025-04-25 12:00:00,25.2457636118618,21.0926995439912,0.0,1.76,23.7,53,100,7.8,224,20.3,18.0,17.1,0.0,0.0,0.3,20.0,76.0,18292.0,1.0,1.0,66.0,0.0,100500.0
2025-04-25 13:00:00,25.180955137671,21.0528758752746,0.0,1.76,24.8,50,99,8.8,300,22.6,18.6,17.1,0.0,0.0,0.44,20.0,72.0,17747.0,1.0,1.0,336.0,0.0,100490.0
2025-04-25 14:00:00,25.0611910464553,21.2537095368413,0.0,1.76,23.5,58,100,3.4,331,22.7,18.8,17.2,0.0,0.0,0.26,20.0,72.0,14328.0,1.0,2.0,228.0,0.0,100450.0
2025-04-25 15:00:00,25.1894586553126,21.0888979916093,0.0,1.76,24.9,55,98,2.6,295,23.8,19.0,17.2,0.0,0.0,0.41,20.0,78.0,16436.0,1.0,2.0,245.0,0.0,100420.0
2025-04-25 16:00:00,25.0970789006507,21.0817969446217,0.0,1.76,24.0,60,88,1.7,68,23.4,19.3,17.2,0.2,0.2,0.18,21.0,78.0,15943.0,1.0,0.0,259.0,0.0,100370.0
2025-04-25 17:00:00,24.9766672896208,21.1347856541413,0.0,1.76,24.0,61,99,3.5,33,23.4,19.5,17.2,0.0,0.0,0.2,19.0,86.0,13760.0,1.0,2.0,48.0,0.0,100370.0
2025-04-25 18:00:00,25.0252018947463,20.96211881973,0.0,1.76,22.1,71,100,4.6,61,22.7,19.6,17.2,0.0,0.0,0.1,19.0,88.0,12526.0,0.0,3.0,168.0,0.0,100320.0
2025-04-25 19:00:00,25.0839190679487,21.02757116156,0.0,1.76,18.8,85,100,4.6,132,21.3,19.7,17.2,0.0,0.0,0.02,20.0,83.0,9096.0,1.0,0.0,174.0,0.0,100300.0
2025-04-25 20:00:00,25.1803479347022,20.8566846900939,0.0,1.76,18.3,82,100,2.7,157,20.2,19.7,17.2,0.0,0.0,0.0,21.0,83.0,2947.0,0.0,0.0,92.0,0.0,100300.0
2025-04-25 21:00:00,24.9734192175652,21.2326862700936,0.0,1.76,18.5,77,33,0.9,171,19.3,19.7,17.2,0.0,0.0,0.0,19.5,87.0,1473.5,0.0,0.0,106.0,0.0,100325.0
2025-04-25 22:00:00,25.0135983565891,21.1981833223569,0.0,1.76,18.2,76,16,0.7,195,18.6,19.6,17.2,0.0,0.0,0.0,18.0,91.0,0.0,0.0,0.0,120.0,0.0,100350.0
2025-04-25 23:00:00,25.1319899694746,21.0692819898102,0.0,1.76,17.6,74,86,0.9,240,17.9,19.5,17.3,0.0,0.0,0.0,16.0,92.0,0.0,0.0,0.0,12.0,0.0,100430.0
2025-04-26 00:00:00,25.0475609666793,20.9402538909761,0.0,1.76,17.3,70,1,2.3,193,17.4,19.3,17.3,0.0,0.0,0.0,17.0,94.0,0.0,0.0,0.0,179.0,0.0,100470.0
2025-04-26 01:00:00,24.9557626382754,21.12852102118,0.0,1.76,16.5,73,0,3.4,211,16.5,18.9,17.3,0.0,0.0,0.0,16.0,92.0,0.0,0.0,0.0,170.0,0.0,100420.0
2025-04-26 02:00:00,24.9219981691948,21.2112914993476,0.0,1.76,16.0,76,0,1.9,254,16.1,18.7,17.3,0.0,0.0,0.0,15.0,92.0,0.0,0.0,0.0,42.0,0.0,100390.0
2025-04-26 03:00:00,24.9188337154631,21.2708440822571,0.0,1.76,15.7,78,0,0.5,333,15.7,18.5,17.3,0.0,0.0,0.0,14.0,94.0,0.0,0.0,0.0,185.0,0.0,100360.0
2025-04-26 04:00:00,25.0043067789426,21.1337466674493,0.0,1.76,15.1,81,0,3.5,188,15.4,18.3,17.3,0.0,0.0,0.0,14.0,91.0,0.0,0.0,0.0,182.0,0.0,100340.0
2025-04-26 05:00:00,25.0194478989439,21.0281787419805,0.0,1.76,15.1,82,0,8.5,211,15.2,18.1,17.3,0.0,0.0,0.01,13.0,93.0,0.0,0.0,0.0,170.0,0.0,100380.0
2025-04-26 06:00:00,24.8983095885334,21.0901097277304,0.0,1.76,16.2,78,0,9.7,206,15.4,17.9,17.3,0.0,0.0,0.04,15.0,88.0,0.0,0.0,1.0,192.0,0.0,100380.0
2025-04-26 07:00:00,24.8723352832464,21.1005210268718,0.0,1.76,19.2,72,0,9.4,218,16.3,17.8,17.3,0.0,0.0,0.09,13.0,91.0,0.0,0.0,0.0,210.0,0.0,100380.0
2025-04-26 08:00:00,24.9716573265757,21.104232304338,0.0,1.76,22.6,58,0,7.9,220,17.9,17.7,17.3,0.0,0.0,0.22,14.0,90.0,984.0,0.0,2.0,228.0,0.0,100410.0
2025-04-26 09:00:00,24.9431340274164,21.1016419400813,0.0,1.76,24.3,52,0,10.6,243,19.8,17.8,17.3,0.0,0.0,0.37,16.0,85.0,8892.0,0.0,0.0,198.0,0.0,100450.0
2025-04-26 10:00:00,24.9068628099747,20.9610320041823,0.0,1.76,25.7,51,0,12.1,263,21.7,18.0,17.3,0.0,0.0,0.49,20.0,71.0,31638.0,2.0,2.0,222.0,0.0,100480.0
2025-04-26 11:00:00,24.8625220014404,21.0229667534867,0.0,1.76,26.9,48,0,11.8,280,23.4,18.2,17.3,0.0,0.0,0.59,23.0,55.0,60910.0,4.0,3.0,281.0,0.0,100490.0
2025-04-26 12:00:00,24.9254221636617,20.8415979844387,0.0,1.76,27.0,46,0,14.0,320,24.8,18.6,17.3,0.0,0.0,0.64,25.0,53.0,82830.0,5.0,2.0,211.0,0.0,100500.0
2025-04-26 13:00:00,25.0191400320455,20.7577917454875,0.0,1.76,26.9,45,0,15.6,332,25.8,19.0,17.3,0.0,0.0,0.64,26.0,45.0,99703.0,7.0,4.0,269.0,0.0,100490.0
2025-04-26 14:00:00,24.9036459328752,20.4924268389477,0.0,1.76,26.3,46,1,16.2,329,26.2,19.4,17.3,0.0,0.0,0.6,26.0,49.0,107101.0,10.0,6.0,36.0,0.0,100450.0
2025-04-26 15:00:00,24.7099947990273,20.3924129617127,0.0,1.76,25.8,46,1,13.4,329,26.3,19.8,17.3,0.0,0.0,0.52,26.0,49.0,106536.0,9.0,5.0,28.0,0.0,100420.0
2025-04-26 16:00:00,24.8472114514137,20.5094676282138,0.0,1.76,25.2,46,0,10.2,326,25.9,20.1,17.3,0.0,0.0,0.41,26.0,47.0,95504.0,8.0,4.0,356.0,0.0,100430.0
2025-04-26 17:00:00,24.9965892835195,20.5689812739699,0.0,1.76,24.8,43,0,6.3,336,25.2,20.4,17.3,0.0,0.0,0.27,26.0,42.0,81326.0,7.0,4.0,350.0,0.0,100390.0
2025-04-26 18:00:00,24.7045611259922,20.15154398405,0.0,1.76,22.9,57,0,3.1,88,24.0,20.6,17.4,0.0,0.0,0.11,26.0,40.0,59063.0,4.0,4.0,30.0,0.0,100370.0
2025-04-26 19:00:00,24.7959299003394,20.2074538302247,0.0,1.76,19.9,66,0,3.7,111,22.3,20.6,17.4,0.0,0.0,0.03,24.0,44.0,20402.0,2.0,5.0,30.0,0.0,100390.0
2025-04-26 20:00:00,24.7947060312852,20.1242405776357,0.0,1.76,18.4,72,0,3.0,112,20.9,20.6,17.4,0.0,0.0,0.0,23.0,47.0,10073.0,0.0,3.0,69.0,0.0,100400.0
2025-04-26 21:00:00,24.7362472812865,20.3125319016769,0.0,1.76,17.7,72,0,2.3,124,19.6,20.5,17.4,0.0,0.0,0.0,20.0,56.0,1081.0,0.0,1.0,48.0,0.0,100450.0
2025-04-26 22:00:00,24.6663102033938,20.2885690611274,0.0,1.76,17.4,68,0,1.7,112,18.6,20.4,17.4,0.0,0.0,0.0,19.0,61.0,0.0,0.0,2.0,70.0,0.0,100500.0
2025-04-26 23:00:00,24.7288587759142,20.3284187013026,0.0,1.76,17.0,63,5,1.6,117,17.8,20.2,17.4,0.0,0.0,0.0,17.0,67.0,0.0,0.0,2.0,113.0,0.0,100560.0
2025-04-27 00:00:00,24.8274282607493,20.3649701443441,0.0,1.76,16.9,57,13,0.9,102,17.1,20.0,17.5,0.0,0.0,0.0,16.0,67.0,0.0,0.0,2.0,144.0,0.0,100570.0
2025-04-27 01:00:00,24.8234048972886,20.1443600507997,0.0,1.76,16.8,60,11,1.6,67,16.8,19.8,17.5,0.0,0.0,0.0,15.0,73.0,0.0,0.0,0.0,60.0,0.0,100580.0
2025-04-27 02:00:00,24.6534298618885,20.2107947783351,0.0,1.76,16.3,63,7,1.8,69,16.3,19.6,17.5,0.0,0.0,0.0,14.0,75.0,0.0,0.0,0.0,180.0,0.0,100590.0
2025-04-27 03:00:00,24.8986359496557,20.0805421468306,0.0,1.76,16.1,63,0,1.1,75,15.8,19.3,17.5,0.0,0.0,0.0,14.0,71.0,0.0,0.0,0.0,144.0,0.0,100560.0
2025-04-27 04:00:00,24.7032603628019,19.9088083827698,0.0,1.76,15.5,64,0,1.4,52,15.3,19.1,17.5,0.0,0.0,0.0,13.0,77.0,0.0,0.0,0.0,181.0,0.0,100540.0
2025-04-27 05:00:00,24.625319739452,20.0574432310061,0.0,1.76,14.7,71,0,2.4,44,14.9,18.8,17.5,0.0,0.0,0.0,12.0,84.0,0.0,0.0,0.0,162.0,0.0,100530.0
2025-04-27 06:00:00,24.4687106826025,20.0940740352214,0.0,1.76,14.9,74,0,2.3,54,14.7,18.6,17.5,0.0,0.0,0.02,11.0,83.0,0.0,0.0,0.0,178.0,0.0,100520.0
2025-04-27 07:00:00,24.6052568648667,20.1359091620769,0.0,1.76,16.9,67,0,5.0,63,15.6,18.4,17.5,0.0,0.0,0.08,11.0,85.0,0.0,0.0,0.0,137.0,0.0,100570.0
2025-04-27 08:00:00,24.5801801521493,20.2525649988856,0.0,1.76,19.2,62,0,5.6,41,17.3,18.3,17.5,0.0,0.0,0.2,10.0,87.0,2195.0,0.0,0.0,96.0,0.0,100620.0
2025-04-27 09:00:00,24.6738636246779,20.3257929216066,0.0,1.76,21.2,57,0,8.0,30,19.2,18.2,17.5,0.0,0.0,0.33,15.0,76.0,12991.0,1.0,0.0,179.0,0.0,100630.0
2025-04-27 10:00:00,24.63883610213154,20.275639376469854,0.0,1.76,23.1,48,0,9.8,29,21.1,18.3,17.5,0.0,0.0,0.47,20.0,65.0,38317.0,2.0,1.0,48.0,0.0,100610.0
2025-04-27 11:00:00,24.603808579585174,20.22548583133311,0.0,1.76,23.5,49,0,14.7,24,22.8,18.5,17.5,0.0,0.0,0.55,19.88888888888889,65.62962962962963,36897.851851851854,1.925925925925926,0.962962962962963,47.111111111111114,0.0,100610.37037037036
2025-04-27 12:00:00,24.568781057038812,20.175332286196365,0.0,1.76,22.9,54,0,16.0,29,24.0,18.8,17.5,0.0,0.0,0.57,19.77777777777778,66.25925925925925,35478.7037037037,1.8518518518518519,0.9259259259259259,46.22222222222222,0.0,100610.74074074074
2025-04-27 13:00:00,24.533753534492448,20.12517874105962,0.0,1.76,22.8,58,0,15.3,33,24.7,19.0,17.5,0.0,0.0,0.57,19.666666666666668,66.88888888888889,34059.555555555555,1.7777777777777777,0.8888888888888888,45.333333333333336,0.0,100611.11111111111
2025-04-27 14:00:00,24.498726011946086,20.075025195922876,0.0,1.76,22.9,56,0,16.1,38,25.2,19.3,17.5,0.0,0.0,0.54,19.555555555555557,67.51851851851852,32640.40740740741,1.7037037037037037,0.8518518518518519,44.44444444444444,0.0,100611.48148148147
2025-04-27 15:00:00,24.46369848939972,20.02487165078613,0.0,1.76,22.6,56,0,17.2,41,25.2,19.6,17.5,0.0,0.0,0.47,19.444444444444443,68.14814814814815,31221.25925925926,1.6296296296296298,0.8148148148148149,43.55555555555556,0.0,100611.85185185185
2025-04-27 16:00:00,24.42867096685336,19.974718105649387,0.0,1.76,21.9,60,0,17.5,46,24.8,19.9,17.5,0.0,0.0,0.37,19.333333333333332,68.77777777777777,29802.111111111113,1.5555555555555556,0.7777777777777778,42.666666666666664,0.0,100612.22222222222
2025-04-27 17:00:00,24.393643444306996,19.924564560512643,0.0,1.76,20.8,64,0,16.9,48,23.9,20.1,17.6,0.0,0.0,0.25,19.22222222222222,69.4074074074074,28382.962962962964,1.4814814814814814,0.7407407407407407,41.77777777777778,0.0,100612.5925925926
2025-04-27 18:00:00,24.358615921760634,19.874411015375898,0.0,1.76,19.2,72,0,10.8,42,22.7,20.2,17.6,0.0,0.0,0.12,19.11111111111111,70.03703703703704,26963.814814814818,1.4074074074074074,0.7037037037037037,40.888888888888886,0.0,100612.96296296296
2025-04-27 19:00:00,24.32358839921427,19.824257470239154,0.0,1.76,17.0,82,1,4.5,38,21.1,20.3,17.6,0.0,0.0,0.02,19.0,70.66666666666667,25544.666666666668,1.3333333333333335,0.6666666666666667,40.0,0.0,100613.33333333333
2025-04-27 20:00:00,24.28856087666791,19.77410392510241,0.0,1.76,16.2,84,0,2.5,23,19.7,20.2,17.6,0.0,0.0,0.0,18.88888888888889,71.29629629629629,24125.51851851852,1.2592592592592593,0.6296296296296297,39.111111111111114,0.0,100613.70370370371
2025-04-27 21:00:00,24.253533354121544,19.723950379965665,0.0,1.76,15.9,84,0,2.0,15,18.5,20.1,17.6,0.0,0.0,0.0,18.77777777777778,71.92592592592592,22706.370370370372,1.1851851851851851,0.5925925925925926,38.22222222222222,0.0,100614.07407407407
2025-04-27 22:00:00,24.218505831575182,19.67379683482892,0.0,1.76,15.6,83,0,1.6,17,17.6,19.9,17.6,0.0,0.0,0.0,18.666666666666668,72.55555555555556,21287.222222222223,1.1111111111111112,0.5555555555555556,37.333333333333336,0.0,100614.44444444444
2025-04-27 23:00:00,24.183478309028818,19.62364328969218,0.0,1.76,15.2,82,0,0.9,27,16.8,19.7,17.6,0.0,0.0,0.0,18.555555555555557,73.18518518518519,19868.074074074077,1.0370370370370372,0.5185185185185186,36.44444444444444,0.0,100614.81481481482
2025-04-28 00:00:00,24.148450786482456,19.573489744555435,0.0,1.76,14.7,82,0,1.0,26,16.2,19.5,17.6,0.0,0.0,0.0,18.444444444444443,73.81481481481481,18448.925925925927,0.962962962962963,0.4814814814814815,35.55555555555556,0.0,100615.18518518518
2025-04-28 01:00:00,24.11342326393609,19.52333619941869,0.0,1.76,14.5,81,0,1.3,37,16.0,19.3,17.6,0.0,0.0,0.0,18.333333333333332,74.44444444444444,17029.77777777778,0.888888888888889,0.4444444444444445,34.666666666666664,0.0,100615.55555555556
2025-04-28 02:00:00,24.07839574138973,19.473182654281946,0.0,1.76,13.8,82,0,2.2,5,15.4,19.1,17.6,0.0,0.0,0.0,18.22222222222222,75.07407407407408,15610.629629629631,0.8148148148148149,0.40740740740740744,33.77777777777778,0.0,100615.92592592593
2025-04-28 03:00:00,24.043368218843366,19.4230291091452,0.0,1.76,13.5,83,0,1.2,16,14.9,18.8,17.6,0.0,0.0,0.0,18.11111111111111,75.70370370370371,14191.481481481484,0.7407407407407408,0.3703703703703704,32.88888888888889,0.0,100616.29629629629
2025-04-28 04:00:00,24.008340696297005,19.372875564008456,0.0,1.76,13.2,84,0,1.0,19,14.4,18.6,17.6,0.0,0.0,0.0,18.0,76.33333333333333,12772.333333333336,0.6666666666666667,0.33333333333333337,32.0,0.0,100616.66666666667
2025-04-28 05:00:00,23.97331317375064,19.322722018871712,0.0,1.76,12.7,87,0,0.6,38,14.0,18.3,17.7,0.0,0.0,0.0,17.88888888888889,76.96296296296296,11353.185185185188,0.5925925925925927,0.29629629629629634,31.11111111111111,0.0,100617.03703703704
2025-04-28 06:00:00,23.93828565120428,19.272568473734967,0.0,1.76,13.1,89,0,0.4,46,13.8,18.0,17.7,0.0,0.0,0.01,17.77777777777778,77.5925925925926,9934.03703703704,0.5185185185185186,0.2592592592592593,30.22222222222222,0.0,100617.4074074074
2025-04-28 07:00:00,23.903258128657914,19.222414928598223,0.0,1.76,15.3,83,0,2.3,49,14.8,17.8,17.6,0.0,0.0,0.06,17.666666666666668,78.22222222222223,8514.88888888889,0.44444444444444453,0.22222222222222227,29.333333333333336,0.0,100617.77777777778
2025-04-28 08:00:00,23.868230606111553,19.17226138346148,0.0,1.76,17.4,72,0,8.2,34,16.4,17.7,17.6,0.0,0.0,0.19,17.555555555555557,78.85185185185185,7095.740740740743,0.37037037037037046,0.18518518518518523,28.444444444444446,0.0,100618.14814814815
2025-04-28 09:00:00,23.833203083565188,19.122107838324734,0.0,1.76,19.1,62,0,12.9,39,18.2,17.7,17.6,0.0,0.0,0.31,17.444444444444443,79.48148148148148,5676.592592592595,0.2962962962962964,0.1481481481481482,27.555555555555557,0.0,100618.51851851853
2025-04-28 10:00:00,23.798175561018827,19.07195429318799,0.0,1.76,20.4,57,0,16.9,43,19.9,17.7,17.6,0.0,0.0,0.42,17.333333333333332,80.11111111111111,4257.444444444447,0.22222222222222232,0.11111111111111116,26.666666666666668,0.0,100618.88888888889
2025-04-28 11:00:00,23.763148038472462,19.021800748051245,0.0,1.76,21.2,57,0,21.1,48,21.4,17.9,17.6,0.0,0.0,0.49,17.22222222222222,80.74074074074075,2838.2962962962993,0.14814814814814825,0.07407407407407413,25.77777777777778,0.0,100619.25925925926
2025-04-28 12:00:00,23.7281205159261,18.9716472029145,0.0,1.76,21.6,57,0,23.2,50,22.6,18.1,17.6,0.0,0.0,0.53,17.11111111111111,81.37037037037037,1419.148148148151,0.07407407407407418,0.03703703703703709,24.88888888888889,0.0,100619.62962962964
2025-04-28 13:00:00,23.8332718685764,19.1461939711582,0.0,1.76,21.9,57,0,24.4,52,23.5,18.5,17.6,0.0,0.0,0.53,17.0,82.0,0.0,0.0,0.0,24.0,0.0,100620.0
2025-04-28 14:00:00,23.66345684562,18.9782858804208,0.0,1.76,21.9,56,0,25.7,55,23.9,18.7,17.6,0.0,0.0,0.51,21.0,61.0,107372.0,9.0,5.0,48.0,0.0,100520.0
2025-04-28 15:00:00,23.7361935665635,18.8936699777126,0.0,1.76,21.4,60,0,25.8,54,24.0,19.0,17.6,0.0,0.0,0.44,22.0,60.0,105436.0,8.0,5.0,94.0,0.0,100460.0
2025-04-28 16:00:00,23.5774869756117,18.7511627299664,0.0,1.76,20.4,63,0,24.4,56,23.6,19.3,17.7,0.0,0.0,0.34,22.0,58.0,93333.0,8.0,7.0,53.0,0.0,100430.0
2025-04-28 17:00:00,23.5718753363909,18.7459173960076,0.0,1.76,19.3,69,1,21.1,56,22.8,19.5,17.7,0.0,0.0,0.23,22.0,56.0,78430.0,6.0,6.0,96.0,0.0,100400.0
2025-04-28 18:00:00,23.4190481961438,18.912144804003,0.0,1.76,17.9,77,7,17.7,53,21.7,19.6,17.7,0.0,0.0,0.11,21.0,62.0,54844.0,3.0,6.0,58.0,0.0,100370.0
2025-04-28 19:00:00,23.5528367774178,18.6261364419071,0.0,1.76,16.7,85,2,14.4,55,20.4,19.6,17.7,0.0,0.0,0.04,20.0,65.0,9543.0,1.0,7.0,66.0,0.0,100380.0
2025-04-28 20:00:00,23.5481006775313,18.5799232955165,0.0,1.76,16.0,91,9,12.2,52,19.3,19.6,17.7,0.0,0.0,0.0,19.0,69.0,8539.0,0.0,6.0,86.0,0.0,100390.0
2025-04-28 21:00:00,23.5377962780282,18.458068137414,0.0,1.76,15.6,94,11,8.8,48,18.4,19.5,17.7,0.0,0.0,0.0,18.0,75.0,646.0,0.0,2.0,59.0,0.0,100420.0
2025-04-28 22:00:00,23.6102757090037,18.996634282815,0.0,1.76,15.5,94,19,7.7,45,17.8,19.4,17.7,0.0,0.0,0.0,16.0,83.0,0.0,0.0,0.0,66.0,0.0,100460.0
2025-04-28 23:00:00,23.504992037466,18.7729996777403,0.0,1.76,15.0,93,13,7.2,42,17.2,19.3,17.7,0.0,0.0,0.0,16.0,86.0,0.0,0.0,1.0,60.0,0.0,100500.0
2025-04-29 00:00:00,23.6122149566863,18.8191953648602,0.0,1.76,15.0,93,15,9.8,50,16.8,19.1,17.7,0.0,0.0,0.0,15.0,88.0,0.0,0.0,0.0,328.0,0.0,100520.0
2025-04-29 01:00:00,23.3212122799903,18.655334194225,0.0,1.76,14.6,93,15,4.5,47,17.3,19.0,17.7,0.0,0.0,0.0,14.0,90.0,0.0,0.0,0.0,262.0,0.0,100520.0
2025-04-29 02:00:00,23.4679032881972,18.5424827290972,0.0,1.76,14.3,95,15,1.7,24,16.8,18.9,17.7,0.0,0.0,0.0,13.0,92.0,0.0,0.0,0.0,180.0,0.0,100470.0
2025-04-29 03:00:00,23.5228699902429,18.5465810136166,0.0,1.76,13.7,97,31,1.9,360,16.3,18.7,17.7,0.0,0.0,0.0,12.0,93.0,0.0,0.0,0.0,172.0,0.0,100370.0
2025-04-29 04:00:00,23.2747673612611,18.7809119692458,0.0,1.76,13.7,98,69,4.8,261,16.0,18.6,17.7,0.0,0.0,0.0,12.0,94.0,0.0,0.0,0.0,72.0,0.0,100290.0
2025-04-29 05:00:00,23.3246857266528,18.7470394201785,0.0,1.76,13.7,99,100,4.5,276,15.9,18.4,17.7,0.0,0.0,0.0,11.0,95.0,0.0,0.0,0.0,192.0,0.0,100250.0
2025-04-29 06:00:00,23.5910609896245,18.7056264533467,0.0,1.76,13.7,99,100,5.0,282,15.9,18.2,17.7,0.0,0.0,0.01,12.0,95.0,0.0,0.0,0.0,228.0,0.0,100230.0
2025-04-29 07:00:00,23.2877882860412,18.5860625159561,0.0,1.76,14.8,91,72,4.1,10,16.4,18.1,17.7,0.0,0.0,0.05,12.0,96.0,0.0,0.0,0.0,188.0,0.0,100210.0
2025-04-29 08:00:00,23.2201071064113,18.4053865973484,0.0,1.76,16.3,81,92,10.3,35,17.2,18.0,17.7,0.0,0.0,0.13,11.0,96.0,3892.0,0.0,0.0,180.0,0.0,100170.0
2025-04-29 09:00:00,23.213382852552,18.5481170135614,0.0,1.76,17.7,74,100,11.6,27,18.5,18.0,17.7,0.0,0.0,0.24,14.0,96.0,18833.0,1.0,0.0,78.0,0.0,100190.0
2025-04-29 10:00:00,23.2251471655743,18.6046384376161,0.0,1.76,19.2,68,98,14.6,31,20.0,18.1,17.7,0.0,0.0,0.37,17.0,84.0,26999.0,1.0,2.0,48.0,0.0,100170.0
2025-04-29 11:00:00,23.1607094962338,18.4682681381793,0.0,1.76,20.1,65,100,15.8,31,21.5,18.2,17.7,0.0,0.0,0.44,19.0,73.0,65386.0,4.0,4.0,72.0,0.0,100100.0
2025-04-29 12:00:00,23.0776712127532,18.4850135230243,0.0,1.76,20.5,66,100,14.7,31,22.6,18.4,17.7,0.0,0.0,0.47,20.0,74.0,87216.0,7.0,3.0,24.0,0.0,100080.0
2025-04-29 13:00:00,23.0868496359331,18.4182211251922,0.0,1.76,20.8,64,100,15.7,31,23.3,18.7,17.7,0.0,0.0,0.4,20.0,75.0,98120.0,7.0,4.0,54.0,0.0,100050.0
2025-04-29 14:00:00,22.9492245356657,18.3976766355323,0.0,1.76,20.8,65,100,16.0,24,23.6,19.0,17.7,0.0,0.0,0.4,20.0,72.0,40056.0,4.0,4.0,348.0,0.0,99990.0
2025-04-29 15:00:00,22.9471359426859,18.5482344075683,0.0,1.76,20.2,66,100,12.1,35,23.2,19.2,17.7,0.0,0.0,0.28,19.0,76.0,23287.0,2.0,3.0,330.0,0.0,99990.0
2025-04-29 16:00:00,23.0611176598964,18.298850824439,0.0,1.76,20.1,67,98,12.3,35,22.6,19.4,17.7,0.0,0.0,0.21,19.0,78.0,19688.0,1.0,3.0,48.0,0.0,100060.0
2025-04-29 17:00:00,22.8578593996016,18.260350376293,0.0,1.76,19.5,70,58,16.1,36,22.1,19.5,17.7,0.0,0.0,0.18,19.0,80.0,13140.0,0.0,3.0,36.0,0.0,100010.0
2025-04-29 18:00:00,22.8367020987711,18.3326821237114,0.0,1.76,18.3,78,85,14.5,35,21.3,19.6,17.7,0.0,0.0,0.1,19.0,80.0,17417.0,1.0,5.0,24.0,0.0,99980.0
2025-04-29 19:00:00,22.9202671484653,18.2888116108939,0.0,1.76,16.9,87,93,12.5,25,20.3,19.6,17.8,0.0,0.0,0.03,18.0,81.0,8934.0,0.0,4.0,42.0,0.0,100030.0
2025-04-29 20:00:00,22.8688658198575,18.1756268196347,0.0,1.76,16.5,91,98,9.2,30,19.5,19.6,17.8,0.0,0.0,0.0,18.0,82.0,4520.0,0.0,3.0,54.0,0.0,100080.0
2025-04-29 21:00:00,22.8059525201159,18.2089967298399,0.0,1.76,16.4,91,100,11.8,41,18.9,19.6,17.8,0.0,0.0,0.0,17.0,86.0,252.0,0.0,4.0,36.0,0.0,100140.0
2025-04-29 22:00:00,22.7423010763764,18.3904492567263,0.0,1.76,16.7,89,95,10.6,47,18.5,19.5,17.8,0.0,0.0,0.0,17.0,87.0,0.0,0.0,1.0,48.0,0.0,100190.0
2025-04-29 23:00:00,22.8580111762467,18.1761844696267,0.0,1.76,17.0,87,100,9.6,55,18.3,19.4,17.8,0.0,0.0,0.0,17.0,88.0,0.0,0.0,3.0,48.0,0.0,100200.0
2025-04-30 00:00:00,23.0014436486284,18.3368658417799,0.0,1.76,16.6,88,100,7.0,61,18.0,19.3,17.8,0.0,0.0,0.0,17.0,90.0,0.0,0.0,2.0,54.0,0.0,100190.0
2025-04-30 01:00:00,22.908753794676,18.2959971560639,0.0,1.76,16.8,91,100,11.2,46,18.6,19.3,17.8,0.2,0.2,0.0,17.0,92.0,0.0,0.0,0.0,48.0,0.0,100200.0
2025-04-30 02:00:00,22.8709397733335,18.3668232587727,0.0,1.76,16.7,91,100,7.8,57,18.1,19.3,17.8,0.1,0.1,0.0,17.0,94.0,0.0,0.0,0.0,60.0,0.0,100130.0
2025-04-30 03:00:00,22.8236228297094,18.4318050663106,0.0,1.76,16.6,91,100,9.1,67,17.8,19.2,17.8,0.1,0.1,0.0,16.0,94.0,0.0,0.0,2.0,42.0,0.0,100090.0
2025-04-30 04:00:00,22.7437595830385,18.1941424603511,0.0,1.76,16.2,90,100,7.1,87,17.5,19.0,17.8,0.0,0.0,0.0,16.0,96.0,0.0,0.0,0.0,72.0,0.0,100080.0
2025-04-30 05:00:00,22.847382527317,18.303839850369,0.0,1.76,15.6,92,99,6.1,78,17.2,18.9,17.8,0.0,0.0,0.0,16.0,96.0,0.0,0.0,0.0,96.0,0.0,100020.0
2025-04-30 06:00:00,22.7972525912341,18.3776334915339,0.0,1.76,15.1,95,100,4.6,70,17.0,18.8,17.8,0.0,0.0,0.02,16.0,97.0,0.0,0.0,2.0,70.0,0.0,99930.0
2025-04-30 07:00:00,22.8957524210233,18.3694045680677,0.0,1.76,14.9,97,100,2.6,47,17.1,18.7,17.8,0.0,0.0,0.03,16.0,97.0,0.0,0.0,0.0,60.0,0.0,99920.0
2025-04-30 08:00:00,22.6318896175219,18.4002454256316,0.0,1.76,15.2,97,100,3.3,338,17.4,18.6,17.8,0.0,0.0,0.06,16.0,97.0,2568.0,0.0,0.0,24.0,0.0,99970.0
2025-04-30 09:00:00,22.5274461880812,18.3412547782548,0.0,1.76,16.4,91,100,7.7,318,18.2,18.5,17.8,0.0,0.0,0.13,17.0,96.0,10665.0,0.0,0.0,249.0,0.0,100020.0
2025-04-30 10:00:00,22.8898116776584,18.2355601905023,0.0,1.76,18.1,81,100,7.6,289,19.4,18.5,17.8,0.0,0.0,0.24,18.0,92.0,16644.0,1.0,0.0,285.0,0.0,100040.0
2025-04-30 11:00:00,22.6954300000885,18.2678791071577,0.0,1.76,19.4,77,100,7.7,278,20.3,18.6,17.8,0.0,0.0,0.24,19.0,80.0,53364.0,4.0,2.0,341.0,0.0,100040.0
2025-04-30 12:00:00,22.5773560881874,18.1982396900551,0.0,1.76,21.1,71,100,8.5,331,21.7,18.7,17.8,0.0,0.0,0.35,20.0,73.0,57592.0,5.0,1.0,288.0,0.0,100040.0
2025-04-30 13:00:00,22.5104268259964,18.1381354593108,0.0,1.76,19.9,73,100,6.9,347,21.7,19.0,17.8,0.1,0.1,0.23,21.0,74.0,47775.0,4.0,3.0,20.0,0.0,99990.0
2025-04-30 14:00:00,22.4868733371642,18.1891437696528,0.0,1.76,20.2,73,100,9.4,25,21.8,19.1,17.8,0.0,0.0,0.22,21.0,75.0,56883.0,5.0,4.0,352.0,0.0,99990.0
2025-04-30 15:00:00,22.4409838822688,18.0978678922385,0.0,1.76,19.9,76,100,11.4,36,21.8,19.2,17.8,0.2,0.2,0.22,21.0,76.0,49256.0,3.0,5.0,20.0,0.0,100000.0
2025-04-30 16:00:00,22.3353345370429,18.1257245587292,0.0,1.76,20.4,74,99,10.0,65,21.9,19.4,17.8,0.0,0.0,0.24,21.0,73.0,43196.0,3.0,4.0,12.0,0.0,100000.0
2025-04-30 17:00:00,22.3125744324851,18.1792820618439,0.0,1.76,20.6,73,98,5.8,88,21.9,19.5,17.9,0.0,0.0,0.19,21.0,74.0,38096.0,2.0,4.0,32.0,0.0,99990.0
2025-04-30 18:00:00,22.3517254957826,18.0548290572495,0.0,1.76,19.9,77,100,5.5,44,21.4,19.6,17.9,0.0,0.0,0.1,20.0,78.0,25942.0,2.0,2.0,26.0,0.0,100010.0
2025-04-30 19:00:00,22.216310748367,18.1510964511615,0.0,1.76,17.4,91,100,4.0,18,20.3,19.6,17.9,0.0,0.0,0.02,19.0,82.0,12178.0,1.0,2.0,44.0,0.0,100040.0
2025-04-30 20:00:00,22.184388778017,17.9526629056707,0.0,1.76,16.4,94,74,1.8,16,19.2,19.6,17.9,0.0,0.0,0.0,19.0,84.0,4150.0,0.0,2.0,20.0,0.0,100050.0
2025-04-30 21:00:00,22.46471400889,17.9612575474669,0.0,1.76,15.9,94,94,1.3,354,18.3,19.5,17.9,0.0,0.0,0.0,18.0,87.0,52.0,0.0,2.0,30.0,0.0,100090.0
2025-04-30 22:00:00,22.3402907576333,18.2401614955831,0.0,1.76,15.7,96,96,2.4,114,17.8,19.4,17.9,0.0,0.0,0.0,17.0,92.0,0.0,0.0,0.0,78.0,0.0,100200.0
2025-04-30 23:00:00,22.393589444291,17.9818235961097,0.0,1.76,15.7,94,100,4.9,156,17.6,19.3,17.9,0.0,0.0,0.0,17.0,91.0,0.0,0.0,0.0,145.0,0.0,100280.0
2025-05-01 00:00:00,22.1255708643122,18.0636666344141,0.0,1.76,15.9,93,100,5.5,198,17.6,19.1,17.9,0.0,0.0,0.0,18.0,91.0,0.0,0.0,0.0,90.0,0.0,100270.0
2025-05-01 01:00:00,22.2027317012193,18.145901975722,0.0,1.76,16.9,92,100,4.4,171,18.6,19.1,17.9,0.1,0.1,0.0,17.0,92.0,0.0,0.0,0.0,66.0,0.0,100250.0
2025-05-01 02:00:00,22.2009090024174,18.0275012421025,0.0,1.76,17.0,91,100,3.2,177,18.3,19.1,17.9,0.1,0.1,0.0,17.0,92.0,0.0,0.0,0.0,72.0,0.0,100230.0
2025-05-01 03:00:00,22.1899047764679,17.9696019791847,0.0,1.76,17.0,92,100,2.7,166,18.1,19.0,17.9,0.1,0.1,0.0,17.0,93.0,0.0,0.0,0.0,54.0,0.0,100200.0
2025-05-01 04:00:00,21.9843462178322,18.0751837569435,0.0,1.76,17.0,92,100,1.1,135,17.9,18.9,17.9,0.0,0.0,0.0,17.0,93.0,0.0,0.0,0.0,48.0,0.0,100160.0
2025-05-01 05:00:00,22.1092808067981,18.1401444109772,0.0,1.76,16.7,93,100,1.0,45,17.8,18.8,17.9,0.1,0.1,0.0,17.0,93.0,0.0,0.0,0.0,36.0,0.0,100160.0
2025-05-01 06:00:00,22.2221124152709,18.1569147286658,0.0,1.76,16.6,93,100,2.6,72,17.7,18.8,17.9,0.1,0.1,0.02,17.0,93.0,0.0,0.0,0.0,66.0,0.0,100150.0
2025-05-01 07:00:00,22.1381218186632,18.0431583290785,0.0,1.76,16.6,94,100,3.0,51,17.8,18.7,17.9,0.0,0.0,0.04,17.0,94.0,124.0,0.0,0.0,112.0,0.0,100170.0
2025-05-01 08:00:00,22.0869254008171,18.0055426394381,0.0,1.76,17.0,91,100,4.7,22,18.3,18.6,17.9,0.0,0.0,0.1,17.0,93.0,6940.0,0.0,0.0,72.0,0.0,100210.0
2025-05-01 09:00:00,22.1345724751013,18.0923184635541,0.0,1.76,18.5,83,100,8.5,6,19.5,18.6,17.9,0.0,0.0,0.22,18.0,88.0,14104.0,1.0,0.0,117.0,0.0,100220.0
2025-05-01 10:00:00,21.9793022004904,18.1423701578526,0.0,1.76,19.7,78,68,9.5,8,20.8,18.7,17.9,0.0,0.0,0.32,20.0,79.0,57752.0,3.0,2.0,30.0,0.0,100200.0
2025-05-01 11:00:00,21.8730476151594,18.0011140731346,0.0,1.76,21.3,73,52,11.1,24,22.6,18.9,17.9,0.0,0.0,0.47,21.0,75.0,89091.0,6.0,2.0,10.0,0.0,100160.0
2025-05-01 12:00:00,22.0001113525206,17.9026782868652,0.0,1.76,21.8,71,21,12.5,34,24.0,19.1,17.9,0.0,0.0,0.52,22.0,72.0,97670.0,7.0,4.0,24.0,0.0,100150.0
2025-05-01 13:00:00,21.8401916445139,18.0263181640758,0.0,1.76,21.7,70,17,14.2,41,24.8,19.4,17.9,0.0,0.0,0.51,22.0,70.0,105077.0,9.0,3.0,63.0,0.0,100080.0
2025-05-01 14:00:00,21.9125587974308,18.0253563083992,0.0,1.76,21.8,69,33,16.2,51,25.1,19.7,17.9,0.0,0.0,0.47,22.0,68.0,89047.0,8.0,4.0,29.0,0.0,100030.0
2025-05-01 15:00:00,21.8282865878715,17.7250683526373,0.0,1.76,21.7,70,64,13.9,54,25.1,20.0,17.9,0.0,0.0,0.4,22.0,69.0,95159.0,9.0,6.0,45.0,0.0,100020.0
2025-05-01 16:00:00,21.7646297168791,17.6563938368649,0.0,1.76,20.9,73,99,14.6,46,24.5,20.2,17.9,0.0,0.0,0.27,22.0,68.0,88032.0,6.0,4.0,59.0,0.0,99990.0
2025-05-01 17:00:00,21.8497944042592,17.912406530331,0.0,1.76,20.3,76,97,14.9,38,23.6,20.4,18.0,0.0,0.0,0.16,22.0,71.0,71480.0,5.0,2.0,48.0,0.0,99920.0
2025-05-01 18:00:00,21.4983169073064,17.8366818709584,0.0,1.76,18.7,84,100,12.9,33,22.5,20.5,18.0,0.0,0.0,0.08,22.0,73.0,34756.0,1.0,4.0,60.0,0.0,99880.0
2025-05-01 19:00:00,21.6804873362184,17.8905975971757,0.0,1.76,17.2,90,100,9.9,44,21.3,20.5,18.0,0.0,0.0,0.03,20.0,74.0,5027.0,0.0,4.0,42.0,0.0,99830.0
2025-05-01 20:00:00,21.4144305584129,17.7385876718098,0.0,1.76,16.3,93,98,7.1,23,20.2,20.5,18.0,0.0,0.0,0.0,19.0,82.0,243.0,0.0,4.0,336.0,0.0,99970.0
2025-05-01 21:00:00,21.2133191355826,17.6150676458181,0.0,1.76,16.9,89,100,5.3,28,19.5,20.4,18.0,0.0,0.0,0.0,18.0,94.0,0.0,0.0,3.0,114.0,76.0,99940.0
2025-05-01 22:00:00,21.5650007692731,17.9444485661281,0.0,1.76,18.3,82,100,1.7,175,19.0,20.3,18.0,0.0,0.0,0.0,17.0,95.0,0.0,0.0,3.0,117.0,15.0,99930.0
2025-05-01 23:00:00,21.5355476331609,17.6677203089199,0.0,1.76,20.5,68,94,6.7,184,18.9,20.2,18.0,0.0,0.0,0.02,18.0,94.0,0.0,0.0,0.0,54.0,0.0,99850.0
2025-05-02 00:00:00,21.3202420193913,17.5143140860453,0.0,1.76,25.5,39,63,22.4,185,19.3,20.1,18.0,0.0,0.0,0.2,18.0,91.0,0.0,0.0,4.0,297.0,0.0,99910.0
2025-05-02 01:00:00,21.5583540996259,17.6459207117225,0.0,1.76,20.7,58,96,8.6,172,18.7,19.9,18.0,0.0,0.0,0.04,26.0,42.0,0.0,0.0,7.0,210.0,0.0,99710.0
2025-05-02 02:00:00,21.5955249506854,17.5659803692675,0.0,1.76,25.2,42,100,31.2,179,19.2,19.8,18.0,0.0,0.0,0.23,26.0,41.0,0.0,0.0,4.0,186.0,0.0,99660.0
2025-05-02 03:00:00,21.5210965471233,17.6962750488865,0.0,1.76,24.9,45,100,26.4,182,19.9,19.7,18.0,0.0,0.0,0.2,27.0,39.0,0.0,0.0,10.0,216.0,0.0,99590.0
2025-05-02 04:00:00,21.374761698476,17.5392057307341,0.0,1.76,24.9,45,100,15.0,201,20.3,19.7,18.0,0.0,0.0,0.12,27.0,39.0,0.0,0.0,7.0,197.0,0.0,99500.0
2025-05-02 05:00:00,21.4209720328497,17.5671895824201,0.0,1.76,20.1,64,100,6.1,269,19.8,19.7,18.1,0.0,0.0,0.02,28.0,34.0,0.0,0.0,4.0,214.0,0.0,99530.0
2025-05-02 06:00:00,21.2930011228036,17.6574781883478,0.0,1.76,18.7,79,100,3.6,303,19.3,19.7,18.1,0.0,0.0,0.02,27.0,39.0,0.0,0.0,4.0,188.0,0.0,99710.0
2025-05-02 07:00:00,21.3922249182134,17.5513639196435,0.0,1.76,19.7,76,100,7.9,327,19.4,19.6,18.1,0.0,0.0,0.08,19.0,79.0,304.0,0.0,4.0,157.0,0.0,99850.0
2025-05-02 08:00:00,21.3817172878674,17.6485759340129,0.0,1.76,20.7,71,100,9.4,325,20.2,19.6,18.1,0.0,0.0,0.17,18.0,90.0,6417.0,0.0,4.0,120.0,0.0,100010.0
2025-05-02 09:00:00,21.3073367158753,17.6296863884324,0.0,1.76,22.5,64,100,11.8,330,21.3,19.6,18.1,0.0,0.0,0.29,19.0,86.0,18179.0,1.0,2.0,95.0,0.0,100040.0
2025-05-02 10:00:00,21.3231523864315,17.6894740644516,0.0,1.76,23.7,59,100,14.0,337,22.6,19.8,18.1,0.0,0.0,0.41,20.0,78.0,36444.0,2.0,2.0,99.0,0.0,100100.0
2025-05-02 11:00:00,21.3482164064544,17.5165671866499,0.0,1.76,23.9,59,92,15.9,355,23.8,19.9,18.1,0.0,0.0,0.48,22.0,69.0,67779.0,5.0,1.0,54.0,0.0,100130.0
2025-05-02 12:00:00,21.2467658882376,17.2821734297442,0.0,1.76,23.9,57,100,12.5,9,24.7,20.1,18.1,0.0,0.0,0.5,23.0,62.0,61372.0,5.0,3.0,330.0,0.0,100130.0
2025-05-02 13:00:00,21.2318998382174,17.3699003054486,0.0,1.76,24.6,53,14,13.7,355,26.0,20.4,18.1,0.0,0.0,0.57,23.0,62.0,97288.0,8.0,3.0,32.0,0.0,100110.0
2025-05-02 14:00:00,21.0744325483661,17.2407418260607,0.0,1.76,24.1,55,6,15.3,359,26.3,20.7,18.1,0.0,0.0,0.53,25.0,53.0,108336.0,9.0,3.0,6.0,0.0,100060.0
2025-05-02 15:00:00,21.2391014283365,17.4033601392636,0.0,1.76,23.4,57,22,13.6,4,26.3,20.9,18.1,0.0,0.0,0.45,23.0,60.0,99154.0,7.0,7.0,17.0,0.0,100080.0
2025-05-02 16:00:00,21.1738996877456,17.3119872087836,0.0,1.76,22.4,61,26,12.0,19,25.8,21.2,18.1,0.0,0.0,0.34,23.0,62.0,84892.0,6.0,4.0,48.0,0.0,100070.0
2025-05-02 17:00:00,21.1166348490577,17.2959895845629,0.0,1.76,22.1,65,10,9.2,12,25.1,21.4,18.1,0.0,0.0,0.24,22.0,68.0,62990.0,4.0,5.0,5.0,0.0,100090.0
2025-05-02 18:00:00,21.123523423389,17.2909594747286,0.0,1.76,20.5,71,10,9.4,3,24.0,21.5,18.2,0.0,0.0,0.12,21.0,74.0,22725.0,1.0,3.0,59.0,0.0,100150.0
2025-05-02 19:00:00,21.0276128123225,17.5756626249252,0.0,1.76,18.4,82,18,3.6,21,22.6,21.5,18.2,0.0,0.0,0.02,21.0,68.0,11385.0,1.0,3.0,6.0,0.0,100200.0
2025-05-02 20:00:00,21.1578368170859,17.404500285426,0.0,1.76,17.4,88,24,3.0,74,21.2,21.5,18.2,0.0,0.0,0.0,20.0,67.0,2637.0,0.0,3.0,48.0,0.0,100260.0
2025-05-02 21:00:00,21.174716251966,17.4107624175909,0.0,1.76,16.9,91,5,3.3,115,20.2,21.4,18.2,0.0,0.0,0.0,18.0,73.0,0.0,0.0,0.0,91.0,0.0,100320.0
2025-05-02 22:00:00,21.2723781559602,17.491893311768,0.0,1.76,16.7,90,0,2.2,100,19.4,21.2,18.2,0.0,0.0,0.0,17.5,75.5,0.0,0.0,0.0,86.5,0.0,100365.0
2025-05-02 23:00:00,21.204404868808,17.4137393796077,0.0,1.76,16.5,87,0,2.2,99,18.7,21.0,18.2,0.0,0.0,0.0,17.0,78.0,0.0,0.0,0.0,82.0,0.0,100410.0
2025-05-03 00:00:00,21.127686374628,17.2951628586406,0.0,1.76,16.3,85,0,1.7,70,18.1,20.8,18.2,0.0,0.0,0.0,17.0,75.0,0.0,0.0,0.0,152.0,0.0,100460.0
2025-05-03 01:00:00,21.0877050839016,17.1984843794905,0.0,1.76,16.5,76,1,1.5,72,17.9,20.6,18.2,0.0,0.0,0.0,17.0,79.0,0.0,0.0,2.0,114.0,0.0,100490.0
2025-05-03 02:00:00,21.1300316406168,17.4051489299669,0.0,1.76,16.3,75,0,2.7,67,17.5,20.4,18.3,0.0,0.0,0.0,16.0,82.0,0.0,0.0,0.0,119.0,0.0,100490.0
2025-05-03 03:00:00,21.0106730212626,17.3372718350317,0.0,1.76,15.8,76,1,2.9,68,17.1,20.2,18.3,0.0,0.0,0.0,17.0,76.0,0.0,0.0,1.0,150.0,0.0,100500.0
2025-05-03 04:00:00,21.0927219198285,17.1971402838507,0.0,1.76,15.7,77,0,1.2,45,16.6,19.9,18.3,0.0,0.0,0.0,16.0,78.0,0.0,0.0,1.0,120.0,0.0,100440.0
2025-05-03 05:00:00,20.9363040612617,17.3117825477091,0.0,1.76,15.4,78,0,0.7,43,16.2,19.7,18.3,0.0,0.0,0.0,15.0,82.0,0.0,0.0,1.0,119.0,0.0,100420.0
2025-05-03 06:00:00,20.9592038233944,17.2280900629858,0.0,1.76,15.8,80,0,1.3,69,16.1,19.5,18.3,0.0,0.0,0.01,15.0,85.0,0.0,0.0,2.0,144.0,0.0,100400.0
2025-05-03 07:00:00,20.8413557818007,17.2193696352501,0.0,1.76,18.4,70,0,1.1,22,17.1,19.3,18.3,0.0,0.0,0.07,15.0,85.0,0.0,0.0,1.0,119.0,0.0,100390.0
2025-05-03 08:00:00,21.0194328296265,17.417397272384,0.0,1.76,19.8,67,0,5.2,5,18.6,19.2,18.3,0.0,0.0,0.2,14.0,86.0,1778.0,0.0,1.0,98.0,0.0,100410.0
2025-05-03 09:00:00,20.7429564084603,17.3389091124733,0.0,1.76,21.1,62,0,7.3,16,20.4,19.2,18.3,0.0,0.0,0.33,16.0,84.0,11879.0,1.0,0.0,312.0,0.0,100470.0
2025-05-03 10:00:00,21.0031986395814,17.1833576803446,0.0,1.76,22.6,56,61,8.6,26,22.1,19.3,18.3,0.0,0.0,0.44,19.0,71.0,35404.0,2.0,0.0,342.0,0.0,100490.0
2025-05-03 11:00:00,20.7866163801643,17.1401666338042,0.0,1.76,22.6,58,100,10.6,22,23.1,19.5,18.3,0.0,0.0,0.41,20.0,68.0,66120.0,4.0,4.0,6.0,0.0,100510.0
2025-05-03 12:00:00,20.8505786575785,17.2462626189726,0.0,1.76,21.7,62,100,15.1,15,23.4,19.7,18.3,0.0,0.0,0.34,21.0,68.0,24105.0,3.0,1.0,17.0,0.0,100490.0
2025-05-03 13:00:00,20.7786552529851,17.0240266925556,0.0,1.76,22.5,58,100,14.2,12,23.9,19.9,18.3,0.0,0.0,0.38,22.0,59.0,99548.0,9.0,2.0,341.0,0.0,100470.0
2025-05-03 14:00:00,20.6544595230444,17.2653513892488,0.0,1.76,21.2,62,100,13.2,12,23.9,20.1,18.3,0.0,0.0,0.32,23.0,63.0,102124.0,8.0,3.0,28.0,0.0,100410.0
2025-05-03 15:00:00,20.5317364122355,17.1271511123089,0.0,1.76,21.6,61,100,10.3,3,24.1,20.3,18.3,0.0,0.0,0.36,22.0,63.0,73998.0,6.0,3.0,54.0,0.0,100400.0
2025-05-03 16:00:00,20.4137140189409,17.1066034633126,0.0,1.76,20.9,61,100,7.9,3,23.8,20.4,18.3,0.0,0.0,0.26,22.0,62.0,49536.0,4.0,3.0,24.0,0.0,100400.0
2025-05-03 17:00:00,20.6023050618336,17.1950671887183,0.0,1.76,20.6,61,100,7.9,14,23.2,20.6,18.3,0.0,0.0,0.18,21.0,59.0,41309.0,3.0,5.0,18.0,0.0,100390.0
2025-05-03 18:00:00,20.6204654803858,17.2454066111946,0.0,1.76,19.9,63,12,6.7,71,22.4,20.6,18.3,0.0,0.0,0.11,20.0,63.0,31735.0,3.0,3.0,355.0,0.0,100390.0
2025-05-03 19:00:00,20.4482847539773,17.2426777731164,0.0,1.76,18.0,71,8,5.2,73,21.2,20.7,18.3,0.0,0.0,0.03,20.0,63.0,37476.0,2.0,3.0,7.0,0.0,100430.0
2025-05-03 20:00:00,20.6925651977521,16.8375925952874,0.0,1.76,16.8,77,10,4.7,101,20.0,20.6,18.4,0.0,0.0,0.0,20.0,63.0,7075.0,0.0,2.0,43.0,0.0,100430.0
2025-05-03 21:00:00,20.8410878027064,17.0644196965709,0.0,1.76,16.1,81,7,4.5,98,19.2,20.5,18.4,0.0,0.0,0.0,20.0,59.0,1768.0,0.0,1.0,138.0,0.0,100440.0
2025-05-03 22:00:00,20.719366682193,17.3035770302298,0.0,1.76,15.7,80,10,3.6,97,18.4,20.4,18.4,0.0,0.0,0.0,19.0,61.0,0.0,0.0,2.0,126.0,0.0,100470.0
2025-05-03 23:00:00,20.6633722564188,17.2220222679073,0.0,1.76,15.3,79,5,4.1,96,17.7,20.2,18.4,0.0,0.0,0.0,16.0,72.0,0.0,0.0,0.0,112.0,0.0,100540.0
2025-05-04 00:00:00,20.6325750510571,17.1328968553863,0.0,1.76,15.3,76,14,2.7,114,17.2,20.0,18.4,0.0,0.0,0.0,16.0,70.0,0.0,0.0,1.0,124.0,0.0,100570.0
2025-05-04 01:00:00,20.5032486646443,17.0669525468568,0.0,1.76,15.4,74,9,1.6,94,16.9,19.9,18.4,0.0,0.0,0.0,16.0,71.0,0.0,0.0,1.0,112.0,0.0,100560.0
2025-05-04 02:00:00,20.2994801329324,17.071317145696,0.0,1.76,15.3,74,9,1.2,74,16.5,19.7,18.4,0.0,0.0,0.0,15.0,77.0,0.0,0.0,1.0,113.0,0.0,100560.0
2025-05-04 03:00:00,20.5654515705968,17.0198742559126,0.0,1.76,14.8,76,12,0.9,83,16.1,19.4,18.4,0.0,0.0,0.0,15.0,80.0,0.0,0.0,1.0,120.0,0.0,100510.0
2025-05-04 04:00:00,20.3652807431539,17.2507392558122,0.0,1.76,14.2,80,3,2.1,142,15.7,19.2,18.4,0.0,0.0,0.0,14.0,83.0,0.0,0.0,1.0,120.0,0.0,100470.0
2025-05-04 05:00:00,20.3316096581014,17.1219120412435,0.0,1.76,13.6,83,2,3.4,231,15.3,19.0,18.4,0.0,0.0,0.0,14.0,85.0,0.0,0.0,1.0,131.0,0.0,100450.0
2025-05-04 06:00:00,20.4572136905664,16.9536847314052,0.0,1.76,14.4,81,1,4.6,218,15.3,18.8,18.4,0.0,0.0,0.02,14.0,84.0,0.0,0.0,1.0,144.0,0.0,100450.0
2025-05-04 07:00:00,20.4360699681858,17.1776345198461,0.0,1.76,17.2,73,1,3.6,235,16.2,18.6,18.4,0.0,0.0,0.08,12.0,89.0,0.0,0.0,0.0,282.0,0.0,100450.0
2025-05-04 08:00:00,20.4380558165688,17.1218260641706,0.0,1.76,19.4,64,1,3.5,294,17.8,18.5,18.4,0.0,0.0,0.2,13.0,87.0,3126.0,0.0,1.0,233.0,0.0,100470.0
2025-05-04 09:00:00,20.3457410671228,17.0854461343369,0.0,1.76,21.1,59,1,5.0,264,19.8,18.5,18.4,0.0,0.0,0.33,15.0,84.0,15813.0,1.0,0.0,165.0,0.0,100460.0
2025-05-04 10:00:00,20.3887463786484,17.0605665431771,0.0,1.76,23.3,49,1,6.3,271,21.8,18.7,18.4,0.0,0.0,0.47,18.0,71.0,41084.0,2.0,1.0,278.0,0.0,100460.0
2025-05-04 11:00:00,20.2741658057952,16.7672442450416,0.0,1.76,24.6,44,38,8.4,309,23.7,18.9,18.4,0.0,0.0,0.57,20.0,63.0,69898.0,4.0,1.0,224.0,0.0,100440.0
2025-05-04 12:00:00,20.2184498055863,16.9215095418699,0.0,1.76,22.9,60,41,16.6,357,24.6,19.2,18.4,0.1,0.1,0.5,22.0,56.0,91043.0,8.0,0.0,340.0,0.0,100400.0
2025-05-04 13:00:00,20.1366371885288,17.1193388270349,0.0,1.76,21.0,66,24,16.9,13,24.6,19.5,18.4,0.0,0.0,0.37,24.0,45.0,27108.0,3.0,1.0,336.0,0.0,100350.0
2025-05-04 14:00:00,20.2288440174684,16.9647166955574,0.0,1.76,22.0,61,17,11.6,15,25.1,19.8,18.4,0.0,0.0,0.46,23.0,60.0,114450.0,8.0,3.0,18.0,0.0,100310.0
2025-05-04 15:00:00,20.2605377510934,16.8904509543762,0.0,1.76,22.0,54,22,12.8,356,25.3,20.1,18.4,0.0,0.0,0.43,22.0,59.0,109377.0,9.0,5.0,359.0,0.0,100310.0
2025-05-04 16:00:00,20.0603071801825,16.771876538629,0.0,1.76,20.8,59,7,11.9,2,24.8,20.3,18.4,0.0,0.0,0.31,22.0,64.0,96314.0,7.0,4.0,31.0,0.0,100320.0
2025-05-04 17:00:00,20.1113072337612,16.946873653813,0.0,1.76,20.4,59,33,7.2,8,24.2,20.5,18.4,0.0,0.0,0.23,22.0,58.0,80855.0,6.0,2.0,359.0,0.0,100280.0
2025-05-04 18:00:00,20.1812084152426,17.0045858536902,0.0,1.76,20.0,60,38,6.0,342,23.1,20.6,18.4,0.0,0.0,0.12,21.0,61.0,56271.0,4.0,4.0,42.0,0.0,100280.0
2025-05-04 19:00:00,20.1742659350724,17.0134506334089,0.0,1.76,18.0,69,39,1.9,354,21.6,20.7,18.4,0.0,0.0,0.02,20.0,63.0,9244.0,1.0,5.0,23.0,0.0,100300.0
2025-05-04 20:00:00,20.1519883028136,16.901871421846,0.0,1.76,17.2,73,15,1.7,243,20.3,20.6,18.4,0.0,0.0,0.0,19.0,67.0,10091.0,0.0,3.0,39.0,0.0,100300.0
2025-05-04 21:00:00,20.1003040938572,16.7036668871151,0.0,1.76,16.5,75,36,3.3,228,19.2,20.5,18.4,0.0,0.0,0.0,18.0,72.0,609.0,0.0,2.0,76.0,0.0,100310.0
2025-05-04 22:00:00,20.1358577842043,16.8626366430643,0.0,1.76,16.1,75,44,5.4,222,18.4,20.4,18.4,0.0,0.0,0.0,17.0,76.0,0.0,0.0,2.0,85.0,0.0,100380.0
2025-05-04 23:00:00,20.1021601477505,16.9613019916142,0.0,1.76,15.3,78,64,6.1,215,17.7,20.2,18.4,0.0,0.0,0.0,16.0,79.0,0.0,0.0,2.0,126.0,0.0,100430.0
2025-05-05 00:00:00,20.1293213974112,17.0446235063656,0.0,1.76,14.9,79,79,7.1,214,17.2,20.1,18.5,0.0,0.0,0.01,15.0,80.0,0.0,0.0,1.0,138.0,0.0,100440.0
2025-05-05 01:00:00,19.9674305764076,17.0277944236316,0.0,1.76,15.0,79,51,2.0,253,17.2,19.9,18.5,0.0,0.0,0.0,15.0,78.0,0.0,0.0,1.0,144.0,0.0,100410.0
2025-05-05 02:00:00,19.9794232599481,16.7179191287929,0.0,1.76,14.2,82,57,3.8,219,16.6,19.7,18.5,0.0,0.0,0.0,14.0,83.0,0.0,0.0,1.0,282.0,0.0,100400.0
2025-05-05 03:00:00,20.2374234330931,16.9661167073876,0.0,1.76,13.6,85,56,4.0,232,16.2,19.5,18.5,0.0,0.0,0.0,13.0,87.0,0.0,0.0,1.0,198.0,0.0,100350.0
2025-05-05 04:00:00,20.1051235099021,16.894250176511,0.0,1.76,13.4,86,46,3.7,259,15.8,19.3,18.5,0.0,0.0,0.0,13.0,87.0,0.0,0.0,0.0,189.0,0.0,100320.0
2025-05-05 05:00:00,20.0670024696166,16.8383760389768,0.0,1.76,13.5,86,50,4.4,257,15.5,19.1,18.5,0.0,0.0,0.0,12.0,89.0,0.0,0.0,0.0,186.0,0.0,100320.0
2025-05-05 06:00:00,19.9759656144027,16.9256445961266,0.0,1.76,14.3,83,42,3.6,245,15.4,18.8,18.5,0.0,0.0,0.02,12.0,90.0,0.0,0.0,1.0,192.0,0.0,100300.0
2025-05-05 07:00:00,19.7907849679925,16.9151902971581,0.0,1.76,16.9,73,51,4.7,216,16.3,18.7,18.5,0.0,0.0,0.08,12.0,91.0,0.0,0.0,1.0,180.0,0.0,100300.0
2025-05-05 08:00:00,20.081189768883,16.7225868519069,0.0,1.76,18.7,65,96,6.5,258,17.7,18.6,18.5,0.0,0.0,0.19,12.0,91.0,4488.0,0.0,0.0,180.0,0.0,100320.0
2025-05-05 09:00:00,19.976387293457,16.9199938324723,0.0,1.76,20.2,59,53,10.1,274,19.3,18.6,18.5,0.0,0.0,0.3,17.0,79.0,19575.0,1.0,1.0,228.0,0.0,100330.0
2025-05-05 10:00:00,19.9798162462122,16.7894712601101,0.0,1.76,21.7,53,23,10.4,271,20.9,18.7,18.5,0.0,0.0,0.4,19.0,70.0,47788.0,3.0,2.0,223.0,0.0,100350.0
2025-05-05 11:00:00,19.9056896295529,16.6473351553306,0.0,1.76,23.3,46,8,10.8,293,22.7,18.8,18.5,0.0,0.0,0.54,20.0,63.0,78935.0,5.0,2.0,271.0,0.0,100350.0
2025-05-05 12:00:00,19.8147802171492,17.0800696682962,0.0,1.76,23.3,45,33,14.7,327,24.0,19.1,18.5,0.0,0.0,0.57,21.0,54.0,38748.0,3.0,2.0,312.0,0.0,100350.0
2025-05-05 13:00:00,19.8181521210713,16.7124941184498,0.0,1.76,23.0,45,69,18.8,323,24.5,19.4,18.5,0.0,0.0,0.53,21.0,51.0,60560.0,5.0,8.0,338.0,0.0,100320.0
2025-05-05 14:00:00,19.6167055465119,16.8223200739463,0.0,1.76,22.8,46,49,18.2,327,24.7,19.7,18.5,0.0,0.0,0.48,22.0,45.0,111488.0,8.0,5.0,330.0,0.0,100270.0
2025-05-05 15:00:00,19.9565889804394,16.7295754363293,0.0,1.76,23.0,44,12,14.5,334,24.8,19.9,18.5,0.0,0.0,0.47,22.0,46.0,107861.0,9.0,9.0,338.0,0.0,100230.0
2025-05-05 16:00:00,19.6849729965984,16.8618135628433,0.0,1.76,22.0,50,1,12.4,338,24.7,20.2,18.5,0.0,0.0,0.38,23.0,46.0,94640.0,7.0,4.0,343.0,0.0,100200.0
2025-05-05 17:00:00,19.5586597348509,16.9552448716122,0.0,1.76,20.9,53,1,11.0,328,24.0,20.4,18.5,0.0,0.0,0.26,22.0,44.0,78100.0,6.0,5.0,353.0,0.0,100150.0
2025-05-05 18:00:00,19.636422389917,16.9472315382926,0.0,1.76,20.1,55,0,5.4,304,22.9,20.5,18.5,0.0,0.0,0.13,22.0,46.0,54202.0,3.0,7.0,318.0,0.0,100140.0
2025-05-05 19:00:00,19.6765016458416,16.7161198680835,0.0,1.76,18.4,59,0,1.9,254,21.4,20.6,18.5,0.0,0.0,0.02,22.0,48.0,7581.0,0.0,7.0,334.0,0.0,100160.0
2025-05-05 20:00:00,19.771925593831,16.7691247172861,0.0,1.76,17.4,62,16,4.5,223,20.0,20.5,18.5,0.0,0.0,0.01,20.0,58.0,6586.0,0.0,5.0,330.0,0.0,100150.0
2025-05-05 21:00:00,19.5855337942028,17.0485976295786,0.0,1.76,16.8,65,24,5.1,218,19.0,20.4,18.5,0.0,0.0,0.01,18.0,62.0,260.0,0.0,1.0,346.0,0.0,100200.0
2025-05-05 22:00:00,19.7733916748271,16.9707951823875,0.0,1.76,16.6,64,23,6.0,209,18.4,20.3,18.5,0.0,0.0,0.02,17.0,69.0,0.0,0.0,1.0,198.0,0.0,100270.0
2025-05-05 23:00:00,19.8374397113576,16.8760918896856,0.0,1.76,16.1,66,25,7.1,211,17.9,20.1,18.5,0.0,0.0,0.02,15.0,78.0,0.0,0.0,0.0,178.0,0.0,100340.0
2025-05-06 00:00:00,19.8119729453481,16.7602945995871,0.0,1.76,15.8,68,24,8.8,215,17.5,20.0,18.5,0.0,0.0,0.02,15.0,76.0,0.0,0.0,0.0,178.0,0.0,100340.0
2025-05-06 01:00:00,19.6995679636265,16.8264283211699,0.0,1.76,15.0,71,10,7.4,210,17.0,19.8,18.5,0.0,0.0,0.02,16.0,67.0,0.0,0.0,1.0,204.0,0.0,100340.0
2025-05-06 02:00:00,19.7193670792657,16.977575920078,0.0,1.76,14.5,73,2,6.8,208,16.6,19.6,18.5,0.0,0.0,0.01,16.0,66.0,0.0,0.0,0.0,245.0,0.0,100320.0
2025-05-06 03:00:00,19.729268544669,16.7941075857938,0.0,1.76,13.7,77,0,5.2,214,16.1,19.4,18.5,0.0,0.0,0.0,13.0,77.0,0.0,0.0,0.0,185.0,0.0,100270.0
2025-05-06 04:00:00,19.5150123315594,16.830702676306,0.0,1.76,13.6,76,0,4.2,231,15.6,19.2,18.5,0.0,0.0,0.0,14.0,73.0,0.0,0.0,1.0,204.0,0.0,100240.0
2025-05-06 05:00:00,19.4426799740147,16.6759431427469,0.0,1.76,13.4,77,0,5.0,232,15.1,19.0,18.5,0.0,0.0,0.0,13.0,79.0,0.0,0.0,1.0,198.0,0.0,100240.0
2025-05-06 06:00:00,19.5904305109965,16.7502655360404,0.0,1.76,14.1,77,0,4.4,230,15.0,18.7,18.5,0.0,0.0,0.02,14.0,74.0,0.0,0.0,2.0,204.0,0.0,100240.0
2025-05-06 07:00:00,19.6366027501725,16.8249123620501,0.0,1.76,16.9,69,0,5.2,229,15.9,18.6,18.5,0.0,0.0,0.09,14.0,74.0,196.0,0.0,1.0,222.0,0.0,100240.0
2025-05-06 08:00:00,19.6027892679728,16.625807170024,0.0,1.76,19.4,58,0,4.4,239,17.6,18.5,18.5,0.0,0.0,0.21,15.0,73.0,5959.0,0.0,2.0,198.0,0.0,100270.0
2025-05-06 09:00:00,19.5545594438486,16.8850432771106,0.0,1.76,20.9,52,0,3.3,260,19.5,18.5,18.5,0.0,0.0,0.34,19.0,59.0,25844.0,2.0,1.0,245.0,0.0,100270.0
2025-05-06 10:00:00,19.5095763981338,16.8442476521994,0.0,1.76,22.2,47,9,2.0,259,21.6,18.6,18.5,0.0,0.0,0.46,21.0,54.0,55418.0,4.0,2.0,251.0,0.0,100280.0
2025-05-06 11:00:00,19.4169055853844,16.6376486977831,0.0,1.76,23.6,43,35,2.1,298,23.5,18.8,18.5,0.0,0.0,0.56,22.0,45.0,81365.0,6.0,5.0,282.0,0.0,100270.0
2025-05-06 12:00:00,19.3102381317335,16.7082977606864,0.0,1.76,24.6,40,24,6.1,357,25.0,19.1,18.5,0.0,0.0,0.62,23.0,43.0,100009.0,9.0,3.0,264.0,0.0,100240.0
2025-05-06 13:00:00,19.5248478941565,16.9130859710858,0.0,1.76,24.7,43,65,12.8,12,26.2,19.7,18.5,0.0,0.0,0.62,24.0,40.0,111925.0,8.0,1.0,240.0,0.0,100190.0
2025-05-06 14:00:00,19.3355944379025,16.7635043372413,0.0,1.76,23.7,50,100,16.0,13,26.5,20.0,18.5,0.0,0.0,0.56,23.0,50.0,116156.0,9.0,4.0,24.0,0.0,100110.0
2025-05-06 15:00:00,19.3731998325798,16.5444385624694,0.0,1.76,22.9,52,100,14.2,11,26.3,20.4,18.5,0.0,0.0,0.46,23.0,55.0,76828.0,7.0,6.0,31.0,0.0,100090.0
2025-05-06 16:00:00,19.2987484314021,16.8263948032897,0.0,1.76,21.6,56,99,13.2,23,25.4,20.6,18.5,0.0,0.0,0.3,22.0,57.0,104157.0,9.0,4.0,30.0,0.0,100070.0
2025-05-06 17:00:00,19.2943997341104,16.8330026931525,0.0,1.76,20.7,60,40,12.5,41,24.5,20.8,18.5,0.0,0.0,0.24,22.0,57.0,58260.0,4.0,5.0,54.0,0.0,100070.0
2025-05-06 18:00:00,19.28039971341096,16.819792272413224,0.0,1.76,19.6,65,62,10.2,36,23.3,20.9,18.5,0.0,0.0,0.13,21.954545454545453,57.31818181818182,62236.22727272727,4.318181818181818,5.0,52.68181818181818,0.0,100068.63636363637
2025-05-06 19:00:00,19.266399692711524,16.806581851673947,0.0,1.76,17.5,78,98,4.4,25,21.9,21.0,18.6,0.0,0.0,0.03,21.90909090909091,57.63636363636363,66212.45454545454,4.636363636363637,5.0,51.36363636363637,0.0,100067.27272727272
2025-05-06 20:00:00,19.252399672012086,16.793371430934673,0.0,1.76,16.9,82,98,1.0,30,20.5,20.9,18.6,0.0,0.0,0.0,21.863636363636363,57.95454545454545,70188.68181818182,4.954545454545454,5.0,50.04545454545455,0.0,100065.90909090909
2025-05-06 21:00:00,19.238399651312648,16.780161010195396,0.0,1.76,15.9,85,8,1.4,65,19.3,20.8,18.6,0.0,0.0,0.0,21.818181818181817,58.27272727272727,74164.90909090909,5.2727272727272725,5.0,48.72727272727273,0.0,100064.54545454546
2025-05-06 22:00:00,19.22439963061321,16.76695058945612,0.0,1.76,15.2,86,4,2.2,156,18.4,20.7,18.6,0.0,0.0,0.0,21.772727272727273,58.59090909090909,78141.13636363637,5.590909090909091,5.0,47.40909090909091,0.0,100063.18181818182
2025-05-06 23:00:00,19.21039960991377,16.753740168716842,0.0,1.76,15.1,84,39,1.1,151,17.6,20.5,18.6,0.0,0.0,0.0,21.727272727272727,58.90909090909091,82117.36363636363,5.909090909090909,5.0,46.09090909090909,0.0,100061.81818181818
2025-05-07 00:00:00,19.196399589214334,16.74052974797757,0.0,1.76,15.2,82,89,0.5,336,17.1,20.3,18.6,0.0,0.0,0.0,21.681818181818183,59.22727272727273,86093.59090909091,6.2272727272727275,5.0,44.77272727272727,0.0,100060.45454545454
2025-05-07 01:00:00,19.182399568514896,16.72731932723829,0.0,1.76,14.8,87,95,0.6,320,17.2,20.1,18.6,0.0,0.0,0.0,21.636363636363637,59.54545454545455,90069.81818181818,6.545454545454545,5.0,43.45454545454545,0.0,100059.09090909091
2025-05-07 02:00:00,19.168399547815458,16.714108906499014,0.0,1.76,14.7,84,14,0.4,27,16.8,19.9,18.6,0.0,0.0,0.0,21.59090909090909,59.86363636363637,94046.04545454546,6.863636363636363,5.0,42.13636363636364,0.0,100057.72727272728
2025-05-07 03:00:00,19.15439952711602,16.700898485759737,0.0,1.76,14.3,83,5,0.5,56,16.2,19.7,18.6,0.0,0.0,0.0,21.545454545454547,60.18181818181818,98022.27272727272,7.181818181818182,5.0,40.81818181818182,0.0,100056.36363636363
2025-05-07 04:00:00,19.14039950641658,16.687688065020463,0.0,1.76,14.0,84,58,0.6,52,15.7,19.5,18.6,0.0,0.0,0.0,21.5,60.5,101998.5,7.5,5.0,39.5,0.0,100055.0
2025-05-07 05:00:00,19.12639948571714,16.674477644281186,0.0,1.76,14.1,85,39,0.5,52,15.4,19.2,18.6,0.0,0.0,0.0,21.454545454545453,60.81818181818182,105974.72727272726,7.818181818181818,5.0,38.18181818181818,0.0,100053.63636363637
2025-05-07 06:00:00,19.112399465017702,16.66126722354191,0.0,1.76,14.6,86,72,0.9,45,15.4,19.0,18.6,0.0,0.0,0.01,21.40909090909091,61.13636363636363,109950.95454545454,8.136363636363637,5.0,36.86363636363637,0.0,100052.27272727272
2025-05-07 07:00:00,19.098399444318265,16.648056802802632,0.0,1.76,16.5,77,50,1.3,54,16.3,18.8,18.6,0.0,0.0,0.06,21.363636363636363,61.45454545454545,113927.18181818181,8.454545454545455,5.0,35.54545454545455,0.0,100050.90909090909
2025-05-07 08:00:00,19.084399423618827,16.63484638206336,0.0,1.76,18.7,67,61,2.7,354,17.9,18.7,18.6,0.0,0.0,0.18,21.318181818181817,61.77272727272727,117903.40909090909,8.772727272727273,5.0,34.22727272727273,0.0,100049.54545454546
2025-05-07 09:00:00,19.07039940291939,16.62163596132408,0.0,1.76,20.4,60,5,9.3,27,19.5,18.7,18.6,0.0,0.0,0.3,21.272727272727273,62.09090909090909,121879.63636363635,9.09090909090909,5.0,32.90909090909091,0.0,100048.18181818182
2025-05-07 10:00:00,19.05639938221995,16.608425540584804,0.0,1.76,21.8,56,33,11.2,33,21.4,18.8,18.6,0.0,0.0,0.44,21.227272727272727,62.40909090909091,125855.86363636363,9.409090909090908,5.0,31.590909090909093,0.0,100046.81818181818
2025-05-07 11:00:00,19.042399361520513,16.595215119845527,0.0,1.76,22.5,55,13,12.3,32,22.9,19.0,18.6,0.0,0.0,0.48,21.181818181818183,62.72727272727273,129832.09090909091,9.727272727272727,5.0,30.272727272727273,0.0,100045.45454545454
2025-05-07 12:00:00,19.028399340821075,16.582004699106253,0.0,1.76,22.9,54,5,14.5,31,24.4,19.3,18.6,0.0,0.0,0.57,21.136363636363637,63.04545454545455,133808.31818181818,10.045454545454545,5.0,28.954545454545457,0.0,100044.09090909091
2025-05-07 13:00:00,19.014399320121637,16.568794278366976,0.0,1.76,22.3,59,1,14.9,32,24.9,19.4,18.6,0.0,0.0,0.53,21.09090909090909,63.36363636363637,137784.54545454544,10.363636363636363,5.0,27.636363636363637,0.0,100042.72727272728
2025-05-07 14:00:00,19.0003992994222,16.5555838576277,0.0,1.76,22.2,60,0,16.0,36,25.4,19.7,18.6,0.0,0.0,0.51,21.045454545454547,63.68181818181818,141760.77272727274,10.681818181818182,5.0,26.31818181818182,0.0,100041.36363636363
2025-05-07 15:00:00,18.9377666326687,16.57974457821073,0.0,1.76,22.0,59,7,15.6,35,25.5,20.0,18.6,0.0,0.0,0.46,21.0,64.0,145737.0,11.0,5.0,25.0,0.0,100040.0
2025-05-07 16:00:00,18.9778690155237,16.603905298793755,0.0,1.76,21.0,61,4,15.4,34,25.1,20.3,18.6,0.0,0.0,0.35,22.0,60.0,103460.0,8.0,4.0,59.0,0.0,99990.0
2025-05-07 17:00:00,19.1421247885542,16.628066019376785,0.0,1.76,20.2,64,5,13.7,37,24.2,20.5,18.6,0.0,0.0,0.24,21.0,58.0,92629.0,7.0,4.0,4.0,0.0,99970.0
2025-05-07 18:00:00,19.050870242543,16.652226739959815,0.0,1.76,19.0,69,1,9.2,27,23.0,20.6,18.6,0.0,0.0,0.12,21.0,61.0,66346.0,5.0,4.0,31.0,0.0,99980.0
2025-05-07 19:00:00,19.0640990154241,16.676387460542845,0.0,1.76,17.0,84,0,4.3,34,21.6,20.7,18.6,0.0,0.0,0.02,20.0,69.0,8412.0,1.0,2.0,86.0,0.0,99980.0
2025-05-07 20:00:00,18.9078261152617,16.70054818112587,0.0,1.76,16.1,91,2,1.5,25,20.1,20.6,18.6,0.0,0.0,0.0,20.0,69.0,9196.0,1.0,3.0,33.0,0.0,100000.0
2025-05-07 21:00:00,19.0479246775336,16.7247089017089,0.0,1.76,15.6,93,0,0.6,360,19.0,20.5,18.6,0.0,0.0,0.0,18.0,79.0,2514.0,0.0,2.0,42.0,0.0,100050.0
2025-05-07 22:00:00,18.9711429231817,16.8309565086379,0.0,1.76,15.0,96,1,0.4,360,18.0,20.4,18.6,0.0,0.0,0.0,16.0,87.0,0.0,0.0,0.0,37.0,0.0,100060.0
2025-05-07 23:00:00,19.031728917322,16.7414455461716,0.0,1.76,14.5,96,2,0.4,15,17.3,20.2,18.6,0.0,0.0,0.0,16.0,90.0,0.0,0.0,0.0,48.0,0.0,100110.0
2025-05-08 00:00:00,18.7279564780066,16.8906671518651,0.0,1.76,14.2,94,57,0.6,23,16.6,20.0,18.6,0.0,0.0,0.0,14.0,91.0,0.0,0.0,0.0,42.0,0.0,100130.0
2025-05-08 01:00:00,18.8737730615101,16.8529661615607,0.0,1.76,15.1,96,100,0.6,32,17.1,19.9,18.6,0.5,0.5,0.0,15.0,91.0,0.0,0.0,0.0,120.0,0.0,100090.0
2025-05-08 02:00:00,18.9689815860555,16.7652303300468,0.0,1.76,15.2,98,100,2.3,82,16.9,19.7,18.6,0.9,0.9,0.0,14.0,92.0,0.0,0.0,1.0,159.0,0.0,100080.0
2025-05-08 03:00:00,18.9161994095896,16.8766814245399,0.0,1.76,15.5,99,100,2.0,23,16.9,19.5,18.6,1.0,1.0,0.0,15.0,92.0,0.0,0.0,0.0,94.0,0.0,100050.0
2025-05-08 04:00:00,19.0315496894748,16.3768153496628,0.0,1.76,15.4,99,100,3.1,39,16.8,19.3,18.6,1.3,1.3,0.0,15.0,92.0,0.0,0.0,0.0,137.0,0.0,100020.0
2025-05-08 05:00:00,18.9582856173777,16.5334707664574,0.0,1.76,14.9,100,100,1.5,321,16.6,19.2,18.6,0.1,0.1,0.0,15.0,92.0,0.0,0.0,1.0,54.0,0.0,99950.0
2025-05-08 06:00:00,18.751879394527,16.7119137616351,0.0,1.76,15.1,99,100,1.7,205,16.5,19.0,18.6,0.3,0.3,0.01,15.0,93.0,0.0,0.0,1.0,54.0,0.0,99910.0
2025-05-08 07:00:00,18.6022633070957,16.7466731700745,0.0,1.76,15.7,98,98,4.2,288,16.8,18.9,18.6,1.6,1.6,0.05,15.0,94.0,0.0,0.0,0.0,6.0,0.0,99910.0
2025-05-08 08:00:00,18.6893456528065,16.7904069184138,0.0,1.76,17.1,86,73,4.6,304,17.6,18.8,18.6,0.0,0.0,0.14,15.0,94.0,712.0,0.0,0.0,188.0,0.0,99940.0
2025-05-08 09:00:00,18.6701220821997,16.8458282166605,0.0,1.76,18.8,75,43,3.9,301,18.9,18.7,18.6,0.0,0.0,0.25,15.0,94.0,815.0,0.0,1.0,250.0,0.0,100070.0
2025-05-08 10:00:00,18.7951967788375,16.5838580422414,0.0,1.76,20.9,64,29,8.4,283,20.6,18.8,18.6,0.0,0.0,0.39,15.0,95.0,7807.0,0.0,3.0,308.0,1.0,100090.0
2025-05-08 11:00:00,18.7588675056214,16.6363813093182,0.0,1.76,22.5,58,44,9.6,299,22.2,19.0,18.6,0.0,0.0,0.47,17.0,90.0,49132.0,2.0,2.0,262.0,0.0,100150.0
2025-05-08 12:00:00,18.6035559691305,16.7324723001695,0.0,1.76,21.0,65,30,13.0,352,22.9,19.2,18.6,0.1,0.1,0.41,18.0,88.0,4372.0,0.0,1.0,212.0,0.0,100180.0
2025-05-08 13:00:00,18.6264282801346,16.6674210469242,0.0,1.76,21.1,66,52,10.8,358,23.8,19.4,18.6,0.9,0.9,0.49,17.0,88.0,43900.0,4.0,2.0,314.0,3.0,100210.0
2025-05-08 14:00:00,18.7685242748476,16.6983624237651,0.0,1.76,21.7,64,80,8.8,1,24.0,19.6,18.6,0.1,0.1,0.4,19.0,74.0,41825.0,4.0,2.0,349.0,0.0,100180.0
2025-05-08 15:00:00,18.4612001330195,16.6574857106343,0.0,1.76,20.2,68,78,10.9,343,23.6,19.9,18.6,0.4,0.4,0.32,21.0,67.0,41412.0,4.0,3.0,27.0,0.0,100110.0
2025-05-08 16:00:00,18.6602665659344,16.5827474333075,0.0,1.76,20.3,67,69,8.7,12,23.3,20.0,18.6,0.1,0.1,0.27,22.0,66.0,79946.0,7.0,3.0,48.0,0.0,100060.0
2025-05-08 17:00:00,18.7688725638232,16.7590204662747,0.0,1.76,20.2,66,63,9.8,10,22.9,20.2,18.6,0.0,0.0,0.2,21.0,62.0,87860.0,6.0,4.0,13.0,0.0,100060.0
2025-05-08 18:00:00,18.634453834637,16.6779465813124,0.0,1.76,19.2,65,62,7.8,28,22.1,20.3,18.6,0.0,0.0,0.11,20.0,73.0,68863.0,4.0,4.0,26.0,0.0,100070.0
2025-05-08 19:00:00,18.6166251077325,16.4904878766215,0.0,1.76,17.8,73,16,4.0,82,21.0,20.3,18.6,0.0,0.0,0.03,20.0,70.0,24592.0,2.0,5.0,6.0,0.0,100100.0
2025-05-08 20:00:00,18.7014179683456,16.8325346363679,0.0,1.76,16.5,80,20,3.5,80,19.7,20.3,18.7,0.0,0.0,0.0,20.0,62.0,12306.0,1.0,3.0,24.0,0.0,100110.0
2025-05-08 21:00:00,18.6712144944484,16.5972891023366,0.0,1.76,15.8,83,11,3.6,113,18.8,20.2,18.7,0.0,0.0,0.0,18.0,67.0,1534.0,0.0,1.0,48.0,0.0,100140.0
2025-05-08 22:00:00,18.8313748209507,16.7691469426955,0.0,1.76,15.2,84,7,2.0,127,17.9,20.0,18.7,0.0,0.0,0.0,17.0,74.0,0.0,0.0,1.0,108.0,0.0,100170.0
2025-05-08 23:00:00,18.7224805105254,16.5587018411999,0.0,1.76,15.0,84,1,1.1,130,17.2,19.9,18.7,0.0,0.0,0.0,16.0,77.0,0.0,0.0,1.0,139.0,0.0,100220.0
2025-05-09 00:00:00,18.9194058776315,16.675810504171,0.0,1.76,14.7,83,1,1.0,139,16.6,19.7,18.7,0.0,0.0,0.0,15.0,82.0,0.0,0.0,1.0,96.0,0.0,100260.0
2025-05-09 01:00:00,18.821836794527,16.7695417264705,0.0,1.76,15.0,71,3,2.2,126,16.7,19.5,18.7,0.0,0.0,0.0,14.0,85.0,0.0,0.0,0.0,125.0,0.0,100240.0
2025-05-09 02:00:00,18.6939222524269,16.8956194261722,0.0,1.76,13.8,78,2,2.9,154,16.2,19.3,18.7,0.0,0.0,0.0,13.0,86.0,0.0,0.0,0.0,156.0,0.0,100190.0
2025-05-09 03:00:00,18.4630719349859,16.5709010535047,0.0,1.76,12.9,87,7,4.1,192,15.7,19.1,18.7,0.0,0.0,0.0,13.0,82.0,0.0,0.0,0.0,174.0,0.0,100140.0
2025-05-09 04:00:00,18.5650574985267,16.8935430868519,0.0,1.76,12.4,93,7,3.5,180,15.4,18.9,18.7,0.0,0.0,0.0,12.0,88.0,0.0,0.0,0.0,138.0,0.0,100080.0
2025-05-09 05:00:00,18.6475614710255,16.4581230716515,0.0,1.76,12.2,94,7,3.9,196,15.1,18.7,18.7,0.0,0.0,0.0,13.0,87.0,0.0,0.0,0.0,204.0,0.0,100060.0
2025-05-09 06:00:00,18.5274449693536,16.3261734610109,0.0,1.76,13.5,88,0,6.2,224,15.1,18.5,18.7,0.0,0.0,0.02,12.0,91.0,0.0,0.0,0.0,172.0,0.0,100030.0
2025-05-09 07:00:00,18.6180477589367,16.4365347938655,0.0,1.76,17.2,75,2,5.2,229,16.0,18.3,18.7,0.0,0.0,0.09,12.0,90.0,0.0,0.0,1.0,186.0,0.0,100020.0
2025-05-09 08:00:00,18.4340201600253,16.580356418142,0.0,1.76,20.3,60,7,3.0,279,17.8,18.3,18.6,0.0,0.0,0.21,13.0,88.0,3856.0,0.0,1.0,95.0,0.0,100050.0
2025-05-09 09:00:00,18.4442841293006,16.8261905549677,0.0,1.76,22.2,54,0,4.5,320,19.8,18.3,18.6,0.0,0.0,0.35,16.0,79.0,18364.0,1.0,2.0,252.0,0.0,100090.0
2025-05-09 10:00:00,18.3806971419696,16.6383233863718,0.0,1.76,23.6,52,0,5.2,330,21.8,18.5,18.6,0.0,0.0,0.47,19.0,67.0,45858.0,3.0,2.0,288.0,0.0,100100.0
2025-05-09 11:00:00,18.5403763723399,16.5882911398405,0.0,1.76,24.6,49,0,7.6,4,23.6,18.7,18.6,0.0,0.0,0.57,21.0,60.0,73931.0,6.0,1.0,66.0,0.0,100090.0
2025-05-09 12:00:00,18.5297645895964,16.3021404664801,0.0,1.76,24.4,51,16,14.7,21,24.9,19.0,18.6,0.0,0.0,0.59,23.0,53.0,94192.0,8.0,3.0,343.0,0.0,100070.0
2025-05-09 13:00:00,18.6963955964848,16.6212559923434,0.0,1.76,23.4,54,14,20.9,32,25.2,19.3,18.6,0.0,0.0,0.54,25.0,48.0,108178.0,9.0,2.0,144.0,0.0,100030.0
2025-05-09 14:00:00,18.3928876132448,16.5709080363579,0.0,1.76,23.4,53,2,17.8,45,25.6,19.6,18.6,0.0,0.0,0.54,24.0,51.0,107246.0,9.0,6.0,42.0,0.0,99970.0
2025-05-09 15:00:00,18.5929179784795,16.356954024488,0.0,1.76,22.9,53,57,18.0,43,25.6,19.9,18.6,0.0,0.0,0.48,24.0,53.0,107936.0,9.0,4.0,23.0,0.0,99920.0
2025-05-09 16:00:00,18.554075485145,16.5043356451797,0.0,1.76,22.7,54,88,15.4,43,25.3,20.2,18.6,0.0,0.0,0.39,23.0,57.0,92564.0,8.0,8.0,32.0,0.0,99890.0
2025-05-09 17:00:00,18.622643302713,16.5280607534987,0.0,1.76,21.3,61,85,18.1,41,24.5,20.4,18.6,0.0,0.0,0.26,22.0,59.0,77306.0,6.0,6.0,31.0,0.0,99860.0
2025-05-09 18:00:00,18.5227383106083,16.3829512903805,0.0,1.76,19.4,69,77,11.7,37,23.2,20.6,18.6,0.0,0.0,0.13,21.0,66.0,50826.0,3.0,3.0,36.0,0.0,99870.0
2025-05-09 19:00:00,18.6625302838586,16.6723499491664,0.0,1.76,18.1,78,95,6.0,37,21.8,20.6,18.7,0.0,0.0,0.03,21.0,67.0,11366.0,1.0,3.0,31.0,0.0,99890.0
2025-05-09 20:00:00,18.6603176210228,16.6614908707022,0.0,1.76,17.2,85,99,0.6,49,20.6,20.6,18.7,0.0,0.0,0.0,20.0,68.0,11879.0,1.0,4.0,48.0,0.0,99880.0
2025-05-09 21:00:00,18.6709043820522,16.7637584634398,0.0,1.76,17.0,85,100,5.7,68,19.8,20.6,18.7,0.0,0.0,0.0,19.0,76.0,1171.0,0.0,2.0,37.0,0.0,99960.0
2025-05-09 22:00:00,18.5816317032458,16.5174104093274,0.0,1.76,16.6,87,100,1.3,49,19.1,20.5,18.7,0.0,0.0,0.0,18.0,80.0,0.0,0.0,0.0,48.0,0.0,100070.0
2025-05-09 23:00:00,18.7203040948581,16.649163329264,0.0,1.76,15.5,92,59,3.5,360,18.3,20.3,18.7,0.0,0.0,0.0,17.0,83.0,0.0,0.0,1.0,94.0,0.0,100050.0
2025-05-10 00:00:00,18.6650953347223,16.5514624023933,0.0,1.76,14.9,92,100,3.2,289,17.6,20.2,18.7,0.0,0.0,0.0,17.0,84.0,0.0,0.0,0.0,120.0,0.0,100030.0
2025-05-10 01:00:00,18.6498750074086,16.6472306013082,0.0,1.76,16.3,89,99,3.2,140,17.7,19.9,18.7,0.1,0.1,0.0,15.0,87.0,0.0,0.0,0.0,181.0,0.0,99940.0
2025-05-10 02:00:00,18.5244442349181,16.6696407122355,0.0,1.76,15.8,93,100,3.6,248,17.3,19.8,18.7,0.4,0.4,0.0,15.0,89.0,0.0,0.0,1.0,258.0,0.0,99970.0
2025-05-10 03:00:00,18.6393953177401,16.6137178879489,0.0,1.76,15.9,91,84,0.6,333,17.0,19.6,18.7,0.0,0.0,0.0,15.0,90.0,0.0,0.0,2.0,270.0,0.0,100020.0
2025-05-10 04:00:00,18.6578832068324,16.8720943817663,0.0,1.76,15.4,92,100,0.4,356,16.6,19.4,18.7,0.0,0.0,0.0,16.0,85.0,0.0,0.0,2.0,112.0,0.0,99810.0
2025-05-10 05:00:00,18.3190838509941,16.5777409732428,0.0,1.76,14.7,93,100,2.8,230,16.1,19.2,18.7,0.0,0.0,0.0,16.0,86.0,0.0,0.0,1.0,42.0,0.0,99950.0
2025-05-10 06:00:00,18.6798805638883,16.4849908260296,0.0,1.76,15.6,90,99,0.5,68,16.1,19.0,18.7,0.0,0.0,0.01,16.0,82.0,0.0,0.0,0.0,144.0,0.0,99880.0
2025-05-10 07:00:00,18.4610418681324,16.5357000860472,0.0,1.76,17.2,87,100,1.9,325,16.8,18.9,18.7,0.0,0.0,0.07,14.0,91.0,76.0,0.0,2.0,186.0,0.0,99930.0
2025-05-10 08:00:00,18.4107311187092,16.6222092852485,0.0,1.76,18.6,81,100,1.8,5,18.0,18.8,18.7,0.0,0.0,0.16,14.0,91.0,5720.0,0.0,0.0,234.0,0.0,99990.0
2025-05-10 09:00:00,18.4210192763936,16.4763096042688,0.0,1.76,19.9,75,99,4.1,326,19.3,18.8,18.7,0.0,0.0,0.24,16.0,84.0,13472.0,1.0,2.0,204.0,0.0,100030.0
2025-05-10 10:00:00,18.2968639204372,16.5128430321454,0.0,1.76,21.7,64,100,3.8,320,21.1,18.9,18.7,0.0,0.0,0.36,19.0,76.0,23618.0,2.0,0.0,201.0,0.0,100020.0
2025-05-10 11:00:00,18.3832022781299,16.4562336514625,0.0,1.76,22.8,60,98,6.1,344,22.6,19.1,18.7,0.0,0.0,0.43,21.0,68.0,32204.0,3.0,1.0,33.0,0.0,100020.0
2025-05-10 12:00:00,18.4654216316835,16.4440604942268,0.0,1.76,23.6,60,95,8.0,7,24.1,19.3,18.7,0.0,0.0,0.51,22.0,62.0,101198.0,8.0,1.0,18.0,0.0,100010.0
2025-05-10 13:00:00,18.4302565393812,16.5804706549833,0.0,1.76,23.8,54,58,16.0,23,25.6,19.8,18.7,0.0,0.0,0.56,23.0,54.0,69428.0,5.0,4.0,0.0,0.0,99970.0
2025-05-10 14:00:00,18.3754332621717,16.5192826200126,0.0,1.76,23.3,53,31,15.0,22,25.9,20.1,18.7,0.0,0.0,0.51,23.0,57.0,84188.0,6.0,4.0,34.0,0.0,99980.0
2025-05-10 15:00:00,18.3991596920396,16.4510238923339,0.0,1.76,22.6,55,48,12.6,24,25.6,20.4,18.7,0.0,0.0,0.41,24.0,54.0,106416.0,8.0,5.0,18.0,0.0,99960.0
2025-05-10 16:00:00,18.227497231534,16.4110631592307,0.0,1.76,21.6,57,25,12.0,25,25.1,20.6,18.7,0.0,0.0,0.31,23.0,56.0,91639.0,6.0,6.0,13.0,0.0,99950.0
2025-05-10 17:00:00,18.5840915880916,16.5457203580543,0.0,1.76,21.2,58,4,9.8,36,24.4,20.8,18.7,0.0,0.0,0.24,23.0,57.0,74988.0,4.0,5.0,42.0,0.0,99960.0
2025-05-10 18:00:00,18.2683620162346,16.8730965876989,0.0,1.76,19.9,64,1,10.6,29,23.3,20.9,18.7,0.0,0.0,0.14,22.0,63.0,49300.0,3.0,4.0,54.0,0.0,99970.0
2025-05-10 19:00:00,18.5236854779762,16.6890760464242,0.0,1.76,18.0,75,5,5.9,51,22.0,21.0,18.7,0.0,0.0,0.04,21.0,65.0,8854.0,1.0,3.0,15.0,0.0,100010.0
2025-05-10 20:00:00,18.4162624965989,16.5394655533652,0.0,1.76,16.8,84,2,1.6,48,20.6,20.9,18.7,0.0,0.0,0.0,20.0,71.0,6658.0,0.0,3.0,36.0,0.0,100050.0
2025-05-10 21:00:00,18.3627298525787,16.6391955850076,0.0,1.76,16.0,87,1,2.4,113,19.5,20.8,18.7,0.0,0.0,0.0,18.0,80.0,267.0,0.0,1.0,60.0,0.0,100120.0
2025-05-10 22:00:00,18.4644880798259,16.6267415929552,0.0,1.76,15.4,88,0,3.5,135,18.6,20.7,18.7,0.0,0.0,0.0,17.0,82.0,0.0,0.0,1.0,99.0,0.0,100180.0
2025-05-10 23:00:00,18.5137395645413,16.5543350212545,0.0,1.76,15.3,85,0,2.2,158,17.9,20.5,18.7,0.0,0.0,0.0,17.0,79.0,0.0,0.0,0.0,346.0,0.0,100250.0
2025-05-11 00:00:00,18.2139200379947,16.6322515074455,0.0,1.76,15.1,83,0,1.5,203,17.3,20.3,18.7,0.0,0.0,0.0,15.0,85.0,0.0,0.0,0.0,139.0,0.0,100310.0
2025-05-11 01:00:00,18.1622086709172,16.4605262367294,0.0,1.76,15.5,77,9,1.8,171,17.1,20.1,18.8,0.0,0.0,0.0,16.0,82.0,0.0,0.0,2.0,43.0,0.0,100300.0
2025-05-11 02:00:00,18.3877754470506,16.8263418002258,0.0,1.76,15.1,77,0,0.7,338,16.6,19.9,18.8,0.0,0.0,0.0,15.0,84.0,0.0,0.0,2.0,132.0,0.0,100280.0
2025-05-11 03:00:00,18.2792764894635,16.7021831578449,0.0,1.76,14.7,76,0,1.7,90,16.2,19.7,18.8,0.0,0.0,0.0,16.0,76.0,0.0,0.0,2.0,107.0,0.0,100210.0
2025-05-11 04:00:00,18.3187947987272,16.6740517446825,0.0,1.76,14.6,74,0,1.4,114,15.8,19.5,18.8,0.0,0.0,0.0,15.0,73.0,0.0,0.0,2.0,120.0,0.0,100170.0
2025-05-11 05:00:00,18.1884491260405,16.5537693828684,0.0,1.76,14.6,74,13,0.6,55,15.4,19.3,18.8,0.0,0.0,0.0,15.0,72.0,0.0,0.0,1.0,138.0,0.0,100120.0
2025-05-11 06:00:00,18.19887037796,16.6438083278825,0.0,1.76,15.5,74,45,2.3,108,15.6,19.1,18.8,0.0,0.0,0.02,13.0,85.0,0.0,0.0,0.0,288.0,0.0,100100.0
2025-05-11 07:00:00,18.2952168328253,16.493441977438,0.0,1.76,17.8,66,42,4.8,142,16.5,18.9,18.8,0.0,0.0,0.08,13.0,89.0,312.0,0.0,0.0,42.0,0.0,100120.0
2025-05-11 08:00:00,18.1087941175867,16.5849569752343,0.0,1.76,19.7,60,58,2.4,288,18.0,18.8,18.7,0.0,0.0,0.18,15.0,85.0,6295.0,0.0,1.0,216.0,0.0,100210.0
2025-05-11 09:00:00,18.2219709569692,16.4876002768467,0.0,1.76,21.1,57,58,4.3,10,19.8,18.8,18.7,0.0,0.0,0.29,16.0,82.0,18869.0,1.0,0.0,188.0,0.0,100210.0
2025-05-11 10:00:00,18.2965430868492,16.4259444298319,0.0,1.76,22.6,52,96,3.4,343,21.7,18.9,18.7,0.0,0.0,0.42,18.0,77.0,17942.0,1.0,1.0,234.0,0.0,100260.0
2025-05-11 11:00:00,18.1557958021536,16.5267432505233,0.0,1.76,22.8,51,39,7.8,337,22.6,19.1,18.7,0.0,0.0,0.35,19.0,68.0,41895.0,3.0,0.0,296.0,0.0,100270.0
2025-05-11 12:00:00,18.2094552648749,16.3439614773666,0.0,1.76,23.1,52,41,7.3,5,23.7,19.3,18.7,0.0,0.0,0.46,22.0,58.0,101237.0,8.0,1.0,96.0,0.0,100260.0
2025-05-11 13:00:00,18.2261963307694,16.4327308350335,0.0,1.76,22.6,56,58,10.0,351,25.1,19.6,18.7,0.5,0.5,0.55,22.0,52.0,112304.0,7.0,2.0,54.0,0.0,100240.0
2025-05-11 14:00:00,18.1150401474525,16.3145142872461,0.0,1.76,23.0,53,77,10.1,340,25.0,19.9,18.7,0.6,0.6,0.44,22.0,60.0,107524.0,9.0,5.0,30.0,0.0,100250.0
2025-05-11 15:00:00,18.0088622658851,16.531157986111,0.0,1.76,22.7,52,46,10.2,348,24.4,20.1,18.7,0.4,0.4,0.39,23.0,53.0,103764.0,9.0,4.0,21.0,0.0,100230.0
2025-05-11 16:00:00,18.2658002017328,16.3822784184335,0.0,1.76,22.3,50,51,8.9,341,24.4,20.3,18.7,0.0,0.0,0.36,23.0,46.0,92180.0,6.0,7.0,12.0,0.0,100220.0
2025-05-11 17:00:00,18.3057841161276,16.3821032679804,0.0,1.76,22.0,51,37,8.7,359,23.9,20.5,18.7,0.0,0.0,0.24,23.0,47.0,78500.0,5.0,4.0,1.0,0.0,100210.0
2025-05-11 18:00:00,18.2883462155314,16.6267338182842,0.0,1.76,21.1,56,18,6.9,359,23.0,20.6,18.8,0.0,0.0,0.14,22.0,54.0,31608.0,3.0,4.0,17.0,0.0,100210.0
2025-05-11 19:00:00,18.1311712442277,16.3699037445951,0.0,1.76,19.1,67,3,2.7,7,21.7,20.7,18.8,0.0,0.0,0.03,21.0,55.0,11382.0,1.0,3.0,58.0,0.0,100290.0
2025-05-11 20:00:00,18.1552529406144,16.665575660341,0.0,1.76,17.7,70,1,3.6,129,20.4,20.7,18.8,0.0,0.0,0.0,21.0,58.0,4472.0,0.0,3.0,59.0,0.0,100280.0
2025-05-11 21:00:00,18.091466953276,16.4623157503208,0.0,1.76,16.5,77,0,2.9,198,19.4,20.6,18.8,0.0,0.0,0.0,19.0,61.0,68.0,0.0,1.0,105.0,0.0,100330.0
2025-05-11 22:00:00,18.2610146247642,16.4473222306695,0.0,1.76,15.7,80,1,3.5,182,18.5,20.5,18.8,0.0,0.0,0.0,18.0,66.0,0.0,0.0,0.0,131.0,0.0,100380.0
2025-05-11 23:00:00,18.2591566495993,16.4125926727142,0.0,1.76,15.1,80,1,3.7,183,17.8,20.3,18.8,0.0,0.0,0.0,16.0,71.0,0.0,0.0,0.0,145.0,0.0,100430.0
2025-05-12 00:00:00,18.2536682649054,16.755629123347,0.0,1.76,14.8,79,0,3.4,197,17.2,20.1,18.8,0.0,0.0,0.0,17.0,69.0,0.0,0.0,0.0,168.0,0.0,100430.0
2025-05-12 01:00:00,17.8633111572461,16.6236116165206,0.0,1.76,15.1,76,1,2.7,160,16.6,20.0,18.8,0.0,0.0,0.0,15.0,73.0,0.0,0.0,0.0,174.0,0.0,100410.0
2025-05-12 02:00:00,18.1494206066736,16.4682516287097,0.0,1.76,14.8,75,7,1.0,270,16.1,19.7,18.8,0.0,0.0,0.0,14.0,80.0,0.0,0.0,0.0,66.0,0.0,100420.0
2025-05-12 03:00:00,18.2724099845129,16.5314395330385,0.0,1.76,14.6,75,1,1.8,279,15.8,19.5,18.8,0.0,0.0,0.0,13.0,84.0,0.0,0.0,0.0,180.0,0.0,100390.0
2025-05-12 04:00:00,18.1652789681561,16.529039732323,0.0,1.76,14.4,75,0,1.8,153,15.4,19.3,18.8,0.0,0.0,0.0,13.0,83.0,0.0,0.0,2.0,156.0,0.0,100360.0
2025-05-12 05:00:00,18.0762211362061,16.629936208412,0.0,1.76,14.1,76,0,1.6,135,15.0,19.1,18.8,0.0,0.0,0.0,12.0,86.0,0.0,0.0,0.0,66.0,0.0,100380.0
2025-05-12 06:00:00,18.0680629593852,16.3185482424559,0.0,1.76,14.7,78,0,2.4,197,15.1,18.8,18.8,0.0,0.0,0.02,13.0,80.0,0.0,0.0,0.0,156.0,0.0,100370.0
2025-05-12 07:00:00,17.7547282571846,16.3918159477998,0.0,1.76,17.5,67,0,2.7,261,16.1,18.7,18.8,0.0,0.0,0.09,13.0,79.0,1124.0,0.0,0.0,204.0,0.0,100360.0
2025-05-12 08:00:00,18.0145163435168,16.3337455371265,0.0,1.76,19.6,57,0,2.3,300,17.8,18.6,18.8,0.0,0.0,0.21,14.0,81.0,11985.0,1.0,1.0,192.0,0.0,100390.0
2025-05-12 09:00:00,18.158623145628,16.2763897573562,0.0,1.76,21.3,51,0,4.0,302,19.8,18.6,18.8,0.0,0.0,0.34,19.0,62.0,32225.0,2.0,1.0,132.0,0.0,100430.0
2025-05-12 10:00:00,17.9895153138173,16.1949077764787,0.0,1.76,22.9,46,0,4.8,308,21.8,18.7,18.8,0.0,0.0,0.47,21.0,51.0,63624.0,5.0,1.0,139.0,0.0,100450.0
2025-05-12 11:00:00,17.9586244199395,16.5394686818436,0.0,1.76,24.1,43,0,7.6,342,23.6,19.0,18.8,0.0,0.0,0.57,22.0,49.0,86625.0,8.0,3.0,314.0,0.0,100470.0
2025-05-12 12:00:00,18.048541706146,16.4282272799253,0.0,1.76,24.2,41,1,12.9,7,24.9,19.2,18.8,0.0,0.0,0.61,24.0,43.0,102933.0,7.0,4.0,354.0,0.0,100430.0
2025-05-12 13:00:00,17.9961146072644,16.3689628006827,0.0,1.76,24.0,40,8,13.9,4,25.8,19.7,18.8,0.0,0.0,0.6,23.0,49.0,110458.0,7.0,3.0,67.0,0.0,100400.0
2025-05-12 14:00:00,17.9193702207224,16.445105637707,0.0,1.76,23.9,38,8,13.0,13,26.1,20.0,18.8,0.0,0.0,0.57,23.0,43.0,110542.0,10.0,4.0,354.0,0.0,100350.0
2025-05-12 15:00:00,18.1274258076193,16.3580682531216,0.0,1.76,23.5,37,18,15.0,12,26.1,20.3,18.8,0.0,0.0,0.51,23.0,43.0,103164.0,10.0,6.0,30.0,0.0,100310.0
2025-05-12 16:00:00,18.0564522074036,16.4261864399827,0.0,1.76,22.3,38,9,13.8,10,25.5,20.6,18.8,0.0,0.0,0.41,23.0,41.0,88483.0,7.0,4.0,10.0,0.0,100280.0
2025-05-12 17:00:00,17.9557827590771,16.415935071258,0.0,1.76,21.8,42,7,10.5,23,24.7,20.8,18.8,0.0,0.0,0.29,23.0,41.0,67983.0,4.0,4.0,42.0,0.0,100200.0
2025-05-12 18:00:00,18.0830296536151,16.3755289153725,0.0,1.76,20.5,48,4,6.6,27,23.5,20.9,18.8,0.0,0.0,0.15,22.0,40.0,40912.0,2.0,4.0,30.0,0.0,100200.0
2025-05-12 19:00:00,18.173517580888,16.6776377375944,0.0,1.76,18.4,59,11,2.6,53,21.9,21.0,18.8,0.0,0.0,0.03,21.0,41.0,11825.0,1.0,5.0,30.0,0.0,100190.0
2025-05-12 20:00:00,18.0545879178746,16.5803774723166,0.0,1.76,17.2,62,4,2.3,122,20.4,20.9,18.8,0.0,0.0,0.0,20.0,51.0,3264.0,0.0,3.0,42.0,0.0,100230.0
2025-05-12 21:00:00,18.0225895324016,16.4013781823476,0.0,1.76,16.2,63,54,4.1,183,19.3,20.8,18.8,0.0,0.0,0.01,18.0,59.0,0.0,0.0,0.0,76.0,0.0,100260.0
2025-05-12 22:00:00,18.1293411836552,16.461514595567,0.0,1.76,15.2,63,86,4.0,193,18.3,20.7,18.8,0.0,0.0,0.01,18.0,55.0,0.0,0.0,2.0,138.0,0.0,100290.0
